{"type": "FeatureCollection", "meta": {"city": "kalmar", "deso_count": 43, "need_weights": {"income": 0.65, "dependency": 0.35}, "income_units": "kSEK mean disposable", "source": "EpiCity SCB DeSO"}, "features": [{"type": "Feature", "geometry": {"type": "Polygon", "coordinates": [[[16.43206075, 56.70107879], [16.38200871, 56.69840493], [16.37998042, 56.69800916], [16.37652768, 56.69733652], [16.36915741, 56.69590022], [16.36420112, 56.69493403], [16.36402462, 56.6952253], [16.36338505, 56.69628036], [16.36330234, 56.69619018], [16.36293187, 56.69612255], [16.36231416, 56.69600983], [16.36000052, 56.69558937], [16.35953614, 56.6955047], [16.35923617, 56.69545012], [16.35892049, 56.69539257], [16.35862052, 56.6953379], [16.35809489, 56.69524239], [16.35769206, 56.69516908], [16.35718065, 56.69507593], [16.35663482, 56.69497659], [16.35608317, 56.69487606], [16.35615701, 56.6949225], [16.35617217, 56.69495468], [16.35624554, 56.69508162], [16.35633611, 56.69520352], [16.35644661, 56.69532197], [16.35648422, 56.69535687], [16.35666173, 56.6955036], [16.35700836, 56.69577013], [16.35747717, 56.69612731], [16.35759014, 56.69621313], [16.35783118, 56.69639645], [16.35781258, 56.69645962], [16.35754652, 56.69656511], [16.35746368, 56.69659799], [16.35727644, 56.69667109], [16.35668812, 56.69693711], [16.35660122, 56.69708205], [16.35652957, 56.6972015], [16.35645762, 56.69726409], [16.35627607, 56.69743926], [16.35611085, 56.69762683], [16.35596989, 56.69781871], [16.35591437, 56.69790744], [16.35585008, 56.69801459], [16.35575075, 56.69818096], [16.35527301, 56.69898063], [16.35635337, 56.6991841], [16.35814926, 56.69955638], [16.35874783, 56.69967472], [16.3602596, 56.69995332], [16.36116359, 56.70004863], [16.36098824, 56.70037322], [16.36065198, 56.70099682], [16.3602834, 56.70156876], [16.36013811, 56.70181603], [16.3595714, 56.70278008], [16.36108036, 56.70301442], [16.36151875, 56.70313368], [16.36191249, 56.70323619], [16.36216536, 56.70329011], [16.36326849, 56.70351924], [16.36503809, 56.70388685], [16.36528181, 56.7039671], [16.36554546, 56.7040173], [16.3658601, 56.70406954], [16.36607212, 56.70410746], [16.3663484, 56.70415681], [16.36655622, 56.70419387], [16.3667926, 56.70422748], [16.36711184, 56.70427285], [16.36807732, 56.704541], [16.36681004, 56.7064692], [16.36624942, 56.70727889], [16.36619489, 56.70735764], [16.36592288, 56.70755322], [16.36578573, 56.70760449], [16.36533705, 56.70777182], [16.36585273, 56.70811516], [16.36679847, 56.70832695], [16.36927696, 56.70884905], [16.37375158, 56.70987723], [16.37577196, 56.70920267], [16.37885284, 56.70859972], [16.38400159, 56.70965214], [16.43578291, 56.71803369], [16.43206075, 56.70107879]]]}, "properties": {"deso": "0880C1230", "pop": 1283.0, "income": 445.7, "male_frac": 0.4844, "child_frac": 0.2097, "elder_frac": 0.2642, "dependency": 0.9007, "needZ": -0.7629}}, {"type": "Feature", "geometry": {"type": "Polygon", "coordinates": [[[16.11506989, 56.58917129], [16.11508825, 56.5891475], [16.11536428, 56.58884068], [16.1153867, 56.58881802], [16.1156974, 56.5885214], [16.11604159, 56.58823625], [16.11606794, 56.58821482], [16.11644445, 56.58794222], [16.11647421, 56.58792228], [16.1168812, 56.58766342], [16.11731721, 56.5874193], [16.11735037, 56.58740104], [16.11781357, 56.58717266], [16.11784973, 56.58715617], [16.11833839, 56.58694445], [16.11885037, 56.58675012], [16.11888929, 56.58673576], [16.11942262, 56.58655975], [16.11946387, 56.58654743], [16.12001642, 56.58639037], [16.12058593, 56.58625292], [16.120629, 56.58624283], [16.12121319, 56.58612555], [16.12125794, 56.58611787], [16.12185456, 56.58602123], [16.12228262, 56.58596787], [16.12238646, 56.58593837], [16.12295595, 56.58580091], [16.12354014, 56.58568361], [16.12357004, 56.58567804], [16.12416665, 56.58558139], [16.12477301, 56.58550584], [16.12494374, 56.58549073], [16.12523588, 56.58545431], [16.12584985, 56.58539998], [16.12589715, 56.58539676], [16.12651162, 56.58536425], [16.12654108, 56.58536165], [16.12658825, 56.58535835], [16.12682055, 56.58534609], [16.12733474, 56.58528197], [16.1279487, 56.58522762], [16.12813902, 56.58521682], [16.12875792, 56.58518408], [16.12937935, 56.58517305], [16.12943184, 56.58517293], [16.12950876, 56.58517268], [16.12959898, 56.58517249], [16.12967527, 56.58517377], [16.12993945, 56.58514083], [16.13055341, 56.58508647], [16.13082351, 56.58507216], [16.13101038, 56.5850489], [16.13104142, 56.58504539], [16.13165537, 56.58499103], [16.13227426, 56.58495826], [16.13289568, 56.58494722], [16.13292723, 56.5849472], [16.13354876, 56.58495779], [16.13416772, 56.58499006], [16.13478168, 56.58504393], [16.13482842, 56.58504898], [16.13543498, 56.5851242], [16.13603169, 56.58522044], [16.13628198, 56.58526172], [16.13655725, 56.58531679], [16.13700288, 56.58527732], [16.13762177, 56.58524453], [16.13766964, 56.58524248], [16.13829106, 56.5852314], [16.13834693, 56.58523197], [16.13896847, 56.58524254], [16.13937009, 56.58525763], [16.13937452, 56.58525777], [16.13976127, 56.58527381], [16.13976718, 56.58527403], [16.14016597, 56.58528852], [16.14045698, 56.58529986], [16.14069415, 56.58530209], [16.14070114, 56.5853022], [16.14071605, 56.58530243], [16.1407233, 56.58530254], [16.14134484, 56.5853131], [16.14174145, 56.58532248], [16.14174347, 56.58532255], [16.14215847, 56.58533168], [16.14216277, 56.58533182], [16.14255462, 56.58533891], [16.14260867, 56.58534138], [16.14322764, 56.58537369], [16.14384163, 56.58542742], [16.14388727, 56.58543185], [16.14406004, 56.58545335], [16.14434008, 56.58538564], [16.14439157, 56.58537466], [16.14458788, 56.58533522], [16.14503132, 56.5852281], [16.14561542, 56.5851107], [16.14566042, 56.58510247], [16.14625696, 56.5850058], [16.14631086, 56.58499893], [16.14691716, 56.58492327], [16.14719279, 56.58489647], [16.14780671, 56.58484203], [16.14785775, 56.58483842], [16.14818602, 56.58482101], [16.14826064, 56.58472268], [16.14832724, 56.58446605], [16.14835304, 56.58439601], [16.14847982, 56.58406086], [16.14864501, 56.58373073], [16.14869974, 56.58363186], [16.14890258, 56.58330822], [16.14896778, 56.58322237], [16.14897498, 56.58320317], [16.14898816, 56.58317278], [16.14915334, 56.58284265], [16.14935617, 56.58251901], [16.14937205, 56.5824938], [16.14961176, 56.58217781], [16.14963224, 56.58215345], [16.14990793, 56.58184656], [16.1502183, 56.58154986], [16.15024297, 56.58152681], [16.15058683, 56.58124157], [16.15061545, 56.58122001], [16.1509915, 56.58094731], [16.15139831, 56.58068834], [16.15143087, 56.58066846], [16.15186658, 56.58042422], [16.15190241, 56.5804061], [16.1523653, 56.5801776], [16.15285367, 56.57996565], [16.15289251, 56.57994975], [16.15340423, 56.57975529], [16.15344582, 56.57974152], [16.15397889, 56.57956536], [16.1545312, 56.57940815], [16.15457515, 56.57939669], [16.15514442, 56.57925908], [16.15540446, 56.57920681], [16.15540216, 56.57918007], [16.15539986, 56.57915305], [16.15540915, 56.57881071], [16.15541169, 56.57878374], [16.15546034, 56.57844238], [16.15554826, 56.57810335], [16.15555577, 56.5780766], [16.15568246, 56.57774144], [16.15569468, 56.57771528], [16.15585978, 56.57738514], [16.15606253, 56.57706149], [16.15607961, 56.57703609], [16.15631923, 56.57672008], [16.15634077, 56.57669581], [16.15661637, 56.5763889], [16.15692664, 56.57609218], [16.15695238, 56.57606913], [16.15729614, 56.57578386], [16.1576721, 56.57551114], [16.15770205, 56.57548975], [16.15810875, 56.57523076], [16.15814238, 56.57521104], [16.15835339, 56.57509275], [16.15838936, 56.57506654], [16.15879606, 56.57480755], [16.15881782, 56.57479504], [16.15925342, 56.57455077], [16.1597162, 56.57432224], [16.16020445, 56.57411027], [16.16023031, 56.57410032], [16.16057023, 56.57397112], [16.16063928, 56.57383304], [16.16084197, 56.57350937], [16.16108153, 56.57319336], [16.16115344, 56.57310484], [16.16142898, 56.57279792], [16.16173918, 56.57250119], [16.16208287, 56.57221591], [16.16218487, 56.5721368], [16.16256075, 56.57186407], [16.16296738, 56.57160506], [16.16340292, 56.57136078], [16.16353092, 56.57129428], [16.16399364, 56.57106573], [16.16448182, 56.57085374], [16.16499335, 56.57065923], [16.16515603, 56.57060309], [16.16555247, 56.57047199], [16.16559963, 56.57037759], [16.16561269, 56.57035276], [16.16581532, 56.57002909], [16.16583256, 56.57000513], [16.16607206, 56.5696891], [16.16634753, 56.56938217], [16.16636897, 56.56935925], [16.1666791, 56.5690625], [16.16670433, 56.5690408], [16.16704796, 56.56875551], [16.16742378, 56.56848276], [16.16745268, 56.56846245], [16.16785924, 56.56820343], [16.16789155, 56.5681848], [16.16832701, 56.5679405], [16.16878965, 56.56771194], [16.1688251, 56.56769508], [16.16931321, 56.56748307], [16.1693514, 56.56746816], [16.16986286, 56.56727362], [16.1698954, 56.5672629], [16.17030512, 56.56710705], [16.17083794, 56.56693082], [16.17138998, 56.56677353], [16.17156055, 56.56672585], [16.17201782, 56.56661527], [16.17189143, 56.56632963], [16.17178278, 56.56599244], [16.17177474, 56.56596243], [16.17170517, 56.56562217], [16.17166252, 56.56538417], [16.17163223, 56.5650422], [16.17162952, 56.56501105], [16.17163554, 56.56478471], [16.17113743, 56.56463247], [16.1706143, 56.56444768], [16.17047114, 56.56439189], [16.16997027, 56.56418919], [16.16949385, 56.56396946], [16.16904362, 56.56373348], [16.16892284, 56.56366338], [16.16850061, 56.56341215], [16.16810826, 56.56314661], [16.16774731, 56.56286793], [16.16765382, 56.56278617], [16.16732565, 56.56249542], [16.1670315, 56.56219383], [16.16677275, 56.56188248], [16.1667041, 56.56178387], [16.16648173, 56.56146418], [16.16629657, 56.56113732], [16.16591751, 56.56037768], [16.16577043, 56.56004507], [16.16575902, 56.56000987], [16.16561572, 56.55975681], [16.16524302, 56.55900241], [16.16509595, 56.5586698], [16.16498738, 56.5583326], [16.16495533, 56.55822816], [16.16488584, 56.55788791], [16.16485561, 56.55754594], [16.16486481, 56.5572036], [16.16486988, 56.55710662], [16.16488015, 56.55703457], [16.16468549, 56.55648017], [16.16457693, 56.55614297], [16.16450745, 56.55580272], [16.1644896, 56.5556976], [16.16445937, 56.55535563], [16.16446858, 56.55501329], [16.16451712, 56.55467193], [16.1645351, 56.55457574], [16.16462288, 56.5542367], [16.16474942, 56.55390153], [16.16491434, 56.55357138], [16.16494409, 56.55351811], [16.16503092, 56.55318294], [16.16503976, 56.55315627], [16.16516629, 56.55282109], [16.16517678, 56.55280016], [16.16515599, 56.55256473], [16.16515532, 56.55253832], [16.16516452, 56.55219598], [16.16521305, 56.55185462], [16.16521693, 56.55182817], [16.16530471, 56.55148914], [16.1653133, 56.55146319], [16.16543982, 56.55112801], [16.16560472, 56.55079787], [16.16561789, 56.55077241], [16.16582042, 56.55044874], [16.16583804, 56.55042414], [16.16607741, 56.55010812], [16.16635274, 56.54980119], [16.16637469, 56.54977763], [16.16668466, 56.54948088], [16.16671067, 56.54945863], [16.16705412, 56.54917334], [16.16742975, 56.54890059], [16.16745956, 56.54887992], [16.16786591, 56.54862089], [16.16789926, 56.5486019], [16.1683345, 56.5483576], [16.1683423, 56.54835375], [16.16879691, 56.54812904], [16.16883354, 56.54811189], [16.1693214, 56.54789989], [16.16936077, 56.54788487], [16.16987197, 56.54769034], [16.16998416, 56.54765326], [16.17040057, 56.5474474], [16.17088842, 56.54723539], [16.17092697, 56.54721994], [16.17107531, 56.54716347], [16.17073522, 56.54704334], [16.17023458, 56.54684063], [16.16975837, 56.5466209], [16.16973455, 56.54660945], [16.16928453, 56.54637347], [16.16886249, 56.54612223], [16.1684773, 56.54586139], [16.16800855, 56.54569575], [16.16750794, 56.54549304], [16.1673705, 56.54543315], [16.16689433, 56.54521341], [16.16644435, 56.54497742], [16.16638109, 56.54493975], [16.16636871, 56.54493403], [16.16591873, 56.54469804], [16.16549673, 56.54444679], [16.16538461, 56.54437247], [16.16499248, 56.54410693], [16.16463174, 56.54382824], [16.16430376, 56.54353748], [16.1642124, 56.54344473], [16.16391843, 56.54314314], [16.16365983, 56.54283178], [16.16362532, 56.54278674], [16.16340309, 56.54246705], [16.16321806, 56.54214018], [16.16316119, 56.54203938], [16.1630142, 56.54170677], [16.1629057, 56.54136957], [16.16283626, 56.54102931], [16.16281776, 56.54093319], [16.16278757, 56.54059122], [16.16279679, 56.54024888], [16.16284533, 56.53990752], [16.16286115, 56.53981116], [16.16294892, 56.53947213], [16.16307542, 56.53913695], [16.16324029, 56.53880681], [16.16328975, 56.53871409], [16.16349223, 56.53839042], [16.16373155, 56.5380744], [16.16400681, 56.53776748], [16.16408813, 56.53768183], [16.16439802, 56.53738509], [16.16474138, 56.5370998], [16.16511691, 56.53682706], [16.16522697, 56.53675192], [16.16563321, 56.5364929], [16.16588958, 56.53634892], [16.16599742, 56.53628018], [16.16643253, 56.53603589], [16.16645481, 56.53602355], [16.16691708, 56.535795], [16.1674048, 56.535583], [16.16764906, 56.53549006], [16.16766385, 56.53548274], [16.16815155, 56.53527074], [16.16866259, 56.53507621], [16.16868884, 56.53506653], [16.16922121, 56.53489031], [16.1697728, 56.53473303], [16.17034135, 56.53459536], [16.17037051, 56.53458871], [16.17095375, 56.53447119], [16.17154943, 56.5343744], [16.17215487, 56.53429854], [16.17218574, 56.5342951], [16.17279881, 56.53424054], [16.17341683, 56.53420758], [16.17363084, 56.53420367], [16.17402933, 56.53413891], [16.17463476, 56.53406303], [16.17524782, 56.53400846], [16.17541905, 56.5339957], [16.17603707, 56.53396272], [16.17665763, 56.53395146], [16.17727834, 56.53396184], [16.17739041, 56.53396554], [16.17739919, 56.53396348], [16.17798241, 56.53384593], [16.1780355, 56.53383717], [16.17863115, 56.53374034], [16.17881005, 56.53371583], [16.1789199, 56.53354015], [16.17915906, 56.53322411], [16.17917922, 56.53319993], [16.17945433, 56.53289297], [16.17976407, 56.5325962], [16.17978829, 56.53257324], [16.18013149, 56.53228791], [16.18015979, 56.53226644], [16.18053515, 56.53199365], [16.18094123, 56.53173459], [16.18097319, 56.5317147], [16.18140816, 56.53147036], [16.18144352, 56.53145232], [16.18190565, 56.53122371], [16.18239322, 56.53101165], [16.1824316, 56.53099557], [16.1829425, 56.53080098], [16.18298363, 56.53078721], [16.18351588, 56.53061092], [16.18406735, 56.53045359], [16.18411069, 56.53044203], [16.18467912, 56.5303043], [16.18472429, 56.53029515], [16.18530742, 56.53017757], [16.18590299, 56.53008071], [16.18594971, 56.53007407], [16.18655505, 56.52999813], [16.18716803, 56.5299435], [16.18722352, 56.52993875], [16.18829479, 56.52987748], [16.18891273, 56.52984444], [16.18896697, 56.52984276], [16.18958747, 56.52983143], [16.19020811, 56.52984175], [16.19025479, 56.52984273], [16.19027762, 56.52984395], [16.19023098, 56.52969914], [16.19016132, 56.5293589], [16.19013089, 56.52901694], [16.19013986, 56.5286746], [16.19018815, 56.52833322], [16.19027565, 56.52799417], [16.19040187, 56.52765897], [16.19056646, 56.52732879], [16.19058627, 56.52728926], [16.19078845, 56.52696554], [16.19102747, 56.52664947], [16.19130243, 56.52634249], [16.19161202, 56.52604568], [16.19195508, 56.52576032], [16.1923303, 56.5254875], [16.19273623, 56.5252284], [16.19317104, 56.52498401], [16.19363302, 56.52475536], [16.19412044, 56.52454325], [16.19463119, 56.52434862], [16.1951633, 56.52417229], [16.19571462, 56.5240149], [16.19626642, 56.52388113], [16.19665875, 56.52371045], [16.19716948, 56.5235158], [16.19770156, 56.52333946], [16.19783959, 56.52329591], [16.19839089, 56.52313851], [16.19895916, 56.5230007], [16.19934328, 56.52292324], [16.19948808, 56.52288187], [16.20005634, 56.52274406], [16.20063931, 56.52262641], [16.20123472, 56.52252948], [16.20183992, 56.52245347], [16.20245275, 56.52239876], [16.20307055, 56.52236565], [16.20369092, 56.52235425], [16.20431144, 56.5223645], [16.20492944, 56.52239651], [16.20554248, 56.52245003], [16.20614817, 56.52252482], [16.20674407, 56.52262072], [16.20684994, 56.52264125], [16.20696501, 56.52266421], [16.20743364, 56.52275785], [16.2080027, 56.52289461], [16.20855496, 56.52305093], [16.209088, 56.52322631], [16.2095999, 56.52341994], [16.21008851, 56.52363114], [16.21055193, 56.52385902], [16.2109881, 56.52410261], [16.2113954, 56.52436095], [16.21177217, 56.52463306], [16.21211691, 56.52491779], [16.21242825, 56.52521398], [16.21251121, 56.52530587], [16.21262039, 56.52539608], [16.21276003, 56.52552892], [16.21309315, 56.52560895], [16.21364547, 56.52576525], [16.21379663, 56.52581381], [16.21432973, 56.52598916], [16.2148417, 56.52618277], [16.21533037, 56.52639395], [16.21546151, 56.52645789], [16.21592499, 56.52668574], [16.21636123, 56.52692932], [16.2167686, 56.52718764], [16.21714544, 56.52745973], [16.21726114, 56.52754358], [16.21760595, 56.52782829], [16.21765894, 56.52787565], [16.21797035, 56.52817183], [16.2182471, 56.52847831], [16.21833167, 56.52857387], [16.21857252, 56.52888952], [16.21876038, 56.52918708], [16.21905633, 56.52943139], [16.21908156, 56.52945307], [16.21930254, 56.52966326], [16.21668507, 56.51816633], [16.21668521, 56.51816623], [16.2166848, 56.51816633], [16.21668507, 56.51816624], [16.27965338, 56.49589481], [16.25285287, 56.43107469], [16.25056306, 56.42552598], [16.15617224, 56.45295161], [16.15504693, 56.45330946], [16.13555197, 56.4582106], [16.13232562, 56.46065573], [16.13083894, 56.46068015], [16.12976751, 56.4606687], [16.12827415, 56.46064806], [16.12640588, 56.46063825], [16.11359317, 56.46383649], [16.11325917, 56.46396156], [16.11185748, 56.46445319], [16.11161103, 56.4645243], [16.11157266, 56.46453937], [16.11128744, 56.46463032], [16.11082599, 56.4647957], [16.11039953, 56.46495384], [16.10984674, 56.46514006], [16.10911065, 56.46536502], [16.10800484, 56.46567996], [16.10755735, 56.46579687], [16.10674495, 56.46597596], [16.10617417, 56.46611993], [16.10559845, 56.46627382], [16.10421992, 56.46656447], [16.10320468, 56.46676519], [16.10262738, 56.46689294], [16.10200143, 56.46706478], [16.10118406, 56.46724477], [16.10075091, 56.46728077], [16.10023847, 56.46729142], [16.0985969, 56.46763438], [16.09477834, 56.46880591], [16.09447071, 56.46887878], [16.09289866, 56.46902737], [16.09289087, 56.46893779], [16.09292185, 56.46876782], [16.09301794, 56.46865532], [16.0931327, 56.46853142], [16.09318325, 56.46837638], [16.09317383, 56.4682348], [16.09315071, 56.46810097], [16.09295204, 56.46812725], [16.09284689, 56.46818027], [16.09268874, 56.46821508], [16.09255286, 56.46825113], [16.09247647, 56.46830382], [16.09243623, 56.46837073], [16.09238751, 56.46844536], [16.09226827, 56.46849259], [16.09210458, 56.46849726], [16.09189408, 56.46845204], [16.09165862, 56.46843731], [16.09136719, 56.46841221], [16.09104588, 56.468372], [16.09074786, 56.46830401], [16.09048874, 56.46822014], [16.09009408, 56.4680302], [16.08998941, 56.46803956], [16.08983188, 56.46807239], [16.08956063, 56.46810235], [16.08932158, 56.4681207], [16.08913506, 56.46809952], [16.08902832, 56.46804575], [16.08896166, 56.46796136], [16.08889366, 56.46784436], [16.08877815, 56.46778348], [16.08855875, 56.46772621], [16.08827467, 56.46766779], [16.08785387, 56.46758381], [16.08764061, 56.46754929], [16.08747513, 56.46755703], [16.08721908, 56.46762665], [16.08684266, 56.4677187], [16.08663332, 56.46776526], [16.08645354, 56.46779702], [16.08629835, 56.4677805], [16.08610964, 56.46773859], [16.08590178, 56.46774804], [16.08564543, 56.46778433], [16.08540024, 56.46785968], [16.08526911, 56.46795937], [16.08526601, 56.468076], [16.08532938, 56.46819088], [16.08528223, 56.46831157], [16.08517457, 56.4683709], [16.08506817, 56.46856802], [16.08498975, 56.46869052], [16.08473561, 56.46874341], [16.08438499, 56.46886307], [16.08406349, 56.46894295], [16.083758, 56.46897382], [16.08354591, 56.46894774], [16.08330428, 56.46885265], [16.08308662, 56.46882356], [16.08284062, 56.46884268], [16.08243536, 56.46888601], [16.08205539, 56.46893388], [16.08128794, 56.46906228], [16.08050275, 56.46922129], [16.07978972, 56.46934769], [16.0793731, 56.46943926], [16.07918649, 56.4694195], [16.07886066, 56.46929073], [16.07854053, 56.46917844], [16.07826485, 56.46901967], [16.07810497, 56.46879074], [16.07812094, 56.4686599], [16.07813518, 56.46849161], [16.07803782, 56.46837163], [16.07789376, 56.46828045], [16.07774944, 56.46821307], [16.07768999, 56.46813193], [16.07762403, 56.46804797], [16.07747032, 56.46797511], [16.07721216, 56.46794276], [16.0769239, 56.46796323], [16.07662262, 56.46802935], [16.07640986, 56.46811168], [16.07615313, 56.46812541], [16.07600354, 56.46808906], [16.07584747, 56.46799879], [16.07572996, 56.46791384], [16.07553069, 56.46789113], [16.07521608, 56.46789781], [16.07495064, 56.46792526], [16.07463989, 56.46800224], [16.07435461, 56.46809975], [16.07398237, 56.46826035], [16.07371952, 56.46838929], [16.07347253, 56.46847281], [16.07325221, 56.46850571], [16.07303357, 56.46851281], [16.0728685, 56.46848279], [16.07265587, 56.46841366], [16.0723292, 56.46832028], [16.07199948, 56.46821838], [16.07173796, 56.46816189], [16.07142498, 56.46814582], [16.07098185, 56.46816123], [16.07049178, 56.46816348], [16.0698477, 56.46814379], [16.06965986, 56.46810372], [16.0693596, 56.46800696], [16.0691096, 56.4679359], [16.06890079, 56.46785955], [16.06881721, 56.46780493], [16.0686725, 56.46766101], [16.06852722, 56.46750155], [16.06844318, 56.4674402], [16.06833522, 56.4674229], [16.06817607, 56.46740792], [16.06797956, 56.46737377], [16.06788349, 56.4673268], [16.06781371, 56.46723479], [16.06768744, 56.46716086], [16.06758607, 56.46712562], [16.06745887, 56.46714765], [16.0670776, 56.46723537], [16.06702213, 56.46729046], [16.06697209, 56.46736716], [16.06684344, 56.46741399], [16.06659361, 56.467435], [16.06648457, 56.46741267], [16.06634558, 56.46735323], [16.06618214, 56.46729983], [16.065887, 56.46729904], [16.0654491, 56.46732894], [16.06519712, 56.46736874], [16.064888, 56.46750452], [16.06449949, 56.46763981], [16.06422383, 56.46762242], [16.0639316, 56.4675871], [16.06359043, 56.46745303], [16.06348954, 56.46737233], [16.0633691, 56.46732521], [16.06323592, 56.4673728], [16.06155822, 56.46786236], [16.06168764, 56.46804917], [16.06168647, 56.4681798], [16.06165585, 56.46831031], [16.06165438, 56.46847355], [16.06166682, 56.46856453], [16.06161717, 56.46867491], [16.06161093, 56.46875841], [16.06169006, 56.46882169], [16.0617219, 56.46890245], [16.06168834, 56.4690046], [16.06165131, 56.46910688], [16.0616619, 56.46928483], [16.0617289, 56.46939798], [16.06178871, 56.46947392], [16.06207479, 56.46945647], [16.06242108, 56.46946204], [16.06275763, 56.46948323], [16.06304225, 56.46950415], [16.06333856, 56.46951761], [16.06362164, 56.46956001], [16.06386866, 56.46964889], [16.06399397, 56.46976459], [16.06400612, 56.46987848], [16.06405815, 56.47002051], [16.06412703, 56.47017667], [16.06427573, 56.47027682], [16.06444997, 56.47032311], [16.0645567, 56.47032022], [16.06465918, 56.47035195], [16.06474538, 56.47043314], [16.0649172, 56.47056524], [16.06507515, 56.47061796], [16.06524674, 56.47069896], [16.06543781, 56.47076828], [16.06556944, 56.47077946], [16.0657217, 56.47083933], [16.0658223, 56.47090422], [16.0658659, 56.47099844], [16.06596473, 56.47110988], [16.06610397, 56.47121118], [16.06618318, 56.47127212], [16.06628325, 56.47127494], [16.06643348, 56.47128129], [16.0665181, 56.4713014], [16.0665405, 56.47136005], [16.06655231, 56.47146155], [16.0665628, 56.4716589], [16.06656159, 56.47189292], [16.06660079, 56.47220699], [16.06667532, 56.47289337], [16.06671035, 56.47330243], [16.0666833, 56.47360279], [16.06668119, 56.47405258], [16.06669963, 56.47446187], [16.06666279, 56.47462325], [16.06660598, 56.47472651], [16.06648931, 56.47480512], [16.0663331, 56.4748388], [16.06606487, 56.47489285], [16.0658537, 56.47495287], [16.06569572, 56.47503831], [16.06542996, 56.47519016], [16.06533032, 56.47531318], [16.06528661, 56.47542522], [16.06530402, 56.47554014], [16.06525972, 56.47576986], [16.06517682, 56.47591232], [16.06511529, 56.47603358], [16.06515582, 56.4761519], [16.06523886, 56.4762394], [16.06539944, 56.47631321], [16.06571308, 56.47645083], [16.06612725, 56.47662173], [16.06643454, 56.47673793], [16.06679527, 56.47689312], [16.06708587, 56.47703003], [16.06729963, 56.47715252], [16.06744701, 56.47729525], [16.06751202, 56.47739809], [16.06756034, 56.47755048], [16.06759428, 56.47779623], [16.06762926, 56.47796427], [16.0676804, 56.47818347], [16.06774883, 56.47840844], [16.06738811, 56.47849742], [16.06711626, 56.47857117], [16.06700326, 56.47861373], [16.0666824, 56.47895964], [16.06644842, 56.47919018], [16.06634618, 56.47923013], [16.06613336, 56.47924633], [16.0658776, 56.47925437], [16.06575873, 56.47924084], [16.06554141, 56.47920623], [16.06518707, 56.47911261], [16.06488624, 56.47904593], [16.06461077, 56.47898101], [16.06440957, 56.47897241], [16.06414941, 56.47893799], [16.06395413, 56.47893975], [16.06377281, 56.47895253], [16.0635137, 56.47894128], [16.06301219, 56.47891305], [16.06249877, 56.47889454], [16.06212723, 56.47889888], [16.06179414, 56.47893749], [16.06118579, 56.47899074], [16.06085095, 56.47902927], [16.06051211, 56.47906324], [16.06021916, 56.47908218], [16.05971817, 56.47910622], [16.05913351, 56.47909684], [16.05863046, 56.4790996], [16.05842369, 56.47911196], [16.05816227, 56.4791477], [16.05742131, 56.479276], [16.05695935, 56.47934569], [16.05653698, 56.47938081], [16.05608019, 56.47941533], [16.05568895, 56.47942378], [16.05527209, 56.4794257], [16.05483691, 56.4794479], [16.05431639, 56.4794826], [16.05389396, 56.47950568], [16.05332059, 56.47952689], [16.05286744, 56.47952867], [16.05249176, 56.47954344], [16.05223757, 56.47958889], [16.05181181, 56.47967101], [16.05140735, 56.47975331], [16.05115975, 56.47968866], [16.05089798, 56.47963949], [16.05051934, 56.47956149], [16.05020585, 56.47950548], [16.04977194, 56.47938474], [16.04940917, 56.47933813], [16.04901772, 56.47931475], [16.04867603, 56.47928997], [16.0483161, 56.4792781], [16.04789312, 56.47927197], [16.04774982, 56.47926042], [16.04749119, 56.47921302], [16.04738542, 56.47921292], [16.04648517, 56.47939703], [16.04614517, 56.47946259], [16.0457296, 56.47956527], [16.04551136, 56.47960402], [16.04530717, 56.47959847], [16.04494777, 56.47957221], [16.04452403, 56.47956266], [16.04427197, 56.47955912], [16.03886557, 56.48180296], [16.03490162, 56.48509095], [16.02592474, 56.48933901], [16.01810304, 56.49390158], [16.01419666, 56.49626857], [16.01526647, 56.49696579], [16.01446171, 56.49761744], [16.01385841, 56.4978031], [16.01309241, 56.49800598], [16.01139243, 56.49881492], [16.01016665, 56.49937465], [16.00993908, 56.49940048], [16.0096321, 56.49929123], [16.00882479, 56.49896407], [16.00817927, 56.49869156], [16.00798449, 56.49869063], [16.00775577, 56.49877935], [16.00752928, 56.49872432], [16.00728764, 56.49858848], [16.00665379, 56.49863926], [16.00657124, 56.49872868], [16.0064881, 56.49887191], [16.00449741, 56.50521963], [16.00670529, 56.5086874], [16.00494161, 56.51162409], [16.00476416, 56.51238225], [16.00405735, 56.51811088], [16.00470906, 56.52209096], [15.99220304, 56.52651599], [15.99220331, 56.52651598], [15.99015743, 56.53445941], [15.99018566, 56.53565463], [15.99019329, 56.53597786], [15.99019522, 56.53605698], [15.99019631, 56.53610359], [15.9902146, 56.53687642], [15.99029261, 56.54017359], [15.99036357, 56.54317473], [15.99038626, 56.54413616], [15.99043925, 56.5442394], [15.99176442, 56.54682533], [15.99267789, 56.54860751], [15.9937198, 56.55064018], [15.99472731, 56.55345399], [15.99557964, 56.555834], [15.99610172, 56.55729806], [15.99612012, 56.55734965], [15.99643441, 56.55823131], [15.99768762, 56.56176984], [16.0028613, 56.56186889], [16.00328417, 56.56187707], [16.01424952, 56.56208633], [16.01599276, 56.56211252], [16.01615196, 56.56211491], [16.01662619, 56.56212199], [16.01682847, 56.56212501], [16.01721693, 56.5621309], [16.01754472, 56.56213576], [16.01763511, 56.56219404], [16.01776625, 56.56225612], [16.017848, 56.56228258], [16.01789799, 56.56234505], [16.01789946, 56.56243477], [16.01793353, 56.56252423], [16.01809693, 56.56256826], [16.01825952, 56.56256738], [16.0184713, 56.56258415], [16.0186053, 56.56264746], [16.01872278, 56.56272015], [16.01877161, 56.56281443], [16.01879719, 56.56288258], [16.01890831, 56.56293826], [16.01890759, 56.56297636], [16.01890651, 56.56304607], [16.01881742, 56.56310097], [16.01885628, 56.56321887], [16.01885764, 56.56329952], [16.01890854, 56.56341588], [16.01891092, 56.56355932], [16.01891343, 56.56370284], [16.01891696, 56.56390906], [16.0189029, 56.56403466], [16.01885567, 56.56412461], [16.01874337, 56.56421491], [16.0186064, 56.56432616], [16.01861686, 56.56443082], [16.01868434, 56.56456501], [16.01884866, 56.56466274], [16.01902831, 56.56470663], [16.01927337, 56.56476813], [16.01951739, 56.56477574], [16.01968024, 56.56478384], [16.01981118, 56.56482795], [16.02000787, 56.56491661], [16.02010621, 56.5649609], [16.02018968, 56.565046], [16.02020888, 56.56512121], [16.02016256, 56.56521977], [16.02002728, 56.5653938], [16.0199398, 56.56551848], [16.01988888, 56.56559112], [16.01982416, 56.56567448], [16.01977799, 56.56573396], [16.01976414, 56.56587753], [16.01987998, 56.56599345], [16.01983355, 56.56612821], [16.01962473, 56.56628183], [16.0193481, 56.56640922], [16.01921091, 56.5664373], [16.01905249, 56.56651441], [16.01887885, 56.56657467], [16.01876916, 56.56660243], [16.01860597, 56.566637], [16.01842747, 56.56665589], [16.01826322, 56.56672075], [16.01814299, 56.5667909], [16.01803801, 56.56681421], [16.01790754, 56.5668831], [16.01786055, 56.56692723], [16.01778817, 56.56699529], [16.01750138, 56.56716939], [16.01732788, 56.56727474], [16.0172035, 56.56737061], [16.01714313, 56.56744603], [16.01708688, 56.56754027], [16.01700935, 56.56766657], [16.01697128, 56.567763], [16.01693482, 56.56786471], [16.01695979, 56.56800015], [16.01690522, 56.56810695], [16.0169182, 56.56816047], [16.0169529, 56.56819855], [16.01705874, 56.56826685], [16.01713467, 56.56833576], [16.01720621, 56.56843156], [16.01719948, 56.56850581], [16.01720152, 56.56858161], [16.01723996, 56.56863896], [16.01728211, 56.5687191], [16.01730504, 56.56879868], [16.0172934, 56.56889508], [16.01728824, 56.5690127], [16.01731549, 56.56910303], [16.01732196, 56.56923898], [16.01729507, 56.56935714], [16.01726825, 56.56944764], [16.01722587, 56.56953377], [16.01720418, 56.56965081], [16.01720034, 56.56974768], [16.01711953, 56.56981176], [16.01699366, 56.56990253], [16.016923, 56.56998], [16.01696172, 56.57003744], [16.01701325, 56.57008238], [16.01704998, 56.57011586], [16.01714712, 56.57012495], [16.01719996, 56.57015838], [16.01721976, 56.57020115], [16.01722916, 56.57030627], [16.01717382, 56.57038963], [16.01716918, 56.57046665], [16.01715622, 56.57052883], [16.0171479, 56.57056896], [16.01712557, 56.57068709], [16.01711826, 56.57078946], [16.01712651, 56.57090204], [16.0172169, 56.57100442], [16.01725265, 56.5710715], [16.01731301, 56.57113533], [16.01736356, 56.57124855], [16.01739469, 56.57134818], [16.01743176, 56.57143429], [16.01749181, 56.5714965], [16.01751975, 56.57157227], [16.01759495, 56.57167388], [16.0176745, 56.57172757], [16.01779441, 56.57178471], [16.01788114, 56.5718308], [16.01784103, 56.5718667], [16.01778377, 56.57191343], [16.01778039, 56.57197733], [16.01784872, 56.57201782], [16.0179891, 56.57206266], [16.01813232, 56.57207352], [16.01827563, 56.57206247], [16.0184797, 56.57205981], [16.01867697, 56.57206933], [16.01880535, 56.5720619], [16.01889776, 56.5720748], [16.01899648, 56.5721225], [16.01908928, 56.57214464], [16.01911723, 56.57216086], [16.01913407, 56.57220312], [16.01919296, 56.57221719], [16.01931379, 56.5722285], [16.01943739, 56.57225327], [16.01954816, 56.57230967], [16.01958307, 56.57236005], [16.01958284, 56.57246129], [16.01959502, 56.57253009], [16.01965439, 56.57262158], [16.01974787, 56.57272376], [16.01985539, 56.57277911], [16.01987989, 56.57279175], [16.01990246, 56.5728328], [16.01990229, 56.57288104], [16.01987099, 56.57296996], [16.01979881, 56.57301582], [16.01965945, 56.57302909], [16.01955601, 56.5730753], [16.01952438, 56.57315174], [16.01951281, 56.57321561], [16.01944107, 56.57326291], [16.0192923, 56.57344531], [16.01917635, 56.57353555], [16.01906105, 56.57362525], [16.01893907, 56.57369577], [16.01878325, 56.57378598], [16.01855193, 56.57395307], [16.01839157, 56.57401924], [16.01827776, 56.57401945], [16.01808068, 56.57405278], [16.01788729, 56.57406819], [16.01772953, 56.57408628], [16.0175774, 56.57408887], [16.01742619, 56.57409092], [16.01735379, 56.57410894], [16.01728699, 56.57413015], [16.01722025, 56.57411919], [16.01716239, 56.57410368], [16.01708584, 56.574107], [16.01699914, 56.57416205], [16.01693928, 56.57425713], [16.01691676, 56.57439817], [16.01699862, 56.57448778], [16.01705721, 56.57459024], [16.01702933, 56.57466664], [16.01710807, 56.57477496], [16.01715333, 56.57490116], [16.01720096, 56.57503542], [16.01722919, 56.57513185], [16.01719821, 56.57521303], [16.01712842, 56.57525322], [16.01704904, 56.57527094], [16.01694693, 56.5753422], [16.01679458, 56.57539204], [16.01656259, 56.57545017], [16.01637332, 56.57543932], [16.01622933, 56.57542055], [16.01604922, 56.57541619], [16.0159822, 56.57541458], [16.01584505, 56.57544049], [16.01574895, 56.57553075], [16.01563775, 56.57568373], [16.01552587, 56.57580097], [16.01528289, 56.57586503], [16.01503877, 56.5758663], [16.01484239, 56.57579559], [16.01469632, 56.5758143], [16.01450116, 56.57582434], [16.01427341, 56.57582557], [16.01424229, 56.5759064], [16.01432723, 56.5761212], [16.01444457, 56.57631787], [16.01439753, 56.57642578], [16.01436721, 56.57655142], [16.01444989, 56.57663168], [16.0146314, 56.57678318], [16.01474805, 56.57694401], [16.01450462, 56.57705154], [16.01442747, 56.57704265], [16.01418239, 56.57711346], [16.01400295, 56.57713963], [16.01380248, 56.57719228], [16.0136834, 56.57719649], [16.0135696, 56.57718223], [16.01347629, 56.57717644], [16.01335563, 56.57722718], [16.01322827, 56.57725328], [16.01309588, 56.5772717], [16.0129762, 56.57726863], [16.01283191, 56.57727385], [16.01263668, 56.57728146], [16.01246876, 56.57729657], [16.01239235, 56.57732055], [16.01233688, 56.57736447], [16.01225546, 56.57738688], [16.01211178, 56.57740996], [16.01191662, 56.57740023], [16.01173699, 56.57744436], [16.01127839, 56.57765766], [16.01067315, 56.57787943], [16.01047679, 56.57795037], [16.01039456, 56.57801284], [16.0103607, 56.57810232], [16.01045619, 56.57825515], [16.01014548, 56.57843786], [16.01305028, 56.57888431], [16.01897834, 56.57865937], [16.04775633, 56.57887532], [16.04788963, 56.57864262], [16.04800475, 56.57855344], [16.04824961, 56.57850053], [16.04846169, 56.57845652], [16.04864193, 56.57835853], [16.0489368, 56.57821618], [16.04930596, 56.5781006], [16.0497399, 56.57800261], [16.050017, 56.57792194], [16.05035964, 56.57788132], [16.05079854, 56.57785076], [16.05112406, 56.57785106], [16.05130372, 56.57786302], [16.05162842, 56.5778724], [16.05195065, 56.57786527], [16.05220246, 56.57773451], [16.05257368, 56.57769849], [16.05274879, 56.57766718], [16.05294044, 56.57762262], [16.05313617, 56.57755593], [16.05347521, 56.57738597], [16.05355037, 56.57736638], [16.05375512, 56.57732944], [16.05539509, 56.57727466], [16.05573309, 56.57727996], [16.05596109, 56.57724416], [16.05627016, 56.57728043], [16.05667663, 56.57734372], [16.05701831, 56.57737998], [16.05713213, 56.57738917], [16.05739252, 56.57739836], [16.0577509, 56.57734474], [16.05806043, 56.5772821], [16.05843445, 56.57732734], [16.05882501, 56.57735464], [16.05910172, 56.57732794], [16.05934544, 56.57742711], [16.05962143, 56.57756219], [16.05979971, 56.57769721], [16.0599946, 56.57777837], [16.06025478, 56.57783257], [16.06067784, 56.57785986], [16.06114964, 56.5778783], [16.06155668, 56.57786063], [16.06163044, 56.57785353], [16.06183352, 56.57783392], [16.06204506, 56.57784307], [16.06228906, 56.57786129], [16.06251664, 56.57790642], [16.06271196, 56.57790663], [16.06318449, 56.57781708], [16.06370579, 56.57770968], [16.06398287, 56.57761999], [16.06430878, 56.57754831], [16.06452052, 56.57752152], [16.06466677, 56.57755764], [16.06504092, 56.57761193], [16.06520319, 56.57770198], [16.06544676, 56.5778191], [16.06569054, 56.57789121], [16.06596695, 56.57795441], [16.06609675, 56.5780354], [16.06625901, 56.57813444], [16.06658396, 56.57823361], [16.06677906, 56.57827874], [16.06690888, 56.57835084], [16.06698979, 56.57844976], [16.06702202, 56.5785218], [16.06708693, 56.5785578], [16.06729849, 56.57855796], [16.06759072, 56.57872002], [16.06776923, 56.5788191], [16.06799679, 56.57888227], [16.06820829, 56.57891836], [16.06832208, 56.57894541], [16.06837035, 56.5790624], [16.0683862, 56.57913431], [16.06858088, 56.57927834], [16.06879182, 56.57941342], [16.06890543, 56.57946742], [16.06905186, 56.57948557], [16.06941027, 56.57941395], [16.0697196, 56.57938721], [16.07009382, 56.57941444], [16.07046785, 56.5794777], [16.07067935, 56.57951387], [16.07089054, 56.57958599], [16.07129761, 56.57955032], [16.07178623, 56.57947874], [16.07248654, 56.5794074], [16.07310501, 56.57938993], [16.0736094, 56.57944424], [16.0740323, 56.57950751], [16.07432499, 56.57957065], [16.07439012, 56.57955275], [16.07447166, 56.57951683], [16.07494361, 56.57954419], [16.07551299, 56.57958957], [16.07590344, 56.57963488], [16.07624306, 56.58010265], [16.07645362, 56.58033663], [16.07679424, 56.5805887], [16.07726488, 56.58088573], [16.0774921, 56.58102084], [16.0782887, 56.58122818], [16.07905279, 56.58145358], [16.07924779, 56.58149869], [16.07970355, 56.58150803], [16.08020801, 56.58154434], [16.08056601, 56.5815716], [16.08081005, 56.58158978], [16.08084751, 56.58158514], [16.08095654, 56.58157188], [16.08128208, 56.58158109], [16.08160302, 56.58160336], [16.08216555, 56.58165659], [16.08281353, 56.58170269], [16.08339579, 56.58174613], [16.08375941, 56.58177251], [16.08396961, 56.58180886], [16.08426443, 56.58190807], [16.08457305, 56.58199188], [16.08473684, 56.58208127], [16.08492838, 56.58215047], [16.08510314, 56.58217266], [16.08536886, 56.58207126], [16.08554325, 56.58199662], [16.08580586, 56.58192705], [16.08605686, 56.58188353], [16.08641693, 56.58184194], [16.08664738, 56.58182142], [16.08682023, 56.58182872], [16.08713438, 56.58186666], [16.08753028, 56.58192321], [16.08774815, 56.58194124], [16.0879355, 56.58193925], [16.0882307, 56.58185959], [16.08855981, 56.58174523], [16.08888463, 56.5817246], [16.08924562, 56.5817156], [16.08959515, 56.58170913], [16.08988133, 56.58166135], [16.09080394, 56.58166853], [16.09233362, 56.58174143], [16.09373308, 56.58182318], [16.09413996, 56.58185041], [16.09469298, 56.58194068], [16.09540749, 56.58233673], [16.09610386, 56.58320041], [16.09621785, 56.5831915], [16.0963315, 56.58326353], [16.09620092, 56.58335334], [16.09727074, 56.58445994], [16.09761289, 56.58439728], [16.09803609, 56.58437953], [16.09842658, 56.58444264], [16.09896324, 56.58457786], [16.09948348, 56.58474897], [16.09990599, 56.58492013], [16.10031292, 56.58492928], [16.10078514, 56.58489358], [16.10130623, 56.58485797], [16.10164805, 56.58485809], [16.10198955, 56.58493923], [16.10223327, 56.58506526], [16.10243954, 56.58522369], [16.10255, 56.58536113], [16.10269065, 56.58553901], [16.10302729, 56.58596487], [16.10584555, 56.58545386], [16.1081506, 56.58716355], [16.10853943, 56.58715901], [16.10871829, 56.58711375], [16.10883203, 56.58707762], [16.10902715, 56.58701443], [16.10920589, 56.58694215], [16.109482, 56.58679784], [16.10965547, 56.58667386], [16.11063864, 56.58679165], [16.11086643, 56.58681252], [16.11109849, 56.5866908], [16.11144648, 56.58651594], [16.11156172, 56.58647188], [16.11172745, 56.58685774], [16.11200495, 56.58717218], [16.11220062, 56.58733383], [16.11247824, 56.5876753], [16.11287967, 56.58757829], [16.1133399, 56.58746718], [16.11351969, 56.58772778], [16.11343892, 56.58805423], [16.11344953, 56.58831895], [16.11354469, 56.58842742], [16.11373489, 56.58863969], [16.11402024, 56.58895567], [16.1142958, 56.58913933], [16.11449811, 56.58920192], [16.11486746, 56.58943774], [16.11506989, 56.58917129]]]}, "properties": {"deso": "0880A0010", "pop": 1551.0, "income": 344.6, "male_frac": 0.5087, "child_frac": 0.1818, "elder_frac": 0.2405, "dependency": 0.731, "needZ": 0.1523}}, {"type": "Feature", "geometry": {"type": "Polygon", "coordinates": [[[16.33473647, 56.66402062], [16.33584088, 56.66390098], [16.33586474, 56.66374253], [16.33609719, 56.66346398], [16.33663381, 56.66293747], [16.33665642, 56.66291513], [16.33696752, 56.66262757], [16.33703364, 56.66255337], [16.33719695, 56.66237034], [16.33752711, 56.66210476], [16.33755223, 56.66208086], [16.33810218, 56.66155591], [16.33850726, 56.6612711], [16.33946849, 56.66061084], [16.33872904, 56.66052932], [16.33811744, 56.6604678], [16.3380822, 56.66046431], [16.33779371, 56.66043993], [16.33712741, 56.66038366], [16.33691888, 56.66035689], [16.33623369, 56.66026884], [16.33503217, 56.66013845], [16.33382994, 56.65995721], [16.33040765, 56.65939564], [16.32939403, 56.65928582], [16.32885995, 56.65926269], [16.32798659, 56.65932725], [16.32675489, 56.65943884], [16.32606583, 56.6595228], [16.32548724, 56.65961134], [16.32524905, 56.65969347], [16.32463527, 56.6598987], [16.3242427, 56.66012845], [16.32362239, 56.66053147], [16.32299436, 56.66104092], [16.32101174, 56.6625635], [16.32109362, 56.66261195], [16.32132682, 56.66269787], [16.32176978, 56.66284175], [16.32216233, 56.66297888], [16.32266678, 56.66301152], [16.32315753, 56.66296786], [16.32344657, 56.66290415], [16.32524336, 56.66252895], [16.32526646, 56.66252386], [16.32628601, 56.66230253], [16.32716582, 56.66213226], [16.327468, 56.66211719], [16.32788431, 56.66215703], [16.32856651, 56.66228603], [16.32918608, 56.66243608], [16.32990952, 56.66262419], [16.33021042, 56.66270245], [16.33095616, 56.66289705], [16.3309692, 56.66290051], [16.33183279, 56.66312492], [16.33199356, 56.66316677], [16.33231093, 56.66323515], [16.33240108, 56.66325449], [16.33262559, 56.66330284], [16.33273532, 56.66333176], [16.33311882, 56.66343267], [16.33429063, 56.66342766], [16.33444818, 56.66378179], [16.33452477, 56.66395408], [16.33462121, 56.66403308], [16.33473647, 56.66402062]]]}, "properties": {"deso": "0880C1050", "pop": 1939.0, "income": 307.1, "male_frac": 0.4881, "child_frac": 0.1011, "elder_frac": 0.2285, "dependency": 0.4915, "needZ": 0.1322}}, {"type": "Feature", "geometry": {"type": "Polygon", "coordinates": [[[16.35915561, 56.66565838], [16.35887806, 56.66543467], [16.35870456, 56.66536569], [16.35833131, 56.66490147], [16.35814728, 56.66450975], [16.35840963, 56.66416507], [16.35881409, 56.66354523], [16.35845365, 56.66281596], [16.3584315, 56.6627985], [16.35841292, 56.66279071], [16.35766737, 56.66215645], [16.35732667, 56.6619903], [16.35695119, 56.66180718], [16.35659247, 56.66186948], [16.35550045, 56.66204954], [16.35551444, 56.66207589], [16.35544797, 56.66208694], [16.35501722, 56.66216286], [16.35384828, 56.66236333], [16.35167512, 56.66273602], [16.35154327, 56.66275865], [16.35128244, 56.66280874], [16.35124089, 56.66281673], [16.35116435, 56.66283589], [16.35063147, 56.6629421], [16.35052571, 56.6629455], [16.35042801, 56.66294862], [16.35034742, 56.66295228], [16.3502217, 56.662962], [16.34974284, 56.66301741], [16.34978016, 56.66308285], [16.34975654, 56.66310736], [16.34973693, 56.66313075], [16.34914467, 56.66325835], [16.34835657, 56.66343667], [16.34752429, 56.66362498], [16.34753893, 56.66364297], [16.34792893, 56.66413201], [16.34848655, 56.66428066], [16.34973873, 56.66449464], [16.34980235, 56.66450544], [16.35187203, 56.66491778], [16.35249187, 56.6650413], [16.35306756, 56.66514168], [16.35310886, 56.66514895], [16.35379084, 56.66526784], [16.35438292, 56.66541591], [16.35450511, 56.66554789], [16.35456908, 56.6654783], [16.3551033, 56.66555854], [16.35577147, 56.66566365], [16.35642777, 56.66573007], [16.3570521, 56.66579046], [16.35830041, 56.66583399], [16.35915561, 56.66565838]]]}, "properties": {"deso": "0880C1060", "pop": 1217.0, "income": 323.1, "male_frac": 0.4686, "child_frac": 0.0855, "elder_frac": 0.152, "dependency": 0.3114, "needZ": -0.4342}}, {"type": "Feature", "geometry": {"type": "Polygon", "coordinates": [[[16.34752429, 56.66362498], [16.34835657, 56.66343667], [16.34914467, 56.66325835], [16.34973693, 56.66313075], [16.34975654, 56.66310736], [16.34978016, 56.66308285], [16.34974284, 56.66301741], [16.3502217, 56.662962], [16.35034742, 56.66295228], [16.35042801, 56.66294862], [16.35052571, 56.6629455], [16.35063147, 56.6629421], [16.35116435, 56.66283589], [16.35124089, 56.66281673], [16.35128244, 56.66280874], [16.35154327, 56.66275865], [16.35167512, 56.66273602], [16.35384828, 56.66236333], [16.35501722, 56.66216286], [16.35544797, 56.66208694], [16.35551444, 56.66207589], [16.35550045, 56.66204954], [16.35659247, 56.66186948], [16.35695119, 56.66180718], [16.35710321, 56.66178082], [16.35704919, 56.66167406], [16.35702996, 56.66164067], [16.35696939, 56.66153488], [16.35703185, 56.66074216], [16.35723285, 56.65819342], [16.35667683, 56.65695658], [16.35792703, 56.65547833], [16.35805186, 56.65540744], [16.35959268, 56.6545321], [16.36303958, 56.65257372], [16.35542491, 56.6530222], [16.35381333, 56.65267853], [16.35223603, 56.65455374], [16.3522906, 56.65466158], [16.35162748, 56.65565055], [16.35115689, 56.65643845], [16.34956381, 56.65704457], [16.34783522, 56.65756797], [16.34751101, 56.65765421], [16.34738838, 56.65768204], [16.34539925, 56.65813223], [16.34535855, 56.65814147], [16.34497378, 56.65825765], [16.34442831, 56.6584397], [16.34424701, 56.65847839], [16.34399646, 56.65853338], [16.34379705, 56.65858117], [16.34363472, 56.65862002], [16.34362658, 56.65862199], [16.34324258, 56.65871453], [16.34300496, 56.65878124], [16.3427465, 56.65893898], [16.3425151, 56.65902179], [16.34264472, 56.65921685], [16.34284748, 56.65936908], [16.34312642, 56.65963189], [16.34348068, 56.65992828], [16.34358315, 56.66001404], [16.34367939, 56.66011361], [16.34398264, 56.6603298], [16.34410985, 56.66040379], [16.34476305, 56.6607831], [16.3450803, 56.66095368], [16.34546222, 56.66119479], [16.34553102, 56.66124543], [16.34589964, 56.66151732], [16.34631475, 56.66190791], [16.34660248, 56.66212174], [16.34661685, 56.66213237], [16.34677233, 56.66236874], [16.34729028, 56.66315617], [16.34748599, 56.66363366], [16.34752429, 56.66362498]]]}, "properties": {"deso": "0880C1040", "pop": 1504.0, "income": 391.9, "male_frac": 0.4648, "child_frac": 0.0904, "elder_frac": 0.2992, "dependency": 0.6383, "needZ": -0.6264}}, {"type": "Feature", "geometry": {"type": "Polygon", "coordinates": [[[16.12509423, 56.59790414], [16.125715, 56.59788226], [16.12614856, 56.59785166], [16.12610474, 56.59758392], [16.12610461, 56.59758392], [16.12610487, 56.59758383], [16.13136805, 56.5968372], [16.13137642, 56.59683865], [16.13386868, 56.59649967], [16.1338691, 56.59492612], [16.1338691, 56.59486809], [16.13386938, 56.59337953], [16.13386937, 56.59335249], [16.13518878, 56.59310259], [16.13611698, 56.59305378], [16.13678079, 56.59314392], [16.13700206, 56.59315169], [16.13809492, 56.59319757], [16.13855851, 56.59321624], [16.1390167, 56.59319848], [16.13948987, 56.59317869], [16.14034118, 56.59313172], [16.14092241, 56.59302588], [16.14134381, 56.59295042], [16.14160346, 56.59290393], [16.14229661, 56.59284932], [16.14238766, 56.59284499], [16.14268642, 56.59283065], [16.14316449, 56.59276428], [16.14363374, 56.59269942], [16.14413611, 56.59264611], [16.14470142, 56.59259186], [16.14520198, 56.59249689], [16.14556696, 56.59243002], [16.14626573, 56.59225964], [16.14744394, 56.59223315], [16.14749245, 56.59222974], [16.15168914, 56.59187358], [16.15186323, 56.59182679], [16.15236375, 56.59177544], [16.152316, 56.59163611], [16.15255995, 56.59142302], [16.15303418, 56.59145213], [16.15314358, 56.59169761], [16.15332593, 56.59164462], [16.15364549, 56.59158183], [16.15384805, 56.59132385], [16.15402725, 56.59128652], [16.1559733, 56.59087042], [16.15677621, 56.59070063], [16.15783473, 56.59047654], [16.1614495, 56.58970623], [16.16259947, 56.58946229], [16.1647598, 56.58900326], [16.16697681, 56.58853791], [16.16784791, 56.58835358], [16.16952727, 56.58796743], [16.16970672, 56.58792613], [16.16988212, 56.58788855], [16.17007233, 56.58784777], [16.17082315, 56.58768683], [16.17294061, 56.587233], [16.17291646, 56.58761932], [16.17532555, 56.58767275], [16.17724606, 56.58696658], [16.17710323, 56.58639293], [16.17747517, 56.58631189], [16.17705303, 56.58617305], [16.17704381, 56.58617026], [16.1770255, 56.58616424], [16.1769927, 56.58615431], [16.17643964, 56.58599776], [16.17642814, 56.58599508], [16.17641094, 56.58599012], [16.17584104, 56.58585331], [16.17567982, 56.58581522], [16.17542002, 56.58576333], [16.17517437, 56.58562632], [16.17492104, 56.58550179], [16.17518279, 56.58540886], [16.17541309, 56.58531523], [16.17553433, 56.58531094], [16.17615097, 56.58526712], [16.17619958, 56.58526297], [16.17680991, 56.58519773], [16.1768575, 56.58519099], [16.17745912, 56.58510463], [16.17804961, 56.58499735], [16.17809564, 56.58498793], [16.1786726, 56.58486021], [16.17923364, 56.5847126], [16.17927784, 56.58470059], [16.17982082, 56.58453375], [16.17986253, 56.58451943], [16.18038505, 56.58433391], [16.18063496, 56.58423228], [16.18105336, 56.58412222], [16.18159632, 56.58395536], [16.18211882, 56.58376984], [16.18214697, 56.58375978], [16.18264717, 56.58355641], [16.18312292, 56.58333594], [16.18357239, 56.58309927], [16.18359615, 56.58308629], [16.18401735, 56.58283444], [16.1844087, 56.5825684], [16.18476862, 56.5822892], [16.18479621, 56.58226585], [16.18479687, 56.5822653], [16.18512392, 56.5819741], [16.18541679, 56.58167209], [16.18547125, 56.58160617], [16.18567578, 56.58142402], [16.18570017, 56.58140115], [16.18599303, 56.58109914], [16.18601658, 56.58107097], [16.18627411, 56.58075932], [16.18659558, 56.58032076], [16.18681658, 56.58000065], [16.1868355, 56.57997038], [16.18701936, 56.57964335], [16.18703339, 56.57961132], [16.18706882, 56.57961503], [16.18768565, 56.57965791], [16.1883061, 56.57967912], [16.18848111, 56.57968211], [16.18910277, 56.57968156], [16.1897232, 56.57965937], [16.19033973, 56.57961547], [16.19051254, 56.57959962], [16.19112275, 56.57953431], [16.19172425, 56.57944788], [16.19231461, 56.57934054], [16.19247851, 56.57930636], [16.19305534, 56.57917857], [16.19361624, 56.57903089], [16.19415907, 56.57886399], [16.19432135, 56.57880808], [16.19484372, 56.5786225], [16.19534378, 56.57841908], [16.1954512, 56.57837341], [16.19592682, 56.57815288], [16.19606615, 56.57808057], [16.19651548, 56.57784386], [16.19693653, 56.57759197], [16.19732774, 56.5773259], [16.19742955, 56.5772473], [16.19778932, 56.57696806], [16.19811623, 56.57667682], [16.19840896, 56.57637478], [16.19866635, 56.5760631], [16.19873846, 56.57597491], [16.19895933, 56.57565487], [16.19914307, 56.57532773], [16.19928864, 56.57499485], [16.19932807, 56.57490069], [16.19943497, 56.57456333], [16.19950299, 56.57422303], [16.19953162, 56.57388095], [16.19953701, 56.57378433], [16.19952618, 56.573442], [16.19947591, 56.57310068], [16.1993864, 56.57276189], [16.19935761, 56.5726665], [16.19922943, 56.57233141], [16.1990629, 56.57200154], [16.1988586, 56.57167824], [16.19879669, 56.57158774], [16.19855572, 56.57127207], [16.19827881, 56.57096554], [16.19796721, 56.57066932], [16.19786601, 56.57057983], [16.19752095, 56.57029507], [16.19714382, 56.57002292], [16.19711072, 56.56999916], [16.19670303, 56.56974078], [16.19657203, 56.56966389], [16.19613542, 56.56942025], [16.19612179, 56.56941355], [16.19604291, 56.56936356], [16.19591994, 56.56929], [16.19578921, 56.56921706], [16.19576431, 56.56904051], [16.19582179, 56.56885904], [16.19589405, 56.56877157], [16.19590561, 56.56875502], [16.19612647, 56.56843499], [16.1963102, 56.56810785], [16.19645576, 56.56777498], [16.1965628, 56.56743762], [16.19657069, 56.56741122], [16.19663872, 56.56707092], [16.19664361, 56.56703036], [16.19667226, 56.56668828], [16.19666146, 56.56634595], [16.19665979, 56.56631884], [16.19660956, 56.56597751], [16.1965201, 56.56563873], [16.19639197, 56.56530363], [16.19638431, 56.56528619], [16.19630201, 56.56512331], [16.19625244, 56.56478566], [16.19621611, 56.56463384], [16.19612665, 56.56429505], [16.19599853, 56.56395996], [16.19595559, 56.56385805], [16.19578913, 56.56352818], [16.1955849, 56.56320478], [16.19534402, 56.56288918], [16.19527283, 56.56280183], [16.19499602, 56.5624953], [16.19492284, 56.56242566], [16.19479811, 56.56209961], [16.19463166, 56.56176973], [16.19461769, 56.56174382], [16.19441349, 56.5614205], [16.19439485, 56.56139544], [16.19415399, 56.56107975], [16.19408128, 56.56099924], [16.19409289, 56.56086106], [16.19409842, 56.56076381], [16.19408763, 56.56042148], [16.19403744, 56.56008016], [16.19394801, 56.55974137], [16.19391613, 56.55963666], [16.19378805, 56.55930157], [16.19372082, 56.55916504], [16.19355541, 56.5588374], [16.19375407, 56.55879336], [16.19431466, 56.55864569], [16.19435735, 56.55863387], [16.19489989, 56.55846696], [16.19494024, 56.55845292], [16.19546233, 56.55826734], [16.19596211, 56.55806392], [16.19599984, 56.55804765], [16.1964752, 56.55782713], [16.19650991, 56.55780901], [16.19695899, 56.55757229], [16.19737982, 56.5573204], [16.19741112, 56.55730051], [16.19780212, 56.55703444], [16.1981617, 56.55675519], [16.19818919, 56.55673364], [16.19851592, 56.5564424], [16.19853961, 56.55641954], [16.19883219, 56.55611749], [16.19908943, 56.55580581], [16.19910893, 56.55578173], [16.19932969, 56.55546169], [16.19934486, 56.55543657], [16.1995285, 56.55510952], [16.19967399, 56.55477664], [16.19968458, 56.55475093], [16.19979142, 56.55441358], [16.19979744, 56.55438747], [16.19986541, 56.55404716], [16.19989403, 56.55370508], [16.19989547, 56.55367865], [16.19988464, 56.55333632], [16.19988126, 56.55331004], [16.19983102, 56.55296872], [16.19974156, 56.55262993], [16.19973363, 56.55260395], [16.19960552, 56.55226886], [16.19959304, 56.55224338], [16.19949744, 56.55205386], [16.19945342, 56.55193895], [16.19944175, 56.55191346], [16.19927531, 56.55158359], [16.19907112, 56.55126028], [16.19905505, 56.55123555], [16.19881421, 56.55091987], [16.19879388, 56.55089617], [16.19851712, 56.55058964], [16.19820568, 56.55029342], [16.19818123, 56.55027093], [16.19783636, 56.54998617], [16.19780819, 56.54996506], [16.19743127, 56.54969291], [16.19702379, 56.54943453], [16.19699192, 56.54941507], [16.19655555, 56.54917143], [16.19652038, 56.54915371], [16.19634054, 56.54906534], [16.19637433, 56.54903519], [16.19644448, 56.54896283], [16.19647057, 56.54893949], [16.19647148, 56.54893859], [16.19648713, 56.5489246], [16.19677966, 56.54862256], [16.19685837, 56.54853664], [16.19711559, 56.54822497], [16.19712225, 56.5482152], [16.19723334, 56.54813966], [16.19752636, 56.54798512], [16.19794708, 56.54773322], [16.19798418, 56.5477104], [16.19861615, 56.54728049], [16.19900703, 56.54701441], [16.19904018, 56.54698948], [16.19939966, 56.54671023], [16.19972629, 56.54641899], [16.19975078, 56.54639612], [16.20004327, 56.54609407], [16.20004779, 56.54608872], [16.20010079, 56.5460724], [16.20062269, 56.5458868], [16.20066327, 56.54587222], [16.20116286, 56.54566877], [16.20120056, 56.54565206], [16.20167573, 56.54543151], [16.20212464, 56.54519478], [16.20216486, 56.54517301], [16.20260224, 56.54491142], [16.20302289, 56.5446595], [16.20305849, 56.54463607], [16.20344931, 56.54436998], [16.20380873, 56.54409072], [16.20383541, 56.54406908], [16.20385901, 56.54404801], [16.20390112, 56.54403089], [16.20393841, 56.54401436], [16.20441355, 56.54379381], [16.20486242, 56.54355706], [16.20490224, 56.54353548], [16.2053326, 56.54327798], [16.2054117, 56.54323059], [16.20542146, 56.54322529], [16.20585076, 56.54296834], [16.20627137, 56.54271641], [16.2062757, 56.54271359], [16.20635822, 56.54266419], [16.20644021, 56.54261506], [16.20644614, 56.54261186], [16.20687597, 56.5423549], [16.20688952, 56.54234678], [16.20692586, 56.5423254], [16.20695223, 56.5423114], [16.20695408, 56.5423104], [16.20717195, 56.54223282], [16.20767146, 56.54202935], [16.20814656, 56.54180878], [16.20824244, 56.54176231], [16.20869126, 56.54152555], [16.20892148, 56.54138973], [16.20926829, 56.54130614], [16.20931378, 56.5412942], [16.2093376, 56.5412884], [16.20938687, 56.5412775], [16.20996777, 56.54113746], [16.21001179, 56.54112589], [16.21003574, 56.54112009], [16.21008648, 56.54110881], [16.21066777, 56.54096858], [16.21075421, 56.54094582], [16.21076659, 56.54094274], [16.21077165, 56.54094161], [16.21077604, 56.54094058], [16.21135627, 56.5408009], [16.21140814, 56.54078728], [16.21143049, 56.54078176], [16.2114755, 56.5407718], [16.21205486, 56.54063033], [16.21217591, 56.54060345], [16.21275311, 56.54046173], [16.21278117, 56.54045436], [16.21281338, 56.54044659], [16.2128657, 56.54043494], [16.2134528, 56.54029635], [16.2135016, 56.54028347], [16.2135201, 56.54027907], [16.21358588, 56.54026442], [16.21415484, 56.54012528], [16.21419899, 56.54011362], [16.21422441, 56.54010753], [16.21427208, 56.54009692], [16.2148528, 56.53995667], [16.2148653, 56.53995341], [16.21488008, 56.53994985], [16.21497941, 56.53992777], [16.21555031, 56.53979076], [16.21557068, 56.53978625], [16.21561874, 56.53977527], [16.21562007, 56.53977499], [16.21568625, 56.53976024], [16.2163497, 56.53959475], [16.21690991, 56.53944697], [16.21695922, 56.5394331], [16.21750139, 56.5392661], [16.2175413, 56.53925196], [16.21806301, 56.53906629], [16.21856242, 56.53886278], [16.21859972, 56.53884651], [16.2190747, 56.5386259], [16.21952342, 56.5383891], [16.2195577, 56.53837098], [16.21997817, 56.53811901], [16.22000904, 56.53809912], [16.22039968, 56.53783298], [16.22075891, 56.53755367], [16.22078611, 56.5375322], [16.2211125, 56.53724091], [16.22113577, 56.53721804], [16.22142802, 56.53691594], [16.22168495, 56.53660422], [16.22170416, 56.53658022], [16.22192461, 56.53626005], [16.2219395, 56.53623529], [16.22212286, 56.53590812], [16.22226808, 56.53557521], [16.22227851, 56.5355496], [16.22230456, 56.53546733], [16.22013798, 56.53333114], [16.21945176, 56.53031837], [16.21930254, 56.52966326], [16.21908156, 56.52945307], [16.21905633, 56.52943139], [16.21876038, 56.52918708], [16.21857252, 56.52888952], [16.21833167, 56.52857387], [16.2182471, 56.52847831], [16.21797035, 56.52817183], [16.21765894, 56.52787565], [16.21760595, 56.52782829], [16.21726114, 56.52754358], [16.21714544, 56.52745973], [16.2167686, 56.52718764], [16.21636123, 56.52692932], [16.21592499, 56.52668574], [16.21546151, 56.52645789], [16.21533037, 56.52639395], [16.2148417, 56.52618277], [16.21432973, 56.52598916], [16.21379663, 56.52581381], [16.21364547, 56.52576525], [16.21309315, 56.52560895], [16.21276003, 56.52552892], [16.21262039, 56.52539608], [16.21251121, 56.52530587], [16.21242825, 56.52521398], [16.21211691, 56.52491779], [16.21177217, 56.52463306], [16.2113954, 56.52436095], [16.2109881, 56.52410261], [16.21055193, 56.52385902], [16.21008851, 56.52363114], [16.2095999, 56.52341994], [16.209088, 56.52322631], [16.20855496, 56.52305093], [16.2080027, 56.52289461], [16.20743364, 56.52275785], [16.20696501, 56.52266421], [16.20684994, 56.52264125], [16.20674407, 56.52262072], [16.20614817, 56.52252482], [16.20554248, 56.52245003], [16.20492944, 56.52239651], [16.20431144, 56.5223645], [16.20369092, 56.52235425], [16.20307055, 56.52236565], [16.20245275, 56.52239876], [16.20183992, 56.52245347], [16.20123472, 56.52252948], [16.20063931, 56.52262641], [16.20005634, 56.52274406], [16.19948808, 56.52288187], [16.19934328, 56.52292324], [16.19895916, 56.5230007], [16.19839089, 56.52313851], [16.19783959, 56.52329591], [16.19770156, 56.52333946], [16.19716948, 56.5235158], [16.19665875, 56.52371045], [16.19626642, 56.52388113], [16.19571462, 56.5240149], [16.1951633, 56.52417229], [16.19463119, 56.52434862], [16.19412044, 56.52454325], [16.19363302, 56.52475536], [16.19317104, 56.52498401], [16.19273623, 56.5252284], [16.1923303, 56.5254875], [16.19195508, 56.52576032], [16.19161202, 56.52604568], [16.19130243, 56.52634249], [16.19102747, 56.52664947], [16.19078845, 56.52696554], [16.19058627, 56.52728926], [16.19056646, 56.52732879], [16.19040187, 56.52765897], [16.19027565, 56.52799417], [16.19018815, 56.52833322], [16.19013986, 56.5286746], [16.19013089, 56.52901694], [16.19016132, 56.5293589], [16.19023098, 56.52969914], [16.19027762, 56.52984395], [16.19025479, 56.52984273], [16.19020811, 56.52984175], [16.18958747, 56.52983143], [16.18896697, 56.52984276], [16.18891273, 56.52984444], [16.18829479, 56.52987748], [16.18722352, 56.52993875], [16.18716803, 56.5299435], [16.18655505, 56.52999813], [16.18594971, 56.53007407], [16.18590299, 56.53008071], [16.18530742, 56.53017757], [16.18472429, 56.53029515], [16.18467912, 56.5303043], [16.18411069, 56.53044203], [16.18406735, 56.53045359], [16.18351588, 56.53061092], [16.18298363, 56.53078721], [16.1829425, 56.53080098], [16.1824316, 56.53099557], [16.18239322, 56.53101165], [16.18190565, 56.53122371], [16.18144352, 56.53145232], [16.18140816, 56.53147036], [16.18097319, 56.5317147], [16.18094123, 56.53173459], [16.18053515, 56.53199365], [16.18015979, 56.53226644], [16.18013149, 56.53228791], [16.17978829, 56.53257324], [16.17976407, 56.5325962], [16.17945433, 56.53289297], [16.17917922, 56.53319993], [16.17915906, 56.53322411], [16.1789199, 56.53354015], [16.17881005, 56.53371583], [16.17863115, 56.53374034], [16.1780355, 56.53383717], [16.17798241, 56.53384593], [16.17739919, 56.53396348], [16.17739041, 56.53396554], [16.17727834, 56.53396184], [16.17665763, 56.53395146], [16.17603707, 56.53396272], [16.17541905, 56.5339957], [16.17524782, 56.53400846], [16.17463476, 56.53406303], [16.17402933, 56.53413891], [16.17363084, 56.53420367], [16.17341683, 56.53420758], [16.17279881, 56.53424054], [16.17218574, 56.5342951], [16.17215487, 56.53429854], [16.17154943, 56.5343744], [16.17095375, 56.53447119], [16.17037051, 56.53458871], [16.17034135, 56.53459536], [16.1697728, 56.53473303], [16.16922121, 56.53489031], [16.16868884, 56.53506653], [16.16866259, 56.53507621], [16.16815155, 56.53527074], [16.16766385, 56.53548274], [16.16764906, 56.53549006], [16.1674048, 56.535583], [16.16691708, 56.535795], [16.16645481, 56.53602355], [16.16643253, 56.53603589], [16.16599742, 56.53628018], [16.16588958, 56.53634892], [16.16563321, 56.5364929], [16.16522697, 56.53675192], [16.16511691, 56.53682706], [16.16474138, 56.5370998], [16.16439802, 56.53738509], [16.16408813, 56.53768183], [16.16400681, 56.53776748], [16.16373155, 56.5380744], [16.16349223, 56.53839042], [16.16328975, 56.53871409], [16.16324029, 56.53880681], [16.16307542, 56.53913695], [16.16294892, 56.53947213], [16.16286115, 56.53981116], [16.16284533, 56.53990752], [16.16279679, 56.54024888], [16.16278757, 56.54059122], [16.16281776, 56.54093319], [16.16283626, 56.54102931], [16.1629057, 56.54136957], [16.1630142, 56.54170677], [16.16316119, 56.54203938], [16.16321806, 56.54214018], [16.16340309, 56.54246705], [16.16362532, 56.54278674], [16.16365983, 56.54283178], [16.16391843, 56.54314314], [16.1642124, 56.54344473], [16.16430376, 56.54353748], [16.16463174, 56.54382824], [16.16499248, 56.54410693], [16.16538461, 56.54437247], [16.16549673, 56.54444679], [16.16591873, 56.54469804], [16.16636871, 56.54493403], [16.16638109, 56.54493975], [16.16644435, 56.54497742], [16.16689433, 56.54521341], [16.1673705, 56.54543315], [16.16750794, 56.54549304], [16.16800855, 56.54569575], [16.1684773, 56.54586139], [16.16886249, 56.54612223], [16.16928453, 56.54637347], [16.16973455, 56.54660945], [16.16975837, 56.5466209], [16.17023458, 56.54684063], [16.17073522, 56.54704334], [16.17107531, 56.54716347], [16.17092697, 56.54721994], [16.17088842, 56.54723539], [16.17040057, 56.5474474], [16.16998416, 56.54765326], [16.16987197, 56.54769034], [16.16936077, 56.54788487], [16.1693214, 56.54789989], [16.16883354, 56.54811189], [16.16879691, 56.54812904], [16.1683423, 56.54835375], [16.1683345, 56.5483576], [16.16789926, 56.5486019], [16.16786591, 56.54862089], [16.16745956, 56.54887992], [16.16742975, 56.54890059], [16.16705412, 56.54917334], [16.16671067, 56.54945863], [16.16668466, 56.54948088], [16.16637469, 56.54977763], [16.16635274, 56.54980119], [16.16607741, 56.55010812], [16.16583804, 56.55042414], [16.16582042, 56.55044874], [16.16561789, 56.55077241], [16.16560472, 56.55079787], [16.16543982, 56.55112801], [16.1653133, 56.55146319], [16.16530471, 56.55148914], [16.16521693, 56.55182817], [16.16521305, 56.55185462], [16.16516452, 56.55219598], [16.16515532, 56.55253832], [16.16515599, 56.55256473], [16.16517678, 56.55280016], [16.16516629, 56.55282109], [16.16503976, 56.55315627], [16.16503092, 56.55318294], [16.16494409, 56.55351811], [16.16491434, 56.55357138], [16.16474942, 56.55390153], [16.16462288, 56.5542367], [16.1645351, 56.55457574], [16.16451712, 56.55467193], [16.16446858, 56.55501329], [16.16445937, 56.55535563], [16.1644896, 56.5556976], [16.16450745, 56.55580272], [16.16457693, 56.55614297], [16.16468549, 56.55648017], [16.16488015, 56.55703457], [16.16486988, 56.55710662], [16.16486481, 56.5572036], [16.16485561, 56.55754594], [16.16488584, 56.55788791], [16.16495533, 56.55822816], [16.16498738, 56.5583326], [16.16509595, 56.5586698], [16.16524302, 56.55900241], [16.16561572, 56.55975681], [16.16575902, 56.56000987], [16.16577043, 56.56004507], [16.16591751, 56.56037768], [16.16629657, 56.56113732], [16.16648173, 56.56146418], [16.1667041, 56.56178387], [16.16677275, 56.56188248], [16.1670315, 56.56219383], [16.16732565, 56.56249542], [16.16765382, 56.56278617], [16.16774731, 56.56286793], [16.16810826, 56.56314661], [16.16850061, 56.56341215], [16.16892284, 56.56366338], [16.16904362, 56.56373348], [16.16949385, 56.56396946], [16.16997027, 56.56418919], [16.17047114, 56.56439189], [16.1706143, 56.56444768], [16.17113743, 56.56463247], [16.17163554, 56.56478471], [16.17162952, 56.56501105], [16.17163223, 56.5650422], [16.17166252, 56.56538417], [16.17170517, 56.56562217], [16.17177474, 56.56596243], [16.17178278, 56.56599244], [16.17189143, 56.56632963], [16.17201782, 56.56661527], [16.17156055, 56.56672585], [16.17138998, 56.56677353], [16.17083794, 56.56693082], [16.17030512, 56.56710705], [16.1698954, 56.5672629], [16.16986286, 56.56727362], [16.1693514, 56.56746816], [16.16931321, 56.56748307], [16.1688251, 56.56769508], [16.16878965, 56.56771194], [16.16832701, 56.5679405], [16.16789155, 56.5681848], [16.16785924, 56.56820343], [16.16745268, 56.56846245], [16.16742378, 56.56848276], [16.16704796, 56.56875551], [16.16670433, 56.5690408], [16.1666791, 56.5690625], [16.16636897, 56.56935925], [16.16634753, 56.56938217], [16.16607206, 56.5696891], [16.16583256, 56.57000513], [16.16581532, 56.57002909], [16.16561269, 56.57035276], [16.16559963, 56.57037759], [16.16555247, 56.57047199], [16.16515603, 56.57060309], [16.16499335, 56.57065923], [16.16448182, 56.57085374], [16.16399364, 56.57106573], [16.16353092, 56.57129428], [16.16340292, 56.57136078], [16.16296738, 56.57160506], [16.16256075, 56.57186407], [16.16218487, 56.5721368], [16.16208287, 56.57221591], [16.16173918, 56.57250119], [16.16142898, 56.57279792], [16.16115344, 56.57310484], [16.16108153, 56.57319336], [16.16084197, 56.57350937], [16.16063928, 56.57383304], [16.16057023, 56.57397112], [16.16023031, 56.57410032], [16.16020445, 56.57411027], [16.1597162, 56.57432224], [16.15925342, 56.57455077], [16.15881782, 56.57479504], [16.15879606, 56.57480755], [16.15838936, 56.57506654], [16.15835339, 56.57509275], [16.15814238, 56.57521104], [16.15810875, 56.57523076], [16.15770205, 56.57548975], [16.1576721, 56.57551114], [16.15729614, 56.57578386], [16.15695238, 56.57606913], [16.15692664, 56.57609218], [16.15661637, 56.5763889], [16.15634077, 56.57669581], [16.15631923, 56.57672008], [16.15607961, 56.57703609], [16.15606253, 56.57706149], [16.15585978, 56.57738514], [16.15569468, 56.57771528], [16.15568246, 56.57774144], [16.15555577, 56.5780766], [16.15554826, 56.57810335], [16.15546034, 56.57844238], [16.15541169, 56.57878374], [16.15540915, 56.57881071], [16.15539986, 56.57915305], [16.15540216, 56.57918007], [16.15540446, 56.57920681], [16.15514442, 56.57925908], [16.15457515, 56.57939669], [16.1545312, 56.57940815], [16.15397889, 56.57956536], [16.15344582, 56.57974152], [16.15340423, 56.57975529], [16.15289251, 56.57994975], [16.15285367, 56.57996565], [16.1523653, 56.5801776], [16.15190241, 56.5804061], [16.15186658, 56.58042422], [16.15143087, 56.58066846], [16.15139831, 56.58068834], [16.1509915, 56.58094731], [16.15061545, 56.58122001], [16.15058683, 56.58124157], [16.15024297, 56.58152681], [16.1502183, 56.58154986], [16.14990793, 56.58184656], [16.14963224, 56.58215345], [16.14961176, 56.58217781], [16.14937205, 56.5824938], [16.14935617, 56.58251901], [16.14915334, 56.58284265], [16.14898816, 56.58317278], [16.14897498, 56.58320317], [16.14896778, 56.58322237], [16.14890258, 56.58330822], [16.14869974, 56.58363186], [16.14864501, 56.58373073], [16.14847982, 56.58406086], [16.14835304, 56.58439601], [16.14832724, 56.58446605], [16.14826064, 56.58472268], [16.14818602, 56.58482101], [16.14785775, 56.58483842], [16.14780671, 56.58484203], [16.14719279, 56.58489647], [16.14691716, 56.58492327], [16.14631086, 56.58499893], [16.14625696, 56.5850058], [16.14566042, 56.58510247], [16.14561542, 56.5851107], [16.14503132, 56.5852281], [16.14458788, 56.58533522], [16.14439157, 56.58537466], [16.14434008, 56.58538564], [16.14406004, 56.58545335], [16.14388727, 56.58543185], [16.14384163, 56.58542742], [16.14322764, 56.58537369], [16.14260867, 56.58534138], [16.14255462, 56.58533891], [16.14216277, 56.58533182], [16.14215847, 56.58533168], [16.14174347, 56.58532255], [16.14174145, 56.58532248], [16.14134484, 56.5853131], [16.1407233, 56.58530254], [16.14071605, 56.58530243], [16.14070114, 56.5853022], [16.14069415, 56.58530209], [16.14045698, 56.58529986], [16.14016597, 56.58528852], [16.13976718, 56.58527403], [16.13976127, 56.58527381], [16.13937452, 56.58525777], [16.13937009, 56.58525763], [16.13896847, 56.58524254], [16.13834693, 56.58523197], [16.13829106, 56.5852314], [16.13766964, 56.58524248], [16.13762177, 56.58524453], [16.13700288, 56.58527732], [16.13655725, 56.58531679], [16.13628198, 56.58526172], [16.13603169, 56.58522044], [16.13543498, 56.5851242], [16.13482842, 56.58504898], [16.13478168, 56.58504393], [16.13416772, 56.58499006], [16.13354876, 56.58495779], [16.13292723, 56.5849472], [16.13289568, 56.58494722], [16.13227426, 56.58495826], [16.13165537, 56.58499103], [16.13104142, 56.58504539], [16.13101038, 56.5850489], [16.13082351, 56.58507216], [16.13055341, 56.58508647], [16.12993945, 56.58514083], [16.12967527, 56.58517377], [16.12959898, 56.58517249], [16.12950876, 56.58517268], [16.12943184, 56.58517293], [16.12937935, 56.58517305], [16.12875792, 56.58518408], [16.12813902, 56.58521682], [16.1279487, 56.58522762], [16.12733474, 56.58528197], [16.12682055, 56.58534609], [16.12658825, 56.58535835], [16.12654108, 56.58536165], [16.12651162, 56.58536425], [16.12589715, 56.58539676], [16.12584985, 56.58539998], [16.12523588, 56.58545431], [16.12494374, 56.58549073], [16.12477301, 56.58550584], [16.12416665, 56.58558139], [16.12357004, 56.58567804], [16.12354014, 56.58568361], [16.12295595, 56.58580091], [16.12238646, 56.58593837], [16.12228262, 56.58596787], [16.12185456, 56.58602123], [16.12125794, 56.58611787], [16.12121319, 56.58612555], [16.120629, 56.58624283], [16.12058593, 56.58625292], [16.12001642, 56.58639037], [16.11946387, 56.58654743], [16.11942262, 56.58655975], [16.11888929, 56.58673576], [16.11885037, 56.58675012], [16.11833839, 56.58694445], [16.11784973, 56.58715617], [16.11781357, 56.58717266], [16.11735037, 56.58740104], [16.11731721, 56.5874193], [16.1168812, 56.58766342], [16.11647421, 56.58792228], [16.11644445, 56.58794222], [16.11606794, 56.58821482], [16.11604159, 56.58823625], [16.1156974, 56.5885214], [16.1153867, 56.58881802], [16.11536428, 56.58884068], [16.11508825, 56.5891475], [16.11506989, 56.58917129], [16.11486746, 56.58943774], [16.11482984, 56.58948721], [16.11477546, 56.58957385], [16.11462668, 56.5898108], [16.11461263, 56.58983545], [16.11444712, 56.59016553], [16.11443563, 56.59019501], [16.11430853, 56.59053013], [16.11410666, 56.59120826], [16.11401834, 56.59154726], [16.1140121, 56.59157732], [16.11396306, 56.59191866], [16.11396221, 56.59194454], [16.11395255, 56.59228687], [16.11398235, 56.59262886], [16.11398454, 56.59264411], [16.11398606, 56.59265469], [16.11405516, 56.59299498], [16.1140633, 56.5930205], [16.11417152, 56.59335774], [16.11431828, 56.59369041], [16.1143307, 56.59371536], [16.11451557, 56.5940423], [16.1147377, 56.59436208], [16.11475453, 56.59438627], [16.11501308, 56.59469773], [16.11503418, 56.59472089], [16.11532817, 56.5950226], [16.11565622, 56.59531349], [16.11568104, 56.59533546], [16.11604192, 56.59561428], [16.1160706, 56.59563486], [16.11646305, 56.59590056], [16.11688135, 56.59614968], [16.11688518, 56.59615198], [16.11691716, 56.59617082], [16.11736745, 56.59640698], [16.11740274, 56.59642418], [16.11787928, 56.59664411], [16.1183803, 56.59684703], [16.11841836, 56.59686222], [16.11894168, 56.59704724], [16.11898223, 56.59706035], [16.11952583, 56.59722667], [16.12008753, 56.5973737], [16.12013002, 56.59738454], [16.12070752, 56.59751166], [16.12075183, 56.59752024], [16.12134283, 56.59762693], [16.12194504, 56.59771277], [16.1219983, 56.59771993], [16.12246934, 56.59777092], [16.12308005, 56.59783556], [16.12313672, 56.59783999], [16.12375379, 56.5978832], [16.12394349, 56.59788975], [16.12437451, 56.59790472], [16.12442343, 56.59790589], [16.12504539, 56.59790566], [16.12509423, 56.59790414]]]}, "properties": {"deso": "0880B3010", "pop": 1204.0, "income": 344.6, "male_frac": 0.5125, "child_frac": 0.1968, "elder_frac": 0.2608, "dependency": 0.8438, "needZ": 0.382}}, {"type": "Feature", "geometry": {"type": "Polygon", "coordinates": [[[15.99874203, 56.60774199], [15.99900416, 56.60767224], [15.99925641, 56.60757437], [15.99923452, 56.60753897], [15.99897179, 56.60711261], [16.00187214, 56.60516149], [16.00298138, 56.60441525], [16.00516425, 56.60294656], [16.00565013, 56.6026197], [16.00582676, 56.60218521], [16.00633606, 56.60110271], [16.00728083, 56.59909433], [16.00962313, 56.59411396], [16.00960971, 56.59397349], [16.00950501, 56.59287727], [16.00948803, 56.59269856], [16.00942454, 56.59203453], [16.00936974, 56.5914599], [16.00884566, 56.5859717], [16.00862202, 56.583629], [16.00825377, 56.57977064], [16.00833636, 56.57968131], [16.00838595, 56.57962764], [16.00840392, 56.57951116], [16.00832446, 56.57938533], [16.0082989, 56.57935293], [16.00826056, 56.57930437], [16.00821237, 56.57925931], [16.00819718, 56.57918757], [16.00832896, 56.57908051], [16.00846026, 56.5790003], [16.00865582, 56.57897419], [16.00885131, 56.57896605], [16.00922722, 56.578842], [16.00960255, 56.57877176], [16.00978307, 56.57866493], [16.00991485, 56.57855786], [16.01014548, 56.57843786], [16.01045619, 56.57825515], [16.0103607, 56.57810232], [16.01039456, 56.57801284], [16.01047679, 56.57795037], [16.01067315, 56.57787943], [16.01127839, 56.57765766], [16.01173699, 56.57744436], [16.01191662, 56.57740023], [16.01211178, 56.57740996], [16.01225546, 56.57738688], [16.01233688, 56.57736447], [16.01239235, 56.57732055], [16.01246876, 56.57729657], [16.01263668, 56.57728146], [16.01283191, 56.57727385], [16.0129762, 56.57726863], [16.01309588, 56.5772717], [16.01322827, 56.57725328], [16.01335563, 56.57722718], [16.01347629, 56.57717644], [16.0135696, 56.57718223], [16.0136834, 56.57719649], [16.01380248, 56.57719228], [16.01400295, 56.57713963], [16.01418239, 56.57711346], [16.01442747, 56.57704265], [16.01450462, 56.57705154], [16.01474805, 56.57694401], [16.0146314, 56.57678318], [16.01444989, 56.57663168], [16.01436721, 56.57655142], [16.01439753, 56.57642578], [16.01444457, 56.57631787], [16.01432723, 56.5761212], [16.01424229, 56.5759064], [16.01427341, 56.57582557], [16.01450116, 56.57582434], [16.01469632, 56.5758143], [16.01484239, 56.57579559], [16.01503877, 56.5758663], [16.01528289, 56.57586503], [16.01552587, 56.57580097], [16.01563775, 56.57568373], [16.01574895, 56.57553075], [16.01584505, 56.57544049], [16.0159822, 56.57541458], [16.01604922, 56.57541619], [16.01622933, 56.57542055], [16.01637332, 56.57543932], [16.01656259, 56.57545017], [16.01679458, 56.57539204], [16.01694693, 56.5753422], [16.01704904, 56.57527094], [16.01712842, 56.57525322], [16.01719821, 56.57521303], [16.01722919, 56.57513185], [16.01720096, 56.57503542], [16.01715333, 56.57490116], [16.01710807, 56.57477496], [16.01702933, 56.57466664], [16.01705721, 56.57459024], [16.01699862, 56.57448778], [16.01691676, 56.57439817], [16.01693928, 56.57425713], [16.01699914, 56.57416205], [16.01708584, 56.574107], [16.01716239, 56.57410368], [16.01722025, 56.57411919], [16.01728699, 56.57413015], [16.01735379, 56.57410894], [16.01742619, 56.57409092], [16.0175774, 56.57408887], [16.01772953, 56.57408628], [16.01788729, 56.57406819], [16.01808068, 56.57405278], [16.01827776, 56.57401945], [16.01839157, 56.57401924], [16.01855193, 56.57395307], [16.01878325, 56.57378598], [16.01893907, 56.57369577], [16.01906105, 56.57362525], [16.01917635, 56.57353555], [16.0192923, 56.57344531], [16.01944107, 56.57326291], [16.01951281, 56.57321561], [16.01952438, 56.57315174], [16.01955601, 56.5730753], [16.01965945, 56.57302909], [16.01979881, 56.57301582], [16.01987099, 56.57296996], [16.01990229, 56.57288104], [16.01990246, 56.5728328], [16.01987989, 56.57279175], [16.01985539, 56.57277911], [16.01974787, 56.57272376], [16.01965439, 56.57262158], [16.01959502, 56.57253009], [16.01958284, 56.57246129], [16.01958307, 56.57236005], [16.01954816, 56.57230967], [16.01943739, 56.57225327], [16.01931379, 56.5722285], [16.01919296, 56.57221719], [16.01913407, 56.57220312], [16.01911723, 56.57216086], [16.01908928, 56.57214464], [16.01899648, 56.5721225], [16.01889776, 56.5720748], [16.01880535, 56.5720619], [16.01867697, 56.57206933], [16.0184797, 56.57205981], [16.01827563, 56.57206247], [16.01813232, 56.57207352], [16.0179891, 56.57206266], [16.01784872, 56.57201782], [16.01778039, 56.57197733], [16.01778377, 56.57191343], [16.01784103, 56.5718667], [16.01788114, 56.5718308], [16.01779441, 56.57178471], [16.0176745, 56.57172757], [16.01759495, 56.57167388], [16.01751975, 56.57157227], [16.01749181, 56.5714965], [16.01743176, 56.57143429], [16.01739469, 56.57134818], [16.01736356, 56.57124855], [16.01731301, 56.57113533], [16.01725265, 56.5710715], [16.0172169, 56.57100442], [16.01712651, 56.57090204], [16.01711826, 56.57078946], [16.01712557, 56.57068709], [16.0171479, 56.57056896], [16.01715622, 56.57052883], [16.01716918, 56.57046665], [16.01717382, 56.57038963], [16.01722916, 56.57030627], [16.01721976, 56.57020115], [16.01719996, 56.57015838], [16.01714712, 56.57012495], [16.01704998, 56.57011586], [16.01701325, 56.57008238], [16.01696172, 56.57003744], [16.016923, 56.56998], [16.01699366, 56.56990253], [16.01711953, 56.56981176], [16.01720034, 56.56974768], [16.01720418, 56.56965081], [16.01722587, 56.56953377], [16.01726825, 56.56944764], [16.01729507, 56.56935714], [16.01732196, 56.56923898], [16.01731549, 56.56910303], [16.01728824, 56.5690127], [16.0172934, 56.56889508], [16.01730504, 56.56879868], [16.01728211, 56.5687191], [16.01723996, 56.56863896], [16.01720152, 56.56858161], [16.01719948, 56.56850581], [16.01720621, 56.56843156], [16.01713467, 56.56833576], [16.01705874, 56.56826685], [16.0169529, 56.56819855], [16.0169182, 56.56816047], [16.01690522, 56.56810695], [16.01695979, 56.56800015], [16.01693482, 56.56786471], [16.01697128, 56.567763], [16.01700935, 56.56766657], [16.01708688, 56.56754027], [16.01714313, 56.56744603], [16.0172035, 56.56737061], [16.01732788, 56.56727474], [16.01750138, 56.56716939], [16.01778817, 56.56699529], [16.01786055, 56.56692723], [16.01790754, 56.5668831], [16.01803801, 56.56681421], [16.01814299, 56.5667909], [16.01826322, 56.56672075], [16.01842747, 56.56665589], [16.01860597, 56.566637], [16.01876916, 56.56660243], [16.01887885, 56.56657467], [16.01905249, 56.56651441], [16.01921091, 56.5664373], [16.0193481, 56.56640922], [16.01962473, 56.56628183], [16.01983355, 56.56612821], [16.01987998, 56.56599345], [16.01976414, 56.56587753], [16.01977799, 56.56573396], [16.01982416, 56.56567448], [16.01988888, 56.56559112], [16.0199398, 56.56551848], [16.02002728, 56.5653938], [16.02016256, 56.56521977], [16.02020888, 56.56512121], [16.02018968, 56.565046], [16.02010621, 56.5649609], [16.02000787, 56.56491661], [16.01981118, 56.56482795], [16.01968024, 56.56478384], [16.01951739, 56.56477574], [16.01927337, 56.56476813], [16.01902831, 56.56470663], [16.01884866, 56.56466274], [16.01868434, 56.56456501], [16.01861686, 56.56443082], [16.0186064, 56.56432616], [16.01874337, 56.56421491], [16.01885567, 56.56412461], [16.0189029, 56.56403466], [16.01891696, 56.56390906], [16.01891343, 56.56370284], [16.01891092, 56.56355932], [16.01890854, 56.56341588], [16.01885764, 56.56329952], [16.01885628, 56.56321887], [16.01881742, 56.56310097], [16.01890651, 56.56304607], [16.01890759, 56.56297636], [16.01890831, 56.56293826], [16.01879719, 56.56288258], [16.01877161, 56.56281443], [16.01872278, 56.56272015], [16.0186053, 56.56264746], [16.0184713, 56.56258415], [16.01825952, 56.56256738], [16.01809693, 56.56256826], [16.01793353, 56.56252423], [16.01789946, 56.56243477], [16.01789799, 56.56234505], [16.017848, 56.56228258], [16.01776625, 56.56225612], [16.01763511, 56.56219404], [16.01754472, 56.56213576], [16.01721693, 56.5621309], [16.01682847, 56.56212501], [16.01662619, 56.56212199], [16.01615196, 56.56211491], [16.01599276, 56.56211252], [16.01424952, 56.56208633], [16.00328417, 56.56187707], [16.0028613, 56.56186889], [15.99768762, 56.56176984], [15.99643441, 56.55823131], [15.99612012, 56.55734965], [15.99610172, 56.55729806], [15.99557964, 56.555834], [15.99472731, 56.55345399], [15.9937198, 56.55064018], [15.99267789, 56.54860751], [15.99176442, 56.54682533], [15.99043925, 56.5442394], [15.99038626, 56.54413616], [15.99036357, 56.54317473], [15.99029261, 56.54017359], [15.9902146, 56.53687642], [15.99019631, 56.53610359], [15.99019522, 56.53605698], [15.99019329, 56.53597786], [15.99018566, 56.53565463], [15.99015743, 56.53445941], [15.99220331, 56.52651598], [15.99220304, 56.52651599], [15.99220198, 56.52651635], [15.97288185, 56.52407109], [15.95867642, 56.52226608], [15.95776129, 56.51945207], [15.95763588, 56.51923593], [15.95739972, 56.51888454], [15.95735744, 56.51857918], [15.9573852, 56.51803218], [15.95735795, 56.51778078], [15.95734552, 56.51760122], [15.95636461, 56.51425781], [15.95172381, 56.51353331], [15.94342717, 56.51246502], [15.94241123, 56.51237482], [15.94202161, 56.51237104], [15.94176105, 56.51239547], [15.94116399, 56.51246745], [15.93850327, 56.51272598], [15.93526024, 56.51303681], [15.9333473, 56.51298445], [15.93311806, 56.51298043], [15.9307519, 56.51294293], [15.92945517, 56.5129371], [15.91732681, 56.51331352], [15.91258839, 56.51443982], [15.91197053, 56.51459231], [15.90776145, 56.51568687], [15.90410073, 56.51651528], [15.89826682, 56.51793348], [15.89150999, 56.51953958], [15.8864687, 56.51934371], [15.87939268, 56.5191502], [15.86241136, 56.51865345], [15.83675643, 56.5141688], [15.82555039, 56.51757653], [15.82379879, 56.51752581], [15.81841675, 56.51791135], [15.81669632, 56.51852523], [15.81456591, 56.51929726], [15.81273126, 56.51992809], [15.81018121, 56.52060668], [15.81002041, 56.52055141], [15.80968461, 56.52036002], [15.80939664, 56.52020488], [15.80906001, 56.52004942], [15.80846568, 56.51981983], [15.8078864, 56.51963532], [15.80635674, 56.51978386], [15.8057053, 56.51986803], [15.80523851, 56.51974817], [15.80496602, 56.5196841], [15.80389907, 56.51966495], [15.80306799, 56.51958212], [15.80287616, 56.51934594], [15.80247252, 56.51929627], [15.80130816, 56.51944329], [15.80056399, 56.51908941], [15.79962247, 56.5190245], [15.79925073, 56.51895602], [15.79788807, 56.51923902], [15.79586306, 56.51874206], [15.79409763, 56.51837033], [15.79328307, 56.51808162], [15.79295817, 56.51755345], [15.79201986, 56.51726704], [15.79164291, 56.51669635], [15.79131662, 56.5166978], [15.79065536, 56.51586527], [15.78816689, 56.51569388], [15.78628423, 56.51625798], [15.7861406, 56.51634359], [15.78602604, 56.5164416], [15.78594397, 56.51654919], [15.78592028, 56.5165956], [15.78561821, 56.51693212], [15.78394232, 56.51701977], [15.78365764, 56.51668032], [15.78123081, 56.51664009], [15.78076379, 56.51670572], [15.77991019, 56.51659107], [15.75609439, 56.53018935], [15.75605095, 56.53027639], [15.7542577, 56.53373339], [15.75418247, 56.53387415], [15.75275886, 56.53674492], [15.75008013, 56.54199951], [15.74984595, 56.54269636], [15.74246273, 56.54783212], [15.74243196, 56.54793219], [15.74237339, 56.54806449], [15.74245108, 56.54846357], [15.74283499, 56.54880828], [15.7433598, 56.54980652], [15.74453433, 56.55143801], [15.74442179, 56.55170484], [15.74423419, 56.55259614], [15.74411053, 56.55309595], [15.74416408, 56.55350075], [15.74408938, 56.5539046], [15.74402626, 56.55405841], [15.74420669, 56.55466689], [15.74404184, 56.55630181], [15.74394988, 56.55638697], [15.74388609, 56.55647952], [15.74385232, 56.55657691], [15.74384713, 56.55664772], [15.74398187, 56.55697173], [15.74400578, 56.55702081], [15.74401375, 56.55707142], [15.74400589, 56.55712204], [15.74398203, 56.55717114], [15.74394309, 56.55721719], [15.74389038, 56.55725891], [15.74385524, 56.55727987], [15.74204117, 56.5585392], [15.74160065, 56.55878229], [15.74170172, 56.56007411], [15.74204296, 56.56085841], [15.74447907, 56.5624864], [15.74476484, 56.56254721], [15.74501409, 56.56268809], [15.744937, 56.56288231], [15.74548504, 56.56366383], [15.74692966, 56.56383796], [15.74808828, 56.56391246], [15.74920682, 56.56364919], [15.74923301, 56.56364382], [15.74926059, 56.56364096], [15.74928863, 56.56364088], [15.74931619, 56.56364341], [15.74934259, 56.56364864], [15.74936689, 56.56365622], [15.74938856, 56.56366606], [15.74940664, 56.5636779], [15.74942085, 56.56369119], [15.74943067, 56.56370569], [15.74943566, 56.56372093], [15.74943597, 56.56373638], [15.74943131, 56.56375158], [15.74942285, 56.56376502], [15.74940547, 56.56381561], [15.74940434, 56.56386699], [15.7494193, 56.56391783], [15.74945004, 56.56396633], [15.74949561, 56.56401124], [15.74955463, 56.56405104], [15.7496252, 56.56408466], [15.74971514, 56.56411349], [15.75005726, 56.56416595], [15.75041079, 56.56418484], [15.75076485, 56.56416958], [15.75110872, 56.56412053], [15.75143196, 56.56403926], [15.75147196, 56.56402644], [15.75289558, 56.56363445], [15.75413805, 56.56337074], [15.75469133, 56.56327333], [15.7566307, 56.56380419], [15.75830954, 56.56579681], [15.75984393, 56.56683338], [15.76056691, 56.56723991], [15.76073283, 56.5673033], [15.76401604, 56.56851433], [15.76487173, 56.56885642], [15.76678955, 56.56957436], [15.77027842, 56.57087423], [15.77089613, 56.57126887], [15.77139303, 56.57443763], [15.77217796, 56.579517], [15.77219594, 56.57951024], [15.77224816, 56.57997117], [15.77246714, 56.58134253], [15.7723729, 56.58138848], [15.77229454, 56.58144277], [15.77223443, 56.58150378], [15.77219443, 56.5815696], [15.77217569, 56.58163834], [15.77217885, 56.58170776], [15.77220387, 56.58177578], [15.77224989, 56.58184044], [15.77231553, 56.58189968], [15.77313768, 56.58256], [15.77382774, 56.58312071], [15.77483633, 56.58353392], [15.77505747, 56.58374561], [15.77496206, 56.58462704], [15.77492201, 56.58524816], [15.78010828, 56.585511], [15.78102927, 56.58579123], [15.78194525, 56.58597114], [15.78374026, 56.58635373], [15.78463629, 56.58659986], [15.78566359, 56.5867336], [15.79243302, 56.58812347], [15.79945574, 56.58959408], [15.80021456, 56.58978107], [15.80215768, 56.59094572], [15.80523082, 56.5927708], [15.80610018, 56.59324511], [15.80783987, 56.59433707], [15.80866094, 56.59489234], [15.80912118, 56.59523284], [15.80936761, 56.59540298], [15.80994085, 56.59567089], [15.8103511, 56.59592144], [15.81089386, 56.59635167], [15.81112513, 56.59660311], [15.81327937, 56.59627313], [15.81387426, 56.59618426], [15.81728241, 56.59568306], [15.82270935, 56.59496425], [15.82323059, 56.5949979], [15.82366987, 56.5949869], [15.82508516, 56.59492623], [15.82684199, 56.59485502], [15.82721719, 56.59491639], [15.82734639, 56.59484367], [15.82791541, 56.59479596], [15.82833851, 56.59479404], [15.82869499, 56.59467516], [15.82890745, 56.59473725], [15.82942804, 56.5947168], [15.82993297, 56.59474155], [15.83030706, 56.59472172], [15.83102237, 56.5946643], [15.83151, 56.59461703], [15.83198145, 56.59457876], [15.83276233, 56.59454802], [15.83370594, 56.59451655], [15.83419416, 56.59451427], [15.83477961, 56.59447549], [15.83484276, 56.59433098], [15.8349384, 56.59418635], [15.83519527, 56.59392377], [15.83563047, 56.59360627], [15.83609868, 56.59332467], [15.8368061, 56.59268142], [15.8371107, 56.59233741], [15.83738445, 56.59212887], [15.83744719, 56.59194835], [15.83741113, 56.59169618], [15.83720522, 56.59090395], [15.83706978, 56.59051708], [15.83833715, 56.59037587], [15.83955604, 56.59025295], [15.84090521, 56.59013838], [15.84223834, 56.59003288], [15.84370068, 56.58986371], [15.84450885, 56.58977307], [15.84513065, 56.58971262], [15.84576873, 56.58958764], [15.84600721, 56.58954623], [15.84644582, 56.58949007], [15.84789228, 56.58935688], [15.84925778, 56.5892422], [15.85021614, 56.58912041], [15.85080122, 56.5890635], [15.85132212, 56.58907898], [15.85171321, 56.58911322], [15.8523967, 56.58910989], [15.85247928, 56.5891996], [15.85277201, 56.58918915], [15.85295057, 56.58915226], [15.85311267, 56.58910642], [15.85339012, 56.58916811], [15.85335844, 56.5892224], [15.8542071, 56.58939857], [15.85503925, 56.58953891], [15.85677307, 56.59014373], [15.85793466, 56.59055278], [15.85868714, 56.59081968], [15.85935792, 56.59105991], [15.85984981, 56.59130991], [15.86009679, 56.59150699], [15.8602123, 56.59161461], [15.86063826, 56.5918109], [15.86104873, 56.5920523], [15.86173821, 56.5924636], [15.86230998, 56.59260507], [15.86310946, 56.59272753], [15.86385931, 56.59280505], [15.86464137, 56.59284642], [15.86535783, 56.59286102], [15.86644855, 56.59286483], [15.86729979, 56.59319431], [15.86796717, 56.59318211], [15.8685207, 56.59318849], [15.8693347, 56.59319358], [15.86998618, 56.59320843], [15.87045814, 56.59320621], [15.87118923, 56.59310354], [15.87220008, 56.59320685], [15.87226456, 56.59316149], [15.87239515, 56.59318788], [15.87227301, 56.5937382], [15.87425231, 56.5943866], [15.87543003, 56.59475945], [15.8758058, 56.59484771], [15.87678449, 56.59496909], [15.87813825, 56.59512482], [15.8783503, 56.5951598], [15.87959186, 56.59543317], [15.88094737, 56.59571488], [15.88133969, 56.59582116], [15.88294293, 56.59633599], [15.88317385, 56.59611446], [15.88662456, 56.59228494], [15.88749174, 56.59132237], [15.88814033, 56.59060245], [15.8919259, 56.58640003], [15.89243552, 56.58647273], [15.89359795, 56.58663847], [15.89569438, 56.58693743], [15.89576498, 56.58694752], [15.89601003, 56.58698285], [15.89615652, 56.5869376], [15.89649853, 56.58688295], [15.896955, 56.58683699], [15.89719975, 56.58683639], [15.89739541, 56.58682699], [15.89767325, 56.58688013], [15.897935, 56.58695136], [15.89818014, 56.58699567], [15.89826263, 56.58709416], [15.89841049, 56.58723187], [15.89822042, 56.58773161], [15.89836719, 56.58781184], [15.89859667, 56.5879372], [15.89890722, 56.58799927], [15.89926623, 56.58799847], [15.89985204, 56.58783542], [15.9001934, 56.58769102], [15.90059916, 56.58746558], [15.90076077, 56.58729464], [15.90085706, 56.58711483], [15.90095303, 56.58689918], [15.90098496, 56.58683625], [15.9010985, 56.58675521], [15.90129353, 56.58667394], [15.90166852, 56.58664607], [15.90179918, 56.58666372], [15.90196299, 56.58672622], [15.90207859, 56.58687853], [15.90207698, 56.58690109], [15.90206417, 56.58708506], [15.90209759, 56.58717474], [15.90226172, 56.58727307], [15.90252375, 56.58738912], [15.90294972, 56.58756765], [15.90313002, 56.58765698], [15.90321168, 56.58767471], [15.90345618, 56.58764716], [15.90373316, 56.58760167], [15.90389628, 56.5876012], [15.90405953, 56.58760082], [15.90430476, 56.5876541], [15.90458326, 56.58777909], [15.90474772, 56.58791336], [15.904895, 56.58795783], [15.90512345, 56.58796632], [15.90543369, 56.58799244], [15.90590775, 56.58808106], [15.90603857, 56.58811667], [15.90629997, 56.58816085], [15.90661091, 56.58824985], [15.90679114, 56.58833028], [15.90682417, 56.58837504], [15.90689149, 56.58859031], [15.90697498, 56.58879658], [15.90707374, 56.58889511], [15.90730306, 56.58898426], [15.90784247, 56.58908174], [15.9080223, 56.58911716], [15.90821949, 56.58914833], [15.90841438, 56.58917906], [15.90890455, 56.58924968], [15.90903526, 56.58925825], [15.9093779, 56.58925745], [15.90975308, 56.58924752], [15.90985039, 56.58918447], [15.90996394, 56.5891213], [15.91033855, 56.58904858], [15.91061487, 56.58893122], [15.9107285, 56.58887703], [15.91102074, 56.58872371], [15.9113456, 56.58857024], [15.91152462, 56.58851602], [15.91180109, 56.58841654], [15.91202103, 56.58829985], [15.91215825, 56.58822717], [15.91225546, 56.58815504], [15.91246655, 56.58805576], [15.91266186, 56.58799244], [15.91287361, 56.58796501], [15.91300457, 56.58800061], [15.91326696, 56.58815256], [15.91344717, 56.58821492], [15.91352823, 56.58826319], [15.91367666, 56.58826588], [15.91372576, 56.58829219], [15.91391778, 56.58833183], [15.91424336, 56.58835352], [15.91479346, 56.58835387], [15.91501012, 56.58826838], [15.91522531, 56.58818353], [15.91548349, 56.58808839], [15.91572051, 56.58800679], [15.91598402, 56.58791601], [15.91620626, 56.58783945], [15.91668521, 56.58767442], [15.91677071, 56.58764567], [15.91724031, 56.58748798], [15.91729177, 56.58746747], [15.91735848, 56.58744453], [15.91740136, 56.58742984], [15.91798529, 56.58723114], [15.91840862, 56.58710927], [15.91846096, 56.58710825], [15.91858764, 56.5871057], [15.91881229, 56.58713458], [15.91907903, 56.58719396], [15.9194338, 56.58727317], [15.91957696, 56.58736302], [15.91975254, 56.58749422], [15.91992819, 56.58758409], [15.92009733, 56.58763799], [15.92028925, 56.58775658], [15.92048438, 56.58791297], [15.92060806, 56.58794708], [15.92085863, 56.58797595], [15.92114515, 56.58798146], [15.92145431, 56.58801753], [15.92166594, 56.58803554], [15.92187083, 56.58811828], [15.92214741, 56.58822798], [15.92245985, 56.58831073], [15.92281461, 56.58835041], [15.92322795, 56.58846366], [15.92351111, 56.58850693], [15.92372264, 56.58855368], [15.92390823, 56.58858249], [15.92416204, 56.58858437], [15.92439005, 56.58855214], [15.92474492, 56.58847512], [15.92785672, 56.58839949], [15.93423698, 56.58849303], [15.94065858, 56.59007644], [15.94907445, 56.59215076], [15.95490028, 56.59416062], [15.95741121, 56.59502675], [15.95757455, 56.59504417], [15.95777033, 56.59504365], [15.95808191, 56.59517743], [15.95880038, 56.59522022], [15.95932344, 56.59529946], [15.959618, 56.59537049], [15.95984757, 56.59546852], [15.95996371, 56.59564772], [15.95658132, 56.60135779], [15.95812655, 56.60225261], [15.95973864, 56.60318598], [15.95986991, 56.60297037], [15.96001744, 56.60278167], [15.96005086, 56.60261092], [15.96003534, 56.60244917], [15.96003603, 56.60229637], [15.96006011, 56.60225019], [15.9601467, 56.60202082], [15.96022907, 56.60181574], [15.96020539, 56.60177721], [15.96007565, 56.60149139], [15.96028626, 56.60133814], [15.96052909, 56.60115795], [15.96055904, 56.6011208], [15.96060188, 56.60106765], [15.96067401, 56.60097799], [15.96079464, 56.60083019], [15.96093163, 56.60064508], [15.9610442, 56.60049213], [15.96130509, 56.6004734], [15.96156659, 56.60049959], [15.96166622, 56.60065197], [15.96183099, 56.60080404], [15.96217574, 56.60098255], [15.9623885, 56.60103588], [15.96260079, 56.60104421], [15.96295941, 56.60100721], [15.96322025, 56.60097061], [15.96328609, 56.60102426], [15.96343386, 56.60110459], [15.9639079, 56.60117503], [15.96428388, 56.60121882], [15.96446208, 56.60110157], [15.96455885, 56.60099356], [15.96449697, 56.60092101], [15.96445959, 56.6008772], [15.9644348, 56.6008481], [15.96436045, 56.60076074], [15.96432687, 56.60067108], [15.96445586, 56.60053606], [15.9644554, 56.6004863], [15.96445426, 56.60038346], [15.96446957, 56.60029369], [15.96450126, 56.6002038], [15.96459765, 56.60005986], [15.96467832, 56.59997884], [15.96464474, 56.59988919], [15.96456158, 56.59974584], [15.96442196, 56.59957948], [15.96439619, 56.59954878], [15.96429617, 56.59936056], [15.96426241, 56.59925294], [15.96431063, 56.59918995], [15.96431015, 56.59904974], [15.96426425, 56.59895622], [15.9642424, 56.59892082], [15.96417292, 56.59878743], [15.96412576, 56.5986968], [15.96402584, 56.59851756], [15.96405762, 56.59843665], [15.96407142, 56.59820317], [15.96411889, 56.59806842], [15.96413344, 56.5979068], [15.9641478, 56.59772721], [15.96421222, 56.59764623], [15.96422677, 56.5974846], [15.96437217, 56.59734056], [15.9643378, 56.59718803], [15.96428671, 56.59699072], [15.96413693, 56.59673084], [15.96408673, 56.59660529], [15.9640694, 56.5965156], [15.96409624, 56.59648314], [15.96416607, 56.59639861], [15.96431143, 56.59626346], [15.96458773, 56.59615496], [15.96483136, 56.59605552], [15.96514151, 56.59606354], [15.96538547, 56.59598206], [15.96543283, 56.59583832], [15.9654801, 56.59568552], [15.96551055, 56.59547895], [15.96555839, 56.59538013], [15.96565553, 56.59530796], [15.96581773, 56.59521777], [15.96611046, 56.59512711], [15.96633802, 56.59504566], [15.96648906, 56.59498107], [15.96654923, 56.59495527], [15.96677063, 56.59494816], [15.96685919, 56.59494541], [15.96689364, 56.59494802], [15.9670878, 56.59496267], [15.9672678, 56.595007], [15.9676928, 56.59506864], [15.9677501, 56.59508265], [15.96787281, 56.59511296], [15.96802296, 56.59515024], [15.96815131, 56.5951805], [15.96840152, 56.59523936], [15.96872527, 56.5953485], [15.96900044, 56.5954484], [15.96948642, 56.59559409], [15.97015049, 56.59580333], [15.97053553, 56.59598231], [15.97064671, 56.596034], [15.97081293, 56.5961113], [15.97116861, 56.59626536], [15.97142771, 56.59635622], [15.97155713, 56.59640165], [15.97168741, 56.59640225], [15.97203017, 56.596341], [15.97237251, 56.59631569], [15.97286108, 56.59630001], [15.97330038, 56.59631104], [15.97357532, 56.59631787], [15.97373967, 56.59632198], [15.97413056, 56.59631487], [15.9745388, 56.59623604], [15.97458499, 56.59620424], [15.97496662, 56.5959421], [15.97511627, 56.59574555], [15.97529765, 56.59560292], [15.97534802, 56.59550452], [15.9753984, 56.59540612], [15.97549715, 56.59533492], [15.97561028, 56.59538919], [15.97576961, 56.59560514], [15.97584973, 56.59568617], [15.97610904, 56.59575905], [15.97633291, 56.59577957], [15.97641785, 56.59578744], [15.97690658, 56.59576276], [15.97809736, 56.59560681], [15.97822603, 56.59570604], [15.97828934, 56.59582286], [15.97822255, 56.5959301], [15.977974, 56.59620693], [15.9775282, 56.59659938], [15.9774926, 56.59679648], [15.97752252, 56.596967], [15.97768352, 56.59707533], [15.97790946, 56.59720183], [15.97820037, 56.59733769], [15.97857195, 56.59751874], [15.97895983, 56.59769085], [15.97926861, 56.59772812], [15.9797395, 56.59780194], [15.98045475, 56.59786798], [15.98090974, 56.59792386], [15.9815438, 56.59797159], [15.981836, 56.59802669], [15.98218001, 56.59815332], [15.98262468, 56.59835489], [15.98299214, 56.59856721], [15.98318595, 56.59877974], [15.98355405, 56.5991197], [15.98390247, 56.59935328], [15.98411546, 56.59952326], [15.98409693, 56.59970414], [15.98423381, 56.60008707], [15.98446697, 56.60044848], [15.98477705, 56.60075665], [15.98533883, 56.60123467], [15.98580276, 56.60143616], [15.98632489, 56.60169082], [15.98667337, 56.60195628], [15.98699305, 56.60221406], [15.98717996, 56.60233034], [15.98739158, 56.6024564], [15.98745631, 56.60260033], [15.98742292, 56.60290601], [15.98735733, 56.60305888], [15.98730816, 56.60316679], [15.98730785, 56.60324773], [15.98742169, 56.60337366], [15.98769822, 56.60359864], [15.98800756, 56.60377871], [15.98823544, 56.60390482], [15.98851832, 56.60396132], [15.98888054, 56.60401072], [15.98936294, 56.6039767], [15.98969468, 56.6039596], [15.9899666, 56.60405903], [15.99035973, 56.60425811], [15.99069283, 56.60452377], [15.99108667, 56.60487258], [15.99148032, 56.60518815], [15.99190389, 56.60542039], [15.99250804, 56.6056025], [15.99317268, 56.60580111], [15.99374722, 56.60608307], [15.9946542, 56.60648104], [15.99516798, 56.60666323], [15.99589276, 56.60682855], [15.996648, 56.60704366], [15.9972217, 56.60715925], [15.99758444, 56.60730842], [15.99788724, 56.60750757], [15.99809921, 56.60769028], [15.99834101, 56.60775643], [15.99874203, 56.60774199]]]}, "properties": {"deso": "0880A0020", "pop": 892.0, "income": 287.7, "male_frac": 0.5304, "child_frac": 0.1267, "elder_frac": 0.3004, "dependency": 0.7456, "needZ": 0.8916}}, {"type": "Feature", "geometry": {"type": "Polygon", "coordinates": [[[16.16646648, 56.64880273], [16.16651482, 56.6488003], [16.16713251, 56.6487566], [16.1671801, 56.64875158], [16.16779147, 56.64868638], [16.16802096, 56.6486535], [16.16825978, 56.64867004], [16.16831544, 56.64867382], [16.16877003, 56.6486921], [16.16905948, 56.64870205], [16.1693916, 56.6487134], [16.1694473, 56.64871413], [16.17007009, 56.64871376], [16.1702943, 56.64870572], [16.17069167, 56.64869157], [16.17073922, 56.64868959], [16.1713569, 56.64864587], [16.17140397, 56.64864148], [16.17201533, 56.64857626], [16.17261796, 56.64848983], [16.17266388, 56.64848284], [16.17325537, 56.64837558], [16.17329986, 56.64836617], [16.17387781, 56.64823856], [16.1744398, 56.64809097], [16.17448247, 56.64807916], [16.17502638, 56.64791233], [16.17506682, 56.64789839], [16.17559024, 56.64771289], [16.17609131, 56.64750945], [16.176129, 56.64749329], [16.17660559, 56.64727283], [16.17664027, 56.64725481], [16.17709053, 56.64701826], [16.17751248, 56.64676643], [16.17754374, 56.64674664], [16.17793578, 56.64648054], [16.17796349, 56.64645917], [16.17802705, 56.64641006], [16.17820765, 56.64630226], [16.17859969, 56.64603616], [16.17896025, 56.64575697], [16.178977, 56.64574226], [16.17930464, 56.64545098], [16.17959804, 56.64514898], [16.17985605, 56.64483734], [16.18007762, 56.64451734], [16.18008867, 56.64450097], [16.18010026, 56.64448029], [16.18018045, 56.64447737], [16.18022688, 56.64447433], [16.18084448, 56.64443056], [16.18145576, 56.6443653], [16.18150144, 56.64435974], [16.18210399, 56.64427327], [16.18214852, 56.64426539], [16.18273992, 56.64415808], [16.18331777, 56.64403042], [16.18336075, 56.64402022], [16.18392264, 56.64387259], [16.18396353, 56.64386017], [16.18450734, 56.6436933], [16.18503065, 56.64350776], [16.18507584, 56.6434908], [16.1855768, 56.64328733], [16.18600832, 56.64310787], [16.18601057, 56.64310686], [16.18601508, 56.64310475], [16.18602914, 56.6430986], [16.18650562, 56.64287811], [16.1865076, 56.6428771], [16.18652205, 56.64287032], [16.18652721, 56.64286785], [16.18653463, 56.64286409], [16.18653965, 56.64286153], [16.186546, 56.64285823], [16.18699616, 56.64262164], [16.18731003, 56.64245157], [16.18731162, 56.64245065], [16.18731663, 56.64244773], [16.18732971, 56.64244015], [16.18764608, 56.64225119], [16.18776059, 56.64219817], [16.1877966, 56.6421804], [16.18824674, 56.64194381], [16.18866856, 56.64169194], [16.18870656, 56.64166903], [16.18905478, 56.64143718], [16.18944669, 56.64117104], [16.18948033, 56.64114629], [16.18952798, 56.64110945], [16.18969934, 56.64100873], [16.19012114, 56.64075686], [16.19015724, 56.64073352], [16.19054914, 56.64046738], [16.19090956, 56.64018824], [16.19093671, 56.64016651], [16.19108254, 56.64003702], [16.19111045, 56.64003083], [16.19167225, 56.63988316], [16.19221596, 56.63971626], [16.19273918, 56.63953069], [16.19324005, 56.63932719], [16.19371644, 56.63910667], [16.19416651, 56.63887005], [16.19458825, 56.63861817], [16.19498009, 56.63835201], [16.19534046, 56.63807287], [16.1956679, 56.63778155], [16.19596112, 56.63747951], [16.19621894, 56.63716784], [16.19644032, 56.6368478], [16.19662424, 56.63652067], [16.19677005, 56.6361878], [16.19677017, 56.63618735], [16.19678808, 56.63614586], [16.19689531, 56.6358085], [16.1969209, 56.63570387], [16.19698891, 56.63536357], [16.1970176, 56.6350215], [16.19700676, 56.63467917], [16.1969959, 56.63458262], [16.19694557, 56.6342413], [16.19685607, 56.63390252], [16.19672756, 56.63356743], [16.19668266, 56.63347399], [16.19651587, 56.63314412], [16.19631139, 56.63282072], [16.19606992, 56.63250514], [16.19599283, 56.63241829], [16.19571549, 56.63211177], [16.19540339, 56.63181554], [16.19505779, 56.63153069], [16.19495144, 56.63145374], [16.19457372, 56.63118167], [16.19416537, 56.6309232], [16.19372807, 56.63067956], [16.19326344, 56.63045171], [16.19325784, 56.63044889], [16.19296487, 56.63026351], [16.19293267, 56.63024423], [16.19249538, 56.63000058], [16.19246001, 56.62998313], [16.19226095, 56.62988551], [16.19202203, 56.62973428], [16.1919893, 56.6297151], [16.19155202, 56.62947145], [16.19108742, 56.6292436], [16.19105138, 56.62922624], [16.1905615, 56.62901498], [16.19052258, 56.62899972], [16.19000933, 56.62880593], [16.18947489, 56.62863048], [16.18945819, 56.62862525], [16.18944283, 56.62861552], [16.18941011, 56.62859669], [16.18897286, 56.62835303], [16.18850829, 56.62812517], [16.18847241, 56.62810827], [16.18798256, 56.62789699], [16.18794392, 56.627882], [16.18743069, 56.6276882], [16.18689628, 56.62751274], [16.18685515, 56.62749992], [16.18630145, 56.62734351], [16.18625824, 56.62733296], [16.18568768, 56.62719611], [16.18510244, 56.62707951], [16.18505769, 56.62707123], [16.18501095, 56.62706368], [16.18496564, 56.62689182], [16.18483727, 56.62655672], [16.1848269, 56.62653058], [16.18466025, 56.6262007], [16.18464521, 56.62617515], [16.18444073, 56.62585174], [16.18419953, 56.62553612], [16.18417995, 56.62551161], [16.18390275, 56.62520505], [16.18387877, 56.62518165], [16.18356682, 56.6248854], [16.18322137, 56.62460051], [16.1831934, 56.62457868], [16.18281583, 56.62430649], [16.18278401, 56.62428622], [16.18254968, 56.6241378], [16.18255548, 56.62406948], [16.18255506, 56.62404325], [16.18254436, 56.62370092], [16.18249417, 56.6233596], [16.18248919, 56.62333351], [16.18239984, 56.62299471], [16.18239017, 56.62296902], [16.18226183, 56.62263392], [16.18209522, 56.62230403], [16.18208113, 56.62227901], [16.18187683, 56.62195559], [16.18163555, 56.62163997], [16.18161705, 56.6216158], [16.18133991, 56.62130924], [16.18131715, 56.62128619], [16.18100526, 56.62098993], [16.18065986, 56.62070503], [16.18062883, 56.62067973], [16.18032636, 56.62045694], [16.17994885, 56.62018475], [16.17991385, 56.62016145], [16.17989178, 56.62014747], [16.17985799, 56.6199172], [16.1798339, 56.6198214], [16.17974459, 56.6194826], [16.17961628, 56.61914749], [16.17944971, 56.6188176], [16.17939231, 56.61872625], [16.17918805, 56.61840282], [16.17894681, 56.6180872], [16.17893651, 56.6180758], [16.17897978, 56.61786007], [16.17899787, 56.61775498], [16.17902671, 56.6174129], [16.17902673, 56.61739619], [16.17901606, 56.61705386], [16.17896591, 56.61671254], [16.17894652, 56.61660762], [16.17885722, 56.61626882], [16.17872893, 56.61593371], [16.17856238, 56.61560382], [16.178511, 56.61551133], [16.17842167, 56.61536989], [16.17841322, 56.61509859], [16.17837042, 56.61480723], [16.17837656, 56.61479316], [16.17838662, 56.61476675], [16.17849395, 56.61442941], [16.17856209, 56.61408911], [16.1785673, 56.61406239], [16.17859615, 56.61372031], [16.17859638, 56.61369336], [16.17858572, 56.61335103], [16.17853558, 56.6130097], [16.17853099, 56.61298289], [16.1784417, 56.61264409], [16.17843066, 56.6126132], [16.17830239, 56.61227809], [16.17809358, 56.61181565], [16.178093, 56.61181431], [16.17789291, 56.61136445], [16.17772639, 56.61103455], [16.17771028, 56.61100479], [16.17750608, 56.61068136], [16.17748771, 56.61065665], [16.17724654, 56.61034103], [16.17696951, 56.61003446], [16.17694688, 56.61001095], [16.17683987, 56.6099092], [16.17684929, 56.60986222], [16.17686348, 56.60975699], [16.17689234, 56.60941491], [16.17688169, 56.60907258], [16.17688117, 56.60906001], [16.17687979, 56.60905032], [16.17687911, 56.60903281], [16.176829, 56.60869148], [16.17680747, 56.60859548], [16.17671821, 56.60825668], [16.17658997, 56.60792157], [16.17642348, 56.60759167], [16.17636864, 56.60749993], [16.17616447, 56.6071765], [16.17592333, 56.60686087], [16.17578045, 56.60670268], [16.17607251, 56.60650428], [16.17643272, 56.60622509], [16.17676003, 56.60593391], [16.17685566, 56.60584246], [16.17714878, 56.60554046], [16.17740654, 56.60522883], [16.17744874, 56.6051775], [16.17766996, 56.6048575], [16.17773133, 56.60475756], [16.17791539, 56.60443046], [16.17792141, 56.60441666], [16.17796501, 56.60437169], [16.17803025, 56.60429283], [16.1783478, 56.6040771], [16.17837325, 56.60405755], [16.1783846, 56.60405079], [16.17841526, 56.60403038], [16.17880686, 56.60376437], [16.17916702, 56.60348518], [16.17919846, 56.60345964], [16.17952574, 56.60316845], [16.1798135, 56.60290692], [16.17992015, 56.60282497], [16.18028029, 56.60254578], [16.18028685, 56.60254069], [16.1804626, 56.6024005], [16.18049071, 56.60237571], [16.18051999, 56.60234974], [16.18075875, 56.60216701], [16.18111888, 56.60188781], [16.18115028, 56.6018611], [16.18147753, 56.60156991], [16.18177058, 56.60126791], [16.18179306, 56.60124362], [16.18205075, 56.60093198], [16.18206863, 56.60090647], [16.18228979, 56.60058646], [16.18234183, 56.6004938], [16.1825524, 56.60035077], [16.1829125, 56.60007157], [16.18294543, 56.60004233], [16.1830926, 56.5999423], [16.18311975, 56.59992138], [16.18347984, 56.59964217], [16.18380705, 56.59935098], [16.18383053, 56.59932883], [16.18412355, 56.59902682], [16.1841431, 56.59900346], [16.18440076, 56.59869181], [16.18462189, 56.5983718], [16.18463724, 56.59834749], [16.18482121, 56.59802037], [16.18483238, 56.59799538], [16.18497816, 56.59766252], [16.18508525, 56.59732518], [16.18509198, 56.59729978], [16.18516016, 56.59695948], [16.18516284, 56.59692946], [16.18519149, 56.59658738], [16.18519292, 56.59616552], [16.1851822, 56.59582319], [16.18517949, 56.59579232], [16.18512945, 56.59545099], [16.18504001, 56.5951122], [16.18503302, 56.59508594], [16.18490488, 56.59475084], [16.18489334, 56.59472517], [16.18472683, 56.59439528], [16.18452253, 56.59407186], [16.1845063, 56.59404687], [16.18426531, 56.59373125], [16.18424482, 56.59370728], [16.18396786, 56.59340072], [16.18365618, 56.59310447], [16.18363157, 56.59308179], [16.18328641, 56.59279699], [16.18325782, 56.59277571], [16.18288056, 56.59250352], [16.18247272, 56.59224509], [16.18244042, 56.59222545], [16.18243918, 56.59222475], [16.18244871, 56.59219438], [16.18245813, 56.59214785], [16.18252633, 56.59180756], [16.18255499, 56.59146548], [16.18255733, 56.59135991], [16.18254664, 56.59101758], [16.18249664, 56.59067625], [16.18240724, 56.59033745], [16.18237513, 56.59024245], [16.18224704, 56.58990734], [16.18208045, 56.58957745], [16.18187632, 56.58925403], [16.18181122, 56.58916419], [16.18157028, 56.58884857], [16.18129338, 56.588542], [16.18098176, 56.58824574], [16.18088632, 56.58816472], [16.18054123, 56.58787991], [16.18016404, 56.58760771], [16.17975627, 56.58734928], [16.17963381, 56.5872801], [16.17919697, 56.5870364], [16.1787331, 56.58680841], [16.17824384, 56.58659709], [16.17809941, 56.58654232], [16.17758681, 56.58634856], [16.17747517, 56.58631189], [16.17710323, 56.58639293], [16.17724606, 56.58696658], [16.17532555, 56.58767275], [16.17291646, 56.58761932], [16.17294061, 56.587233], [16.17082315, 56.58768683], [16.17007233, 56.58784777], [16.16988212, 56.58788855], [16.16970672, 56.58792613], [16.16952727, 56.58796743], [16.16784791, 56.58835358], [16.16697681, 56.58853791], [16.1647598, 56.58900326], [16.16259947, 56.58946229], [16.1614495, 56.58970623], [16.15783473, 56.59047654], [16.15677621, 56.59070063], [16.1559733, 56.59087042], [16.15402725, 56.59128652], [16.15384805, 56.59132385], [16.15364549, 56.59158183], [16.15332593, 56.59164462], [16.15314358, 56.59169761], [16.15303418, 56.59145213], [16.15255995, 56.59142302], [16.152316, 56.59163611], [16.15236375, 56.59177544], [16.15186323, 56.59182679], [16.15168914, 56.59187358], [16.14749245, 56.59222974], [16.14744394, 56.59223315], [16.14626573, 56.59225964], [16.14556696, 56.59243002], [16.14520198, 56.59249689], [16.14470142, 56.59259186], [16.14413611, 56.59264611], [16.14363374, 56.59269942], [16.14316449, 56.59276428], [16.14268642, 56.59283065], [16.14238766, 56.59284499], [16.14229661, 56.59284932], [16.14160346, 56.59290393], [16.14134381, 56.59295042], [16.14092241, 56.59302588], [16.14034118, 56.59313172], [16.13948987, 56.59317869], [16.1390167, 56.59319848], [16.13855851, 56.59321624], [16.13809492, 56.59319757], [16.13700206, 56.59315169], [16.13678079, 56.59314392], [16.13611698, 56.59305378], [16.13518878, 56.59310259], [16.13386937, 56.59335249], [16.13386938, 56.59337953], [16.1338691, 56.59486809], [16.1338691, 56.59492612], [16.13386868, 56.59649967], [16.13137642, 56.59683865], [16.13136805, 56.5968372], [16.12610487, 56.59758383], [16.12610461, 56.59758392], [16.12610474, 56.59758392], [16.12614856, 56.59785166], [16.12633191, 56.59783868], [16.1263804, 56.59783447], [16.12662325, 56.59780856], [16.12666717, 56.59780852], [16.12728794, 56.59778664], [16.12733582, 56.59778449], [16.12795272, 56.59774091], [16.12799999, 56.59773608], [16.12861061, 56.59767116], [16.12880452, 56.59764335], [16.12895898, 56.59767519], [16.12955001, 56.59778184], [16.13015223, 56.59786763], [16.13076296, 56.59793215], [16.13095189, 56.59794894], [16.13156897, 56.5979921], [16.13162463, 56.59799411], [16.13224536, 56.59801559], [16.13284945, 56.59801539], [16.13298857, 56.59805958], [16.13353225, 56.59822584], [16.13409402, 56.5983728], [16.13467158, 56.59849985], [16.13483784, 56.59853077], [16.13542889, 56.59863739], [16.13603115, 56.59872316], [16.1366419, 56.59878765], [16.13683181, 56.59880127], [16.13744891, 56.59884441], [16.13806965, 56.59886586], [16.13813227, 56.5988669], [16.1381824, 56.59886779], [16.13880437, 56.59886749], [16.13942515, 56.59884555], [16.13961619, 56.59883859], [16.14023309, 56.59879494], [16.14024287, 56.59879395], [16.14045159, 56.59878521], [16.14045494, 56.598785], [16.1404595, 56.59878487], [16.14047559, 56.59878391], [16.14048538, 56.59878346], [16.14125517, 56.59873688], [16.14166238, 56.59873664], [16.14183735, 56.59873099], [16.14245812, 56.59870904], [16.14307502, 56.59866537], [16.14368563, 56.59860038], [16.14428754, 56.59851409], [16.1444571, 56.59848962], [16.14475604, 56.5984354], [16.14484588, 56.59851497], [16.14487326, 56.59853655], [16.14523438, 56.59881529], [16.14562694, 56.59908089], [16.14565817, 56.59910091], [16.14608052, 56.59935222], [16.14611505, 56.59937041], [16.14618916, 56.59940925], [16.14622728, 56.59944824], [16.14655561, 56.59973905], [16.14658206, 56.599761], [16.14694321, 56.60003973], [16.14733593, 56.60030533], [16.14736636, 56.6003258], [16.14778874, 56.60057711], [16.14782248, 56.60059575], [16.14827302, 56.6008318], [16.14874979, 56.60105161], [16.1487867, 56.60106843], [16.14928794, 56.60127121], [16.14932774, 56.60128594], [16.14976371, 56.60143992], [16.14971622, 56.60162307], [16.14966749, 56.60196442], [16.14965814, 56.60230676], [16.14968828, 56.60264873], [16.14969001, 56.60266614], [16.14975945, 56.6030064], [16.14986802, 56.60334361], [16.15001514, 56.60367623], [16.15002679, 56.60370164], [16.15021202, 56.60402852], [16.150842, 56.60499124], [16.1510645, 56.60531095], [16.15132343, 56.60562233], [16.1513439, 56.60564603], [16.15163826, 56.60594765], [16.15196669, 56.60623844], [16.15232794, 56.60651716], [16.15234677, 56.60653118], [16.1527396, 56.60679676], [16.15316208, 56.60704805], [16.15361273, 56.60728408], [16.15363632, 56.60729571], [16.15411321, 56.60751551], [16.15461457, 56.60771827], [16.15499454, 56.60785245], [16.15494572, 56.60791668], [16.15492795, 56.60794182], [16.15472503, 56.60826547], [16.15471199, 56.60829138], [16.15454674, 56.60862151], [16.15441994, 56.60895667], [16.15441161, 56.60898316], [16.15432362, 56.60932218], [16.15427492, 56.60966353], [16.1542713, 56.60969034], [16.154262, 56.61003267], [16.15426335, 56.61005952], [16.15429353, 56.61040149], [16.15436303, 56.61074175], [16.15436921, 56.61076837], [16.15447785, 56.61110557], [16.1544906, 56.61113608], [16.15463577, 56.61146405], [16.1546306, 56.61165562], [16.15463288, 56.61176114], [16.15466293, 56.61210312], [16.15469353, 56.61225599], [16.15476316, 56.61259625], [16.1548718, 56.61293345], [16.15491137, 56.61303665], [16.15496231, 56.61315188], [16.15497225, 56.6132002], [16.15498613, 56.61326323], [16.15509478, 56.61360043], [16.1551051, 56.61362611], [16.15511622, 56.61365134], [16.15511412, 56.61372771], [16.15509513, 56.61380119], [16.1550463, 56.61414255], [16.15504387, 56.61415991], [16.15503471, 56.61450224], [16.15506477, 56.61484421], [16.15513441, 56.61518447], [16.15514018, 56.61521056], [16.15524883, 56.61554775], [16.15525713, 56.61556852], [16.1552474, 56.61560634], [16.1551987, 56.61594769], [16.15519076, 56.61604415], [16.15518146, 56.61638649], [16.15521166, 56.61672846], [16.15528118, 56.61706871], [16.15528239, 56.61707337], [16.15529202, 56.61712027], [16.155319, 56.61721595], [16.15534795, 56.61730614], [16.15531887, 56.61741852], [16.15527017, 56.61775987], [16.15525578, 56.61786511], [16.15524648, 56.61820744], [16.15525967, 56.61835769], [16.1549519, 56.61858063], [16.15460773, 56.61886589], [16.15429697, 56.61916261], [16.15423691, 56.61922479], [16.15396112, 56.61953169], [16.15372121, 56.61984759], [16.15351822, 56.62017133], [16.15348131, 56.62023878], [16.153316, 56.62056891], [16.15318915, 56.62090407], [16.15310112, 56.62124309], [16.15308874, 56.62131318], [16.15303988, 56.62165454], [16.1530307, 56.62199687], [16.15306074, 56.62233884], [16.15307363, 56.62240897], [16.15314314, 56.62274923], [16.15316689, 56.62282303], [16.15303267, 56.62293431], [16.15293922, 56.62301674], [16.15262841, 56.62331345], [16.15235258, 56.62362035], [16.15211263, 56.62393634], [16.15205022, 56.62402738], [16.15184719, 56.62435103], [16.15168186, 56.62468115], [16.15155498, 56.62501631], [16.15152362, 56.62512098], [16.15143556, 56.62546], [16.15138669, 56.62580136], [16.15138328, 56.62583067], [16.1513815, 56.62584282], [16.15138057, 56.62585208], [16.15137228, 56.62591081], [16.15137052, 56.62592826], [16.15136132, 56.62627059], [16.15136989, 56.62637552], [16.15140006, 56.62671749], [16.1514697, 56.62705775], [16.15157836, 56.62739495], [16.15172559, 56.62772757], [16.15176741, 56.62782106], [16.15195278, 56.62814794], [16.15217543, 56.62846773], [16.15219915, 56.62849617], [16.15214818, 56.62855278], [16.15213823, 56.6285659], [16.15196933, 56.62866053], [16.15196154, 56.62866491], [16.15196035, 56.62866555], [16.15193076, 56.62868262], [16.15151787, 56.62894399], [16.15151299, 56.62894699], [16.15143159, 56.62899733], [16.15102426, 56.62925631], [16.1509966, 56.6292748], [16.15062006, 56.6295475], [16.15059499, 56.62956713], [16.15025069, 56.62985238], [16.15004563, 56.63002683], [16.15001819, 56.63005278], [16.1497073, 56.63034948], [16.14943139, 56.63065637], [16.1494118, 56.63067973], [16.14917179, 56.63099572], [16.14915639, 56.63102002], [16.14895331, 56.63134376], [16.14878792, 56.63167388], [16.14877671, 56.63169886], [16.14864978, 56.63203402], [16.14856168, 56.63237304], [16.14855506, 56.63239852], [16.14851259, 56.63269535], [16.14847203, 56.6328381], [16.14845061, 56.63292058], [16.14838393, 56.63317712], [16.1483816, 56.633189], [16.14838055, 56.63319413], [16.14837842, 56.63320385], [16.14832951, 56.6335452], [16.14832907, 56.63354862], [16.14832856, 56.63357135], [16.14832842, 56.63357567], [16.14831906, 56.633918], [16.14833239, 56.63421539], [16.14836254, 56.63455736], [16.14836328, 56.63456382], [16.14836435, 56.63457253], [16.14836481, 56.63457908], [16.14836527, 56.63458096], [16.14843476, 56.63492122], [16.14843649, 56.63492938], [16.14843694, 56.63493108], [16.14844025, 56.63494237], [16.14844193, 56.63494909], [16.14855058, 56.6352863], [16.1486386, 56.63554608], [16.14865161, 56.63557605], [16.14879885, 56.63590868], [16.14898423, 56.63623556], [16.14899991, 56.63626057], [16.14905993, 56.63634679], [16.14905573, 56.63636318], [16.1490219, 56.63659911], [16.14898027, 56.63665402], [16.14896381, 56.63667843], [16.14876069, 56.63700207], [16.14859527, 56.63733219], [16.14858326, 56.63735736], [16.14845631, 56.63769252], [16.14844876, 56.63771828], [16.14836065, 56.6380573], [16.14831172, 56.63839865], [16.14830888, 56.63842464], [16.14829952, 56.63876697], [16.14830098, 56.63879301], [16.148331, 56.63913498], [16.14840064, 56.63947524], [16.1484068, 56.63950114], [16.14851547, 56.63983835], [16.14852793, 56.63986796], [16.14867518, 56.64020059], [16.14886387, 56.64056921], [16.14888234, 56.64060174], [16.14888877, 56.64061435], [16.14889931, 56.64063823], [16.14903439, 56.64090198], [16.14915932, 56.64114579], [16.14916733, 56.64116153], [16.14918921, 56.64120013], [16.14919464, 56.64121068], [16.14920792, 56.64124074], [16.1493686, 56.64155456], [16.14955401, 56.64188144], [16.14957255, 56.64191172], [16.14979526, 56.64223143], [16.14981592, 56.6422563], [16.15007509, 56.64256768], [16.1503696, 56.6428693], [16.15039466, 56.64289296], [16.15072354, 56.64318375], [16.15108513, 56.64346247], [16.15111445, 56.64348448], [16.1511706, 56.64352241], [16.15117841, 56.64353617], [16.15119605, 56.64356322], [16.15141878, 56.64388293], [16.15150178, 56.64399418], [16.1517244, 56.64429242], [16.1519836, 56.6446037], [16.15200787, 56.64463204], [16.15230241, 56.64493366], [16.15232732, 56.64495678], [16.15265623, 56.64524748], [16.15301786, 56.64552619], [16.15304702, 56.64554766], [16.15344013, 56.64581324], [16.15347287, 56.64583305], [16.15389594, 56.64608434], [16.15434705, 56.64632036], [16.15438324, 56.64633826], [16.15486063, 56.64655813], [16.15489984, 56.64657403], [16.15540173, 56.64677679], [16.15592593, 56.64696155], [16.1559679, 56.64697517], [16.15651238, 56.64714133], [16.15695648, 56.6472573], [16.15724893, 56.64739193], [16.15728685, 56.64740919], [16.15778875, 56.64761194], [16.15782956, 56.64762692], [16.15835378, 56.64781167], [16.15889829, 56.64797782], [16.15894171, 56.64799053], [16.15950432, 56.64813737], [16.15954982, 56.64814763], [16.16012823, 56.64827456], [16.16072014, 56.64838106], [16.16076731, 56.64838871], [16.16133989, 56.64847005], [16.16137041, 56.64847435], [16.16137756, 56.64847509], [16.16192106, 56.64857287], [16.16196785, 56.64858115], [16.16257096, 56.64866679], [16.16261901, 56.64867236], [16.16323061, 56.6487368], [16.16384855, 56.64877971], [16.16390554, 56.64878313], [16.16452712, 56.64880445], [16.16516548, 56.64882497], [16.16522211, 56.64882525], [16.1658449, 56.6488249], [16.16646648, 56.64880273]]]}, "properties": {"deso": "0880B3020", "pop": 2394.0, "income": 344.6, "male_frac": 0.4975, "child_frac": 0.2218, "elder_frac": 0.1809, "dependency": 0.6741, "needZ": 0.0364}}, {"type": "Feature", "geometry": {"type": "Polygon", "coordinates": [[[16.26794147, 56.65688433], [16.26799295, 56.65681104], [16.2682008, 56.65651518], [16.26869954, 56.65580116], [16.26923128, 56.65508518], [16.26973724, 56.65501516], [16.26991582, 56.65498971], [16.27026328, 56.65495832], [16.27091611, 56.65498795], [16.27309234, 56.65410981], [16.27346614, 56.6539346], [16.27431682, 56.65354573], [16.27614732, 56.65267054], [16.27690351, 56.65230894], [16.27790255, 56.65183121], [16.27969927, 56.65097203], [16.27953355, 56.65064585], [16.27943169, 56.65048548], [16.27949546, 56.65033921], [16.27960185, 56.65000179], [16.27960942, 56.64997539], [16.27967684, 56.64963505], [16.27967957, 56.64960843], [16.27970752, 56.64926634], [16.27969593, 56.64892402], [16.27969382, 56.64889736], [16.27964272, 56.64855608], [16.2796359, 56.64852965], [16.27958815, 56.64835057], [16.28004157, 56.64828519], [16.28063262, 56.64817742], [16.28121019, 56.64804922], [16.28177175, 56.64790123], [16.28231517, 56.64773385], [16.28283819, 56.6475479], [16.28333867, 56.64734413], [16.28381464, 56.64712327], [16.28426409, 56.64688624], [16.28468545, 56.64663405], [16.28478298, 56.64656765], [16.28479352, 56.64656134], [16.28518481, 56.646295], [16.28554458, 56.6460155], [16.28556744, 56.64599595], [16.28589426, 56.64570449], [16.28618681, 56.64540215], [16.28644393, 56.6450903], [16.28666446, 56.64477011], [16.28673241, 56.64464876], [16.28689293, 56.64445406], [16.28691979, 56.64442144], [16.28714031, 56.64410125], [16.2873236, 56.64377399], [16.28746865, 56.64344101], [16.28751415, 56.64329672], [16.28760956, 56.64307772], [16.28771586, 56.64274029], [16.28778319, 56.64239994], [16.28778979, 56.64236071], [16.28779301, 56.64232124], [16.28780207, 56.64227533], [16.28782995, 56.64193324], [16.28781828, 56.64159092], [16.28776712, 56.64124965], [16.28767665, 56.64091084], [16.28754745, 56.64057594], [16.28737984, 56.6402462], [16.28717441, 56.63992296], [16.28693227, 56.63960755], [16.28665414, 56.63930123], [16.28634127, 56.63900515], [16.28599492, 56.63872064], [16.28594597, 56.6386809], [16.28556752, 56.63840903], [16.28515848, 56.63815095], [16.28498106, 56.63804166], [16.28454295, 56.63779834], [16.28407782, 56.63757074], [16.28358732, 56.63735985], [16.28335553, 56.63727268], [16.28317885, 56.63704247], [16.28307689, 56.63693006], [16.28300261, 56.63681324], [16.28276052, 56.63649782], [16.28248245, 56.63619149], [16.28216964, 56.6358954], [16.28182335, 56.63561088], [16.28144496, 56.63533899], [16.28109877, 56.63512059], [16.28103833, 56.63496374], [16.2808708, 56.63463398], [16.28066546, 56.63431073], [16.28042341, 56.63399531], [16.28014537, 56.63368897], [16.28008096, 56.63362478], [16.27976819, 56.63332868], [16.27965231, 56.63323348], [16.27937857, 56.63297435], [16.27903233, 56.63268982], [16.27893575, 56.63262047], [16.27896572, 56.63246916], [16.27899366, 56.63212707], [16.27899512, 56.63207881], [16.27898354, 56.6317365], [16.27893247, 56.63139522], [16.27892072, 56.63132204], [16.27883036, 56.63098331], [16.27870127, 56.63064831], [16.27853379, 56.63031856], [16.27832848, 56.6299953], [16.27808648, 56.62967987], [16.2778085, 56.62937353], [16.27749578, 56.62907743], [16.27741422, 56.62900667], [16.27706803, 56.62872213], [16.27699019, 56.62866625], [16.27682401, 56.62852962], [16.27644573, 56.62825771], [16.27628169, 56.62814477], [16.27587283, 56.62788666], [16.27562051, 56.62774642], [16.27561031, 56.62773906], [16.27520146, 56.62748095], [16.27476354, 56.62723759], [16.27475397, 56.62723284], [16.27451801, 56.62706323], [16.27410917, 56.62680511], [16.27367127, 56.62656175], [16.27320634, 56.62633411], [16.27277756, 56.62614968], [16.27263489, 56.62607981], [16.2721446, 56.62586887], [16.27207147, 56.62584069], [16.271958, 56.62579191], [16.27178716, 56.62572763], [16.27151385, 56.62559379], [16.27102358, 56.62538284], [16.27050997, 56.62518947], [16.26997508, 56.62501437], [16.26942107, 56.62485824], [16.26885025, 56.62472186], [16.2682648, 56.62460557], [16.26766727, 56.62450997], [16.2670597, 56.62443539], [16.26667568, 56.6244022], [16.26655907, 56.62438785], [16.26594429, 56.62433464], [16.26532459, 56.62430303], [16.26470238, 56.62429301], [16.26408036, 56.62430481], [16.26346096, 56.62433823], [16.26284657, 56.62439324], [16.26223974, 56.62446946], [16.26212598, 56.62448805], [16.26202461, 56.62448288], [16.2614024, 56.62447283], [16.26078038, 56.62448462], [16.26016096, 56.62451802], [16.25954657, 56.62457302], [16.25893973, 56.62464923], [16.258343, 56.62474653], [16.25775864, 56.62486446], [16.25718907, 56.62500253], [16.25663653, 56.6251602], [16.25657723, 56.6251793], [16.256044, 56.6253559], [16.25553207, 56.62555079], [16.25504384, 56.62576313], [16.25458088, 56.62599202], [16.25452698, 56.62602032], [16.25409142, 56.62626491], [16.25368497, 56.62652422], [16.25330907, 56.62679723], [16.25296558, 56.62708275], [16.25265565, 56.62737971], [16.25242415, 56.62763814], [16.25244915, 56.62733382], [16.25244882, 56.62723842], [16.25243748, 56.6268961], [16.25238666, 56.62655481], [16.25229668, 56.62621606], [16.2522632, 56.62612253], [16.25213437, 56.6257875], [16.251967, 56.62545771], [16.25176208, 56.6251344], [16.2516964, 56.62504613], [16.25145465, 56.62473065], [16.25117692, 56.62442425], [16.25086445, 56.62412808], [16.25076935, 56.62404845], [16.2504234, 56.62376384], [16.25004535, 56.62349186], [16.24963659, 56.62323366], [16.2495154, 56.62316562], [16.24907783, 56.62292217], [16.2486131, 56.62269444], [16.24812298, 56.62248341], [16.24798022, 56.62242941], [16.24746678, 56.62223595], [16.24744232, 56.62222793], [16.24708786, 56.62207526], [16.24657443, 56.62188179], [16.24603969, 56.62170659], [16.24548583, 56.62155044], [16.24491515, 56.62141386], [16.24454287, 56.62133988], [16.24404979, 56.62120081], [16.24347912, 56.62106422], [16.2428938, 56.62094781], [16.24257091, 56.62089615], [16.24232731, 56.62079115], [16.24181391, 56.62059765], [16.24127922, 56.62042243], [16.24072539, 56.62026626], [16.24015475, 56.62012966], [16.23956945, 56.62001323], [16.23897193, 56.61991749], [16.23836462, 56.61984287], [16.23774995, 56.61978952], [16.23713034, 56.61975768], [16.23650822, 56.6197476], [16.23588626, 56.61975917], [16.2352669, 56.61979245], [16.23465254, 56.61984733], [16.23404587, 56.6199235], [16.23344901, 56.6200206], [16.23286465, 56.62013841], [16.23229505, 56.62027637], [16.2322555, 56.62028763], [16.23196155, 56.62033555], [16.23137718, 56.62045326], [16.23088424, 56.62057267], [16.23035259, 56.62067979], [16.22986218, 56.62079855], [16.22970983, 56.62081218], [16.22910312, 56.62088833], [16.22850624, 56.62098549], [16.22792184, 56.62110319], [16.22735222, 56.62124113], [16.22679961, 56.62139866], [16.2262663, 56.62157513], [16.22575427, 56.6217699], [16.22526591, 56.62198213], [16.22480282, 56.6222109], [16.22436711, 56.62245548], [16.22396049, 56.62271469], [16.22358455, 56.62298752], [16.22324073, 56.62327297], [16.2229306, 56.62356985], [16.22265534, 56.62387699], [16.22241598, 56.62419303], [16.2223894, 56.6242356], [16.22220533, 56.6244786], [16.22200277, 56.62480245], [16.22198851, 56.62482702], [16.22182392, 56.62515724], [16.22181412, 56.62518258], [16.22168773, 56.6255178], [16.2216003, 56.62585687], [16.22159401, 56.62588685], [16.2215459, 56.62622823], [16.2214929, 56.62666388], [16.22149258, 56.6266664], [16.22147103, 56.62682732], [16.22146958, 56.62685743], [16.22146237, 56.62714163], [16.22143295, 56.62735023], [16.22142425, 56.62769257], [16.22145506, 56.62803452], [16.22146462, 56.62813099], [16.22153476, 56.62847121], [16.22164404, 56.62880835], [16.22179202, 56.62914088], [16.22183538, 56.62923451], [16.2220034, 56.62953002], [16.22200992, 56.62954433], [16.22219576, 56.6298711], [16.22226031, 56.62996344], [16.22225669, 56.63010496], [16.22225646, 56.63013137], [16.22225858, 56.63016351], [16.22227993, 56.63047896], [16.22230021, 56.63078176], [16.22232019, 56.63108384], [16.22234073, 56.63138655], [16.22236139, 56.63168889], [16.22236183, 56.63169392], [16.22238125, 56.63198702], [16.22241207, 56.63232897], [16.22241696, 56.63235965], [16.22248711, 56.63269986], [16.22259641, 56.633037], [16.22260519, 56.63306296], [16.2227532, 56.63339559], [16.22276652, 56.63342088], [16.22295239, 56.63374765], [16.22317581, 56.63406731], [16.22319368, 56.63409193], [16.22345339, 56.63440307], [16.22347539, 56.63442647], [16.22377043, 56.63472801], [16.22409966, 56.6350186], [16.22412579, 56.6350408], [16.22448798, 56.63531931], [16.22451796, 56.63533994], [16.22491145, 56.6356052], [16.22533474, 56.63585624], [16.22536829, 56.63587514], [16.22581973, 56.63611099], [16.22585644, 56.63612796], [16.22633424, 56.63634747], [16.22683623, 56.63654994], [16.22687571, 56.63656491], [16.22740025, 56.63674946], [16.22794489, 56.63691531], [16.22798698, 56.6369281], [16.22854969, 56.63707463], [16.22859372, 56.63708497], [16.22917219, 56.63721158], [16.22976411, 56.63731766], [16.22980981, 56.63732565], [16.23041289, 56.63741096], [16.23045986, 56.63741642], [16.23107139, 56.63748053], [16.23168922, 56.6375232], [16.23173691, 56.63752614], [16.23235833, 56.63754712], [16.23241427, 56.63754746], [16.23303687, 56.63754669], [16.23374292, 56.63753224], [16.23392314, 56.63752578], [16.23399197, 56.63752564], [16.23461332, 56.63750321], [16.23466031, 56.63750122], [16.23527773, 56.6374571], [16.23533255, 56.63745188], [16.23594362, 56.63738635], [16.23677984, 56.63728264], [16.23738214, 56.63719599], [16.23743539, 56.63718782], [16.23802652, 56.63708026], [16.23807071, 56.63707093], [16.23864826, 56.63694292], [16.23920983, 56.63679504], [16.2392522, 56.63678339], [16.23979566, 56.63661628], [16.23983567, 56.63660241], [16.24035874, 56.63641664], [16.24085931, 56.63621304], [16.24089684, 56.63619712], [16.24137291, 56.63597642], [16.24140728, 56.63595865], [16.24185687, 56.63572178], [16.24227826, 56.63546973], [16.24230947, 56.6354501], [16.24249121, 56.63532648], [16.24252361, 56.63532247], [16.24312587, 56.63523579], [16.24371695, 56.6351282], [16.24376225, 56.63511993], [16.24433975, 56.6349919], [16.24438337, 56.63498131], [16.24494488, 56.63483341], [16.24548828, 56.63466628], [16.2455298, 56.63465337], [16.24605282, 56.63446758], [16.24609198, 56.63445246], [16.24659249, 56.63424883], [16.24706851, 56.63402811], [16.24710465, 56.63401104], [16.24755417, 56.63377414], [16.24758716, 56.63375513], [16.24800848, 56.63350306], [16.24840003, 56.63323683], [16.2484296, 56.63321614], [16.24878952, 56.63293675], [16.24881527, 56.63291467], [16.24914226, 56.6326233], [16.249435, 56.63232104], [16.24945654, 56.63229756], [16.24971388, 56.63198578], [16.24973136, 56.63196135], [16.24995212, 56.63164123], [16.25013555, 56.63131402], [16.25014856, 56.63128874], [16.25029402, 56.6309558], [16.25030391, 56.63092552], [16.2503207, 56.63087235], [16.25043961, 56.6306959], [16.25044089, 56.630694], [16.25045553, 56.63066933], [16.25059065, 56.63056448], [16.25068798, 56.63048347], [16.25101493, 56.63019209], [16.25130765, 56.62988984], [16.25148108, 56.6296796], [16.25147609, 56.62971576], [16.25147563, 56.62973023], [16.25145968, 56.62979255], [16.25145206, 56.6298467], [16.25141729, 56.62998207], [16.25136945, 56.63032345], [16.25136102, 56.63066579], [16.2513701, 56.6307655], [16.25136917, 56.63080243], [16.25140025, 56.63114437], [16.25147066, 56.63148457], [16.25158022, 56.63182168], [16.25172835, 56.63215427], [16.25184737, 56.63236301], [16.25181585, 56.63258835], [16.25181499, 56.63262348], [16.25181297, 56.63263123], [16.25176512, 56.63297262], [16.2517567, 56.63331495], [16.25178778, 56.6336569], [16.2518582, 56.63399709], [16.25196777, 56.6343342], [16.2520247, 56.634462], [16.25204486, 56.63455935], [16.25215444, 56.63489646], [16.25230258, 56.63522896], [16.25248885, 56.63555568], [16.25271239, 56.6358753], [16.25297236, 56.63618637], [16.25302928, 56.63624445], [16.25302766, 56.63631319], [16.25305642, 56.63662946], [16.25302696, 56.6368396], [16.25301854, 56.63718194], [16.25304964, 56.63752388], [16.25312008, 56.63786408], [16.25322967, 56.63820119], [16.25337784, 56.63853368], [16.25356413, 56.63886041], [16.2537877, 56.63918002], [16.25404771, 56.63949109], [16.25408848, 56.63953272], [16.25438393, 56.63983417], [16.25471345, 56.64012469], [16.25507578, 56.6404031], [16.25546968, 56.64066835], [16.25572438, 56.64081921], [16.25581868, 56.64095408], [16.25583868, 56.64098137], [16.25609871, 56.64129243], [16.25611962, 56.64131486], [16.25641511, 56.64161631], [16.25674465, 56.64190682], [16.25676943, 56.64192804], [16.25705768, 56.64214944], [16.25711445, 56.64232394], [16.25712485, 56.64234962], [16.25727307, 56.6426822], [16.25745942, 56.64300883], [16.25747423, 56.64303383], [16.25769787, 56.64335343], [16.25771696, 56.64337749], [16.25797702, 56.64368855], [16.25827253, 56.64399], [16.25829602, 56.64401294], [16.2586256, 56.64430344], [16.25865281, 56.644325], [16.25901521, 56.6446034], [16.25906046, 56.64463375], [16.25902306, 56.64463314], [16.25840071, 56.64464492], [16.25835275, 56.6446463], [16.25800925, 56.64466477], [16.25774398, 56.64460143], [16.25769699, 56.64459157], [16.2572898, 56.64451071], [16.2568792, 56.64428246], [16.25684404, 56.64426449], [16.256379, 56.6440368], [16.25588856, 56.64382579], [16.25585038, 56.64380983], [16.2553366, 56.6436164], [16.25529567, 56.64360262], [16.25476058, 56.64342745], [16.25420637, 56.64327125], [16.25416322, 56.64325965], [16.25359218, 56.6431232], [16.25354723, 56.64311395], [16.25296154, 56.64299768], [16.25236376, 56.64290201], [16.25231728, 56.64289538], [16.25170944, 56.64282073], [16.2516621, 56.64281654], [16.25104704, 56.64276326], [16.25042704, 56.64273158], [16.25037926, 56.64272999], [16.24975675, 56.64271989], [16.24913443, 56.64273162], [16.2490784, 56.64273281], [16.2486018, 56.64275583], [16.248592, 56.64275637], [16.24843988, 56.64276329], [16.24828832, 56.6427384], [16.24787345, 56.64267195], [16.24749951, 56.64258255], [16.24734254, 56.64254828], [16.24675687, 56.64243198], [16.24670234, 56.64242174], [16.24610459, 56.64232604], [16.24605652, 56.64231996], [16.2454487, 56.64224529], [16.24483365, 56.64219197], [16.24478487, 56.6421886], [16.24416488, 56.64215689], [16.24354239, 56.64214676], [16.24349302, 56.64214609], [16.2428707, 56.64215778], [16.24282156, 56.6421598], [16.24220183, 56.64219311], [16.24158712, 56.64224793], [16.2415386, 56.64225273], [16.24093144, 56.64232894], [16.24088409, 56.64233642], [16.24028703, 56.64243364], [16.23970235, 56.64255148], [16.23965655, 56.64256146], [16.23908664, 56.64269945], [16.23853378, 56.64285704], [16.23849009, 56.6428696], [16.23795652, 56.64304612], [16.23791533, 56.64306099], [16.23740307, 56.64325581], [16.2369145, 56.64346799], [16.2368762, 56.64348517], [16.23677524, 56.64353504], [16.23638051, 56.6436852], [16.23634203, 56.64370104], [16.23585345, 56.64391322], [16.23539016, 56.64414212], [16.23535457, 56.64415999], [16.23491868, 56.64440452], [16.23488651, 56.64442415], [16.23447973, 56.6446834], [16.23410351, 56.64495635], [16.23407503, 56.64497774], [16.23373123, 56.64526321], [16.23370655, 56.64528591], [16.23339633, 56.64558282], [16.233268, 56.64572585], [16.23315841, 56.64581685], [16.23313428, 56.64583973], [16.23282405, 56.64613663], [16.23254857, 56.6464438], [16.23252878, 56.6464678], [16.23228936, 56.64678385], [16.23208691, 56.64710772], [16.23206876, 56.64713691], [16.23162743, 56.64798361], [16.23146269, 56.64831375], [16.23144995, 56.64834379], [16.2313237, 56.64867912], [16.23123631, 56.64901819], [16.2312299, 56.64904439], [16.23118185, 56.64938577], [16.23118029, 56.6494122], [16.23117168, 56.64975454], [16.23120259, 56.65009648], [16.2312056, 56.65012286], [16.23127587, 56.65046307], [16.23128358, 56.65048914], [16.23139301, 56.65082626], [16.23154104, 56.65115888], [16.23155344, 56.65118445], [16.23173961, 56.65151111], [16.23175642, 56.65153583], [16.23197989, 56.65185548], [16.2322398, 56.65216659], [16.23226088, 56.65219028], [16.23255626, 56.65249179], [16.23258161, 56.65251426], [16.23291107, 56.65280483], [16.23327336, 56.65308331], [16.23330256, 56.65310431], [16.23369644, 56.65336963], [16.23372908, 56.65338898], [16.23415263, 56.65363999], [16.23460433, 56.65387571], [16.23464041, 56.65389314], [16.23511849, 56.65411271], [16.23562076, 56.65431505], [16.23565974, 56.65433047], [16.23618457, 56.65451498], [16.23622603, 56.65452823], [16.23677096, 56.65469403], [16.23733397, 56.65484052], [16.23737764, 56.65485149], [16.23763614, 56.65490803], [16.23763931, 56.65491051], [16.23803324, 56.65517582], [16.23816343, 56.65525321], [16.23858703, 56.65550421], [16.23903878, 56.65573992], [16.23916865, 56.65580339], [16.23948822, 56.65595014], [16.2395243, 56.65597152], [16.23964974, 56.65603926], [16.2398178, 56.65612688], [16.23986258, 56.65615113], [16.24031435, 56.65638684], [16.24079249, 56.65660638], [16.24129483, 56.6568087], [16.24135785, 56.65683134], [16.24199832, 56.65672191], [16.24483205, 56.65606588], [16.2454786, 56.65587661], [16.24593812, 56.65575083], [16.24645081, 56.65569576], [16.25222835, 56.65593898], [16.25282543, 56.65595849], [16.25286017, 56.65595967], [16.25362288, 56.6559846], [16.25418171, 56.65601885], [16.25458804, 56.65605015], [16.25504604, 56.65604967], [16.25525849, 56.65606361], [16.25539067, 56.65607009], [16.25584378, 56.65608034], [16.25637137, 56.65609325], [16.25666021, 56.65610265], [16.25687701, 56.65611366], [16.25696551, 56.65607702], [16.25817008, 56.65599622], [16.25886333, 56.65599146], [16.25943966, 56.65600189], [16.25963862, 56.65600634], [16.25966312, 56.65600681], [16.25967638, 56.65601719], [16.26001197, 56.65610919], [16.26012871, 56.65614116], [16.26026843, 56.65598659], [16.26029676, 56.65593267], [16.26085119, 56.65583507], [16.2614981, 56.65582403], [16.26201054, 56.65581856], [16.26210157, 56.65581764], [16.26253979, 56.65581293], [16.26286641, 56.65580944], [16.26341986, 56.65580355], [16.2635482, 56.65582803], [16.26361813, 56.65579534], [16.26364727, 56.65578175], [16.26433413, 56.65551777], [16.26463499, 56.65539183], [16.26502445, 56.65522878], [16.26533263, 56.65543801], [16.26563062, 56.65564024], [16.2659611, 56.6558646], [16.26580684, 56.65597352], [16.2661486, 56.65621339], [16.26649763, 56.65644906], [16.26680747, 56.65665503], [16.26708334, 56.65683898], [16.26709632, 56.65691709], [16.26685557, 56.65714664], [16.26674066, 56.65716182], [16.26756505, 56.65742013], [16.26794147, 56.65688433]]]}, "properties": {"deso": "0880B2010", "pop": 1931.0, "income": 414.3, "male_frac": 0.507, "child_frac": 0.2667, "elder_frac": 0.1533, "dependency": 0.7241, "needZ": -0.7311}}, {"type": "Feature", "geometry": {"type": "Polygon", "coordinates": [[[16.3427465, 56.65893898], [16.34300496, 56.65878124], [16.34324258, 56.65871453], [16.34362658, 56.65862199], [16.34363472, 56.65862002], [16.34379705, 56.65858117], [16.34399646, 56.65853338], [16.34424701, 56.65847839], [16.34442831, 56.6584397], [16.34497378, 56.65825765], [16.34535855, 56.65814147], [16.34539925, 56.65813223], [16.34738838, 56.65768204], [16.34751101, 56.65765421], [16.34783522, 56.65756797], [16.34956381, 56.65704457], [16.35115689, 56.65643845], [16.35162748, 56.65565055], [16.3522906, 56.65466158], [16.35223603, 56.65455374], [16.35381333, 56.65267853], [16.33626675, 56.6446409], [16.3358505, 56.64457458], [16.33543763, 56.64452421], [16.3350944, 56.6444695], [16.33448638, 56.64439526], [16.33387118, 56.64434239], [16.3332511, 56.64431112], [16.33262855, 56.64430144], [16.33254294, 56.64430298], [16.33192063, 56.64431512], [16.33130096, 56.64434888], [16.33068635, 56.64440423], [16.33007934, 56.64448079], [16.32948248, 56.64457843], [16.32945778, 56.64458346], [16.32903167, 56.64465313], [16.32887467, 56.64468203], [16.32829024, 56.64480029], [16.32774273, 56.6449133], [16.32717311, 56.64505169], [16.32701775, 56.64509261], [16.32700243, 56.64509663], [16.32693569, 56.645111], [16.32636607, 56.64524939], [16.32634101, 56.64525558], [16.32578685, 56.64539022], [16.325543, 56.64545417], [16.32499033, 56.64561214], [16.32492101, 56.64563336], [16.32457082, 56.64565244], [16.32428944, 56.64566999], [16.3236748, 56.64572531], [16.32327488, 56.64577573], [16.32325611, 56.64577746], [16.32264907, 56.64585398], [16.32205217, 56.64595159], [16.32146769, 56.64606981], [16.32089804, 56.64620818], [16.32034533, 56.64636613], [16.31981211, 56.646543], [16.31930036, 56.64673815], [16.31881209, 56.64695074], [16.31834926, 56.64717986], [16.31791388, 56.64742477], [16.31750764, 56.64768428], [16.31746599, 56.64771248], [16.31728394, 56.64784493], [16.31692259, 56.64796472], [16.31641081, 56.64815986], [16.3159225, 56.64837244], [16.31545964, 56.64860155], [16.31502422, 56.64884645], [16.31461794, 56.64910595], [16.31448135, 56.64919624], [16.31442469, 56.64923744], [16.3212242, 56.65148589], [16.3272229, 56.65089846], [16.32745893, 56.65225293], [16.32777367, 56.65273933], [16.32812278, 56.65292875], [16.32708811, 56.65333261], [16.3263286, 56.65364802], [16.32567362, 56.65439718], [16.32807623, 56.65529656], [16.32839423, 56.65513228], [16.32891399, 56.65529301], [16.32925701, 56.65515586], [16.33066374, 56.65531277], [16.33209432, 56.65540177], [16.33231344, 56.65521087], [16.33540794, 56.65622829], [16.33579065, 56.65590537], [16.33586125, 56.6559277], [16.33626108, 56.65605457], [16.33635512, 56.65608554], [16.33658023, 56.65615966], [16.33663427, 56.65617749], [16.33665564, 56.65618481], [16.33695795, 56.65628864], [16.33723259, 56.65638648], [16.33729962, 56.65641038], [16.33733017, 56.65642217], [16.33749887, 56.65648711], [16.33763961, 56.65654138], [16.33766498, 56.65655117], [16.33778547, 56.65659578], [16.33797344, 56.65666544], [16.33805715, 56.65669338], [16.33846023, 56.65682793], [16.33877715, 56.65696448], [16.33886682, 56.65699729], [16.33907739, 56.65707434], [16.33945948, 56.65725061], [16.33967137, 56.65738757], [16.33977804, 56.65745569], [16.33989944, 56.65753334], [16.34013947, 56.65771294], [16.34041341, 56.65790384], [16.34060931, 56.65804888], [16.34076611, 56.65817628], [16.34115755, 56.65844856], [16.34123376, 56.65847685], [16.34152464, 56.65858034], [16.34163674, 56.65861174], [16.34164964, 56.65861502], [16.34180681, 56.65865429], [16.34198162, 56.6587355], [16.3422646, 56.65886638], [16.3424357, 56.65897952], [16.3425151, 56.65902179], [16.3427465, 56.65893898]]]}, "properties": {"deso": "0880C1010", "pop": 1453.0, "income": 391.9, "male_frac": 0.4846, "child_frac": 0.1273, "elder_frac": 0.2519, "dependency": 0.6109, "needZ": -0.6824}}, {"type": "Feature", "geometry": {"type": "Polygon", "coordinates": [[[16.3152758, 56.66643574], [16.31526823, 56.66587079], [16.3160053, 56.66558533], [16.31774383, 56.6655939], [16.3177944, 56.66512292], [16.31938818, 56.66495943], [16.31903915, 56.66444301], [16.31918677, 56.66413548], [16.31935845, 56.66387765], [16.31997925, 56.66340107], [16.32057358, 56.6628989], [16.3209764, 56.66256073], [16.32098908, 56.66255008], [16.32101174, 56.6625635], [16.32299436, 56.66104092], [16.32362239, 56.66053147], [16.3242427, 56.66012845], [16.32463527, 56.6598987], [16.32524905, 56.65969347], [16.32548724, 56.65961134], [16.32606583, 56.6595228], [16.32675489, 56.65943884], [16.32798659, 56.65932725], [16.32885995, 56.65926269], [16.32939403, 56.65928582], [16.33040765, 56.65939564], [16.33382994, 56.65995721], [16.33503217, 56.66013845], [16.33623369, 56.66026884], [16.33691888, 56.66035689], [16.33712741, 56.66038366], [16.33779371, 56.66043993], [16.3380822, 56.66046431], [16.33811744, 56.6604678], [16.33872904, 56.66052932], [16.33946849, 56.66061084], [16.33850726, 56.6612711], [16.33810218, 56.66155591], [16.33755223, 56.66208086], [16.33752711, 56.66210476], [16.33719695, 56.66237034], [16.33703364, 56.66255337], [16.33696752, 56.66262757], [16.33665642, 56.66291513], [16.33663381, 56.66293747], [16.33609719, 56.66346398], [16.33586474, 56.66374253], [16.33584088, 56.66390098], [16.33609915, 56.66387305], [16.33668696, 56.6639449], [16.3368853, 56.66393414], [16.33774364, 56.66388747], [16.33792233, 56.66409288], [16.33797985, 56.664091], [16.33804032, 56.66446854], [16.33823775, 56.66483832], [16.3389163, 56.66541223], [16.33904266, 56.66538608], [16.34079963, 56.66501584], [16.34108144, 56.66496116], [16.34152813, 56.66491547], [16.34174998, 56.66488461], [16.34196959, 56.66485152], [16.3421337, 56.66481651], [16.34256692, 56.66473252], [16.34408359, 56.66439447], [16.34418634, 56.66438195], [16.34547854, 56.6640959], [16.34569806, 56.66404529], [16.347295, 56.66367687], [16.34748599, 56.66363366], [16.34729028, 56.66315617], [16.34677233, 56.66236874], [16.34661685, 56.66213237], [16.34660248, 56.66212174], [16.34631475, 56.66190791], [16.34589964, 56.66151732], [16.34553102, 56.66124543], [16.34546222, 56.66119479], [16.3450803, 56.66095368], [16.34476305, 56.6607831], [16.34410985, 56.66040379], [16.34398264, 56.6603298], [16.34367939, 56.66011361], [16.34358315, 56.66001404], [16.34348068, 56.65992828], [16.34312642, 56.65963189], [16.34284748, 56.65936908], [16.34264472, 56.65921685], [16.3425151, 56.65902179], [16.3424357, 56.65897952], [16.3422646, 56.65886638], [16.34198162, 56.6587355], [16.34180681, 56.65865429], [16.34164964, 56.65861502], [16.34163674, 56.65861174], [16.34152464, 56.65858034], [16.34123376, 56.65847685], [16.34115755, 56.65844856], [16.34076611, 56.65817628], [16.34060931, 56.65804888], [16.34041341, 56.65790384], [16.34013947, 56.65771294], [16.33989944, 56.65753334], [16.33977804, 56.65745569], [16.33967137, 56.65738757], [16.33945948, 56.65725061], [16.33907739, 56.65707434], [16.33886682, 56.65699729], [16.33877715, 56.65696448], [16.33846023, 56.65682793], [16.33805715, 56.65669338], [16.33797344, 56.65666544], [16.33778547, 56.65659578], [16.33766498, 56.65655117], [16.33763961, 56.65654138], [16.33749887, 56.65648711], [16.33733017, 56.65642217], [16.33729962, 56.65641038], [16.33723259, 56.65638648], [16.33695795, 56.65628864], [16.33665564, 56.65618481], [16.33663427, 56.65617749], [16.33658023, 56.65615966], [16.33635512, 56.65608554], [16.33626108, 56.65605457], [16.33586125, 56.6559277], [16.33579065, 56.65590537], [16.33540794, 56.65622829], [16.33231344, 56.65521087], [16.33209432, 56.65540177], [16.33066374, 56.65531277], [16.32925701, 56.65515586], [16.32891399, 56.65529301], [16.32839423, 56.65513228], [16.32807623, 56.65529656], [16.32567362, 56.65439718], [16.3263286, 56.65364802], [16.32708811, 56.65333261], [16.32812278, 56.65292875], [16.32777367, 56.65273933], [16.32745893, 56.65225293], [16.3272229, 56.65089846], [16.3212242, 56.65148589], [16.31442469, 56.64923744], [16.31410581, 56.64946943], [16.31376244, 56.64975512], [16.31366363, 56.64984545], [16.31359344, 56.64990387], [16.31328381, 56.65020097], [16.31300909, 56.65050822], [16.31277033, 56.65082451], [16.31256841, 56.65114842], [16.31240437, 56.65147875], [16.31240252, 56.65148371], [16.31224442, 56.65173744], [16.31213036, 56.65193456], [16.3119663, 56.65226489], [16.3119563, 56.6522906], [16.31183076, 56.65262601], [16.31174408, 56.65296504], [16.31169675, 56.65330654], [16.31168887, 56.65364888], [16.31168853, 56.65366631], [16.31170774, 56.65387469], [16.31164143, 56.6541342], [16.31162179, 56.6542387], [16.31157446, 56.65458019], [16.31156658, 56.65492253], [16.31156526, 56.65505118], [16.31159348, 56.65535649], [16.31133244, 56.65547009], [16.31129616, 56.65548673], [16.31083332, 56.65571583], [16.3108002, 56.65573432], [16.31036453, 56.6559792], [16.30995815, 56.65623869], [16.30992832, 56.65625895], [16.30955267, 56.65653212], [16.30937486, 56.65668006], [16.30891768, 56.6569063], [16.30878949, 56.65697241], [16.30835393, 56.65721729], [16.30794752, 56.65747677], [16.30793925, 56.65748278], [16.30758118, 56.65761922], [16.30750655, 56.65765109], [16.3098975, 56.66117257], [16.31427935, 56.6665025], [16.3152758, 56.66643574]]]}, "properties": {"deso": "0880C1020", "pop": 2251.0, "income": 391.9, "male_frac": 0.4865, "child_frac": 0.1102, "elder_frac": 0.199, "dependency": 0.4476, "needZ": -1.0149}}, {"type": "Feature", "geometry": {"type": "Polygon", "coordinates": [[[16.37314817, 56.66780185], [16.37321418, 56.66744135], [16.37295873, 56.66646303], [16.37309065, 56.66627221], [16.37600434, 56.66434019], [16.37604488, 56.66434136], [16.37912289, 56.66432725], [16.38356793, 56.6643251], [16.38641946, 56.66367228], [16.397311, 56.66117789], [16.42051273, 56.65585993], [16.41660748, 56.6433215], [16.40080194, 56.6363913], [16.38000027, 56.64724875], [16.37311724, 56.64941022], [16.36303958, 56.65257372], [16.35959268, 56.6545321], [16.35805186, 56.65540744], [16.35792703, 56.65547833], [16.35667683, 56.65695658], [16.35723285, 56.65819342], [16.35703185, 56.66074216], [16.35696939, 56.66153488], [16.35702996, 56.66164067], [16.35704919, 56.66167406], [16.35710321, 56.66178082], [16.35695119, 56.66180718], [16.35732667, 56.6619903], [16.35766737, 56.66215645], [16.35841292, 56.66279071], [16.3584315, 56.6627985], [16.35845365, 56.66281596], [16.35881409, 56.66354523], [16.35840963, 56.66416507], [16.35814728, 56.66450975], [16.35833131, 56.66490147], [16.35870456, 56.66536569], [16.35887806, 56.66543467], [16.35915561, 56.66565838], [16.35937247, 56.66583316], [16.36120239, 56.66609533], [16.3645565, 56.66666525], [16.36592142, 56.66697431], [16.36681305, 56.66714715], [16.36770983, 56.66732092], [16.36769737, 56.6674117], [16.36934663, 56.66784578], [16.37112546, 56.66821554], [16.3716744, 56.66829537], [16.37314817, 56.66780185]]]}, "properties": {"deso": "0880C1030", "pop": 1976.0, "income": 391.9, "male_frac": 0.4899, "child_frac": 0.0643, "elder_frac": 0.2029, "dependency": 0.3646, "needZ": -1.1839}}, {"type": "Feature", "geometry": {"type": "Polygon", "coordinates": [[[16.31342325, 56.6713809], [16.31364662, 56.67136884], [16.31399373, 56.67134739], [16.31458846, 56.67131057], [16.31490333, 56.67127527], [16.31529632, 56.67122647], [16.31621327, 56.67107593], [16.31641645, 56.6710409], [16.31675598, 56.67097551], [16.31729586, 56.67087152], [16.31799381, 56.67068097], [16.31848616, 56.67054155], [16.31875822, 56.67045962], [16.31897102, 56.67039179], [16.3192169, 56.67030421], [16.3198418, 56.67007256], [16.32037717, 56.66986297], [16.32097707, 56.66959421], [16.32138737, 56.6694102], [16.32176488, 56.66925078], [16.32196462, 56.66916368], [16.32207258, 56.66911511], [16.32212485, 56.66910898], [16.32234268, 56.66900857], [16.32265794, 56.66888126], [16.32290854, 56.66875984], [16.3230382, 56.6686698], [16.32551943, 56.667557], [16.32599975, 56.66734132], [16.32617259, 56.66750046], [16.32810164, 56.66708527], [16.32833868, 56.66703423], [16.33031543, 56.66669127], [16.33304996, 56.66642091], [16.3332299, 56.66640318], [16.33375658, 56.66634741], [16.33400752, 56.66632074], [16.33717915, 56.66569725], [16.33805021, 56.66552602], [16.33808175, 56.66556188], [16.33816131, 56.66555159], [16.33824015, 56.66553996], [16.33831857, 56.66552789], [16.33839683, 56.6655151], [16.33847465, 56.6655016], [16.33855162, 56.66548658], [16.33861136, 56.66547534], [16.3389163, 56.66541223], [16.33823775, 56.66483832], [16.33804032, 56.66446854], [16.33797985, 56.664091], [16.33792233, 56.66409288], [16.33774364, 56.66388747], [16.3368853, 56.66393414], [16.33668696, 56.6639449], [16.33609915, 56.66387305], [16.33584088, 56.66390098], [16.33473647, 56.66402062], [16.33462121, 56.66403308], [16.33452477, 56.66395408], [16.33444818, 56.66378179], [16.33429063, 56.66342766], [16.33311882, 56.66343267], [16.33273532, 56.66333176], [16.33262559, 56.66330284], [16.33240108, 56.66325449], [16.33231093, 56.66323515], [16.33199356, 56.66316677], [16.33183279, 56.66312492], [16.3309692, 56.66290051], [16.33095616, 56.66289705], [16.33021042, 56.66270245], [16.32990952, 56.66262419], [16.32918608, 56.66243608], [16.32856651, 56.66228603], [16.32788431, 56.66215703], [16.327468, 56.66211719], [16.32716582, 56.66213226], [16.32628601, 56.66230253], [16.32526646, 56.66252386], [16.32524336, 56.66252895], [16.32344657, 56.66290415], [16.32315753, 56.66296786], [16.32266678, 56.66301152], [16.32216233, 56.66297888], [16.32176978, 56.66284175], [16.32132682, 56.66269787], [16.32109362, 56.66261195], [16.32101174, 56.6625635], [16.32098908, 56.66255008], [16.3209764, 56.66256073], [16.32057358, 56.6628989], [16.31997925, 56.66340107], [16.31935845, 56.66387765], [16.31918677, 56.66413548], [16.31903915, 56.66444301], [16.31938818, 56.66495943], [16.3177944, 56.66512292], [16.31774383, 56.6655939], [16.3160053, 56.66558533], [16.31526823, 56.66587079], [16.3152758, 56.66643574], [16.31427935, 56.6665025], [16.3098975, 56.66117257], [16.30750655, 56.65765109], [16.30744252, 56.65767853], [16.30695404, 56.65789108], [16.30649101, 56.65812016], [16.30605542, 56.65836502], [16.30594051, 56.65843809], [16.30553407, 56.65869757], [16.30515837, 56.65897073], [16.30481484, 56.6592564], [16.30479935, 56.65927129], [16.30474699, 56.65930939], [16.30440346, 56.65959506], [16.30409368, 56.65989214], [16.30407832, 56.65990721], [16.30380346, 56.66021443], [16.30356456, 56.66053072], [16.30336251, 56.6608546], [16.30335258, 56.66087106], [16.30318842, 56.66120138], [16.30306277, 56.66153677], [16.30297599, 56.6618758], [16.302972, 56.66189291], [16.30292459, 56.66223432], [16.30291663, 56.66257674], [16.3029482, 56.66291867], [16.30295041, 56.66293589], [16.30302135, 56.66327615], [16.30313146, 56.66361312], [16.30316266, 56.66368295], [16.30321005, 56.66390999], [16.30264647, 56.66404668], [16.30248823, 56.6640893], [16.30193532, 56.66424717], [16.30140163, 56.66442397], [16.30114081, 56.66452335], [16.30112214, 56.66452812], [16.30056908, 56.66468599], [16.3005269, 56.66469972], [16.29999333, 56.66487651], [16.29948124, 56.66507158], [16.29944169, 56.66508753], [16.29895307, 56.66530005], [16.29848989, 56.6655291], [16.29845365, 56.66554726], [16.29801793, 56.6657921], [16.29798498, 56.66581212], [16.29757841, 56.66607156], [16.29720258, 56.6663447], [16.29717345, 56.66636638], [16.2968298, 56.66665203], [16.29680489, 56.6666752], [16.296495, 56.66697226], [16.29622002, 56.66727947], [16.29619934, 56.66730403], [16.29596033, 56.66762029], [16.29594425, 56.6676457], [16.29574209, 56.66796958], [16.29557783, 56.66829989], [16.29556649, 56.66832615], [16.29544075, 56.66866153], [16.29535388, 56.66900056], [16.29534726, 56.66902731], [16.29533615, 56.66910746], [16.29506832, 56.66932135], [16.29472462, 56.66960699], [16.29469472, 56.66963362], [16.29438478, 56.66993068], [16.29410977, 56.67023788], [16.29408839, 56.67026191], [16.29384934, 56.67057817], [16.29383244, 56.67060332], [16.29363025, 56.67092719], [16.2935532, 56.67108196], [16.29457414, 56.67110091], [16.29502469, 56.67110925], [16.29519488, 56.67111592], [16.29798302, 56.67116388], [16.29855649, 56.67116976], [16.29990061, 56.67118718], [16.30069269, 56.67119534], [16.30111377, 56.67120361], [16.30123421, 56.67120765], [16.30161947, 56.6712074], [16.30214948, 56.67122513], [16.30256436, 56.67123318], [16.30269223, 56.67123804], [16.30754146, 56.67134443], [16.3077887, 56.67134569], [16.30947264, 56.67136357], [16.31012125, 56.67137858], [16.3105973, 56.67138875], [16.31067046, 56.67139112], [16.31072356, 56.67118809], [16.31156752, 56.67118657], [16.3115515, 56.67139954], [16.31232464, 56.67141233], [16.3126409, 56.67141277], [16.31342325, 56.6713809]]]}, "properties": {"deso": "0880C1070", "pop": 1631.0, "income": 307.1, "male_frac": 0.4921, "child_frac": 0.168, "elder_frac": 0.1858, "dependency": 0.5474, "needZ": 0.2461}}, {"type": "Feature", "geometry": {"type": "Polygon", "coordinates": [[[16.29363025, 56.67092719], [16.29383244, 56.67060332], [16.29384934, 56.67057817], [16.29408839, 56.67026191], [16.29410977, 56.67023788], [16.29438478, 56.66993068], [16.29469472, 56.66963362], [16.29472462, 56.66960699], [16.29506832, 56.66932135], [16.29533615, 56.66910746], [16.29534726, 56.66902731], [16.29535388, 56.66900056], [16.29544075, 56.66866153], [16.29556649, 56.66832615], [16.29557783, 56.66829989], [16.29574209, 56.66796958], [16.29594425, 56.6676457], [16.29596033, 56.66762029], [16.29619934, 56.66730403], [16.29622002, 56.66727947], [16.296495, 56.66697226], [16.29680489, 56.6666752], [16.2968298, 56.66665203], [16.29717345, 56.66636638], [16.29720258, 56.6663447], [16.29757841, 56.66607156], [16.29798498, 56.66581212], [16.29801793, 56.6657921], [16.29845365, 56.66554726], [16.29848989, 56.6655291], [16.29895307, 56.66530005], [16.29944169, 56.66508753], [16.29948124, 56.66507158], [16.29999333, 56.66487651], [16.3005269, 56.66469972], [16.30056908, 56.66468599], [16.30112214, 56.66452812], [16.30114081, 56.66452335], [16.30140163, 56.66442397], [16.30193532, 56.66424717], [16.30248823, 56.6640893], [16.30264647, 56.66404668], [16.30321005, 56.66390999], [16.30316266, 56.66368295], [16.30313146, 56.66361312], [16.30302135, 56.66327615], [16.30295041, 56.66293589], [16.3029482, 56.66291867], [16.30291663, 56.66257674], [16.30292459, 56.66223432], [16.302972, 56.66189291], [16.30297599, 56.6618758], [16.30306277, 56.66153677], [16.30318842, 56.66120138], [16.30335258, 56.66087106], [16.30336251, 56.6608546], [16.30356456, 56.66053072], [16.30380346, 56.66021443], [16.30407832, 56.65990721], [16.30409368, 56.65989214], [16.30440346, 56.65959506], [16.30474699, 56.65930939], [16.30479935, 56.65927129], [16.30481484, 56.6592564], [16.30515837, 56.65897073], [16.30553407, 56.65869757], [16.30594051, 56.65843809], [16.30605542, 56.65836502], [16.30649101, 56.65812016], [16.30695404, 56.65789108], [16.30744252, 56.65767853], [16.30750655, 56.65765109], [16.30758118, 56.65761922], [16.30793925, 56.65748278], [16.30794752, 56.65747677], [16.30835393, 56.65721729], [16.30878949, 56.65697241], [16.30891768, 56.6569063], [16.30937486, 56.65668006], [16.30955267, 56.65653212], [16.30992832, 56.65625895], [16.30995815, 56.65623869], [16.31036453, 56.6559792], [16.3108002, 56.65573432], [16.31083332, 56.65571583], [16.31129616, 56.65548673], [16.31133244, 56.65547009], [16.31159348, 56.65535649], [16.31156526, 56.65505118], [16.31156658, 56.65492253], [16.31157446, 56.65458019], [16.31162179, 56.6542387], [16.31164143, 56.6541342], [16.31170774, 56.65387469], [16.31168853, 56.65366631], [16.31168887, 56.65364888], [16.31169675, 56.65330654], [16.31174408, 56.65296504], [16.31183076, 56.65262601], [16.3119563, 56.6522906], [16.3119663, 56.65226489], [16.31213036, 56.65193456], [16.31224442, 56.65173744], [16.31240252, 56.65148371], [16.31240437, 56.65147875], [16.31256841, 56.65114842], [16.31277033, 56.65082451], [16.31300909, 56.65050822], [16.31328381, 56.65020097], [16.31359344, 56.64990387], [16.31366363, 56.64984545], [16.31376244, 56.64975512], [16.31410581, 56.64946943], [16.31442469, 56.64923744], [16.31448135, 56.64919624], [16.31461794, 56.64910595], [16.31502422, 56.64884645], [16.31545964, 56.64860155], [16.3159225, 56.64837244], [16.31641081, 56.64815986], [16.31692259, 56.64796472], [16.31728394, 56.64784493], [16.31746599, 56.64771248], [16.31750764, 56.64768428], [16.31791388, 56.64742477], [16.31834926, 56.64717986], [16.31881209, 56.64695074], [16.31930036, 56.64673815], [16.31981211, 56.646543], [16.32034533, 56.64636613], [16.32089804, 56.64620818], [16.32146769, 56.64606981], [16.32205217, 56.64595159], [16.32264907, 56.64585398], [16.32325611, 56.64577746], [16.32327488, 56.64577573], [16.3236748, 56.64572531], [16.32428944, 56.64566999], [16.32457082, 56.64565244], [16.32492101, 56.64563336], [16.32499033, 56.64561214], [16.325543, 56.64545417], [16.32578685, 56.64539022], [16.32634101, 56.64525558], [16.32636607, 56.64524939], [16.32693569, 56.645111], [16.32700243, 56.64509663], [16.32701775, 56.64509261], [16.32717311, 56.64505169], [16.32774273, 56.6449133], [16.32829024, 56.64480029], [16.32887467, 56.64468203], [16.32903167, 56.64465313], [16.32945778, 56.64458346], [16.32948248, 56.64457843], [16.33007934, 56.64448079], [16.33068635, 56.64440423], [16.33130096, 56.64434888], [16.33192063, 56.64431512], [16.33254294, 56.64430298], [16.33262855, 56.64430144], [16.3332511, 56.64431112], [16.33387118, 56.64434239], [16.33448638, 56.64439526], [16.3350944, 56.6444695], [16.33543763, 56.64452421], [16.3358505, 56.64457458], [16.33626675, 56.6446409], [16.35381333, 56.65267853], [16.35542491, 56.6530222], [16.36303958, 56.65257372], [16.37311724, 56.64941022], [16.38000027, 56.64724875], [16.40080194, 56.6363913], [16.35869815, 56.61790791], [16.31924339, 56.59122513], [16.27965338, 56.49589481], [16.21668507, 56.51816624], [16.2166848, 56.51816633], [16.21668521, 56.51816623], [16.21668507, 56.51816633], [16.21930254, 56.52966326], [16.21945176, 56.53031837], [16.22013798, 56.53333114], [16.22230456, 56.53546733], [16.22227851, 56.5355496], [16.22226808, 56.53557521], [16.22212286, 56.53590812], [16.2219395, 56.53623529], [16.22192461, 56.53626005], [16.22170416, 56.53658022], [16.22168495, 56.53660422], [16.22142802, 56.53691594], [16.22113577, 56.53721804], [16.2211125, 56.53724091], [16.22078611, 56.5375322], [16.22075891, 56.53755367], [16.22039968, 56.53783298], [16.22000904, 56.53809912], [16.21997817, 56.53811901], [16.2195577, 56.53837098], [16.21952342, 56.5383891], [16.2190747, 56.5386259], [16.21859972, 56.53884651], [16.21856242, 56.53886278], [16.21806301, 56.53906629], [16.2175413, 56.53925196], [16.21750139, 56.5392661], [16.21695922, 56.5394331], [16.21690991, 56.53944697], [16.2163497, 56.53959475], [16.21568625, 56.53976024], [16.21562007, 56.53977499], [16.21561874, 56.53977527], [16.21557068, 56.53978625], [16.21555031, 56.53979076], [16.21497941, 56.53992777], [16.21488008, 56.53994985], [16.2148653, 56.53995341], [16.2148528, 56.53995667], [16.21427208, 56.54009692], [16.21422441, 56.54010753], [16.21419899, 56.54011362], [16.21415484, 56.54012528], [16.21358588, 56.54026442], [16.2135201, 56.54027907], [16.2135016, 56.54028347], [16.2134528, 56.54029635], [16.2128657, 56.54043494], [16.21281338, 56.54044659], [16.21278117, 56.54045436], [16.21275311, 56.54046173], [16.21217591, 56.54060345], [16.21205486, 56.54063033], [16.2114755, 56.5407718], [16.21143049, 56.54078176], [16.21140814, 56.54078728], [16.21135627, 56.5408009], [16.21077604, 56.54094058], [16.21077165, 56.54094161], [16.21076659, 56.54094274], [16.21075421, 56.54094582], [16.21066777, 56.54096858], [16.21008648, 56.54110881], [16.21003574, 56.54112009], [16.21001179, 56.54112589], [16.20996777, 56.54113746], [16.20938687, 56.5412775], [16.2093376, 56.5412884], [16.20931378, 56.5412942], [16.20926829, 56.54130614], [16.20892148, 56.54138973], [16.20869126, 56.54152555], [16.20824244, 56.54176231], [16.20814656, 56.54180878], [16.20767146, 56.54202935], [16.20717195, 56.54223282], [16.20695408, 56.5423104], [16.20695223, 56.5423114], [16.20692586, 56.5423254], [16.20688952, 56.54234678], [16.20687597, 56.5423549], [16.20644614, 56.54261186], [16.20644021, 56.54261506], [16.20635822, 56.54266419], [16.2062757, 56.54271359], [16.20627137, 56.54271641], [16.20585076, 56.54296834], [16.20542146, 56.54322529], [16.2054117, 56.54323059], [16.2053326, 56.54327798], [16.20490224, 56.54353548], [16.20486242, 56.54355706], [16.20441355, 56.54379381], [16.20393841, 56.54401436], [16.20390112, 56.54403089], [16.20385901, 56.54404801], [16.20383541, 56.54406908], [16.20380873, 56.54409072], [16.20344931, 56.54436998], [16.20305849, 56.54463607], [16.20302289, 56.5446595], [16.20260224, 56.54491142], [16.20216486, 56.54517301], [16.20212464, 56.54519478], [16.20167573, 56.54543151], [16.20120056, 56.54565206], [16.20116286, 56.54566877], [16.20066327, 56.54587222], [16.20062269, 56.5458868], [16.20010079, 56.5460724], [16.20004779, 56.54608872], [16.20004327, 56.54609407], [16.19975078, 56.54639612], [16.19972629, 56.54641899], [16.19939966, 56.54671023], [16.19904018, 56.54698948], [16.19900703, 56.54701441], [16.19861615, 56.54728049], [16.19798418, 56.5477104], [16.19794708, 56.54773322], [16.19752636, 56.54798512], [16.19723334, 56.54813966], [16.19712225, 56.5482152], [16.19711559, 56.54822497], [16.19685837, 56.54853664], [16.19677966, 56.54862256], [16.19648713, 56.5489246], [16.19647148, 56.54893859], [16.19647057, 56.54893949], [16.19644448, 56.54896283], [16.19637433, 56.54903519], [16.19634054, 56.54906534], [16.19652038, 56.54915371], [16.19655555, 56.54917143], [16.19699192, 56.54941507], [16.19702379, 56.54943453], [16.19743127, 56.54969291], [16.19780819, 56.54996506], [16.19783636, 56.54998617], [16.19818123, 56.55027093], [16.19820568, 56.55029342], [16.19851712, 56.55058964], [16.19879388, 56.55089617], [16.19881421, 56.55091987], [16.19905505, 56.55123555], [16.19907112, 56.55126028], [16.19927531, 56.55158359], [16.19944175, 56.55191346], [16.19945342, 56.55193895], [16.19949744, 56.55205386], [16.19959304, 56.55224338], [16.19960552, 56.55226886], [16.19973363, 56.55260395], [16.19974156, 56.55262993], [16.19983102, 56.55296872], [16.19988126, 56.55331004], [16.19988464, 56.55333632], [16.19989547, 56.55367865], [16.19989403, 56.55370508], [16.19986541, 56.55404716], [16.19979744, 56.55438747], [16.19979142, 56.55441358], [16.19968458, 56.55475093], [16.19967399, 56.55477664], [16.1995285, 56.55510952], [16.19934486, 56.55543657], [16.19932969, 56.55546169], [16.19910893, 56.55578173], [16.19908943, 56.55580581], [16.19883219, 56.55611749], [16.19853961, 56.55641954], [16.19851592, 56.5564424], [16.19818919, 56.55673364], [16.1981617, 56.55675519], [16.19780212, 56.55703444], [16.19741112, 56.55730051], [16.19737982, 56.5573204], [16.19695899, 56.55757229], [16.19650991, 56.55780901], [16.1964752, 56.55782713], [16.19599984, 56.55804765], [16.19596211, 56.55806392], [16.19546233, 56.55826734], [16.19494024, 56.55845292], [16.19489989, 56.55846696], [16.19435735, 56.55863387], [16.19431466, 56.55864569], [16.19375407, 56.55879336], [16.19355541, 56.5588374], [16.19372082, 56.55916504], [16.19378805, 56.55930157], [16.19391613, 56.55963666], [16.19394801, 56.55974137], [16.19403744, 56.56008016], [16.19408763, 56.56042148], [16.19409842, 56.56076381], [16.19409289, 56.56086106], [16.19408128, 56.56099924], [16.19415399, 56.56107975], [16.19439485, 56.56139544], [16.19441349, 56.5614205], [16.19461769, 56.56174382], [16.19463166, 56.56176973], [16.19479811, 56.56209961], [16.19492284, 56.56242566], [16.19499602, 56.5624953], [16.19527283, 56.56280183], [16.19534402, 56.56288918], [16.1955849, 56.56320478], [16.19578913, 56.56352818], [16.19595559, 56.56385805], [16.19599853, 56.56395996], [16.19612665, 56.56429505], [16.19621611, 56.56463384], [16.19625244, 56.56478566], [16.19630201, 56.56512331], [16.19638431, 56.56528619], [16.19639197, 56.56530363], [16.1965201, 56.56563873], [16.19660956, 56.56597751], [16.19665979, 56.56631884], [16.19666146, 56.56634595], [16.19667226, 56.56668828], [16.19664361, 56.56703036], [16.19663872, 56.56707092], [16.19657069, 56.56741122], [16.1965628, 56.56743762], [16.19645576, 56.56777498], [16.1963102, 56.56810785], [16.19612647, 56.56843499], [16.19590561, 56.56875502], [16.19589405, 56.56877157], [16.19582179, 56.56885904], [16.19576431, 56.56904051], [16.19578921, 56.56921706], [16.19591994, 56.56929], [16.19604291, 56.56936356], [16.19612179, 56.56941355], [16.19613542, 56.56942025], [16.19657203, 56.56966389], [16.19670303, 56.56974078], [16.19711072, 56.56999916], [16.19714382, 56.57002292], [16.19752095, 56.57029507], [16.19786601, 56.57057983], [16.19796721, 56.57066932], [16.19827881, 56.57096554], [16.19855572, 56.57127207], [16.19879669, 56.57158774], [16.1988586, 56.57167824], [16.1990629, 56.57200154], [16.19922943, 56.57233141], [16.19935761, 56.5726665], [16.1993864, 56.57276189], [16.19947591, 56.57310068], [16.19952618, 56.573442], [16.19953701, 56.57378433], [16.19953162, 56.57388095], [16.19950299, 56.57422303], [16.19943497, 56.57456333], [16.19932807, 56.57490069], [16.19928864, 56.57499485], [16.19914307, 56.57532773], [16.19895933, 56.57565487], [16.19873846, 56.57597491], [16.19866635, 56.5760631], [16.19840896, 56.57637478], [16.19811623, 56.57667682], [16.19778932, 56.57696806], [16.19742955, 56.5772473], [16.19732774, 56.5773259], [16.19693653, 56.57759197], [16.19651548, 56.57784386], [16.19606615, 56.57808057], [16.19592682, 56.57815288], [16.1954512, 56.57837341], [16.19534378, 56.57841908], [16.19484372, 56.5786225], [16.19432135, 56.57880808], [16.19415907, 56.57886399], [16.19361624, 56.57903089], [16.19305534, 56.57917857], [16.19247851, 56.57930636], [16.19231461, 56.57934054], [16.19172425, 56.57944788], [16.19112275, 56.57953431], [16.19051254, 56.57959962], [16.19033973, 56.57961547], [16.1897232, 56.57965937], [16.18910277, 56.57968156], [16.18848111, 56.57968211], [16.1883061, 56.57967912], [16.18768565, 56.57965791], [16.18706882, 56.57961503], [16.18703339, 56.57961132], [16.18701936, 56.57964335], [16.1868355, 56.57997038], [16.18681658, 56.58000065], [16.18659558, 56.58032076], [16.18627411, 56.58075932], [16.18601658, 56.58107097], [16.18599303, 56.58109914], [16.18570017, 56.58140115], [16.18567578, 56.58142402], [16.18547125, 56.58160617], [16.18541679, 56.58167209], [16.18512392, 56.5819741], [16.18479687, 56.5822653], [16.18479621, 56.58226585], [16.18476862, 56.5822892], [16.1844087, 56.5825684], [16.18401735, 56.58283444], [16.18359615, 56.58308629], [16.18357239, 56.58309927], [16.18312292, 56.58333594], [16.18264717, 56.58355641], [16.18214697, 56.58375978], [16.18211882, 56.58376984], [16.18159632, 56.58395536], [16.18105336, 56.58412222], [16.18063496, 56.58423228], [16.18038505, 56.58433391], [16.17986253, 56.58451943], [16.17982082, 56.58453375], [16.17927784, 56.58470059], [16.17923364, 56.5847126], [16.1786726, 56.58486021], [16.17809564, 56.58498793], [16.17804961, 56.58499735], [16.17745912, 56.58510463], [16.1768575, 56.58519099], [16.17680991, 56.58519773], [16.17619958, 56.58526297], [16.17615097, 56.58526712], [16.17553433, 56.58531094], [16.17541309, 56.58531523], [16.17518279, 56.58540886], [16.17492104, 56.58550179], [16.17517437, 56.58562632], [16.17542002, 56.58576333], [16.17567982, 56.58581522], [16.17584104, 56.58585331], [16.17641094, 56.58599012], [16.17642814, 56.58599508], [16.17643964, 56.58599776], [16.1769927, 56.58615431], [16.1770255, 56.58616424], [16.17704381, 56.58617026], [16.17705303, 56.58617305], [16.17747517, 56.58631189], [16.17758681, 56.58634856], [16.17809941, 56.58654232], [16.17824384, 56.58659709], [16.1787331, 56.58680841], [16.17919697, 56.5870364], [16.17963381, 56.5872801], [16.17975627, 56.58734928], [16.18016404, 56.58760771], [16.18054123, 56.58787991], [16.18088632, 56.58816472], [16.18098176, 56.58824574], [16.18129338, 56.588542], [16.18157028, 56.58884857], [16.18181122, 56.58916419], [16.18187632, 56.58925403], [16.18208045, 56.58957745], [16.18224704, 56.58990734], [16.18237513, 56.59024245], [16.18240724, 56.59033745], [16.18249664, 56.59067625], [16.18254664, 56.59101758], [16.18255733, 56.59135991], [16.18255499, 56.59146548], [16.18252633, 56.59180756], [16.18245813, 56.59214785], [16.18244871, 56.59219438], [16.18243918, 56.59222475], [16.18244042, 56.59222545], [16.18247272, 56.59224509], [16.18288056, 56.59250352], [16.18325782, 56.59277571], [16.18328641, 56.59279699], [16.18363157, 56.59308179], [16.18365618, 56.59310447], [16.18396786, 56.59340072], [16.18424482, 56.59370728], [16.18426531, 56.59373125], [16.1845063, 56.59404687], [16.18452253, 56.59407186], [16.18472683, 56.59439528], [16.18489334, 56.59472517], [16.18490488, 56.59475084], [16.18503302, 56.59508594], [16.18504001, 56.5951122], [16.18512945, 56.59545099], [16.18517949, 56.59579232], [16.1851822, 56.59582319], [16.18519292, 56.59616552], [16.18519149, 56.59658738], [16.18516284, 56.59692946], [16.18516016, 56.59695948], [16.18509198, 56.59729978], [16.18508525, 56.59732518], [16.18497816, 56.59766252], [16.18483238, 56.59799538], [16.18482121, 56.59802037], [16.18463724, 56.59834749], [16.18462189, 56.5983718], [16.18440076, 56.59869181], [16.1841431, 56.59900346], [16.18412355, 56.59902682], [16.18383053, 56.59932883], [16.18380705, 56.59935098], [16.18347984, 56.59964217], [16.18311975, 56.59992138], [16.1830926, 56.5999423], [16.18294543, 56.60004233], [16.1829125, 56.60007157], [16.1825524, 56.60035077], [16.18234183, 56.6004938], [16.18228979, 56.60058646], [16.18206863, 56.60090647], [16.18205075, 56.60093198], [16.18179306, 56.60124362], [16.18177058, 56.60126791], [16.18147753, 56.60156991], [16.18115028, 56.6018611], [16.18111888, 56.60188781], [16.18075875, 56.60216701], [16.18051999, 56.60234974], [16.18049071, 56.60237571], [16.1804626, 56.6024005], [16.18028685, 56.60254069], [16.18028029, 56.60254578], [16.17992015, 56.60282497], [16.1798135, 56.60290692], [16.17952574, 56.60316845], [16.17919846, 56.60345964], [16.17916702, 56.60348518], [16.17880686, 56.60376437], [16.17841526, 56.60403038], [16.1783846, 56.60405079], [16.17837325, 56.60405755], [16.1783478, 56.6040771], [16.17803025, 56.60429283], [16.17796501, 56.60437169], [16.17792141, 56.60441666], [16.17791539, 56.60443046], [16.17773133, 56.60475756], [16.17766996, 56.6048575], [16.17744874, 56.6051775], [16.17740654, 56.60522883], [16.17714878, 56.60554046], [16.17685566, 56.60584246], [16.17676003, 56.60593391], [16.17643272, 56.60622509], [16.17607251, 56.60650428], [16.17578045, 56.60670268], [16.17592333, 56.60686087], [16.17616447, 56.6071765], [16.17636864, 56.60749993], [16.17642348, 56.60759167], [16.17658997, 56.60792157], [16.17671821, 56.60825668], [16.17680747, 56.60859548], [16.176829, 56.60869148], [16.17687911, 56.60903281], [16.17687979, 56.60905032], [16.17688117, 56.60906001], [16.17688169, 56.60907258], [16.17689234, 56.60941491], [16.17686348, 56.60975699], [16.17684929, 56.60986222], [16.17683987, 56.6099092], [16.17694688, 56.61001095], [16.17696951, 56.61003446], [16.17724654, 56.61034103], [16.17748771, 56.61065665], [16.17750608, 56.61068136], [16.17771028, 56.61100479], [16.17772639, 56.61103455], [16.17789291, 56.61136445], [16.178093, 56.61181431], [16.17809358, 56.61181565], [16.17830239, 56.61227809], [16.17843066, 56.6126132], [16.1784417, 56.61264409], [16.17853099, 56.61298289], [16.17853558, 56.6130097], [16.17858572, 56.61335103], [16.17859638, 56.61369336], [16.17859615, 56.61372031], [16.1785673, 56.61406239], [16.17856209, 56.61408911], [16.17849395, 56.61442941], [16.17838662, 56.61476675], [16.17837656, 56.61479316], [16.17837042, 56.61480723], [16.17841322, 56.61509859], [16.17842167, 56.61536989], [16.178511, 56.61551133], [16.17856238, 56.61560382], [16.17872893, 56.61593371], [16.17885722, 56.61626882], [16.17894652, 56.61660762], [16.17896591, 56.61671254], [16.17901606, 56.61705386], [16.17902673, 56.61739619], [16.17902671, 56.6174129], [16.17899787, 56.61775498], [16.17897978, 56.61786007], [16.17893651, 56.6180758], [16.17894681, 56.6180872], [16.17918805, 56.61840282], [16.17939231, 56.61872625], [16.17944971, 56.6188176], [16.17961628, 56.61914749], [16.17974459, 56.6194826], [16.1798339, 56.6198214], [16.17985799, 56.6199172], [16.17989178, 56.62014747], [16.17991385, 56.62016145], [16.17994885, 56.62018475], [16.18032636, 56.62045694], [16.18062883, 56.62067973], [16.18065986, 56.62070503], [16.18100526, 56.62098993], [16.18131715, 56.62128619], [16.18133991, 56.62130924], [16.18161705, 56.6216158], [16.18163555, 56.62163997], [16.18187683, 56.62195559], [16.18208113, 56.62227901], [16.18209522, 56.62230403], [16.18226183, 56.62263392], [16.18239017, 56.62296902], [16.18239984, 56.62299471], [16.18248919, 56.62333351], [16.18249417, 56.6233596], [16.18254436, 56.62370092], [16.18255506, 56.62404325], [16.18255548, 56.62406948], [16.18254968, 56.6241378], [16.18278401, 56.62428622], [16.18281583, 56.62430649], [16.1831934, 56.62457868], [16.18322137, 56.62460051], [16.18356682, 56.6248854], [16.18387877, 56.62518165], [16.18390275, 56.62520505], [16.18417995, 56.62551161], [16.18419953, 56.62553612], [16.18444073, 56.62585174], [16.18464521, 56.62617515], [16.18466025, 56.6262007], [16.1848269, 56.62653058], [16.18483727, 56.62655672], [16.18496564, 56.62689182], [16.18501095, 56.62706368], [16.18505769, 56.62707123], [16.18510244, 56.62707951], [16.18568768, 56.62719611], [16.18625824, 56.62733296], [16.18630145, 56.62734351], [16.18685515, 56.62749992], [16.18689628, 56.62751274], [16.18743069, 56.6276882], [16.18794392, 56.627882], [16.18798256, 56.62789699], [16.18847241, 56.62810827], [16.18850829, 56.62812517], [16.18897286, 56.62835303], [16.18941011, 56.62859669], [16.18944283, 56.62861552], [16.18945819, 56.62862525], [16.18947489, 56.62863048], [16.19000933, 56.62880593], [16.19052258, 56.62899972], [16.1905615, 56.62901498], [16.19105138, 56.62922624], [16.19108742, 56.6292436], [16.19155202, 56.62947145], [16.1919893, 56.6297151], [16.19202203, 56.62973428], [16.19226095, 56.62988551], [16.19246001, 56.62998313], [16.19249538, 56.63000058], [16.19293267, 56.63024423], [16.19296487, 56.63026351], [16.19325784, 56.63044889], [16.19326344, 56.63045171], [16.19372807, 56.63067956], [16.19416537, 56.6309232], [16.19457372, 56.63118167], [16.19495144, 56.63145374], [16.19505779, 56.63153069], [16.19540339, 56.63181554], [16.19571549, 56.63211177], [16.19599283, 56.63241829], [16.19606992, 56.63250514], [16.19631139, 56.63282072], [16.19651587, 56.63314412], [16.19668266, 56.63347399], [16.19672756, 56.63356743], [16.19685607, 56.63390252], [16.19694557, 56.6342413], [16.1969959, 56.63458262], [16.19700676, 56.63467917], [16.1970176, 56.6350215], [16.19698891, 56.63536357], [16.1969209, 56.63570387], [16.19689531, 56.6358085], [16.19678808, 56.63614586], [16.19677017, 56.63618735], [16.19677005, 56.6361878], [16.19662424, 56.63652067], [16.19644032, 56.6368478], [16.19621894, 56.63716784], [16.19596112, 56.63747951], [16.1956679, 56.63778155], [16.19534046, 56.63807287], [16.19498009, 56.63835201], [16.19458825, 56.63861817], [16.19416651, 56.63887005], [16.19371644, 56.63910667], [16.19324005, 56.63932719], [16.19273918, 56.63953069], [16.19221596, 56.63971626], [16.19167225, 56.63988316], [16.19111045, 56.64003083], [16.19108254, 56.64003702], [16.19093671, 56.64016651], [16.19090956, 56.64018824], [16.19054914, 56.64046738], [16.19015724, 56.64073352], [16.19012114, 56.64075686], [16.18969934, 56.64100873], [16.18952798, 56.64110945], [16.18948033, 56.64114629], [16.18944669, 56.64117104], [16.18905478, 56.64143718], [16.18870656, 56.64166903], [16.18866856, 56.64169194], [16.18824674, 56.64194381], [16.1877966, 56.6421804], [16.18776059, 56.64219817], [16.18764608, 56.64225119], [16.18732971, 56.64244015], [16.18731663, 56.64244773], [16.18731162, 56.64245065], [16.18731003, 56.64245157], [16.18699616, 56.64262164], [16.186546, 56.64285823], [16.18653965, 56.64286153], [16.18653463, 56.64286409], [16.18652721, 56.64286785], [16.18652205, 56.64287032], [16.1865076, 56.6428771], [16.18650562, 56.64287811], [16.18602914, 56.6430986], [16.18601508, 56.64310475], [16.18601057, 56.64310686], [16.18600832, 56.64310787], [16.1855768, 56.64328733], [16.18507584, 56.6434908], [16.18503065, 56.64350776], [16.18450734, 56.6436933], [16.18396353, 56.64386017], [16.18392264, 56.64387259], [16.18336075, 56.64402022], [16.18331777, 56.64403042], [16.18273992, 56.64415808], [16.18214852, 56.64426539], [16.18210399, 56.64427327], [16.18150144, 56.64435974], [16.18145576, 56.6443653], [16.18084448, 56.64443056], [16.18022688, 56.64447433], [16.18018045, 56.64447737], [16.18010026, 56.64448029], [16.18008867, 56.64450097], [16.18007762, 56.64451734], [16.17985605, 56.64483734], [16.17959804, 56.64514898], [16.17930464, 56.64545098], [16.178977, 56.64574226], [16.17896025, 56.64575697], [16.17859969, 56.64603616], [16.17820765, 56.64630226], [16.17802705, 56.64641006], [16.17796349, 56.64645917], [16.17793578, 56.64648054], [16.17754374, 56.64674664], [16.17751248, 56.64676643], [16.17709053, 56.64701826], [16.17664027, 56.64725481], [16.17660559, 56.64727283], [16.176129, 56.64749329], [16.17609131, 56.64750945], [16.17559024, 56.64771289], [16.17506682, 56.64789839], [16.17502638, 56.64791233], [16.17448247, 56.64807916], [16.1744398, 56.64809097], [16.17387781, 56.64823856], [16.17329986, 56.64836617], [16.17325537, 56.64837558], [16.17266388, 56.64848284], [16.17261796, 56.64848983], [16.17201533, 56.64857626], [16.17140397, 56.64864148], [16.1713569, 56.64864587], [16.17073922, 56.64868959], [16.17069167, 56.64869157], [16.1702943, 56.64870572], [16.17155818, 56.64913885], [16.17207198, 56.64931861], [16.17244993, 56.64936751], [16.17318623, 56.649484], [16.17374459, 56.64968624], [16.17431518, 56.64991406], [16.17534313, 56.65042986], [16.1755953, 56.65052503], [16.17570921, 56.65056797], [16.17620444, 56.65075481], [16.17668828, 56.65100311], [16.17704772, 56.65113921], [16.17726476, 56.65119852], [16.17733666, 56.65121841], [16.17764643, 56.65127979], [16.17810324, 56.65135955], [16.17839722, 56.65145765], [16.17867478, 56.65155581], [16.17908314, 56.65170753], [16.1793283, 56.65180581], [16.17950808, 56.65188621], [16.17975308, 56.65196645], [16.17993289, 56.65206481], [16.18016195, 56.65219891], [16.18042357, 56.65233297], [16.18063606, 56.6524313], [16.18089734, 56.65251146], [16.18119133, 56.65260955], [16.18142008, 56.65269883], [16.18168139, 56.65279704], [16.18205688, 56.652886], [16.18236717, 56.65300199], [16.18267775, 56.65313594], [16.1831517, 56.65333239], [16.18344588, 56.65345742], [16.1836584, 56.65357361], [16.18388698, 56.65362704], [16.18421369, 56.65374296], [16.18445856, 56.65380531], [16.18481768, 56.6539122], [16.18506285, 56.6540014], [16.18529147, 56.65408169], [16.18633553, 56.65553452], [16.1866873, 56.6555954], [16.18691574, 56.65563077], [16.1872584, 56.6556929], [16.18743773, 56.6557194], [16.18756824, 56.65574609], [16.1878126, 56.65572759], [16.18808969, 56.65573599], [16.18818762, 56.65572769], [16.18841541, 56.65570836], [16.18875741, 56.65568075], [16.18915342, 56.65565972], [16.18927903, 56.65565475], [16.18978931, 56.65417991], [16.18050976, 56.65159196], [16.18090196, 56.6504519], [16.18172201, 56.64806751], [16.18548941, 56.648354], [16.18544458, 56.64845979], [16.18438701, 56.65136901], [16.18433353, 56.6515163], [16.18529034, 56.65164077], [16.18589858, 56.65176667], [16.18945012, 56.65250209], [16.19026729, 56.65267124], [16.19006043, 56.65337164], [16.19143397, 56.65343117], [16.1947567, 56.65357522], [16.19476717, 56.65365956], [16.1947971, 56.65378081], [16.19483674, 56.65390718], [16.1948861, 56.65406004], [16.19498517, 56.6543814], [16.19510275, 56.65468803], [16.19520049, 56.65483953], [16.19544294, 56.65513939], [16.19565616, 56.65538662], [16.19591739, 56.65565467], [16.1961219, 56.65558399], [16.19640799, 56.65553677], [16.19661083, 56.65559205], [16.19683947, 56.65566333], [16.19724742, 56.65574322], [16.19772061, 56.65583191], [16.19812909, 56.65598356], [16.19827257, 56.65608369], [16.19842388, 56.65618931], [16.19866985, 56.65639517], [16.19893222, 56.65660096], [16.1991126, 56.65675319], [16.19940756, 56.65697681], [16.19965355, 56.65719164], [16.20006292, 56.65745099], [16.20034125, 56.65762087], [16.20066858, 56.6578086], [16.20096268, 56.65791562], [16.20130576, 56.65803152], [16.20158359, 56.65813861], [16.20184497, 56.6582278], [16.20215585, 56.65838865], [16.20254881, 56.65863], [16.20274548, 56.65878215], [16.20285108, 56.65895972], [16.20299124, 56.6590817], [16.20318262, 56.65931673], [16.20333813, 56.65956154], [16.20339593, 56.6596615], [16.20351978, 56.65987526], [16.2035568, 56.66001944], [16.20360361, 56.66001513], [16.2101614, 56.65942004], [16.21965455, 56.66771426], [16.22085071, 56.66790052], [16.22132877, 56.6680666], [16.22179173, 56.66826875], [16.22223944, 56.6685069], [16.22250087, 56.66865192], [16.22252035, 56.66862631], [16.22279607, 56.66831917], [16.22288025, 56.66823453], [16.22319074, 56.66793765], [16.22353497, 56.66765221], [16.22391135, 56.66737929], [16.22402399, 56.66730533], [16.22443109, 56.66704612], [16.22486731, 56.66680163], [16.22533094, 56.66657276], [16.22546756, 56.66651222], [16.22595649, 56.66630008], [16.22646912, 56.66610531], [16.22700306, 56.66592884], [16.22715836, 56.66588419], [16.22771161, 56.66572665], [16.22828191, 56.66558871], [16.22886698, 56.66547092], [16.22946443, 56.66537376], [16.22963267, 56.66534658], [16.23024022, 56.66527043], [16.23085533, 56.66521566], [16.23147544, 56.6651824], [16.23166605, 56.66517297], [16.23228875, 56.66516133], [16.23240098, 56.66516183], [16.23302385, 56.66517202], [16.2336442, 56.66520378], [16.23383549, 56.66521509], [16.2344509, 56.66526846], [16.23505907, 56.66534319], [16.23565716, 56.66543894], [16.23582536, 56.66546808], [16.23641135, 56.66558443], [16.23698267, 56.66572105], [16.23753715, 56.66587732], [16.23769179, 56.66592394], [16.23822712, 56.66609917], [16.23874112, 56.66629267], [16.23890052, 56.66636124], [16.23936487, 56.66651329], [16.23940585, 56.66652815], [16.23991987, 56.66672165], [16.24041051, 56.66693271], [16.24044848, 56.66694976], [16.24091371, 56.66717742], [16.24094851, 56.66719657], [16.24138655, 56.66744013], [16.24179574, 56.66769836], [16.24182684, 56.66771925], [16.24220528, 56.66799125], [16.24222962, 56.66801122], [16.24283455, 56.6679573], [16.24328339, 56.66792758], [16.24355098, 56.66790982], [16.24361621, 56.66789668], [16.24421366, 56.66779944], [16.24482121, 56.66772322], [16.24501005, 56.66770049], [16.24562517, 56.66764565], [16.24577529, 56.66763597], [16.24639542, 56.66760264], [16.24701816, 56.66759092], [16.24720849, 56.66758893], [16.24778011, 56.6675982], [16.24793892, 56.66758718], [16.2482653, 56.66756522], [16.24845392, 56.66755246], [16.24846278, 56.66755184], [16.2489539, 56.66751493], [16.24895833, 56.66751462], [16.24899551, 56.66751191], [16.24948734, 56.66743188], [16.24967395, 56.66740692], [16.25028149, 56.66733066], [16.25043323, 56.66731719], [16.25044574, 56.66730916], [16.2508818, 56.66706458], [16.25091641, 56.66704527], [16.25137989, 56.66681631], [16.2514178, 56.66679904], [16.25190658, 56.6665868], [16.25241908, 56.66639193], [16.25246002, 56.66637678], [16.25299384, 56.6662002], [16.25303728, 56.66618745], [16.25359043, 56.66602981], [16.25416063, 56.66589174], [16.25420617, 56.66588149], [16.25479117, 56.66576358], [16.25483841, 56.66575583], [16.25543579, 56.66565854], [16.2560433, 56.66558226], [16.2560917, 56.66557719], [16.25670677, 56.6655223], [16.25732686, 56.66548891], [16.25737589, 56.66548661], [16.25799859, 56.66547485], [16.25805605, 56.66547525], [16.25867894, 56.66548531], [16.25944946, 56.66551255], [16.25988532, 56.66553473], [16.25968575, 56.66541665], [16.25946057, 56.66526505], [16.25903788, 56.66504475], [16.25861404, 56.66479382], [16.25848481, 56.66471518], [16.25809064, 56.66444994], [16.258032, 56.66440616], [16.2580269, 56.66440244], [16.25766432, 56.66412403], [16.25733457, 56.66383353], [16.25723657, 56.66374298], [16.25715398, 56.66365884], [16.25698037, 56.66355603], [16.25658622, 56.66329079], [16.25655098, 56.6632668], [16.25617561, 56.66298367], [16.25610009, 56.66292559], [16.25609004, 56.66291887], [16.25570975, 56.66263282], [16.25532932, 56.66234668], [16.25525214, 56.66228746], [16.25524319, 56.66228135], [16.25482939, 56.66197031], [16.25449556, 56.66171388], [16.25446203, 56.66171278], [16.25443132, 56.66171174], [16.25430344, 56.66170549], [16.25428362, 56.66170425], [16.25408354, 56.66169117], [16.2534653, 56.66164871], [16.25340997, 56.66164352], [16.25279787, 56.66157952], [16.25219449, 56.66149432], [16.25214825, 56.66148733], [16.25155588, 56.66138127], [16.25151104, 56.66137184], [16.25093213, 56.66124534], [16.25036897, 56.66109891], [16.25032594, 56.66108713], [16.24978085, 56.66092138], [16.24974016, 56.66090733], [16.24921517, 56.66072288], [16.24871274, 56.66052059], [16.24867481, 56.66050435], [16.24819656, 56.66028484], [16.24816166, 56.66026668], [16.2477098, 56.66003101], [16.24728609, 56.65978005], [16.24725462, 56.65976015], [16.24686058, 56.65949488], [16.24649813, 56.65921644], [16.24647038, 56.6591948], [16.2464428, 56.65917046], [16.24629053, 56.65913408], [16.24572743, 56.65898763], [16.24567666, 56.65897385], [16.24513162, 56.65880809], [16.24509053, 56.65879395], [16.24456559, 56.65860948], [16.24406322, 56.65840717], [16.24402488, 56.65839084], [16.24354669, 56.65817132], [16.24351138, 56.65815298], [16.24305957, 56.65791729], [16.24263592, 56.65766631], [16.24260418, 56.65764615], [16.24221019, 56.65738086], [16.24184779, 56.65710241], [16.24181977, 56.65708068], [16.24174705, 56.65701664], [16.24165791, 56.65695662], [16.24165599, 56.65695556], [16.24157848, 56.65690962], [16.24144184, 56.65686158], [16.24135785, 56.65683134], [16.24129483, 56.6568087], [16.24079249, 56.65660638], [16.24031435, 56.65638684], [16.23986258, 56.65615113], [16.2398178, 56.65612688], [16.23964974, 56.65603926], [16.2395243, 56.65597152], [16.23948822, 56.65595014], [16.23916865, 56.65580339], [16.23903878, 56.65573992], [16.23858703, 56.65550421], [16.23816343, 56.65525321], [16.23803324, 56.65517582], [16.23763931, 56.65491051], [16.23763614, 56.65490803], [16.23737764, 56.65485149], [16.23733397, 56.65484052], [16.23677096, 56.65469403], [16.23622603, 56.65452823], [16.23618457, 56.65451498], [16.23565974, 56.65433047], [16.23562076, 56.65431505], [16.23511849, 56.65411271], [16.23464041, 56.65389314], [16.23460433, 56.65387571], [16.23415263, 56.65363999], [16.23372908, 56.65338898], [16.23369644, 56.65336963], [16.23330256, 56.65310431], [16.23327336, 56.65308331], [16.23291107, 56.65280483], [16.23258161, 56.65251426], [16.23255626, 56.65249179], [16.23226088, 56.65219028], [16.2322398, 56.65216659], [16.23197989, 56.65185548], [16.23175642, 56.65153583], [16.23173961, 56.65151111], [16.23155344, 56.65118445], [16.23154104, 56.65115888], [16.23139301, 56.65082626], [16.23128358, 56.65048914], [16.23127587, 56.65046307], [16.2312056, 56.65012286], [16.23120259, 56.65009648], [16.23117168, 56.64975454], [16.23118029, 56.6494122], [16.23118185, 56.64938577], [16.2312299, 56.64904439], [16.23123631, 56.64901819], [16.2313237, 56.64867912], [16.23144995, 56.64834379], [16.23146269, 56.64831375], [16.23162743, 56.64798361], [16.23206876, 56.64713691], [16.23208691, 56.64710772], [16.23228936, 56.64678385], [16.23252878, 56.6464678], [16.23254857, 56.6464438], [16.23282405, 56.64613663], [16.23313428, 56.64583973], [16.23315841, 56.64581685], [16.233268, 56.64572585], [16.23339633, 56.64558282], [16.23370655, 56.64528591], [16.23373123, 56.64526321], [16.23407503, 56.64497774], [16.23410351, 56.64495635], [16.23447973, 56.6446834], [16.23488651, 56.64442415], [16.23491868, 56.64440452], [16.23535457, 56.64415999], [16.23539016, 56.64414212], [16.23585345, 56.64391322], [16.23634203, 56.64370104], [16.23638051, 56.6436852], [16.23677524, 56.64353504], [16.2368762, 56.64348517], [16.2369145, 56.64346799], [16.23740307, 56.64325581], [16.23791533, 56.64306099], [16.23795652, 56.64304612], [16.23849009, 56.6428696], [16.23853378, 56.64285704], [16.23908664, 56.64269945], [16.23965655, 56.64256146], [16.23970235, 56.64255148], [16.24028703, 56.64243364], [16.24088409, 56.64233642], [16.24093144, 56.64232894], [16.2415386, 56.64225273], [16.24158712, 56.64224793], [16.24220183, 56.64219311], [16.24282156, 56.6421598], [16.2428707, 56.64215778], [16.24349302, 56.64214609], [16.24354239, 56.64214676], [16.24416488, 56.64215689], [16.24478487, 56.6421886], [16.24483365, 56.64219197], [16.2454487, 56.64224529], [16.24605652, 56.64231996], [16.24610459, 56.64232604], [16.24670234, 56.64242174], [16.24675687, 56.64243198], [16.24734254, 56.64254828], [16.24749951, 56.64258255], [16.24787345, 56.64267195], [16.24828832, 56.6427384], [16.24843988, 56.64276329], [16.248592, 56.64275637], [16.2486018, 56.64275583], [16.2490784, 56.64273281], [16.24913443, 56.64273162], [16.24975675, 56.64271989], [16.25037926, 56.64272999], [16.25042704, 56.64273158], [16.25104704, 56.64276326], [16.2516621, 56.64281654], [16.25170944, 56.64282073], [16.25231728, 56.64289538], [16.25236376, 56.64290201], [16.25296154, 56.64299768], [16.25354723, 56.64311395], [16.25359218, 56.6431232], [16.25416322, 56.64325965], [16.25420637, 56.64327125], [16.25476058, 56.64342745], [16.25529567, 56.64360262], [16.2553366, 56.6436164], [16.25585038, 56.64380983], [16.25588856, 56.64382579], [16.256379, 56.6440368], [16.25684404, 56.64426449], [16.2568792, 56.64428246], [16.2572898, 56.64451071], [16.25769699, 56.64459157], [16.25774398, 56.64460143], [16.25800925, 56.64466477], [16.25835275, 56.6446463], [16.25840071, 56.64464492], [16.25902306, 56.64463314], [16.25906046, 56.64463375], [16.25901521, 56.6446034], [16.25865281, 56.644325], [16.2586256, 56.64430344], [16.25829602, 56.64401294], [16.25827253, 56.64399], [16.25797702, 56.64368855], [16.25771696, 56.64337749], [16.25769787, 56.64335343], [16.25747423, 56.64303383], [16.25745942, 56.64300883], [16.25727307, 56.6426822], [16.25712485, 56.64234962], [16.25711445, 56.64232394], [16.25705768, 56.64214944], [16.25676943, 56.64192804], [16.25674465, 56.64190682], [16.25641511, 56.64161631], [16.25611962, 56.64131486], [16.25609871, 56.64129243], [16.25583868, 56.64098137], [16.25581868, 56.64095408], [16.25572438, 56.64081921], [16.25546968, 56.64066835], [16.25507578, 56.6404031], [16.25471345, 56.64012469], [16.25438393, 56.63983417], [16.25408848, 56.63953272], [16.25404771, 56.63949109], [16.2537877, 56.63918002], [16.25356413, 56.63886041], [16.25337784, 56.63853368], [16.25322967, 56.63820119], [16.25312008, 56.63786408], [16.25304964, 56.63752388], [16.25301854, 56.63718194], [16.25302696, 56.6368396], [16.25305642, 56.63662946], [16.25302766, 56.63631319], [16.25302928, 56.63624445], [16.25297236, 56.63618637], [16.25271239, 56.6358753], [16.25248885, 56.63555568], [16.25230258, 56.63522896], [16.25215444, 56.63489646], [16.25204486, 56.63455935], [16.2520247, 56.634462], [16.25196777, 56.6343342], [16.2518582, 56.63399709], [16.25178778, 56.6336569], [16.2517567, 56.63331495], [16.25176512, 56.63297262], [16.25181297, 56.63263123], [16.25181499, 56.63262348], [16.25181585, 56.63258835], [16.25184737, 56.63236301], [16.25172835, 56.63215427], [16.25158022, 56.63182168], [16.25147066, 56.63148457], [16.25140025, 56.63114437], [16.25136917, 56.63080243], [16.2513701, 56.6307655], [16.25136102, 56.63066579], [16.25136945, 56.63032345], [16.25141729, 56.62998207], [16.25145206, 56.6298467], [16.25145968, 56.62979255], [16.25147563, 56.62973023], [16.25147609, 56.62971576], [16.25148108, 56.6296796], [16.25130765, 56.62988984], [16.25101493, 56.63019209], [16.25068798, 56.63048347], [16.25059065, 56.63056448], [16.25045553, 56.63066933], [16.25044089, 56.630694], [16.25043961, 56.6306959], [16.2503207, 56.63087235], [16.25030391, 56.63092552], [16.25029402, 56.6309558], [16.25014856, 56.63128874], [16.25013555, 56.63131402], [16.24995212, 56.63164123], [16.24973136, 56.63196135], [16.24971388, 56.63198578], [16.24945654, 56.63229756], [16.249435, 56.63232104], [16.24914226, 56.6326233], [16.24881527, 56.63291467], [16.24878952, 56.63293675], [16.2484296, 56.63321614], [16.24840003, 56.63323683], [16.24800848, 56.63350306], [16.24758716, 56.63375513], [16.24755417, 56.63377414], [16.24710465, 56.63401104], [16.24706851, 56.63402811], [16.24659249, 56.63424883], [16.24609198, 56.63445246], [16.24605282, 56.63446758], [16.2455298, 56.63465337], [16.24548828, 56.63466628], [16.24494488, 56.63483341], [16.24438337, 56.63498131], [16.24433975, 56.6349919], [16.24376225, 56.63511993], [16.24371695, 56.6351282], [16.24312587, 56.63523579], [16.24252361, 56.63532247], [16.24249121, 56.63532648], [16.24230947, 56.6354501], [16.24227826, 56.63546973], [16.24185687, 56.63572178], [16.24140728, 56.63595865], [16.24137291, 56.63597642], [16.24089684, 56.63619712], [16.24085931, 56.63621304], [16.24035874, 56.63641664], [16.23983567, 56.63660241], [16.23979566, 56.63661628], [16.2392522, 56.63678339], [16.23920983, 56.63679504], [16.23864826, 56.63694292], [16.23807071, 56.63707093], [16.23802652, 56.63708026], [16.23743539, 56.63718782], [16.23738214, 56.63719599], [16.23677984, 56.63728264], [16.23594362, 56.63738635], [16.23533255, 56.63745188], [16.23527773, 56.6374571], [16.23466031, 56.63750122], [16.23461332, 56.63750321], [16.23399197, 56.63752564], [16.23392314, 56.63752578], [16.23374292, 56.63753224], [16.23303687, 56.63754669], [16.23241427, 56.63754746], [16.23235833, 56.63754712], [16.23173691, 56.63752614], [16.23168922, 56.6375232], [16.23107139, 56.63748053], [16.23045986, 56.63741642], [16.23041289, 56.63741096], [16.22980981, 56.63732565], [16.22976411, 56.63731766], [16.22917219, 56.63721158], [16.22859372, 56.63708497], [16.22854969, 56.63707463], [16.22798698, 56.6369281], [16.22794489, 56.63691531], [16.22740025, 56.63674946], [16.22687571, 56.63656491], [16.22683623, 56.63654994], [16.22633424, 56.63634747], [16.22585644, 56.63612796], [16.22581973, 56.63611099], [16.22536829, 56.63587514], [16.22533474, 56.63585624], [16.22491145, 56.6356052], [16.22451796, 56.63533994], [16.22448798, 56.63531931], [16.22412579, 56.6350408], [16.22409966, 56.6350186], [16.22377043, 56.63472801], [16.22347539, 56.63442647], [16.22345339, 56.63440307], [16.22319368, 56.63409193], [16.22317581, 56.63406731], [16.22295239, 56.63374765], [16.22276652, 56.63342088], [16.2227532, 56.63339559], [16.22260519, 56.63306296], [16.22259641, 56.633037], [16.22248711, 56.63269986], [16.22241696, 56.63235965], [16.22241207, 56.63232897], [16.22238125, 56.63198702], [16.22236183, 56.63169392], [16.22236139, 56.63168889], [16.22234073, 56.63138655], [16.22232019, 56.63108384], [16.22230021, 56.63078176], [16.22227993, 56.63047896], [16.22225858, 56.63016351], [16.22225646, 56.63013137], [16.22225669, 56.63010496], [16.22226031, 56.62996344], [16.22219576, 56.6298711], [16.22200992, 56.62954433], [16.2220034, 56.62953002], [16.22183538, 56.62923451], [16.22179202, 56.62914088], [16.22164404, 56.62880835], [16.22153476, 56.62847121], [16.22146462, 56.62813099], [16.22145506, 56.62803452], [16.22142425, 56.62769257], [16.22143295, 56.62735023], [16.22146237, 56.62714163], [16.22146958, 56.62685743], [16.22147103, 56.62682732], [16.22149258, 56.6266664], [16.2214929, 56.62666388], [16.2215459, 56.62622823], [16.22159401, 56.62588685], [16.2216003, 56.62585687], [16.22168773, 56.6255178], [16.22181412, 56.62518258], [16.22182392, 56.62515724], [16.22198851, 56.62482702], [16.22200277, 56.62480245], [16.22220533, 56.6244786], [16.2223894, 56.6242356], [16.22241598, 56.62419303], [16.22265534, 56.62387699], [16.2229306, 56.62356985], [16.22324073, 56.62327297], [16.22358455, 56.62298752], [16.22396049, 56.62271469], [16.22436711, 56.62245548], [16.22480282, 56.6222109], [16.22526591, 56.62198213], [16.22575427, 56.6217699], [16.2262663, 56.62157513], [16.22679961, 56.62139866], [16.22735222, 56.62124113], [16.22792184, 56.62110319], [16.22850624, 56.62098549], [16.22910312, 56.62088833], [16.22970983, 56.62081218], [16.22986218, 56.62079855], [16.23035259, 56.62067979], [16.23088424, 56.62057267], [16.23137718, 56.62045326], [16.23196155, 56.62033555], [16.2322555, 56.62028763], [16.23229505, 56.62027637], [16.23286465, 56.62013841], [16.23344901, 56.6200206], [16.23404587, 56.6199235], [16.23465254, 56.61984733], [16.2352669, 56.61979245], [16.23588626, 56.61975917], [16.23650822, 56.6197476], [16.23713034, 56.61975768], [16.23774995, 56.61978952], [16.23836462, 56.61984287], [16.23897193, 56.61991749], [16.23956945, 56.62001323], [16.24015475, 56.62012966], [16.24072539, 56.62026626], [16.24127922, 56.62042243], [16.24181391, 56.62059765], [16.24232731, 56.62079115], [16.24257091, 56.62089615], [16.2428938, 56.62094781], [16.24347912, 56.62106422], [16.24404979, 56.62120081], [16.24454287, 56.62133988], [16.24491515, 56.62141386], [16.24548583, 56.62155044], [16.24603969, 56.62170659], [16.24657443, 56.62188179], [16.24708786, 56.62207526], [16.24744232, 56.62222793], [16.24746678, 56.62223595], [16.24798022, 56.62242941], [16.24812298, 56.62248341], [16.2486131, 56.62269444], [16.24907783, 56.62292217], [16.2495154, 56.62316562], [16.24963659, 56.62323366], [16.25004535, 56.62349186], [16.2504234, 56.62376384], [16.25076935, 56.62404845], [16.25086445, 56.62412808], [16.25117692, 56.62442425], [16.25145465, 56.62473065], [16.2516964, 56.62504613], [16.25176208, 56.6251344], [16.251967, 56.62545771], [16.25213437, 56.6257875], [16.2522632, 56.62612253], [16.25229668, 56.62621606], [16.25238666, 56.62655481], [16.25243748, 56.6268961], [16.25244882, 56.62723842], [16.25244915, 56.62733382], [16.25242415, 56.62763814], [16.25265565, 56.62737971], [16.25296558, 56.62708275], [16.25330907, 56.62679723], [16.25368497, 56.62652422], [16.25409142, 56.62626491], [16.25452698, 56.62602032], [16.25458088, 56.62599202], [16.25504384, 56.62576313], [16.25553207, 56.62555079], [16.256044, 56.6253559], [16.25657723, 56.6251793], [16.25663653, 56.6251602], [16.25718907, 56.62500253], [16.25775864, 56.62486446], [16.258343, 56.62474653], [16.25893973, 56.62464923], [16.25954657, 56.62457302], [16.26016096, 56.62451802], [16.26078038, 56.62448462], [16.2614024, 56.62447283], [16.26202461, 56.62448288], [16.26212598, 56.62448805], [16.26223974, 56.62446946], [16.26284657, 56.62439324], [16.26346096, 56.62433823], [16.26408036, 56.62430481], [16.26470238, 56.62429301], [16.26532459, 56.62430303], [16.26594429, 56.62433464], [16.26655907, 56.62438785], [16.26667568, 56.6244022], [16.2670597, 56.62443539], [16.26766727, 56.62450997], [16.2682648, 56.62460557], [16.26885025, 56.62472186], [16.26942107, 56.62485824], [16.26997508, 56.62501437], [16.27050997, 56.62518947], [16.27102358, 56.62538284], [16.27151385, 56.62559379], [16.27178716, 56.62572763], [16.271958, 56.62579191], [16.27207147, 56.62584069], [16.2721446, 56.62586887], [16.27263489, 56.62607981], [16.27277756, 56.62614968], [16.27320634, 56.62633411], [16.27367127, 56.62656175], [16.27410917, 56.62680511], [16.27451801, 56.62706323], [16.27475397, 56.62723284], [16.27476354, 56.62723759], [16.27520146, 56.62748095], [16.27561031, 56.62773906], [16.27562051, 56.62774642], [16.27587283, 56.62788666], [16.27628169, 56.62814477], [16.27644573, 56.62825771], [16.27682401, 56.62852962], [16.27699019, 56.62866625], [16.27706803, 56.62872213], [16.27741422, 56.62900667], [16.27749578, 56.62907743], [16.2778085, 56.62937353], [16.27808648, 56.62967987], [16.27832848, 56.6299953], [16.27853379, 56.63031856], [16.27870127, 56.63064831], [16.27883036, 56.63098331], [16.27892072, 56.63132204], [16.27893247, 56.63139522], [16.27898354, 56.6317365], [16.27899512, 56.63207881], [16.27899366, 56.63212707], [16.27896572, 56.63246916], [16.27893575, 56.63262047], [16.27903233, 56.63268982], [16.27937857, 56.63297435], [16.27965231, 56.63323348], [16.27976819, 56.63332868], [16.28008096, 56.63362478], [16.28014537, 56.63368897], [16.28042341, 56.63399531], [16.28066546, 56.63431073], [16.2808708, 56.63463398], [16.28103833, 56.63496374], [16.28109877, 56.63512059], [16.28144496, 56.63533899], [16.28182335, 56.63561088], [16.28216964, 56.6358954], [16.28248245, 56.63619149], [16.28276052, 56.63649782], [16.28300261, 56.63681324], [16.28307689, 56.63693006], [16.28317885, 56.63704247], [16.28335553, 56.63727268], [16.28358732, 56.63735985], [16.28407782, 56.63757074], [16.28454295, 56.63779834], [16.28498106, 56.63804166], [16.28515848, 56.63815095], [16.28556752, 56.63840903], [16.28594597, 56.6386809], [16.28599492, 56.63872064], [16.28634127, 56.63900515], [16.28665414, 56.63930123], [16.28693227, 56.63960755], [16.28717441, 56.63992296], [16.28737984, 56.6402462], [16.28754745, 56.64057594], [16.28767665, 56.64091084], [16.28776712, 56.64124965], [16.28781828, 56.64159092], [16.28782995, 56.64193324], [16.28780207, 56.64227533], [16.28779301, 56.64232124], [16.28778979, 56.64236071], [16.28778319, 56.64239994], [16.28771586, 56.64274029], [16.28760956, 56.64307772], [16.28751415, 56.64329672], [16.28746865, 56.64344101], [16.2873236, 56.64377399], [16.28714031, 56.64410125], [16.28691979, 56.64442144], [16.28689293, 56.64445406], [16.28673241, 56.64464876], [16.28666446, 56.64477011], [16.28644393, 56.6450903], [16.28618681, 56.64540215], [16.28589426, 56.64570449], [16.28556744, 56.64599595], [16.28554458, 56.6460155], [16.28518481, 56.646295], [16.28479352, 56.64656134], [16.28478298, 56.64656765], [16.28468545, 56.64663405], [16.28426409, 56.64688624], [16.28381464, 56.64712327], [16.28333867, 56.64734413], [16.28283819, 56.6475479], [16.28231517, 56.64773385], [16.28177175, 56.64790123], [16.28121019, 56.64804922], [16.28063262, 56.64817742], [16.28004157, 56.64828519], [16.27958815, 56.64835057], [16.2796359, 56.64852965], [16.27964272, 56.64855608], [16.27969382, 56.64889736], [16.27969593, 56.64892402], [16.27970752, 56.64926634], [16.27967957, 56.64960843], [16.27967684, 56.64963505], [16.27960942, 56.64997539], [16.27960185, 56.65000179], [16.27949546, 56.65033921], [16.27943169, 56.65048548], [16.27953355, 56.65064585], [16.27969927, 56.65097203], [16.27970114, 56.65097561], [16.27974323, 56.65107857], [16.27987239, 56.65141357], [16.27996282, 56.65175229], [16.27996708, 56.65177084], [16.28001819, 56.65211212], [16.28002298, 56.65221771], [16.28003458, 56.65256002], [16.28000662, 56.65290212], [16.2799392, 56.65324246], [16.27990934, 56.65333772], [16.27980295, 56.65367513], [16.2796578, 56.6540081], [16.27947439, 56.65433535], [16.27933862, 56.65453231], [16.27947342, 56.65456479], [16.28031475, 56.65477074], [16.28036581, 56.65478495], [16.2809203, 56.65494103], [16.28145567, 56.65511608], [16.28149692, 56.65513057], [16.28201099, 56.65532389], [16.28250172, 56.65553479], [16.28254022, 56.65555155], [16.28300556, 56.65577915], [16.28304077, 56.65579792], [16.28347908, 56.65604125], [16.2838883, 56.65629933], [16.28391994, 56.65632003], [16.28429856, 56.6565919], [16.28432622, 56.65661416], [16.28467273, 56.65689867], [16.28498573, 56.65719467], [16.28500927, 56.65721841], [16.28528752, 56.65752473], [16.28530666, 56.6575496], [16.28554891, 56.65786501], [16.28575442, 56.65818825], [16.28576889, 56.65821406], [16.28593657, 56.65854381], [16.28606581, 56.65887871], [16.2860756, 56.65890529], [16.2861661, 56.659244], [16.28617091, 56.65927081], [16.28617177, 56.65927637], [16.28642076, 56.65939821], [16.28645407, 56.65941646], [16.28689244, 56.65965978], [16.28730173, 56.65991785], [16.28733173, 56.65993775], [16.28771041, 56.66020962], [16.28774127, 56.66023454], [16.28808783, 56.66051904], [16.28856608, 56.66094869], [16.28887915, 56.66124468], [16.28890576, 56.66127162], [16.28918407, 56.66157794], [16.28920279, 56.661602], [16.28944509, 56.6619174], [16.28965067, 56.66224064], [16.28966497, 56.66226564], [16.2898327, 56.66259538], [16.28984259, 56.66262097], [16.28997189, 56.66295595], [16.29006244, 56.66329466], [16.29006776, 56.66332066], [16.29008381, 56.66342793], [16.2900971, 56.66346247], [16.290108, 56.66349415], [16.29019855, 56.66383286], [16.29020272, 56.66386031], [16.29025393, 56.66420158], [16.29026563, 56.6645439], [16.29026482, 56.66457148], [16.29023696, 56.66491358], [16.29016961, 56.66525392], [16.29016355, 56.66528138], [16.29005722, 56.66561881], [16.2900443, 56.66565021], [16.28989919, 56.66598318], [16.2898756, 56.66602915], [16.28969222, 56.66635642], [16.2896749, 56.66638507], [16.28945428, 56.66670527], [16.28943517, 56.66672891], [16.28917793, 56.66704077], [16.28888524, 56.66734312], [16.28886205, 56.66736563], [16.28853508, 56.6676571], [16.28850822, 56.66767831], [16.28814827, 56.66795781], [16.28775678, 56.66822417], [16.28772623, 56.66824389], [16.28739723, 56.66844078], [16.28730465, 56.66849609], [16.28727082, 56.66851404], [16.28682113, 56.66875108], [16.28634492, 56.66897196], [16.28630806, 56.66898806], [16.2858073, 56.66919184], [16.28576795, 56.6692059], [16.28524465, 56.66939187], [16.28470094, 56.66955926], [16.28465216, 56.66957324], [16.28409029, 56.66972123], [16.28368724, 56.6698233], [16.28310935, 56.66995152], [16.28305659, 56.6699632], [16.2824818, 56.67006794], [16.282286, 56.67011136], [16.28224189, 56.6701199], [16.28195863, 56.67017151], [16.28205344, 56.67040741], [16.28227087, 56.67083052], [16.28243041, 56.67101519], [16.28250696, 56.6709985], [16.28388696, 56.67092795], [16.28417398, 56.67092751], [16.28914274, 56.67100274], [16.29009284, 56.67102021], [16.29030295, 56.67102163], [16.2935532, 56.67108196], [16.29363025, 56.67092719]]]}, "properties": {"deso": "0880A0030", "pop": 1032.0, "income": 414.3, "male_frac": 0.5155, "child_frac": 0.1657, "elder_frac": 0.2607, "dependency": 0.7432, "needZ": -0.6921}}, {"type": "Feature", "geometry": {"type": "Polygon", "coordinates": [[[16.32516173, 56.67353923], [16.32600357, 56.67315028], [16.32750239, 56.67297576], [16.32827371, 56.67288588], [16.32879412, 56.67282518], [16.32962386, 56.67272829], [16.33015126, 56.67266732], [16.33153022, 56.67250643], [16.33256795, 56.67238555], [16.33339795, 56.67228881], [16.33876623, 56.67158812], [16.34077815, 56.67132546], [16.34161773, 56.6712158], [16.34196606, 56.67116821], [16.34435941, 56.67084074], [16.34563358, 56.67066933], [16.3484879, 56.67027805], [16.34854575, 56.67027006], [16.35104984, 56.66992671], [16.35188756, 56.6698118], [16.35197862, 56.66979931], [16.35209109, 56.66971221], [16.35248318, 56.66899775], [16.35285132, 56.66830267], [16.35331936, 56.66754938], [16.35402951, 56.66632166], [16.35436146, 56.66583036], [16.35445843, 56.66559673], [16.35450959, 56.6655527], [16.35450511, 56.66554789], [16.35438292, 56.66541591], [16.35379084, 56.66526784], [16.35310886, 56.66514895], [16.35306756, 56.66514168], [16.35249187, 56.6650413], [16.35187203, 56.66491778], [16.34980235, 56.66450544], [16.34973873, 56.66449464], [16.34848655, 56.66428066], [16.34792893, 56.66413201], [16.34753893, 56.66364297], [16.34752429, 56.66362498], [16.34748599, 56.66363366], [16.347295, 56.66367687], [16.34569806, 56.66404529], [16.34547854, 56.6640959], [16.34418634, 56.66438195], [16.34408359, 56.66439447], [16.34256692, 56.66473252], [16.3421337, 56.66481651], [16.34196959, 56.66485152], [16.34174998, 56.66488461], [16.34152813, 56.66491547], [16.34108144, 56.66496116], [16.34079963, 56.66501584], [16.33904266, 56.66538608], [16.3389163, 56.66541223], [16.33861136, 56.66547534], [16.33855162, 56.66548658], [16.33847465, 56.6655016], [16.33839683, 56.6655151], [16.33831857, 56.66552789], [16.33824015, 56.66553996], [16.33816131, 56.66555159], [16.33808175, 56.66556188], [16.33805021, 56.66552602], [16.33717915, 56.66569725], [16.33400752, 56.66632074], [16.33375658, 56.66634741], [16.3332299, 56.66640318], [16.33304996, 56.66642091], [16.33031543, 56.66669127], [16.32833868, 56.66703423], [16.32810164, 56.66708527], [16.32617259, 56.66750046], [16.32599975, 56.66734132], [16.32551943, 56.667557], [16.3230382, 56.6686698], [16.32290854, 56.66875984], [16.32265794, 56.66888126], [16.32234268, 56.66900857], [16.32212485, 56.66910898], [16.32207258, 56.66911511], [16.32196462, 56.66916368], [16.32176488, 56.66925078], [16.32138737, 56.6694102], [16.32097707, 56.66959421], [16.32037717, 56.66986297], [16.3198418, 56.67007256], [16.3192169, 56.67030421], [16.31897102, 56.67039179], [16.31875822, 56.67045962], [16.31848616, 56.67054155], [16.31799381, 56.67068097], [16.31729586, 56.67087152], [16.31778009, 56.6710466], [16.31829322, 56.67123206], [16.31851633, 56.67132052], [16.31959057, 56.67175479], [16.32081857, 56.67220593], [16.32120881, 56.67235926], [16.32160335, 56.67252378], [16.32188805, 56.67265281], [16.32222973, 56.67281797], [16.32258541, 56.67300239], [16.32292639, 56.67318957], [16.32325211, 56.67339029], [16.32356812, 56.67359462], [16.32416558, 56.67399934], [16.32516173, 56.67353923]]]}, "properties": {"deso": "0880C1080", "pop": 1972.0, "income": 307.1, "male_frac": 0.4904, "child_frac": 0.072, "elder_frac": 0.1486, "dependency": 0.283, "needZ": -0.2925}}, {"type": "Feature", "geometry": {"type": "Polygon", "coordinates": [[[16.3654592, 56.6736473], [16.36485569, 56.67278614], [16.36265708, 56.67170727], [16.36253847, 56.67166473], [16.36254112, 56.6716338], [16.36286198, 56.67079997], [16.36514717, 56.66920262], [16.36521657, 56.66904897], [16.36523163, 56.66904494], [16.3662312, 56.66872262], [16.36657831, 56.66859107], [16.36741033, 56.66817231], [16.36760911, 56.66805065], [16.36769737, 56.6674117], [16.36770983, 56.66732092], [16.36681305, 56.66714715], [16.36592142, 56.66697431], [16.3645565, 56.66666525], [16.36120239, 56.66609533], [16.35937247, 56.66583316], [16.35915561, 56.66565838], [16.35830041, 56.66583399], [16.3570521, 56.66579046], [16.35642777, 56.66573007], [16.35577147, 56.66566365], [16.3551033, 56.66555854], [16.35456908, 56.6654783], [16.35450511, 56.66554789], [16.35450959, 56.6655527], [16.35445843, 56.66559673], [16.35436146, 56.66583036], [16.35402951, 56.66632166], [16.35331936, 56.66754938], [16.35285132, 56.66830267], [16.35248318, 56.66899775], [16.35209109, 56.66971221], [16.35197862, 56.66979931], [16.35198745, 56.66979805], [16.35149722, 56.67057178], [16.35153581, 56.67064619], [16.35067559, 56.67202078], [16.34997815, 56.67335021], [16.34983968, 56.67361402], [16.349547, 56.67402503], [16.34957344, 56.6740304], [16.34979956, 56.67407637], [16.34995448, 56.67407711], [16.35001715, 56.67397034], [16.35009936, 56.67394717], [16.35049512, 56.67401762], [16.35052709, 56.67407989], [16.35065765, 56.67408054], [16.35215295, 56.67405012], [16.35513521, 56.67457816], [16.35560709, 56.67466169], [16.35593125, 56.67464522], [16.35611186, 56.67464164], [16.35617655, 56.67464031], [16.35806505, 56.67497465], [16.35818312, 56.67491955], [16.35883549, 56.67502562], [16.35931675, 56.67510383], [16.36195674, 56.67553285], [16.36210106, 56.67555634], [16.3654592, 56.6736473]]]}, "properties": {"deso": "0880C1090", "pop": 2459.0, "income": 323.1, "male_frac": 0.4574, "child_frac": 0.0817, "elder_frac": 0.2562, "dependency": 0.5104, "needZ": -0.0288}}, {"type": "Feature", "geometry": {"type": "Polygon", "coordinates": [[[16.36919522, 56.67530176], [16.37136463, 56.67529199], [16.37321592, 56.67467637], [16.3761705, 56.67369378], [16.37862022, 56.67287904], [16.38179702, 56.67286441], [16.38179716, 56.67286441], [16.42446487, 56.66853964], [16.42051273, 56.65585993], [16.397311, 56.66117789], [16.38641946, 56.66367228], [16.38356793, 56.6643251], [16.37912289, 56.66432725], [16.37604488, 56.66434136], [16.37600434, 56.66434019], [16.37309065, 56.66627221], [16.37295873, 56.66646303], [16.37321418, 56.66744135], [16.37314817, 56.66780185], [16.3716744, 56.66829537], [16.37112546, 56.66821554], [16.36934663, 56.66784578], [16.36769737, 56.6674117], [16.36760911, 56.66805065], [16.36741033, 56.66817231], [16.36657831, 56.66859107], [16.3662312, 56.66872262], [16.36523163, 56.66904494], [16.36521657, 56.66904897], [16.36514717, 56.66920262], [16.36286198, 56.67079997], [16.36254112, 56.6716338], [16.36253847, 56.67166473], [16.36265708, 56.67170727], [16.36485569, 56.67278614], [16.3654592, 56.6736473], [16.36210106, 56.67555634], [16.36214628, 56.67556375], [16.36238075, 56.67560179], [16.36359342, 56.67624042], [16.3638685, 56.67638527], [16.36415635, 56.67653681], [16.36864226, 56.6765167], [16.36921323, 56.6765141], [16.36919522, 56.67530176]]]}, "properties": {"deso": "0880C1100", "pop": 1599.0, "income": 391.9, "male_frac": 0.4859, "child_frac": 0.07, "elder_frac": 0.3746, "dependency": 0.8007, "needZ": -0.2958}}, {"type": "Feature", "geometry": {"type": "Polygon", "coordinates": [[[16.33250571, 56.67834928], [16.33417564, 56.67831164], [16.33507776, 56.67811207], [16.33572975, 56.67796791], [16.33709874, 56.67717142], [16.33897753, 56.67641031], [16.33950722, 56.67563162], [16.34008442, 56.67489158], [16.34053122, 56.67490258], [16.34043725, 56.67568225], [16.34055887, 56.67477931], [16.34061531, 56.67436027], [16.34077161, 56.6731985], [16.34077815, 56.67132546], [16.33876623, 56.67158812], [16.33339795, 56.67228881], [16.33256795, 56.67238555], [16.33153022, 56.67250643], [16.33015126, 56.67266732], [16.32962386, 56.67272829], [16.32879412, 56.67282518], [16.32827371, 56.67288588], [16.32750239, 56.67297576], [16.32799995, 56.6746291], [16.32756009, 56.6750294], [16.32807991, 56.67645406], [16.32881925, 56.67750662], [16.32889763, 56.67758834], [16.33034454, 56.679094], [16.33250571, 56.67834928]]]}, "properties": {"deso": "0880C1120", "pop": 2251.0, "income": 272.9, "male_frac": 0.5135, "child_frac": 0.1457, "elder_frac": 0.1457, "dependency": 0.4113, "needZ": 0.3953}}, {"type": "Feature", "geometry": {"type": "Polygon", "coordinates": [[[16.34957344, 56.6740304], [16.349547, 56.67402503], [16.34983968, 56.67361402], [16.34997815, 56.67335021], [16.35067559, 56.67202078], [16.35153581, 56.67064619], [16.35149722, 56.67057178], [16.35198745, 56.66979805], [16.35197862, 56.66979931], [16.35188756, 56.6698118], [16.35104984, 56.66992671], [16.34854575, 56.67027006], [16.3484879, 56.67027805], [16.34563358, 56.67066933], [16.34435941, 56.67084074], [16.34196606, 56.67116821], [16.34161773, 56.6712158], [16.34077815, 56.67132546], [16.34077161, 56.6731985], [16.34061531, 56.67436027], [16.34055887, 56.67477931], [16.34043725, 56.67568225], [16.34043672, 56.67568621], [16.34008747, 56.67858585], [16.34008727, 56.67858783], [16.34129955, 56.67873486], [16.34230678, 56.67905404], [16.34324526, 56.67939265], [16.34425143, 56.67963575], [16.34520168, 56.67975224], [16.34957344, 56.6740304]]]}, "properties": {"deso": "0880C1110", "pop": 1417.0, "income": 326.5, "male_frac": 0.4767, "child_frac": 0.0649, "elder_frac": 0.2167, "dependency": 0.3919, "needZ": -0.3126}}, {"type": "Feature", "geometry": {"type": "Polygon", "coordinates": [[[16.23089337, 56.67808184], [16.23175922, 56.67789299], [16.23250171, 56.67773105], [16.23406149, 56.67737327], [16.23502602, 56.67716159], [16.23570399, 56.67701904], [16.23621048, 56.67691763], [16.23663451, 56.67684191], [16.23702954, 56.67677691], [16.23755525, 56.67669524], [16.23910417, 56.6764726], [16.24085266, 56.67621741], [16.24202748, 56.67604653], [16.24266518, 56.67595384], [16.24497407, 56.67561027], [16.24755632, 56.67520741], [16.248179, 56.67510496], [16.24973891, 56.67484831], [16.25145907, 56.67455463], [16.25321814, 56.6742705], [16.25502731, 56.6739925], [16.25641686, 56.67378338], [16.25737469, 56.67362738], [16.25970767, 56.67325957], [16.26192335, 56.67292282], [16.26197302, 56.67291496], [16.2644135, 56.67252909], [16.26564271, 56.6723373], [16.26640052, 56.67222611], [16.2667132, 56.67218017], [16.26754562, 56.67205896], [16.26815107, 56.67199136], [16.26889429, 56.67192288], [16.26991239, 56.67184917], [16.27090394, 56.67178247], [16.27090419, 56.6717777], [16.27089266, 56.67143539], [16.27088948, 56.67140892], [16.27083856, 56.67106764], [16.27074817, 56.67072891], [16.27074029, 56.67070276], [16.27061114, 56.67036775], [16.27059857, 56.67034219], [16.27043097, 56.67001243], [16.27022552, 56.66968916], [16.27020853, 56.66966436], [16.26996634, 56.66934892], [16.26994495, 56.66932515], [16.26966674, 56.6690188], [16.26935375, 56.66872267], [16.26932824, 56.66870021], [16.26926126, 56.66864519], [16.26937695, 56.66868031], [16.26942479, 56.66869419], [16.26998813, 56.66884053], [16.27052049, 56.66897784], [16.27086757, 56.66906727], [16.27121479, 56.66915679], [16.27150282, 56.66923101], [16.27155354, 56.66924253], [16.27213264, 56.66936894], [16.27272519, 56.6694749], [16.27277011, 56.66948235], [16.27302957, 56.66951895], [16.27343237, 56.66966027], [16.2734729, 56.66967315], [16.27401822, 56.66983879], [16.2745816, 56.66998511], [16.27462408, 56.66999581], [16.2752032, 56.6701222], [16.27524749, 56.67013064], [16.27584005, 56.67023659], [16.27644363, 56.67032167], [16.27648904, 56.67032767], [16.27710132, 56.67039155], [16.2771476, 56.67039521], [16.27776601, 56.67043756], [16.278388, 56.6704583], [16.27843473, 56.67045944], [16.27905787, 56.67045852], [16.27910466, 56.67045732], [16.27972652, 56.67043458], [16.28034442, 56.67039032], [16.28039072, 56.67038652], [16.28100224, 56.67032077], [16.28104765, 56.67031464], [16.2816505, 56.67022768], [16.28195863, 56.67017151], [16.28224189, 56.6701199], [16.282286, 56.67011136], [16.2824818, 56.67006794], [16.28305659, 56.6699632], [16.28310935, 56.66995152], [16.28368724, 56.6698233], [16.28409029, 56.66972123], [16.28465216, 56.66957324], [16.28470094, 56.66955926], [16.28524465, 56.66939187], [16.28576795, 56.6692059], [16.2858073, 56.66919184], [16.28630806, 56.66898806], [16.28634492, 56.66897196], [16.28682113, 56.66875108], [16.28727082, 56.66851404], [16.28730465, 56.66849609], [16.28739723, 56.66844078], [16.28772623, 56.66824389], [16.28775678, 56.66822417], [16.28814827, 56.66795781], [16.28850822, 56.66767831], [16.28853508, 56.6676571], [16.28886205, 56.66736563], [16.28888524, 56.66734312], [16.28917793, 56.66704077], [16.28943517, 56.66672891], [16.28945428, 56.66670527], [16.2896749, 56.66638507], [16.28969222, 56.66635642], [16.2898756, 56.66602915], [16.28989919, 56.66598318], [16.2900443, 56.66565021], [16.29005722, 56.66561881], [16.29016355, 56.66528138], [16.29016961, 56.66525392], [16.29023696, 56.66491358], [16.29026482, 56.66457148], [16.29026563, 56.6645439], [16.29025393, 56.66420158], [16.29020272, 56.66386031], [16.29019855, 56.66383286], [16.290108, 56.66349415], [16.2900971, 56.66346247], [16.29008381, 56.66342793], [16.29006776, 56.66332066], [16.29006244, 56.66329466], [16.28997189, 56.66295595], [16.28984259, 56.66262097], [16.2898327, 56.66259538], [16.28966497, 56.66226564], [16.28965067, 56.66224064], [16.28944509, 56.6619174], [16.28920279, 56.661602], [16.28918407, 56.66157794], [16.28890576, 56.66127162], [16.28887915, 56.66124468], [16.28856608, 56.66094869], [16.28808783, 56.66051904], [16.28774127, 56.66023454], [16.28771041, 56.66020962], [16.28733173, 56.65993775], [16.28730173, 56.65991785], [16.28689244, 56.65965978], [16.28645407, 56.65941646], [16.28642076, 56.65939821], [16.28617177, 56.65927637], [16.28617091, 56.65927081], [16.2861661, 56.659244], [16.2860756, 56.65890529], [16.28606581, 56.65887871], [16.28593657, 56.65854381], [16.28576889, 56.65821406], [16.28575442, 56.65818825], [16.28554891, 56.65786501], [16.28530666, 56.6575496], [16.28528752, 56.65752473], [16.28500927, 56.65721841], [16.28498573, 56.65719467], [16.28467273, 56.65689867], [16.28432622, 56.65661416], [16.28429856, 56.6565919], [16.28391994, 56.65632003], [16.2838883, 56.65629933], [16.28347908, 56.65604125], [16.28304077, 56.65579792], [16.28300556, 56.65577915], [16.28254022, 56.65555155], [16.28250172, 56.65553479], [16.28201099, 56.65532389], [16.28149692, 56.65513057], [16.28145567, 56.65511608], [16.2809203, 56.65494103], [16.28036581, 56.65478495], [16.28031475, 56.65477074], [16.27947342, 56.65456479], [16.27933862, 56.65453231], [16.27947439, 56.65433535], [16.2796578, 56.6540081], [16.27980295, 56.65367513], [16.27990934, 56.65333772], [16.2799392, 56.65324246], [16.28000662, 56.65290212], [16.28003458, 56.65256002], [16.28002298, 56.65221771], [16.28001819, 56.65211212], [16.27996708, 56.65177084], [16.27996282, 56.65175229], [16.27987239, 56.65141357], [16.27974323, 56.65107857], [16.27970114, 56.65097561], [16.27969927, 56.65097203], [16.27790255, 56.65183121], [16.27690351, 56.65230894], [16.27614732, 56.65267054], [16.27431682, 56.65354573], [16.27346614, 56.6539346], [16.27309234, 56.65410981], [16.27091611, 56.65498795], [16.27026328, 56.65495832], [16.26991582, 56.65498971], [16.26973724, 56.65501516], [16.26923128, 56.65508518], [16.26869954, 56.65580116], [16.2682008, 56.65651518], [16.26799295, 56.65681104], [16.26794147, 56.65688433], [16.26756505, 56.65742013], [16.26674066, 56.65716182], [16.26685557, 56.65714664], [16.26709632, 56.65691709], [16.26708334, 56.65683898], [16.26680747, 56.65665503], [16.26649763, 56.65644906], [16.2661486, 56.65621339], [16.26580684, 56.65597352], [16.2659611, 56.6558646], [16.26563062, 56.65564024], [16.26533263, 56.65543801], [16.26502445, 56.65522878], [16.26463499, 56.65539183], [16.26433413, 56.65551777], [16.26364727, 56.65578175], [16.26361813, 56.65579534], [16.2635482, 56.65582803], [16.26341986, 56.65580355], [16.26286641, 56.65580944], [16.26253979, 56.65581293], [16.26210157, 56.65581764], [16.26201054, 56.65581856], [16.2614981, 56.65582403], [16.26085119, 56.65583507], [16.26029676, 56.65593267], [16.26026843, 56.65598659], [16.26012871, 56.65614116], [16.26001197, 56.65610919], [16.25967638, 56.65601719], [16.25966312, 56.65600681], [16.25963862, 56.65600634], [16.25943966, 56.65600189], [16.25886333, 56.65599146], [16.25817008, 56.65599622], [16.25696551, 56.65607702], [16.25687701, 56.65611366], [16.25666021, 56.65610265], [16.25637137, 56.65609325], [16.25584378, 56.65608034], [16.25539067, 56.65607009], [16.25525849, 56.65606361], [16.25504604, 56.65604967], [16.25458804, 56.65605015], [16.25418171, 56.65601885], [16.25362288, 56.6559846], [16.25286017, 56.65595967], [16.25282543, 56.65595849], [16.25222835, 56.65593898], [16.24645081, 56.65569576], [16.24593812, 56.65575083], [16.2454786, 56.65587661], [16.24483205, 56.65606588], [16.24199832, 56.65672191], [16.24135785, 56.65683134], [16.24144184, 56.65686158], [16.24157848, 56.65690962], [16.24165599, 56.65695556], [16.24165791, 56.65695662], [16.24174705, 56.65701664], [16.24181977, 56.65708068], [16.24184779, 56.65710241], [16.24221019, 56.65738086], [16.24260418, 56.65764615], [16.24263592, 56.65766631], [16.24305957, 56.65791729], [16.24351138, 56.65815298], [16.24354669, 56.65817132], [16.24402488, 56.65839084], [16.24406322, 56.65840717], [16.24456559, 56.65860948], [16.24509053, 56.65879395], [16.24513162, 56.65880809], [16.24567666, 56.65897385], [16.24572743, 56.65898763], [16.24629053, 56.65913408], [16.2464428, 56.65917046], [16.24647038, 56.6591948], [16.24649813, 56.65921644], [16.24686058, 56.65949488], [16.24725462, 56.65976015], [16.24728609, 56.65978005], [16.2477098, 56.66003101], [16.24816166, 56.66026668], [16.24819656, 56.66028484], [16.24867481, 56.66050435], [16.24871274, 56.66052059], [16.24921517, 56.66072288], [16.24974016, 56.66090733], [16.24978085, 56.66092138], [16.25032594, 56.66108713], [16.25036897, 56.66109891], [16.25093213, 56.66124534], [16.25151104, 56.66137184], [16.25155588, 56.66138127], [16.25214825, 56.66148733], [16.25219449, 56.66149432], [16.25279787, 56.66157952], [16.25340997, 56.66164352], [16.2534653, 56.66164871], [16.25408354, 56.66169117], [16.25428362, 56.66170425], [16.25430344, 56.66170549], [16.25443132, 56.66171174], [16.25446203, 56.66171278], [16.25449556, 56.66171388], [16.25482939, 56.66197031], [16.25524319, 56.66228135], [16.25525214, 56.66228746], [16.25532932, 56.66234668], [16.25570975, 56.66263282], [16.25609004, 56.66291887], [16.25610009, 56.66292559], [16.25617561, 56.66298367], [16.25655098, 56.6632668], [16.25658622, 56.66329079], [16.25698037, 56.66355603], [16.25715398, 56.66365884], [16.25723657, 56.66374298], [16.25733457, 56.66383353], [16.25766432, 56.66412403], [16.2580269, 56.66440244], [16.258032, 56.66440616], [16.25809064, 56.66444994], [16.25848481, 56.66471518], [16.25861404, 56.66479382], [16.25903788, 56.66504475], [16.25946057, 56.66526505], [16.25968575, 56.66541665], [16.25988532, 56.66553473], [16.25944946, 56.66551255], [16.25867894, 56.66548531], [16.25805605, 56.66547525], [16.25799859, 56.66547485], [16.25737589, 56.66548661], [16.25732686, 56.66548891], [16.25670677, 56.6655223], [16.2560917, 56.66557719], [16.2560433, 56.66558226], [16.25543579, 56.66565854], [16.25483841, 56.66575583], [16.25479117, 56.66576358], [16.25420617, 56.66588149], [16.25416063, 56.66589174], [16.25359043, 56.66602981], [16.25303728, 56.66618745], [16.25299384, 56.6662002], [16.25246002, 56.66637678], [16.25241908, 56.66639193], [16.25190658, 56.6665868], [16.2514178, 56.66679904], [16.25137989, 56.66681631], [16.25091641, 56.66704527], [16.2508818, 56.66706458], [16.25044574, 56.66730916], [16.25043323, 56.66731719], [16.25028149, 56.66733066], [16.24967395, 56.66740692], [16.24948734, 56.66743188], [16.24899551, 56.66751191], [16.24895833, 56.66751462], [16.2489539, 56.66751493], [16.24846278, 56.66755184], [16.24845392, 56.66755246], [16.2482653, 56.66756522], [16.24793892, 56.66758718], [16.24778011, 56.6675982], [16.24720849, 56.66758893], [16.24701816, 56.66759092], [16.24639542, 56.66760264], [16.24577529, 56.66763597], [16.24562517, 56.66764565], [16.24501005, 56.66770049], [16.24482121, 56.66772322], [16.24421366, 56.66779944], [16.24361621, 56.66789668], [16.24355098, 56.66790982], [16.24328339, 56.66792758], [16.24283455, 56.6679573], [16.24222962, 56.66801122], [16.24220528, 56.66799125], [16.24182684, 56.66771925], [16.24179574, 56.66769836], [16.24138655, 56.66744013], [16.24094851, 56.66719657], [16.24091371, 56.66717742], [16.24044848, 56.66694976], [16.24041051, 56.66693271], [16.23991987, 56.66672165], [16.23940585, 56.66652815], [16.23936487, 56.66651329], [16.23890052, 56.66636124], [16.23874112, 56.66629267], [16.23822712, 56.66609917], [16.23769179, 56.66592394], [16.23753715, 56.66587732], [16.23698267, 56.66572105], [16.23641135, 56.66558443], [16.23582536, 56.66546808], [16.23565716, 56.66543894], [16.23505907, 56.66534319], [16.2344509, 56.66526846], [16.23383549, 56.66521509], [16.2336442, 56.66520378], [16.23302385, 56.66517202], [16.23240098, 56.66516183], [16.23228875, 56.66516133], [16.23166605, 56.66517297], [16.23147544, 56.6651824], [16.23085533, 56.66521566], [16.23024022, 56.66527043], [16.22963267, 56.66534658], [16.22946443, 56.66537376], [16.22886698, 56.66547092], [16.22828191, 56.66558871], [16.22771161, 56.66572665], [16.22715836, 56.66588419], [16.22700306, 56.66592884], [16.22646912, 56.66610531], [16.22595649, 56.66630008], [16.22546756, 56.66651222], [16.22533094, 56.66657276], [16.22486731, 56.66680163], [16.22443109, 56.66704612], [16.22402399, 56.66730533], [16.22391135, 56.66737929], [16.22353497, 56.66765221], [16.22319074, 56.66793765], [16.22288025, 56.66823453], [16.22279607, 56.66831917], [16.22252035, 56.66862631], [16.22250087, 56.66865192], [16.22262131, 56.66871874], [16.22290467, 56.66891359], [16.22328096, 56.66923938], [16.22374797, 56.6694706], [16.223995, 56.66963561], [16.22420554, 56.66974637], [16.22481587, 56.67001462], [16.22514068, 56.67013413], [16.22523803, 56.67050102], [16.22537288, 56.67089944], [16.22544836, 56.67118076], [16.22547587, 56.67145213], [16.22545387, 56.67171115], [16.22542512, 56.67192828], [16.22538636, 56.67234673], [16.22540832, 56.67263361], [16.22604902, 56.67236455], [16.22688355, 56.67200186], [16.22683069, 56.67217647], [16.22694766, 56.67279838], [16.22724311, 56.67306118], [16.22731876, 56.67339712], [16.22747797, 56.67385664], [16.22753467, 56.67434215], [16.22765588, 56.67484535], [16.22761169, 56.67486043], [16.22771785, 56.67718902], [16.22796423, 56.67760546], [16.22924741, 56.6778905], [16.22933285, 56.67821215], [16.22907873, 56.67849277], [16.23089337, 56.67808184]]]}, "properties": {"deso": "0880B2020", "pop": 1422.0, "income": 414.3, "male_frac": 0.5183, "child_frac": 0.2257, "elder_frac": 0.1617, "dependency": 0.6326, "needZ": -0.9174}}, {"type": "Feature", "geometry": {"type": "Polygon", "coordinates": [[[16.36238285, 56.68789167], [16.36364536, 56.68666513], [16.37240093, 56.68551381], [16.37128832, 56.68436266], [16.37069114, 56.6845436], [16.37070423, 56.68456304], [16.37070063, 56.68458993], [16.3706905, 56.6846223], [16.37068259, 56.68464933], [16.37067698, 56.68466889], [16.37066593, 56.68468724], [16.37064286, 56.6847043], [16.37061087, 56.68471318], [16.37057828, 56.68472378], [16.37055052, 56.68473792], [16.37053, 56.68475477], [16.37051215, 56.68477859], [16.37050071, 56.68480467], [16.37050169, 56.68484626], [16.37050238, 56.68488398], [16.37048003, 56.68492456], [16.37046209, 56.68494569], [16.37041402, 56.68499751], [16.37036849, 56.68504463], [16.37032165, 56.68507102], [16.37028887, 56.68508378], [16.37023886, 56.68510436], [16.37017483, 56.68513902], [16.37013829, 56.68515954], [16.37010341, 56.6851778], [16.37007104, 56.68518714], [16.37003374, 56.68519052], [16.36996872, 56.68518701], [16.36991486, 56.68518293], [16.36985133, 56.68517959], [16.36980017, 56.68517557], [16.36970724, 56.68515979], [16.36965775, 56.68514983], [16.36957595, 56.68513285], [16.36952874, 56.68512277], [16.36949858, 56.6851152], [16.3694719, 56.68509968], [16.36944382, 56.68507519], [16.3694105, 56.6850399], [16.36939159, 56.68501585], [16.36937438, 56.68499421], [16.36936025, 56.68497586], [16.36934092, 56.68495505], [16.36932013, 56.68493866], [16.36930425, 56.68492024], [16.36927013, 56.6848704], [16.3692479, 56.68483283], [16.36919749, 56.68480149], [16.36913759, 56.68476801], [16.3691138, 56.68475058], [16.36909615, 56.68473541], [16.36903401, 56.68475163], [16.3690197, 56.68476895], [16.36901016, 56.6847881], [16.36899614, 56.68480622], [16.36897641, 56.68482252], [16.36892865, 56.68483813], [16.36889034, 56.68483613], [16.36885369, 56.68483527], [16.36882334, 56.68486327], [16.3688127, 56.68488154], [16.36879352, 56.68489846], [16.36876395, 56.68490705], [16.36866231, 56.68494778], [16.36857068, 56.68498625], [16.36846345, 56.68503243], [16.36831924, 56.68509465], [16.3682572, 56.68512111], [16.36819884, 56.68514511], [16.36816268, 56.68515413], [16.36812315, 56.68515897], [16.3680846, 56.68516128], [16.36804686, 56.68516025], [16.36801183, 56.68515929], [16.36797482, 56.68516329], [16.36794136, 56.68516492], [16.36790983, 56.68516032], [16.36787555, 56.68515055], [16.36784309, 56.68513896], [16.36778253, 56.68511348], [16.36775088, 56.68510215], [16.36768512, 56.68507781], [16.3676514, 56.68507234], [16.36762667, 56.68508474], [16.36760545, 56.68510824], [16.36759078, 56.6851269], [16.36757641, 56.68514647], [16.36756992, 56.68516414], [16.36756261, 56.68518174], [16.36751268, 56.68518939], [16.36747666, 56.68519113], [16.36744075, 56.68519215], [16.36740459, 56.68518985], [16.36737086, 56.68518403], [16.36732916, 56.68517388], [16.36729807, 56.68516273], [16.36726665, 56.68515759], [16.36722623, 56.68516028], [16.36719695, 56.68516968], [16.36717545, 56.68518563], [16.36716259, 56.68520967], [16.36715982, 56.68522991], [16.36714647, 56.68524775], [16.36711706, 56.6852832], [16.36708596, 56.6853201], [16.36703447, 56.68537044], [16.36694055, 56.68538278], [16.36687069, 56.68538688], [16.36683592, 56.68537827], [16.36681077, 56.68534926], [16.36678084, 56.68530333], [16.36677407, 56.68528373], [16.36676424, 56.68525015], [16.36674295, 56.68520879], [16.36670689, 56.68519805], [16.36667596, 56.68519147], [16.3666373, 56.68518732], [16.36659785, 56.68518694], [16.36656201, 56.68518626], [16.36652345, 56.68518084], [16.36648919, 56.68517169], [16.36646071, 56.68516204], [16.36642109, 56.68514603], [16.36637577, 56.68513242], [16.36632853, 56.68512171], [16.36629084, 56.6851179], [16.36625724, 56.68511576], [16.36622569, 56.68510703], [16.36617669, 56.68508852], [16.36613907, 56.68507196], [16.36610227, 56.68505574], [16.36606059, 56.6850421], [16.36602991, 56.68503516], [16.36599326, 56.68503044], [16.36595578, 56.68502905], [16.36588611, 56.68503081], [16.36584171, 56.68503498], [16.36580864, 56.68504001], [16.36577412, 56.68504227], [16.36573714, 56.68503954], [16.36561923, 56.68501783], [16.36547801, 56.68498408], [16.365435, 56.68497116], [16.36534273, 56.68494361], [16.36526037, 56.6849146], [16.36522173, 56.68489939], [16.36518086, 56.68488618], [16.36508743, 56.6848935], [16.3646859, 56.68493149], [16.36295913, 56.68509503], [16.36080703, 56.68519357], [16.3596906, 56.68520396], [16.35937171, 56.6852008], [16.35897689, 56.68519388], [16.35837914, 56.68517785], [16.35798492, 56.6851614], [16.35756991, 56.6851431], [16.35716817, 56.68511972], [16.35691584, 56.68510334], [16.35681423, 56.68509636], [16.35666956, 56.68508653], [16.35647667, 56.68507219], [16.35611806, 56.68504259], [16.35586174, 56.68501978], [16.35585406, 56.68505346], [16.35553795, 56.68491793], [16.355251, 56.6848181], [16.35509487, 56.68474021], [16.3546872, 56.68468257], [16.3527169, 56.68440377], [16.35240767, 56.68435072], [16.35186447, 56.68425232], [16.3517075, 56.68422213], [16.34994629, 56.68386367], [16.34796889, 56.68346288], [16.34774689, 56.68342091], [16.34465885, 56.68279313], [16.34442201, 56.68274242], [16.34417935, 56.68269428], [16.34409178, 56.68267717], [16.34387408, 56.68263838], [16.34356343, 56.68258999], [16.34338693, 56.68256287], [16.34329769, 56.6825518], [16.34259188, 56.68355276], [16.34193794, 56.68448022], [16.34095902, 56.68576833], [16.34014016, 56.68684559], [16.33949784, 56.68769045], [16.33914075, 56.68817434], [16.34050275, 56.68821844], [16.34065974, 56.68821882], [16.34538756, 56.68823072], [16.34533436, 56.68753933], [16.34532127, 56.68736861], [16.34558844, 56.68715921], [16.34670835, 56.68715438], [16.34677727, 56.68715408], [16.3485068, 56.68717634], [16.353047, 56.68724568], [16.35425933, 56.68743363], [16.35472598, 56.68750599], [16.35727491, 56.68746549], [16.357281, 56.68749641], [16.35853471, 56.68823436], [16.36238285, 56.68789167]]]}, "properties": {"deso": "0880C1150", "pop": 1789.0, "income": 272.9, "male_frac": 0.507, "child_frac": 0.1459, "elder_frac": 0.1671, "dependency": 0.4557, "needZ": 0.4856}}, {"type": "Feature", "geometry": {"type": "Polygon", "coordinates": [[[15.94342092, 56.69176799], [15.9433707, 56.69168734], [15.94332094, 56.69162475], [15.9432057, 56.69157128], [15.94746504, 56.69106953], [15.94886892, 56.69093821], [15.94966817, 56.69081831], [15.94999466, 56.69078106], [15.95273534, 56.6904019], [15.95361628, 56.69028162], [15.95381402, 56.6903976], [15.95395914, 56.69025331], [15.95967542, 56.68948747], [15.95974791, 56.68913524], [15.9599479, 56.68786796], [15.95996916, 56.6877512], [15.96034307, 56.68773799], [15.96078205, 56.68770038], [15.96113327, 56.68763695], [15.96136849, 56.68757495], [15.96158933, 56.68752977], [15.96182171, 56.68750965], [15.96212146, 56.68751291], [15.96302855, 56.68755063], [15.963349, 56.68758992], [15.96351009, 56.68754574], [15.9674994, 56.68647877], [15.9680859, 56.68634163], [15.9682755, 56.68633342], [15.96872945, 56.68632935], [15.97070764, 56.6859003], [15.97132575, 56.68559573], [15.97181278, 56.68529784], [15.97249401, 56.68484671], [15.97361351, 56.68412484], [15.97452234, 56.68356521], [15.97528562, 56.68314074], [15.97621203, 56.68267986], [15.97686553, 56.68235764], [15.9781441, 56.68157816], [15.97940745, 56.68069153], [15.97960307, 56.68055884], [15.97986358, 56.68046822], [15.98612569, 56.67931672], [15.98637009, 56.67924409], [15.99188304, 56.67695887], [15.99724856, 56.67473656], [15.99694305, 56.67574974], [15.99561793, 56.67709426], [15.99591715, 56.67737662], [15.99663323, 56.67702317], [15.99720192, 56.67759145], [15.99766425, 56.67797445], [15.99764648, 56.67803549], [15.99786788, 56.67832557], [15.99827115, 56.67843417], [15.99983117, 56.67846486], [15.99996825, 56.67850311], [16.00011633, 56.67852473], [16.00070825, 56.67856022], [16.00121773, 56.67860293], [16.00182324, 56.67866372], [16.00259159, 56.67868808], [16.00333546, 56.67882986], [16.00342344, 56.67884352], [16.00444239, 56.67901415], [16.0054699, 56.67884911], [16.00627901, 56.67831269], [16.00874878, 56.67837104], [16.00898047, 56.67859472], [16.01040312, 56.67866179], [16.01240313, 56.67786468], [16.01346458, 56.6777982], [16.01478686, 56.67767695], [16.01504745, 56.67761311], [16.01543789, 56.67746809], [16.01582797, 56.67730511], [16.01608891, 56.67725933], [16.01646477, 56.67386008], [16.00843472, 56.67414238], [16.00809799, 56.67465542], [16.00790491, 56.67489852], [16.00759702, 56.67510609], [16.0071757, 56.67539488], [16.00691563, 56.67550351], [16.00540189, 56.67592769], [16.00266789, 56.67678799], [16.00122095, 56.67723798], [16.00148195, 56.67644334], [16.0047307, 56.66663827], [16.00830614, 56.66622033], [16.0119892, 56.6657945], [16.01322997, 56.66563952], [16.01513822, 56.66539061], [16.01533413, 56.66538093], [16.01556304, 56.6653981], [16.01606855, 56.66532454], [16.01632949, 56.66529672], [16.01677104, 56.66533112], [16.01758887, 56.66540905], [16.01839064, 56.66550508], [16.01891417, 56.6655661], [16.01915972, 56.66560119], [16.02012655, 56.6658403], [16.02127326, 56.66607882], [16.02238694, 56.66629937], [16.02332005, 56.66643983], [16.02395872, 56.66656331], [16.02520364, 56.6668194], [16.02581009, 56.6669699], [16.02630253, 56.66714774], [16.02703985, 56.66731575], [16.03662525, 56.66943682], [16.03697814, 56.66953288], [16.04137214, 56.66764146], [16.0415839, 56.66758687], [16.04169803, 56.66756849], [16.0422183, 56.66738699], [16.04439507, 56.66645405], [16.04538604, 56.66603729], [16.04584079, 56.665838], [16.04647263, 56.66544051], [16.04747671, 56.66479025], [16.04985179, 56.66316548], [16.05266446, 56.66132507], [16.06442903, 56.6660859], [16.06442916, 56.66608589], [16.06443009, 56.66608544], [16.06443036, 56.66608535], [16.06444702, 56.66609428], [16.06850135, 56.66400008], [16.06850944, 56.66399588], [16.07314171, 56.66160013], [16.07317487, 56.6615834], [16.07519498, 56.66056835], [16.07669419, 56.65981504], [16.07784667, 56.65923583], [16.07785409, 56.65923208], [16.07918684, 56.65855572], [16.0804246, 56.6579276], [16.08206273, 56.65709621], [16.08354407, 56.6563859], [16.08376248, 56.65629094], [16.0843093, 56.65605308], [16.08458043, 56.65591579], [16.08509047, 56.65565749], [16.08527101, 56.65553241], [16.08559266, 56.65568348], [16.0863331, 56.65606598], [16.08674665, 56.65627876], [16.08708348, 56.65645215], [16.08776197, 56.65681668], [16.08846006, 56.65719387], [16.08864353, 56.6572962], [16.08877152, 56.65738249], [16.08883058, 56.65742024], [16.0888635, 56.6574795], [16.0889097, 56.65754243], [16.08894923, 56.65760712], [16.08898231, 56.65767186], [16.08901519, 56.65771137], [16.08907756, 56.65775628], [16.08912995, 56.65779579], [16.08920537, 56.65783169], [16.08928397, 56.65786586], [16.08937241, 56.65790533], [16.08948034, 56.65793043], [16.08960139, 56.65794833], [16.08971585, 56.65798065], [16.08982726, 56.65802369], [16.08989605, 56.65805785], [16.08995838, 56.65810636], [16.09002417, 56.6581674], [16.09008001, 56.65822853], [16.09019823, 56.65832559], [16.09027718, 56.65841365], [16.09036261, 56.65850704], [16.09043503, 56.65858797], [16.09051379, 56.65865079], [16.09057296, 56.65871549], [16.09061917, 56.65880177], [16.09066542, 56.65887547], [16.09071139, 56.6589348], [16.09073472, 56.65900673], [16.09077121, 56.65910558], [16.09080764, 56.65917928], [16.09086667, 56.6592296], [16.09094547, 56.65927994], [16.09100783, 56.65933383], [16.09105393, 56.65940214], [16.09108367, 56.65946323], [16.09109045, 56.6594974], [16.09110724, 56.65957109], [16.09109781, 56.65963585], [16.09110147, 56.65971136], [16.09113782, 56.65978686], [16.09117071, 56.65982645], [16.09121672, 56.65987312], [16.09129224, 56.65993058], [16.09137758, 56.65997914], [16.09143983, 56.66001507], [16.09149889, 56.66006171], [16.09153834, 56.66010484], [16.09158448, 56.66016058], [16.09161415, 56.66021449], [16.0916438, 56.660263], [16.09169314, 56.6603223], [16.09172614, 56.66036549], [16.09175247, 56.66040146], [16.09179835, 56.66043915], [16.09187382, 56.66047145], [16.09196863, 56.66049838], [16.09207334, 56.66052351], [16.0921977, 56.66054856], [16.09234162, 56.66056643], [16.09261704, 56.66059581], [16.09277946, 56.66072293], [16.09302333, 56.6608337], [16.09352595, 56.66088103], [16.09395776, 56.66084328], [16.0943489, 56.66080374], [16.09473093, 56.66066815], [16.09490868, 56.66066506], [16.0954111, 56.66069172], [16.09560661, 56.66066521], [16.09573789, 56.66055806], [16.09588794, 56.66035112], [16.09607653, 56.66026718], [16.09636336, 56.66024498], [16.09660948, 56.66023805], [16.09695405, 56.66030463], [16.0971472, 56.6604057], [16.09739345, 56.66060717], [16.09767616, 56.66090102], [16.09810439, 56.661235], [16.09854956, 56.66145761], [16.09903368, 56.66163156], [16.09974139, 56.6618374], [16.10018978, 56.66205001], [16.10036002, 56.66213043], [16.10115622, 56.66238542], [16.10152079, 56.66250041], [16.10158564, 56.66225146], [16.10173687, 56.66178149], [16.10188708, 56.66118029], [16.10199617, 56.66074177], [16.10211427, 56.66060769], [16.10245601, 56.66030967], [16.10326658, 56.65969885], [16.10353466, 56.65950002], [16.10369779, 56.65937901], [16.10388116, 56.65927354], [16.10454497, 56.65909231], [16.1048556, 56.65899191], [16.10509039, 56.65877756], [16.10548493, 56.65835906], [16.1057249, 56.65818877], [16.10591495, 56.65808683], [16.10592834, 56.65793769], [16.10557201, 56.65761621], [16.10521707, 56.65727757], [16.10509477, 56.65685844], [16.10521985, 56.65659593], [16.10547556, 56.65634295], [16.10578594, 56.65600998], [16.10590925, 56.65593514], [16.1068343, 56.65572004], [16.10738812, 56.6556208], [16.10797463, 56.65552153], [16.10864261, 56.655458], [16.10931086, 56.65541253], [16.10978338, 56.65539412], [16.11019309, 56.65542613], [16.11060879, 56.65535038], [16.1109433, 56.6552997], [16.11134093, 56.65521396], [16.11172945, 56.65513818], [16.11206393, 56.65507752], [16.11227155, 56.65500722], [16.11258751, 56.65490675], [16.11282504, 56.65482881], [16.11136005, 56.65413576], [16.11095388, 56.65411396], [16.10632561, 56.64972332], [16.11637051, 56.6470924], [16.11704704, 56.64685925], [16.11745316, 56.64672293], [16.11762451, 56.64666013], [16.11868421, 56.6462383], [16.11962987, 56.64574463], [16.12082006, 56.64498161], [16.12324925, 56.64339274], [16.12484678, 56.64233352], [16.12489727, 56.64229974], [16.12507499, 56.64218091], [16.12531962, 56.64188468], [16.12592272, 56.64163328], [16.12618013, 56.64172105], [16.1262649, 56.64174993], [16.12838377, 56.64112143], [16.12907888, 56.64081869], [16.12908473, 56.64081621], [16.12965511, 56.64050194], [16.13024189, 56.64008008], [16.13072586, 56.63963292], [16.13074719, 56.63961323], [16.13105684, 56.63942474], [16.13115717, 56.63943479], [16.13118819, 56.63943792], [16.13156619, 56.6394758], [16.13220007, 56.63933009], [16.132947, 56.63910312], [16.13393779, 56.63882156], [16.13476657, 56.63862123], [16.13551402, 56.63844814], [16.13600065, 56.63825794], [16.13751163, 56.63787584], [16.13817772, 56.63770294], [16.13895793, 56.63753878], [16.13956004, 56.63748288], [16.14047091, 56.63734509], [16.14123388, 56.63710903], [16.14146119, 56.63702745], [16.14254724, 56.63653897], [16.14353361, 56.63588916], [16.14406509, 56.63533973], [16.14443184, 56.63463821], [16.14369147, 56.6342195], [16.14374567, 56.63418459], [16.14421979, 56.63393958], [16.14466522, 56.63367516], [16.14494474, 56.63341865], [16.14528374, 56.63304948], [16.14550767, 56.63284], [16.14550934, 56.63283738], [16.14744379, 56.63299302], [16.14744398, 56.6330126], [16.14757032, 56.63300317], [16.14765375, 56.63299701], [16.14814235, 56.63292451], [16.14831465, 56.63292319], [16.14845061, 56.63292058], [16.14847203, 56.6328381], [16.14851259, 56.63269535], [16.14855506, 56.63239852], [16.14856168, 56.63237304], [16.14864978, 56.63203402], [16.14877671, 56.63169886], [16.14878792, 56.63167388], [16.14895331, 56.63134376], [16.14915639, 56.63102002], [16.14917179, 56.63099572], [16.1494118, 56.63067973], [16.14943139, 56.63065637], [16.1497073, 56.63034948], [16.15001819, 56.63005278], [16.15004563, 56.63002683], [16.15025069, 56.62985238], [16.15059499, 56.62956713], [16.15062006, 56.6295475], [16.1509966, 56.6292748], [16.15102426, 56.62925631], [16.15143159, 56.62899733], [16.15151299, 56.62894699], [16.15151787, 56.62894399], [16.15193076, 56.62868262], [16.15196035, 56.62866555], [16.15196154, 56.62866491], [16.15196933, 56.62866053], [16.15213823, 56.6285659], [16.15214818, 56.62855278], [16.15219915, 56.62849617], [16.15217543, 56.62846773], [16.15195278, 56.62814794], [16.15176741, 56.62782106], [16.15172559, 56.62772757], [16.15157836, 56.62739495], [16.1514697, 56.62705775], [16.15140006, 56.62671749], [16.15136989, 56.62637552], [16.15136132, 56.62627059], [16.15137052, 56.62592826], [16.15137228, 56.62591081], [16.15138057, 56.62585208], [16.1513815, 56.62584282], [16.15138328, 56.62583067], [16.15138669, 56.62580136], [16.15143556, 56.62546], [16.15152362, 56.62512098], [16.15155498, 56.62501631], [16.15168186, 56.62468115], [16.15184719, 56.62435103], [16.15205022, 56.62402738], [16.15211263, 56.62393634], [16.15235258, 56.62362035], [16.15262841, 56.62331345], [16.15293922, 56.62301674], [16.15303267, 56.62293431], [16.15316689, 56.62282303], [16.15314314, 56.62274923], [16.15307363, 56.62240897], [16.15306074, 56.62233884], [16.1530307, 56.62199687], [16.15303988, 56.62165454], [16.15308874, 56.62131318], [16.15310112, 56.62124309], [16.15318915, 56.62090407], [16.153316, 56.62056891], [16.15348131, 56.62023878], [16.15351822, 56.62017133], [16.15372121, 56.61984759], [16.15396112, 56.61953169], [16.15423691, 56.61922479], [16.15429697, 56.61916261], [16.15460773, 56.61886589], [16.1549519, 56.61858063], [16.15525967, 56.61835769], [16.15524648, 56.61820744], [16.15525578, 56.61786511], [16.15527017, 56.61775987], [16.15531887, 56.61741852], [16.15534795, 56.61730614], [16.155319, 56.61721595], [16.15529202, 56.61712027], [16.15528239, 56.61707337], [16.15528118, 56.61706871], [16.15521166, 56.61672846], [16.15518146, 56.61638649], [16.15519076, 56.61604415], [16.1551987, 56.61594769], [16.1552474, 56.61560634], [16.15525713, 56.61556852], [16.15524883, 56.61554775], [16.15514018, 56.61521056], [16.15513441, 56.61518447], [16.15506477, 56.61484421], [16.15503471, 56.61450224], [16.15504387, 56.61415991], [16.1550463, 56.61414255], [16.15509513, 56.61380119], [16.15511412, 56.61372771], [16.15511622, 56.61365134], [16.1551051, 56.61362611], [16.15509478, 56.61360043], [16.15498613, 56.61326323], [16.15497225, 56.6132002], [16.15496231, 56.61315188], [16.15491137, 56.61303665], [16.1548718, 56.61293345], [16.15476316, 56.61259625], [16.15469353, 56.61225599], [16.15466293, 56.61210312], [16.15463288, 56.61176114], [16.1546306, 56.61165562], [16.15463577, 56.61146405], [16.1544906, 56.61113608], [16.15447785, 56.61110557], [16.15436921, 56.61076837], [16.15436303, 56.61074175], [16.15429353, 56.61040149], [16.15426335, 56.61005952], [16.154262, 56.61003267], [16.1542713, 56.60969034], [16.15427492, 56.60966353], [16.15432362, 56.60932218], [16.15441161, 56.60898316], [16.15441994, 56.60895667], [16.15454674, 56.60862151], [16.15471199, 56.60829138], [16.15472503, 56.60826547], [16.15492795, 56.60794182], [16.15494572, 56.60791668], [16.15499454, 56.60785245], [16.15461457, 56.60771827], [16.15411321, 56.60751551], [16.15363632, 56.60729571], [16.15361273, 56.60728408], [16.15316208, 56.60704805], [16.1527396, 56.60679676], [16.15234677, 56.60653118], [16.15232794, 56.60651716], [16.15196669, 56.60623844], [16.15163826, 56.60594765], [16.1513439, 56.60564603], [16.15132343, 56.60562233], [16.1510645, 56.60531095], [16.150842, 56.60499124], [16.15021202, 56.60402852], [16.15002679, 56.60370164], [16.15001514, 56.60367623], [16.14986802, 56.60334361], [16.14975945, 56.6030064], [16.14969001, 56.60266614], [16.14968828, 56.60264873], [16.14965814, 56.60230676], [16.14966749, 56.60196442], [16.14971622, 56.60162307], [16.14976371, 56.60143992], [16.14932774, 56.60128594], [16.14928794, 56.60127121], [16.1487867, 56.60106843], [16.14874979, 56.60105161], [16.14827302, 56.6008318], [16.14782248, 56.60059575], [16.14778874, 56.60057711], [16.14736636, 56.6003258], [16.14733593, 56.60030533], [16.14694321, 56.60003973], [16.14658206, 56.599761], [16.14655561, 56.59973905], [16.14622728, 56.59944824], [16.14618916, 56.59940925], [16.14611505, 56.59937041], [16.14608052, 56.59935222], [16.14565817, 56.59910091], [16.14562694, 56.59908089], [16.14523438, 56.59881529], [16.14487326, 56.59853655], [16.14484588, 56.59851497], [16.14475604, 56.5984354], [16.1444571, 56.59848962], [16.14428754, 56.59851409], [16.14368563, 56.59860038], [16.14307502, 56.59866537], [16.14245812, 56.59870904], [16.14183735, 56.59873099], [16.14166238, 56.59873664], [16.14125517, 56.59873688], [16.14048538, 56.59878346], [16.14047559, 56.59878391], [16.1404595, 56.59878487], [16.14045494, 56.598785], [16.14045159, 56.59878521], [16.14024287, 56.59879395], [16.14023309, 56.59879494], [16.13961619, 56.59883859], [16.13942515, 56.59884555], [16.13880437, 56.59886749], [16.1381824, 56.59886779], [16.13813227, 56.5988669], [16.13806965, 56.59886586], [16.13744891, 56.59884441], [16.13683181, 56.59880127], [16.1366419, 56.59878765], [16.13603115, 56.59872316], [16.13542889, 56.59863739], [16.13483784, 56.59853077], [16.13467158, 56.59849985], [16.13409402, 56.5983728], [16.13353225, 56.59822584], [16.13298857, 56.59805958], [16.13284945, 56.59801539], [16.13224536, 56.59801559], [16.13162463, 56.59799411], [16.13156897, 56.5979921], [16.13095189, 56.59794894], [16.13076296, 56.59793215], [16.13015223, 56.59786763], [16.12955001, 56.59778184], [16.12895898, 56.59767519], [16.12880452, 56.59764335], [16.12861061, 56.59767116], [16.12799999, 56.59773608], [16.12795272, 56.59774091], [16.12733582, 56.59778449], [16.12728794, 56.59778664], [16.12666717, 56.59780852], [16.12662325, 56.59780856], [16.1263804, 56.59783447], [16.12633191, 56.59783868], [16.12614856, 56.59785166], [16.125715, 56.59788226], [16.12509423, 56.59790414], [16.12504539, 56.59790566], [16.12442343, 56.59790589], [16.12437451, 56.59790472], [16.12394349, 56.59788975], [16.12375379, 56.5978832], [16.12313672, 56.59783999], [16.12308005, 56.59783556], [16.12246934, 56.59777092], [16.1219983, 56.59771993], [16.12194504, 56.59771277], [16.12134283, 56.59762693], [16.12075183, 56.59752024], [16.12070752, 56.59751166], [16.12013002, 56.59738454], [16.12008753, 56.5973737], [16.11952583, 56.59722667], [16.11898223, 56.59706035], [16.11894168, 56.59704724], [16.11841836, 56.59686222], [16.1183803, 56.59684703], [16.11787928, 56.59664411], [16.11740274, 56.59642418], [16.11736745, 56.59640698], [16.11691716, 56.59617082], [16.11688518, 56.59615198], [16.11688135, 56.59614968], [16.11646305, 56.59590056], [16.1160706, 56.59563486], [16.11604192, 56.59561428], [16.11568104, 56.59533546], [16.11565622, 56.59531349], [16.11532817, 56.5950226], [16.11503418, 56.59472089], [16.11501308, 56.59469773], [16.11475453, 56.59438627], [16.1147377, 56.59436208], [16.11451557, 56.5940423], [16.1143307, 56.59371536], [16.11431828, 56.59369041], [16.11417152, 56.59335774], [16.1140633, 56.5930205], [16.11405516, 56.59299498], [16.11398606, 56.59265469], [16.11398454, 56.59264411], [16.11398235, 56.59262886], [16.11395255, 56.59228687], [16.11396221, 56.59194454], [16.11396306, 56.59191866], [16.1140121, 56.59157732], [16.11401834, 56.59154726], [16.11410666, 56.59120826], [16.11430853, 56.59053013], [16.11443563, 56.59019501], [16.11444712, 56.59016553], [16.11461263, 56.58983545], [16.11462668, 56.5898108], [16.11477546, 56.58957385], [16.11482984, 56.58948721], [16.11486746, 56.58943774], [16.11449811, 56.58920192], [16.1142958, 56.58913933], [16.11402024, 56.58895567], [16.11373489, 56.58863969], [16.11354469, 56.58842742], [16.11344953, 56.58831895], [16.11343892, 56.58805423], [16.11351969, 56.58772778], [16.1133399, 56.58746718], [16.11287967, 56.58757829], [16.11247824, 56.5876753], [16.11220062, 56.58733383], [16.11200495, 56.58717218], [16.11172745, 56.58685774], [16.11156172, 56.58647188], [16.11144648, 56.58651594], [16.11109849, 56.5866908], [16.11086643, 56.58681252], [16.11063864, 56.58679165], [16.10965547, 56.58667386], [16.109482, 56.58679784], [16.10920589, 56.58694215], [16.10902715, 56.58701443], [16.10883203, 56.58707762], [16.10871829, 56.58711375], [16.10853943, 56.58715901], [16.1081506, 56.58716355], [16.10584555, 56.58545386], [16.10302729, 56.58596487], [16.10269065, 56.58553901], [16.10255, 56.58536113], [16.10243954, 56.58522369], [16.10223327, 56.58506526], [16.10198955, 56.58493923], [16.10164805, 56.58485809], [16.10130623, 56.58485797], [16.10078514, 56.58489358], [16.10031292, 56.58492928], [16.09990599, 56.58492013], [16.09948348, 56.58474897], [16.09896324, 56.58457786], [16.09842658, 56.58444264], [16.09803609, 56.58437953], [16.09761289, 56.58439728], [16.09727074, 56.58445994], [16.09620092, 56.58335334], [16.0963315, 56.58326353], [16.09621785, 56.5831915], [16.09610386, 56.58320041], [16.09540749, 56.58233673], [16.09469298, 56.58194068], [16.09413996, 56.58185041], [16.09373308, 56.58182318], [16.09233362, 56.58174143], [16.09080394, 56.58166853], [16.08988133, 56.58166135], [16.08959515, 56.58170913], [16.08924562, 56.5817156], [16.08888463, 56.5817246], [16.08855981, 56.58174523], [16.0882307, 56.58185959], [16.0879355, 56.58193925], [16.08774815, 56.58194124], [16.08753028, 56.58192321], [16.08713438, 56.58186666], [16.08682023, 56.58182872], [16.08664738, 56.58182142], [16.08641693, 56.58184194], [16.08605686, 56.58188353], [16.08580586, 56.58192705], [16.08554325, 56.58199662], [16.08536886, 56.58207126], [16.08510314, 56.58217266], [16.08492838, 56.58215047], [16.08473684, 56.58208127], [16.08457305, 56.58199188], [16.08426443, 56.58190807], [16.08396961, 56.58180886], [16.08375941, 56.58177251], [16.08339579, 56.58174613], [16.08281353, 56.58170269], [16.08216555, 56.58165659], [16.08160302, 56.58160336], [16.08128208, 56.58158109], [16.08095654, 56.58157188], [16.08084751, 56.58158514], [16.08081005, 56.58158978], [16.08056601, 56.5815716], [16.08020801, 56.58154434], [16.07970355, 56.58150803], [16.07924779, 56.58149869], [16.07905279, 56.58145358], [16.0782887, 56.58122818], [16.0774921, 56.58102084], [16.07726488, 56.58088573], [16.07679424, 56.5805887], [16.07645362, 56.58033663], [16.07624306, 56.58010265], [16.07590344, 56.57963488], [16.07551299, 56.57958957], [16.07494361, 56.57954419], [16.07447166, 56.57951683], [16.07439012, 56.57955275], [16.07432499, 56.57957065], [16.0740323, 56.57950751], [16.0736094, 56.57944424], [16.07310501, 56.57938993], [16.07248654, 56.5794074], [16.07178623, 56.57947874], [16.07129761, 56.57955032], [16.07089054, 56.57958599], [16.07067935, 56.57951387], [16.07046785, 56.5794777], [16.07009382, 56.57941444], [16.0697196, 56.57938721], [16.06941027, 56.57941395], [16.06905186, 56.57948557], [16.06890543, 56.57946742], [16.06879182, 56.57941342], [16.06858088, 56.57927834], [16.0683862, 56.57913431], [16.06837035, 56.5790624], [16.06832208, 56.57894541], [16.06820829, 56.57891836], [16.06799679, 56.57888227], [16.06776923, 56.5788191], [16.06759072, 56.57872002], [16.06729849, 56.57855796], [16.06708693, 56.5785578], [16.06702202, 56.5785218], [16.06698979, 56.57844976], [16.06690888, 56.57835084], [16.06677906, 56.57827874], [16.06658396, 56.57823361], [16.06625901, 56.57813444], [16.06609675, 56.5780354], [16.06596695, 56.57795441], [16.06569054, 56.57789121], [16.06544676, 56.5778191], [16.06520319, 56.57770198], [16.06504092, 56.57761193], [16.06466677, 56.57755764], [16.06452052, 56.57752152], [16.06430878, 56.57754831], [16.06398287, 56.57761999], [16.06370579, 56.57770968], [16.06318449, 56.57781708], [16.06271196, 56.57790663], [16.06251664, 56.57790642], [16.06228906, 56.57786129], [16.06204506, 56.57784307], [16.06183352, 56.57783392], [16.06163044, 56.57785353], [16.06155668, 56.57786063], [16.06114964, 56.5778783], [16.06067784, 56.57785986], [16.06025478, 56.57783257], [16.0599946, 56.57777837], [16.05979971, 56.57769721], [16.05962143, 56.57756219], [16.05934544, 56.57742711], [16.05910172, 56.57732794], [16.05882501, 56.57735464], [16.05843445, 56.57732734], [16.05806043, 56.5772821], [16.0577509, 56.57734474], [16.05739252, 56.57739836], [16.05713213, 56.57738917], [16.05701831, 56.57737998], [16.05667663, 56.57734372], [16.05627016, 56.57728043], [16.05596109, 56.57724416], [16.05573309, 56.57727996], [16.05539509, 56.57727466], [16.05375512, 56.57732944], [16.05355037, 56.57736638], [16.05347521, 56.57738597], [16.05313617, 56.57755593], [16.05294044, 56.57762262], [16.05274879, 56.57766718], [16.05257368, 56.57769849], [16.05220246, 56.57773451], [16.05195065, 56.57786527], [16.05162842, 56.5778724], [16.05130372, 56.57786302], [16.05112406, 56.57785106], [16.05079854, 56.57785076], [16.05035964, 56.57788132], [16.050017, 56.57792194], [16.0497399, 56.57800261], [16.04930596, 56.5781006], [16.0489368, 56.57821618], [16.04864193, 56.57835853], [16.04846169, 56.57845652], [16.04824961, 56.57850053], [16.04800475, 56.57855344], [16.04788963, 56.57864262], [16.04775633, 56.57887532], [16.01897834, 56.57865937], [16.01305028, 56.57888431], [16.01014548, 56.57843786], [16.00991485, 56.57855786], [16.00978307, 56.57866493], [16.00960255, 56.57877176], [16.00922722, 56.578842], [16.00885131, 56.57896605], [16.00865582, 56.57897419], [16.00846026, 56.5790003], [16.00832896, 56.57908051], [16.00819718, 56.57918757], [16.00821237, 56.57925931], [16.00826056, 56.57930437], [16.0082989, 56.57935293], [16.00832446, 56.57938533], [16.00840392, 56.57951116], [16.00838595, 56.57962764], [16.00833636, 56.57968131], [16.00825377, 56.57977064], [16.00862202, 56.583629], [16.00884566, 56.5859717], [16.00936974, 56.5914599], [16.00942454, 56.59203453], [16.00948803, 56.59269856], [16.00950501, 56.59287727], [16.00960971, 56.59397349], [16.00962313, 56.59411396], [16.00728083, 56.59909433], [16.00633606, 56.60110271], [16.00582676, 56.60218521], [16.00565013, 56.6026197], [16.00516425, 56.60294656], [16.00298138, 56.60441525], [16.00187214, 56.60516149], [15.99897179, 56.60711261], [15.99923452, 56.60753897], [15.99925641, 56.60757437], [15.99900416, 56.60767224], [15.99874203, 56.60774199], [15.99834101, 56.60775643], [15.99809921, 56.60769028], [15.99788724, 56.60750757], [15.99758444, 56.60730842], [15.9972217, 56.60715925], [15.996648, 56.60704366], [15.99589276, 56.60682855], [15.99516798, 56.60666323], [15.9946542, 56.60648104], [15.99374722, 56.60608307], [15.99317268, 56.60580111], [15.99250804, 56.6056025], [15.99190389, 56.60542039], [15.99148032, 56.60518815], [15.99108667, 56.60487258], [15.99069283, 56.60452377], [15.99035973, 56.60425811], [15.9899666, 56.60405903], [15.98969468, 56.6039596], [15.98936294, 56.6039767], [15.98888054, 56.60401072], [15.98851832, 56.60396132], [15.98823544, 56.60390482], [15.98800756, 56.60377871], [15.98769822, 56.60359864], [15.98742169, 56.60337366], [15.98730785, 56.60324773], [15.98730816, 56.60316679], [15.98735733, 56.60305888], [15.98742292, 56.60290601], [15.98745631, 56.60260033], [15.98739158, 56.6024564], [15.98717996, 56.60233034], [15.98699305, 56.60221406], [15.98667337, 56.60195628], [15.98632489, 56.60169082], [15.98580276, 56.60143616], [15.98533883, 56.60123467], [15.98477705, 56.60075665], [15.98446697, 56.60044848], [15.98423381, 56.60008707], [15.98409693, 56.59970414], [15.98411546, 56.59952326], [15.98390247, 56.59935328], [15.98355405, 56.5991197], [15.98318595, 56.59877974], [15.98299214, 56.59856721], [15.98262468, 56.59835489], [15.98218001, 56.59815332], [15.981836, 56.59802669], [15.9815438, 56.59797159], [15.98090974, 56.59792386], [15.98045475, 56.59786798], [15.9797395, 56.59780194], [15.97926861, 56.59772812], [15.97895983, 56.59769085], [15.97857195, 56.59751874], [15.97820037, 56.59733769], [15.97790946, 56.59720183], [15.97768352, 56.59707533], [15.97752252, 56.596967], [15.9774926, 56.59679648], [15.9775282, 56.59659938], [15.977974, 56.59620693], [15.97822255, 56.5959301], [15.97828934, 56.59582286], [15.97822603, 56.59570604], [15.97809736, 56.59560681], [15.97690658, 56.59576276], [15.97641785, 56.59578744], [15.97633291, 56.59577957], [15.97610904, 56.59575905], [15.97584973, 56.59568617], [15.97576961, 56.59560514], [15.97561028, 56.59538919], [15.97549715, 56.59533492], [15.9753984, 56.59540612], [15.97534802, 56.59550452], [15.97529765, 56.59560292], [15.97511627, 56.59574555], [15.97496662, 56.5959421], [15.97458499, 56.59620424], [15.9745388, 56.59623604], [15.97413056, 56.59631487], [15.97373967, 56.59632198], [15.97357532, 56.59631787], [15.97330038, 56.59631104], [15.97286108, 56.59630001], [15.97237251, 56.59631569], [15.97203017, 56.596341], [15.97168741, 56.59640225], [15.97155713, 56.59640165], [15.97142771, 56.59635622], [15.97116861, 56.59626536], [15.97081293, 56.5961113], [15.97064671, 56.596034], [15.97053553, 56.59598231], [15.97015049, 56.59580333], [15.96948642, 56.59559409], [15.96900044, 56.5954484], [15.96872527, 56.5953485], [15.96840152, 56.59523936], [15.96815131, 56.5951805], [15.96802296, 56.59515024], [15.96787281, 56.59511296], [15.9677501, 56.59508265], [15.9676928, 56.59506864], [15.9672678, 56.595007], [15.9670878, 56.59496267], [15.96689364, 56.59494802], [15.96685919, 56.59494541], [15.96677063, 56.59494816], [15.96654923, 56.59495527], [15.96648906, 56.59498107], [15.96633802, 56.59504566], [15.96611046, 56.59512711], [15.96581773, 56.59521777], [15.96565553, 56.59530796], [15.96555839, 56.59538013], [15.96551055, 56.59547895], [15.9654801, 56.59568552], [15.96543283, 56.59583832], [15.96538547, 56.59598206], [15.96514151, 56.59606354], [15.96483136, 56.59605552], [15.96458773, 56.59615496], [15.96431143, 56.59626346], [15.96416607, 56.59639861], [15.96409624, 56.59648314], [15.9640694, 56.5965156], [15.96408673, 56.59660529], [15.96413693, 56.59673084], [15.96428671, 56.59699072], [15.9643378, 56.59718803], [15.96437217, 56.59734056], [15.96422677, 56.5974846], [15.96421222, 56.59764623], [15.9641478, 56.59772721], [15.96413344, 56.5979068], [15.96411889, 56.59806842], [15.96407142, 56.59820317], [15.96405762, 56.59843665], [15.96402584, 56.59851756], [15.96412576, 56.5986968], [15.96417292, 56.59878743], [15.9642424, 56.59892082], [15.96426425, 56.59895622], [15.96431015, 56.59904974], [15.96431063, 56.59918995], [15.96426241, 56.59925294], [15.96429617, 56.59936056], [15.96439619, 56.59954878], [15.96442196, 56.59957948], [15.96456158, 56.59974584], [15.96464474, 56.59988919], [15.96467832, 56.59997884], [15.96459765, 56.60005986], [15.96450126, 56.6002038], [15.96446957, 56.60029369], [15.96445426, 56.60038346], [15.9644554, 56.6004863], [15.96445586, 56.60053606], [15.96432687, 56.60067108], [15.96436045, 56.60076074], [15.9644348, 56.6008481], [15.96445959, 56.6008772], [15.96449697, 56.60092101], [15.96455885, 56.60099356], [15.96446208, 56.60110157], [15.96428388, 56.60121882], [15.9639079, 56.60117503], [15.96343386, 56.60110459], [15.96328609, 56.60102426], [15.96322025, 56.60097061], [15.96295941, 56.60100721], [15.96260079, 56.60104421], [15.9623885, 56.60103588], [15.96217574, 56.60098255], [15.96183099, 56.60080404], [15.96166622, 56.60065197], [15.96156659, 56.60049959], [15.96130509, 56.6004734], [15.9610442, 56.60049213], [15.96093163, 56.60064508], [15.96079464, 56.60083019], [15.96067401, 56.60097799], [15.96060188, 56.60106765], [15.96055904, 56.6011208], [15.96052909, 56.60115795], [15.96028626, 56.60133814], [15.96007565, 56.60149139], [15.96020539, 56.60177721], [15.96022907, 56.60181574], [15.9601467, 56.60202082], [15.96006011, 56.60225019], [15.96003603, 56.60229637], [15.96003534, 56.60244917], [15.96005086, 56.60261092], [15.96001744, 56.60278167], [15.95986991, 56.60297037], [15.95973864, 56.60318598], [15.95812655, 56.60225261], [15.95658132, 56.60135779], [15.95996371, 56.59564772], [15.95984757, 56.59546852], [15.959618, 56.59537049], [15.95932344, 56.59529946], [15.95880038, 56.59522022], [15.95808191, 56.59517743], [15.95777033, 56.59504365], [15.95757455, 56.59504417], [15.95741121, 56.59502675], [15.95490028, 56.59416062], [15.94907445, 56.59215076], [15.94065858, 56.59007644], [15.93423698, 56.58849303], [15.92785672, 56.58839949], [15.92474492, 56.58847512], [15.92439005, 56.58855214], [15.92416204, 56.58858437], [15.92390823, 56.58858249], [15.92372264, 56.58855368], [15.92351111, 56.58850693], [15.92322795, 56.58846366], [15.92281461, 56.58835041], [15.92245985, 56.58831073], [15.92214741, 56.58822798], [15.92187083, 56.58811828], [15.92166594, 56.58803554], [15.92145431, 56.58801753], [15.92114515, 56.58798146], [15.92085863, 56.58797595], [15.92060806, 56.58794708], [15.92048438, 56.58791297], [15.92028925, 56.58775658], [15.92009733, 56.58763799], [15.91992819, 56.58758409], [15.91975254, 56.58749422], [15.91957696, 56.58736302], [15.9194338, 56.58727317], [15.91907903, 56.58719396], [15.91881229, 56.58713458], [15.91858764, 56.5871057], [15.91846096, 56.58710825], [15.91840862, 56.58710927], [15.91798529, 56.58723114], [15.91740136, 56.58742984], [15.91735848, 56.58744453], [15.91729177, 56.58746747], [15.91724031, 56.58748798], [15.91677071, 56.58764567], [15.91668521, 56.58767442], [15.91620626, 56.58783945], [15.91598402, 56.58791601], [15.91572051, 56.58800679], [15.91548349, 56.58808839], [15.91522531, 56.58818353], [15.91501012, 56.58826838], [15.91479346, 56.58835387], [15.91424336, 56.58835352], [15.91391778, 56.58833183], [15.91372576, 56.58829219], [15.91367666, 56.58826588], [15.91352823, 56.58826319], [15.91344717, 56.58821492], [15.91326696, 56.58815256], [15.91300457, 56.58800061], [15.91287361, 56.58796501], [15.91266186, 56.58799244], [15.91246655, 56.58805576], [15.91225546, 56.58815504], [15.91215825, 56.58822717], [15.91202103, 56.58829985], [15.91180109, 56.58841654], [15.91152462, 56.58851602], [15.9113456, 56.58857024], [15.91102074, 56.58872371], [15.9107285, 56.58887703], [15.91061487, 56.58893122], [15.91033855, 56.58904858], [15.90996394, 56.5891213], [15.90985039, 56.58918447], [15.90975308, 56.58924752], [15.9093779, 56.58925745], [15.90903526, 56.58925825], [15.90890455, 56.58924968], [15.90841438, 56.58917906], [15.90821949, 56.58914833], [15.9080223, 56.58911716], [15.90784247, 56.58908174], [15.90730306, 56.58898426], [15.90707374, 56.58889511], [15.90697498, 56.58879658], [15.90689149, 56.58859031], [15.90682417, 56.58837504], [15.90679114, 56.58833028], [15.90661091, 56.58824985], [15.90629997, 56.58816085], [15.90603857, 56.58811667], [15.90590775, 56.58808106], [15.90543369, 56.58799244], [15.90512345, 56.58796632], [15.904895, 56.58795783], [15.90474772, 56.58791336], [15.90458326, 56.58777909], [15.90430476, 56.5876541], [15.90405953, 56.58760082], [15.90389628, 56.5876012], [15.90373316, 56.58760167], [15.90345618, 56.58764716], [15.90321168, 56.58767471], [15.90313002, 56.58765698], [15.90294972, 56.58756765], [15.90252375, 56.58738912], [15.90226172, 56.58727307], [15.90209759, 56.58717474], [15.90206417, 56.58708506], [15.90207698, 56.58690109], [15.90207859, 56.58687853], [15.90196299, 56.58672622], [15.90179918, 56.58666372], [15.90166852, 56.58664607], [15.90129353, 56.58667394], [15.9010985, 56.58675521], [15.90098496, 56.58683625], [15.90095303, 56.58689918], [15.90085706, 56.58711483], [15.90076077, 56.58729464], [15.90059916, 56.58746558], [15.9001934, 56.58769102], [15.89985204, 56.58783542], [15.89926623, 56.58799847], [15.89890722, 56.58799927], [15.89859667, 56.5879372], [15.89836719, 56.58781184], [15.89822042, 56.58773161], [15.89841049, 56.58723187], [15.89826263, 56.58709416], [15.89818014, 56.58699567], [15.897935, 56.58695136], [15.89767325, 56.58688013], [15.89739541, 56.58682699], [15.89719975, 56.58683639], [15.896955, 56.58683699], [15.89649853, 56.58688295], [15.89615652, 56.5869376], [15.89601003, 56.58698285], [15.89576498, 56.58694752], [15.89569438, 56.58693743], [15.89359795, 56.58663847], [15.89243552, 56.58647273], [15.8919259, 56.58640003], [15.88814033, 56.59060245], [15.88749174, 56.59132237], [15.88662456, 56.59228494], [15.88317385, 56.59611446], [15.88294293, 56.59633599], [15.88293411, 56.59641824], [15.88287251, 56.59727805], [15.88249514, 56.60231354], [15.88226075, 56.60450885], [15.8816753, 56.61610043], [15.88665493, 56.61767474], [15.89736013, 56.62087658], [15.90958021, 56.62450031], [15.92586209, 56.62738441], [15.92725095, 56.62762208], [15.92675478, 56.63178699], [15.9323996, 56.63585054], [15.9327097, 56.63607206], [15.93291225, 56.63609767], [15.93303934, 56.6361702], [15.93318575, 56.63624132], [15.93344712, 56.63625346], [15.9336804, 56.6362872], [15.93386467, 56.6363619], [15.93427422, 56.63658123], [15.93446379, 56.63660909], [15.93478401, 56.63661962], [15.93512701, 56.63661597], [15.93545393, 56.63663085], [15.93565226, 56.63666493], [15.93587474, 56.63669694], [15.93604195, 56.6367062], [15.93629555, 56.63670303], [15.93649745, 56.63671256], [15.93678086, 56.63669148], [15.93702537, 56.63669008], [15.93730997, 56.6367333], [15.93763225, 56.63678881], [15.93790574, 56.63682269], [15.93822267, 56.63685237], [15.93855816, 56.63683861], [15.93895962, 56.63696951], [15.93928334, 56.63714214], [15.93949676, 56.63727976], [15.93916643, 56.63746891], [15.93900045, 56.63763886], [15.93916568, 56.63841282], [15.9392072, 56.63881753], [15.93917192, 56.63896125], [15.93855835, 56.63954248], [15.9383928, 56.6396764], [15.93816331, 56.6397472], [15.93654343, 56.64007146], [15.93629766, 56.64014212], [15.93585234, 56.64041854], [15.93539111, 56.64067684], [15.93497918, 56.64091744], [15.93441982, 56.64119318], [15.9341569, 56.64129971], [15.93400223, 56.64141756], [15.93387393, 56.64153611], [15.93368096, 56.64165469], [15.93346641, 56.64173777], [15.93323003, 56.64173792], [15.93307954, 56.64171444], [15.93292911, 56.64172644], [15.93256455, 56.64190433], [15.93224283, 56.64205864], [15.93181321, 56.64210641], [15.9314695, 56.64215407], [15.93123358, 56.64224899], [15.93099797, 56.64243876], [15.93082652, 56.64256912], [15.93061184, 56.642593], [15.93026786, 56.64256961], [15.93007478, 56.64264085], [15.93001078, 56.64278298], [15.9300545, 56.64293689], [15.93024877, 56.64313809], [15.93048571, 56.6432918], [15.93067952, 56.64338638], [15.9307446, 56.64352845], [15.93061633, 56.64367061], [15.93029436, 56.64377749], [15.93010103, 56.64378953], [15.92997208, 56.64378969], [15.92984341, 56.6438608], [15.92967213, 56.64401497], [15.92952222, 56.64416897], [15.92943675, 56.64426384], [15.92939403, 56.64435865], [15.92932987, 56.64441788], [15.92917961, 56.64445349], [15.92894302, 56.64441825], [15.92868492, 56.6443829], [15.92836235, 56.64431219], [15.9281258, 56.64430048], [15.92788964, 56.64434805], [15.92778249, 56.64443104], [15.92776144, 56.64453764], [15.92791239, 56.64465598], [15.92825733, 56.64489253], [15.92832229, 56.64504637], [15.92823686, 56.64516495], [15.92780746, 56.64528375], [15.92727099, 56.64546183], [15.9269705, 56.64555677], [15.92686341, 56.64567533], [15.92686407, 56.64581743], [15.9269291, 56.64600684], [15.92708013, 56.64617234], [15.92710211, 56.64634995], [15.92705948, 56.64642105], [15.92690902, 56.64643295], [15.92669416, 56.64644506], [15.92643647, 56.64649261], [15.92622183, 56.64655205], [15.92609285, 56.64654035], [15.92598514, 56.64646938], [15.92583455, 56.64639854], [15.92566269, 56.64639865], [15.9255125, 56.64648169], [15.92540545, 56.64662388], [15.92525614, 56.64697917], [15.92512762, 56.64707399], [15.92498837, 56.64715372], [15.92492702, 56.64719082], [15.92482388, 56.6473063], [15.92479263, 56.64741414], [15.9249424, 56.64763804], [15.9250264, 56.64781734], [15.92502826, 56.64796994], [15.9249652, 56.64814081], [15.92478745, 56.64828513], [15.92464056, 56.64838243], [15.9244336, 56.6484102], [15.92412658, 56.64848128], [15.92382687, 56.64856031], [15.92358323, 56.64859499], [15.92343665, 56.64862249], [15.92335567, 56.64867671], [15.92322661, 56.64879391], [15.92316268, 56.6489019], [15.92319703, 56.64903639], [15.92319871, 56.64917111], [15.92308591, 56.64928828], [15.9226647, 56.64954121], [15.92255182, 56.64964938], [15.92252065, 56.64976621], [15.92244087, 56.64991924], [15.9223279, 56.65001843], [15.92210222, 56.65024368], [15.92187632, 56.65046004], [15.92163405, 56.65066745], [15.921521, 56.65075775], [15.92087102, 56.65101156], [15.91943015, 56.65161596], [15.91791687, 56.65498231], [15.91671083, 56.65824299], [15.91608207, 56.6591625], [15.91533602, 56.66012768], [15.91502892, 56.66038927], [15.91490018, 56.6605334], [15.91483857, 56.6608389], [15.91473329, 56.66155756], [15.91438706, 56.66260936], [15.91419893, 56.66322956], [15.91322637, 56.66513669], [15.91436486, 56.66902651], [15.91814187, 56.6819262], [15.92753432, 56.685473], [15.92876635, 56.68596208], [15.9304089, 56.68661121], [15.93111548, 56.68690478], [15.93164223, 56.68719907], [15.932398, 56.68751041], [15.93313657, 56.68774094], [15.93421986, 56.68810488], [15.93550203, 56.68866556], [15.93617549, 56.68892333], [15.93645554, 56.6890928], [15.93719528, 56.68942211], [15.93837798, 56.68986637], [15.93906808, 56.69014206], [15.93993974, 56.69056063], [15.94104205, 56.69110393], [15.94184886, 56.69154975], [15.94240897, 56.69187975], [15.94342092, 56.69176799]]]}, "properties": {"deso": "0880A0040", "pop": 1144.0, "income": 344.6, "male_frac": 0.5218, "child_frac": 0.1906, "elder_frac": 0.2273, "dependency": 0.7177, "needZ": 0.1252}}, {"type": "Feature", "geometry": {"type": "Polygon", "coordinates": [[[16.42593454, 56.67313831], [16.42586414, 56.67302737], [16.42446487, 56.66853964], [16.38179716, 56.67286441], [16.38179702, 56.67286441], [16.37862022, 56.67287904], [16.3761705, 56.67369378], [16.37321592, 56.67467637], [16.37136463, 56.67529199], [16.36919522, 56.67530176], [16.36921323, 56.6765141], [16.36864226, 56.6765167], [16.36415635, 56.67653681], [16.3638685, 56.67638527], [16.36359342, 56.67624042], [16.36238075, 56.67560179], [16.36214628, 56.67556375], [16.36210106, 56.67555634], [16.36195674, 56.67553285], [16.35931675, 56.67510383], [16.35883549, 56.67502562], [16.35818312, 56.67491955], [16.35806505, 56.67497465], [16.35617655, 56.67464031], [16.35611186, 56.67464164], [16.35593125, 56.67464522], [16.35560709, 56.67466169], [16.35513521, 56.67457816], [16.35215295, 56.67405012], [16.35065765, 56.67408054], [16.35052709, 56.67407989], [16.35049512, 56.67401762], [16.35009936, 56.67394717], [16.35001715, 56.67397034], [16.34995448, 56.67407711], [16.34979956, 56.67407637], [16.34957344, 56.6740304], [16.34520168, 56.67975224], [16.34522753, 56.67980514], [16.34509259, 56.67998832], [16.34498696, 56.6801402], [16.34479419, 56.68043046], [16.34457215, 56.6807417], [16.34437373, 56.6810171], [16.34422554, 56.68121373], [16.34406688, 56.68143409], [16.34391337, 56.68164406], [16.34375997, 56.68184954], [16.34361955, 56.68203422], [16.34347656, 56.68221444], [16.34343179, 56.68229182], [16.34326511, 56.68254784], [16.34329769, 56.6825518], [16.34338693, 56.68256287], [16.34356343, 56.68258999], [16.34387408, 56.68263838], [16.34409178, 56.68267717], [16.34417935, 56.68269428], [16.34442201, 56.68274242], [16.34465885, 56.68279313], [16.34774689, 56.68342091], [16.34796889, 56.68346288], [16.34994629, 56.68386367], [16.3517075, 56.68422213], [16.35186447, 56.68425232], [16.35240767, 56.68435072], [16.3527169, 56.68440377], [16.3546872, 56.68468257], [16.35509487, 56.68474021], [16.355251, 56.6848181], [16.35553795, 56.68491793], [16.35585406, 56.68505346], [16.35586174, 56.68501978], [16.35611806, 56.68504259], [16.35647667, 56.68507219], [16.35666956, 56.68508653], [16.35681423, 56.68509636], [16.35691584, 56.68510334], [16.35716817, 56.68511972], [16.35756991, 56.6851431], [16.35798492, 56.6851614], [16.35837914, 56.68517785], [16.35897689, 56.68519388], [16.35937171, 56.6852008], [16.3596906, 56.68520396], [16.36080703, 56.68519357], [16.36295913, 56.68509503], [16.3646859, 56.68493149], [16.36508743, 56.6848935], [16.36518086, 56.68488618], [16.36522173, 56.68489939], [16.36526037, 56.6849146], [16.36534273, 56.68494361], [16.365435, 56.68497116], [16.36547801, 56.68498408], [16.36561923, 56.68501783], [16.36573714, 56.68503954], [16.36577412, 56.68504227], [16.36580864, 56.68504001], [16.36584171, 56.68503498], [16.36588611, 56.68503081], [16.36595578, 56.68502905], [16.36599326, 56.68503044], [16.36602991, 56.68503516], [16.36606059, 56.6850421], [16.36610227, 56.68505574], [16.36613907, 56.68507196], [16.36617669, 56.68508852], [16.36622569, 56.68510703], [16.36625724, 56.68511576], [16.36629084, 56.6851179], [16.36632853, 56.68512171], [16.36637577, 56.68513242], [16.36642109, 56.68514603], [16.36646071, 56.68516204], [16.36648919, 56.68517169], [16.36652345, 56.68518084], [16.36656201, 56.68518626], [16.36659785, 56.68518694], [16.3666373, 56.68518732], [16.36667596, 56.68519147], [16.36670689, 56.68519805], [16.36674295, 56.68520879], [16.36676424, 56.68525015], [16.36677407, 56.68528373], [16.36678084, 56.68530333], [16.36681077, 56.68534926], [16.36683592, 56.68537827], [16.36687069, 56.68538688], [16.36694055, 56.68538278], [16.36703447, 56.68537044], [16.36708596, 56.6853201], [16.36711706, 56.6852832], [16.36714647, 56.68524775], [16.36715982, 56.68522991], [16.36716259, 56.68520967], [16.36717545, 56.68518563], [16.36719695, 56.68516968], [16.36722623, 56.68516028], [16.36726665, 56.68515759], [16.36729807, 56.68516273], [16.36732916, 56.68517388], [16.36737086, 56.68518403], [16.36740459, 56.68518985], [16.36744075, 56.68519215], [16.36747666, 56.68519113], [16.36751268, 56.68518939], [16.36756261, 56.68518174], [16.36756992, 56.68516414], [16.36757641, 56.68514647], [16.36759078, 56.6851269], [16.36760545, 56.68510824], [16.36762667, 56.68508474], [16.3676514, 56.68507234], [16.36768512, 56.68507781], [16.36775088, 56.68510215], [16.36778253, 56.68511348], [16.36784309, 56.68513896], [16.36787555, 56.68515055], [16.36790983, 56.68516032], [16.36794136, 56.68516492], [16.36797482, 56.68516329], [16.36801183, 56.68515929], [16.36804686, 56.68516025], [16.3680846, 56.68516128], [16.36812315, 56.68515897], [16.36816268, 56.68515413], [16.36819884, 56.68514511], [16.3682572, 56.68512111], [16.36831924, 56.68509465], [16.36846345, 56.68503243], [16.36857068, 56.68498625], [16.36866231, 56.68494778], [16.36876395, 56.68490705], [16.36879352, 56.68489846], [16.3688127, 56.68488154], [16.36882334, 56.68486327], [16.36885369, 56.68483527], [16.36889034, 56.68483613], [16.36892865, 56.68483813], [16.36897641, 56.68482252], [16.36899614, 56.68480622], [16.36901016, 56.6847881], [16.3690197, 56.68476895], [16.36903401, 56.68475163], [16.36909615, 56.68473541], [16.3691138, 56.68475058], [16.36913759, 56.68476801], [16.36919749, 56.68480149], [16.3692479, 56.68483283], [16.36927013, 56.6848704], [16.36930425, 56.68492024], [16.36932013, 56.68493866], [16.36934092, 56.68495505], [16.36936025, 56.68497586], [16.36937438, 56.68499421], [16.36939159, 56.68501585], [16.3694105, 56.6850399], [16.36944382, 56.68507519], [16.3694719, 56.68509968], [16.36949858, 56.6851152], [16.36952874, 56.68512277], [16.36957595, 56.68513285], [16.36965775, 56.68514983], [16.36970724, 56.68515979], [16.36980017, 56.68517557], [16.36985133, 56.68517959], [16.36991486, 56.68518293], [16.36996872, 56.68518701], [16.37003374, 56.68519052], [16.37007104, 56.68518714], [16.37010341, 56.6851778], [16.37013829, 56.68515954], [16.37017483, 56.68513902], [16.37023886, 56.68510436], [16.37028887, 56.68508378], [16.37032165, 56.68507102], [16.37036849, 56.68504463], [16.37041402, 56.68499751], [16.37046209, 56.68494569], [16.37048003, 56.68492456], [16.37050238, 56.68488398], [16.37050169, 56.68484626], [16.37050071, 56.68480467], [16.37051215, 56.68477859], [16.37053, 56.68475477], [16.37055052, 56.68473792], [16.37057828, 56.68472378], [16.37061087, 56.68471318], [16.37064286, 56.6847043], [16.37066593, 56.68468724], [16.37067698, 56.68466889], [16.37068259, 56.68464933], [16.3706905, 56.6846223], [16.37070063, 56.68458993], [16.37070423, 56.68456304], [16.37069114, 56.6845436], [16.37128832, 56.68436266], [16.37240093, 56.68551381], [16.37438336, 56.68756463], [16.37520702, 56.68808177], [16.37639429, 56.68850901], [16.37737395, 56.68886155], [16.37998692, 56.68915638], [16.38133682, 56.6893086], [16.38230014, 56.68928327], [16.38356811, 56.6891764], [16.38356838, 56.68917639], [16.38356824, 56.6891763], [16.42959095, 56.68981993], [16.42593454, 56.67313831]]]}, "properties": {"deso": "0880C1130", "pop": 1278.0, "income": 326.5, "male_frac": 0.486, "child_frac": 0.1628, "elder_frac": 0.1698, "dependency": 0.4982, "needZ": -0.0961}}, {"type": "Feature", "geometry": {"type": "Polygon", "coordinates": [[[16.33661981, 56.69135439], [16.33733104, 56.69057367], [16.33776294, 56.69001891], [16.3383178, 56.6893138], [16.33832917, 56.68927388], [16.33914075, 56.68817434], [16.33949784, 56.68769045], [16.34014016, 56.68684559], [16.34095902, 56.68576833], [16.34193794, 56.68448022], [16.34259188, 56.68355276], [16.34329769, 56.6825518], [16.34326511, 56.68254784], [16.34293211, 56.68250687], [16.34255354, 56.6824602], [16.34193137, 56.68241444], [16.34170706, 56.68239791], [16.34085395, 56.68237646], [16.34000163, 56.68239596], [16.33908763, 56.68357934], [16.33879044, 56.68384574], [16.33826752, 56.68431426], [16.33763644, 56.68473543], [16.33589266, 56.68608283], [16.33580159, 56.68615325], [16.33547342, 56.68644719], [16.33448756, 56.68721934], [16.3332665, 56.68780958], [16.33310709, 56.68811033], [16.3329752, 56.68835941], [16.33108081, 56.68930906], [16.33007139, 56.68997129], [16.32931323, 56.68958458], [16.32821865, 56.69049079], [16.32955355, 56.69094825], [16.33287888, 56.69122667], [16.33412366, 56.69156261], [16.33524671, 56.691886], [16.3358655, 56.6920867], [16.33590609, 56.69209991], [16.33661981, 56.69135439]]]}, "properties": {"deso": "0880C1160", "pop": 959.0, "income": 272.9, "male_frac": 0.4818, "child_frac": 0.0699, "elder_frac": 0.365, "dependency": 0.7694, "needZ": 1.1246}}, {"type": "Feature", "geometry": {"type": "Polygon", "coordinates": [[[16.23643775, 56.69333431], [16.23630149, 56.69261954], [16.23622735, 56.69261282], [16.23267451, 56.6917474], [16.23108515, 56.68743011], [16.23106429, 56.68741397], [16.2335238, 56.68513878], [16.23354468, 56.68504039], [16.23406249, 56.68449952], [16.23302361, 56.68246259], [16.23374163, 56.68198595], [16.23370009, 56.68164581], [16.23366116, 56.68148037], [16.2335596, 56.68119833], [16.23326202, 56.68073766], [16.23286839, 56.68040641], [16.23256818, 56.68037991], [16.23037875, 56.68101878], [16.23023248, 56.68092105], [16.22968913, 56.68031082], [16.22932261, 56.68031057], [16.22842409, 56.68011418], [16.22827512, 56.67964764], [16.22865609, 56.67895938], [16.22907873, 56.67849277], [16.22933285, 56.67821215], [16.22924741, 56.6778905], [16.22796423, 56.67760546], [16.22771785, 56.67718902], [16.22761169, 56.67486043], [16.22765588, 56.67484535], [16.22753467, 56.67434215], [16.22747797, 56.67385664], [16.22731876, 56.67339712], [16.22724311, 56.67306118], [16.22694766, 56.67279838], [16.22683069, 56.67217647], [16.22688355, 56.67200186], [16.22604902, 56.67236455], [16.22540832, 56.67263361], [16.22538636, 56.67234673], [16.22542512, 56.67192828], [16.22545387, 56.67171115], [16.22547587, 56.67145213], [16.22544836, 56.67118076], [16.22537288, 56.67089944], [16.22523803, 56.67050102], [16.22514068, 56.67013413], [16.22481587, 56.67001462], [16.22420554, 56.66974637], [16.223995, 56.66963561], [16.22374797, 56.6694706], [16.22328096, 56.66923938], [16.22290467, 56.66891359], [16.22262131, 56.66871874], [16.22250087, 56.66865192], [16.22228071, 56.66894235], [16.22207806, 56.6692662], [16.22202533, 56.66935834], [16.22186042, 56.66968846], [16.22173402, 56.67002378], [16.22164649, 56.67036285], [16.22162566, 56.67046752], [16.22157749, 56.6708089], [16.22156879, 56.67115123], [16.22156805, 56.67118645], [16.22158252, 56.67134693], [16.22157317, 56.67136543], [16.221562, 56.67139061], [16.22143559, 56.67172592], [16.22134806, 56.67206499], [16.22134149, 56.67209065], [16.22129333, 56.67243203], [16.2212908, 56.67246224], [16.2212821, 56.67280457], [16.2212836, 56.67312138], [16.22131445, 56.67346333], [16.2213173, 56.67349331], [16.22132274, 56.67351993], [16.22132056, 56.67352346], [16.22130606, 56.67354938], [16.22114112, 56.67387951], [16.2210147, 56.67421482], [16.22100507, 56.67424141], [16.22096871, 56.67438235], [16.22059593, 56.67445733], [16.22055186, 56.67446783], [16.2199814, 56.67460573], [16.21942799, 56.67476323], [16.21938601, 56.67477595], [16.21885191, 56.6749524], [16.21881229, 56.67496742], [16.2182995, 56.67516216], [16.21781042, 56.67537427], [16.21777382, 56.67539134], [16.21731003, 56.67562018], [16.21687366, 56.67586464], [16.21684022, 56.67588356], [16.21643298, 56.67614275], [16.21640296, 56.67616343], [16.21602644, 56.67643633], [16.21568208, 56.67672175], [16.21565601, 56.67674393], [16.21534539, 56.67704079], [16.2153234, 56.67706427], [16.21504756, 56.67737139], [16.2148078, 56.67768742], [16.21479002, 56.67771193], [16.21458725, 56.67803577], [16.21457394, 56.67806123], [16.21456218, 56.6780847], [16.21415941, 56.67828338], [16.21386485, 56.67844839], [16.21364808, 56.678492], [16.21307753, 56.67862988], [16.21282092, 56.67870289], [16.21241024, 56.67880211], [16.21185673, 56.67895958], [16.21170181, 56.67900564], [16.21116762, 56.67918205], [16.21065473, 56.67937676], [16.21016555, 56.67958884], [16.21002997, 56.6796507], [16.20956609, 56.67987951], [16.20912961, 56.68012395], [16.20872227, 56.68038311], [16.20861122, 56.68045839], [16.2082346, 56.68073126], [16.20789014, 56.68101666], [16.20757942, 56.68131351], [16.20749736, 56.68139919], [16.20722143, 56.6817063], [16.20698158, 56.6820223], [16.20677872, 56.68234604], [16.20672852, 56.68243914], [16.20656342, 56.68276924], [16.20643684, 56.68310454], [16.20634915, 56.6834436], [16.20633165, 56.68354896], [16.20628334, 56.68389033], [16.20627449, 56.68423266], [16.20627502, 56.68427002], [16.20630574, 56.68461198], [16.20632578, 56.68471688], [16.20639589, 56.6850571], [16.20650521, 56.68539425], [16.20665316, 56.68572689], [16.20670538, 56.68581918], [16.20689151, 56.68614588], [16.20711498, 56.68646557], [16.20737493, 56.68677674], [16.20767038, 56.6870783], [16.20775414, 56.68716328], [16.20808372, 56.68745391], [16.2084463, 56.68773246], [16.20849102, 56.68776257], [16.20854664, 56.68780533], [16.20894058, 56.68807072], [16.20905173, 56.68814465], [16.2094755, 56.68839574], [16.20992747, 56.68863155], [16.21040586, 56.68885121], [16.21054299, 56.68891249], [16.2110456, 56.68911493], [16.2115708, 56.68929954], [16.21211613, 56.68946545], [16.21227255, 56.68951082], [16.21283599, 56.68965741], [16.21341521, 56.68978409], [16.21400792, 56.68989033], [16.2141775, 56.68991787], [16.21478125, 56.69000325], [16.21539374, 56.69006744], [16.21601242, 56.69011009], [16.21620457, 56.69011953], [16.21628463, 56.69012225], [16.2163055, 56.69013462], [16.21675387, 56.69039048], [16.21720591, 56.69062627], [16.21727691, 56.69066123], [16.21775536, 56.69088086], [16.21845333, 56.6911773], [16.21895602, 56.69137971], [16.21899828, 56.69139609], [16.21952355, 56.69158067], [16.21956191, 56.69159278], [16.22010731, 56.69175865], [16.22067081, 56.69190521], [16.22071113, 56.69191542], [16.22129042, 56.69204206], [16.22133215, 56.69205018], [16.22192491, 56.69215639], [16.22252872, 56.69224173], [16.22257159, 56.69224778], [16.22318414, 56.69231192], [16.22323518, 56.69231645], [16.2238539, 56.69235906], [16.22392392, 56.69236349], [16.22397986, 56.69236546], [16.22460219, 56.69238647], [16.22522569, 56.69238582], [16.22527373, 56.69238499], [16.22589599, 56.69236252], [16.22651432, 56.69231852], [16.226562, 56.692315], [16.22717397, 56.69224951], [16.22722063, 56.69224357], [16.22782383, 56.69215687], [16.22838413, 56.69205514], [16.22869813, 56.69226646], [16.22871955, 56.69227919], [16.2291435, 56.69253021], [16.22959564, 56.69276595], [16.23007419, 56.69298553], [16.23057696, 56.69318789], [16.23060261, 56.69319815], [16.23112796, 56.69338267], [16.23167344, 56.6935485], [16.23223701, 56.69369501], [16.23226565, 56.69370227], [16.232845, 56.69382885], [16.23343783, 56.693935], [16.23404169, 56.69402029], [16.23407252, 56.6940243], [16.23468511, 56.69408838], [16.23530387, 56.69413094], [16.23584521, 56.69414919], [16.23643775, 56.69333431]]]}, "properties": {"deso": "0880B2030", "pop": 1449.0, "income": 295.0, "male_frac": 0.4869, "child_frac": 0.2312, "elder_frac": 0.1912, "dependency": 0.7312, "needZ": 0.7712}}, {"type": "Feature", "geometry": {"type": "Polygon", "coordinates": [[[16.23720357, 56.69412933], [16.23782191, 56.69408528], [16.23786891, 56.69408122], [16.2381386, 56.69405231], [16.23852848, 56.69403819], [16.2385762, 56.69403574], [16.23919454, 56.69399169], [16.23980652, 56.69392613], [16.23985348, 56.69392108], [16.24045681, 56.69383432], [16.24050261, 56.69382686], [16.24109462, 56.69371927], [16.24167303, 56.69359134], [16.24172475, 56.69357969], [16.24180807, 56.69355828], [16.24214477, 56.69360586], [16.24219098, 56.6936107], [16.24280358, 56.69367475], [16.24342234, 56.69371726], [16.24346927, 56.69371967], [16.24409163, 56.69374058], [16.24471516, 56.69373983], [16.24476214, 56.69373972], [16.24494128, 56.69373326], [16.24537651, 56.69376314], [16.24542438, 56.69376544], [16.24604674, 56.69378635], [16.24667027, 56.69378559], [16.24671833, 56.69378538], [16.2473406, 56.6937628], [16.2473965, 56.69375945], [16.24801482, 56.69371535], [16.24863752, 56.69366096], [16.24924947, 56.69359536], [16.24930433, 56.69358906], [16.2499075, 56.69350226], [16.24995356, 56.69349434], [16.2505454, 56.69338671], [16.25112377, 56.69325874], [16.25116799, 56.69324832], [16.25173034, 56.69310038], [16.25177247, 56.69308765], [16.25231667, 56.6929204], [16.25284046, 56.69273458], [16.25288022, 56.69271962], [16.25338146, 56.69251597], [16.25341833, 56.69249898], [16.25389503, 56.69227823], [16.25434521, 56.6920414], [16.25437878, 56.69202247], [16.2548007, 56.69177029], [16.2551928, 56.69150403], [16.25522295, 56.69148343], [16.25558337, 56.69120402], [16.25560956, 56.69118184], [16.25593699, 56.69089045], [16.25623013, 56.69058819], [16.25625237, 56.69056469], [16.25651004, 56.6902529], [16.25652794, 56.69022838], [16.25674898, 56.68990824], [16.25681875, 56.68978393], [16.2569027, 56.68970925], [16.25719582, 56.68940697], [16.25745348, 56.68909518], [16.25752497, 56.68899825], [16.25774599, 56.68867811], [16.25792976, 56.68835089], [16.25796258, 56.68828948], [16.25810818, 56.68795654], [16.25814441, 56.68785206], [16.25825109, 56.68751466], [16.25831876, 56.68717433], [16.2583468, 56.68683224], [16.25834516, 56.6867347], [16.25833374, 56.68639239], [16.25828291, 56.6860511], [16.2581926, 56.68571237], [16.25815616, 56.68561697], [16.25802707, 56.68528196], [16.25802174, 56.68527168], [16.25801109, 56.68495217], [16.25796027, 56.68461088], [16.25795495, 56.68458462], [16.25786464, 56.68424588], [16.25773555, 56.68391086], [16.25772553, 56.68388491], [16.25755785, 56.68355514], [16.25754328, 56.68352995], [16.25748972, 56.68344551], [16.2577745, 56.68342386], [16.25782857, 56.68341829], [16.25844034, 56.68335264], [16.25904332, 56.68326579], [16.25908871, 56.68325859], [16.2596805, 56.68315092], [16.25972433, 56.68314132], [16.26030251, 56.6830133], [16.26086468, 56.68286532], [16.26090668, 56.6828534], [16.2614507, 56.6826861], [16.26145988, 56.68268287], [16.26190384, 56.68263525], [16.26195141, 56.68262893], [16.26255451, 56.68254206], [16.26314614, 56.68243438], [16.26319228, 56.68242555], [16.26377044, 56.68229752], [16.26382222, 56.68228415], [16.26438436, 56.68213615], [16.26533309, 56.68185972], [16.26587707, 56.68169241], [16.26592407, 56.68167711], [16.26644763, 56.68149123], [16.26648549, 56.68147603], [16.26698651, 56.68127232], [16.26746299, 56.68105152], [16.26749795, 56.68103445], [16.26794791, 56.68079757], [16.26797985, 56.68077865], [16.26840156, 56.68052643], [16.26879344, 56.68026013], [16.26882183, 56.68023972], [16.26918204, 56.67996027], [16.26920688, 56.67993837], [16.26953411, 56.67964695], [16.26982705, 56.67934465], [16.26984781, 56.67932162], [16.2701053, 56.6790098], [16.27012212, 56.67898574], [16.27034298, 56.67866558], [16.27052659, 56.67833834], [16.27053894, 56.67831351], [16.2706844, 56.67798055], [16.27079094, 56.67764314], [16.27079896, 56.67761773], [16.27086651, 56.67727739], [16.27087022, 56.67725175], [16.27089814, 56.67690966], [16.2708974, 56.67688389], [16.27088587, 56.67654158], [16.27085233, 56.67631681], [16.2709064, 56.67604416], [16.27090967, 56.67601736], [16.27093759, 56.67567527], [16.27092606, 56.67533295], [16.27092462, 56.67530611], [16.27087369, 56.67496482], [16.27086728, 56.67493821], [16.27077687, 56.67459949], [16.27064771, 56.67426448], [16.2706366, 56.67423836], [16.27058126, 56.67412951], [16.27050549, 56.67384562], [16.27037632, 56.67351061], [16.27037286, 56.67350382], [16.27053802, 56.67320902], [16.27068346, 56.67287606], [16.27069443, 56.67285026], [16.27080096, 56.67251285], [16.27080721, 56.67248664], [16.27087474, 56.6721463], [16.27090266, 56.67180422], [16.27090394, 56.67178247], [16.26991239, 56.67184917], [16.26889429, 56.67192288], [16.26815107, 56.67199136], [16.26754562, 56.67205896], [16.2667132, 56.67218017], [16.26640052, 56.67222611], [16.26564271, 56.6723373], [16.2644135, 56.67252909], [16.26197302, 56.67291496], [16.26192335, 56.67292282], [16.25970767, 56.67325957], [16.25737469, 56.67362738], [16.25641686, 56.67378338], [16.25502731, 56.6739925], [16.25321814, 56.6742705], [16.25145907, 56.67455463], [16.24973891, 56.67484831], [16.248179, 56.67510496], [16.24755632, 56.67520741], [16.24497407, 56.67561027], [16.24266518, 56.67595384], [16.24202748, 56.67604653], [16.24085266, 56.67621741], [16.23910417, 56.6764726], [16.23755525, 56.67669524], [16.23702954, 56.67677691], [16.23663451, 56.67684191], [16.23621048, 56.67691763], [16.23570399, 56.67701904], [16.23502602, 56.67716159], [16.23406149, 56.67737327], [16.23250171, 56.67773105], [16.23175922, 56.67789299], [16.23089337, 56.67808184], [16.22907873, 56.67849277], [16.22865609, 56.67895938], [16.22827512, 56.67964764], [16.22842409, 56.68011418], [16.22932261, 56.68031057], [16.22968913, 56.68031082], [16.23023248, 56.68092105], [16.23037875, 56.68101878], [16.23256818, 56.68037991], [16.23286839, 56.68040641], [16.23326202, 56.68073766], [16.2335596, 56.68119833], [16.23366116, 56.68148037], [16.23370009, 56.68164581], [16.23374163, 56.68198595], [16.23302361, 56.68246259], [16.23406249, 56.68449952], [16.23354468, 56.68504039], [16.2335238, 56.68513878], [16.23106429, 56.68741397], [16.23108515, 56.68743011], [16.23267451, 56.6917474], [16.23622735, 56.69261282], [16.23630149, 56.69261954], [16.23643775, 56.69333431], [16.23584521, 56.69414919], [16.23592623, 56.69415189], [16.23595776, 56.69415257], [16.23658129, 56.69415186], [16.23720357, 56.69412933]]]}, "properties": {"deso": "0880B2040", "pop": 1628.0, "income": 309.7, "male_frac": 0.4856, "child_frac": 0.2168, "elder_frac": 0.1947, "dependency": 0.6994, "needZ": 0.5231}}, {"type": "Feature", "geometry": {"type": "Polygon", "coordinates": [[[16.31380711, 56.69555195], [16.31386405, 56.69543915], [16.31425828, 56.69465742], [16.31498479, 56.69356245], [16.31588187, 56.69250654], [16.31694292, 56.69149767], [16.31742775, 56.69110035], [16.31762958, 56.69093481], [16.32063582, 56.68847054], [16.3213267, 56.6879042], [16.32233883, 56.68707447], [16.3225821, 56.68687498], [16.32348098, 56.68613799], [16.32348373, 56.68573282], [16.32352279, 56.68574112], [16.32451103, 56.68594019], [16.32546077, 56.68502792], [16.3255725, 56.68492064], [16.3259259, 56.68449988], [16.32637425, 56.68396619], [16.32646844, 56.68385397], [16.32705437, 56.68298392], [16.32982931, 56.6830853], [16.33046482, 56.68310842], [16.33233769, 56.6831626], [16.33319168, 56.68316685], [16.33404314, 56.68312998], [16.33488549, 56.6830525], [16.33536503, 56.68298942], [16.33831962, 56.68255724], [16.33915372, 56.68245647], [16.3395666, 56.68242696], [16.34000163, 56.68239596], [16.34085395, 56.68237646], [16.34170706, 56.68239791], [16.34193137, 56.68241444], [16.34255354, 56.6824602], [16.34293211, 56.68250687], [16.34326511, 56.68254784], [16.34343179, 56.68229182], [16.34347656, 56.68221444], [16.34361955, 56.68203422], [16.34375997, 56.68184954], [16.34391337, 56.68164406], [16.34406688, 56.68143409], [16.34422554, 56.68121373], [16.34437373, 56.6810171], [16.34457215, 56.6807417], [16.34479419, 56.68043046], [16.34498696, 56.6801402], [16.34509259, 56.67998832], [16.34522753, 56.67980514], [16.34520168, 56.67975224], [16.34425143, 56.67963575], [16.34324526, 56.67939265], [16.34230678, 56.67905404], [16.34129955, 56.67873486], [16.34008727, 56.67858783], [16.34008747, 56.67858585], [16.34043672, 56.67568621], [16.34043725, 56.67568225], [16.34053122, 56.67490258], [16.34008442, 56.67489158], [16.33950722, 56.67563162], [16.33897753, 56.67641031], [16.33709874, 56.67717142], [16.33572975, 56.67796791], [16.33507776, 56.67811207], [16.33417564, 56.67831164], [16.33250571, 56.67834928], [16.33034454, 56.679094], [16.32889763, 56.67758834], [16.32881925, 56.67750662], [16.32807991, 56.67645406], [16.32756009, 56.6750294], [16.32799995, 56.6746291], [16.32750239, 56.67297576], [16.32600357, 56.67315028], [16.32516173, 56.67353923], [16.32416558, 56.67399934], [16.32356812, 56.67359462], [16.32325211, 56.67339029], [16.32292639, 56.67318957], [16.32258541, 56.67300239], [16.32222973, 56.67281797], [16.32188805, 56.67265281], [16.32160335, 56.67252378], [16.32120881, 56.67235926], [16.32081857, 56.67220593], [16.31959057, 56.67175479], [16.31851633, 56.67132052], [16.31829322, 56.67123206], [16.31778009, 56.6710466], [16.31729586, 56.67087152], [16.31675598, 56.67097551], [16.31641645, 56.6710409], [16.31621327, 56.67107593], [16.31529632, 56.67122647], [16.31490333, 56.67127527], [16.31458846, 56.67131057], [16.31399373, 56.67134739], [16.31364662, 56.67136884], [16.31342325, 56.6713809], [16.3126409, 56.67141277], [16.31232464, 56.67141233], [16.3115515, 56.67139954], [16.31156752, 56.67118657], [16.31072356, 56.67118809], [16.31067046, 56.67139112], [16.3105973, 56.67138875], [16.31012125, 56.67137858], [16.30947264, 56.67136357], [16.3077887, 56.67134569], [16.30754146, 56.67134443], [16.30269223, 56.67123804], [16.30256436, 56.67123318], [16.30214948, 56.67122513], [16.30161947, 56.6712074], [16.30123421, 56.67120765], [16.30111377, 56.67120361], [16.30069269, 56.67119534], [16.29990061, 56.67118718], [16.29855649, 56.67116976], [16.29798302, 56.67116388], [16.29519488, 56.67111592], [16.29502469, 56.67110925], [16.29457414, 56.67110091], [16.2935532, 56.67108196], [16.29346596, 56.6712575], [16.29345366, 56.67128341], [16.29332789, 56.6716188], [16.29332032, 56.67164519], [16.29323343, 56.67198422], [16.29318592, 56.67232571], [16.2931832, 56.67235251], [16.29317515, 56.67269484], [16.29317728, 56.67272159], [16.29320877, 56.67306352], [16.29327641, 56.67338791], [16.29313789, 56.67357117], [16.29312098, 56.67359613], [16.29291877, 56.67392001], [16.29275446, 56.67425031], [16.29274215, 56.67427613], [16.29261637, 56.67461152], [16.29260879, 56.67463791], [16.29252189, 56.67497694], [16.29247437, 56.67531843], [16.29247152, 56.67534514], [16.29246345, 56.67568747], [16.29246573, 56.67571862], [16.29249723, 56.67606055], [16.29270841, 56.67734598], [16.29277929, 56.67768624], [16.2927836, 56.67770605], [16.29288491, 56.67808597], [16.29299497, 56.67842295], [16.29300291, 56.67844649], [16.29315159, 56.67877903], [16.29316289, 56.67880227], [16.29330943, 56.67906431], [16.29349627, 56.67939097], [16.29351163, 56.67941497], [16.29373592, 56.67973441], [16.29375475, 56.67975766], [16.29401537, 56.68006873], [16.29432349, 56.68041066], [16.29461944, 56.68071193], [16.29464577, 56.68073789], [16.29497596, 56.68102829], [16.29500225, 56.6810493], [16.29536541, 56.68132759], [16.29575989, 56.68159271], [16.29578964, 56.68161235], [16.29621391, 56.68186314], [16.29624683, 56.68188103], [16.29669926, 56.68211662], [16.2971559, 56.68232575], [16.29742436, 56.68233499], [16.29790684, 56.68230894], [16.29825934, 56.68231551], [16.29858539, 56.68234373], [16.29883164, 56.6823532], [16.29894837, 56.68236187], [16.29955325, 56.68241907], [16.29970991, 56.68244169], [16.30001957, 56.68246693], [16.30051882, 56.68245085], [16.30051924, 56.68240862], [16.30160011, 56.68259882], [16.30172173, 56.68260079], [16.30220693, 56.68264162], [16.30315537, 56.68263727], [16.30339727, 56.68262198], [16.30381579, 56.68260709], [16.3042909, 56.68253923], [16.30457696, 56.68248504], [16.30494064, 56.68242984], [16.30536832, 56.68239949], [16.30660593, 56.68240798], [16.31058045, 56.68254562], [16.31106409, 56.68332807], [16.3114154, 56.6838965], [16.31154447, 56.6838028], [16.31219988, 56.68370166], [16.31275937, 56.68379943], [16.31346929, 56.68394547], [16.31368678, 56.68394039], [16.31372247, 56.68411482], [16.31385453, 56.68509276], [16.31387234, 56.68607191], [16.31379155, 56.68703413], [16.31349997, 56.68845742], [16.31335278, 56.68897056], [16.31288783, 56.69015242], [16.31111617, 56.69414239], [16.31055679, 56.69541973], [16.31073652, 56.69542269], [16.31084175, 56.69542446], [16.3112258, 56.69543668], [16.31137094, 56.69543605], [16.31167712, 56.69541198], [16.31225564, 56.69540176], [16.31325016, 56.69552046], [16.31379389, 56.69557814], [16.31380711, 56.69555195]]]}, "properties": {"deso": "0880C1140", "pop": 910.0, "income": 272.9, "male_frac": 0.486, "child_frac": 0.0758, "elder_frac": 0.3176, "dependency": 0.6486, "needZ": 0.8785}}, {"type": "Feature", "geometry": {"type": "Polygon", "coordinates": [[[16.32853132, 56.69843486], [16.32866206, 56.69831983], [16.32881175, 56.69818816], [16.33001479, 56.69719006], [16.33006897, 56.69714564], [16.33082568, 56.69652482], [16.33103684, 56.69631551], [16.33215314, 56.69535829], [16.33288059, 56.69473445], [16.33346218, 56.69427449], [16.33442937, 56.69342925], [16.33460413, 56.69327664], [16.33571417, 56.69228074], [16.33590609, 56.69209991], [16.3358655, 56.6920867], [16.33524671, 56.691886], [16.33412366, 56.69156261], [16.33287888, 56.69122667], [16.32955355, 56.69094825], [16.32821865, 56.69049079], [16.32931323, 56.68958458], [16.33007139, 56.68997129], [16.33108081, 56.68930906], [16.3329752, 56.68835941], [16.33310709, 56.68811033], [16.3332665, 56.68780958], [16.33448756, 56.68721934], [16.33547342, 56.68644719], [16.33580159, 56.68615325], [16.33589266, 56.68608283], [16.33763644, 56.68473543], [16.33826752, 56.68431426], [16.33879044, 56.68384574], [16.33908763, 56.68357934], [16.34000163, 56.68239596], [16.3395666, 56.68242696], [16.33915372, 56.68245647], [16.33831962, 56.68255724], [16.33536503, 56.68298942], [16.33488549, 56.6830525], [16.33404314, 56.68312998], [16.33319168, 56.68316685], [16.33233769, 56.6831626], [16.33046482, 56.68310842], [16.32982931, 56.6830853], [16.32705437, 56.68298392], [16.32646844, 56.68385397], [16.32637425, 56.68396619], [16.3259259, 56.68449988], [16.3255725, 56.68492064], [16.32546077, 56.68502792], [16.32451103, 56.68594019], [16.32352279, 56.68574112], [16.32348373, 56.68573282], [16.32348098, 56.68613799], [16.3225821, 56.68687498], [16.32233883, 56.68707447], [16.3213267, 56.6879042], [16.32063582, 56.68847054], [16.31762958, 56.69093481], [16.31742775, 56.69110035], [16.31694292, 56.69149767], [16.31588187, 56.69250654], [16.31498479, 56.69356245], [16.31425828, 56.69465742], [16.31386405, 56.69543915], [16.31380711, 56.69555195], [16.31379389, 56.69557814], [16.3143589, 56.69563991], [16.31468281, 56.69568411], [16.31495294, 56.69564577], [16.31523223, 56.69572736], [16.31547364, 56.69578841], [16.31627495, 56.69610782], [16.31642632, 56.69617755], [16.3166005, 56.69627201], [16.31678204, 56.69634977], [16.31761355, 56.69667739], [16.31774165, 56.69670164], [16.31891023, 56.69693262], [16.31925713, 56.69701393], [16.31967239, 56.69713224], [16.32003488, 56.69725479], [16.3202991, 56.6973323], [16.32066156, 56.69743841], [16.32084165, 56.69741278], [16.32096238, 56.6974495], [16.32123448, 56.6975519], [16.32179362, 56.69775222], [16.32194398, 56.69780811], [16.32222699, 56.69791048], [16.32236845, 56.69796198], [16.32247199, 56.69799987], [16.32254771, 56.69802799], [16.3227074, 56.69808486], [16.32286003, 56.6981402], [16.32302386, 56.69820008], [16.32318646, 56.69825917], [16.32333761, 56.69831451], [16.32345817, 56.69835779], [16.32355762, 56.6983941], [16.32362483, 56.69841764], [16.32364363, 56.69846972], [16.32366676, 56.69853398], [16.32367976, 56.6985669], [16.32364672, 56.69859617], [16.32360261, 56.69863239], [16.32369498, 56.69866267], [16.32477661, 56.69901876], [16.32576533, 56.69934412], [16.32608363, 56.69946129], [16.32650162, 56.69959068], [16.32660524, 56.69961923], [16.32716986, 56.69977446], [16.32853132, 56.69843486]]]}, "properties": {"deso": "0880C1170", "pop": 2511.0, "income": 272.9, "male_frac": 0.4958, "child_frac": 0.1406, "elder_frac": 0.2123, "dependency": 0.5452, "needZ": 0.6681}}, {"type": "Feature", "geometry": {"type": "Polygon", "coordinates": [[[16.35697177, 56.7071133], [16.35768971, 56.70679907], [16.35796792, 56.70648675], [16.35824389, 56.70601895], [16.35848633, 56.7054131], [16.3592704, 56.70361718], [16.3595714, 56.70278008], [16.36013811, 56.70181603], [16.3602834, 56.70156876], [16.36065198, 56.70099682], [16.36098824, 56.70037322], [16.36116359, 56.70004863], [16.3602596, 56.69995332], [16.35874783, 56.69967472], [16.35814926, 56.69955638], [16.35635337, 56.6991841], [16.35527301, 56.69898063], [16.35515475, 56.69917846], [16.35405678, 56.69897939], [16.35322382, 56.69882836], [16.35289777, 56.69874135], [16.3528354, 56.69867331], [16.35237302, 56.69859999], [16.3521319, 56.69854198], [16.35208991, 56.69849752], [16.35174017, 56.69844095], [16.35130131, 56.69836998], [16.35091474, 56.69830761], [16.35063072, 56.6982699], [16.35014856, 56.69824198], [16.34977229, 56.69824902], [16.34939858, 56.6982564], [16.3490888, 56.69826245], [16.34885896, 56.69826709], [16.3485816, 56.69827252], [16.3485086, 56.69830969], [16.34798264, 56.6983523], [16.34735005, 56.69840352], [16.34768243, 56.69880722], [16.34759784, 56.69894602], [16.34928518, 56.70010383], [16.34974699, 56.70066476], [16.34986504, 56.70079104], [16.35159752, 56.70264388], [16.35136751, 56.70411376], [16.35136611, 56.70414621], [16.3513441, 56.70466693], [16.35063897, 56.70562453], [16.35020892, 56.70623807], [16.35020443, 56.7062444], [16.35209509, 56.70663362], [16.35458367, 56.70708925], [16.35559125, 56.70724035], [16.35621987, 56.70725488], [16.35697177, 56.7071133]]]}, "properties": {"deso": "0880C1220", "pop": 2050.0, "income": 239.8, "male_frac": 0.4998, "child_frac": 0.2049, "elder_frac": 0.162, "dependency": 0.5794, "needZ": 1.1504}}, {"type": "Feature", "geometry": {"type": "Polygon", "coordinates": [[[16.33871657, 56.70870414], [16.33917363, 56.70843899], [16.33942559, 56.70827404], [16.33974006, 56.70791251], [16.33996499, 56.7078552], [16.34040664, 56.70795277], [16.34070785, 56.70804044], [16.34093794, 56.70779111], [16.34114538, 56.70757912], [16.34120101, 56.70752229], [16.34222426, 56.70647687], [16.34287631, 56.70581112], [16.34302979, 56.70565414], [16.34357263, 56.70509952], [16.34385205, 56.70481416], [16.34395523, 56.70470867], [16.34400111, 56.70466191], [16.34408714, 56.70457403], [16.34392795, 56.70452167], [16.34381702, 56.70448522], [16.34352101, 56.7043879], [16.34349075, 56.70437798], [16.34314363, 56.70424482], [16.34287821, 56.7041327], [16.34263148, 56.70400834], [16.34240536, 56.70387261], [16.34220163, 56.7037265], [16.34202196, 56.70357123], [16.34186745, 56.70340788], [16.34173937, 56.70323777], [16.34166707, 56.70311737], [16.33594118, 56.70179128], [16.33593559, 56.701797], [16.33591221, 56.70182124], [16.33561956, 56.70232715], [16.33528338, 56.70265343], [16.33522912, 56.70271869], [16.33521216, 56.70289395], [16.33504103, 56.70300196], [16.33474393, 56.70316954], [16.33456816, 56.70323763], [16.33438575, 56.70326303], [16.33417604, 56.70328548], [16.33398596, 56.70333396], [16.33387042, 56.70340302], [16.33378392, 56.70344015], [16.33359925, 56.70342434], [16.33353544, 56.70343293], [16.33336014, 56.70353712], [16.33239537, 56.70396345], [16.33219056, 56.70402564], [16.33201918, 56.70406215], [16.33170568, 56.70408248], [16.33160964, 56.7041012], [16.33152725, 56.70414816], [16.33125726, 56.70438245], [16.33121312, 56.70443323], [16.33102999, 56.70464404], [16.33097296, 56.70475326], [16.33095545, 56.70484085], [16.3309808, 56.70492187], [16.33104201, 56.70502659], [16.33110172, 56.70508506], [16.33134589, 56.70524837], [16.33139701, 56.70531915], [16.33138978, 56.70538885], [16.33129647, 56.7055386], [16.33273426, 56.70582686], [16.33581912, 56.70646171], [16.33654112, 56.70662609], [16.33649595, 56.70670086], [16.33661932, 56.70672694], [16.33698373, 56.70680082], [16.33662258, 56.70731269], [16.33661887, 56.70748933], [16.33674552, 56.70766871], [16.33705524, 56.70784469], [16.33713901, 56.70794305], [16.33714874, 56.70821747], [16.33760008, 56.70924101], [16.33871657, 56.70870414]]]}, "properties": {"deso": "0880C1202", "pop": 992.0, "income": 342.0, "male_frac": 0.499, "child_frac": 0.2389, "elder_frac": 0.1008, "dependency": 0.5145, "needZ": -0.2563}}, {"type": "Feature", "geometry": {"type": "Polygon", "coordinates": [[[16.42959095, 56.68981993], [16.38356824, 56.6891763], [16.38356838, 56.68917639], [16.38356811, 56.6891764], [16.38230014, 56.68928327], [16.38133682, 56.6893086], [16.37998692, 56.68915638], [16.37737395, 56.68886155], [16.37639429, 56.68850901], [16.37520702, 56.68808177], [16.37438336, 56.68756463], [16.37240093, 56.68551381], [16.36364536, 56.68666513], [16.36238285, 56.68789167], [16.35853471, 56.68823436], [16.357281, 56.68749641], [16.35727491, 56.68746549], [16.35472598, 56.68750599], [16.35425933, 56.68743363], [16.353047, 56.68724568], [16.3485068, 56.68717634], [16.34677727, 56.68715408], [16.34670835, 56.68715438], [16.34558844, 56.68715921], [16.34532127, 56.68736861], [16.34533436, 56.68753933], [16.34538756, 56.68823072], [16.34065974, 56.68821882], [16.34074562, 56.68894552], [16.34085697, 56.68925262], [16.34114969, 56.68976465], [16.3412352, 56.69026113], [16.34131124, 56.69077135], [16.34132203, 56.690844], [16.34132906, 56.69134078], [16.34227447, 56.69157431], [16.3435364, 56.69155343], [16.34404061, 56.69154511], [16.3442062, 56.69214924], [16.34445281, 56.69292577], [16.34362946, 56.69299412], [16.34288876, 56.69336457], [16.3419556, 56.693995], [16.34603946, 56.69680711], [16.34745278, 56.69788642], [16.34798264, 56.6983523], [16.3485086, 56.69830969], [16.3485816, 56.69827252], [16.34885896, 56.69826709], [16.3490888, 56.69826245], [16.34939858, 56.6982564], [16.34977229, 56.69824902], [16.35014856, 56.69824198], [16.35063072, 56.6982699], [16.35091474, 56.69830761], [16.35130131, 56.69836998], [16.35174017, 56.69844095], [16.35208991, 56.69849752], [16.3521319, 56.69854198], [16.35237302, 56.69859999], [16.3528354, 56.69867331], [16.35289777, 56.69874135], [16.35322382, 56.69882836], [16.35405678, 56.69897939], [16.35515475, 56.69917846], [16.35527301, 56.69898063], [16.35575075, 56.69818096], [16.35585008, 56.69801459], [16.35591437, 56.69790744], [16.35596989, 56.69781871], [16.35611085, 56.69762683], [16.35627607, 56.69743926], [16.35645762, 56.69726409], [16.35652957, 56.6972015], [16.35660122, 56.69708205], [16.35668812, 56.69693711], [16.35727644, 56.69667109], [16.35746368, 56.69659799], [16.35754652, 56.69656511], [16.35781258, 56.69645962], [16.35783118, 56.69639645], [16.35759014, 56.69621313], [16.35747717, 56.69612731], [16.35700836, 56.69577013], [16.35666173, 56.6955036], [16.35648422, 56.69535687], [16.35644661, 56.69532197], [16.35633611, 56.69520352], [16.35624554, 56.69508162], [16.35617217, 56.69495468], [16.35615701, 56.6949225], [16.35608317, 56.69487606], [16.35663482, 56.69497659], [16.35718065, 56.69507593], [16.35769206, 56.69516908], [16.35809489, 56.69524239], [16.35862052, 56.6953379], [16.35892049, 56.69539257], [16.35923617, 56.69545012], [16.35953614, 56.6955047], [16.36000052, 56.69558937], [16.36231416, 56.69600983], [16.36293187, 56.69612255], [16.36330234, 56.69619018], [16.36338505, 56.69628036], [16.36402462, 56.6952253], [16.36420112, 56.69493403], [16.36915741, 56.69590022], [16.37652768, 56.69733652], [16.37998042, 56.69800916], [16.38200871, 56.69840493], [16.43206075, 56.70107879], [16.42959095, 56.68981993]]]}, "properties": {"deso": "0880C1180", "pop": 2395.0, "income": 407.3, "male_frac": 0.5098, "child_frac": 0.1967, "elder_frac": 0.2409, "dependency": 0.778, "needZ": -0.534}}, {"type": "Feature", "geometry": {"type": "Polygon", "coordinates": [[[16.34161565, 56.70301219], [16.34151877, 56.70279144], [16.34109995, 56.70183826], [16.34048816, 56.70044591], [16.33981646, 56.69895027], [16.33973866, 56.69877693], [16.33862407, 56.69776565], [16.33953676, 56.69754024], [16.34044547, 56.69758203], [16.34156304, 56.69763486], [16.34171107, 56.69764351], [16.34185864, 56.69765422], [16.34200373, 56.69766712], [16.34215092, 56.69768243], [16.34229902, 56.6977005], [16.34244789, 56.69772145], [16.3425989, 56.69774542], [16.34274239, 56.69777029], [16.34288394, 56.69779733], [16.34301868, 56.6978257], [16.34315921, 56.69785814], [16.34329883, 56.69789158], [16.34343806, 56.69792888], [16.34357139, 56.69796697], [16.343705, 56.69800928], [16.34601214, 56.69876563], [16.34614718, 56.69880989], [16.34645916, 56.69875209], [16.34758893, 56.69896049], [16.34759784, 56.69894602], [16.34768243, 56.69880722], [16.34735005, 56.69840352], [16.34798264, 56.6983523], [16.34745278, 56.69788642], [16.34603946, 56.69680711], [16.3419556, 56.693995], [16.34288876, 56.69336457], [16.34362946, 56.69299412], [16.34445281, 56.69292577], [16.3442062, 56.69214924], [16.34404061, 56.69154511], [16.3435364, 56.69155343], [16.34227447, 56.69157431], [16.34132906, 56.69134078], [16.34132203, 56.690844], [16.34131124, 56.69077135], [16.3412352, 56.69026113], [16.34114969, 56.68976465], [16.34085697, 56.68925262], [16.34074562, 56.68894552], [16.34065974, 56.68821882], [16.34050275, 56.68821844], [16.33914075, 56.68817434], [16.33832917, 56.68927388], [16.3383178, 56.6893138], [16.33776294, 56.69001891], [16.33733104, 56.69057367], [16.33661981, 56.69135439], [16.33590609, 56.69209991], [16.33571417, 56.69228074], [16.33460413, 56.69327664], [16.33442937, 56.69342925], [16.33346218, 56.69427449], [16.33288059, 56.69473445], [16.33215314, 56.69535829], [16.33103684, 56.69631551], [16.33082568, 56.69652482], [16.33006897, 56.69714564], [16.33001479, 56.69719006], [16.32881175, 56.69818816], [16.32866206, 56.69831983], [16.32853132, 56.69843486], [16.32716986, 56.69977446], [16.32720249, 56.69978336], [16.32731428, 56.69981415], [16.32746498, 56.69984875], [16.32927574, 56.7002644], [16.33157275, 56.7007917], [16.33593559, 56.701797], [16.33594118, 56.70179128], [16.34166707, 56.70311737], [16.34161565, 56.70301219]]]}, "properties": {"deso": "0880C1190", "pop": 3090.0, "income": 272.9, "male_frac": 0.4737, "child_frac": 0.1848, "elder_frac": 0.1987, "dependency": 0.622, "needZ": 0.8245}}, {"type": "Feature", "geometry": {"type": "Polygon", "coordinates": [[[16.11271704, 56.71737467], [16.11277395, 56.71737183], [16.11339282, 56.71732831], [16.1144128, 56.71724912], [16.11495838, 56.71720544], [16.11557095, 56.71714049], [16.11562722, 56.71713442], [16.11623108, 56.71704826], [16.116278, 56.71704038], [16.11687074, 56.71693338], [16.11744993, 56.71680603], [16.11749529, 56.71679565], [16.11805853, 56.71664831], [16.11810166, 56.71663544], [16.11864681, 56.71646886], [16.11917145, 56.71628359], [16.11921209, 56.71626841], [16.11971438, 56.71606528], [16.11975212, 56.71604797], [16.12022991, 56.71582773], [16.12068135, 56.71559129], [16.12071567, 56.71557202], [16.12113875, 56.71532038], [16.12153191, 56.71505455], [16.12156254, 56.71503343], [16.12192418, 56.71475441], [16.12195071, 56.71473171], [16.12227939, 56.71444068], [16.12257378, 56.71413872], [16.12259623, 56.71411471], [16.12285518, 56.71380319], [16.12287302, 56.71377797], [16.12309533, 56.71345807], [16.12328038, 56.71313104], [16.1232884, 56.71311516], [16.12329625, 56.71311204], [16.12333442, 56.71309543], [16.12381215, 56.71287518], [16.12426352, 56.71263873], [16.12429867, 56.71262008], [16.1247217, 56.71236843], [16.12475315, 56.71234794], [16.12514625, 56.71208209], [16.12545753, 56.71184187], [16.12549909, 56.71181715], [16.12551985, 56.71180394], [16.12591294, 56.71153809], [16.12627451, 56.71125905], [16.12660312, 56.710968], [16.12662681, 56.71094506], [16.12692115, 56.71064309], [16.12718003, 56.71033156], [16.12723848, 56.71025917], [16.12746074, 56.70993926], [16.12747575, 56.70991424], [16.12766074, 56.70958722], [16.12780745, 56.70925442], [16.12783516, 56.70916758], [16.12815204, 56.70909788], [16.12819752, 56.70908732], [16.1287606, 56.70893993], [16.12880385, 56.70892687], [16.12934884, 56.70876024], [16.12987332, 56.70857493], [16.12991408, 56.70855947], [16.1304162, 56.70835631], [16.13089383, 56.70813603], [16.13093142, 56.70811844], [16.13138269, 56.70788196], [16.13141699, 56.70786243], [16.13183993, 56.70761075], [16.13223292, 56.70734488], [16.1322634, 56.7073235], [16.13262488, 56.70704444], [16.13265126, 56.70702148], [16.1329668, 56.70674194], [16.13343722, 56.70652495], [16.13388846, 56.70628846], [16.13392304, 56.70626937], [16.13434593, 56.70601768], [16.13437696, 56.70599692], [16.13476993, 56.70573104], [16.13513138, 56.70545198], [16.13515845, 56.70542955], [16.13548694, 56.70513848], [16.13578115, 56.70483649], [16.13580414, 56.70481265], [16.13606291, 56.70450111], [16.13608129, 56.70447624], [16.13630343, 56.70415631], [16.13648833, 56.70382927], [16.13650223, 56.70380345], [16.13658479, 56.70361594], [16.136643, 56.70353205], [16.13682789, 56.70320501], [16.13683681, 56.70318822], [16.13698341, 56.70285542], [16.13709135, 56.70251812], [16.13716001, 56.70217785], [16.13716406, 56.70215167], [16.13719334, 56.70180961], [16.1371739, 56.70093289], [16.13716358, 56.70059056], [16.13711369, 56.70024922], [16.13710846, 56.70022295], [16.13701919, 56.69988412], [16.13701465, 56.69987213], [16.13711316, 56.69975355], [16.13733527, 56.69943362], [16.13735435, 56.69940542], [16.13749194, 56.69916765], [16.13749347, 56.69916494], [16.13767833, 56.6988379], [16.13782301, 56.69858056], [16.13796795, 56.69832323], [16.13811275, 56.6980659], [16.13818802, 56.69793191], [16.13825842, 56.69780604], [16.13827245, 56.69777564], [16.13841902, 56.69744284], [16.13852679, 56.69710554], [16.13853407, 56.69707897], [16.13860284, 56.6967387], [16.13860526, 56.69671191], [16.13863453, 56.69636985], [16.13862531, 56.69606452], [16.13879558, 56.69593298], [16.13884928, 56.69589665], [16.1388776, 56.69587546], [16.1389701, 56.69580401], [16.1393149, 56.69557063], [16.13934511, 56.69555005], [16.13970643, 56.69527097], [16.13973269, 56.69524881], [16.14006106, 56.69495773], [16.14035516, 56.69465573], [16.14037747, 56.69463226], [16.14063613, 56.69432071], [16.14065397, 56.6942962], [16.14087602, 56.69397626], [16.14093584, 56.69387044], [16.14123165, 56.6936702], [16.14159294, 56.69339111], [16.14161, 56.69337632], [16.14193834, 56.69308523], [16.14210026, 56.692919], [16.1421811, 56.69289427], [16.14253759, 56.69276821], [16.14278761, 56.69273241], [16.1428352, 56.6927256], [16.14342747, 56.69261848], [16.14347378, 56.69260916], [16.1440525, 56.69248159], [16.14461527, 56.69233413], [16.14465948, 56.69232223], [16.14520415, 56.69215553], [16.14524613, 56.69214122], [16.1457703, 56.69195585], [16.14627212, 56.69175262], [16.14631107, 56.69173609], [16.14678839, 56.69151575], [16.14682418, 56.6914971], [16.14727516, 56.69126056], [16.14769779, 56.69100883], [16.14773002, 56.69098832], [16.14812274, 56.69072241], [16.14848395, 56.6904433], [16.14851235, 56.69042112], [16.1488334, 56.69013637], [16.14886407, 56.69012226], [16.1489885, 56.69005706], [16.14942275, 56.68982929], [16.14980113, 56.68965459], [16.15025207, 56.68941804], [16.15037544, 56.68934917], [16.15079804, 56.68909743], [16.15113505, 56.68886912], [16.15144406, 56.68870708], [16.15145398, 56.68870133], [16.15187656, 56.68844959], [16.15226922, 56.68818366], [16.15263037, 56.68790455], [16.15295858, 56.68761343], [16.1530566, 56.68752575], [16.15335053, 56.68722372], [16.15360904, 56.68691214], [16.15383094, 56.68659218], [16.15389959, 56.68648635], [16.15407862, 56.68616922], [16.15417784, 56.68608116], [16.15447175, 56.68577913], [16.15458406, 56.68564389], [16.15472595, 56.68553415], [16.15482503, 56.68544628], [16.15511664, 56.68529329], [16.15553916, 56.68504154], [16.15553942, 56.68504135], [16.15556544, 56.68502512], [16.15559731, 56.68500614], [16.1559899, 56.6847402], [16.15609958, 56.68466454], [16.15646068, 56.68438541], [16.15678882, 56.68409428], [16.1570827, 56.68379224], [16.15717082, 56.68369845], [16.15742927, 56.68338686], [16.15744438, 56.68336588], [16.15766622, 56.68304592], [16.1578064, 56.6827975], [16.15785131, 56.68274327], [16.15809961, 56.68257514], [16.15846067, 56.68229601], [16.15856823, 56.68220877], [16.15889634, 56.68191764], [16.15896983, 56.68184312], [16.15926368, 56.68154108], [16.1595221, 56.68122948], [16.15959677, 56.68113204], [16.15981858, 56.68081207], [16.16000316, 56.68048499], [16.16014947, 56.68015216], [16.16018491, 56.68005733], [16.16029244, 56.67972001], [16.16036099, 56.67937973], [16.16039004, 56.67903767], [16.16039111, 56.67894091], [16.16038058, 56.67859858], [16.16036763, 56.67851022], [16.16036453, 56.67840928], [16.16036238, 56.67839188], [16.16031232, 56.67805055], [16.16022289, 56.67771174], [16.16009469, 56.67737661], [16.16008637, 56.6773598], [16.1600623, 56.67731233], [16.15998956, 56.67712212], [16.15998205, 56.6771053], [16.15981539, 56.67677539], [16.15961084, 56.67645193], [16.15936952, 56.67613628], [16.15935599, 56.67612059], [16.15907861, 56.67581398], [16.15876644, 56.67551758], [16.1584207, 56.67523272], [16.15840211, 56.6752187], [16.1580242, 56.67494644], [16.15761563, 56.67468794], [16.15717804, 56.67444416], [16.15714278, 56.67442653], [16.15667783, 56.67419846], [16.15618755, 56.67398706], [16.15608547, 56.67394498], [16.15557178, 56.67375114], [16.15553086, 56.67373751], [16.15499593, 56.67356191], [16.15468697, 56.67347459], [16.15467651, 56.67347118], [16.15463479, 56.6734581], [16.15408054, 56.67330154], [16.1535094, 56.67316455], [16.15292354, 56.6730478], [16.15289336, 56.67304215], [16.15229522, 56.67294609], [16.15168722, 56.67287096], [16.1510718, 56.67281718], [16.15104024, 56.67281505], [16.15041983, 56.67278279], [16.14979685, 56.67277228], [16.14917399, 56.67278342], [16.14914227, 56.6727847], [16.14852196, 56.67281755], [16.14790661, 56.672872], [16.1472989, 56.67294776], [16.14726823, 56.67295244], [16.1466703, 56.67304921], [16.14608485, 56.67316653], [16.14551413, 56.6733041], [16.14548571, 56.67331199], [16.144932, 56.67346916], [16.14439756, 56.67364529], [16.14388454, 56.67383972], [16.14339492, 56.67405163], [16.14336995, 56.67406246], [16.14324345, 56.6741247], [16.14317865, 56.67414928], [16.14268902, 56.67436119], [16.14266118, 56.67437492], [16.14219346, 56.6743996], [16.14157808, 56.67445402], [16.14097033, 56.67452975], [16.14037237, 56.67462649], [16.13978687, 56.67474386], [16.1392161, 56.67488131], [16.13866234, 56.67503846], [16.13812786, 56.67521455], [16.13761478, 56.67540896], [16.1371251, 56.67562084], [16.13691584, 56.6757239], [16.13680757, 56.6757707], [16.1365101, 56.67590349], [16.13604594, 56.67613193], [16.13560903, 56.67637621], [16.1352011, 56.67663513], [16.13507711, 56.67672357], [16.13469999, 56.67699614], [16.13435514, 56.67728134], [16.13404387, 56.677578], [16.1339759, 56.67764491], [16.13393338, 56.67768545], [16.13365687, 56.6779924], [16.13365583, 56.67799384], [16.13363567, 56.67800831], [16.13329081, 56.6782936], [16.13297953, 56.67859017], [16.132703, 56.67889711], [16.13246254, 56.67921298], [16.13224947, 56.67954018], [16.13208144, 56.67980742], [16.13163414, 56.67997686], [16.13114437, 56.68018872], [16.13110733, 56.68020568], [16.13064308, 56.6804341], [16.13060933, 56.68045292], [16.13017233, 56.68069717], [16.12976431, 56.68095608], [16.12973397, 56.68097665], [16.12935677, 56.6812492], [16.12901184, 56.68153447], [16.12898545, 56.68155663], [16.1286741, 56.68185319], [16.128648, 56.68188056], [16.12837142, 56.68218749], [16.12817187, 56.68242411], [16.12816628, 56.68243063], [16.12800884, 56.68260785], [16.12799471, 56.68262585], [16.12793515, 56.6826192], [16.1273196, 56.68256531], [16.12669905, 56.68253293], [16.12607591, 56.6825223], [16.12590037, 56.68252173], [16.12527734, 56.68253275], [16.12465685, 56.68256549], [16.1240413, 56.68261982], [16.12386874, 56.68263817], [16.12326083, 56.68271381], [16.12300938, 56.68275444], [16.12276746, 56.68277575], [16.12272088, 56.68278003], [16.12211296, 56.68285567], [16.12206739, 56.68286237], [16.12204904, 56.68286532], [16.12143677, 56.68287613], [16.12138137, 56.68287815], [16.12076086, 56.68291087], [16.12014531, 56.68296518], [16.12009832, 56.68296947], [16.11952459, 56.68304083], [16.11951867, 56.68304088], [16.11889816, 56.68307358], [16.1182826, 56.68312789], [16.11810647, 56.68314411], [16.11749854, 56.68321972], [16.11690038, 56.68331635], [16.11631467, 56.68343353], [16.11614785, 56.68346862], [16.11557686, 56.68360605], [16.11502288, 56.68376309], [16.11448816, 56.68393909], [16.11433733, 56.68399164], [16.11382401, 56.68418595], [16.11333409, 56.68439774], [16.11286968, 56.6846261], [16.11274071, 56.68469408], [16.11230355, 56.68493828], [16.11189536, 56.68519712], [16.11151799, 56.68546962], [16.11141617, 56.68555038], [16.11107107, 56.68583552], [16.11075955, 56.68613212], [16.11048279, 56.68643902], [16.11041208, 56.68652921], [16.11017138, 56.68684503], [16.10996767, 56.6871687], [16.10980169, 56.68749877], [16.10976143, 56.68760378], [16.10963398, 56.68793889], [16.10959186, 56.6880997], [16.10953807, 56.68817033], [16.10933434, 56.688494], [16.10916835, 56.68882407], [16.10912287, 56.68891646], [16.10899541, 56.68925157], [16.10890682, 56.68959056], [16.10885762, 56.6899319], [16.10884548, 56.6900274], [16.10883965, 56.6902319], [16.10865011, 56.69038845], [16.1085342, 56.69049871], [16.10830447, 56.6906117], [16.10815711, 56.69069188], [16.10771985, 56.69093605], [16.10731157, 56.69119488], [16.10718822, 56.69127674], [16.10681075, 56.69154921], [16.10646556, 56.69183443], [16.10615395, 56.69213093], [16.10606989, 56.69221657], [16.10579305, 56.69252345], [16.10555228, 56.69283927], [16.10534849, 56.69316293], [16.10529669, 56.693256], [16.10513065, 56.69358606], [16.10500313, 56.69392117], [16.10495542, 56.6941035], [16.10478549, 56.69429184], [16.10476289, 56.69432007], [16.1045221, 56.69463588], [16.10439421, 56.69483904], [16.10426519, 56.69498067], [16.10398831, 56.69528755], [16.10398701, 56.69528909], [16.10398506, 56.69529153], [16.10397752, 56.69530049], [16.10397674, 56.69530149], [16.10397077, 56.69530936], [16.10392521, 56.69531677], [16.103856, 56.69533059], [16.10328133, 56.69542335], [16.10269539, 56.69554046], [16.10212417, 56.69567783], [16.10156996, 56.69583481], [16.101035, 56.69601075], [16.10052145, 56.696205], [16.10003129, 56.69641674], [16.09990444, 56.69647185], [16.0994398, 56.69670016], [16.09926544, 56.69679746], [16.09908504, 56.69682663], [16.09890722, 56.69686125], [16.09870132, 56.69690241], [16.09808617, 56.69689176], [16.0974629, 56.69690264], [16.09684214, 56.69693523], [16.09681098, 56.69693784], [16.09619516, 56.69699204], [16.09558695, 56.69706754], [16.09498851, 56.69716407], [16.09440252, 56.69728123], [16.0943728, 56.69728715], [16.09380153, 56.69742449], [16.09324725, 56.69758143], [16.09271223, 56.69775733], [16.09268515, 56.69776628], [16.09217153, 56.6979605], [16.09168131, 56.69817221], [16.0912166, 56.69840049], [16.09119337, 56.69841219], [16.09075592, 56.69865631], [16.09034743, 56.69891509], [16.08996976, 56.69918751], [16.08995105, 56.69920151], [16.08984688, 56.69928749], [16.08958876, 56.69944227], [16.08958545, 56.69944428], [16.0895771, 56.69944911], [16.0891686, 56.69970788], [16.08913251, 56.69973146], [16.08875483, 56.70000389], [16.08873891, 56.70001669], [16.08835289, 56.70009381], [16.08778155, 56.70023112], [16.08722721, 56.70038804], [16.08669212, 56.70056391], [16.08617843, 56.70075811], [16.08568813, 56.70096979], [16.08522336, 56.70119805], [16.08478583, 56.70144215], [16.08437727, 56.70170091], [16.08436339, 56.70170992], [16.08398565, 56.70198233], [16.083958, 56.70200431], [16.08361255, 56.70228946], [16.08330067, 56.70258591], [16.0832771, 56.70260929], [16.083, 56.70291612], [16.08298077, 56.70294072], [16.08273974, 56.70325649], [16.08263451, 56.7034235], [16.08254702, 56.70348651], [16.08220154, 56.70377157], [16.08188964, 56.7040681], [16.08187554, 56.70408367], [16.08159842, 56.7043905], [16.08135737, 56.70470627], [16.08115331, 56.70502989], [16.08098701, 56.70535992], [16.08097454, 56.70538536], [16.08084677, 56.70572045], [16.08075164, 56.70603378], [16.08066276, 56.70637275], [16.08061328, 56.70671408], [16.08060999, 56.70674025], [16.08060001, 56.70708257], [16.08062961, 56.70742456], [16.08069863, 56.70776485], [16.08070276, 56.70778216], [16.08081103, 56.70811942], [16.08095796, 56.70845212], [16.08114312, 56.7087791], [16.08115315, 56.70879563], [16.08137569, 56.70911555], [16.08163477, 56.70942698], [16.0819294, 56.70972884], [16.08194519, 56.70974398], [16.082274, 56.71003486], [16.08263574, 56.71031386], [16.08302903, 56.71057957], [16.08304988, 56.71059268], [16.08347321, 56.7108442], [16.08392467, 56.71108056], [16.08440247, 56.71130061], [16.08442757, 56.71131126], [16.08492994, 56.7115143], [16.08545471, 56.71169945], [16.08599982, 56.71186591], [16.0860282, 56.71187366], [16.08605887, 56.71188165], [16.08624695, 56.71194801], [16.08679207, 56.71211447], [16.08735536, 56.71226163], [16.08751575, 56.71230182], [16.08809491, 56.71242908], [16.08868762, 56.71253583], [16.0892916, 56.71262182], [16.08946319, 56.71264403], [16.09007571, 56.71270883], [16.09069462, 56.71275219], [16.09131722, 56.71277387], [16.09150956, 56.71277748], [16.09213341, 56.71277741], [16.09275609, 56.71275569], [16.09302282, 56.71274626], [16.09364164, 56.71270283], [16.09382988, 56.712686], [16.09444242, 56.71262115], [16.09504626, 56.71253509], [16.09563899, 56.71242829], [16.09580262, 56.7123946], [16.09638182, 56.71226734], [16.09694507, 56.7121201], [16.09726753, 56.71202159], [16.09758113, 56.712299], [16.09760682, 56.71232087], [16.0979687, 56.71259974], [16.09799812, 56.71262015], [16.09839154, 56.7128858], [16.098815, 56.71313727], [16.09884788, 56.71315602], [16.09929946, 56.71339233], [16.09933552, 56.71340934], [16.09981344, 56.71362934], [16.10031593, 56.71383231], [16.10035476, 56.71384724], [16.10087964, 56.71403232], [16.10092096, 56.71404507], [16.10146618, 56.71421146], [16.10202955, 56.71435856], [16.10207297, 56.71436913], [16.10265221, 56.71449624], [16.10269718, 56.71450446], [16.10277275, 56.71451799], [16.10281913, 56.71456545], [16.10314814, 56.71485628], [16.10317414, 56.71487913], [16.10353608, 56.71515799], [16.10356621, 56.71517928], [16.10395969, 56.71544492], [16.10438322, 56.71569636], [16.10441693, 56.71571582], [16.10486858, 56.71595211], [16.10490574, 56.71596966], [16.10538373, 56.71618963], [16.10588628, 56.71639258], [16.10592634, 56.71640803], [16.10645128, 56.71659309], [16.1064941, 56.71660627], [16.10703938, 56.71677264], [16.10760282, 56.71691971], [16.10764773, 56.71693036], [16.10822702, 56.71705753], [16.10881987, 56.71716418], [16.10886646, 56.71717248], [16.10947055, 56.71725837], [16.10951841, 56.71726396], [16.11013104, 56.71732866], [16.11075005, 56.71737192], [16.11079877, 56.71737481], [16.11142145, 56.71739639], [16.11147037, 56.71739667], [16.11209429, 56.71739649], [16.11271704, 56.71737467]]]}, "properties": {"deso": "0880B4010", "pop": 1694.0, "income": 362.0, "male_frac": 0.5253, "child_frac": 0.2178, "elder_frac": 0.1594, "dependency": 0.6057, "needZ": -0.32}}, {"type": "Feature", "geometry": {"type": "Polygon", "coordinates": [[[16.35063897, 56.70562453], [16.3513441, 56.70466693], [16.35136611, 56.70414621], [16.35136751, 56.70411376], [16.35159752, 56.70264388], [16.34986504, 56.70079104], [16.34974699, 56.70066476], [16.34928518, 56.70010383], [16.34759784, 56.69894602], [16.34758893, 56.69896049], [16.34645916, 56.69875209], [16.34614718, 56.69880989], [16.34601214, 56.69876563], [16.343705, 56.69800928], [16.34357139, 56.69796697], [16.34343806, 56.69792888], [16.34329883, 56.69789158], [16.34315921, 56.69785814], [16.34301868, 56.6978257], [16.34288394, 56.69779733], [16.34274239, 56.69777029], [16.3425989, 56.69774542], [16.34244789, 56.69772145], [16.34229902, 56.6977005], [16.34215092, 56.69768243], [16.34200373, 56.69766712], [16.34185864, 56.69765422], [16.34171107, 56.69764351], [16.34156304, 56.69763486], [16.34044547, 56.69758203], [16.33953676, 56.69754024], [16.33862407, 56.69776565], [16.33973866, 56.69877693], [16.33981646, 56.69895027], [16.34048816, 56.70044591], [16.34109995, 56.70183826], [16.34151877, 56.70279144], [16.34161565, 56.70301219], [16.34166707, 56.70311737], [16.34173937, 56.70323777], [16.34186745, 56.70340788], [16.34202196, 56.70357123], [16.34220163, 56.7037265], [16.34240536, 56.70387261], [16.34263148, 56.70400834], [16.34287821, 56.7041327], [16.34314363, 56.70424482], [16.34349075, 56.70437798], [16.34352101, 56.7043879], [16.34381702, 56.70448522], [16.34392795, 56.70452167], [16.34408714, 56.70457403], [16.34400111, 56.70466191], [16.34395523, 56.70470867], [16.34511275, 56.70499208], [16.34696453, 56.70541611], [16.34875443, 56.7059051], [16.35020892, 56.70623807], [16.35063897, 56.70562453]]]}, "properties": {"deso": "0880C1210", "pop": 1840.0, "income": 239.8, "male_frac": 0.5213, "child_frac": 0.1984, "elder_frac": 0.1565, "dependency": 0.5501, "needZ": 1.0909}}, {"type": "Feature", "geometry": {"type": "Polygon", "coordinates": [[[16.35069603, 56.72052727], [16.35131867, 56.72050417], [16.3519373, 56.72045955], [16.35198594, 56.72045579], [16.35259814, 56.72038968], [16.35264575, 56.72038333], [16.35324923, 56.72029602], [16.35363142, 56.7202262], [16.354, 56.71980008], [16.35778425, 56.71855114], [16.35604552, 56.71763583], [16.35566111, 56.71743349], [16.35152713, 56.71712751], [16.35056014, 56.71630015], [16.35004713, 56.71586131], [16.34927547, 56.71520088], [16.34837928, 56.71500927], [16.34223601, 56.71369508], [16.34324307, 56.71108399], [16.34331237, 56.71090421], [16.3436044, 56.71025339], [16.34421064, 56.70890271], [16.34372856, 56.70880901], [16.34263333, 56.70859067], [16.34217931, 56.70846755], [16.34114983, 56.70817743], [16.34070785, 56.70804044], [16.34040664, 56.70795277], [16.33996499, 56.7078552], [16.33974006, 56.70791251], [16.33942559, 56.70827404], [16.33917363, 56.70843899], [16.33871657, 56.70870414], [16.33760008, 56.70924101], [16.33714874, 56.70821747], [16.33713901, 56.70794305], [16.33705524, 56.70784469], [16.33674552, 56.70766871], [16.33661887, 56.70748933], [16.33662258, 56.70731269], [16.33698373, 56.70680082], [16.33661932, 56.70672694], [16.33649595, 56.70670086], [16.33654112, 56.70662609], [16.33581912, 56.70646171], [16.33273426, 56.70582686], [16.33129647, 56.7055386], [16.33138978, 56.70538885], [16.33139701, 56.70531915], [16.33134589, 56.70524837], [16.33110172, 56.70508506], [16.33104201, 56.70502659], [16.3309808, 56.70492187], [16.33095545, 56.70484085], [16.33097296, 56.70475326], [16.33102999, 56.70464404], [16.33121312, 56.70443323], [16.33125726, 56.70438245], [16.33152725, 56.70414816], [16.33160964, 56.7041012], [16.33170568, 56.70408248], [16.33201918, 56.70406215], [16.33219056, 56.70402564], [16.33239537, 56.70396345], [16.33336014, 56.70353712], [16.33353544, 56.70343293], [16.33359925, 56.70342434], [16.33378392, 56.70344015], [16.33387042, 56.70340302], [16.33398596, 56.70333396], [16.33417604, 56.70328548], [16.33438575, 56.70326303], [16.33456816, 56.70323763], [16.33474393, 56.70316954], [16.33504103, 56.70300196], [16.33521216, 56.70289395], [16.33522912, 56.70271869], [16.33528338, 56.70265343], [16.33561956, 56.70232715], [16.33591221, 56.70182124], [16.33593559, 56.701797], [16.33157275, 56.7007917], [16.32927574, 56.7002644], [16.32746498, 56.69984875], [16.32731428, 56.69981415], [16.32720249, 56.69978336], [16.32716986, 56.69977446], [16.32660524, 56.69961923], [16.32650162, 56.69959068], [16.32608363, 56.69946129], [16.32576533, 56.69934412], [16.32477661, 56.69901876], [16.32369498, 56.69866267], [16.32360261, 56.69863239], [16.32364672, 56.69859617], [16.32367976, 56.6985669], [16.32366676, 56.69853398], [16.32364363, 56.69846972], [16.32362483, 56.69841764], [16.32355762, 56.6983941], [16.32345817, 56.69835779], [16.32333761, 56.69831451], [16.32318646, 56.69825917], [16.32302386, 56.69820008], [16.32286003, 56.6981402], [16.3227074, 56.69808486], [16.32254771, 56.69802799], [16.32247199, 56.69799987], [16.32236845, 56.69796198], [16.32222699, 56.69791048], [16.32194398, 56.69780811], [16.32179362, 56.69775222], [16.32123448, 56.6975519], [16.32096238, 56.6974495], [16.32084165, 56.69741278], [16.32066156, 56.69743841], [16.3202991, 56.6973323], [16.32003488, 56.69725479], [16.31967239, 56.69713224], [16.31925713, 56.69701393], [16.31891023, 56.69693262], [16.31774165, 56.69670164], [16.31761355, 56.69667739], [16.31678204, 56.69634977], [16.3166005, 56.69627201], [16.31642632, 56.69617755], [16.31627495, 56.69610782], [16.31547364, 56.69578841], [16.31523223, 56.69572736], [16.31495294, 56.69564577], [16.31468281, 56.69568411], [16.3143589, 56.69563991], [16.31379389, 56.69557814], [16.31325016, 56.69552046], [16.31225564, 56.69540176], [16.31167712, 56.69541198], [16.31137094, 56.69543605], [16.3112258, 56.69543668], [16.31084175, 56.69542446], [16.31073652, 56.69542269], [16.31055679, 56.69541973], [16.31111617, 56.69414239], [16.31288783, 56.69015242], [16.31335278, 56.68897056], [16.31349997, 56.68845742], [16.31379155, 56.68703413], [16.31387234, 56.68607191], [16.31385453, 56.68509276], [16.31372247, 56.68411482], [16.31368678, 56.68394039], [16.31346929, 56.68394547], [16.31275937, 56.68379943], [16.31219988, 56.68370166], [16.31154447, 56.6838028], [16.3114154, 56.6838965], [16.31106409, 56.68332807], [16.31058045, 56.68254562], [16.30660593, 56.68240798], [16.30536832, 56.68239949], [16.30494064, 56.68242984], [16.30457696, 56.68248504], [16.3042909, 56.68253923], [16.30381579, 56.68260709], [16.30339727, 56.68262198], [16.30315537, 56.68263727], [16.30220693, 56.68264162], [16.30172173, 56.68260079], [16.30160011, 56.68259882], [16.30051924, 56.68240862], [16.30051882, 56.68245085], [16.30001957, 56.68246693], [16.29970991, 56.68244169], [16.29955325, 56.68241907], [16.29894837, 56.68236187], [16.29883164, 56.6823532], [16.29858539, 56.68234373], [16.29825934, 56.68231551], [16.29790684, 56.68230894], [16.29742436, 56.68233499], [16.2971559, 56.68232575], [16.29717806, 56.68233585], [16.29722003, 56.68235464], [16.29730467, 56.68238906], [16.29729763, 56.68239587], [16.29727446, 56.68241884], [16.29699939, 56.68272605], [16.29698042, 56.68275005], [16.29674132, 56.68306632], [16.2965391, 56.68339019], [16.29652447, 56.68341514], [16.29636015, 56.68374545], [16.29635013, 56.68377115], [16.29622435, 56.68410654], [16.29613746, 56.68444557], [16.29613189, 56.68447159], [16.29608439, 56.68481308], [16.29608341, 56.68483932], [16.29607538, 56.68518165], [16.29610692, 56.68552358], [16.29611133, 56.68555408], [16.29618225, 56.68589433], [16.29628989, 56.68635898], [16.29629925, 56.68638835], [16.29640937, 56.68672533], [16.29655812, 56.68705786], [16.29657054, 56.68708252], [16.29675746, 56.68740917], [16.29677403, 56.68743308], [16.29699839, 56.68775251], [16.29725909, 56.68806357], [16.29727981, 56.68808653], [16.29757585, 56.6883878], [16.29760029, 56.68840955], [16.29793057, 56.68869994], [16.29829382, 56.68897822], [16.29832199, 56.68899859], [16.29871656, 56.6892637], [16.29874804, 56.6892825], [16.29917243, 56.68953329], [16.29962497, 56.68976886], [16.29965976, 56.68978602], [16.30013853, 56.69000524], [16.30017594, 56.69002039], [16.30067918, 56.69022255], [16.30120469, 56.69040678], [16.3012446, 56.69041993], [16.30179047, 56.69058545], [16.30183232, 56.69059651], [16.30191763, 56.69061861], [16.30189951, 56.6907487], [16.30189153, 56.69109103], [16.30189864, 56.6911877], [16.30193023, 56.69152972], [16.30200122, 56.69186988], [16.30203553, 56.69197454], [16.30196457, 56.69225132], [16.30191711, 56.69259282], [16.30190914, 56.69293515], [16.30191772, 56.69303172], [16.30194932, 56.69337364], [16.30199885, 56.69361109], [16.30160352, 56.69409859], [16.30136438, 56.69441487], [16.30134359, 56.69444446], [16.30114134, 56.69476835], [16.30112824, 56.69479453], [16.30096392, 56.69512485], [16.30083814, 56.69546024], [16.30082991, 56.69548701], [16.30074303, 56.69582603], [16.30069556, 56.69616752], [16.30069232, 56.69619469], [16.30068434, 56.69653702], [16.30068594, 56.69656414], [16.30071753, 56.69690606], [16.30078852, 56.69724631], [16.30079524, 56.69727328], [16.30090544, 56.69761025], [16.30091699, 56.69763663], [16.30106581, 56.69796915], [16.30125282, 56.6982958], [16.3012692, 56.6983215], [16.30149366, 56.69864093], [16.30175448, 56.69895198], [16.30177553, 56.69897655], [16.30207169, 56.6992778], [16.30209701, 56.69930116], [16.30242741, 56.69959154], [16.30279081, 56.69986981], [16.30282038, 56.6998916], [16.3032151, 56.70015669], [16.30324852, 56.70017673], [16.30326268, 56.70018512], [16.30325807, 56.70020367], [16.30304949, 56.70156067], [16.30300204, 56.70190216], [16.3030001, 56.70193174], [16.30299213, 56.70227408], [16.30302374, 56.702616], [16.30302637, 56.7026413], [16.30307802, 56.7028886], [16.30299389, 56.70305756], [16.3028681, 56.70339295], [16.30285913, 56.70341784], [16.30277226, 56.70375686], [16.30276733, 56.70378198], [16.30271987, 56.70412347], [16.3027119, 56.70446581], [16.30271131, 56.70449537], [16.30272375, 56.70468388], [16.30275536, 56.7050258], [16.3027599, 56.70505585], [16.30283093, 56.7053961], [16.30288499, 56.70556145], [16.30288649, 56.70556952], [16.30295751, 56.70590977], [16.30306775, 56.70624674], [16.30321663, 56.70657926], [16.30323029, 56.70660418], [16.30341736, 56.70693082], [16.3036419, 56.70725024], [16.30366139, 56.70727636], [16.30392228, 56.70758741], [16.30394478, 56.7076108], [16.30424103, 56.70791204], [16.30457153, 56.70820241], [16.30493502, 56.70848067], [16.30495516, 56.70849421], [16.30534999, 56.70875929], [16.30573916, 56.70898913], [16.30582106, 56.70917198], [16.30583244, 56.70919719], [16.30601954, 56.70952383], [16.30603508, 56.70954828], [16.30625965, 56.7098677], [16.30652058, 56.71017874], [16.30654053, 56.71020224], [16.30683682, 56.71050348], [16.30686063, 56.71052587], [16.30719117, 56.71081623], [16.30755471, 56.71109449], [16.30758238, 56.71111548], [16.30797726, 56.71138056], [16.30800851, 56.7114], [16.30843321, 56.71165074], [16.30888607, 56.71188628], [16.3089205, 56.71190398], [16.30926231, 56.71206028], [16.30923789, 56.71247035], [16.31114647, 56.71303741], [16.31146281, 56.71315436], [16.31379915, 56.71381686], [16.31389454, 56.71384397], [16.31441036, 56.71399017], [16.31972975, 56.71551118], [16.32473252, 56.71696644], [16.32922235, 56.71832672], [16.32975456, 56.71828843], [16.33007745, 56.71825948], [16.33068965, 56.71819347], [16.33074292, 56.71818725], [16.33134642, 56.71810004], [16.33139088, 56.71809238], [16.331983, 56.71798436], [16.33256146, 56.71785592], [16.33260436, 56.71784603], [16.33316676, 56.71769781], [16.33320783, 56.71768561], [16.33375202, 56.717518], [16.3342756, 56.71733184], [16.33431431, 56.71731759], [16.33481543, 56.71711361], [16.3348515, 56.71709741], [16.33532803, 56.71687635], [16.33577812, 56.71663914], [16.33581116, 56.71662109], [16.33623281, 56.71636872], [16.3362627, 56.71634909], [16.33665434, 56.71608258], [16.33685049, 56.71593028], [16.33701451, 56.71580285], [16.33704084, 56.71578164], [16.33736785, 56.71549004], [16.33739414, 56.71546389], [16.33768681, 56.71516152], [16.33825581, 56.7145257], [16.33838091, 56.71440641], [16.33885699, 56.71440552], [16.33903271, 56.71440291], [16.33965526, 56.71437987], [16.33966077, 56.71437945], [16.33966003, 56.71438521], [16.33965239, 56.71472755], [16.3396532, 56.71475413], [16.33968516, 56.71509604], [16.33969068, 56.71512248], [16.33976206, 56.71546271], [16.33987266, 56.71579964], [16.33988288, 56.71582567], [16.34003213, 56.71615815], [16.34021956, 56.71648473], [16.34023434, 56.71650999], [16.34045925, 56.71682935], [16.34047857, 56.71685375], [16.34073984, 56.71716472], [16.34103646, 56.71746587], [16.34105992, 56.71748907], [16.34139079, 56.71777934], [16.34142309, 56.71780487], [16.34178694, 56.71808302], [16.34210809, 56.71831186], [16.34250328, 56.71857682], [16.34254051, 56.71860068], [16.34296551, 56.71885131], [16.34300108, 56.71886997], [16.34345438, 56.71910538], [16.34393378, 56.71932443], [16.34397237, 56.71934108], [16.34447624, 56.71954306], [16.34500237, 56.71972711], [16.34504398, 56.71974148], [16.34559034, 56.7199068], [16.34563415, 56.71991881], [16.34619869, 56.7200648], [16.34677882, 56.72019085], [16.3468247, 56.72020041], [16.34741825, 56.72030602], [16.34746567, 56.72031305], [16.3480702, 56.72039778], [16.3486834, 56.72046121], [16.34873193, 56.72046554], [16.34935124, 56.72050761], [16.34940021, 56.72050924], [16.35002306, 56.72052962], [16.35064702, 56.72052834], [16.35069603, 56.72052727]]]}, "properties": {"deso": "0880C1201", "pop": 2310.0, "income": 342.0, "male_frac": 0.5236, "child_frac": 0.1688, "elder_frac": 0.087, "dependency": 0.3438, "needZ": -0.604}}, {"type": "Feature", "geometry": {"type": "Polygon", "coordinates": [[[16.43578291, 56.71803369], [16.38400159, 56.70965214], [16.37885284, 56.70859972], [16.37577196, 56.70920267], [16.37375158, 56.70987723], [16.36927696, 56.70884905], [16.36679847, 56.70832695], [16.36585273, 56.70811516], [16.36533705, 56.70777182], [16.36578573, 56.70760449], [16.36592288, 56.70755322], [16.36619489, 56.70735764], [16.36624942, 56.70727889], [16.36681004, 56.7064692], [16.36807732, 56.704541], [16.36711184, 56.70427285], [16.3667926, 56.70422748], [16.36655622, 56.70419387], [16.3663484, 56.70415681], [16.36607212, 56.70410746], [16.3658601, 56.70406954], [16.36554546, 56.7040173], [16.36528181, 56.7039671], [16.36503809, 56.70388685], [16.36326849, 56.70351924], [16.36216536, 56.70329011], [16.36191249, 56.70323619], [16.36151875, 56.70313368], [16.36108036, 56.70301442], [16.3595714, 56.70278008], [16.3592704, 56.70361718], [16.35848633, 56.7054131], [16.35824389, 56.70601895], [16.35796792, 56.70648675], [16.35768971, 56.70679907], [16.35697177, 56.7071133], [16.35621987, 56.70725488], [16.35559125, 56.70724035], [16.35458367, 56.70708925], [16.35209509, 56.70663362], [16.35020443, 56.7062444], [16.35020892, 56.70623807], [16.34875443, 56.7059051], [16.34696453, 56.70541611], [16.34511275, 56.70499208], [16.34395523, 56.70470867], [16.34385205, 56.70481416], [16.34357263, 56.70509952], [16.34302979, 56.70565414], [16.34287631, 56.70581112], [16.34222426, 56.70647687], [16.34120101, 56.70752229], [16.34114538, 56.70757912], [16.34093794, 56.70779111], [16.34070785, 56.70804044], [16.34114983, 56.70817743], [16.34217931, 56.70846755], [16.34263333, 56.70859067], [16.34372856, 56.70880901], [16.34421064, 56.70890271], [16.3436044, 56.71025339], [16.34331237, 56.71090421], [16.34324307, 56.71108399], [16.34223601, 56.71369508], [16.34837928, 56.71500927], [16.34927547, 56.71520088], [16.35004713, 56.71586131], [16.35056014, 56.71630015], [16.35152713, 56.71712751], [16.35566111, 56.71743349], [16.35604552, 56.71763583], [16.35778425, 56.71855114], [16.354, 56.71980008], [16.35363142, 56.7202262], [16.35324923, 56.72029602], [16.35384133, 56.7201879], [16.35388762, 56.72017886], [16.35446591, 56.72005032], [16.35451023, 56.72003888], [16.354727, 56.71998172], [16.35473103, 56.71998141], [16.35508618, 56.71994305], [16.35534133, 56.72002023], [16.3559059, 56.72016617], [16.35648607, 56.72029218], [16.35707965, 56.72039773], [16.3576842, 56.72048242], [16.35829742, 56.7205458], [16.35891675, 56.72058783], [16.3595396, 56.72060817], [16.36016356, 56.72060684], [16.36016881, 56.7206066], [16.36032834, 56.72060629], [16.36078559, 56.72058927], [16.36096649, 56.7205952], [16.361098, 56.72059493], [16.36114268, 56.72060845], [16.36170729, 56.72075437], [16.36183332, 56.72078174], [16.36198607, 56.72082121], [16.36256626, 56.72094719], [16.36276861, 56.72098315], [16.36297919, 56.72107931], [16.36348318, 56.72128121], [16.36400943, 56.72146518], [16.36405127, 56.72147837], [16.36459774, 56.72164361], [16.36516237, 56.72178951], [16.36524209, 56.72180678], [16.36525163, 56.72180973], [16.36581627, 56.72195563], [16.36639649, 56.72208159], [16.36699013, 56.7221871], [16.36759473, 56.72227173], [16.368208, 56.72233507], [16.36882736, 56.72237704], [16.36945025, 56.72239733], [16.37007424, 56.72239595], [16.3706969, 56.72237275], [16.37131553, 56.72232804], [16.37192773, 56.72226183], [16.3725312, 56.72217443], [16.37312326, 56.72206622], [16.37370164, 56.72193759], [16.37426393, 56.72178919], [16.37480799, 56.7216214], [16.37480946, 56.72162085], [16.37509661, 56.72153234], [16.37562005, 56.721346], [16.376121, 56.72114185], [16.37625925, 56.72107906], [16.37673558, 56.72085785], [16.37718545, 56.72062048], [16.37760687, 56.72036798], [16.37799825, 56.72010126], [16.37835816, 56.7198215], [16.37868488, 56.7195298], [16.37897725, 56.71922733], [16.3792341, 56.71891529], [16.37935064, 56.71874566], [16.37947074, 56.71859979], [16.37960096, 56.71841025], [16.37974764, 56.7182321], [16.37996778, 56.71791166], [16.38015049, 56.71758427], [16.38029512, 56.71725119], [16.38036062, 56.71704206], [16.38037851, 56.7170009], [16.38048418, 56.71666349], [16.38050847, 56.71653961], [16.3962175, 56.72983497], [16.43578291, 56.71803369]]]}, "properties": {"deso": "0880C1240", "pop": 1257.0, "income": 445.7, "male_frac": 0.4786, "child_frac": 0.1464, "elder_frac": 0.3898, "dependency": 1.1561, "needZ": -0.2428}}, {"type": "Feature", "geometry": {"type": "Polygon", "coordinates": [[[16.29731448, 56.73310804], [16.2972308, 56.73260802], [16.29729864, 56.73213957], [16.29742866, 56.73180171], [16.29787267, 56.73104773], [16.29793816, 56.73096135], [16.29804276, 56.73080899], [16.29848641, 56.73033842], [16.29912423, 56.72969498], [16.29959138, 56.72924635], [16.29997305, 56.72887487], [16.30018808, 56.72866593], [16.30078116, 56.7280516], [16.30123592, 56.72760426], [16.30193543, 56.72691946], [16.30265666, 56.72620137], [16.30294127, 56.72590869], [16.30317544, 56.7256734], [16.30357094, 56.72527932], [16.30390176, 56.72500628], [16.3043308, 56.72469771], [16.30469868, 56.72447171], [16.30612153, 56.72370817], [16.30525882, 56.72318685], [16.30467936, 56.72279327], [16.30599534, 56.72191828], [16.30672538, 56.72122577], [16.30919169, 56.71862886], [16.31273577, 56.7149337], [16.31375602, 56.71385864], [16.31379915, 56.71381686], [16.31146281, 56.71315436], [16.31114647, 56.71303741], [16.30923789, 56.71247035], [16.30926231, 56.71206028], [16.30864633, 56.71205068], [16.30859917, 56.71205027], [16.30831188, 56.7120558], [16.30830591, 56.71205461], [16.3081389, 56.71202447], [16.30753975, 56.71192907], [16.30693069, 56.71185471], [16.30631442, 56.7118017], [16.30612377, 56.71178897], [16.30577047, 56.71177111], [16.30550259, 56.71175757], [16.30487894, 56.71174775], [16.304797, 56.71174681], [16.30417356, 56.71175882], [16.30398214, 56.71176684], [16.30336133, 56.71180047], [16.30334132, 56.71180229], [16.30310775, 56.71175605], [16.30294011, 56.71172708], [16.30261216, 56.71167481], [16.30245138, 56.71164927], [16.30234098, 56.71163165], [16.30173193, 56.71155726], [16.30111568, 56.71150423], [16.3009248, 56.71149284], [16.30030364, 56.71146141], [16.29967999, 56.71145157], [16.29950806, 56.71145067], [16.29888462, 56.71146265], [16.29869352, 56.71147192], [16.29807271, 56.71150551], [16.29745695, 56.71156061], [16.2968488, 56.7116371], [16.29668, 56.71166428], [16.296082, 56.71176177], [16.29549642, 56.71187988], [16.29492567, 56.71201813], [16.29437203, 56.71217596], [16.29421622, 56.7122207], [16.29368181, 56.71239746], [16.29316904, 56.71259251], [16.29267977, 56.712805], [16.29254282, 56.71286562], [16.29207917, 56.71309464], [16.29164285, 56.71333946], [16.2912356, 56.71359889], [16.29112268, 56.713673], [16.29074633, 56.71394612], [16.29040234, 56.71423175], [16.29009187, 56.71452879], [16.29000747, 56.71461366], [16.2897321, 56.71492085], [16.28949274, 56.7152371], [16.28929042, 56.71556097], [16.28923766, 56.71565314], [16.28907314, 56.71598344], [16.28894706, 56.71631882], [16.28886003, 56.71665784], [16.28883937, 56.7167628], [16.2888239, 56.71687372], [16.28877348, 56.71695167], [16.28857114, 56.71727553], [16.28840661, 56.71760583], [16.28828051, 56.71794121], [16.28825387, 56.71804084], [16.28816683, 56.71837986], [16.28816289, 56.71840235], [16.28815432, 56.7184355], [16.28810671, 56.71877699], [16.2880986, 56.71911932], [16.28810827, 56.71922477], [16.28812949, 56.71945532], [16.28790013, 56.71950153], [16.28775957, 56.71953236], [16.28772883, 56.71953959], [16.28715794, 56.71967781], [16.287017, 56.7197134], [16.28698763, 56.71972134], [16.28643384, 56.71987914], [16.28629961, 56.71991762], [16.28629574, 56.71991883], [16.2862708, 56.71992637], [16.2862648, 56.71992813], [16.28613432, 56.71997017], [16.28559977, 56.7201469], [16.28557113, 56.72015663], [16.28544135, 56.72020351], [16.28541541, 56.7202133], [16.28490249, 56.72040831], [16.28477993, 56.72045737], [16.28476852, 56.72046233], [16.28475151, 56.72046952], [16.28474739, 56.72047109], [16.28425797, 56.72068355], [16.28414037, 56.72073596], [16.28411557, 56.72074754], [16.28399987, 56.72080442], [16.28353607, 56.72103341], [16.2835125, 56.7210456], [16.28340494, 56.72110411], [16.28296848, 56.7213489], [16.28296518, 56.72135082], [16.28294403, 56.7213629], [16.28294046, 56.72136491], [16.28284182, 56.72142414], [16.28282098, 56.72143729], [16.28241357, 56.72169668], [16.28231777, 56.72176019], [16.28229842, 56.72177368], [16.28192193, 56.72204678], [16.28183397, 56.72211092], [16.28183147, 56.72211292], [16.28181349, 56.72212685], [16.28181152, 56.72212831], [16.28173519, 56.72218982], [16.28139105, 56.72247542], [16.28137494, 56.72248906], [16.28130143, 56.72255459], [16.28128785, 56.7225673], [16.28097724, 56.72286433], [16.28091921, 56.72292107], [16.28091321, 56.72292697], [16.28089537, 56.72294521], [16.28068663, 56.72315908], [16.28049365, 56.7233568], [16.28027345, 56.72358247], [16.28024696, 56.72361194], [16.28024096, 56.72361775], [16.28020749, 56.72365187], [16.28016572, 56.72369182], [16.27988525, 56.72397614], [16.27985915, 56.72400515], [16.27982198, 56.72404137], [16.27982054, 56.72404274], [16.2797949, 56.72406941], [16.27970479, 56.72416987], [16.27964945, 56.72419092], [16.27960808, 56.7242067], [16.27911857, 56.72441914], [16.27908038, 56.72443723], [16.2786165, 56.72466621], [16.27817996, 56.72491098], [16.27814534, 56.72493109], [16.27773787, 56.72519048], [16.27770721, 56.72521235], [16.27755464, 56.72532297], [16.27706902, 56.72550751], [16.27702408, 56.72552549], [16.27653454, 56.72573792], [16.27633951, 56.72582436], [16.27630809, 56.72583977], [16.27614459, 56.72588636], [16.2756099, 56.72606305], [16.27558354, 56.72607266], [16.27507049, 56.72626763], [16.27499346, 56.72630103], [16.27486228, 56.72630354], [16.27481532, 56.72630572], [16.27419425, 56.7263392], [16.27397632, 56.72635868], [16.27393742, 56.7269179], [16.27457957, 56.72759054], [16.27680061, 56.72830378], [16.28034436, 56.72823033], [16.28406601, 56.73079009], [16.28407474, 56.73076934], [16.2849206, 56.73093076], [16.28543885, 56.73101013], [16.28604594, 56.73109387], [16.28676637, 56.73119325], [16.28757109, 56.73127818], [16.2875714, 56.73127153], [16.28775384, 56.73128959], [16.28813334, 56.73138663], [16.29308431, 56.73126458], [16.2930056, 56.73191244], [16.29297413, 56.73201661], [16.2930462, 56.73223909], [16.29305737, 56.73240732], [16.29293507, 56.73295169], [16.29293886, 56.73298768], [16.29336509, 56.73346717], [16.29332379, 56.73359506], [16.29466881, 56.73383253], [16.2956818, 56.73386477], [16.29748655, 56.73385354], [16.29731448, 56.73310804]]]}, "properties": {"deso": "0880C1250", "pop": 1495.0, "income": 342.4, "male_frac": 0.5084, "child_frac": 0.2247, "elder_frac": 0.1893, "dependency": 0.7066, "needZ": 0.13}}, {"type": "Feature", "geometry": {"type": "Polygon", "coordinates": [[[16.31152958, 56.73862916], [16.31775521, 56.73830551], [16.3177701, 56.73829179], [16.3180631, 56.73798947], [16.31825812, 56.73775313], [16.31829299, 56.73771719], [16.31834243, 56.73765846], [16.31859977, 56.73734654], [16.31860028, 56.73734581], [16.31873167, 56.73718659], [16.31880913, 56.73708894], [16.31903004, 56.7367686], [16.31921336, 56.7364413], [16.31921374, 56.73644058], [16.31928262, 56.7363175], [16.3193147, 56.73624413], [16.31957692, 56.73601049], [16.3195859, 56.73600123], [16.31986989, 56.73570816], [16.31995238, 56.73561944], [16.32020969, 56.73530752], [16.32021304, 56.7353029], [16.32043393, 56.73498256], [16.32061723, 56.73465526], [16.3206725, 56.73454795], [16.32081759, 56.73421494], [16.32092397, 56.73387758], [16.32099102, 56.73353714], [16.32100375, 56.73343531], [16.32103138, 56.73309322], [16.32102409, 56.73288543], [16.3212633, 56.73269982], [16.32128071, 56.73268517], [16.32160812, 56.73239353], [16.32190105, 56.7320912], [16.32215833, 56.73177927], [16.32217016, 56.73176316], [16.32239101, 56.73144282], [16.32257428, 56.73111551], [16.32271934, 56.7307825], [16.32272827, 56.73075662], [16.32283462, 56.73041926], [16.32290164, 56.73007881], [16.32290629, 56.73004992], [16.3229339, 56.72970783], [16.32293351, 56.72968151], [16.32292149, 56.72933921], [16.32286988, 56.72899795], [16.32284289, 56.72889709], [16.32289352, 56.72878067], [16.3229019, 56.72875471], [16.32300825, 56.72841735], [16.32307527, 56.7280769], [16.32307892, 56.72805054], [16.32310522, 56.72772481], [16.32341339, 56.72748564], [16.32343942, 56.72746327], [16.32343942, 56.72746318], [16.32376677, 56.72717162], [16.32405964, 56.72686928], [16.32408145, 56.7268456], [16.32433867, 56.72653368], [16.32435626, 56.72650897], [16.32457707, 56.72618862], [16.32476029, 56.72586131], [16.32477327, 56.72583575], [16.32491829, 56.72550273], [16.324928, 56.72547218], [16.32503432, 56.72513481], [16.32511312, 56.72478912], [16.32518011, 56.72444867], [16.32518431, 56.72441853], [16.32521189, 56.72407643], [16.32521098, 56.72405048], [16.32519894, 56.72370818], [16.32517718, 56.7235645], [16.32523205, 56.72348496], [16.32541526, 56.72315764], [16.32542836, 56.72313163], [16.32557336, 56.72279862], [16.32567967, 56.72246125], [16.32568803, 56.72243466], [16.32575501, 56.72209421], [16.32575903, 56.72206282], [16.32578661, 56.72172072], [16.32581363, 56.72098374], [16.32580158, 56.72064143], [16.32579981, 56.7206101], [16.32574818, 56.72026885], [16.32574199, 56.72024223], [16.32565111, 56.71990346], [16.32552116, 56.71956861], [16.32551, 56.7195425], [16.32535444, 56.71923774], [16.32535386, 56.7192214], [16.32534182, 56.71887909], [16.32528161, 56.7183969], [16.32546016, 56.71840901], [16.32571659, 56.71842506], [16.32633939, 56.71844556], [16.32639942, 56.71844753], [16.32702335, 56.71844636], [16.32707491, 56.7184451], [16.32769753, 56.71842212], [16.32812625, 56.71839123], [16.32824359, 56.71838692], [16.32829078, 56.71838399], [16.32881775, 56.71834604], [16.32908216, 56.7183363], [16.32913594, 56.71833294], [16.32922235, 56.71832672], [16.32473252, 56.71696644], [16.31972975, 56.71551118], [16.31441036, 56.71399017], [16.31389454, 56.71384397], [16.31379915, 56.71381686], [16.31375602, 56.71385864], [16.31273577, 56.7149337], [16.30919169, 56.71862886], [16.30672538, 56.72122577], [16.30599534, 56.72191828], [16.30467936, 56.72279327], [16.30525882, 56.72318685], [16.30612153, 56.72370817], [16.30469868, 56.72447171], [16.3043308, 56.72469771], [16.30390176, 56.72500628], [16.30357094, 56.72527932], [16.30317544, 56.7256734], [16.30294127, 56.72590869], [16.30265666, 56.72620137], [16.30193543, 56.72691946], [16.30123592, 56.72760426], [16.30078116, 56.7280516], [16.30018808, 56.72866593], [16.29997305, 56.72887487], [16.29959138, 56.72924635], [16.29912423, 56.72969498], [16.29848641, 56.73033842], [16.29804276, 56.73080899], [16.29793816, 56.73096135], [16.29787267, 56.73104773], [16.29742866, 56.73180171], [16.29729864, 56.73213957], [16.2972308, 56.73260802], [16.299202, 56.73287934], [16.29916229, 56.73333412], [16.3007017, 56.73369625], [16.30229849, 56.73401742], [16.30278819, 56.73380705], [16.30280806, 56.73379678], [16.30318622, 56.73364299], [16.30322343, 56.73362391], [16.30331123, 56.73358626], [16.30351756, 56.73351529], [16.30369055, 56.73356738], [16.30380657, 56.73359751], [16.30383781, 56.73360446], [16.30394861, 56.73363169], [16.30404425, 56.7336571], [16.30410036, 56.7336699], [16.30414119, 56.73368124], [16.30471273, 56.73386489], [16.30493784, 56.73394284], [16.30504529, 56.73398618], [16.30520062, 56.73401492], [16.30530022, 56.73404549], [16.30533063, 56.73405568], [16.30546771, 56.73410994], [16.3055302, 56.73416669], [16.30570587, 56.73432708], [16.30611884, 56.7347923], [16.30614721, 56.73490303], [16.3061387, 56.73504622], [16.30614009, 56.73505141], [16.30604515, 56.73512795], [16.30584814, 56.73540175], [16.30585765, 56.73547388], [16.30603049, 56.7355407], [16.30676525, 56.7355983], [16.30690863, 56.73554263], [16.30743106, 56.73568106], [16.30755343, 56.73575011], [16.31108023, 56.73865931], [16.31152958, 56.73862916]]]}, "properties": {"deso": "0880C1260", "pop": 2170.0, "income": 342.4, "male_frac": 0.5131, "child_frac": 0.2636, "elder_frac": 0.1562, "dependency": 0.7236, "needZ": 0.1646}}, {"type": "Feature", "geometry": {"type": "Polygon", "coordinates": [[[16.28744472, 56.74073799], [16.28808788, 56.74078775], [16.28813137, 56.74007289], [16.29017692, 56.74008129], [16.29148139, 56.74009339], [16.2915348, 56.7385183], [16.292727, 56.73855616], [16.29352214, 56.73857684], [16.29346733, 56.73718154], [16.29355237, 56.73678469], [16.29328988, 56.73532769], [16.29322354, 56.73395722], [16.29332379, 56.73359506], [16.29336509, 56.73346717], [16.29293886, 56.73298768], [16.29293507, 56.73295169], [16.29305737, 56.73240732], [16.2930462, 56.73223909], [16.29297413, 56.73201661], [16.2930056, 56.73191244], [16.29308431, 56.73126458], [16.28813334, 56.73138663], [16.28775384, 56.73128959], [16.2875714, 56.73127153], [16.28757109, 56.73127818], [16.28676637, 56.73119325], [16.28604594, 56.73109387], [16.28543885, 56.73101013], [16.2849206, 56.73093076], [16.28407474, 56.73076934], [16.28406601, 56.73079009], [16.28034436, 56.72823033], [16.27680061, 56.72830378], [16.27457957, 56.72759054], [16.27393742, 56.7269179], [16.27397632, 56.72635868], [16.27357821, 56.72639419], [16.27353174, 56.72639888], [16.2729233, 56.72647526], [16.27287786, 56.72648237], [16.27227956, 56.72657974], [16.27169367, 56.72669774], [16.27164979, 56.72670726], [16.27107873, 56.7268454], [16.27103668, 56.72685724], [16.27048272, 56.72701497], [16.26994799, 56.72719163], [16.26990816, 56.72720551], [16.26939507, 56.72740046], [16.26935787, 56.72741647], [16.26886827, 56.72762887], [16.26840429, 56.72785781], [16.26837012, 56.72787567], [16.26793348, 56.72812041], [16.26790261, 56.72814004], [16.26749503, 56.72839939], [16.26711836, 56.72867234], [16.26709104, 56.72869364], [16.2667466, 56.72897921], [16.26672323, 56.72900163], [16.26641245, 56.72929862], [16.26613679, 56.72960576], [16.26611736, 56.72962941], [16.26587771, 56.72994561], [16.26567511, 56.73026944], [16.26565976, 56.73029403], [16.26558677, 56.73044011], [16.2653099, 56.73053159], [16.26516138, 56.73058376], [16.26464821, 56.73077868], [16.26415854, 56.73099107], [16.26369449, 56.73121999], [16.26356735, 56.73128712], [16.26313064, 56.73153184], [16.262723, 56.73179117], [16.26234626, 56.73206421], [16.26224554, 56.73214365], [16.26190117, 56.7324292], [16.26159032, 56.73272618], [16.26131459, 56.73303331], [16.26124397, 56.73312206], [16.26100425, 56.73343825], [16.26080159, 56.73376207], [16.26063674, 56.73409233], [16.26059559, 56.73419569], [16.26046919, 56.73453105], [16.26038187, 56.73487005], [16.26037475, 56.73490291], [16.26032686, 56.73524438], [16.26032322, 56.73534898], [16.26031486, 56.73569131], [16.26034612, 56.73603325], [16.26041682, 56.73637352], [16.26044708, 56.73646799], [16.26055704, 56.73680499], [16.2607058, 56.73713756], [16.26082594, 56.73734762], [16.26084277, 56.73739937], [16.26084874, 56.73741261], [16.26283905, 56.73677551], [16.26193404, 56.73486225], [16.26353369, 56.73514886], [16.26580501, 56.73525741], [16.26691139, 56.73558492], [16.26943726, 56.73641368], [16.27071344, 56.73635046], [16.27312513, 56.73632199], [16.27306388, 56.73710197], [16.27380783, 56.73775067], [16.27486914, 56.73866991], [16.2748983, 56.73866314], [16.27846437, 56.73839253], [16.28301804, 56.73806018], [16.28371601, 56.73811776], [16.2847473, 56.73812995], [16.28439304, 56.73882978], [16.28433204, 56.73895033], [16.28412934, 56.73975046], [16.28413069, 56.73975458], [16.28432596, 56.74051109], [16.2848726, 56.74078267], [16.28607081, 56.74080912], [16.28744472, 56.74073799]]]}, "properties": {"deso": "0880C1270", "pop": 1111.0, "income": 342.4, "male_frac": 0.4987, "child_frac": 0.2322, "elder_frac": 0.1665, "dependency": 0.6632, "needZ": 0.0415}}, {"type": "Feature", "geometry": {"type": "Polygon", "coordinates": [[[16.30413176, 56.74942784], [16.3041797, 56.74942599], [16.30479887, 56.7493816], [16.30484618, 56.74937716], [16.30530336, 56.74932799], [16.30545893, 56.74931127], [16.306063, 56.74922419], [16.30610941, 56.74921715], [16.30670209, 56.74910925], [16.30674707, 56.7490998], [16.30732596, 56.74897147], [16.30788906, 56.74882336], [16.30793206, 56.7488115], [16.30847668, 56.74864401], [16.30851732, 56.74862993], [16.3090416, 56.74844386], [16.30954327, 56.74823998], [16.30958127, 56.74822377], [16.31005835, 56.74800281], [16.31009318, 56.74798466], [16.31054379, 56.74774753], [16.31096596, 56.74749526], [16.31099749, 56.74747525], [16.31138963, 56.74720883], [16.31175015, 56.74692926], [16.31177785, 56.74690768], [16.31210546, 56.74661605], [16.31212933, 56.74659308], [16.31242245, 56.74629077], [16.31267989, 56.74597886], [16.31269941, 56.74595476], [16.31283713, 56.74575524], [16.31294095, 56.74569315], [16.31298016, 56.74566938], [16.31337227, 56.74540286], [16.31340196, 56.74538063], [16.31376246, 56.74510114], [16.31409004, 56.74480952], [16.31411537, 56.7447858], [16.31440845, 56.74448349], [16.31443278, 56.74445431], [16.3146902, 56.7441424], [16.31478691, 56.74400834], [16.31493455, 56.74380386], [16.31500142, 56.74371126], [16.3152224, 56.74339093], [16.31524128, 56.7433601], [16.31542467, 56.7430328], [16.31556983, 56.7426998], [16.31558102, 56.74267264], [16.31568747, 56.74233529], [16.31569351, 56.74230765], [16.31576062, 56.7419672], [16.3157883, 56.74162511], [16.31578918, 56.74159249], [16.31577722, 56.74125018], [16.31576924, 56.74112999], [16.31577823, 56.74110932], [16.31588467, 56.74077196], [16.31595177, 56.74043152], [16.31596266, 56.74032648], [16.31599034, 56.73998439], [16.31597838, 56.73964208], [16.31597533, 56.73960115], [16.31639446, 56.73935068], [16.31651999, 56.73927399], [16.316912, 56.73900755], [16.31698203, 56.73895543], [16.31734245, 56.73867593], [16.31766994, 56.73838429], [16.31775521, 56.73830551], [16.31152958, 56.73862916], [16.31108023, 56.73865931], [16.30755343, 56.73575011], [16.30743106, 56.73568106], [16.30690863, 56.73554263], [16.30676525, 56.7355983], [16.30603049, 56.7355407], [16.30585765, 56.73547388], [16.30584814, 56.73540175], [16.30604515, 56.73512795], [16.30614009, 56.73505141], [16.3061387, 56.73504622], [16.30614721, 56.73490303], [16.30611884, 56.7347923], [16.30570587, 56.73432708], [16.3055302, 56.73416669], [16.30546771, 56.73410994], [16.30533063, 56.73405568], [16.30530022, 56.73404549], [16.30520062, 56.73401492], [16.30504529, 56.73398618], [16.30493784, 56.73394284], [16.30471273, 56.73386489], [16.30414119, 56.73368124], [16.30410036, 56.7336699], [16.30404425, 56.7336571], [16.30394861, 56.73363169], [16.30383781, 56.73360446], [16.30380657, 56.73359751], [16.30369055, 56.73356738], [16.30351756, 56.73351529], [16.30331123, 56.73358626], [16.30322343, 56.73362391], [16.30318622, 56.73364299], [16.30280806, 56.73379678], [16.30278819, 56.73380705], [16.30229849, 56.73401742], [16.3007017, 56.73369625], [16.29916229, 56.73333412], [16.299202, 56.73287934], [16.2972308, 56.73260802], [16.29731448, 56.73310804], [16.29748655, 56.73385354], [16.2956818, 56.73386477], [16.29466881, 56.73383253], [16.29332379, 56.73359506], [16.29322354, 56.73395722], [16.29328988, 56.73532769], [16.29355237, 56.73678469], [16.29346733, 56.73718154], [16.29352214, 56.73857684], [16.292727, 56.73855616], [16.2915348, 56.7385183], [16.29148139, 56.74009339], [16.29017692, 56.74008129], [16.28813137, 56.74007289], [16.28808788, 56.74078775], [16.28744472, 56.74073799], [16.28607081, 56.74080912], [16.2848726, 56.74078267], [16.28432596, 56.74051109], [16.28413069, 56.73975458], [16.28412934, 56.73975046], [16.28433204, 56.73895033], [16.28439304, 56.73882978], [16.2847473, 56.73812995], [16.28371601, 56.73811776], [16.28301804, 56.73806018], [16.27846437, 56.73839253], [16.2748983, 56.73866314], [16.27486914, 56.73866991], [16.27380783, 56.73775067], [16.27306388, 56.73710197], [16.27312513, 56.73632199], [16.27071344, 56.73635046], [16.26943726, 56.73641368], [16.26691139, 56.73558492], [16.26580501, 56.73525741], [16.26353369, 56.73514886], [16.26193404, 56.73486225], [16.26283905, 56.73677551], [16.26084874, 56.73741261], [16.26099154, 56.73773194], [16.2611784, 56.73805865], [16.26140264, 56.73837815], [16.26141411, 56.73839438], [16.26167487, 56.73870551], [16.26197103, 56.73900686], [16.26230162, 56.73929734], [16.26231869, 56.73931199], [16.26252002, 56.73946634], [16.26237956, 56.73965165], [16.26236329, 56.73967714], [16.2621606, 56.74000096], [16.26199574, 56.74033123], [16.26198435, 56.74035739], [16.26185795, 56.74069274], [16.26177062, 56.74103175], [16.26176397, 56.7410584], [16.26171609, 56.74139988], [16.2617143, 56.74142684], [16.26170595, 56.74176918], [16.26173723, 56.74211111], [16.26174029, 56.74213794], [16.26181101, 56.74247821], [16.26181905, 56.74250481], [16.26192904, 56.74284181], [16.26207784, 56.74317438], [16.26209071, 56.74320039], [16.26227761, 56.74352709], [16.26229504, 56.74355225], [16.26251932, 56.74387175], [16.26278013, 56.74418288], [16.26280211, 56.744207], [16.26309833, 56.74450834], [16.26342897, 56.74479882], [16.26345522, 56.74482155], [16.26381863, 56.74509993], [16.26384887, 56.74512118], [16.2642438, 56.74538639], [16.26466872, 56.74563729], [16.26470255, 56.74565671], [16.26515556, 56.7458924], [16.26519295, 56.7459099], [16.26567225, 56.74612925], [16.26617606, 56.74633155], [16.26622304, 56.7463494], [16.26674917, 56.74653377], [16.26697247, 56.74661001], [16.26701838, 56.74662419], [16.26756493, 56.74678985], [16.26812943, 56.74693619], [16.26817076, 56.74694619], [16.26875105, 56.7470726], [16.26880085, 56.74708188], [16.26939461, 56.74718786], [16.2697022, 56.74723638], [16.270307, 56.74732148], [16.27039161, 56.74733158], [16.27100513, 56.74739548], [16.27115441, 56.74740762], [16.27159811, 56.74745384], [16.27221778, 56.74749621], [16.27226507, 56.74749914], [16.27288833, 56.74751991], [16.27293568, 56.74752041], [16.27356009, 56.74751952], [16.27418323, 56.7474968], [16.27423063, 56.7474947], [16.2748498, 56.74745046], [16.27489657, 56.74744594], [16.27550934, 56.74738021], [16.27558717, 56.74736899], [16.27611345, 56.74729327], [16.27615919, 56.74728624], [16.27675193, 56.74717849], [16.27679624, 56.74716905], [16.2773752, 56.74704086], [16.27793839, 56.74689289], [16.27798074, 56.74688114], [16.27852546, 56.74671377], [16.27856557, 56.7466998], [16.27908997, 56.74651386], [16.27959179, 56.7463101], [16.27962926, 56.74629408], [16.27978086, 56.7462239], [16.27989495, 56.74627609], [16.27993433, 56.74629212], [16.28043822, 56.74649436], [16.28096442, 56.74667868], [16.28100656, 56.74669253], [16.28155316, 56.74685812], [16.28211773, 56.7470044], [16.28216207, 56.74701589], [16.28274241, 56.74714224], [16.2827887, 56.74715128], [16.2833825, 56.74725719], [16.28398733, 56.74734223], [16.28403501, 56.74734857], [16.28464855, 56.7474124], [16.28469722, 56.74741612], [16.28531691, 56.74745842], [16.28560579, 56.74746802], [16.28567324, 56.74748844], [16.28623782, 56.74763469], [16.28681818, 56.74776102], [16.28698288, 56.74779427], [16.28757671, 56.74790015], [16.28818155, 56.74798517], [16.28879511, 56.74804899], [16.28898445, 56.74806544], [16.28925382, 56.74808377], [16.28935989, 56.74809408], [16.2899796, 56.74813636], [16.29009275, 56.74814103], [16.29058271, 56.74817449], [16.29077076, 56.74818072], [16.29077197, 56.7481808], [16.29090252, 56.74818519], [16.2915258, 56.74820587], [16.29215022, 56.74820488], [16.29234237, 56.748201], [16.29269791, 56.74818797], [16.29274484, 56.74818793], [16.2929196, 56.74818406], [16.29324384, 56.74822965], [16.29385741, 56.74829344], [16.29404876, 56.74830906], [16.29466847, 56.74835132], [16.29529175, 56.74837197], [16.29540486, 56.74837502], [16.29545569, 56.74837494], [16.29563299, 56.74843705], [16.29567649, 56.74845124], [16.29622319, 56.74861678], [16.29678783, 56.74876299], [16.29683368, 56.74877464], [16.29741409, 56.74890092], [16.297462, 56.74890994], [16.29805587, 56.74901578], [16.29866076, 56.74910074], [16.29871832, 56.74910796], [16.29933191, 56.74917172], [16.29972603, 56.74920975], [16.30017684, 56.74925319], [16.30062753, 56.74929673], [16.30107834, 56.74934018], [16.30153727, 56.74938443], [16.30159296, 56.74938825], [16.3022127, 56.74943047], [16.30266711, 56.74944549], [16.302836, 56.74945109], [16.30288417, 56.74945175], [16.30350861, 56.7494507], [16.30413176, 56.74942784]]]}, "properties": {"deso": "0880C1280", "pop": 1461.0, "income": 342.4, "male_frac": 0.4809, "child_frac": 0.1985, "elder_frac": 0.2731, "dependency": 0.8925, "needZ": 0.5086}}, {"type": "Feature", "geometry": {"type": "Polygon", "coordinates": [[[16.13149557, 56.7892776], [16.1324823, 56.78926344], [16.1389134, 56.78917085], [16.13846365, 56.78242986], [16.14682689, 56.78212869], [16.14696405, 56.78165234], [16.14869523, 56.78186582], [16.15011407, 56.78147727], [16.15080914, 56.7812313], [16.15253882, 56.78147062], [16.15439041, 56.78167106], [16.15552792, 56.78146228], [16.15653244, 56.78121699], [16.15677836, 56.7812881], [16.15903126, 56.77906544], [16.15908024, 56.77905627], [16.1593741, 56.77900171], [16.1596681, 56.77896502], [16.15994535, 56.77888357], [16.16018993, 56.77880216], [16.16040142, 56.77868494], [16.16071071, 56.77853152], [16.16097118, 56.77840522], [16.16128121, 56.77834161], [16.16164081, 56.77833171], [16.1619357, 56.77838474], [16.16227972, 56.77845573], [16.16262344, 56.77849969], [16.16280317, 56.77848131], [16.16458214, 56.77811762], [16.17045631, 56.77680075], [16.17362156, 56.77609227], [16.17411095, 56.77597421], [16.1753672, 56.77568365], [16.17745541, 56.77519334], [16.17810786, 56.77503897], [16.17861411, 56.77492154], [16.17869515, 56.77490281], [16.17944551, 56.77472118], [16.18030995, 56.77450344], [16.18060358, 56.77442188], [16.18215336, 56.77406757], [16.18313189, 56.77382258], [16.18340934, 56.77376794], [16.18425758, 56.77356811], [16.18654126, 56.77304094], [16.18833559, 56.77263203], [16.18842724, 56.77261158], [16.19045237, 56.77215947], [16.19148623, 56.77191821], [16.19153552, 56.77190669], [16.19158186, 56.77189591], [16.19197322, 56.77179606], [16.19745362, 56.77053287], [16.1979592, 56.77042372], [16.19826906, 56.77033307], [16.19870968, 56.7702603], [16.19908518, 56.77021438], [16.19933029, 56.77020466], [16.2005888, 56.77017414], [16.20158605, 56.77018016], [16.20206012, 56.77017883], [16.20258314, 56.77016831], [16.20308734, 56.76991552], [16.20338108, 56.76986984], [16.20359337, 56.76984228], [16.20374076, 56.76987777], [16.20411658, 56.7698587], [16.20436167, 56.76984007], [16.2045738, 56.76980353], [16.20499641, 56.76956895], [16.20514292, 56.76950564], [16.20533908, 56.76950509], [16.20614317, 56.76979896], [16.20643824, 56.76987884], [16.20684652, 56.76984174], [16.20718902, 56.76975992], [16.20752968, 56.76950762], [16.20772517, 56.76944419], [16.20782359, 56.7694798], [16.21051747, 56.76913973], [16.21143158, 56.76901139], [16.21187098, 56.76883061], [16.21213203, 56.76877597], [16.21245735, 56.76862235], [16.21341921, 56.76837719], [16.2140661, 56.76815486], [16.21428827, 56.76807886], [16.21432815, 56.76806877], [16.21459922, 56.76799858], [16.21482738, 56.76797022], [16.21499011, 56.76793324], [16.21538128, 56.76787688], [16.2157557, 56.76780271], [16.21609746, 56.76772869], [16.2164069, 56.76767285], [16.21665152, 56.76764442], [16.21697879, 56.76766027], [16.21740443, 56.76769357], [16.21786329, 56.76774451], [16.21820628, 56.76773335], [16.21861514, 56.76773977], [16.21913822, 56.76773646], [16.2196456, 56.76776914], [16.21998964, 56.76780287], [16.22033247, 56.76778272], [16.22062726, 56.76780786], [16.2209713, 56.76784159], [16.22131443, 56.76783042], [16.22157491, 56.76778385], [16.2217872, 56.76777351], [16.22214588, 56.76772634], [16.22271685, 56.76766882], [16.22318946, 56.76760301], [16.22353229, 56.76758285], [16.22385833, 56.76753591], [16.22418438, 56.76749785], [16.22452705, 56.7674688], [16.22488604, 56.76743949], [16.22511401, 56.76739315], [16.22530908, 56.76734703], [16.22540651, 56.76731051], [16.22560125, 56.76724643], [16.22602275, 56.76708203], [16.22637959, 56.76695402], [16.22668917, 56.76690714], [16.22683571, 56.76687929], [16.22708016, 56.76684185], [16.22732476, 56.76681331], [16.22766727, 56.76677526], [16.22792819, 56.76674664], [16.22796176, 56.76679132], [16.22819065, 56.76678987], [16.22846834, 56.76677905], [16.22881177, 56.76678582], [16.229091, 56.76684694], [16.22932098, 56.76689929], [16.22951787, 56.76693399], [16.22969766, 56.76693285], [16.22997414, 56.76686823], [16.23033312, 56.76683891], [16.23057772, 56.76681045], [16.23067562, 56.76680086], [16.23090345, 56.7667545], [16.23119669, 56.76670768], [16.23142481, 56.76667031], [16.23147438, 56.76669695], [16.23171959, 56.76669533], [16.23206225, 56.76666617], [16.23212615, 56.76660293], [16.23220634, 56.76653054], [16.23239702, 56.76648707], [16.23279087, 56.76643925], [16.23334268, 56.76639094], [16.23342871, 56.76636108], [16.23350874, 56.76627971], [16.2336068, 56.7662791], [16.23368919, 56.7662861], [16.23385155, 56.76625961], [16.23921631, 56.764738], [16.24660994, 56.76264047], [16.25073025, 56.76147088], [16.25112632, 56.76135839], [16.25124307, 56.76174582], [16.25133348, 56.76214034], [16.25140916, 56.76260678], [16.25146557, 56.76286294], [16.25176976, 56.76283456], [16.25233821, 56.76277397], [16.25291238, 56.76270684], [16.25355258, 56.76260537], [16.25348745, 56.76237131], [16.25446581, 56.76186508], [16.2553159, 56.76172357], [16.25526656, 56.76039056], [16.25549414, 56.76033492], [16.25575421, 56.76027031], [16.25598067, 56.76016105], [16.25620826, 56.76010567], [16.25643506, 56.7600264], [16.25654878, 56.75998663], [16.25695454, 56.75985821], [16.25724578, 56.75972161], [16.2575855, 56.75956674], [16.2579754, 56.75945636], [16.25807552, 56.75941304], [16.2583962, 56.75927398], [16.25891054, 56.75906138], [16.25912501, 56.75897279], [16.25948117, 56.75881784], [16.25980408, 56.75864498], [16.25983807, 56.75862478], [16.2600622, 56.75849065], [16.26011831, 56.75845451], [16.2604006, 56.7582729], [16.26069201, 56.75815425], [16.26100017, 56.75804442], [16.26129267, 56.75797059], [16.26161827, 56.75791456], [16.26177363, 56.75788173], [16.26205756, 56.75782182], [16.26244826, 56.75775633], [16.26275721, 56.7576825], [16.26282307, 56.75767573], [16.26313222, 56.75764403], [16.26355505, 56.75755136], [16.26396143, 56.75745885], [16.26414222, 56.7574245], [16.26444979, 56.75736577], [16.26492186, 56.75728185], [16.26549103, 56.75716127], [16.26597971, 56.75708615], [16.26607087, 56.7570696], [16.26633777, 56.7570209], [16.26638034, 56.75701166], [16.26667934, 56.75694682], [16.26705336, 56.75686343], [16.26744405, 56.75679802], [16.26760684, 56.75676996], [16.2678326, 56.75674529], [16.26830789, 56.75669339], [16.2687969, 56.75663622], [16.26930273, 56.75660592], [16.26975992, 56.75658483], [16.26979879, 56.7565777], [16.27021565, 56.75650096], [16.27068878, 56.75643694], [16.27124197, 56.75635935], [16.271943, 56.75628276], [16.27256266, 56.7562247], [16.27319877, 56.75616655], [16.2737863, 56.75613558], [16.2745046, 56.75609483], [16.27509148, 56.75603699], [16.27566205, 56.75597924], [16.27615036, 56.75588612], [16.27670234, 56.75572973], [16.2767313, 56.75572072], [16.27731903, 56.75553693], [16.27744159, 56.7554922], [16.27787001, 56.75533564], [16.27826028, 56.75524316], [16.27909129, 56.7551387], [16.27966198, 56.75508092], [16.28003164, 56.75503302], [16.28024056, 56.75500159], [16.28081888, 56.75493843], [16.28155168, 56.75482562], [16.28225398, 56.75475175], [16.2824647, 56.75472991], [16.28261947, 56.75471242], [16.28342771, 56.75460125], [16.28414265, 56.75450289], [16.28420787, 56.75449342], [16.28426907, 56.75448461], [16.28436569, 56.75447059], [16.28466534, 56.7544304], [16.28476415, 56.75441708], [16.28482255, 56.75440929], [16.28487784, 56.7544054], [16.28531595, 56.75435983], [16.28548214, 56.75433342], [16.2860161, 56.75424724], [16.28676597, 56.75416127], [16.28704786, 56.7541421], [16.28742797, 56.75411248], [16.28797242, 56.75404551], [16.28886925, 56.75395854], [16.28941902, 56.75392114], [16.28945656, 56.7539186], [16.28987942, 56.75382583], [16.29054595, 56.75367763], [16.29114805, 56.75356567], [16.29178446, 56.75344751], [16.29182198, 56.75344057], [16.2925488, 56.75336746], [16.29323346, 56.75329981], [16.29391957, 56.75328605], [16.29429516, 56.75327452], [16.29465597, 56.75333482], [16.29491824, 56.75336892], [16.29524458, 56.75334874], [16.29550501, 56.75330202], [16.29564002, 56.7532945], [16.29592864, 56.75327938], [16.29638572, 56.7532413], [16.29695619, 56.75313979], [16.29752216, 56.7530995], [16.2980329, 56.753018], [16.29853832, 56.75293477], [16.29861436, 56.75293029], [16.29902819, 56.75290523], [16.29956715, 56.75287572], [16.29992642, 56.75285608], [16.30040119, 56.7529167], [16.30085938, 56.75291067], [16.30111056, 56.7529323], [16.3014684, 56.75297303], [16.30155641, 56.75298307], [16.30177, 56.75300554], [16.30195798, 56.75306368], [16.30205569, 56.75315132], [16.30223713, 56.75325821], [16.30251564, 56.75330174], [16.30279341, 56.75330036], [16.3030539, 56.75323629], [16.30320062, 56.7532087], [16.30341661, 56.75327705], [16.30347988, 56.75329714], [16.30372563, 56.75334083], [16.30398744, 56.7533575], [16.30396521, 56.75298063], [16.30399556, 56.75283685], [16.30404367, 56.75277374], [16.30419082, 56.75278208], [16.30431933, 56.75263782], [16.30469437, 56.75211235], [16.30473468, 56.7520344], [16.30469898, 56.75183715], [16.30456459, 56.75161335], [16.30429895, 56.75134539], [16.30424389, 56.75130527], [16.3039683, 56.7511046], [16.30367007, 56.75084577], [16.30351995, 56.75065798], [16.303435, 56.7504519], [16.3033491, 56.75018313], [16.30322947, 56.74985157], [16.30303063, 56.74968198], [16.30276675, 56.74953059], [16.30266711, 56.74944549], [16.3022127, 56.74943047], [16.30159296, 56.74938825], [16.30153727, 56.74938443], [16.30107834, 56.74934018], [16.30062753, 56.74929673], [16.30017684, 56.74925319], [16.29972603, 56.74920975], [16.29933191, 56.74917172], [16.29871832, 56.74910796], [16.29866076, 56.74910074], [16.29805587, 56.74901578], [16.297462, 56.74890994], [16.29741409, 56.74890092], [16.29683368, 56.74877464], [16.29678783, 56.74876299], [16.29622319, 56.74861678], [16.29567649, 56.74845124], [16.29563299, 56.74843705], [16.29545569, 56.74837494], [16.29540486, 56.74837502], [16.29529175, 56.74837197], [16.29466847, 56.74835132], [16.29404876, 56.74830906], [16.29385741, 56.74829344], [16.29324384, 56.74822965], [16.2929196, 56.74818406], [16.29274484, 56.74818793], [16.29269791, 56.74818797], [16.29234237, 56.748201], [16.29215022, 56.74820488], [16.2915258, 56.74820587], [16.29090252, 56.74818519], [16.29077197, 56.7481808], [16.29077076, 56.74818072], [16.29058271, 56.74817449], [16.29009275, 56.74814103], [16.2899796, 56.74813636], [16.28935989, 56.74809408], [16.28925382, 56.74808377], [16.28898445, 56.74806544], [16.28879511, 56.74804899], [16.28818155, 56.74798517], [16.28757671, 56.74790015], [16.28698288, 56.74779427], [16.28681818, 56.74776102], [16.28623782, 56.74763469], [16.28567324, 56.74748844], [16.28560579, 56.74746802], [16.28531691, 56.74745842], [16.28469722, 56.74741612], [16.28464855, 56.7474124], [16.28403501, 56.74734857], [16.28398733, 56.74734223], [16.2833825, 56.74725719], [16.2827887, 56.74715128], [16.28274241, 56.74714224], [16.28216207, 56.74701589], [16.28211773, 56.7470044], [16.28155316, 56.74685812], [16.28100656, 56.74669253], [16.28096442, 56.74667868], [16.28043822, 56.74649436], [16.27993433, 56.74629212], [16.27989495, 56.74627609], [16.27978086, 56.7462239], [16.27962926, 56.74629408], [16.27959179, 56.7463101], [16.27908997, 56.74651386], [16.27856557, 56.7466998], [16.27852546, 56.74671377], [16.27798074, 56.74688114], [16.27793839, 56.74689289], [16.2773752, 56.74704086], [16.27679624, 56.74716905], [16.27675193, 56.74717849], [16.27615919, 56.74728624], [16.27611345, 56.74729327], [16.27558717, 56.74736899], [16.27550934, 56.74738021], [16.27489657, 56.74744594], [16.2748498, 56.74745046], [16.27423063, 56.7474947], [16.27418323, 56.7474968], [16.27356009, 56.74751952], [16.27293568, 56.74752041], [16.27288833, 56.74751991], [16.27226507, 56.74749914], [16.27221778, 56.74749621], [16.27159811, 56.74745384], [16.27115441, 56.74740762], [16.27100513, 56.74739548], [16.27039161, 56.74733158], [16.270307, 56.74732148], [16.2697022, 56.74723638], [16.26939461, 56.74718786], [16.26880085, 56.74708188], [16.26875105, 56.7470726], [16.26817076, 56.74694619], [16.26812943, 56.74693619], [16.26756493, 56.74678985], [16.26701838, 56.74662419], [16.26697247, 56.74661001], [16.26674917, 56.74653377], [16.26622304, 56.7463494], [16.26617606, 56.74633155], [16.26567225, 56.74612925], [16.26519295, 56.7459099], [16.26515556, 56.7458924], [16.26470255, 56.74565671], [16.26466872, 56.74563729], [16.2642438, 56.74538639], [16.26384887, 56.74512118], [16.26381863, 56.74509993], [16.26345522, 56.74482155], [16.26342897, 56.74479882], [16.26309833, 56.74450834], [16.26280211, 56.744207], [16.26278013, 56.74418288], [16.26251932, 56.74387175], [16.26229504, 56.74355225], [16.26227761, 56.74352709], [16.26209071, 56.74320039], [16.26207784, 56.74317438], [16.26192904, 56.74284181], [16.26181905, 56.74250481], [16.26181101, 56.74247821], [16.26174029, 56.74213794], [16.26173723, 56.74211111], [16.26170595, 56.74176918], [16.2617143, 56.74142684], [16.26171609, 56.74139988], [16.26176397, 56.7410584], [16.26177062, 56.74103175], [16.26185795, 56.74069274], [16.26198435, 56.74035739], [16.26199574, 56.74033123], [16.2621606, 56.74000096], [16.26236329, 56.73967714], [16.26237956, 56.73965165], [16.26252002, 56.73946634], [16.26231869, 56.73931199], [16.26230162, 56.73929734], [16.26197103, 56.73900686], [16.26167487, 56.73870551], [16.26141411, 56.73839438], [16.26140264, 56.73837815], [16.2611784, 56.73805865], [16.26099154, 56.73773194], [16.26084874, 56.73741261], [16.26084277, 56.73739937], [16.26082594, 56.73734762], [16.2607058, 56.73713756], [16.26055704, 56.73680499], [16.26044708, 56.73646799], [16.26041682, 56.73637352], [16.26034612, 56.73603325], [16.26031486, 56.73569131], [16.26032322, 56.73534898], [16.26032686, 56.73524438], [16.26037475, 56.73490291], [16.26038187, 56.73487005], [16.26046919, 56.73453105], [16.26059559, 56.73419569], [16.26063674, 56.73409233], [16.26080159, 56.73376207], [16.26100425, 56.73343825], [16.26124397, 56.73312206], [16.26131459, 56.73303331], [16.26159032, 56.73272618], [16.26190117, 56.7324292], [16.26224554, 56.73214365], [16.26234626, 56.73206421], [16.262723, 56.73179117], [16.26313064, 56.73153184], [16.26356735, 56.73128712], [16.26369449, 56.73121999], [16.26415854, 56.73099107], [16.26464821, 56.73077868], [16.26516138, 56.73058376], [16.2653099, 56.73053159], [16.26558677, 56.73044011], [16.26565976, 56.73029403], [16.26567511, 56.73026944], [16.26587771, 56.72994561], [16.26611736, 56.72962941], [16.26613679, 56.72960576], [16.26641245, 56.72929862], [16.26672323, 56.72900163], [16.2667466, 56.72897921], [16.26709104, 56.72869364], [16.26711836, 56.72867234], [16.26749503, 56.72839939], [16.26790261, 56.72814004], [16.26793348, 56.72812041], [16.26837012, 56.72787567], [16.26840429, 56.72785781], [16.26886827, 56.72762887], [16.26935787, 56.72741647], [16.26939507, 56.72740046], [16.26990816, 56.72720551], [16.26994799, 56.72719163], [16.27048272, 56.72701497], [16.27103668, 56.72685724], [16.27107873, 56.7268454], [16.27164979, 56.72670726], [16.27169367, 56.72669774], [16.27227956, 56.72657974], [16.27287786, 56.72648237], [16.2729233, 56.72647526], [16.27353174, 56.72639888], [16.27357821, 56.72639419], [16.27397632, 56.72635868], [16.27419425, 56.7263392], [16.27481532, 56.72630572], [16.27486228, 56.72630354], [16.27499346, 56.72630103], [16.27507049, 56.72626763], [16.27558354, 56.72607266], [16.2756099, 56.72606305], [16.27614459, 56.72588636], [16.27630809, 56.72583977], [16.27633951, 56.72582436], [16.27653454, 56.72573792], [16.27702408, 56.72552549], [16.27706902, 56.72550751], [16.27755464, 56.72532297], [16.27770721, 56.72521235], [16.27773787, 56.72519048], [16.27814534, 56.72493109], [16.27817996, 56.72491098], [16.2786165, 56.72466621], [16.27908038, 56.72443723], [16.27911857, 56.72441914], [16.27960808, 56.7242067], [16.27964945, 56.72419092], [16.27970479, 56.72416987], [16.2797949, 56.72406941], [16.27982054, 56.72404274], [16.27982198, 56.72404137], [16.27985915, 56.72400515], [16.27988525, 56.72397614], [16.28016572, 56.72369182], [16.28020749, 56.72365187], [16.28024096, 56.72361775], [16.28024696, 56.72361194], [16.28027345, 56.72358247], [16.28049365, 56.7233568], [16.28068663, 56.72315908], [16.28089537, 56.72294521], [16.28091321, 56.72292697], [16.28091921, 56.72292107], [16.28097724, 56.72286433], [16.28128785, 56.7225673], [16.28130143, 56.72255459], [16.28137494, 56.72248906], [16.28139105, 56.72247542], [16.28173519, 56.72218982], [16.28181152, 56.72212831], [16.28181349, 56.72212685], [16.28183147, 56.72211292], [16.28183397, 56.72211092], [16.28192193, 56.72204678], [16.28229842, 56.72177368], [16.28231777, 56.72176019], [16.28241357, 56.72169668], [16.28282098, 56.72143729], [16.28284182, 56.72142414], [16.28294046, 56.72136491], [16.28294403, 56.7213629], [16.28296518, 56.72135082], [16.28296848, 56.7213489], [16.28340494, 56.72110411], [16.2835125, 56.7210456], [16.28353607, 56.72103341], [16.28399987, 56.72080442], [16.28411557, 56.72074754], [16.28414037, 56.72073596], [16.28425797, 56.72068355], [16.28474739, 56.72047109], [16.28475151, 56.72046952], [16.28476852, 56.72046233], [16.28477993, 56.72045737], [16.28490249, 56.72040831], [16.28541541, 56.7202133], [16.28544135, 56.72020351], [16.28557113, 56.72015663], [16.28559977, 56.7201469], [16.28613432, 56.71997017], [16.2862648, 56.71992813], [16.2862708, 56.71992637], [16.28629574, 56.71991883], [16.28629961, 56.71991762], [16.28643384, 56.71987914], [16.28698763, 56.71972134], [16.287017, 56.7197134], [16.28715794, 56.71967781], [16.28772883, 56.71953959], [16.28775957, 56.71953236], [16.28790013, 56.71950153], [16.28812949, 56.71945532], [16.28810827, 56.71922477], [16.2880986, 56.71911932], [16.28810671, 56.71877699], [16.28815432, 56.7184355], [16.28816289, 56.71840235], [16.28816683, 56.71837986], [16.28825387, 56.71804084], [16.28828051, 56.71794121], [16.28840661, 56.71760583], [16.28857114, 56.71727553], [16.28877348, 56.71695167], [16.2888239, 56.71687372], [16.28883937, 56.7167628], [16.28886003, 56.71665784], [16.28894706, 56.71631882], [16.28907314, 56.71598344], [16.28923766, 56.71565314], [16.28929042, 56.71556097], [16.28949274, 56.7152371], [16.2897321, 56.71492085], [16.29000747, 56.71461366], [16.29009187, 56.71452879], [16.29040234, 56.71423175], [16.29074633, 56.71394612], [16.29112268, 56.713673], [16.2912356, 56.71359889], [16.29164285, 56.71333946], [16.29207917, 56.71309464], [16.29254282, 56.71286562], [16.29267977, 56.712805], [16.29316904, 56.71259251], [16.29368181, 56.71239746], [16.29421622, 56.7122207], [16.29437203, 56.71217596], [16.29492567, 56.71201813], [16.29549642, 56.71187988], [16.296082, 56.71176177], [16.29668, 56.71166428], [16.2968488, 56.7116371], [16.29745695, 56.71156061], [16.29807271, 56.71150551], [16.29869352, 56.71147192], [16.29888462, 56.71146265], [16.29950806, 56.71145067], [16.29967999, 56.71145157], [16.30030364, 56.71146141], [16.3009248, 56.71149284], [16.30111568, 56.71150423], [16.30173193, 56.71155726], [16.30234098, 56.71163165], [16.30245138, 56.71164927], [16.30261216, 56.71167481], [16.30294011, 56.71172708], [16.30310775, 56.71175605], [16.30334132, 56.71180229], [16.30336133, 56.71180047], [16.30398214, 56.71176684], [16.30417356, 56.71175882], [16.304797, 56.71174681], [16.30487894, 56.71174775], [16.30550259, 56.71175757], [16.30577047, 56.71177111], [16.30612377, 56.71178897], [16.30631442, 56.7118017], [16.30693069, 56.71185471], [16.30753975, 56.71192907], [16.3081389, 56.71202447], [16.30830591, 56.71205461], [16.30831188, 56.7120558], [16.30859917, 56.71205027], [16.30864633, 56.71205068], [16.30926231, 56.71206028], [16.3089205, 56.71190398], [16.30888607, 56.71188628], [16.30843321, 56.71165074], [16.30800851, 56.7114], [16.30797726, 56.71138056], [16.30758238, 56.71111548], [16.30755471, 56.71109449], [16.30719117, 56.71081623], [16.30686063, 56.71052587], [16.30683682, 56.71050348], [16.30654053, 56.71020224], [16.30652058, 56.71017874], [16.30625965, 56.7098677], [16.30603508, 56.70954828], [16.30601954, 56.70952383], [16.30583244, 56.70919719], [16.30582106, 56.70917198], [16.30573916, 56.70898913], [16.30534999, 56.70875929], [16.30495516, 56.70849421], [16.30493502, 56.70848067], [16.30457153, 56.70820241], [16.30424103, 56.70791204], [16.30394478, 56.7076108], [16.30392228, 56.70758741], [16.30366139, 56.70727636], [16.3036419, 56.70725024], [16.30341736, 56.70693082], [16.30323029, 56.70660418], [16.30321663, 56.70657926], [16.30306775, 56.70624674], [16.30295751, 56.70590977], [16.30288649, 56.70556952], [16.30288499, 56.70556145], [16.30283093, 56.7053961], [16.3027599, 56.70505585], [16.30275536, 56.7050258], [16.30272375, 56.70468388], [16.30271131, 56.70449537], [16.3027119, 56.70446581], [16.30271987, 56.70412347], [16.30276733, 56.70378198], [16.30277226, 56.70375686], [16.30285913, 56.70341784], [16.3028681, 56.70339295], [16.30299389, 56.70305756], [16.30307802, 56.7028886], [16.30302637, 56.7026413], [16.30302374, 56.702616], [16.30299213, 56.70227408], [16.3030001, 56.70193174], [16.30300204, 56.70190216], [16.30304949, 56.70156067], [16.30325807, 56.70020367], [16.30326268, 56.70018512], [16.30324852, 56.70017673], [16.3032151, 56.70015669], [16.30282038, 56.6998916], [16.30279081, 56.69986981], [16.30242741, 56.69959154], [16.30209701, 56.69930116], [16.30207169, 56.6992778], [16.30177553, 56.69897655], [16.30175448, 56.69895198], [16.30149366, 56.69864093], [16.3012692, 56.6983215], [16.30125282, 56.6982958], [16.30106581, 56.69796915], [16.30091699, 56.69763663], [16.30090544, 56.69761025], [16.30079524, 56.69727328], [16.30078852, 56.69724631], [16.30071753, 56.69690606], [16.30068594, 56.69656414], [16.30068434, 56.69653702], [16.30069232, 56.69619469], [16.30069556, 56.69616752], [16.30074303, 56.69582603], [16.30082991, 56.69548701], [16.30083814, 56.69546024], [16.30096392, 56.69512485], [16.30112824, 56.69479453], [16.30114134, 56.69476835], [16.30134359, 56.69444446], [16.30136438, 56.69441487], [16.30160352, 56.69409859], [16.30199885, 56.69361109], [16.30194932, 56.69337364], [16.30191772, 56.69303172], [16.30190914, 56.69293515], [16.30191711, 56.69259282], [16.30196457, 56.69225132], [16.30203553, 56.69197454], [16.30200122, 56.69186988], [16.30193023, 56.69152972], [16.30189864, 56.6911877], [16.30189153, 56.69109103], [16.30189951, 56.6907487], [16.30191763, 56.69061861], [16.30183232, 56.69059651], [16.30179047, 56.69058545], [16.3012446, 56.69041993], [16.30120469, 56.69040678], [16.30067918, 56.69022255], [16.30017594, 56.69002039], [16.30013853, 56.69000524], [16.29965976, 56.68978602], [16.29962497, 56.68976886], [16.29917243, 56.68953329], [16.29874804, 56.6892825], [16.29871656, 56.6892637], [16.29832199, 56.68899859], [16.29829382, 56.68897822], [16.29793057, 56.68869994], [16.29760029, 56.68840955], [16.29757585, 56.6883878], [16.29727981, 56.68808653], [16.29725909, 56.68806357], [16.29699839, 56.68775251], [16.29677403, 56.68743308], [16.29675746, 56.68740917], [16.29657054, 56.68708252], [16.29655812, 56.68705786], [16.29640937, 56.68672533], [16.29629925, 56.68638835], [16.29628989, 56.68635898], [16.29618225, 56.68589433], [16.29611133, 56.68555408], [16.29610692, 56.68552358], [16.29607538, 56.68518165], [16.29608341, 56.68483932], [16.29608439, 56.68481308], [16.29613189, 56.68447159], [16.29613746, 56.68444557], [16.29622435, 56.68410654], [16.29635013, 56.68377115], [16.29636015, 56.68374545], [16.29652447, 56.68341514], [16.2965391, 56.68339019], [16.29674132, 56.68306632], [16.29698042, 56.68275005], [16.29699939, 56.68272605], [16.29727446, 56.68241884], [16.29729763, 56.68239587], [16.29730467, 56.68238906], [16.29722003, 56.68235464], [16.29717806, 56.68233585], [16.2971559, 56.68232575], [16.29669926, 56.68211662], [16.29624683, 56.68188103], [16.29621391, 56.68186314], [16.29578964, 56.68161235], [16.29575989, 56.68159271], [16.29536541, 56.68132759], [16.29500225, 56.6810493], [16.29497596, 56.68102829], [16.29464577, 56.68073789], [16.29461944, 56.68071193], [16.29432349, 56.68041066], [16.29401537, 56.68006873], [16.29375475, 56.67975766], [16.29373592, 56.67973441], [16.29351163, 56.67941497], [16.29349627, 56.67939097], [16.29330943, 56.67906431], [16.29316289, 56.67880227], [16.29315159, 56.67877903], [16.29300291, 56.67844649], [16.29299497, 56.67842295], [16.29288491, 56.67808597], [16.2927836, 56.67770605], [16.29277929, 56.67768624], [16.29270841, 56.67734598], [16.29249723, 56.67606055], [16.29246573, 56.67571862], [16.29246345, 56.67568747], [16.29247152, 56.67534514], [16.29247437, 56.67531843], [16.29252189, 56.67497694], [16.29260879, 56.67463791], [16.29261637, 56.67461152], [16.29274215, 56.67427613], [16.29275446, 56.67425031], [16.29291877, 56.67392001], [16.29312098, 56.67359613], [16.29313789, 56.67357117], [16.29327641, 56.67338791], [16.29320877, 56.67306352], [16.29317728, 56.67272159], [16.29317515, 56.67269484], [16.2931832, 56.67235251], [16.29318592, 56.67232571], [16.29323343, 56.67198422], [16.29332032, 56.67164519], [16.29332789, 56.6716188], [16.29345366, 56.67128341], [16.29346596, 56.6712575], [16.2935532, 56.67108196], [16.29030295, 56.67102163], [16.29009284, 56.67102021], [16.28914274, 56.67100274], [16.28417398, 56.67092751], [16.28388696, 56.67092795], [16.28250696, 56.6709985], [16.28243041, 56.67101519], [16.28227087, 56.67083052], [16.28205344, 56.67040741], [16.28195863, 56.67017151], [16.2816505, 56.67022768], [16.28104765, 56.67031464], [16.28100224, 56.67032077], [16.28039072, 56.67038652], [16.28034442, 56.67039032], [16.27972652, 56.67043458], [16.27910466, 56.67045732], [16.27905787, 56.67045852], [16.27843473, 56.67045944], [16.278388, 56.6704583], [16.27776601, 56.67043756], [16.2771476, 56.67039521], [16.27710132, 56.67039155], [16.27648904, 56.67032767], [16.27644363, 56.67032167], [16.27584005, 56.67023659], [16.27524749, 56.67013064], [16.2752032, 56.6701222], [16.27462408, 56.66999581], [16.2745816, 56.66998511], [16.27401822, 56.66983879], [16.2734729, 56.66967315], [16.27343237, 56.66966027], [16.27302957, 56.66951895], [16.27277011, 56.66948235], [16.27272519, 56.6694749], [16.27213264, 56.66936894], [16.27155354, 56.66924253], [16.27150282, 56.66923101], [16.27121479, 56.66915679], [16.27086757, 56.66906727], [16.27052049, 56.66897784], [16.26998813, 56.66884053], [16.26942479, 56.66869419], [16.26937695, 56.66868031], [16.26926126, 56.66864519], [16.26932824, 56.66870021], [16.26935375, 56.66872267], [16.26966674, 56.6690188], [16.26994495, 56.66932515], [16.26996634, 56.66934892], [16.27020853, 56.66966436], [16.27022552, 56.66968916], [16.27043097, 56.67001243], [16.27059857, 56.67034219], [16.27061114, 56.67036775], [16.27074029, 56.67070276], [16.27074817, 56.67072891], [16.27083856, 56.67106764], [16.27088948, 56.67140892], [16.27089266, 56.67143539], [16.27090419, 56.6717777], [16.27090394, 56.67178247], [16.27090266, 56.67180422], [16.27087474, 56.6721463], [16.27080721, 56.67248664], [16.27080096, 56.67251285], [16.27069443, 56.67285026], [16.27068346, 56.67287606], [16.27053802, 56.67320902], [16.27037286, 56.67350382], [16.27037632, 56.67351061], [16.27050549, 56.67384562], [16.27058126, 56.67412951], [16.2706366, 56.67423836], [16.27064771, 56.67426448], [16.27077687, 56.67459949], [16.27086728, 56.67493821], [16.27087369, 56.67496482], [16.27092462, 56.67530611], [16.27092606, 56.67533295], [16.27093759, 56.67567527], [16.27090967, 56.67601736], [16.2709064, 56.67604416], [16.27085233, 56.67631681], [16.27088587, 56.67654158], [16.2708974, 56.67688389], [16.27089814, 56.67690966], [16.27087022, 56.67725175], [16.27086651, 56.67727739], [16.27079896, 56.67761773], [16.27079094, 56.67764314], [16.2706844, 56.67798055], [16.27053894, 56.67831351], [16.27052659, 56.67833834], [16.27034298, 56.67866558], [16.27012212, 56.67898574], [16.2701053, 56.6790098], [16.26984781, 56.67932162], [16.26982705, 56.67934465], [16.26953411, 56.67964695], [16.26920688, 56.67993837], [16.26918204, 56.67996027], [16.26882183, 56.68023972], [16.26879344, 56.68026013], [16.26840156, 56.68052643], [16.26797985, 56.68077865], [16.26794791, 56.68079757], [16.26749795, 56.68103445], [16.26746299, 56.68105152], [16.26698651, 56.68127232], [16.26648549, 56.68147603], [16.26644763, 56.68149123], [16.26592407, 56.68167711], [16.26587707, 56.68169241], [16.26533309, 56.68185972], [16.26438436, 56.68213615], [16.26382222, 56.68228415], [16.26377044, 56.68229752], [16.26319228, 56.68242555], [16.26314614, 56.68243438], [16.26255451, 56.68254206], [16.26195141, 56.68262893], [16.26190384, 56.68263525], [16.26145988, 56.68268287], [16.2614507, 56.6826861], [16.26090668, 56.6828534], [16.26086468, 56.68286532], [16.26030251, 56.6830133], [16.25972433, 56.68314132], [16.2596805, 56.68315092], [16.25908871, 56.68325859], [16.25904332, 56.68326579], [16.25844034, 56.68335264], [16.25782857, 56.68341829], [16.2577745, 56.68342386], [16.25748972, 56.68344551], [16.25754328, 56.68352995], [16.25755785, 56.68355514], [16.25772553, 56.68388491], [16.25773555, 56.68391086], [16.25786464, 56.68424588], [16.25795495, 56.68458462], [16.25796027, 56.68461088], [16.25801109, 56.68495217], [16.25802174, 56.68527168], [16.25802707, 56.68528196], [16.25815616, 56.68561697], [16.2581926, 56.68571237], [16.25828291, 56.6860511], [16.25833374, 56.68639239], [16.25834516, 56.6867347], [16.2583468, 56.68683224], [16.25831876, 56.68717433], [16.25825109, 56.68751466], [16.25814441, 56.68785206], [16.25810818, 56.68795654], [16.25796258, 56.68828948], [16.25792976, 56.68835089], [16.25774599, 56.68867811], [16.25752497, 56.68899825], [16.25745348, 56.68909518], [16.25719582, 56.68940697], [16.2569027, 56.68970925], [16.25681875, 56.68978393], [16.25674898, 56.68990824], [16.25652794, 56.69022838], [16.25651004, 56.6902529], [16.25625237, 56.69056469], [16.25623013, 56.69058819], [16.25593699, 56.69089045], [16.25560956, 56.69118184], [16.25558337, 56.69120402], [16.25522295, 56.69148343], [16.2551928, 56.69150403], [16.2548007, 56.69177029], [16.25437878, 56.69202247], [16.25434521, 56.6920414], [16.25389503, 56.69227823], [16.25341833, 56.69249898], [16.25338146, 56.69251597], [16.25288022, 56.69271962], [16.25284046, 56.69273458], [16.25231667, 56.6929204], [16.25177247, 56.69308765], [16.25173034, 56.69310038], [16.25116799, 56.69324832], [16.25112377, 56.69325874], [16.2505454, 56.69338671], [16.24995356, 56.69349434], [16.2499075, 56.69350226], [16.24930433, 56.69358906], [16.24924947, 56.69359536], [16.24863752, 56.69366096], [16.24801482, 56.69371535], [16.2473965, 56.69375945], [16.2473406, 56.6937628], [16.24671833, 56.69378538], [16.24667027, 56.69378559], [16.24604674, 56.69378635], [16.24542438, 56.69376544], [16.24537651, 56.69376314], [16.24494128, 56.69373326], [16.24476214, 56.69373972], [16.24471516, 56.69373983], [16.24409163, 56.69374058], [16.24346927, 56.69371967], [16.24342234, 56.69371726], [16.24280358, 56.69367475], [16.24219098, 56.6936107], [16.24214477, 56.69360586], [16.24180807, 56.69355828], [16.24172475, 56.69357969], [16.24167303, 56.69359134], [16.24109462, 56.69371927], [16.24050261, 56.69382686], [16.24045681, 56.69383432], [16.23985348, 56.69392108], [16.23980652, 56.69392613], [16.23919454, 56.69399169], [16.2385762, 56.69403574], [16.23852848, 56.69403819], [16.2381386, 56.69405231], [16.23786891, 56.69408122], [16.23782191, 56.69408528], [16.23720357, 56.69412933], [16.23658129, 56.69415186], [16.23595776, 56.69415257], [16.23592623, 56.69415189], [16.23584521, 56.69414919], [16.23530387, 56.69413094], [16.23468511, 56.69408838], [16.23407252, 56.6940243], [16.23404169, 56.69402029], [16.23343783, 56.693935], [16.232845, 56.69382885], [16.23226565, 56.69370227], [16.23223701, 56.69369501], [16.23167344, 56.6935485], [16.23112796, 56.69338267], [16.23060261, 56.69319815], [16.23057696, 56.69318789], [16.23007419, 56.69298553], [16.22959564, 56.69276595], [16.2291435, 56.69253021], [16.22871955, 56.69227919], [16.22869813, 56.69226646], [16.22838413, 56.69205514], [16.22782383, 56.69215687], [16.22722063, 56.69224357], [16.22717397, 56.69224951], [16.226562, 56.692315], [16.22651432, 56.69231852], [16.22589599, 56.69236252], [16.22527373, 56.69238499], [16.22522569, 56.69238582], [16.22460219, 56.69238647], [16.22397986, 56.69236546], [16.22392392, 56.69236349], [16.2238539, 56.69235906], [16.22323518, 56.69231645], [16.22318414, 56.69231192], [16.22257159, 56.69224778], [16.22252872, 56.69224173], [16.22192491, 56.69215639], [16.22133215, 56.69205018], [16.22129042, 56.69204206], [16.22071113, 56.69191542], [16.22067081, 56.69190521], [16.22010731, 56.69175865], [16.21956191, 56.69159278], [16.21952355, 56.69158067], [16.21899828, 56.69139609], [16.21895602, 56.69137971], [16.21845333, 56.6911773], [16.21775536, 56.69088086], [16.21727691, 56.69066123], [16.21720591, 56.69062627], [16.21675387, 56.69039048], [16.2163055, 56.69013462], [16.21628463, 56.69012225], [16.21620457, 56.69011953], [16.21601242, 56.69011009], [16.21539374, 56.69006744], [16.21478125, 56.69000325], [16.2141775, 56.68991787], [16.21400792, 56.68989033], [16.21341521, 56.68978409], [16.21283599, 56.68965741], [16.21227255, 56.68951082], [16.21211613, 56.68946545], [16.2115708, 56.68929954], [16.2110456, 56.68911493], [16.21054299, 56.68891249], [16.21040586, 56.68885121], [16.20992747, 56.68863155], [16.2094755, 56.68839574], [16.20905173, 56.68814465], [16.20894058, 56.68807072], [16.20854664, 56.68780533], [16.20849102, 56.68776257], [16.2084463, 56.68773246], [16.20808372, 56.68745391], [16.20775414, 56.68716328], [16.20767038, 56.6870783], [16.20737493, 56.68677674], [16.20711498, 56.68646557], [16.20689151, 56.68614588], [16.20670538, 56.68581918], [16.20665316, 56.68572689], [16.20650521, 56.68539425], [16.20639589, 56.6850571], [16.20632578, 56.68471688], [16.20630574, 56.68461198], [16.20627502, 56.68427002], [16.20627449, 56.68423266], [16.20628334, 56.68389033], [16.20633165, 56.68354896], [16.20634915, 56.6834436], [16.20643684, 56.68310454], [16.20656342, 56.68276924], [16.20672852, 56.68243914], [16.20677872, 56.68234604], [16.20698158, 56.6820223], [16.20722143, 56.6817063], [16.20749736, 56.68139919], [16.20757942, 56.68131351], [16.20789014, 56.68101666], [16.2082346, 56.68073126], [16.20861122, 56.68045839], [16.20872227, 56.68038311], [16.20912961, 56.68012395], [16.20956609, 56.67987951], [16.21002997, 56.6796507], [16.21016555, 56.67958884], [16.21065473, 56.67937676], [16.21116762, 56.67918205], [16.21170181, 56.67900564], [16.21185673, 56.67895958], [16.21241024, 56.67880211], [16.21282092, 56.67870289], [16.21307753, 56.67862988], [16.21364808, 56.678492], [16.21386485, 56.67844839], [16.21415941, 56.67828338], [16.21456218, 56.6780847], [16.21457394, 56.67806123], [16.21458725, 56.67803577], [16.21479002, 56.67771193], [16.2148078, 56.67768742], [16.21504756, 56.67737139], [16.2153234, 56.67706427], [16.21534539, 56.67704079], [16.21565601, 56.67674393], [16.21568208, 56.67672175], [16.21602644, 56.67643633], [16.21640296, 56.67616343], [16.21643298, 56.67614275], [16.21684022, 56.67588356], [16.21687366, 56.67586464], [16.21731003, 56.67562018], [16.21777382, 56.67539134], [16.21781042, 56.67537427], [16.2182995, 56.67516216], [16.21881229, 56.67496742], [16.21885191, 56.6749524], [16.21938601, 56.67477595], [16.21942799, 56.67476323], [16.2199814, 56.67460573], [16.22055186, 56.67446783], [16.22059593, 56.67445733], [16.22096871, 56.67438235], [16.22100507, 56.67424141], [16.2210147, 56.67421482], [16.22114112, 56.67387951], [16.22130606, 56.67354938], [16.22132056, 56.67352346], [16.22132274, 56.67351993], [16.2213173, 56.67349331], [16.22131445, 56.67346333], [16.2212836, 56.67312138], [16.2212821, 56.67280457], [16.2212908, 56.67246224], [16.22129333, 56.67243203], [16.22134149, 56.67209065], [16.22134806, 56.67206499], [16.22143559, 56.67172592], [16.221562, 56.67139061], [16.22157317, 56.67136543], [16.22158252, 56.67134693], [16.22156805, 56.67118645], [16.22156879, 56.67115123], [16.22157749, 56.6708089], [16.22162566, 56.67046752], [16.22164649, 56.67036285], [16.22173402, 56.67002378], [16.22186042, 56.66968846], [16.22202533, 56.66935834], [16.22207806, 56.6692662], [16.22228071, 56.66894235], [16.22250087, 56.66865192], [16.22223944, 56.6685069], [16.22179173, 56.66826875], [16.22132877, 56.6680666], [16.22085071, 56.66790052], [16.21965455, 56.66771426], [16.2101614, 56.65942004], [16.20360361, 56.66001513], [16.2035568, 56.66001944], [16.20351978, 56.65987526], [16.20339593, 56.6596615], [16.20333813, 56.65956154], [16.20318262, 56.65931673], [16.20299124, 56.6590817], [16.20285108, 56.65895972], [16.20274548, 56.65878215], [16.20254881, 56.65863], [16.20215585, 56.65838865], [16.20184497, 56.6582278], [16.20158359, 56.65813861], [16.20130576, 56.65803152], [16.20096268, 56.65791562], [16.20066858, 56.6578086], [16.20034125, 56.65762087], [16.20006292, 56.65745099], [16.19965355, 56.65719164], [16.19940756, 56.65697681], [16.1991126, 56.65675319], [16.19893222, 56.65660096], [16.19866985, 56.65639517], [16.19842388, 56.65618931], [16.19827257, 56.65608369], [16.19812909, 56.65598356], [16.19772061, 56.65583191], [16.19724742, 56.65574322], [16.19683947, 56.65566333], [16.19661083, 56.65559205], [16.19640799, 56.65553677], [16.1961219, 56.65558399], [16.19591739, 56.65565467], [16.19565616, 56.65538662], [16.19544294, 56.65513939], [16.19520049, 56.65483953], [16.19510275, 56.65468803], [16.19498517, 56.6543814], [16.1948861, 56.65406004], [16.19483674, 56.65390718], [16.1947971, 56.65378081], [16.19476717, 56.65365956], [16.1947567, 56.65357522], [16.19143397, 56.65343117], [16.19006043, 56.65337164], [16.19026729, 56.65267124], [16.18945012, 56.65250209], [16.18589858, 56.65176667], [16.18529034, 56.65164077], [16.18433353, 56.6515163], [16.18438701, 56.65136901], [16.18544458, 56.64845979], [16.18548941, 56.648354], [16.18172201, 56.64806751], [16.18090196, 56.6504519], [16.18050976, 56.65159196], [16.18978931, 56.65417991], [16.18927903, 56.65565475], [16.18915342, 56.65565972], [16.18875741, 56.65568075], [16.18841541, 56.65570836], [16.18818762, 56.65572769], [16.18808969, 56.65573599], [16.1878126, 56.65572759], [16.18756824, 56.65574609], [16.18743773, 56.6557194], [16.1872584, 56.6556929], [16.18691574, 56.65563077], [16.1866873, 56.6555954], [16.18633553, 56.65553452], [16.18529147, 56.65408169], [16.18506285, 56.6540014], [16.18481768, 56.6539122], [16.18445856, 56.65380531], [16.18421369, 56.65374296], [16.18388698, 56.65362704], [16.1836584, 56.65357361], [16.18344588, 56.65345742], [16.1831517, 56.65333239], [16.18267775, 56.65313594], [16.18236717, 56.65300199], [16.18205688, 56.652886], [16.18168139, 56.65279704], [16.18142008, 56.65269883], [16.18119133, 56.65260955], [16.18089734, 56.65251146], [16.18063606, 56.6524313], [16.18042357, 56.65233297], [16.18016195, 56.65219891], [16.17993289, 56.65206481], [16.17975308, 56.65196645], [16.17950808, 56.65188621], [16.1793283, 56.65180581], [16.17908314, 56.65170753], [16.17867478, 56.65155581], [16.17839722, 56.65145765], [16.17810324, 56.65135955], [16.17764643, 56.65127979], [16.17733666, 56.65121841], [16.17726476, 56.65119852], [16.17704772, 56.65113921], [16.17668828, 56.65100311], [16.17620444, 56.65075481], [16.17570921, 56.65056797], [16.1755953, 56.65052503], [16.17534313, 56.65042986], [16.17431518, 56.64991406], [16.17374459, 56.64968624], [16.17318623, 56.649484], [16.17244993, 56.64936751], [16.17207198, 56.64931861], [16.17155818, 56.64913885], [16.1702943, 56.64870572], [16.17007009, 56.64871376], [16.1694473, 56.64871413], [16.1693916, 56.6487134], [16.16905948, 56.64870205], [16.16877003, 56.6486921], [16.16831544, 56.64867382], [16.16825978, 56.64867004], [16.16802096, 56.6486535], [16.16779147, 56.64868638], [16.1671801, 56.64875158], [16.16713251, 56.6487566], [16.16651482, 56.6488003], [16.16646648, 56.64880273], [16.1658449, 56.6488249], [16.16522211, 56.64882525], [16.16516548, 56.64882497], [16.16452712, 56.64880445], [16.16390554, 56.64878313], [16.16384855, 56.64877971], [16.16323061, 56.6487368], [16.16261901, 56.64867236], [16.16257096, 56.64866679], [16.16196785, 56.64858115], [16.16192106, 56.64857287], [16.16137756, 56.64847509], [16.16137041, 56.64847435], [16.16133989, 56.64847005], [16.16076731, 56.64838871], [16.16072014, 56.64838106], [16.16012823, 56.64827456], [16.15954982, 56.64814763], [16.15950432, 56.64813737], [16.15894171, 56.64799053], [16.15889829, 56.64797782], [16.15835378, 56.64781167], [16.15782956, 56.64762692], [16.15778875, 56.64761194], [16.15728685, 56.64740919], [16.15724893, 56.64739193], [16.15695648, 56.6472573], [16.15651238, 56.64714133], [16.1559679, 56.64697517], [16.15592593, 56.64696155], [16.15540173, 56.64677679], [16.15489984, 56.64657403], [16.15486063, 56.64655813], [16.15438324, 56.64633826], [16.15434705, 56.64632036], [16.15389594, 56.64608434], [16.15347287, 56.64583305], [16.15344013, 56.64581324], [16.15304702, 56.64554766], [16.15301786, 56.64552619], [16.15265623, 56.64524748], [16.15232732, 56.64495678], [16.15230241, 56.64493366], [16.15200787, 56.64463204], [16.1519836, 56.6446037], [16.1517244, 56.64429242], [16.15150178, 56.64399418], [16.15141878, 56.64388293], [16.15119605, 56.64356322], [16.15117841, 56.64353617], [16.1511706, 56.64352241], [16.15111445, 56.64348448], [16.15108513, 56.64346247], [16.15072354, 56.64318375], [16.15039466, 56.64289296], [16.1503696, 56.6428693], [16.15007509, 56.64256768], [16.14981592, 56.6422563], [16.14979526, 56.64223143], [16.14957255, 56.64191172], [16.14955401, 56.64188144], [16.1493686, 56.64155456], [16.14920792, 56.64124074], [16.14919464, 56.64121068], [16.14918921, 56.64120013], [16.14916733, 56.64116153], [16.14915932, 56.64114579], [16.14903439, 56.64090198], [16.14889931, 56.64063823], [16.14888877, 56.64061435], [16.14888234, 56.64060174], [16.14886387, 56.64056921], [16.14867518, 56.64020059], [16.14852793, 56.63986796], [16.14851547, 56.63983835], [16.1484068, 56.63950114], [16.14840064, 56.63947524], [16.148331, 56.63913498], [16.14830098, 56.63879301], [16.14829952, 56.63876697], [16.14830888, 56.63842464], [16.14831172, 56.63839865], [16.14836065, 56.6380573], [16.14844876, 56.63771828], [16.14845631, 56.63769252], [16.14858326, 56.63735736], [16.14859527, 56.63733219], [16.14876069, 56.63700207], [16.14896381, 56.63667843], [16.14898027, 56.63665402], [16.1490219, 56.63659911], [16.14905573, 56.63636318], [16.14905993, 56.63634679], [16.14899991, 56.63626057], [16.14898423, 56.63623556], [16.14879885, 56.63590868], [16.14865161, 56.63557605], [16.1486386, 56.63554608], [16.14855058, 56.6352863], [16.14844193, 56.63494909], [16.14844025, 56.63494237], [16.14843694, 56.63493108], [16.14843649, 56.63492938], [16.14843476, 56.63492122], [16.14836527, 56.63458096], [16.14836481, 56.63457908], [16.14836435, 56.63457253], [16.14836328, 56.63456382], [16.14836254, 56.63455736], [16.14833239, 56.63421539], [16.14831906, 56.633918], [16.14832842, 56.63357567], [16.14832856, 56.63357135], [16.14832907, 56.63354862], [16.14832951, 56.6335452], [16.14837842, 56.63320385], [16.14838055, 56.63319413], [16.1483816, 56.633189], [16.14838393, 56.63317712], [16.14845061, 56.63292058], [16.14831465, 56.63292319], [16.14814235, 56.63292451], [16.14765375, 56.63299701], [16.14757032, 56.63300317], [16.14744398, 56.6330126], [16.14744379, 56.63299302], [16.14550934, 56.63283738], [16.14550767, 56.63284], [16.14528374, 56.63304948], [16.14494474, 56.63341865], [16.14466522, 56.63367516], [16.14421979, 56.63393958], [16.14374567, 56.63418459], [16.14369147, 56.6342195], [16.14443184, 56.63463821], [16.14406509, 56.63533973], [16.14353361, 56.63588916], [16.14254724, 56.63653897], [16.14146119, 56.63702745], [16.14123388, 56.63710903], [16.14047091, 56.63734509], [16.13956004, 56.63748288], [16.13895793, 56.63753878], [16.13817772, 56.63770294], [16.13751163, 56.63787584], [16.13600065, 56.63825794], [16.13551402, 56.63844814], [16.13476657, 56.63862123], [16.13393779, 56.63882156], [16.132947, 56.63910312], [16.13220007, 56.63933009], [16.13156619, 56.6394758], [16.13118819, 56.63943792], [16.13115717, 56.63943479], [16.13105684, 56.63942474], [16.13074719, 56.63961323], [16.13072586, 56.63963292], [16.13024189, 56.64008008], [16.12965511, 56.64050194], [16.12908473, 56.64081621], [16.12907888, 56.64081869], [16.12838377, 56.64112143], [16.1262649, 56.64174993], [16.12618013, 56.64172105], [16.12592272, 56.64163328], [16.12531962, 56.64188468], [16.12507499, 56.64218091], [16.12489727, 56.64229974], [16.12484678, 56.64233352], [16.12324925, 56.64339274], [16.12082006, 56.64498161], [16.11962987, 56.64574463], [16.11868421, 56.6462383], [16.11762451, 56.64666013], [16.11745316, 56.64672293], [16.11704704, 56.64685925], [16.11637051, 56.6470924], [16.10632561, 56.64972332], [16.11095388, 56.65411396], [16.11136005, 56.65413576], [16.11282504, 56.65482881], [16.11258751, 56.65490675], [16.11227155, 56.65500722], [16.11206393, 56.65507752], [16.11172945, 56.65513818], [16.11134093, 56.65521396], [16.1109433, 56.6552997], [16.11060879, 56.65535038], [16.11019309, 56.65542613], [16.10978338, 56.65539412], [16.10931086, 56.65541253], [16.10864261, 56.655458], [16.10797463, 56.65552153], [16.10738812, 56.6556208], [16.1068343, 56.65572004], [16.10590925, 56.65593514], [16.10578594, 56.65600998], [16.10547556, 56.65634295], [16.10521985, 56.65659593], [16.10509477, 56.65685844], [16.10521707, 56.65727757], [16.10557201, 56.65761621], [16.10592834, 56.65793769], [16.10591495, 56.65808683], [16.1057249, 56.65818877], [16.10548493, 56.65835906], [16.10509039, 56.65877756], [16.1048556, 56.65899191], [16.10454497, 56.65909231], [16.10388116, 56.65927354], [16.10369779, 56.65937901], [16.10353466, 56.65950002], [16.10326658, 56.65969885], [16.10245601, 56.66030967], [16.10211427, 56.66060769], [16.10199617, 56.66074177], [16.10188708, 56.66118029], [16.10173687, 56.66178149], [16.10158564, 56.66225146], [16.10152079, 56.66250041], [16.10115622, 56.66238542], [16.10036002, 56.66213043], [16.10018978, 56.66205001], [16.09974139, 56.6618374], [16.09903368, 56.66163156], [16.09854956, 56.66145761], [16.09810439, 56.661235], [16.09767616, 56.66090102], [16.09739345, 56.66060717], [16.0971472, 56.6604057], [16.09695405, 56.66030463], [16.09660948, 56.66023805], [16.09636336, 56.66024498], [16.09607653, 56.66026718], [16.09588794, 56.66035112], [16.09573789, 56.66055806], [16.09560661, 56.66066521], [16.0954111, 56.66069172], [16.09490868, 56.66066506], [16.09473093, 56.66066815], [16.0943489, 56.66080374], [16.09395776, 56.66084328], [16.09352595, 56.66088103], [16.09302333, 56.6608337], [16.09277946, 56.66072293], [16.09261704, 56.66059581], [16.09234162, 56.66056643], [16.0921977, 56.66054856], [16.09207334, 56.66052351], [16.09196863, 56.66049838], [16.09187382, 56.66047145], [16.09179835, 56.66043915], [16.09175247, 56.66040146], [16.09172614, 56.66036549], [16.09169314, 56.6603223], [16.0916438, 56.660263], [16.09161415, 56.66021449], [16.09158448, 56.66016058], [16.09153834, 56.66010484], [16.09149889, 56.66006171], [16.09143983, 56.66001507], [16.09137758, 56.65997914], [16.09129224, 56.65993058], [16.09121672, 56.65987312], [16.09117071, 56.65982645], [16.09113782, 56.65978686], [16.09110147, 56.65971136], [16.09109781, 56.65963585], [16.09110724, 56.65957109], [16.09109045, 56.6594974], [16.09108367, 56.65946323], [16.09105393, 56.65940214], [16.09100783, 56.65933383], [16.09094547, 56.65927994], [16.09086667, 56.6592296], [16.09080764, 56.65917928], [16.09077121, 56.65910558], [16.09073472, 56.65900673], [16.09071139, 56.6589348], [16.09066542, 56.65887547], [16.09061917, 56.65880177], [16.09057296, 56.65871549], [16.09051379, 56.65865079], [16.09043503, 56.65858797], [16.09036261, 56.65850704], [16.09027718, 56.65841365], [16.09019823, 56.65832559], [16.09008001, 56.65822853], [16.09002417, 56.6581674], [16.08995838, 56.65810636], [16.08989605, 56.65805785], [16.08982726, 56.65802369], [16.08971585, 56.65798065], [16.08960139, 56.65794833], [16.08948034, 56.65793043], [16.08937241, 56.65790533], [16.08928397, 56.65786586], [16.08920537, 56.65783169], [16.08912995, 56.65779579], [16.08907756, 56.65775628], [16.08901519, 56.65771137], [16.08898231, 56.65767186], [16.08894923, 56.65760712], [16.0889097, 56.65754243], [16.0888635, 56.6574795], [16.08883058, 56.65742024], [16.08877152, 56.65738249], [16.08864353, 56.6572962], [16.08846006, 56.65719387], [16.08776197, 56.65681668], [16.08708348, 56.65645215], [16.08674665, 56.65627876], [16.0863331, 56.65606598], [16.08559266, 56.65568348], [16.08527101, 56.65553241], [16.08509047, 56.65565749], [16.08458043, 56.65591579], [16.0843093, 56.65605308], [16.08376248, 56.65629094], [16.08354407, 56.6563859], [16.08206273, 56.65709621], [16.0804246, 56.6579276], [16.07918684, 56.65855572], [16.07785409, 56.65923208], [16.07784667, 56.65923583], [16.07669419, 56.65981504], [16.07519498, 56.66056835], [16.07317487, 56.6615834], [16.07314171, 56.66160013], [16.06850944, 56.66399588], [16.06850135, 56.66400008], [16.06444702, 56.66609428], [16.06443036, 56.66608535], [16.06443009, 56.66608544], [16.06442916, 56.66608589], [16.06904914, 56.66856985], [16.06874096, 56.66925231], [16.06856781, 56.66929125], [16.06771597, 56.67017761], [16.06856873, 56.67215216], [16.0687321, 56.67230463], [16.06884647, 56.67239438], [16.06899351, 56.67250199], [16.06907544, 56.67267249], [16.06910859, 56.67288798], [16.06910888, 56.67304059], [16.06914197, 56.67321116], [16.06930562, 56.67344447], [16.06945297, 56.67369571], [16.06955135, 56.67392905], [16.06971508, 56.67420727], [16.0698461, 56.67440476], [16.07015737, 56.67497905], [16.07025568, 56.67518552], [16.07041943, 56.67544569], [16.07053414, 56.67567008], [16.07064894, 56.67591244], [16.07078001, 56.67617271], [16.07089477, 56.67644193], [16.0710259, 56.67666627], [16.07114073, 56.67698039], [16.07119021, 56.67717786], [16.0712723, 56.67742921], [16.07137082, 56.67768051], [16.07143677, 56.67793181], [16.07151894, 56.67822808], [16.07161749, 56.67846141], [16.07165072, 56.67872171], [16.07170044, 56.67902697], [16.07176612, 56.67919743], [16.07183178, 56.67937697], [16.0719139, 56.67961934], [16.07201235, 56.67983471], [16.07215963, 56.68006807], [16.07230698, 56.68025643], [16.07251945, 56.68046282], [16.07265042, 56.68063326], [16.07279755, 56.68079476], [16.07305937, 56.68111777], [16.07307636, 56.68136016], [16.073126, 56.68163847], [16.07314287, 56.68187187], [16.07320872, 56.6821142], [16.07330773, 56.68258099], [16.07342249, 56.68279639], [16.07352091, 56.68303871], [16.07370096, 56.68324501], [16.07386444, 56.6833796], [16.0739789, 56.68352315], [16.07410998, 56.68372063], [16.07424085, 56.6838731], [16.07412692, 56.68399886], [16.07396414, 56.68411569], [16.07388283, 56.6842055], [16.07389956, 56.68435815], [16.07398152, 56.68454662], [16.07425983, 56.68494144], [16.07435811, 56.68510291], [16.07434227, 56.68525557], [16.07431019, 56.68546209], [16.07429419, 56.68562365], [16.07427808, 56.68568658], [16.07489787, 56.68566821], [16.0751297, 56.68746428], [16.0702874, 56.69024652], [16.06935286, 56.69025383], [16.06861232, 56.69024186], [16.06742159, 56.69027848], [16.06552909, 56.69028857], [16.06143446, 56.69044362], [16.05825361, 56.69062492], [16.05601895, 56.69085956], [16.05461591, 56.69087818], [16.0538001, 56.69085167], [16.05184244, 56.69090657], [16.04714474, 56.69105924], [16.04691088, 56.69198597], [16.04711553, 56.6922673], [16.04726879, 56.69266628], [16.04741784, 56.69307841], [16.04745944, 56.69317552], [16.04764233, 56.69366201], [16.04825857, 56.69511454], [16.04851225, 56.69540012], [16.04878096, 56.69564048], [16.04892109, 56.69594876], [16.04878649, 56.69634306], [16.04833943, 56.69737445], [16.04881574, 56.6974723], [16.05008598, 56.69794182], [16.0525158, 56.69890842], [16.05287734, 56.69902286], [16.05307159, 56.69905922], [16.05338626, 56.6991542], [16.05351388, 56.69928301], [16.05392091, 56.69944952], [16.05436009, 56.69922447], [16.05479295, 56.69938995], [16.05495059, 56.6994364], [16.05483048, 56.69950407], [16.05471851, 56.69961254], [16.05443532, 56.70009938], [16.05451085, 56.70056584], [16.05492302, 56.70075179], [16.05610511, 56.70031294], [16.05623015, 56.70006073], [16.05635878, 56.69997008], [16.05648765, 56.69988841], [16.0567149, 56.69983304], [16.05702622, 56.69988492], [16.05732063, 56.69990991], [16.05749973, 56.69989079], [16.05767616, 56.69983845], [16.05799079, 56.69982589], [16.05817584, 56.69990319], [16.05822045, 56.7000822], [16.05818852, 56.70017777], [16.05819238, 56.70020954], [16.05824312, 56.70029004], [16.05840693, 56.70031596], [16.05853691, 56.70028818], [16.05861726, 56.70023369], [16.05912049, 56.69995499], [16.05921712, 56.69979957], [16.05942318, 56.69978121], [16.05966203, 56.69979867], [16.0598796, 56.69986383], [16.06009804, 56.70006049], [16.06033895, 56.70037642], [16.06044789, 56.7004479], [16.06067656, 56.70054889], [16.06082933, 56.70068], [16.06112385, 56.70090026], [16.06160321, 56.70115605], [16.06181015, 56.70126908], [16.06184337, 56.70135854], [16.06180045, 56.70143633], [16.06173875, 56.70153603], [16.06164916, 56.70157793], [16.06153145, 56.701664], [16.06153647, 56.70170824], [16.06155577, 56.70175766], [16.06162234, 56.70180695], [16.06171264, 56.70186663], [16.06183127, 56.70192365], [16.06187415, 56.70197817], [16.06176682, 56.7021264], [16.06173647, 56.70222529], [16.06158908, 56.70248633], [16.06159579, 56.70279168], [16.06164416, 56.7042462], [16.06167413, 56.70486566], [16.06191347, 56.7063101], [16.06181976, 56.70652172], [16.06058387, 56.70766694], [16.06009577, 56.70788354], [16.05991794, 56.70812633], [16.05993565, 56.70830592], [16.05998551, 56.70843152], [16.06005171, 56.70853911], [16.06018376, 56.70872743], [16.06072358, 56.70887887], [16.06098595, 56.70902197], [16.0611341, 56.70917423], [16.06110179, 56.7092372], [16.06085756, 56.70932749], [16.06066225, 56.70940874], [16.0605815, 56.70951668], [16.06069718, 56.7096834], [16.06076677, 56.70974353], [16.06082481, 56.70980044], [16.06156414, 56.71004296], [16.06193324, 56.71008662], [16.06208895, 56.7100958], [16.06239845, 56.71013224], [16.0625454, 56.71013197], [16.06267627, 56.71015861], [16.06290551, 56.71023885], [16.06303679, 56.71033735], [16.06307005, 56.71041809], [16.06276148, 56.71063433], [16.06284387, 56.71073288], [16.06320442, 56.71090273], [16.06353114, 56.71092886], [16.06416742, 56.71086459], [16.06457545, 56.71084575], [16.06495111, 56.71085386], [16.06529381, 56.71083521], [16.06544067, 56.7108079], [16.06557087, 56.71076268], [16.0656849, 56.7107176], [16.06581478, 56.71061849], [16.0659441, 56.71045659], [16.06610638, 56.71031256], [16.0662855, 56.71024923], [16.06654591, 56.71014091], [16.06687121, 56.7099786], [16.06698478, 56.70987953], [16.06716355, 56.70978036], [16.06755306, 56.70947422], [16.06781325, 56.70932988], [16.06805724, 56.70921263], [16.06833428, 56.70914019], [16.06852981, 56.70908588], [16.06870914, 56.70904949], [16.06906789, 56.70900383], [16.06916505, 56.70889583], [16.06921341, 56.70880595], [16.06947424, 56.70876042], [16.0696699, 56.7087061], [16.06983257, 56.7086429], [16.07002765, 56.70852571], [16.07012514, 56.70846262], [16.07022293, 56.70845343], [16.07035358, 56.70845311], [16.07043544, 56.70847091], [16.07051727, 56.70850659], [16.0706324, 56.70861411], [16.07069817, 56.7086678], [16.07086175, 56.70871239], [16.07175571, 56.70862143], [16.071795, 56.70873832], [16.07153619, 56.7093573], [16.07139503, 56.70979804], [16.07103183, 56.70987715], [16.07098626, 56.71003205], [16.07017095, 56.71044183], [16.06887662, 56.711716], [16.0685207, 56.71214789], [16.06824495, 56.71239988], [16.06793617, 56.71258919], [16.06726924, 56.71292295], [16.06611711, 56.71386836], [16.0659068, 56.71412024], [16.0657304, 56.71455166], [16.06556845, 56.71472263], [16.06535737, 56.7148758], [16.06501407, 56.71590446], [16.06236121, 56.7154354], [16.06162588, 56.71526695], [16.0615312, 56.71533521], [16.06123174, 56.71545077], [16.06089597, 56.71553528], [16.06058624, 56.7156166], [16.06032533, 56.71567101], [16.05983598, 56.71577964], [16.0592165, 56.71595136], [16.05885827, 56.71610468], [16.05846761, 56.71630293], [16.05794693, 56.71658222], [16.05769177, 56.71676503], [16.0576178, 56.71681299], [16.05734755, 56.71701003], [16.05715573, 56.71717936], [16.05659412, 56.7176576], [16.05588281, 56.71823682], [16.05582473, 56.71837088], [16.05573822, 56.71855306], [16.05523286, 56.71868876], [16.05505365, 56.71876986], [16.0547443, 56.71891414], [16.05445144, 56.71909429], [16.05419029, 56.71924247], [16.05355318, 56.7196104], [16.05331913, 56.71976418], [16.05280851, 56.72017505], [16.05232111, 56.72059803], [16.05139697, 56.7213381], [16.05127474, 56.72142914], [16.05101152, 56.72159583], [16.05074382, 56.72173247], [16.05045593, 56.72183577], [16.05023912, 56.7218985], [16.04994687, 56.72196653], [16.04957696, 56.72207663], [16.04898138, 56.72236173], [16.04854766, 56.72260018], [16.04824386, 56.72281033], [16.0476538, 56.72327538], [16.04733532, 56.72353963], [16.0468068, 56.72387805], [16.04648818, 56.7241423], [16.04612242, 56.72446111], [16.04578673, 56.72469855], [16.04540201, 56.7249365], [16.04509233, 56.72505272], [16.04448776, 56.72530347], [16.04423537, 56.72542011], [16.04335751, 56.72569065], [16.04312707, 56.72581726], [16.04290281, 56.72591876], [16.04269115, 56.72604682], [16.04242382, 56.72616979], [16.04199918, 56.72636898], [16.04166958, 56.72649659], [16.04117523, 56.72663627], [16.0406828, 56.72673344], [16.04037314, 56.72676828], [16.04011648, 56.7268244], [16.03955194, 56.72684304], [16.03927291, 56.72684527], [16.03894756, 56.72680963], [16.03855107, 56.72677961], [16.03820142, 56.72675719], [16.0377859, 56.72679461], [16.03734852, 56.72691403], [16.03666041, 56.7271242], [16.03629297, 56.72723891], [16.03594542, 56.72732246], [16.03572371, 56.7273606], [16.03536299, 56.7274112], [16.03469877, 56.72748579], [16.0341672, 56.72754284], [16.03379328, 56.7276134], [16.03356191, 56.72767802], [16.03326938, 56.72781707], [16.03292047, 56.72793979], [16.03251767, 56.72803853], [16.03231098, 56.72807949], [16.03171643, 56.72817927], [16.0311047, 56.72823275], [16.03035368, 56.72826348], [16.02955729, 56.72824177], [16.02899792, 56.7281942], [16.02869944, 56.72813603], [16.02838903, 56.72806538], [16.02764279, 56.72780206], [16.02742988, 56.72770393], [16.02726863, 56.72759252], [16.0271227, 56.72746959], [16.02699157, 56.72729146], [16.02668557, 56.7268877], [16.02648963, 56.72669529], [16.02609292, 56.7264933], [16.02574075, 56.72633326], [16.02551514, 56.72624349], [16.02309908, 56.72917246], [16.02150722, 56.73113699], [16.01977723, 56.73342213], [16.02604239, 56.73380593], [16.03342702, 56.73426045], [16.03653095, 56.73444738], [16.03664987, 56.73445861], [16.04809377, 56.73516184], [16.05243713, 56.73626945], [16.0612291, 56.73817964], [16.06115728, 56.73828579], [16.06249417, 56.73855026], [16.06257446, 56.73842427], [16.0627199, 56.73828021], [16.06293082, 56.73814484], [16.06319124, 56.73806321], [16.0635175, 56.7380262], [16.06368075, 56.73801673], [16.06377874, 56.73801643], [16.06389351, 56.73805192], [16.06407355, 56.73807832], [16.06423666, 56.73806884], [16.06438302, 56.73800552], [16.06462575, 56.73778921], [16.06782097, 56.73872159], [16.06832831, 56.73880968], [16.06805356, 56.73907989], [16.07419024, 56.74009224], [16.08538433, 56.73958262], [16.08592601, 56.73959749], [16.08644789, 56.73952387], [16.08674249, 56.73957681], [16.08697086, 56.73954904], [16.09684348, 56.74256393], [16.09655846, 56.74286889], [16.10139877, 56.74490544], [16.10234503, 56.74427135], [16.10262112, 56.74412303], [16.10318776, 56.74385994], [16.10341651, 56.74368814], [16.10356373, 56.74349479], [16.10360795, 56.74330154], [16.10367845, 56.7431218], [16.10373598, 56.74295467], [16.10392313, 56.74286345], [16.10422581, 56.74269845], [16.10450017, 56.74247774], [16.10445387, 56.74240243], [16.10445588, 56.74223183], [16.10442212, 56.74211068], [16.10426454, 56.74201947], [16.10413244, 56.74184997], [16.10419558, 56.74175024], [16.10424947, 56.74156058], [16.10435622, 56.74142652], [16.10473553, 56.74124063], [16.10494371, 56.7410991], [16.10500636, 56.74097863], [16.10482934, 56.74090007], [16.10461046, 56.74091584], [16.1042651, 56.74083401], [16.10405889, 56.74081294], [16.10390279, 56.74068937], [16.10380665, 56.74053248], [16.1035769, 56.7403519], [16.10370468, 56.74024082], [16.10391126, 56.74011377], [16.10401487, 56.73998773], [16.1042445, 56.7398929], [16.10434809, 56.73982578], [16.10456674, 56.73972872], [16.10478027, 56.73966448], [16.10483525, 56.73958082], [16.10480146, 56.73943991], [16.10491669, 56.73934708], [16.10517148, 56.73932408], [16.10544815, 56.7391788], [16.10542753, 56.73905493], [16.1054014, 56.73885835], [16.10519659, 56.73816823], [16.10515212, 56.73791594], [16.10519475, 56.73773806], [16.10537048, 56.73763976], [16.10563481, 56.73758433], [16.1059108, 56.73755853], [16.10639566, 56.73750257], [16.1069403, 56.73737099], [16.10703817, 56.73741243], [16.11395806, 56.73975052], [16.11669477, 56.7405396], [16.11866277, 56.74109802], [16.11999179, 56.74289772], [16.12010637, 56.74291529], [16.12111804, 56.74415048], [16.12165168, 56.74501934], [16.12399591, 56.74830548], [16.12870196, 56.75081855], [16.13072201, 56.75192731], [16.13003672, 56.75311421], [16.11910521, 56.77440367], [16.11859983, 56.7753089], [16.11844822, 56.77549234], [16.1182232, 56.7758074], [16.1181284, 56.7760771], [16.11808205, 56.77630173], [16.11799014, 56.77680477], [16.11787808, 56.77700268], [16.1177817, 56.77713774], [16.11757141, 56.777327], [16.1173452, 56.77754327], [16.11711911, 56.77777758], [16.11699138, 56.77802036], [16.1167504, 56.7783714], [16.11636522, 56.77896537], [16.11618875, 56.77924425], [16.11599622, 56.77954123], [16.11582001, 56.77984714], [16.11561075, 56.78011723], [16.1154169, 56.78031541], [16.11520633, 56.78047782], [16.11496349, 56.78067617], [16.11470497, 56.78093745], [16.1143486, 56.78120805], [16.11412208, 56.78141541], [16.11381203, 56.78181899], [16.11366399, 56.78201981], [16.11346833, 56.78226688], [16.11345988, 56.78238265], [16.11344406, 56.78245447], [16.11347557, 56.78257528], [16.11283714, 56.78271482], [16.11922595, 56.78459711], [16.12243299, 56.78553752], [16.1256978, 56.78839684], [16.12679877, 56.78936143], [16.13149557, 56.7892776]], [[16.11147037, 56.71739667], [16.11142145, 56.71739639], [16.11079877, 56.71737481], [16.11075005, 56.71737192], [16.11013104, 56.71732866], [16.10951841, 56.71726396], [16.10947055, 56.71725837], [16.10886646, 56.71717248], [16.10881987, 56.71716418], [16.10822702, 56.71705753], [16.10764773, 56.71693036], [16.10760282, 56.71691971], [16.10703938, 56.71677264], [16.1064941, 56.71660627], [16.10645128, 56.71659309], [16.10592634, 56.71640803], [16.10588628, 56.71639258], [16.10538373, 56.71618963], [16.10490574, 56.71596966], [16.10486858, 56.71595211], [16.10441693, 56.71571582], [16.10438322, 56.71569636], [16.10395969, 56.71544492], [16.10356621, 56.71517928], [16.10353608, 56.71515799], [16.10317414, 56.71487913], [16.10314814, 56.71485628], [16.10281913, 56.71456545], [16.10277275, 56.71451799], [16.10269718, 56.71450446], [16.10265221, 56.71449624], [16.10207297, 56.71436913], [16.10202955, 56.71435856], [16.10146618, 56.71421146], [16.10092096, 56.71404507], [16.10087964, 56.71403232], [16.10035476, 56.71384724], [16.10031593, 56.71383231], [16.09981344, 56.71362934], [16.09933552, 56.71340934], [16.09929946, 56.71339233], [16.09884788, 56.71315602], [16.098815, 56.71313727], [16.09839154, 56.7128858], [16.09799812, 56.71262015], [16.0979687, 56.71259974], [16.09760682, 56.71232087], [16.09758113, 56.712299], [16.09726753, 56.71202159], [16.09694507, 56.7121201], [16.09638182, 56.71226734], [16.09580262, 56.7123946], [16.09563899, 56.71242829], [16.09504626, 56.71253509], [16.09444242, 56.71262115], [16.09382988, 56.712686], [16.09364164, 56.71270283], [16.09302282, 56.71274626], [16.09275609, 56.71275569], [16.09213341, 56.71277741], [16.09150956, 56.71277748], [16.09131722, 56.71277387], [16.09069462, 56.71275219], [16.09007571, 56.71270883], [16.08946319, 56.71264403], [16.0892916, 56.71262182], [16.08868762, 56.71253583], [16.08809491, 56.71242908], [16.08751575, 56.71230182], [16.08735536, 56.71226163], [16.08679207, 56.71211447], [16.08624695, 56.71194801], [16.08605887, 56.71188165], [16.0860282, 56.71187366], [16.08599982, 56.71186591], [16.08545471, 56.71169945], [16.08492994, 56.7115143], [16.08442757, 56.71131126], [16.08440247, 56.71130061], [16.08392467, 56.71108056], [16.08347321, 56.7108442], [16.08304988, 56.71059268], [16.08302903, 56.71057957], [16.08263574, 56.71031386], [16.082274, 56.71003486], [16.08194519, 56.70974398], [16.0819294, 56.70972884], [16.08163477, 56.70942698], [16.08137569, 56.70911555], [16.08115315, 56.70879563], [16.08114312, 56.7087791], [16.08095796, 56.70845212], [16.08081103, 56.70811942], [16.08070276, 56.70778216], [16.08069863, 56.70776485], [16.08062961, 56.70742456], [16.08060001, 56.70708257], [16.08060999, 56.70674025], [16.08061328, 56.70671408], [16.08066276, 56.70637275], [16.08075164, 56.70603378], [16.08084677, 56.70572045], [16.08097454, 56.70538536], [16.08098701, 56.70535992], [16.08115331, 56.70502989], [16.08135737, 56.70470627], [16.08159842, 56.7043905], [16.08187554, 56.70408367], [16.08188964, 56.7040681], [16.08220154, 56.70377157], [16.08254702, 56.70348651], [16.08263451, 56.7034235], [16.08273974, 56.70325649], [16.08298077, 56.70294072], [16.083, 56.70291612], [16.0832771, 56.70260929], [16.08330067, 56.70258591], [16.08361255, 56.70228946], [16.083958, 56.70200431], [16.08398565, 56.70198233], [16.08436339, 56.70170992], [16.08437727, 56.70170091], [16.08478583, 56.70144215], [16.08522336, 56.70119805], [16.08568813, 56.70096979], [16.08617843, 56.70075811], [16.08669212, 56.70056391], [16.08722721, 56.70038804], [16.08778155, 56.70023112], [16.08835289, 56.70009381], [16.08873891, 56.70001669], [16.08875483, 56.70000389], [16.08913251, 56.69973146], [16.0891686, 56.69970788], [16.0895771, 56.69944911], [16.08958545, 56.69944428], [16.08958876, 56.69944227], [16.08984688, 56.69928749], [16.08995105, 56.69920151], [16.08996976, 56.69918751], [16.09034743, 56.69891509], [16.09075592, 56.69865631], [16.09119337, 56.69841219], [16.0912166, 56.69840049], [16.09168131, 56.69817221], [16.09217153, 56.6979605], [16.09268515, 56.69776628], [16.09271223, 56.69775733], [16.09324725, 56.69758143], [16.09380153, 56.69742449], [16.0943728, 56.69728715], [16.09440252, 56.69728123], [16.09498851, 56.69716407], [16.09558695, 56.69706754], [16.09619516, 56.69699204], [16.09681098, 56.69693784], [16.09684214, 56.69693523], [16.0974629, 56.69690264], [16.09808617, 56.69689176], [16.09870132, 56.69690241], [16.09890722, 56.69686125], [16.09908504, 56.69682663], [16.09926544, 56.69679746], [16.0994398, 56.69670016], [16.09990444, 56.69647185], [16.10003129, 56.69641674], [16.10052145, 56.696205], [16.101035, 56.69601075], [16.10156996, 56.69583481], [16.10212417, 56.69567783], [16.10269539, 56.69554046], [16.10328133, 56.69542335], [16.103856, 56.69533059], [16.10392521, 56.69531677], [16.10397077, 56.69530936], [16.10397674, 56.69530149], [16.10397752, 56.69530049], [16.10398506, 56.69529153], [16.10398701, 56.69528909], [16.10398831, 56.69528755], [16.10426519, 56.69498067], [16.10439421, 56.69483904], [16.1045221, 56.69463588], [16.10476289, 56.69432007], [16.10478549, 56.69429184], [16.10495542, 56.6941035], [16.10500313, 56.69392117], [16.10513065, 56.69358606], [16.10529669, 56.693256], [16.10534849, 56.69316293], [16.10555228, 56.69283927], [16.10579305, 56.69252345], [16.10606989, 56.69221657], [16.10615395, 56.69213093], [16.10646556, 56.69183443], [16.10681075, 56.69154921], [16.10718822, 56.69127674], [16.10731157, 56.69119488], [16.10771985, 56.69093605], [16.10815711, 56.69069188], [16.10830447, 56.6906117], [16.1085342, 56.69049871], [16.10865011, 56.69038845], [16.10883965, 56.6902319], [16.10884548, 56.6900274], [16.10885762, 56.6899319], [16.10890682, 56.68959056], [16.10899541, 56.68925157], [16.10912287, 56.68891646], [16.10916835, 56.68882407], [16.10933434, 56.688494], [16.10953807, 56.68817033], [16.10959186, 56.6880997], [16.10963398, 56.68793889], [16.10976143, 56.68760378], [16.10980169, 56.68749877], [16.10996767, 56.6871687], [16.11017138, 56.68684503], [16.11041208, 56.68652921], [16.11048279, 56.68643902], [16.11075955, 56.68613212], [16.11107107, 56.68583552], [16.11141617, 56.68555038], [16.11151799, 56.68546962], [16.11189536, 56.68519712], [16.11230355, 56.68493828], [16.11274071, 56.68469408], [16.11286968, 56.6846261], [16.11333409, 56.68439774], [16.11382401, 56.68418595], [16.11433733, 56.68399164], [16.11448816, 56.68393909], [16.11502288, 56.68376309], [16.11557686, 56.68360605], [16.11614785, 56.68346862], [16.11631467, 56.68343353], [16.11690038, 56.68331635], [16.11749854, 56.68321972], [16.11810647, 56.68314411], [16.1182826, 56.68312789], [16.11889816, 56.68307358], [16.11951867, 56.68304088], [16.11952459, 56.68304083], [16.12009832, 56.68296947], [16.12014531, 56.68296518], [16.12076086, 56.68291087], [16.12138137, 56.68287815], [16.12143677, 56.68287613], [16.12204904, 56.68286532], [16.12206739, 56.68286237], [16.12211296, 56.68285567], [16.12272088, 56.68278003], [16.12276746, 56.68277575], [16.12300938, 56.68275444], [16.12326083, 56.68271381], [16.12386874, 56.68263817], [16.1240413, 56.68261982], [16.12465685, 56.68256549], [16.12527734, 56.68253275], [16.12590037, 56.68252173], [16.12607591, 56.6825223], [16.12669905, 56.68253293], [16.1273196, 56.68256531], [16.12793515, 56.6826192], [16.12799471, 56.68262585], [16.12800884, 56.68260785], [16.12816628, 56.68243063], [16.12817187, 56.68242411], [16.12837142, 56.68218749], [16.128648, 56.68188056], [16.1286741, 56.68185319], [16.12898545, 56.68155663], [16.12901184, 56.68153447], [16.12935677, 56.6812492], [16.12973397, 56.68097665], [16.12976431, 56.68095608], [16.13017233, 56.68069717], [16.13060933, 56.68045292], [16.13064308, 56.6804341], [16.13110733, 56.68020568], [16.13114437, 56.68018872], [16.13163414, 56.67997686], [16.13208144, 56.67980742], [16.13224947, 56.67954018], [16.13246254, 56.67921298], [16.132703, 56.67889711], [16.13297953, 56.67859017], [16.13329081, 56.6782936], [16.13363567, 56.67800831], [16.13365583, 56.67799384], [16.13365687, 56.6779924], [16.13393338, 56.67768545], [16.1339759, 56.67764491], [16.13404387, 56.677578], [16.13435514, 56.67728134], [16.13469999, 56.67699614], [16.13507711, 56.67672357], [16.1352011, 56.67663513], [16.13560903, 56.67637621], [16.13604594, 56.67613193], [16.1365101, 56.67590349], [16.13680757, 56.6757707], [16.13691584, 56.6757239], [16.1371251, 56.67562084], [16.13761478, 56.67540896], [16.13812786, 56.67521455], [16.13866234, 56.67503846], [16.1392161, 56.67488131], [16.13978687, 56.67474386], [16.14037237, 56.67462649], [16.14097033, 56.67452975], [16.14157808, 56.67445402], [16.14219346, 56.6743996], [16.14266118, 56.67437492], [16.14268902, 56.67436119], [16.14317865, 56.67414928], [16.14324345, 56.6741247], [16.14336995, 56.67406246], [16.14339492, 56.67405163], [16.14388454, 56.67383972], [16.14439756, 56.67364529], [16.144932, 56.67346916], [16.14548571, 56.67331199], [16.14551413, 56.6733041], [16.14608485, 56.67316653], [16.1466703, 56.67304921], [16.14726823, 56.67295244], [16.1472989, 56.67294776], [16.14790661, 56.672872], [16.14852196, 56.67281755], [16.14914227, 56.6727847], [16.14917399, 56.67278342], [16.14979685, 56.67277228], [16.15041983, 56.67278279], [16.15104024, 56.67281505], [16.1510718, 56.67281718], [16.15168722, 56.67287096], [16.15229522, 56.67294609], [16.15289336, 56.67304215], [16.15292354, 56.6730478], [16.1535094, 56.67316455], [16.15408054, 56.67330154], [16.15463479, 56.6734581], [16.15467651, 56.67347118], [16.15468697, 56.67347459], [16.15499593, 56.67356191], [16.15553086, 56.67373751], [16.15557178, 56.67375114], [16.15608547, 56.67394498], [16.15618755, 56.67398706], [16.15667783, 56.67419846], [16.15714278, 56.67442653], [16.15717804, 56.67444416], [16.15761563, 56.67468794], [16.1580242, 56.67494644], [16.15840211, 56.6752187], [16.1584207, 56.67523272], [16.15876644, 56.67551758], [16.15907861, 56.67581398], [16.15935599, 56.67612059], [16.15936952, 56.67613628], [16.15961084, 56.67645193], [16.15981539, 56.67677539], [16.15998205, 56.6771053], [16.15998956, 56.67712212], [16.1600623, 56.67731233], [16.16008637, 56.6773598], [16.16009469, 56.67737661], [16.16022289, 56.67771174], [16.16031232, 56.67805055], [16.16036238, 56.67839188], [16.16036453, 56.67840928], [16.16036763, 56.67851022], [16.16038058, 56.67859858], [16.16039111, 56.67894091], [16.16039004, 56.67903767], [16.16036099, 56.67937973], [16.16029244, 56.67972001], [16.16018491, 56.68005733], [16.16014947, 56.68015216], [16.16000316, 56.68048499], [16.15981858, 56.68081207], [16.15959677, 56.68113204], [16.1595221, 56.68122948], [16.15926368, 56.68154108], [16.15896983, 56.68184312], [16.15889634, 56.68191764], [16.15856823, 56.68220877], [16.15846067, 56.68229601], [16.15809961, 56.68257514], [16.15785131, 56.68274327], [16.1578064, 56.6827975], [16.15766622, 56.68304592], [16.15744438, 56.68336588], [16.15742927, 56.68338686], [16.15717082, 56.68369845], [16.1570827, 56.68379224], [16.15678882, 56.68409428], [16.15646068, 56.68438541], [16.15609958, 56.68466454], [16.1559899, 56.6847402], [16.15559731, 56.68500614], [16.15556544, 56.68502512], [16.15553942, 56.68504135], [16.15553916, 56.68504154], [16.15511664, 56.68529329], [16.15482503, 56.68544628], [16.15472595, 56.68553415], [16.15458406, 56.68564389], [16.15447175, 56.68577913], [16.15417784, 56.68608116], [16.15407862, 56.68616922], [16.15389959, 56.68648635], [16.15383094, 56.68659218], [16.15360904, 56.68691214], [16.15335053, 56.68722372], [16.1530566, 56.68752575], [16.15295858, 56.68761343], [16.15263037, 56.68790455], [16.15226922, 56.68818366], [16.15187656, 56.68844959], [16.15145398, 56.68870133], [16.15144406, 56.68870708], [16.15113505, 56.68886912], [16.15079804, 56.68909743], [16.15037544, 56.68934917], [16.15025207, 56.68941804], [16.14980113, 56.68965459], [16.14942275, 56.68982929], [16.1489885, 56.69005706], [16.14886407, 56.69012226], [16.1488334, 56.69013637], [16.14851235, 56.69042112], [16.14848395, 56.6904433], [16.14812274, 56.69072241], [16.14773002, 56.69098832], [16.14769779, 56.69100883], [16.14727516, 56.69126056], [16.14682418, 56.6914971], [16.14678839, 56.69151575], [16.14631107, 56.69173609], [16.14627212, 56.69175262], [16.1457703, 56.69195585], [16.14524613, 56.69214122], [16.14520415, 56.69215553], [16.14465948, 56.69232223], [16.14461527, 56.69233413], [16.1440525, 56.69248159], [16.14347378, 56.69260916], [16.14342747, 56.69261848], [16.1428352, 56.6927256], [16.14278761, 56.69273241], [16.14253759, 56.69276821], [16.1421811, 56.69289427], [16.14210026, 56.692919], [16.14193834, 56.69308523], [16.14161, 56.69337632], [16.14159294, 56.69339111], [16.14123165, 56.6936702], [16.14093584, 56.69387044], [16.14087602, 56.69397626], [16.14065397, 56.6942962], [16.14063613, 56.69432071], [16.14037747, 56.69463226], [16.14035516, 56.69465573], [16.14006106, 56.69495773], [16.13973269, 56.69524881], [16.13970643, 56.69527097], [16.13934511, 56.69555005], [16.1393149, 56.69557063], [16.1389701, 56.69580401], [16.1388776, 56.69587546], [16.13884928, 56.69589665], [16.13879558, 56.69593298], [16.13862531, 56.69606452], [16.13863453, 56.69636985], [16.13860526, 56.69671191], [16.13860284, 56.6967387], [16.13853407, 56.69707897], [16.13852679, 56.69710554], [16.13841902, 56.69744284], [16.13827245, 56.69777564], [16.13825842, 56.69780604], [16.13818802, 56.69793191], [16.13811275, 56.6980659], [16.13796795, 56.69832323], [16.13782301, 56.69858056], [16.13767833, 56.6988379], [16.13749347, 56.69916494], [16.13749194, 56.69916765], [16.13735435, 56.69940542], [16.13733527, 56.69943362], [16.13711316, 56.69975355], [16.13701465, 56.69987213], [16.13701919, 56.69988412], [16.13710846, 56.70022295], [16.13711369, 56.70024922], [16.13716358, 56.70059056], [16.1371739, 56.70093289], [16.13719334, 56.70180961], [16.13716406, 56.70215167], [16.13716001, 56.70217785], [16.13709135, 56.70251812], [16.13698341, 56.70285542], [16.13683681, 56.70318822], [16.13682789, 56.70320501], [16.136643, 56.70353205], [16.13658479, 56.70361594], [16.13650223, 56.70380345], [16.13648833, 56.70382927], [16.13630343, 56.70415631], [16.13608129, 56.70447624], [16.13606291, 56.70450111], [16.13580414, 56.70481265], [16.13578115, 56.70483649], [16.13548694, 56.70513848], [16.13515845, 56.70542955], [16.13513138, 56.70545198], [16.13476993, 56.70573104], [16.13437696, 56.70599692], [16.13434593, 56.70601768], [16.13392304, 56.70626937], [16.13388846, 56.70628846], [16.13343722, 56.70652495], [16.1329668, 56.70674194], [16.13265126, 56.70702148], [16.13262488, 56.70704444], [16.1322634, 56.7073235], [16.13223292, 56.70734488], [16.13183993, 56.70761075], [16.13141699, 56.70786243], [16.13138269, 56.70788196], [16.13093142, 56.70811844], [16.13089383, 56.70813603], [16.1304162, 56.70835631], [16.12991408, 56.70855947], [16.12987332, 56.70857493], [16.12934884, 56.70876024], [16.12880385, 56.70892687], [16.1287606, 56.70893993], [16.12819752, 56.70908732], [16.12815204, 56.70909788], [16.12783516, 56.70916758], [16.12780745, 56.70925442], [16.12766074, 56.70958722], [16.12747575, 56.70991424], [16.12746074, 56.70993926], [16.12723848, 56.71025917], [16.12718003, 56.71033156], [16.12692115, 56.71064309], [16.12662681, 56.71094506], [16.12660312, 56.710968], [16.12627451, 56.71125905], [16.12591294, 56.71153809], [16.12551985, 56.71180394], [16.12549909, 56.71181715], [16.12545753, 56.71184187], [16.12514625, 56.71208209], [16.12475315, 56.71234794], [16.1247217, 56.71236843], [16.12429867, 56.71262008], [16.12426352, 56.71263873], [16.12381215, 56.71287518], [16.12333442, 56.71309543], [16.12329625, 56.71311204], [16.1232884, 56.71311516], [16.12328038, 56.71313104], [16.12309533, 56.71345807], [16.12287302, 56.71377797], [16.12285518, 56.71380319], [16.12259623, 56.71411471], [16.12257378, 56.71413872], [16.12227939, 56.71444068], [16.12195071, 56.71473171], [16.12192418, 56.71475441], [16.12156254, 56.71503343], [16.12153191, 56.71505455], [16.12113875, 56.71532038], [16.12071567, 56.71557202], [16.12068135, 56.71559129], [16.12022991, 56.71582773], [16.11975212, 56.71604797], [16.11971438, 56.71606528], [16.11921209, 56.71626841], [16.11917145, 56.71628359], [16.11864681, 56.71646886], [16.11810166, 56.71663544], [16.11805853, 56.71664831], [16.11749529, 56.71679565], [16.11744993, 56.71680603], [16.11687074, 56.71693338], [16.116278, 56.71704038], [16.11623108, 56.71704826], [16.11562722, 56.71713442], [16.11557095, 56.71714049], [16.11495838, 56.71720544], [16.1144128, 56.71724912], [16.11339282, 56.71732831], [16.11277395, 56.71737183], [16.11271704, 56.71737467], [16.11209429, 56.71739649], [16.11147037, 56.71739667]]]}, "properties": {"deso": "0880A0050", "pop": 1349.0, "income": 362.0, "male_frac": 0.5196, "child_frac": 0.1964, "elder_frac": 0.1875, "dependency": 0.6233, "needZ": -0.284}}, {"type": "Feature", "geometry": {"type": "Polygon", "coordinates": [[[16.18438126, 56.87111387], [16.18456127, 56.87109492], [16.18472548, 56.87110297], [16.18491947, 56.87094025], [16.18513042, 56.87081339], [16.18524349, 56.87071396], [16.18542835, 56.87063487], [16.18558283, 56.87061319], [16.18581173, 56.87060051], [16.18588782, 56.87066212], [16.1859769, 56.87074967], [16.18613298, 56.87081259], [16.18635788, 56.87087028], [16.18670412, 56.87094873], [16.18710178, 56.87099777], [16.18731692, 56.87099043], [16.18747734, 56.87090015], [16.18774858, 56.87083587], [16.18809152, 56.87081051], [16.18834388, 56.87078682], [16.18853711, 56.87072435], [16.18881218, 56.87069128], [16.18914947, 56.87063282], [16.1893977, 56.87063684], [16.18967578, 56.87066482], [16.18992108, 56.87069985], [16.19007917, 56.87069377], [16.19026915, 56.87060994], [16.19066995, 56.87050255], [16.19103894, 56.87049221], [16.19125633, 56.87051753], [16.19176803, 56.87060041], [16.1920147, 56.87064028], [16.19226727, 56.87061047], [16.19265299, 56.87056493], [16.1935272, 56.87052316], [16.19371793, 56.87051407], [16.19527239, 56.87032575], [16.19535833, 56.87032672], [16.19557147, 56.87032917], [16.19579734, 56.87033177], [16.19587111, 56.87035424], [16.19625895, 56.87047278], [16.19722616, 56.8704583], [16.19742524, 56.87048649], [16.19778917, 56.87053797], [16.19808108, 56.87057919], [16.19849241, 56.8706577], [16.19887223, 56.8708082], [16.19936734, 56.87098499], [16.19951445, 56.87095717], [16.19970974, 56.87087525], [16.20005274, 56.87079255], [16.20046196, 56.87075431], [16.20080421, 56.87063559], [16.20114676, 56.87053493], [16.2014743, 56.87050609], [16.20201532, 56.87050304], [16.20237483, 56.87042915], [16.20263466, 56.87029299], [16.20287781, 56.87013004], [16.20319367, 56.87002019], [16.20335034, 56.86996569], [16.20377392, 56.8698107], [16.2038542, 56.86971147], [16.20396797, 56.86965693], [16.20421356, 56.86963759], [16.20455761, 56.86961765], [16.20501451, 56.86948928], [16.20576578, 56.8693234], [16.20615692, 56.8691865], [16.2062869, 56.86912291], [16.20628628, 56.86908689], [16.20628552, 56.86904208], [16.20628338, 56.86892541], [16.20639638, 56.86882596], [16.20673692, 56.86861751], [16.20672915, 56.86858623], [16.20657479, 56.8679725], [16.20426506, 56.85878218], [16.21304107, 56.85404593], [16.21498841, 56.8529948], [16.21506043, 56.85295583], [16.22019201, 56.85012377], [16.22035179, 56.85003561], [16.23046743, 56.84445106], [16.23059995, 56.84437789], [16.23179997, 56.84413798], [16.23333278, 56.84383154], [16.23403948, 56.84369027], [16.23440679, 56.84361684], [16.23447099, 56.84360399], [16.23543271, 56.84341168], [16.23695807, 56.84310671], [16.23730322, 56.84303771], [16.24320444, 56.84185751], [16.25573538, 56.83935025], [16.25576667, 56.839344], [16.25860405, 56.83947398], [16.26134724, 56.83959963], [16.26211109, 56.83923404], [16.26288025, 56.83886587], [16.26361893, 56.83851238], [16.2666432, 56.8370647], [16.26808462, 56.83637466], [16.27113701, 56.83491329], [16.27292059, 56.83405927], [16.27646808, 56.83236051], [16.27810079, 56.83153607], [16.27846482, 56.83135224], [16.28306412, 56.8281087], [16.28486475, 56.82683851], [16.28568632, 56.82625902], [16.2861535, 56.82592947], [16.28752617, 56.82498327], [16.2906889, 56.82280281], [16.29432857, 56.82029304], [16.29649353, 56.8187973], [16.29762627, 56.81801453], [16.29763675, 56.81666834], [16.29765099, 56.81483731], [16.30254391, 56.81300234], [16.30655959, 56.81149616], [16.30770684, 56.81147579], [16.31024856, 56.8094464], [16.31449851, 56.80605235], [16.31793604, 56.80330667], [16.32086176, 56.80096937], [16.32269576, 56.79950406], [16.3230937, 56.79918606], [16.32379082, 56.79926985], [16.32497341, 56.79941198], [16.32501567, 56.79941566], [16.3250926, 56.79942239], [16.32559808, 56.79946652], [16.32697084, 56.79958317], [16.32782164, 56.7995177], [16.32830732, 56.80035352], [16.32860093, 56.80085891], [16.32900784, 56.80087183], [16.32962799, 56.80089693], [16.33036204, 56.8009165], [16.3304255, 56.80091628], [16.33048496, 56.80090989], [16.33072562, 56.8008537], [16.33086186, 56.80081524], [16.33100387, 56.80078345], [16.33115031, 56.80075853], [16.3313001, 56.80074076], [16.33134116, 56.80073718], [16.33147204, 56.80072662], [16.33152699, 56.80072271], [16.33158245, 56.8007214], [16.33163772, 56.8007227], [16.33169268, 56.80072669], [16.3317468, 56.8007333], [16.33179965, 56.80074253], [16.33186692, 56.80075843], [16.3330428, 56.80108228], [16.33315149, 56.80112002], [16.33435656, 56.80153122], [16.33523849, 56.80184311], [16.33529371, 56.80185787], [16.33534343, 56.80187773], [16.33538602, 56.80190207], [16.33540948, 56.80191997], [16.33631369, 56.80270186], [16.33642494, 56.80279607], [16.33646373, 56.80283895], [16.33650977, 56.80288032], [16.33656221, 56.80291937], [16.33662076, 56.80295575], [16.33668474, 56.80298929], [16.33675388, 56.80301954], [16.33682749, 56.80304642], [16.33690515, 56.80306957], [16.33698928, 56.80309221], [16.33710452, 56.80309744], [16.33719343, 56.80309137], [16.33743866, 56.80304553], [16.33766563, 56.80301444], [16.3377222, 56.80300647], [16.33777732, 56.80299573], [16.33783059, 56.8029824], [16.33801832, 56.80293], [16.33819642, 56.80285748], [16.33840848, 56.80278684], [16.33771534, 56.80069811], [16.33645287, 56.80082204], [16.33615379, 56.79986209], [16.33543381, 56.79987348], [16.33532206, 56.79951429], [16.33487619, 56.79951789], [16.33479048, 56.79902088], [16.3346861, 56.79902083], [16.33475381, 56.79937583], [16.33422547, 56.79939172], [16.3342016, 56.79903526], [16.33291148, 56.79906738], [16.33292811, 56.7993649], [16.33250097, 56.79940925], [16.3323875, 56.79907657], [16.33235594, 56.79897118], [16.33228051, 56.79874013], [16.33273156, 56.79871924], [16.33359753, 56.79867513], [16.33379542, 56.79866215], [16.33417263, 56.7986529], [16.33480608, 56.7986278], [16.33488802, 56.79891222], [16.33507208, 56.79890891], [16.3350171, 56.79888147], [16.33494578, 56.79864149], [16.33611536, 56.79862618], [16.33698337, 56.79861284], [16.33707807, 56.79887979], [16.33713146, 56.79888137], [16.33695865, 56.79838108], [16.33685539, 56.79808234], [16.33633906, 56.79658673], [16.33617709, 56.79611767], [16.33599995, 56.79557843], [16.33555353, 56.79430449], [16.33541189, 56.79394319], [16.33537764, 56.79393682], [16.33515921, 56.79385355], [16.33451833, 56.79203301], [16.32945485, 56.78991185], [16.33086772, 56.78878443], [16.33220069, 56.78772064], [16.33620749, 56.78686303], [16.33631038, 56.78684109], [16.33951472, 56.7861551], [16.33974799, 56.78611047], [16.33992536, 56.78607658], [16.34708006, 56.78513734], [16.34688169, 56.78328917], [16.35224194, 56.78320774], [16.35346213, 56.78320582], [16.35854076, 56.78319751], [16.35957549, 56.78287794], [16.36650285, 56.7806933], [16.36967693, 56.77964665], [16.37076455, 56.77874341], [16.37268919, 56.77714473], [16.37290596, 56.77696475], [16.37359331, 56.77639386], [16.37686317, 56.7763049], [16.37697337, 56.77627413], [16.37738144, 56.77618186], [16.37772175, 56.77610381], [16.38596142, 56.77421277], [16.41563424, 56.76739678], [16.42132733, 56.7593915], [16.44954885, 56.72735214], [16.43578291, 56.71803369], [16.3962175, 56.72983497], [16.38050847, 56.71653961], [16.38048418, 56.71666349], [16.38037851, 56.7170009], [16.38036062, 56.71704206], [16.38029512, 56.71725119], [16.38015049, 56.71758427], [16.37996778, 56.71791166], [16.37974764, 56.7182321], [16.37960096, 56.71841025], [16.37947074, 56.71859979], [16.37935064, 56.71874566], [16.3792341, 56.71891529], [16.37897725, 56.71922733], [16.37868488, 56.7195298], [16.37835816, 56.7198215], [16.37799825, 56.72010126], [16.37760687, 56.72036798], [16.37718545, 56.72062048], [16.37673558, 56.72085785], [16.37625925, 56.72107906], [16.376121, 56.72114185], [16.37562005, 56.721346], [16.37509661, 56.72153234], [16.37480946, 56.72162085], [16.37480799, 56.7216214], [16.37426393, 56.72178919], [16.37370164, 56.72193759], [16.37312326, 56.72206622], [16.3725312, 56.72217443], [16.37192773, 56.72226183], [16.37131553, 56.72232804], [16.3706969, 56.72237275], [16.37007424, 56.72239595], [16.36945025, 56.72239733], [16.36882736, 56.72237704], [16.368208, 56.72233507], [16.36759473, 56.72227173], [16.36699013, 56.7221871], [16.36639649, 56.72208159], [16.36581627, 56.72195563], [16.36525163, 56.72180973], [16.36524209, 56.72180678], [16.36516237, 56.72178951], [16.36459774, 56.72164361], [16.36405127, 56.72147837], [16.36400943, 56.72146518], [16.36348318, 56.72128121], [16.36297919, 56.72107931], [16.36276861, 56.72098315], [16.36256626, 56.72094719], [16.36198607, 56.72082121], [16.36183332, 56.72078174], [16.36170729, 56.72075437], [16.36114268, 56.72060845], [16.361098, 56.72059493], [16.36096649, 56.7205952], [16.36078559, 56.72058927], [16.36032834, 56.72060629], [16.36016881, 56.7206066], [16.36016356, 56.72060684], [16.3595396, 56.72060817], [16.35891675, 56.72058783], [16.35829742, 56.7205458], [16.3576842, 56.72048242], [16.35707965, 56.72039773], [16.35648607, 56.72029218], [16.3559059, 56.72016617], [16.35534133, 56.72002023], [16.35508618, 56.71994305], [16.35473103, 56.71998141], [16.354727, 56.71998172], [16.35451023, 56.72003888], [16.35446591, 56.72005032], [16.35388762, 56.72017886], [16.35384133, 56.7201879], [16.35324923, 56.72029602], [16.35264575, 56.72038333], [16.35259814, 56.72038968], [16.35198594, 56.72045579], [16.3519373, 56.72045955], [16.35131867, 56.72050417], [16.35069603, 56.72052727], [16.35064702, 56.72052834], [16.35002306, 56.72052962], [16.34940021, 56.72050924], [16.34935124, 56.72050761], [16.34873193, 56.72046554], [16.3486834, 56.72046121], [16.3480702, 56.72039778], [16.34746567, 56.72031305], [16.34741825, 56.72030602], [16.3468247, 56.72020041], [16.34677882, 56.72019085], [16.34619869, 56.7200648], [16.34563415, 56.71991881], [16.34559034, 56.7199068], [16.34504398, 56.71974148], [16.34500237, 56.71972711], [16.34447624, 56.71954306], [16.34397237, 56.71934108], [16.34393378, 56.71932443], [16.34345438, 56.71910538], [16.34300108, 56.71886997], [16.34296551, 56.71885131], [16.34254051, 56.71860068], [16.34250328, 56.71857682], [16.34210809, 56.71831186], [16.34178694, 56.71808302], [16.34142309, 56.71780487], [16.34139079, 56.71777934], [16.34105992, 56.71748907], [16.34103646, 56.71746587], [16.34073984, 56.71716472], [16.34047857, 56.71685375], [16.34045925, 56.71682935], [16.34023434, 56.71650999], [16.34021956, 56.71648473], [16.34003213, 56.71615815], [16.33988288, 56.71582567], [16.33987266, 56.71579964], [16.33976206, 56.71546271], [16.33969068, 56.71512248], [16.33968516, 56.71509604], [16.3396532, 56.71475413], [16.33965239, 56.71472755], [16.33966003, 56.71438521], [16.33966077, 56.71437945], [16.33965526, 56.71437987], [16.33903271, 56.71440291], [16.33885699, 56.71440552], [16.33838091, 56.71440641], [16.33825581, 56.7145257], [16.33768681, 56.71516152], [16.33739414, 56.71546389], [16.33736785, 56.71549004], [16.33704084, 56.71578164], [16.33701451, 56.71580285], [16.33685049, 56.71593028], [16.33665434, 56.71608258], [16.3362627, 56.71634909], [16.33623281, 56.71636872], [16.33581116, 56.71662109], [16.33577812, 56.71663914], [16.33532803, 56.71687635], [16.3348515, 56.71709741], [16.33481543, 56.71711361], [16.33431431, 56.71731759], [16.3342756, 56.71733184], [16.33375202, 56.717518], [16.33320783, 56.71768561], [16.33316676, 56.71769781], [16.33260436, 56.71784603], [16.33256146, 56.71785592], [16.331983, 56.71798436], [16.33139088, 56.71809238], [16.33134642, 56.71810004], [16.33074292, 56.71818725], [16.33068965, 56.71819347], [16.33007745, 56.71825948], [16.32975456, 56.71828843], [16.32922235, 56.71832672], [16.32913594, 56.71833294], [16.32908216, 56.7183363], [16.32881775, 56.71834604], [16.32829078, 56.71838399], [16.32824359, 56.71838692], [16.32812625, 56.71839123], [16.32769753, 56.71842212], [16.32707491, 56.7184451], [16.32702335, 56.71844636], [16.32639942, 56.71844753], [16.32633939, 56.71844556], [16.32571659, 56.71842506], [16.32546016, 56.71840901], [16.32528161, 56.7183969], [16.32534182, 56.71887909], [16.32535386, 56.7192214], [16.32535444, 56.71923774], [16.32551, 56.7195425], [16.32552116, 56.71956861], [16.32565111, 56.71990346], [16.32574199, 56.72024223], [16.32574818, 56.72026885], [16.32579981, 56.7206101], [16.32580158, 56.72064143], [16.32581363, 56.72098374], [16.32578661, 56.72172072], [16.32575903, 56.72206282], [16.32575501, 56.72209421], [16.32568803, 56.72243466], [16.32567967, 56.72246125], [16.32557336, 56.72279862], [16.32542836, 56.72313163], [16.32541526, 56.72315764], [16.32523205, 56.72348496], [16.32517718, 56.7235645], [16.32519894, 56.72370818], [16.32521098, 56.72405048], [16.32521189, 56.72407643], [16.32518431, 56.72441853], [16.32518011, 56.72444867], [16.32511312, 56.72478912], [16.32503432, 56.72513481], [16.324928, 56.72547218], [16.32491829, 56.72550273], [16.32477327, 56.72583575], [16.32476029, 56.72586131], [16.32457707, 56.72618862], [16.32435626, 56.72650897], [16.32433867, 56.72653368], [16.32408145, 56.7268456], [16.32405964, 56.72686928], [16.32376677, 56.72717162], [16.32343942, 56.72746318], [16.32343942, 56.72746327], [16.32341339, 56.72748564], [16.32310522, 56.72772481], [16.32307892, 56.72805054], [16.32307527, 56.7280769], [16.32300825, 56.72841735], [16.3229019, 56.72875471], [16.32289352, 56.72878067], [16.32284289, 56.72889709], [16.32286988, 56.72899795], [16.32292149, 56.72933921], [16.32293351, 56.72968151], [16.3229339, 56.72970783], [16.32290629, 56.73004992], [16.32290164, 56.73007881], [16.32283462, 56.73041926], [16.32272827, 56.73075662], [16.32271934, 56.7307825], [16.32257428, 56.73111551], [16.32239101, 56.73144282], [16.32217016, 56.73176316], [16.32215833, 56.73177927], [16.32190105, 56.7320912], [16.32160812, 56.73239353], [16.32128071, 56.73268517], [16.3212633, 56.73269982], [16.32102409, 56.73288543], [16.32103138, 56.73309322], [16.32100375, 56.73343531], [16.32099102, 56.73353714], [16.32092397, 56.73387758], [16.32081759, 56.73421494], [16.3206725, 56.73454795], [16.32061723, 56.73465526], [16.32043393, 56.73498256], [16.32021304, 56.7353029], [16.32020969, 56.73530752], [16.31995238, 56.73561944], [16.31986989, 56.73570816], [16.3195859, 56.73600123], [16.31957692, 56.73601049], [16.3193147, 56.73624413], [16.31928262, 56.7363175], [16.31921374, 56.73644058], [16.31921336, 56.7364413], [16.31903004, 56.7367686], [16.31880913, 56.73708894], [16.31873167, 56.73718659], [16.31860028, 56.73734581], [16.31859977, 56.73734654], [16.31834243, 56.73765846], [16.31829299, 56.73771719], [16.31825812, 56.73775313], [16.3180631, 56.73798947], [16.3177701, 56.73829179], [16.31775521, 56.73830551], [16.31766994, 56.73838429], [16.31734245, 56.73867593], [16.31698203, 56.73895543], [16.316912, 56.73900755], [16.31651999, 56.73927399], [16.31639446, 56.73935068], [16.31597533, 56.73960115], [16.31597838, 56.73964208], [16.31599034, 56.73998439], [16.31596266, 56.74032648], [16.31595177, 56.74043152], [16.31588467, 56.74077196], [16.31577823, 56.74110932], [16.31576924, 56.74112999], [16.31577722, 56.74125018], [16.31578918, 56.74159249], [16.3157883, 56.74162511], [16.31576062, 56.7419672], [16.31569351, 56.74230765], [16.31568747, 56.74233529], [16.31558102, 56.74267264], [16.31556983, 56.7426998], [16.31542467, 56.7430328], [16.31524128, 56.7433601], [16.3152224, 56.74339093], [16.31500142, 56.74371126], [16.31493455, 56.74380386], [16.31478691, 56.74400834], [16.3146902, 56.7441424], [16.31443278, 56.74445431], [16.31440845, 56.74448349], [16.31411537, 56.7447858], [16.31409004, 56.74480952], [16.31376246, 56.74510114], [16.31340196, 56.74538063], [16.31337227, 56.74540286], [16.31298016, 56.74566938], [16.31294095, 56.74569315], [16.31283713, 56.74575524], [16.31269941, 56.74595476], [16.31267989, 56.74597886], [16.31242245, 56.74629077], [16.31212933, 56.74659308], [16.31210546, 56.74661605], [16.31177785, 56.74690768], [16.31175015, 56.74692926], [16.31138963, 56.74720883], [16.31099749, 56.74747525], [16.31096596, 56.74749526], [16.31054379, 56.74774753], [16.31009318, 56.74798466], [16.31005835, 56.74800281], [16.30958127, 56.74822377], [16.30954327, 56.74823998], [16.3090416, 56.74844386], [16.30851732, 56.74862993], [16.30847668, 56.74864401], [16.30793206, 56.7488115], [16.30788906, 56.74882336], [16.30732596, 56.74897147], [16.30674707, 56.7490998], [16.30670209, 56.74910925], [16.30610941, 56.74921715], [16.306063, 56.74922419], [16.30545893, 56.74931127], [16.30530336, 56.74932799], [16.30484618, 56.74937716], [16.30479887, 56.7493816], [16.3041797, 56.74942599], [16.30413176, 56.74942784], [16.30350861, 56.7494507], [16.30288417, 56.74945175], [16.302836, 56.74945109], [16.30266711, 56.74944549], [16.30276675, 56.74953059], [16.30303063, 56.74968198], [16.30322947, 56.74985157], [16.3033491, 56.75018313], [16.303435, 56.7504519], [16.30351995, 56.75065798], [16.30367007, 56.75084577], [16.3039683, 56.7511046], [16.30424389, 56.75130527], [16.30429895, 56.75134539], [16.30456459, 56.75161335], [16.30469898, 56.75183715], [16.30473468, 56.7520344], [16.30469437, 56.75211235], [16.30431933, 56.75263782], [16.30419082, 56.75278208], [16.30404367, 56.75277374], [16.30399556, 56.75283685], [16.30396521, 56.75298063], [16.30398744, 56.7533575], [16.30372563, 56.75334083], [16.30347988, 56.75329714], [16.30341661, 56.75327705], [16.30320062, 56.7532087], [16.3030539, 56.75323629], [16.30279341, 56.75330036], [16.30251564, 56.75330174], [16.30223713, 56.75325821], [16.30205569, 56.75315132], [16.30195798, 56.75306368], [16.30177, 56.75300554], [16.30155641, 56.75298307], [16.3014684, 56.75297303], [16.30111056, 56.7529323], [16.30085938, 56.75291067], [16.30040119, 56.7529167], [16.29992642, 56.75285608], [16.29956715, 56.75287572], [16.29902819, 56.75290523], [16.29861436, 56.75293029], [16.29853832, 56.75293477], [16.2980329, 56.753018], [16.29752216, 56.7530995], [16.29695619, 56.75313979], [16.29638572, 56.7532413], [16.29592864, 56.75327938], [16.29564002, 56.7532945], [16.29550501, 56.75330202], [16.29524458, 56.75334874], [16.29491824, 56.75336892], [16.29465597, 56.75333482], [16.29429516, 56.75327452], [16.29391957, 56.75328605], [16.29323346, 56.75329981], [16.2925488, 56.75336746], [16.29182198, 56.75344057], [16.29178446, 56.75344751], [16.29114805, 56.75356567], [16.29054595, 56.75367763], [16.28987942, 56.75382583], [16.28945656, 56.7539186], [16.28941902, 56.75392114], [16.28886925, 56.75395854], [16.28797242, 56.75404551], [16.28742797, 56.75411248], [16.28704786, 56.7541421], [16.28676597, 56.75416127], [16.2860161, 56.75424724], [16.28548214, 56.75433342], [16.28531595, 56.75435983], [16.28487784, 56.7544054], [16.28482255, 56.75440929], [16.28476415, 56.75441708], [16.28466534, 56.7544304], [16.28436569, 56.75447059], [16.28426907, 56.75448461], [16.28420787, 56.75449342], [16.28414265, 56.75450289], [16.28342771, 56.75460125], [16.28261947, 56.75471242], [16.2824647, 56.75472991], [16.28225398, 56.75475175], [16.28155168, 56.75482562], [16.28081888, 56.75493843], [16.28024056, 56.75500159], [16.28003164, 56.75503302], [16.27966198, 56.75508092], [16.27909129, 56.7551387], [16.27826028, 56.75524316], [16.27787001, 56.75533564], [16.27744159, 56.7554922], [16.27731903, 56.75553693], [16.2767313, 56.75572072], [16.27670234, 56.75572973], [16.27615036, 56.75588612], [16.27566205, 56.75597924], [16.27509148, 56.75603699], [16.2745046, 56.75609483], [16.2737863, 56.75613558], [16.27319877, 56.75616655], [16.27256266, 56.7562247], [16.271943, 56.75628276], [16.27124197, 56.75635935], [16.27068878, 56.75643694], [16.27021565, 56.75650096], [16.26979879, 56.7565777], [16.26975992, 56.75658483], [16.26930273, 56.75660592], [16.2687969, 56.75663622], [16.26830789, 56.75669339], [16.2678326, 56.75674529], [16.26760684, 56.75676996], [16.26744405, 56.75679802], [16.26705336, 56.75686343], [16.26667934, 56.75694682], [16.26638034, 56.75701166], [16.26633777, 56.7570209], [16.26607087, 56.7570696], [16.26597971, 56.75708615], [16.26549103, 56.75716127], [16.26492186, 56.75728185], [16.26444979, 56.75736577], [16.26414222, 56.7574245], [16.26396143, 56.75745885], [16.26355505, 56.75755136], [16.26313222, 56.75764403], [16.26282307, 56.75767573], [16.26275721, 56.7576825], [16.26244826, 56.75775633], [16.26205756, 56.75782182], [16.26177363, 56.75788173], [16.26161827, 56.75791456], [16.26129267, 56.75797059], [16.26100017, 56.75804442], [16.26069201, 56.75815425], [16.2604006, 56.7582729], [16.26011831, 56.75845451], [16.2600622, 56.75849065], [16.25983807, 56.75862478], [16.25980408, 56.75864498], [16.25948117, 56.75881784], [16.25912501, 56.75897279], [16.25891054, 56.75906138], [16.2583962, 56.75927398], [16.25807552, 56.75941304], [16.2579754, 56.75945636], [16.2575855, 56.75956674], [16.25724578, 56.75972161], [16.25695454, 56.75985821], [16.25654878, 56.75998663], [16.25643506, 56.7600264], [16.25620826, 56.76010567], [16.25598067, 56.76016105], [16.25575421, 56.76027031], [16.25549414, 56.76033492], [16.25526656, 56.76039056], [16.2553159, 56.76172357], [16.25446581, 56.76186508], [16.25348745, 56.76237131], [16.25355258, 56.76260537], [16.25291238, 56.76270684], [16.25233821, 56.76277397], [16.25176976, 56.76283456], [16.25146557, 56.76286294], [16.25140916, 56.76260678], [16.25133348, 56.76214034], [16.25124307, 56.76174582], [16.25112632, 56.76135839], [16.25073025, 56.76147088], [16.24660994, 56.76264047], [16.23921631, 56.764738], [16.23385155, 56.76625961], [16.23368919, 56.7662861], [16.2336068, 56.7662791], [16.23350874, 56.76627971], [16.23342871, 56.76636108], [16.23334268, 56.76639094], [16.23279087, 56.76643925], [16.23239702, 56.76648707], [16.23220634, 56.76653054], [16.23212615, 56.76660293], [16.23206225, 56.76666617], [16.23171959, 56.76669533], [16.23147438, 56.76669695], [16.23142481, 56.76667031], [16.23119669, 56.76670768], [16.23090345, 56.7667545], [16.23067562, 56.76680086], [16.23057772, 56.76681045], [16.23033312, 56.76683891], [16.22997414, 56.76686823], [16.22969766, 56.76693285], [16.22951787, 56.76693399], [16.22932098, 56.76689929], [16.229091, 56.76684694], [16.22881177, 56.76678582], [16.22846834, 56.76677905], [16.22819065, 56.76678987], [16.22796176, 56.76679132], [16.22792819, 56.76674664], [16.22766727, 56.76677526], [16.22732476, 56.76681331], [16.22708016, 56.76684185], [16.22683571, 56.76687929], [16.22668917, 56.76690714], [16.22637959, 56.76695402], [16.22602275, 56.76708203], [16.22560125, 56.76724643], [16.22540651, 56.76731051], [16.22530908, 56.76734703], [16.22511401, 56.76739315], [16.22488604, 56.76743949], [16.22452705, 56.7674688], [16.22418438, 56.76749785], [16.22385833, 56.76753591], [16.22353229, 56.76758285], [16.22318946, 56.76760301], [16.22271685, 56.76766882], [16.22214588, 56.76772634], [16.2217872, 56.76777351], [16.22157491, 56.76778385], [16.22131443, 56.76783042], [16.2209713, 56.76784159], [16.22062726, 56.76780786], [16.22033247, 56.76778272], [16.21998964, 56.76780287], [16.2196456, 56.76776914], [16.21913822, 56.76773646], [16.21861514, 56.76773977], [16.21820628, 56.76773335], [16.21786329, 56.76774451], [16.21740443, 56.76769357], [16.21697879, 56.76766027], [16.21665152, 56.76764442], [16.2164069, 56.76767285], [16.21609746, 56.76772869], [16.2157557, 56.76780271], [16.21538128, 56.76787688], [16.21499011, 56.76793324], [16.21482738, 56.76797022], [16.21459922, 56.76799858], [16.21432815, 56.76806877], [16.21428827, 56.76807886], [16.2140661, 56.76815486], [16.21341921, 56.76837719], [16.21245735, 56.76862235], [16.21213203, 56.76877597], [16.21187098, 56.76883061], [16.21143158, 56.76901139], [16.21051747, 56.76913973], [16.20782359, 56.7694798], [16.20772517, 56.76944419], [16.20752968, 56.76950762], [16.20718902, 56.76975992], [16.20684652, 56.76984174], [16.20643824, 56.76987884], [16.20614317, 56.76979896], [16.20533908, 56.76950509], [16.20514292, 56.76950564], [16.20499641, 56.76956895], [16.2045738, 56.76980353], [16.20436167, 56.76984007], [16.20411658, 56.7698587], [16.20374076, 56.76987777], [16.20359337, 56.76984228], [16.20338108, 56.76986984], [16.20308734, 56.76991552], [16.20258314, 56.77016831], [16.20206012, 56.77017883], [16.20158605, 56.77018016], [16.2005888, 56.77017414], [16.19933029, 56.77020466], [16.19908518, 56.77021438], [16.19870968, 56.7702603], [16.19826906, 56.77033307], [16.1979592, 56.77042372], [16.19745362, 56.77053287], [16.19197322, 56.77179606], [16.19158186, 56.77189591], [16.19153552, 56.77190669], [16.19148623, 56.77191821], [16.19045237, 56.77215947], [16.18842724, 56.77261158], [16.18833559, 56.77263203], [16.18654126, 56.77304094], [16.18425758, 56.77356811], [16.18340934, 56.77376794], [16.18313189, 56.77382258], [16.18215336, 56.77406757], [16.18060358, 56.77442188], [16.18030995, 56.77450344], [16.17944551, 56.77472118], [16.17869515, 56.77490281], [16.17861411, 56.77492154], [16.17810786, 56.77503897], [16.17745541, 56.77519334], [16.1753672, 56.77568365], [16.17411095, 56.77597421], [16.17362156, 56.77609227], [16.17045631, 56.77680075], [16.16458214, 56.77811762], [16.16280317, 56.77848131], [16.16262344, 56.77849969], [16.16227972, 56.77845573], [16.1619357, 56.77838474], [16.16164081, 56.77833171], [16.16128121, 56.77834161], [16.16097118, 56.77840522], [16.16071071, 56.77853152], [16.16040142, 56.77868494], [16.16018993, 56.77880216], [16.15994535, 56.77888357], [16.1596681, 56.77896502], [16.1593741, 56.77900171], [16.15908024, 56.77905627], [16.15903126, 56.77906544], [16.15677836, 56.7812881], [16.15653244, 56.78121699], [16.15552792, 56.78146228], [16.15439041, 56.78167106], [16.15253882, 56.78147062], [16.15080914, 56.7812313], [16.15011407, 56.78147727], [16.14869523, 56.78186582], [16.14696405, 56.78165234], [16.14682689, 56.78212869], [16.13846365, 56.78242986], [16.1389134, 56.78917085], [16.1324823, 56.78926344], [16.13149557, 56.7892776], [16.12679877, 56.78936143], [16.1256978, 56.78839684], [16.12243299, 56.78553752], [16.10749169, 56.79138258], [16.10572455, 56.79205928], [16.10655156, 56.80801137], [16.1026321, 56.81501925], [16.10037101, 56.81525425], [16.09921527, 56.8210397], [16.09924293, 56.82224267], [16.09913206, 56.82230437], [16.09841, 56.82266706], [16.09816264, 56.82272313], [16.10200025, 56.82650206], [16.10234973, 56.8267936], [16.10325038, 56.82678214], [16.10366354, 56.82719421], [16.10485152, 56.82814313], [16.10585778, 56.82893079], [16.10610558, 56.82916367], [16.10642474, 56.82966288], [16.105312, 56.83003222], [16.10426732, 56.83038702], [16.10321492, 56.83079228], [16.10265102, 56.8310415], [16.10233191, 56.83115471], [16.10209677, 56.8313756], [16.10186858, 56.83150193], [16.09633729, 56.83569402], [16.09839871, 56.83907957], [16.09866704, 56.83955562], [16.09939865, 56.84089575], [16.10186331, 56.84525464], [16.10232925, 56.84603479], [16.10239795, 56.84638496], [16.10261451, 56.84677064], [16.1028884, 56.84732173], [16.10344555, 56.84626531], [16.10368652, 56.84574363], [16.1037673, 56.84561761], [16.10388143, 56.84555444], [16.10404502, 56.84551805], [16.10504048, 56.84508419], [16.10520317, 56.84495798], [16.1056432, 56.8446962], [16.10623093, 56.844479], [16.107079, 56.84404545], [16.10738941, 56.84394577], [16.10825457, 56.84360206], [16.10934807, 56.8431319], [16.10964198, 56.84303219], [16.11024603, 56.84279696], [16.11116098, 56.84251593], [16.11171581, 56.84228984], [16.11235281, 56.84207245], [16.11289153, 56.84186428], [16.11310364, 56.84176484], [16.11404996, 56.84134895], [16.11502844, 56.84087914], [16.11584413, 56.84050851], [16.11683853, 56.83998465], [16.11786483, 56.83937983], [16.11832092, 56.83910007], [16.11864709, 56.83893743], [16.11913285, 56.83835218], [16.11932673, 56.83807315], [16.11957059, 56.83787478], [16.1202229, 56.83756748], [16.12107064, 56.83713382], [16.12172319, 56.83685354], [16.12214665, 56.83660074], [16.12232573, 56.83648344], [16.12269867, 56.83607811], [16.12313647, 56.83561876], [16.12357519, 56.83524922], [16.12430891, 56.83490568], [16.12489518, 56.83454468], [16.12551334, 56.83411163], [16.12611635, 56.83379549], [16.12685002, 56.83344304], [16.12738867, 56.83324379], [16.1278288, 56.83303591], [16.12841569, 56.83273777], [16.12895311, 56.83243074], [16.12890311, 56.83233211], [16.12875379, 56.83214384], [16.12937457, 56.83198031], [16.12978252, 56.83182643], [16.13020791, 56.83178027], [16.13120704, 56.83176826], [16.13189484, 56.83175727], [16.13233739, 56.83179188], [16.13264968, 56.83189872], [16.13287995, 56.8319879], [16.13336233, 56.83214188], [16.13430187, 56.83250523], [16.13459766, 56.8325665], [16.1358935, 56.83266762], [16.13640225, 56.83271887], [16.13735544, 56.83291149], [16.13825782, 56.83299659], [16.13888376, 56.8332088], [16.13959229, 56.83346553], [16.14039906, 56.83371273], [16.14109098, 56.83395154], [16.14078268, 56.83413275], [16.14057453, 56.83443009], [16.14043014, 56.83461942], [16.14018695, 56.83477327], [16.13979592, 56.83490996], [16.13961758, 56.83502764], [16.13924605, 56.83535279], [16.13911662, 56.83545224], [16.13910371, 56.83566776], [16.13899104, 56.8357941], [16.1387815, 56.83600162], [16.13864024, 56.83638844], [16.13843564, 56.83691031], [16.13831004, 56.83725208], [16.1381986, 56.83745017], [16.13802079, 56.83760378], [16.13738527, 56.83781356], [16.13706043, 56.83799483], [16.13640978, 56.8382855], [16.13606898, 56.83849376], [16.13577779, 56.83871972], [16.13547188, 56.83905351], [16.13542528, 56.83921535], [16.13541944, 56.83987078], [16.13547587, 56.84032838], [16.13557972, 56.84066904], [16.1359977, 56.84118767], [16.13638438, 56.84176137], [16.13653692, 56.84205784], [16.13677458, 56.84262913], [16.13703248, 56.84338204], [16.13713375, 56.84356104], [16.13738235, 56.84373932], [16.13804146, 56.8439604], [16.13853648, 56.84417335], [16.13889888, 56.84428817], [16.13896568, 56.84436867], [16.13915423, 56.84487941], [16.13937192, 56.84516559], [16.13960461, 56.84537096], [16.13975524, 56.84556765], [16.13984045, 56.84576476], [16.13987674, 56.84598001], [16.13996168, 56.84616814], [16.14004758, 56.84641015], [16.14004965, 56.84654479], [16.13987194, 56.84669839], [16.13941921, 56.84707782], [16.13916055, 56.84730357], [16.13881914, 56.84746694], [16.13842866, 56.84764862], [16.13703615, 56.84869727], [16.13687588, 56.84892258], [16.13611191, 56.85061116], [16.13464127, 56.8542305], [16.13418347, 56.85519777], [16.13383591, 56.85595663], [16.14060046, 56.85626557], [16.15338502, 56.85419641], [16.15365944, 56.85414115], [16.15401865, 56.85407289], [16.1541152, 56.85407738], [16.15428611, 56.85417371], [16.15438875, 56.85423528], [16.16374143, 56.85986942], [16.17872087, 56.87007728], [16.17874032, 56.87025675], [16.1788236, 56.87032818], [16.17895582, 56.87039026], [16.1791874, 56.87050566], [16.17945187, 56.87062991], [16.17956788, 56.87070112], [16.17966768, 56.87078138], [16.17975125, 56.87087069], [16.1798341, 56.87092416], [16.18017949, 56.87097614], [16.18064004, 56.87106332], [16.18106638, 56.871061], [16.18147488, 56.87097791], [16.18170514, 56.87101256], [16.18188648, 56.87107444], [16.18223217, 56.87114429], [16.18319895, 56.87110307], [16.18370741, 56.87110921], [16.18413581, 56.87114216], [16.18438126, 56.87111387]]]}, "properties": {"deso": "0880A0060", "pop": 1782.0, "income": 370.5, "male_frac": 0.5031, "child_frac": 0.2183, "elder_frac": 0.1829, "dependency": 0.6701, "needZ": -0.2948}}, {"type": "Feature", "geometry": {"type": "Polygon", "coordinates": [[[16.25472282, 56.9268244], [16.25576969, 56.92648046], [16.25653825, 56.92620909], [16.25719238, 56.92599187], [16.25812438, 56.92566622], [16.25915482, 56.92533121], [16.25931844, 56.92528591], [16.25951462, 56.9252136], [16.25974355, 56.92513215], [16.25987419, 56.92506895], [16.26003758, 56.9249967], [16.26031548, 56.92489724], [16.26064292, 56.92482451], [16.26085545, 56.92474314], [16.26121508, 56.92461645], [16.26194814, 56.92436337], [16.26235973, 56.92422735], [16.26303348, 56.9239711], [16.26352962, 56.92379551], [16.26497465, 56.92330463], [16.26488512, 56.92325721], [16.26537397, 56.92311088], [16.26574628, 56.92297165], [16.26679484, 56.92261187], [16.26693951, 56.92253971], [16.26717554, 56.92240878], [16.26747509, 56.92227379], [16.26764979, 56.92220006], [16.26793802, 56.9219909], [16.26822836, 56.92183229], [16.26833336, 56.92176457], [16.26825309, 56.92172263], [16.2685286, 56.92149805], [16.26914299, 56.92110035], [16.26933202, 56.92109403], [16.26963387, 56.92109896], [16.26990798, 56.92106482], [16.27031735, 56.92100075], [16.27062858, 56.92095501], [16.27089493, 56.92086409], [16.27106323, 56.92080184], [16.2715777, 56.92060204], [16.27168047, 56.92056057], [16.27193296, 56.92045686], [16.27205018, 56.92039449], [16.27224611, 56.92030411], [16.27247678, 56.92018427], [16.27283889, 56.92004935], [16.27331121, 56.91984952], [16.27404444, 56.91955865], [16.27461453, 56.91932243], [16.27492423, 56.91920421], [16.27525251, 56.91911076], [16.2754154, 56.91899367], [16.2755115, 56.91876902], [16.27555973, 56.91867017], [16.2757063, 56.91857103], [16.27590214, 56.91846277], [16.27611333, 56.9182647], [16.27619434, 56.91816578], [16.27627511, 56.91803992], [16.27642147, 56.91792282], [16.27663327, 56.91777864], [16.27684511, 56.91764344], [16.27692629, 56.91755342], [16.27705663, 56.91746333], [16.27720254, 56.91730132], [16.27736324, 56.91697783], [16.27747564, 56.91673523], [16.2775228, 56.91653767], [16.27766714, 56.91622323], [16.27773172, 56.91611532], [16.27776339, 56.91600757], [16.27782763, 56.91588178], [16.277831, 56.91576236], [16.27794667, 56.91566731], [16.27806055, 56.91559501], [16.27876078, 56.9152059], [16.27913606, 56.91504271], [16.27934763, 56.91491604], [16.2795426, 56.91477158], [16.2796721, 56.91464531], [16.28098436, 56.91457689], [16.28167425, 56.91461887], [16.28238088, 56.91467872], [16.28297054, 56.91458643], [16.28333154, 56.9145759], [16.2840374, 56.91458186], [16.28443079, 56.91454431], [16.28524817, 56.9143073], [16.28607849, 56.91383678], [16.28638771, 56.91365583], [16.28664696, 56.91341224], [16.28677412, 56.91312439], [16.28691958, 56.91297108], [16.28711507, 56.91286245], [16.28763657, 56.91260879], [16.28815953, 56.91244486], [16.28848623, 56.91233568], [16.28897804, 56.91229773], [16.28937083, 56.91222415], [16.289878, 56.9121052], [16.29022245, 56.91209472], [16.29074811, 56.91211939], [16.2910099, 56.91206441], [16.29164727, 56.91187305], [16.29202385, 56.91180861], [16.29251448, 56.91168973], [16.29290687, 56.9115892], [16.29333096, 56.91139878], [16.29409853, 56.911135], [16.2944907, 56.91101659], [16.29481798, 56.9109523], [16.29557132, 56.91084128], [16.2961116, 56.91074909], [16.29648912, 56.91074751], [16.29671873, 56.91073749], [16.29689845, 56.91068281], [16.29717521, 56.91052894], [16.2974192, 56.91037523], [16.2977133, 56.91028414], [16.29896607, 56.90995853], [16.29949245, 56.90982541], [16.30003511, 56.90972815], [16.30057805, 56.90960402], [16.3012841, 56.90957915], [16.301826, 56.90955375], [16.30236831, 56.90950148], [16.3033212, 56.9094054], [16.30409386, 56.90929089], [16.30460382, 56.90915766], [16.305229, 56.90901576], [16.30591981, 56.90886509], [16.30631421, 56.90881237], [16.30677384, 56.90880469], [16.30748177, 56.90858224], [16.30797578, 56.90840407], [16.30832129, 56.90832419], [16.30868305, 56.90824441], [16.30927529, 56.90810247], [16.30981503, 56.90796208], [16.31026324, 56.90776407], [16.31074102, 56.90756782], [16.3112931, 56.90720802], [16.31166513, 56.90696984], [16.31211299, 56.90669665], [16.31266869, 56.90639861], [16.31325671, 56.90614917], [16.31397247, 56.9059787], [16.31489044, 56.90578643], [16.31625808, 56.90550911], [16.31727746, 56.90530542], [16.31789199, 56.90519905], [16.31792278, 56.90521598], [16.31830744, 56.90537639], [16.31903874, 56.90560151], [16.31964571, 56.9057338], [16.3201854, 56.90587011], [16.3207186, 56.9060683], [16.32132949, 56.90624581], [16.32188334, 56.90630364], [16.32267633, 56.90654147], [16.3231913, 56.9067631], [16.32351872, 56.90665175], [16.32352009, 56.90657943], [16.32360273, 56.90650786], [16.32396391, 56.90650879], [16.3244073, 56.90648307], [16.32488407, 56.90639457], [16.3250327, 56.90627829], [16.32509965, 56.90613475], [16.3253133, 56.90609943], [16.32554431, 56.90596538], [16.32575905, 56.90580438], [16.32590781, 56.905688], [16.32612202, 56.90558081], [16.32669723, 56.9054926], [16.32689457, 56.9054482], [16.32722275, 56.9054581], [16.32746874, 56.90549465], [16.32765017, 56.90538744], [16.32794632, 56.90530741], [16.32822555, 56.90528117], [16.32842272, 56.90525482], [16.32878401, 56.90522879], [16.32976681, 56.90546483], [16.32986605, 56.90538437], [16.33026155, 56.90519682], [16.33072303, 56.90496464], [16.3312999, 56.90468776], [16.33148088, 56.90462537], [16.33167839, 56.90456309], [16.33200721, 56.90449212], [16.33238519, 56.90444821], [16.33258226, 56.90443075], [16.33245452, 56.9039995], [16.33235731, 56.90385555], [16.33226187, 56.9034872], [16.33219715, 56.90338827], [16.33206708, 56.90322626], [16.33218269, 56.9031458], [16.33241296, 56.90308352], [16.33249575, 56.90299398], [16.33246405, 56.90286819], [16.33246487, 56.90276947], [16.33262998, 56.90265317], [16.33295874, 56.90260017], [16.33323897, 56.90243927], [16.33376693, 56.90211744], [16.3340472, 56.90196551], [16.3342292, 56.90179541], [16.33446091, 56.90155355], [16.33470887, 56.90133873], [16.33487363, 56.90125837], [16.33503864, 56.90115106], [16.3351879, 56.90096289], [16.33533695, 56.90081066], [16.33541998, 56.90069416], [16.33548658, 56.90056859], [16.33566751, 56.90052417], [16.33604522, 56.90048923], [16.33658736, 56.90043681], [16.3369981, 56.90037501], [16.33744182, 56.90030433], [16.33780467, 56.90008082], [16.33839864, 56.8996873], [16.33965318, 56.89881061], [16.34095744, 56.89785325], [16.34151782, 56.89754047], [16.34184785, 56.89731685], [16.34563656, 56.89601978], [16.34957846, 56.8935272], [16.34947802, 56.89336588], [16.34927821, 56.89313295], [16.34911189, 56.89295384], [16.34904675, 56.89276141], [16.3490802, 56.89239392], [16.34913725, 56.89211753], [16.34923937, 56.89190156], [16.34935906, 56.89173705], [16.34984394, 56.89112197], [16.34997868, 56.89089091], [16.35012242, 56.89065401], [16.3503011, 56.89030902], [16.35061653, 56.88982279], [16.351731, 56.88836369], [16.35573179, 56.88941041], [16.35657187, 56.88965901], [16.3579062, 56.89005863], [16.35900867, 56.89029735], [16.35973254, 56.89043859], [16.36022526, 56.89047275], [16.36068408, 56.89040829], [16.36133822, 56.89021738], [16.36408832, 56.89228829], [16.36443292, 56.89227249], [16.36482617, 56.89221717], [16.36543408, 56.89226892], [16.36594837, 56.89234442], [16.36633185, 56.89227761], [16.36692813, 56.89215153], [16.3674284, 56.89202101], [16.36776553, 56.89198975], [16.36813456, 56.89193873], [16.3685722, 56.89193196], [16.36883745, 56.89203379], [16.36912844, 56.8923547], [16.36941945, 56.89255004], [16.36965418, 56.89262076], [16.36998758, 56.89264657], [16.37038662, 56.89268684], [16.37085154, 56.8926962], [16.37097332, 56.89269496], [16.37129976, 56.89277824], [16.37152933, 56.89275946], [16.37174202, 56.89270485], [16.37202004, 56.89262301], [16.37231468, 56.89255905], [16.37262627, 56.89254], [16.3728237, 56.8925752], [16.37302207, 56.89269124], [16.37322002, 56.89276245], [16.37338451, 56.89278876], [16.37353192, 56.89277025], [16.37371272, 56.89278758], [16.37399281, 56.89287639], [16.37419138, 56.89300141], [16.37419245, 56.89308224], [16.37429198, 56.89317169], [16.37452217, 56.8932068], [16.37465346, 56.89320625], [16.37479962, 56.89308005], [16.37500607, 56.89289615], [16.37512047, 56.89283767], [16.37527758, 56.89274782], [16.37549493, 56.89278333], [16.37552575, 56.89283743], [16.37556904, 56.89296927], [16.375917, 56.89304125], [16.37616945, 56.89304476], [16.37643004, 56.89307082], [16.37659926, 56.89294589], [16.37665603, 56.89280746], [16.37685, 56.89278521], [16.37717655, 56.89283784], [16.37738986, 56.89283711], [16.37757061, 56.89284544], [16.37786593, 56.89284434], [16.37827522, 56.89276195], [16.37853616, 56.89281575], [16.37901589, 56.89267239], [16.37949393, 56.89250893], [16.38013095, 56.89232152], [16.38069054, 56.89214529], [16.38110249, 56.89218673], [16.38120351, 56.89222801], [16.38121537, 56.89222662], [16.38146222, 56.89217377], [16.38166028, 56.89209388], [16.38176015, 56.89198677], [16.38187727, 56.89182612], [16.38199315, 56.89174588], [16.38220651, 56.89174667], [16.38240392, 56.89171151], [16.38252046, 56.89158653], [16.38262271, 56.89130945], [16.38275511, 56.89122929], [16.38300151, 56.89121219], [16.38323052, 56.8912667], [16.38352462, 56.89135722], [16.38364007, 56.89131283], [16.38377275, 56.89121479], [16.38397196, 56.89104541], [16.38412082, 56.89095636], [16.3844823, 56.89092181], [16.38487647, 56.89089625], [16.38509039, 56.89086118], [16.3852712, 56.89083492], [16.38579661, 56.89081876], [16.38584632, 56.89078309], [16.38591321, 56.89068488], [16.38621885, 56.89077635], [16.38629627, 56.89085301], [16.38629926, 56.89099231], [16.38657326, 56.8910552], [16.38662524, 56.89110645], [16.3867792, 56.89123221], [16.38690835, 56.89127282], [16.38707618, 56.89133815], [16.38706447, 56.89137996], [16.38723926, 56.89147602], [16.38737929, 56.89152531], [16.38748652, 56.89150031], [16.38756739, 56.89151657], [16.38759025, 56.89157821], [16.38755411, 56.89162946], [16.38756379, 56.89167507], [16.38769261, 56.89178359], [16.38781554, 56.89184978], [16.38798628, 56.89184752], [16.38832638, 56.8918238], [16.38855569, 56.8918933], [16.38873763, 56.89187528], [16.38887738, 56.89190957], [16.38892722, 56.89195429], [16.38889183, 56.8921241], [16.38894834, 56.89217315], [16.38914376, 56.89220844], [16.38922334, 56.89239035], [16.38927854, 56.89256823], [16.38925364, 56.89275095], [16.38912675, 56.8929463], [16.38906602, 56.89307166], [16.38909834, 56.89308181], [16.38903036, 56.89320141], [16.38924337, 56.89322895], [16.38942383, 56.89322955], [16.38965286, 56.89328396], [16.38998061, 56.89332082], [16.39019341, 56.89335735], [16.39055468, 56.89334956], [16.39057349, 56.89317068], [16.39075367, 56.89318915], [16.39116445, 56.89315467], [16.39134548, 56.89311942], [16.39164068, 56.89312942], [16.39173903, 56.89313866], [16.3918863, 56.89317493], [16.39206599, 56.89323823], [16.39226283, 56.89323882], [16.39242791, 56.89316781], [16.39279182, 56.89295419], [16.39300652, 56.8928564], [16.39315493, 56.89280318], [16.39335107, 56.89285749], [16.39353076, 56.8929208], [16.39369442, 56.89295715], [16.39382566, 56.89296646], [16.3940396, 56.8929135], [16.39402181, 56.89302087], [16.39395473, 56.89312806], [16.39390382, 56.89326212], [16.3939024, 56.89336957], [16.39406479, 56.8934954], [16.39432624, 56.89357675], [16.39466987, 56.89365843], [16.39488233, 56.89372181], [16.39507911, 56.89373138], [16.39542451, 56.89367884], [16.39566943, 56.89377806], [16.39593054, 56.89388635], [16.39609413, 56.89393168], [16.39655188, 56.89406742], [16.39666669, 56.89406784], [16.39683133, 56.8940325], [16.39701236, 56.89399732], [16.39724246, 56.89397122], [16.39740628, 56.89398969], [16.39758738, 56.89394553], [16.39770379, 56.89382952], [16.39776974, 56.8938118], [16.39816407, 56.89376831], [16.39859151, 56.89371601], [16.39880529, 56.89368092], [16.39933186, 56.89357523], [16.39971071, 56.89346903], [16.39990832, 56.89342486], [16.4000241, 56.89335368], [16.40014051, 56.89323766], [16.40027442, 56.89303225], [16.40029185, 56.89295175], [16.40039327, 56.89272828], [16.40047838, 56.89249584], [16.40053024, 56.89229009], [16.40061326, 56.89221873], [16.40064909, 56.89198612], [16.40083318, 56.89171826], [16.40084998, 56.8916825], [16.40090002, 56.89161995], [16.40096742, 56.89148589], [16.4010841, 56.891352], [16.40121653, 56.89126293], [16.4020935, 56.8907019], [16.40246134, 56.89051245], [16.40277967, 56.88955085], [16.40306107, 56.88871659], [16.40324997, 56.88817352], [16.4034944, 56.88741145], [16.40362424, 56.88684955], [16.40367192, 56.88678559], [16.40379523, 56.88636713], [16.40360068, 56.88625003], [16.40373348, 56.88594752], [16.40393338, 56.88566231], [16.40409822, 56.88550362], [16.40509867, 56.88494504], [16.40563594, 56.88469924], [16.40626054, 56.88448722], [16.4066676, 56.88436388], [16.40722264, 56.88426026], [16.40794467, 56.8842356], [16.40824296, 56.88425002], [16.40879313, 56.88424391], [16.40919794, 56.88429827], [16.40941143, 56.88436108], [16.40978666, 56.88453228], [16.4099823, 56.8846314], [16.41030882, 56.88476668], [16.41035754, 56.8848026], [16.41076719, 56.88484864], [16.4112435, 56.88481434], [16.41152247, 56.88481523], [16.41186687, 56.88482526], [16.41209684, 56.88480811], [16.41252436, 56.8847289], [16.41298538, 56.88460502], [16.41321541, 56.88457888], [16.41331517, 56.88447175], [16.41340127, 56.88414973], [16.4134381, 56.88382764], [16.41350667, 56.88358621], [16.41362402, 56.88338959], [16.41388776, 56.88329202], [16.41420061, 56.88319451], [16.41449662, 56.88314176], [16.41480812, 56.88316958], [16.41564302, 56.88332433], [16.41600196, 56.88348654], [16.41634393, 56.88369349], [16.41655548, 56.88383733], [16.41675066, 56.88398118], [16.4168306, 56.88415149], [16.41694396, 56.88426824], [16.41710713, 56.8843493], [16.41728688, 56.8844035], [16.41735124, 56.88450221], [16.41739849, 56.88466345], [16.41741359, 56.88476192], [16.41747809, 56.88486062], [16.41754145, 56.88503983], [16.41783215, 56.88540771], [16.41797814, 56.88554241], [16.41814057, 56.88566822], [16.41830328, 56.88577614], [16.41864555, 56.88596512], [16.41888975, 56.88610913], [16.41905293, 56.88619019], [16.41919933, 56.88628904], [16.41927084, 56.88631886], [16.41957771, 56.88648444], [16.41988761, 56.88665833], [16.42036496, 56.88689706], [16.42064008, 56.88699598], [16.42114199, 56.88708279], [16.42160816, 56.88721196], [16.42187879, 56.88721032], [16.42222315, 56.88722931], [16.42246957, 56.88720315], [16.42273324, 56.88711445], [16.42291375, 56.88712398], [16.42315984, 56.88712477], [16.42325831, 56.8871161], [16.42330825, 56.88706253], [16.42352131, 56.88708104], [16.42371826, 56.88708167], [16.42385009, 56.88702833], [16.42409711, 56.88695752], [16.42446044, 56.88677066], [16.42472417, 56.88667298], [16.42480699, 56.88661957], [16.42492178, 56.88661988], [16.42506919, 56.88663823], [16.42529876, 56.88665681], [16.42559392, 56.88666665], [16.4259225, 56.8866408], [16.4262026, 56.88654319], [16.4263516, 56.88643621], [16.42643481, 56.88634696], [16.42648435, 56.88631136], [16.42666531, 56.88627606], [16.42681391, 56.88620492], [16.42692962, 56.88613362], [16.42699606, 56.88606226], [16.42711137, 56.88602681], [16.42719367, 56.88600916], [16.42742337, 56.88600986], [16.42757091, 56.8860282], [16.42771892, 56.88600172], [16.42790047, 56.88590389], [16.42806492, 56.88588647], [16.42829396, 56.8859408], [16.42848985, 56.88601303], [16.42890117, 56.88592478], [16.42936208, 56.88580974], [16.42952005, 56.88579625], [16.43023729, 56.88580134], [16.43089521, 56.88569239], [16.43132705, 56.88560983], [16.43155753, 56.88564878], [16.43167962, 56.88569858], [16.432042, 56.88573575], [16.43253709, 56.88585287], [16.43278545, 56.88599816], [16.43302149, 56.88616073], [16.43316273, 56.88628667], [16.4331359, 56.88642011], [16.4330291, 56.88650101], [16.43288621, 56.88661503], [16.43288184, 56.88669889], [16.4331118, 56.88686549], [16.43312829, 56.88687904], [16.43317155, 56.88689535], [16.43323498, 56.88690118], [16.43330921, 56.88689197], [16.43335567, 56.88689314], [16.43338531, 56.88690008], [16.43342046, 56.88693094], [16.43334915, 56.88700209], [16.43330736, 56.88709114], [16.43319734, 56.88738166], [16.43318805, 56.88744294], [16.43319371, 56.88752004], [16.43321049, 56.88759072], [16.43322707, 56.8876314], [16.43333687, 56.88803518], [16.43340088, 56.8881303], [16.43361863, 56.88821799], [16.43424944, 56.88832959], [16.43458769, 56.88831924], [16.43498854, 56.88825742], [16.43548064, 56.88831653], [16.43560804, 56.88832468], [16.43615331, 56.88842199], [16.4368033, 56.88849671], [16.43715132, 56.88862448], [16.43741225, 56.88882477], [16.43771854, 56.88911328], [16.43783677, 56.88924541], [16.43803263, 56.88932651], [16.43814691, 56.88938053], [16.43839193, 56.88947976], [16.43875206, 56.88955242], [16.43909599, 56.88959822], [16.43942465, 56.88956335], [16.43978633, 56.88951068], [16.44004901, 56.88950253], [16.44026235, 56.88950313], [16.44047454, 56.88959329], [16.44062088, 56.88971009], [16.44070793, 56.88983701], [16.44086341, 56.89001514], [16.44094391, 56.89014069], [16.4411554, 56.89029348], [16.44136766, 56.89039254], [16.44189028, 56.89059994], [16.44231577, 56.8906996], [16.4430702, 56.89074712], [16.44338382, 56.89080647], [16.44758703, 56.8898829], [16.45058683, 56.89080902], [16.46161188, 56.88830507], [16.4648704, 56.88758743], [16.50406469, 56.88294111], [16.50957031, 56.88224948], [16.55637355, 56.87667908], [16.52147424, 56.80126894], [16.51551091, 56.78019897], [16.50392431, 56.7640996], [16.44954885, 56.72735214], [16.42132733, 56.7593915], [16.41563424, 56.76739678], [16.38596142, 56.77421277], [16.37772175, 56.77610381], [16.37738144, 56.77618186], [16.37697337, 56.77627413], [16.37686317, 56.7763049], [16.37359331, 56.77639386], [16.37290596, 56.77696475], [16.37268919, 56.77714473], [16.37076455, 56.77874341], [16.36967693, 56.77964665], [16.36650285, 56.7806933], [16.35957549, 56.78287794], [16.35854076, 56.78319751], [16.35346213, 56.78320582], [16.35224194, 56.78320774], [16.34688169, 56.78328917], [16.34708006, 56.78513734], [16.33992536, 56.78607658], [16.33974799, 56.78611047], [16.33951472, 56.7861551], [16.33631038, 56.78684109], [16.33620749, 56.78686303], [16.33220069, 56.78772064], [16.33086772, 56.78878443], [16.32945485, 56.78991185], [16.33451833, 56.79203301], [16.33515921, 56.79385355], [16.33537764, 56.79393682], [16.33541189, 56.79394319], [16.33555353, 56.79430449], [16.33599995, 56.79557843], [16.33617709, 56.79611767], [16.33633906, 56.79658673], [16.33685539, 56.79808234], [16.33695865, 56.79838108], [16.33713146, 56.79888137], [16.33707807, 56.79887979], [16.33698337, 56.79861284], [16.33611536, 56.79862618], [16.33494578, 56.79864149], [16.3350171, 56.79888147], [16.33507208, 56.79890891], [16.33488802, 56.79891222], [16.33480608, 56.7986278], [16.33417263, 56.7986529], [16.33379542, 56.79866215], [16.33359753, 56.79867513], [16.33273156, 56.79871924], [16.33228051, 56.79874013], [16.33235594, 56.79897118], [16.3323875, 56.79907657], [16.33250097, 56.79940925], [16.33292811, 56.7993649], [16.33291148, 56.79906738], [16.3342016, 56.79903526], [16.33422547, 56.79939172], [16.33475381, 56.79937583], [16.3346861, 56.79902083], [16.33479048, 56.79902088], [16.33487619, 56.79951789], [16.33532206, 56.79951429], [16.33543381, 56.79987348], [16.33615379, 56.79986209], [16.33645287, 56.80082204], [16.33771534, 56.80069811], [16.33840848, 56.80278684], [16.33819642, 56.80285748], [16.33801832, 56.80293], [16.33783059, 56.8029824], [16.33777732, 56.80299573], [16.3377222, 56.80300647], [16.33766563, 56.80301444], [16.33743866, 56.80304553], [16.33719343, 56.80309137], [16.33710452, 56.80309744], [16.33698928, 56.80309221], [16.33690515, 56.80306957], [16.33682749, 56.80304642], [16.33675388, 56.80301954], [16.33668474, 56.80298929], [16.33662076, 56.80295575], [16.33656221, 56.80291937], [16.33650977, 56.80288032], [16.33646373, 56.80283895], [16.33642494, 56.80279607], [16.33631369, 56.80270186], [16.33540948, 56.80191997], [16.33538602, 56.80190207], [16.33534343, 56.80187773], [16.33529371, 56.80185787], [16.33523849, 56.80184311], [16.33435656, 56.80153122], [16.33315149, 56.80112002], [16.3330428, 56.80108228], [16.33186692, 56.80075843], [16.33179965, 56.80074253], [16.3317468, 56.8007333], [16.33169268, 56.80072669], [16.33163772, 56.8007227], [16.33158245, 56.8007214], [16.33152699, 56.80072271], [16.33147204, 56.80072662], [16.33134116, 56.80073718], [16.3313001, 56.80074076], [16.33115031, 56.80075853], [16.33100387, 56.80078345], [16.33086186, 56.80081524], [16.33072562, 56.8008537], [16.33048496, 56.80090989], [16.3304255, 56.80091628], [16.33036204, 56.8009165], [16.32962799, 56.80089693], [16.32900784, 56.80087183], [16.32860093, 56.80085891], [16.32830732, 56.80035352], [16.32782164, 56.7995177], [16.32697084, 56.79958317], [16.32559808, 56.79946652], [16.3250926, 56.79942239], [16.32501567, 56.79941566], [16.32497341, 56.79941198], [16.32379082, 56.79926985], [16.3230937, 56.79918606], [16.32269576, 56.79950406], [16.32086176, 56.80096937], [16.31793604, 56.80330667], [16.31449851, 56.80605235], [16.31024856, 56.8094464], [16.30770684, 56.81147579], [16.30655959, 56.81149616], [16.30254391, 56.81300234], [16.29765099, 56.81483731], [16.29763675, 56.81666834], [16.29762627, 56.81801453], [16.29649353, 56.8187973], [16.29432857, 56.82029304], [16.2906889, 56.82280281], [16.28752617, 56.82498327], [16.2861535, 56.82592947], [16.28568632, 56.82625902], [16.28486475, 56.82683851], [16.28306412, 56.8281087], [16.27846482, 56.83135224], [16.27810079, 56.83153607], [16.27646808, 56.83236051], [16.27292059, 56.83405927], [16.27113701, 56.83491329], [16.26808462, 56.83637466], [16.2666432, 56.8370647], [16.26361893, 56.83851238], [16.26288025, 56.83886587], [16.26211109, 56.83923404], [16.26134724, 56.83959963], [16.25860405, 56.83947398], [16.25576667, 56.839344], [16.25573538, 56.83935025], [16.24320444, 56.84185751], [16.23730322, 56.84303771], [16.23695807, 56.84310671], [16.23543271, 56.84341168], [16.23447099, 56.84360399], [16.23440679, 56.84361684], [16.23403948, 56.84369027], [16.23333278, 56.84383154], [16.23179997, 56.84413798], [16.23059995, 56.84437789], [16.23046743, 56.84445106], [16.22035179, 56.85003561], [16.22019201, 56.85012377], [16.21506043, 56.85295583], [16.21498841, 56.8529948], [16.21304107, 56.85404593], [16.20426506, 56.85878218], [16.20657479, 56.8679725], [16.20672915, 56.86858623], [16.20673692, 56.86861751], [16.20639638, 56.86882596], [16.20628338, 56.86892541], [16.20628552, 56.86904208], [16.20628628, 56.86908689], [16.2062869, 56.86912291], [16.20615692, 56.8691865], [16.20576578, 56.8693234], [16.20501451, 56.86948928], [16.20455761, 56.86961765], [16.20421356, 56.86963759], [16.20396797, 56.86965693], [16.2038542, 56.86971147], [16.20377392, 56.8698107], [16.20335034, 56.86996569], [16.20319367, 56.87002019], [16.20287781, 56.87013004], [16.20263466, 56.87029299], [16.20237483, 56.87042915], [16.20201532, 56.87050304], [16.2014743, 56.87050609], [16.20114676, 56.87053493], [16.20080421, 56.87063559], [16.20046196, 56.87075431], [16.20005274, 56.87079255], [16.19970974, 56.87087525], [16.19951445, 56.87095717], [16.19936734, 56.87098499], [16.19887223, 56.8708082], [16.19849241, 56.8706577], [16.19808108, 56.87057919], [16.19778917, 56.87053797], [16.19742524, 56.87048649], [16.19722616, 56.8704583], [16.19625895, 56.87047278], [16.19587111, 56.87035424], [16.19579734, 56.87033177], [16.19557147, 56.87032917], [16.19535833, 56.87032672], [16.19527239, 56.87032575], [16.19371793, 56.87051407], [16.1935272, 56.87052316], [16.19265299, 56.87056493], [16.19226727, 56.87061047], [16.1920147, 56.87064028], [16.19176803, 56.87060041], [16.19125633, 56.87051753], [16.19103894, 56.87049221], [16.19066995, 56.87050255], [16.19026915, 56.87060994], [16.19007917, 56.87069377], [16.18992108, 56.87069985], [16.18967578, 56.87066482], [16.1893977, 56.87063684], [16.18914947, 56.87063282], [16.18881218, 56.87069128], [16.18853711, 56.87072435], [16.18834388, 56.87078682], [16.18809152, 56.87081051], [16.18774858, 56.87083587], [16.18747734, 56.87090015], [16.18731692, 56.87099043], [16.18710178, 56.87099777], [16.18670412, 56.87094873], [16.18635788, 56.87087028], [16.18613298, 56.87081259], [16.1859769, 56.87074967], [16.18588782, 56.87066212], [16.18581173, 56.87060051], [16.18558283, 56.87061319], [16.18542835, 56.87063487], [16.18524349, 56.87071396], [16.18513042, 56.87081339], [16.18491947, 56.87094025], [16.18472548, 56.87110297], [16.18456127, 56.87109492], [16.18438126, 56.87111387], [16.18413581, 56.87114216], [16.18370741, 56.87110921], [16.18362403, 56.8712107], [16.17404421, 56.87829423], [16.17205681, 56.88266127], [16.16810654, 56.88764534], [16.16405289, 56.8954017], [16.16380563, 56.89528598], [16.1635758, 56.89528677], [16.16355052, 56.89529661], [16.1629349, 56.89547679], [16.16195479, 56.89589901], [16.16165032, 56.89612946], [16.16128112, 56.89631596], [16.16099162, 56.89642715], [16.1606699, 56.89652518], [16.16009404, 56.89660876], [16.15943936, 56.89664816], [16.15909068, 56.896715], [16.15880045, 56.89680284], [16.15772255, 56.89736167], [16.19852075, 56.91175556], [16.21371631, 56.91598679], [16.21384835, 56.91611144], [16.2140794, 56.91621923], [16.2144516, 56.91635655], [16.21481707, 56.91648684], [16.21530011, 56.91661284], [16.21568138, 56.91666654], [16.21974324, 56.91796295], [16.22561669, 56.91960555], [16.22628531, 56.92651506], [16.23689977, 56.93174572], [16.25472282, 56.9268244]]]}, "properties": {"deso": "0880A0070", "pop": 2957.0, "income": 370.5, "male_frac": 0.5115, "child_frac": 0.2009, "elder_frac": 0.2303, "dependency": 0.758, "needZ": -0.1157}}]}