{"type": "FeatureCollection", "meta": {"city": "uppsala", "deso_count": 159, "need_weights": {"income": 0.3, "dependency": 0.15, "education": 0.2, "neet": 0.2, "income_support": 0.15}, "income_units": "kSEK mean disposable", "source": "EpiCity SCB DeSO + SCB RegSO (AA/AA0003)", "domains": ["income", "dependency", "education", "neet", "income_support"], "regso_join": "159/159 DESOs matched a RegSO"}, "features": [{"type": "Feature", "geometry": {"type": "Polygon", "coordinates": [[[17.61431415, 59.86293597], [17.6147591, 59.86283408], [17.61532624, 59.86270326], [17.61652273, 59.86230357], [17.61787948, 59.86171871], [17.61937921, 59.86086439], [17.6151533, 59.85893899], [17.61511019, 59.85891515], [17.61360343, 59.85967273], [17.61291368, 59.86004436], [17.61065318, 59.86133802], [17.61327893, 59.86251954], [17.61431386, 59.86293607], [17.61431415, 59.86293597]]]}, "properties": {"deso": "0380C1660", "pop": 1364.0, "income": 377.3, "male_frac": 0.4372, "child_frac": 0.0638, "elder_frac": 0.1503, "dependency": 0.2724, "needZ": -0.7558, "needZ_v1": -0.6928, "regso": "0380R029", "higher_ed": 91.4, "neet": 8.4, "income_support": 0.1}}, {"type": "Feature", "geometry": {"type": "Polygon", "coordinates": [[[17.64730522, 59.86235811], [17.64731501, 59.86236268], [17.65004597, 59.86090243], [17.65246843, 59.85956979], [17.65407682, 59.85868637], [17.65430821, 59.85861263], [17.65539799, 59.85837265], [17.65556398, 59.85827669], [17.65567659, 59.85825555], [17.65442634, 59.85706608], [17.65425054, 59.85687453], [17.65394101, 59.85654618], [17.6528528, 59.85561257], [17.65257811, 59.85540504], [17.65254085, 59.85542537], [17.64858493, 59.85758365], [17.64736885, 59.85824703], [17.64325854, 59.86056346], [17.64461862, 59.86116401], [17.6448044, 59.86125172], [17.64586781, 59.86173283], [17.6464748, 59.86201237], [17.64701271, 59.862251], [17.6472492, 59.86238717], [17.64730522, 59.86235811]]]}, "properties": {"deso": "0380C1600", "pop": 1471.0, "income": 362.4, "male_frac": 0.4925, "child_frac": 0.1156, "elder_frac": 0.1625, "dependency": 0.3851, "needZ": -0.2809, "needZ_v1": -0.3534, "regso": "0380R039", "higher_ed": 77.1, "neet": 9.4, "income_support": 0.3}}, {"type": "Feature", "geometry": {"type": "Polygon", "coordinates": [[[17.65216125, 59.79909008], [17.65247022, 59.79903552], [17.65320404, 59.79893412], [17.6549769, 59.79901645], [17.65499466, 59.79901798], [17.65558952, 59.79743798], [17.65591063, 59.79658095], [17.6564734, 59.795164], [17.65708193, 59.79347296], [17.65843513, 59.78997369], [17.65843066, 59.78997288], [17.65843007, 59.7899728], [17.6584297, 59.78997371], [17.65751615, 59.78984002], [17.65692761, 59.78973999], [17.6558462, 59.78933796], [17.65535722, 59.78919218], [17.65485231, 59.78908264], [17.65468486, 59.78904704], [17.65413435, 59.78898495], [17.65297057, 59.78887568], [17.65166095, 59.78877321], [17.65096221, 59.78873413], [17.64932778, 59.78871121], [17.64811703, 59.78871908], [17.64675396, 59.78876522], [17.64570912, 59.78885074], [17.64570286, 59.7888515], [17.64572483, 59.78926425], [17.64563182, 59.78951691], [17.64563119, 59.78951818], [17.64523289, 59.79003425], [17.64481562, 59.79054278], [17.64464762, 59.79072474], [17.64435246, 59.79118671], [17.6442239, 59.79143982], [17.6440938, 59.7916661], [17.64401323, 59.79181988], [17.64401231, 59.79182125], [17.6438308, 59.79206482], [17.64371413, 59.79221008], [17.64361327, 59.79231927], [17.64350164, 59.79242436], [17.64340999, 59.79251064], [17.6432256, 59.79271977], [17.64302274, 59.79292012], [17.64273845, 59.7932563], [17.64251809, 59.79352733], [17.64230152, 59.79376819], [17.642102, 59.79399236], [17.64200738, 59.79407294], [17.64174926, 59.79438336], [17.64148175, 59.79470141], [17.64129677, 59.79490148], [17.64116371, 59.79507392], [17.64105938, 59.79525477], [17.64103801, 59.79533397], [17.64114846, 59.79570255], [17.64118985, 59.79587265], [17.64121944, 59.79590107], [17.64124856, 59.79592905], [17.64130992, 59.79614726], [17.64139887, 59.79643543], [17.64156958, 59.79694301], [17.64365936, 59.79693567], [17.64611426, 59.79693317], [17.64748155, 59.79693412], [17.65006728, 59.79692406], [17.65032788, 59.79777331], [17.65179392, 59.79926681], [17.65216125, 59.79909008]]]}, "properties": {"deso": "0380C1030", "pop": 1671.0, "income": 489.0, "male_frac": 0.5138, "child_frac": 0.2172, "elder_frac": 0.1735, "dependency": 0.6415, "needZ": -0.7219, "needZ_v1": -0.8909, "regso": "0380R028", "higher_ed": 89.6, "neet": 11.1, "income_support": 0.1}}, {"type": "Feature", "geometry": {"type": "Polygon", "coordinates": [[[17.61940225, 59.86085199], [17.61942755, 59.86083469], [17.61993858, 59.8605493], [17.62095689, 59.85999449], [17.62223096, 59.85929338], [17.62270601, 59.85902846], [17.62383995, 59.85843953], [17.62384894, 59.85844339], [17.62442887, 59.85814718], [17.62479908, 59.85790734], [17.62505327, 59.85763253], [17.625284, 59.85771029], [17.62541004, 59.85775287], [17.62672208, 59.85704988], [17.62664495, 59.85701495], [17.62640377, 59.85690551], [17.62967768, 59.8551052], [17.62977218, 59.85514751], [17.63198312, 59.85396974], [17.63174764, 59.85389694], [17.62541534, 59.85255345], [17.62501838, 59.8524419], [17.62232638, 59.85184875], [17.6187282, 59.8510669], [17.61856135, 59.85126711], [17.61795458, 59.85196668], [17.617413, 59.85258529], [17.61670576, 59.85337111], [17.61656193, 59.85348975], [17.6165412, 59.85350516], [17.61652735, 59.85349385], [17.61619397, 59.85380713], [17.61491688, 59.8549208], [17.61439389, 59.85537429], [17.61628233, 59.85547006], [17.61737598, 59.85554739], [17.61798879, 59.85558326], [17.61852763, 59.85561485], [17.6189545, 59.85564776], [17.61896561, 59.85564862], [17.61917002, 59.85566548], [17.61931431, 59.85567249], [17.61931183, 59.85574961], [17.61931161, 59.85609875], [17.61931136, 59.85658811], [17.61931119, 59.85688552], [17.61926328, 59.85736253], [17.61926087, 59.8573862], [17.61926012, 59.85738784], [17.61912711, 59.85770594], [17.61889468, 59.85791922], [17.618894, 59.85791987], [17.6188933, 59.85792042], [17.61838423, 59.85815178], [17.61751611, 59.85835354], [17.61711039, 59.85841586], [17.61663975, 59.858488], [17.61584697, 59.85863095], [17.61558721, 59.85871417], [17.61558018, 59.85871646], [17.61510602, 59.85891272], [17.61511019, 59.85891515], [17.6151533, 59.85893899], [17.61937921, 59.86086439], [17.61940225, 59.86085199]]]}, "properties": {"deso": "0380C1540", "pop": 1379.0, "income": 181.5, "male_frac": 0.445, "child_frac": 0.0094, "elder_frac": 0.05, "dependency": 0.0632, "needZ": -0.2379, "needZ_v1": 0.5005, "regso": "0380R027", "higher_ed": 97.0, "neet": 8.7, "income_support": 0.3}}, {"type": "Feature", "geometry": {"type": "Polygon", "coordinates": [[[17.66473946, 59.86262227], [17.6647933, 59.86249812], [17.66481377, 59.86014035], [17.66484003, 59.8599016], [17.66482836, 59.85918702], [17.6648412, 59.85813644], [17.66491827, 59.85756081], [17.66493768, 59.85740394], [17.66510042, 59.85741134], [17.66547691, 59.85741], [17.66969465, 59.85761861], [17.67154714, 59.85772115], [17.67332122, 59.85779543], [17.67442269, 59.8578406], [17.67446373, 59.85787291], [17.67893992, 59.85811424], [17.67929491, 59.85792979], [17.68548526, 59.85470466], [17.68913132, 59.85279266], [17.69198978, 59.85118159], [17.69258493, 59.85085844], [17.69325356, 59.85048635], [17.6934084, 59.85038536], [17.69390995, 59.85005774], [17.6946089, 59.84980243], [17.69558478, 59.84907902], [17.69643951, 59.84842015], [17.69746701, 59.84765148], [17.6984911, 59.84683759], [17.69932953, 59.846197], [17.69996305, 59.84572984], [17.70032316, 59.84548253], [17.70098508, 59.84484295], [17.70090853, 59.84481757], [17.6998914, 59.84450034], [17.6954056, 59.84378872], [17.69346072, 59.84359284], [17.69345242, 59.84359769], [17.69106412, 59.84360748], [17.6900452, 59.84361654], [17.68865444, 59.84375384], [17.68328853, 59.84459113], [17.67675831, 59.84554298], [17.67505822, 59.84566531], [17.67339852, 59.84563975], [17.67090555, 59.84553013], [17.66606611, 59.84806844], [17.662907, 59.84986323], [17.65857557, 59.8521912], [17.65487057, 59.85417341], [17.65259829, 59.85539403], [17.65257811, 59.85540504], [17.6528528, 59.85561257], [17.65394101, 59.85654618], [17.65425054, 59.85687453], [17.65442634, 59.85706608], [17.65567659, 59.85825555], [17.65648419, 59.85888204], [17.6574796, 59.85960982], [17.65798931, 59.86022363], [17.65803627, 59.86027864], [17.65855376, 59.86092687], [17.65909009, 59.8616023], [17.65914049, 59.8616505], [17.66139434, 59.8622701], [17.66277026, 59.86101177], [17.66277082, 59.86101149], [17.66289261, 59.8609651], [17.6644069, 59.86251429], [17.66473907, 59.86262299], [17.66473946, 59.86262227]]]}, "properties": {"deso": "0380C1510", "pop": 1148.0, "income": 440.3, "male_frac": 0.5158, "child_frac": 0.0941, "elder_frac": 0.1699, "dependency": 0.3586, "needZ": -0.8141, "needZ_v1": -1.0402, "regso": "0380R056", "higher_ed": 81.8, "neet": 7.1, "income_support": 0.1}}, {"type": "Feature", "geometry": {"type": "Polygon", "coordinates": [[[17.9671866, 59.88845506], [17.96786081, 59.88840196], [17.96852705, 59.88832738], [17.96923388, 59.8882252], [17.96992595, 59.88809981], [17.97059977, 59.88795175], [17.97120726, 59.88779565], [17.97183923, 59.88760666], [17.97244474, 59.88739715], [17.97298244, 59.8871862], [17.97353132, 59.88694042], [17.97405251, 59.88667369], [17.97486148, 59.88618935], [17.97551376, 59.88577807], [17.97629025, 59.88527568], [17.97675473, 59.88491769], [17.97784025, 59.88472893], [17.97846606, 59.88459241], [17.97907345, 59.88443628], [17.97983837, 59.88420534], [17.98049775, 59.88397481], [17.98103534, 59.88376383], [17.98169794, 59.88346405], [17.98217791, 59.88322059], [17.98268741, 59.88292508], [17.98321484, 59.88257481], [17.98359439, 59.88229014], [17.9839371, 59.88199409], [17.98432183, 59.8815997], [17.98458701, 59.8812842], [17.98481198, 59.8809609], [17.98499538, 59.88063108], [17.98518137, 59.88020194], [17.98528024, 59.87986317], [17.98533613, 59.87952187], [17.9853557, 59.87908294], [17.985325, 59.87874082], [17.98525113, 59.87840048], [17.98510365, 59.87796758], [17.98510328, 59.87796669], [17.98507474, 59.87756649], [17.98500087, 59.87722616], [17.98486221, 59.87679278], [17.98470309, 59.87645986], [17.98444338, 59.87604073], [17.9842017, 59.87572056], [17.9839198, 59.87540874], [17.98350591, 59.87502204], [17.98314774, 59.87473064], [17.98275352, 59.87445129], [17.98220046, 59.8741113], [17.98173898, 59.87385916], [17.98124646, 59.87362227], [17.98057449, 59.87334148], [17.9802818, 59.87323267], [17.97978275, 59.87302144], [17.97923457, 59.8728177], [17.97848383, 59.87257677], [17.97788868, 59.87240957], [17.97723277, 59.87225165], [17.97681644, 59.87216737], [17.9765879, 59.87195181], [17.97622982, 59.87166039], [17.97611602, 59.87156927], [17.9760544, 59.87139108], [17.9758541, 59.87096385], [17.97565331, 59.87063663], [17.97533472, 59.87022789], [17.97515646, 59.8700305], [17.97533513, 59.86976441], [17.97551858, 59.86943461], [17.97552076, 59.86942944], [17.97566233, 59.86909447], [17.97578516, 59.8686471], [17.97584113, 59.8683058], [17.97585385, 59.86796351], [17.97580477, 59.86752172], [17.97573102, 59.86718138], [17.97561437, 59.86684399], [17.97545539, 59.86651106], [17.97519657, 59.86608803], [17.97495504, 59.86576783], [17.97467331, 59.865456], [17.97425745, 59.8650659], [17.97389947, 59.86477447], [17.97350545, 59.86449509], [17.97294798, 59.86415238], [17.97248672, 59.8639003], [17.97199442, 59.86366338], [17.9714732, 59.86344256], [17.97076843, 59.8631771], [17.97019569, 59.86299122], [17.96942236, 59.8627795], [17.96880734, 59.86263149], [17.96817496, 59.86250336], [17.9673244, 59.86236874], [17.96666476, 59.86228183], [17.96599552, 59.86221615], [17.96531921, 59.86217183], [17.96444601, 59.86214335], [17.96376413, 59.86214235], [17.9630833, 59.86216316], [17.96222423, 59.86221727], [17.9615543, 59.86228113], [17.96089362, 59.86236615], [17.96007027, 59.86250065], [17.95943638, 59.86262702], [17.95881973, 59.8627733], [17.95806158, 59.86298349], [17.95748675, 59.86316781], [17.95679453, 59.86342889], [17.95627082, 59.86364817], [17.9557758, 59.86388379], [17.95532566, 59.86412702], [17.95488464, 59.86373464], [17.9545968, 59.86346279], [17.95434303, 59.86325612], [17.95414316, 59.86306737], [17.95378538, 59.86277589], [17.95296307, 59.86222999], [17.95243518, 59.86194044], [17.95194304, 59.86170344], [17.95142199, 59.86148254], [17.9508431, 59.86126716], [17.95020974, 59.86105875], [17.94943001, 59.860836], [17.94881512, 59.8606879], [17.94818284, 59.86055968], [17.94748862, 59.8604455], [17.94714312, 59.86039997], [17.94681498, 59.86034246], [17.94667602, 59.86024378], [17.94639236, 59.86006633], [17.94619713, 59.85974954], [17.94594182, 59.85941289], [17.94566041, 59.859101], [17.94536112, 59.85881825], [17.94497643, 59.85844434], [17.94448827, 59.85805118], [17.94409457, 59.85777171], [17.94366623, 59.85750523], [17.94320529, 59.85725304], [17.94271328, 59.85701601], [17.94236712, 59.85686914], [17.94193282, 59.85665992], [17.94141192, 59.85643898], [17.9407069, 59.85617967], [17.94013445, 59.85599365], [17.93953979, 59.85582628], [17.93874913, 59.8556392], [17.93811698, 59.85551093], [17.93747, 59.85540302], [17.93681057, 59.85531595], [17.9359541, 59.85522915], [17.93527796, 59.85518467], [17.9345977, 59.85516193], [17.93372385, 59.85515869], [17.93304314, 59.85517925], [17.93217743, 59.85523834], [17.93150758, 59.85530205], [17.93084695, 59.85538692], [17.93050555, 59.85506232], [17.92786158, 59.85286569], [17.92783974, 59.85261734], [17.92781609, 59.85249066], [17.92781665, 59.85248867], [17.92787787, 59.85205089], [17.92789108, 59.8517086], [17.927861, 59.85136646], [17.92777277, 59.85098267], [17.92768435, 59.85061677], [17.92756825, 59.85027933], [17.92740983, 59.84994633], [17.92714293, 59.84952843], [17.926902, 59.84920823], [17.92662086, 59.84889629], [17.92620037, 59.84851163], [17.92584299, 59.84822006], [17.92544955, 59.84794044], [17.9250215, 59.84767399], [17.92456083, 59.84742164], [17.9239386, 59.84711368], [17.92341797, 59.84689276], [17.92271511, 59.84663214], [17.92214307, 59.84644604], [17.92154851, 59.84627849], [17.92093417, 59.84613034], [17.92012764, 59.84596166], [17.91948075, 59.84585366], [17.91861784, 59.8457421], [17.91780755, 59.84566637], [17.91690376, 59.84561418], [17.9164786, 59.84555965], [17.91580965, 59.84549371], [17.91505605, 59.84544654], [17.91425192, 59.84536356], [17.91352342, 59.84531537], [17.91279029, 59.84529172], [17.91210875, 59.84529045], [17.91137522, 59.84531271], [17.91064631, 59.8453592], [17.90997661, 59.84542279], [17.90926491, 59.84551462], [17.90861655, 59.84562031], [17.90793311, 59.84575598], [17.90726899, 59.84591394], [17.90667221, 59.8460793], [17.90605239, 59.84627769], [17.90563547, 59.84643063], [17.90536739, 59.8463434], [17.90477291, 59.84617578], [17.90415864, 59.84602755], [17.90349553, 59.84589162], [17.9028487, 59.84578354], [17.90218954, 59.8456963], [17.9020451, 59.84568116], [17.9018466, 59.84555752], [17.90138613, 59.84530509], [17.90093989, 59.84507741], [17.90058654, 59.84490688], [17.90047102, 59.84482472], [17.90004335, 59.84455818], [17.89948886, 59.8442487], [17.89899736, 59.8440115], [17.89847694, 59.84379048], [17.89769911, 59.84350955], [17.89749533, 59.84342303], [17.89694813, 59.84321894], [17.89665678, 59.84311927], [17.89608494, 59.84293305], [17.89549058, 59.84276539], [17.89509281, 59.84266931], [17.89504798, 59.84264478], [17.89500258, 59.84260176], [17.89475288, 59.84228494], [17.89458765, 59.84210136], [17.89445804, 59.84188897], [17.89421748, 59.84156871], [17.89419386, 59.84153751], [17.89441054, 59.84122695], [17.89459464, 59.84089735], [17.89473692, 59.84056246], [17.8948366, 59.84022375], [17.89490112, 59.83975314], [17.89494802, 59.8394711], [17.89496156, 59.83912881], [17.89493184, 59.83878666], [17.89485899, 59.83844627], [17.89474326, 59.8381088], [17.89458523, 59.83777576], [17.89438545, 59.8374484], [17.89433084, 59.83737558], [17.89412784, 59.83704155], [17.89388731, 59.83672129], [17.89360659, 59.83640927], [17.89328726, 59.83610682], [17.8929303, 59.83581517], [17.89253729, 59.83553544], [17.89210966, 59.83526888], [17.8916494, 59.83501641], [17.89115809, 59.83477918], [17.89063787, 59.83455813], [17.89009087, 59.83435401], [17.88951922, 59.83416777], [17.88892504, 59.83400007], [17.88862317, 59.8339272], [17.88798676, 59.8336882], [17.88741514, 59.83350195], [17.88682099, 59.83333425], [17.88603536, 59.8331428], [17.88548849, 59.83303146], [17.88515721, 59.83287891], [17.88463706, 59.83265783], [17.88409012, 59.83245369], [17.88335643, 59.83221572], [17.88295453, 59.83210227], [17.8828266, 59.8319811], [17.88236863, 59.83160737], [17.88197576, 59.83132762], [17.88154827, 59.83106102], [17.8809571, 59.83073799], [17.88046593, 59.83050072], [17.87988768, 59.83025709], [17.87917629, 59.82999346], [17.87860477, 59.82980717], [17.87801073, 59.82963943], [17.87722228, 59.82945114], [17.87659086, 59.82932256], [17.87594443, 59.82921435], [17.87509893, 59.82910491], [17.87443038, 59.82903876], [17.873755, 59.82899396], [17.87288341, 59.82896763], [17.87220219, 59.82896616], [17.87152197, 59.82898649], [17.87084581, 59.82902838], [17.86996959, 59.82910886], [17.86921097, 59.82920671], [17.8685628, 59.82931221], [17.86817499, 59.82938723], [17.86759925, 59.82942296], [17.86672016, 59.82950285], [17.86605987, 59.8295874], [17.86522931, 59.82972676], [17.86459567, 59.82985268], [17.86397919, 59.82999851], [17.86338247, 59.83016368], [17.86264209, 59.83039899], [17.86209163, 59.83060078], [17.86156779, 59.83081969], [17.86093055, 59.83112182], [17.86046592, 59.83137232], [17.86003401, 59.8316371], [17.85965885, 59.8318755], [17.85914854, 59.83223191], [17.85878678, 59.83252211], [17.85846216, 59.83282318], [17.85817634, 59.83313401], [17.85790619, 59.8334799], [17.85770104, 59.8338064], [17.85753731, 59.83413883], [17.85741592, 59.83447583], [17.85739769, 59.834555], [17.85722711, 59.83471313], [17.85694126, 59.83502396], [17.85668061, 59.83535912], [17.85644233, 59.83575282], [17.85621913, 59.83583465], [17.85569517, 59.83605354], [17.85505684, 59.83635324], [17.8545921, 59.83660371], [17.85416007, 59.83686848], [17.85364688, 59.83722376], [17.85328503, 59.83751395], [17.85296031, 59.83781501], [17.85259133, 59.83821297], [17.85241154, 59.8384463], [17.85211688, 59.83881848], [17.85189527, 59.83916869], [17.85179895, 59.83936427], [17.85145047, 59.83926583], [17.85078912, 59.8391066], [17.85010055, 59.83896818], [17.84945403, 59.83885992], [17.84879951, 59.83876666], [17.84789052, 59.83862572], [17.84797225, 59.83924271], [17.8492384, 59.84051839], [17.84939056, 59.84094458], [17.84993609, 59.8417408], [17.85009237, 59.84238537], [17.85035693, 59.84277265], [17.85068279, 59.84353725], [17.85083053, 59.84408004], [17.8515293, 59.8464952], [17.85233081, 59.84740058], [17.85245774, 59.84832058], [17.85349846, 59.84863794], [17.85349385, 59.84914801], [17.85453209, 59.84999964], [17.85432783, 59.85155816], [17.85498655, 59.85304936], [17.85539664, 59.85389036], [17.84996624, 59.85473661], [17.85045004, 59.85690634], [17.84810275, 59.85717392], [17.84824452, 59.86072036], [17.84743789, 59.86073781], [17.84780045, 59.86308732], [17.84734133, 59.86318627], [17.84762015, 59.86334931], [17.84823225, 59.8636626], [17.84873848, 59.86389203], [17.84927262, 59.86410496], [17.84999238, 59.86435393], [17.85057592, 59.86453111], [17.85118069, 59.86468941], [17.85180425, 59.86482807], [17.85262152, 59.86498347], [17.85327505, 59.86508141], [17.85412802, 59.8651771], [17.85480106, 59.86523266], [17.85547962, 59.86526672], [17.85635328, 59.86527885], [17.85703519, 59.86526953], [17.85771435, 59.86523843], [17.85857669, 59.8651668], [17.85907345, 59.86511163], [17.85954292, 59.86523448], [17.86016653, 59.8653731], [17.86080625, 59.86549161], [17.86145981, 59.86558952], [17.86212439, 59.86566643], [17.86292841, 59.86573204], [17.86360699, 59.86576605], [17.86428856, 59.86577835], [17.86497048, 59.86576899], [17.86564964, 59.86573786], [17.86632356, 59.86568519], [17.86698945, 59.86561122], [17.86764468, 59.86551609], [17.86836825, 59.86538489], [17.86899431, 59.8652489], [17.86960188, 59.86509327], [17.8701885, 59.8649186], [17.87075188, 59.86472566], [17.87138545, 59.86447541], [17.87189562, 59.86424814], [17.87261364, 59.8638824], [17.87306252, 59.86362448], [17.87399665, 59.86302521], [17.87486486, 59.86315905], [17.87552942, 59.8632359], [17.87620245, 59.86329135], [17.87693273, 59.86332902], [17.87737599, 59.86334745], [17.87805766, 59.86335967], [17.87873938, 59.86335025], [17.87960932, 59.86330795], [17.88028317, 59.86325521], [17.88094898, 59.86318117], [17.88160411, 59.86308597], [17.8824456, 59.86293801], [17.88307156, 59.86280195], [17.88390023, 59.86259802], [17.88466997, 59.86237202], [17.88527299, 59.86218399], [17.88585948, 59.86200925], [17.88647831, 59.86179643], [17.88701616, 59.86158584], [17.88742843, 59.86140351], [17.88822439, 59.8612053], [17.88865772, 59.86115707], [17.8893128, 59.86106184], [17.89013767, 59.8609168], [17.89076355, 59.8607807], [17.89137094, 59.86062497], [17.89212567, 59.86040366], [17.89268885, 59.86021063], [17.89322663, 59.86000001], [17.89360371, 59.85984718], [17.89461017, 59.85992934], [17.89528865, 59.8599632], [17.89621289, 59.85998571], [17.89689468, 59.85997619], [17.89778328, 59.85993444], [17.8986639, 59.85985863], [17.89894316, 59.86004436], [17.89961527, 59.86047845], [17.90018745, 59.86081036], [17.90066383, 59.86105525], [17.90117037, 59.86128448], [17.90185778, 59.86155554], [17.90241794, 59.8617507], [17.90300171, 59.86192765], [17.90377946, 59.86212789], [17.90440305, 59.8622663], [17.905043, 59.8623846], [17.90589961, 59.86250897], [17.90656422, 59.86258566], [17.90723728, 59.86264095], [17.90814115, 59.8626906], [17.90884618, 59.8627256], [17.9095277, 59.86273767], [17.91020953, 59.86272807], [17.9110797, 59.86268709], [17.91168152, 59.86264692], [17.91288247, 59.86261334], [17.91326639, 59.86267069], [17.91393103, 59.86274734], [17.9146041, 59.86280259], [17.91539799, 59.86284439], [17.91534212, 59.863088], [17.91530725, 59.86342996], [17.91531814, 59.86380496], [17.9152094, 59.86395451], [17.91500463, 59.8642811], [17.91479168, 59.86471612], [17.91467076, 59.86505307], [17.91459271, 59.86539329], [17.91455782, 59.86573526], [17.91455809, 59.86617409], [17.91458254, 59.8664028], [17.9143476, 59.86677884], [17.91418429, 59.86711134], [17.91406336, 59.86744828], [17.91397751, 59.8678141], [17.91393973, 59.86818191], [17.91394804, 59.86852426], [17.91400194, 59.86889588], [17.91407293, 59.86929937], [17.9141755, 59.86966811], [17.91431273, 59.87000357], [17.91450387, 59.87035885], [17.91474111, 59.87070718], [17.9148964, 59.87089527], [17.91503151, 59.87114408], [17.91525233, 59.87146807], [17.91553232, 59.87180953], [17.91585681, 59.87214093], [17.91596056, 59.87223188], [17.91617037, 59.87253419], [17.91636771, 59.87277318], [17.91642614, 59.87298254], [17.91656341, 59.873318], [17.91661124, 59.87341144], [17.91661141, 59.87341162], [17.91679082, 59.87374192], [17.91701168, 59.8740659], [17.91727285, 59.87438217], [17.91736385, 59.87447718], [17.91766461, 59.87478448], [17.9180423, 59.87511352], [17.91841812, 59.87539931], [17.91895542, 59.8757568], [17.91940042, 59.87601634], [17.91987732, 59.87626125], [17.92038408, 59.87649041], [17.92106218, 59.87676741], [17.9216227, 59.87696249], [17.92220684, 59.87713935], [17.92297757, 59.87734637], [17.92360166, 59.8774847], [17.92442341, 59.87763479], [17.92507739, 59.87773238], [17.92574235, 59.87780897], [17.92660604, 59.87787772], [17.92728493, 59.8779114], [17.92796676, 59.87792337], [17.92884076, 59.87790824], [17.9295201, 59.87787678], [17.93019416, 59.87782387], [17.93104652, 59.87772539], [17.9317018, 59.87763004], [17.93234375, 59.87751396], [17.93315866, 59.87733186], [17.93376614, 59.87717594], [17.9345356, 59.87694498], [17.93509881, 59.87675177], [17.9358043, 59.8764775], [17.9363142, 59.87624998], [17.93692245, 59.87593457], [17.93737099, 59.87567653], [17.93778589, 59.87540478], [17.93826333, 59.87503694], [17.93860637, 59.874741], [17.93901511, 59.87431136], [17.93966604, 59.87451135], [17.93983528, 59.87455698], [17.9404943, 59.87472679], [17.94071315, 59.87495017], [17.94081603, 59.87504211], [17.94115532, 59.87533916], [17.94157665, 59.87565737], [17.94176805, 59.87579027], [17.94211692, 59.8761455], [17.94245622, 59.87644254], [17.94286308, 59.87675012], [17.94327442, 59.87702318], [17.94375474, 59.87730297], [17.94427691, 59.87756924], [17.944784, 59.8777983], [17.94545333, 59.87808517], [17.94618766, 59.87840005], [17.94673048, 59.87863289], [17.94775298, 59.87905423], [17.94837426, 59.87927227], [17.94902423, 59.87946802], [17.94962973, 59.87962586], [17.95030734, 59.87979574], [17.95078628, 59.8799159], [17.95163429, 59.88010728], [17.95187648, 59.88022376], [17.95177165, 59.88043776], [17.95164362, 59.8808006], [17.95156591, 59.88114084], [17.9515314, 59.88148281], [17.95154047, 59.88187752], [17.95159244, 59.8822189], [17.95169513, 59.88258384], [17.9518328, 59.88291925], [17.95202534, 59.88327491], [17.95226412, 59.88362341], [17.952548, 59.88396336], [17.95284917, 59.88427058], [17.95321541, 59.88459], [17.95362255, 59.88489682], [17.95403408, 59.88516985], [17.95451438, 59.8854487], [17.95503654, 59.88571412], [17.95554369, 59.88594314], [17.95639137, 59.8862963], [17.95704758, 59.88657173], [17.95788727, 59.88692407], [17.95846288, 59.88716493], [17.9590478, 59.88739605], [17.9596542, 59.88760494], [17.96023872, 59.88778162], [17.96089233, 59.88795091], [17.96151678, 59.88808905], [17.96220748, 59.88821617], [17.96291322, 59.88832005], [17.96357847, 59.88839644], [17.96430484, 59.88845537], [17.96498397, 59.88848886], [17.96571908, 59.88850204], [17.96645452, 59.88849069], [17.9671866, 59.88845506]]]}, "properties": {"deso": "0380B5012", "pop": 1461.0, "income": 403.5, "male_frac": 0.5243, "child_frac": 0.1793, "elder_frac": 0.217, "dependency": 0.6565, "needZ": -0.1844, "needZ_v1": -0.1644, "regso": "0380R008", "higher_ed": 75.5, "neet": 9.8, "income_support": 0.2}}, {"type": "Feature", "geometry": {"type": "Polygon", "coordinates": [[[17.62402552, 59.86297961], [17.62407481, 59.86295088], [17.6250752, 59.86241732], [17.62610977, 59.86183942], [17.62715062, 59.86125565], [17.6283396, 59.86059902], [17.62850129, 59.86057423], [17.62786329, 59.86027277], [17.62768387, 59.86019227], [17.62693779, 59.8598574], [17.62685458, 59.85982007], [17.62683076, 59.85980941], [17.62541172, 59.85916414], [17.62469235, 59.85883105], [17.62404519, 59.8585284], [17.62384894, 59.85844339], [17.62383995, 59.85843953], [17.62270601, 59.85902846], [17.62223096, 59.85929338], [17.62095689, 59.85999449], [17.61993858, 59.8605493], [17.61942755, 59.86083469], [17.61940225, 59.86085199], [17.61937921, 59.86086439], [17.61991379, 59.86111029], [17.62051317, 59.86138597], [17.62083886, 59.86153587], [17.621119, 59.86166475], [17.62275055, 59.86240285], [17.62385903, 59.86290434], [17.62385991, 59.86290621], [17.62401132, 59.86297334], [17.62400906, 59.86297455], [17.62402326, 59.86298083], [17.62402552, 59.86297961]]]}, "properties": {"deso": "0380C1650", "pop": 1245.0, "income": 384.2, "male_frac": 0.4519, "child_frac": 0.0627, "elder_frac": 0.3486, "dependency": 0.6985, "needZ": -0.4804, "needZ_v1": 0.0742, "regso": "0380R005", "higher_ed": 96.7, "neet": 9.3, "income_support": 0.1}}, {"type": "Feature", "geometry": {"type": "Polygon", "coordinates": [[[17.64159386, 59.86149575], [17.64155469, 59.8614774], [17.64169569, 59.86140172], [17.6417724, 59.86136048], [17.64187661, 59.86140968], [17.6419132, 59.86138999], [17.64184817, 59.86135932], [17.64315422, 59.86063724], [17.64316959, 59.86060253], [17.64325854, 59.86056346], [17.64301396, 59.86043077], [17.64279324, 59.86033136], [17.64224924, 59.86006347], [17.64169679, 59.85980958], [17.64168166, 59.85980261], [17.64144027, 59.85969706], [17.64035896, 59.85922445], [17.64082337, 59.85896641], [17.64132106, 59.85868992], [17.64206865, 59.8582682], [17.64227306, 59.8581528], [17.64326772, 59.8576044], [17.64182067, 59.85700064], [17.64118348, 59.85675276], [17.64024999, 59.85640097], [17.63993232, 59.85627656], [17.63889645, 59.85712838], [17.63737449, 59.85793936], [17.63604749, 59.85864635], [17.63550819, 59.85893372], [17.63516009, 59.85906869], [17.63485306, 59.85914391], [17.63404107, 59.85942873], [17.63312886, 59.85994963], [17.63315892, 59.85996466], [17.63380252, 59.86023392], [17.63569542, 59.86108519], [17.6364447, 59.86140693], [17.63762718, 59.86199252], [17.63916779, 59.86271741], [17.63929718, 59.86277949], [17.64159386, 59.86149575]]]}, "properties": {"deso": "0380C1610", "pop": 1321.0, "income": 380.1, "male_frac": 0.4872, "child_frac": 0.0749, "elder_frac": 0.1938, "dependency": 0.3675, "needZ": -0.0934, "needZ_v1": -0.5318, "regso": "0380R034", "higher_ed": 82.4, "neet": 17.2, "income_support": 0.4}}, {"type": "Feature", "geometry": {"type": "Polygon", "coordinates": [[[17.62234706, 59.86671331], [17.62270789, 59.86669517], [17.62297491, 59.86668122], [17.62300968, 59.86667945], [17.62367548, 59.86664472], [17.62503941, 59.86658753], [17.62617986, 59.86653972], [17.62654281, 59.86653913], [17.6265596, 59.86653906], [17.62656073, 59.8665385], [17.62656927, 59.8665421], [17.62668879, 59.86647361], [17.62727764, 59.86613598], [17.62786575, 59.86583582], [17.62841476, 59.86555557], [17.62932534, 59.86491797], [17.62887473, 59.8648622], [17.62859711, 59.86481826], [17.62832389, 59.86476829], [17.62820383, 59.86474033], [17.62807447, 59.86471021], [17.62783004, 59.8646462], [17.62661378, 59.8641468], [17.62653787, 59.86411257], [17.62423842, 59.86307561], [17.62402326, 59.86298083], [17.62384607, 59.86307822], [17.62381265, 59.8630841], [17.61990002, 59.8652672], [17.6198094, 59.86534365], [17.61996018, 59.86541197], [17.62112668, 59.86593128], [17.62154764, 59.86613245], [17.62208314, 59.86638883], [17.62211844, 59.86642172], [17.62217279, 59.86647211], [17.62224367, 59.86656968], [17.62225388, 59.86661699], [17.62228779, 59.8666659], [17.62227673, 59.86671624], [17.62234706, 59.86671331]]]}, "properties": {"deso": "0380C1780", "pop": 1292.0, "income": 377.3, "male_frac": 0.478, "child_frac": 0.0681, "elder_frac": 0.2957, "dependency": 0.5718, "needZ": -0.5079, "needZ_v1": -0.1143, "regso": "0380R029", "higher_ed": 91.4, "neet": 8.4, "income_support": 0.1}}, {"type": "Feature", "geometry": {"type": "Polygon", "coordinates": [[[17.60904655, 59.86735034], [17.61132873, 59.86727751], [17.61259662, 59.86722739], [17.61804519, 59.86693977], [17.62227673, 59.86671624], [17.62228779, 59.8666659], [17.62225388, 59.86661699], [17.62224367, 59.86656968], [17.62217279, 59.86647211], [17.62211844, 59.86642172], [17.62208314, 59.86638883], [17.62154764, 59.86613245], [17.62112668, 59.86593128], [17.61996018, 59.86541197], [17.6198094, 59.86534365], [17.61973529, 59.86531162], [17.61813835, 59.86459516], [17.61663676, 59.86393069], [17.6150077, 59.86324053], [17.61465012, 59.86308379], [17.61431435, 59.8629366], [17.61431386, 59.86293607], [17.61430941, 59.8629375], [17.61281836, 59.86321448], [17.61261483, 59.86327133], [17.61260546, 59.86327394], [17.61240538, 59.86332974], [17.61196301, 59.86347792], [17.61175824, 59.8635772], [17.61175597, 59.86357832], [17.61150082, 59.86370195], [17.61094077, 59.86401576], [17.6107338, 59.86416214], [17.61031584, 59.86460877], [17.60977168, 59.86553143], [17.60926288, 59.86605611], [17.60923235, 59.86608761], [17.60801041, 59.86735182], [17.60795849, 59.86740549], [17.60904655, 59.86735034]]]}, "properties": {"deso": "0380C1790", "pop": 1674.0, "income": 396.2, "male_frac": 0.4602, "child_frac": 0.1266, "elder_frac": 0.3082, "dependency": 0.7696, "needZ": -0.3398, "needZ_v1": 0.1136, "regso": "0380R014", "higher_ed": 87.5, "neet": 8.6, "income_support": 0.1}}, {"type": "Feature", "geometry": {"type": "Polygon", "coordinates": [[[17.65798216, 59.8886706], [17.65950696, 59.88815135], [17.66500421, 59.88611404], [17.66167457, 59.88520203], [17.65982056, 59.88480959], [17.65848788, 59.88456397], [17.65554541, 59.88410146], [17.65554422, 59.8841013], [17.65547816, 59.88409356], [17.64727087, 59.88312603], [17.64592588, 59.8829144], [17.64553172, 59.88286582], [17.64553118, 59.88286637], [17.64553057, 59.88286621], [17.64518875, 59.88319769], [17.64518106, 59.88320297], [17.64500817, 59.8833198], [17.64479281, 59.88345122], [17.64454119, 59.88360485], [17.64395535, 59.88399881], [17.64357763, 59.88426472], [17.64324137, 59.8846463], [17.64304779, 59.8850261], [17.64300887, 59.88561037], [17.64311679, 59.88595017], [17.64341089, 59.88636598], [17.64341106, 59.88636625], [17.64344324, 59.88640953], [17.64344704, 59.88641466], [17.64404079, 59.88702288], [17.64494461, 59.88799854], [17.64602505, 59.88911463], [17.64606697, 59.88910418], [17.64628891, 59.88904951], [17.64691126, 59.8889099], [17.64713754, 59.88882649], [17.64778852, 59.88859289], [17.64861164, 59.88829411], [17.64920534, 59.88806345], [17.64925009, 59.88804602], [17.64925517, 59.88804502], [17.64940783, 59.88801464], [17.65010818, 59.88775534], [17.65039197, 59.88765019], [17.65036958, 59.88763375], [17.6501504, 59.88747307], [17.65015185, 59.88747268], [17.65015154, 59.88747251], [17.65103527, 59.88723196], [17.65183839, 59.88693455], [17.65215668, 59.88681667], [17.65330613, 59.88639093], [17.65368076, 59.88641949], [17.65457074, 59.88702637], [17.65478841, 59.88703492], [17.65519295, 59.88731069], [17.65512003, 59.88743864], [17.65508795, 59.88756863], [17.65618282, 59.88833512], [17.65669576, 59.88866466], [17.65719702, 59.88894378], [17.65798216, 59.8886706]]]}, "properties": {"deso": "0380C2180", "pop": 1446.0, "income": 303.2, "male_frac": 0.4969, "child_frac": 0.1757, "elder_frac": 0.2026, "dependency": 0.6085, "needZ": 0.712, "needZ_v1": 0.5611, "regso": "0380R023", "higher_ed": 62.1, "neet": 14.8, "income_support": 0.8}}, {"type": "Feature", "geometry": {"type": "Polygon", "coordinates": [[[17.62475782, 59.81239426], [17.62541656, 59.81209484], [17.62576232, 59.81193766], [17.62645457, 59.81178955], [17.62618226, 59.81123746], [17.62573983, 59.81064456], [17.62525916, 59.81021034], [17.62499191, 59.80996893], [17.62475621, 59.80975644], [17.62473629, 59.80973879], [17.62352644, 59.80868657], [17.62316662, 59.80877316], [17.62288453, 59.80883088], [17.62265398, 59.80885201], [17.62229927, 59.80888387], [17.62190982, 59.80893413], [17.62166384, 59.80900038], [17.62138424, 59.80910296], [17.62128817, 59.80916605], [17.62121201, 59.80921311], [17.62097142, 59.80937806], [17.62066249, 59.80959772], [17.62026784, 59.80988153], [17.61996229, 59.81012196], [17.61949863, 59.80996332], [17.61899953, 59.81001458], [17.61878653, 59.81007209], [17.61838347, 59.81037635], [17.61852174, 59.81041986], [17.62045893, 59.81108818], [17.62135514, 59.81131212], [17.62128551, 59.8115828], [17.62127399, 59.81167393], [17.62151112, 59.81174187], [17.6217482, 59.81182221], [17.62203541, 59.81190415], [17.6222529, 59.81197293], [17.62256206, 59.81208533], [17.62288998, 59.8122155], [17.62318235, 59.81234611], [17.6233504, 59.81248746], [17.6236279, 59.81267218], [17.62375942, 59.81279602], [17.62377804, 59.81281397], [17.62475782, 59.81239426]]]}, "properties": {"deso": "0380C1130", "pop": 1353.0, "income": 212.8, "male_frac": 0.5197, "child_frac": 0.204, "elder_frac": 0.1308, "dependency": 0.5033, "needZ": 2.2807, "needZ_v1": 1.0955, "regso": "0380R033", "higher_ed": 56.7, "neet": 28.9, "income_support": 4.1}}, {"type": "Feature", "geometry": {"type": "Polygon", "coordinates": [[[17.63606304, 59.81301203], [17.63571422, 59.81292147], [17.63595118, 59.81275037], [17.63622597, 59.81262431], [17.63670456, 59.81248277], [17.63681157, 59.81225121], [17.63668297, 59.81206444], [17.63640877, 59.81190933], [17.63597796, 59.81179177], [17.6356149, 59.81166422], [17.63539857, 59.81123255], [17.63535016, 59.81061966], [17.63624797, 59.80919107], [17.63538992, 59.80882715], [17.63431758, 59.80800061], [17.63256059, 59.8076438], [17.63287697, 59.80724557], [17.63042593, 59.80676367], [17.63145047, 59.80586497], [17.63148327, 59.80576811], [17.62968058, 59.80513732], [17.62958597, 59.80483974], [17.62937479, 59.80459875], [17.62836473, 59.80441567], [17.62806678, 59.80481847], [17.62745246, 59.80558095], [17.62684046, 59.80601283], [17.62582685, 59.80649702], [17.62602735, 59.80664176], [17.62804867, 59.80774798], [17.62789876, 59.80790044], [17.62710792, 59.80893772], [17.62692996, 59.80917104], [17.62687824, 59.8092389], [17.62600144, 59.80978647], [17.62589084, 59.80985559], [17.62521822, 59.81005271], [17.62536343, 59.81015059], [17.62525916, 59.81021034], [17.62573983, 59.81064456], [17.62618226, 59.81123746], [17.62645457, 59.81178955], [17.62726077, 59.81179052], [17.62904042, 59.8121958], [17.62980136, 59.81233706], [17.63046714, 59.81241115], [17.63046965, 59.81242062], [17.63136097, 59.81238536], [17.63189826, 59.81229601], [17.63200496, 59.81227825], [17.63288651, 59.81206146], [17.63328587, 59.81251857], [17.63334652, 59.81304849], [17.6341334, 59.81306138], [17.63475726, 59.8131723], [17.63519343, 59.81328689], [17.63571727, 59.81335669], [17.63606304, 59.81301203]]]}, "properties": {"deso": "0380C1110", "pop": 1719.0, "income": 274.4, "male_frac": 0.4886, "child_frac": 0.1588, "elder_frac": 0.2292, "dependency": 0.634, "needZ": 1.1223, "needZ_v1": 0.8454, "regso": "0380R016", "higher_ed": 61.8, "neet": 19.0, "income_support": 1.3}}, {"type": "Feature", "geometry": {"type": "Polygon", "coordinates": [[[17.6505865, 59.81080244], [17.65169169, 59.80790164], [17.64831666, 59.8078166], [17.64227419, 59.80554236], [17.64069856, 59.80494776], [17.63999443, 59.80523506], [17.6390539, 59.80572399], [17.63849658, 59.80612573], [17.63790629, 59.80649929], [17.63718479, 59.80735461], [17.63624797, 59.80919107], [17.63535016, 59.81061966], [17.63539857, 59.81123255], [17.6356149, 59.81166422], [17.63597796, 59.81179177], [17.63640877, 59.81190933], [17.63668297, 59.81206444], [17.63681157, 59.81225121], [17.63670456, 59.81248277], [17.63622597, 59.81262431], [17.63595118, 59.81275037], [17.63571422, 59.81292147], [17.63606304, 59.81301203], [17.63656785, 59.81312955], [17.6372456, 59.81320201], [17.63774773, 59.81321484], [17.63844374, 59.81312947], [17.63885167, 59.8130355], [17.63967726, 59.81284054], [17.64023724, 59.81272026], [17.641036, 59.81259526], [17.6417597, 59.81252908], [17.64266987, 59.81251654], [17.64350377, 59.81254568], [17.64523628, 59.81270585], [17.64975964, 59.81315409], [17.6505865, 59.81080244]]]}, "properties": {"deso": "0380C1211", "pop": 1251.0, "income": 281.6, "male_frac": 0.4791, "child_frac": 0.1934, "elder_frac": 0.0328, "dependency": 0.2924, "needZ": 0.4274, "needZ_v1": 0.1266, "regso": "0380R003", "higher_ed": 76.6, "neet": 11.8, "income_support": 2.3}}, {"type": "Feature", "geometry": {"type": "Polygon", "coordinates": [[[17.7089799, 59.81119024], [17.70883375, 59.81103678], [17.70867883, 59.80858321], [17.70855579, 59.8085694], [17.7063756, 59.80853048], [17.70572244, 59.80828154], [17.70170246, 59.80789351], [17.7007522, 59.80771802], [17.69342794, 59.80735606], [17.69255994, 59.80761242], [17.69103437, 59.80776626], [17.68948306, 59.80775407], [17.68852653, 59.80791062], [17.68862569, 59.80802968], [17.69152403, 59.81124238], [17.69235089, 59.81213351], [17.69935482, 59.8120466], [17.70010822, 59.81206715], [17.70156007, 59.81184924], [17.70179598, 59.81201264], [17.70203093, 59.81197889], [17.70298192, 59.8118423], [17.70320113, 59.81185207], [17.70339591, 59.81212483], [17.70451973, 59.8123058], [17.70468035, 59.81231858], [17.7077581, 59.81214323], [17.7100822, 59.81235378], [17.7089799, 59.81119024]]]}, "properties": {"deso": "0380C1140", "pop": 1621.0, "income": 308.4, "male_frac": 0.4936, "child_frac": 0.1857, "elder_frac": 0.1666, "dependency": 0.5438, "needZ": 0.77, "needZ_v1": 0.3938, "regso": "0380R032", "higher_ed": 66.7, "neet": 17.5, "income_support": 1.3}}, {"type": "Feature", "geometry": {"type": "Polygon", "coordinates": [[[17.62057485, 59.8147062], [17.62250042, 59.81336124], [17.62377804, 59.81281397], [17.62375942, 59.81279602], [17.6236279, 59.81267218], [17.6233504, 59.81248746], [17.62318235, 59.81234611], [17.62288998, 59.8122155], [17.62256206, 59.81208533], [17.6222529, 59.81197293], [17.62203541, 59.81190415], [17.6217482, 59.81182221], [17.62151112, 59.81174187], [17.62127399, 59.81167393], [17.62128551, 59.8115828], [17.62135514, 59.81131212], [17.62045893, 59.81108818], [17.61852174, 59.81041986], [17.61838347, 59.81037635], [17.61826147, 59.81033791], [17.61779172, 59.8102984], [17.61751234, 59.81019599], [17.61737112, 59.8101017], [17.61692416, 59.80979774], [17.61692277, 59.80979876], [17.6169223, 59.80979841], [17.61616817, 59.81037463], [17.61577674, 59.8106738], [17.61552186, 59.81086885], [17.61492543, 59.81132417], [17.61465858, 59.81152798], [17.6145602, 59.81162758], [17.61447967, 59.81172978], [17.6144736, 59.8117387], [17.61444198, 59.81178559], [17.61437133, 59.81189002], [17.61418591, 59.81200141], [17.61383038, 59.8122148], [17.61341192, 59.81246609], [17.61295285, 59.81274171], [17.61282474, 59.81281863], [17.61282853, 59.81282197], [17.6129353, 59.81291758], [17.61347156, 59.81339457], [17.61423528, 59.81365066], [17.61408475, 59.81379629], [17.61488516, 59.81389176], [17.6151325, 59.81366578], [17.61513315, 59.81366658], [17.61513494, 59.81366502], [17.61547796, 59.81387925], [17.61612703, 59.81401401], [17.61905519, 59.81443152], [17.61943709, 59.81452038], [17.62049365, 59.81476602], [17.62057485, 59.8147062]]]}, "properties": {"deso": "0380C1150", "pop": 1831.0, "income": 212.8, "male_frac": 0.5311, "child_frac": 0.2392, "elder_frac": 0.1032, "dependency": 0.5208, "needZ": 2.2951, "needZ_v1": 1.1291, "regso": "0380R033", "higher_ed": 56.7, "neet": 28.9, "income_support": 4.1}}, {"type": "Feature", "geometry": {"type": "Polygon", "coordinates": [[[17.80583805, 60.14856184], [17.80878844, 60.14771374], [17.81360331, 60.14771444], [17.81633054, 60.14703108], [17.81906974, 60.14651987], [17.82077922, 60.14621702], [17.82393106, 60.14572692], [17.82747286, 60.14394514], [17.83872425, 60.14156194], [17.84104901, 60.14082263], [17.84311062, 60.1400839], [17.85198112, 60.13593397], [17.85078456, 60.13283263], [17.84866945, 60.1273177], [17.8464204, 60.12714512], [17.84705377, 60.1258897], [17.84806727, 60.12580618], [17.84740121, 60.12400841], [17.84591509, 60.11156436], [17.84975364, 60.11144373], [17.85470685, 60.11095974], [17.86081344, 60.10902719], [17.85887068, 60.10795253], [17.85246264, 60.10565803], [17.84851332, 60.10554165], [17.84644895, 60.10638054], [17.84542933, 60.10742994], [17.84479271, 60.10329966], [17.84406775, 60.10212556], [17.84326422, 60.09856496], [17.83935978, 60.09257158], [17.83822148, 60.08813477], [17.83763326, 60.0858415], [17.83310571, 60.07886227], [17.83248023, 60.07803245], [17.83049204, 60.07522828], [17.83038984, 60.07508423], [17.83037972, 60.07506999], [17.83018448, 60.07476408], [17.83003075, 60.07458268], [17.82996133, 60.07450099], [17.82995158, 60.07448934], [17.82959488, 60.07402071], [17.82958513, 60.07400735], [17.82604133, 60.06910605], [17.8240548, 60.0645943], [17.82277134, 60.05897027], [17.82027769, 60.05207899], [17.81684112, 60.04576111], [17.81673537, 60.04557194], [17.81562726, 60.04358844], [17.81543826, 60.04337805], [17.81533135, 60.04325852], [17.81425815, 60.0422154], [17.80369976, 60.03194884], [17.79688894, 60.02641928], [17.79375026, 60.02080125], [17.79373564, 60.02077533], [17.79716306, 60.00990368], [17.79716936, 60.00988361], [17.79644197, 60.00615895], [17.79643999, 60.00614956], [17.79581888, 60.00324331], [17.79398312, 59.9990415], [17.79397383, 59.99902436], [17.79357177, 59.9982194], [17.77758133, 59.99619046], [17.73485183, 59.99687671], [17.70972524, 59.99482004], [17.67334868, 59.99431789], [17.67070215, 59.99729737], [17.669478, 59.99686295], [17.66754836, 59.99617826], [17.66576631, 59.9955458], [17.66356279, 59.99476374], [17.66184377, 59.99415358], [17.65930909, 59.99406473], [17.65819072, 59.99402555], [17.65814727, 59.994024], [17.65611777, 59.99386662], [17.65401953, 59.99370385], [17.65140811, 59.99457318], [17.64768715, 59.99581171], [17.64604123, 59.99635948], [17.64442708, 59.99689663], [17.64283623, 59.99742602], [17.64165698, 59.99747936], [17.64005285, 59.99755187], [17.63820734, 59.99763539], [17.63317545, 59.99786269], [17.62792014, 59.99884435], [17.62384147, 59.99960598], [17.62269627, 60.00099249], [17.62268345, 60.00100802], [17.62227992, 60.00149721], [17.62093348, 60.00323388], [17.62035516, 60.00396743], [17.61874189, 60.00389695], [17.6167651, 60.00381058], [17.61503324, 60.00373487], [17.61299234, 60.00364567], [17.61107052, 60.00370453], [17.61059698, 60.0038824], [17.60995002, 60.0041255], [17.60947532, 60.00430383], [17.60786024, 60.0049106], [17.60695407, 60.00525338], [17.60707668, 60.00568515], [17.60711735, 60.00583704], [17.60716592, 60.00600863], [17.60722782, 60.00622729], [17.60723348, 60.00624846], [17.60735653, 60.00668193], [17.6074709, 60.00708585], [17.60760721, 60.00756729], [17.6081246, 60.00939471], [17.60932529, 60.01115582], [17.60993715, 60.01205325], [17.61033002, 60.0126295], [17.61070365, 60.01317738], [17.61085593, 60.01340081], [17.61076239, 60.01364625], [17.61075663, 60.01366137], [17.61072869, 60.01374806], [17.6106064, 60.01412611], [17.61060175, 60.0141403], [17.61044391, 60.01457797], [17.61031529, 60.01502414], [17.61018967, 60.01541268], [17.61011429, 60.01570653], [17.61007538, 60.01585856], [17.61005146, 60.01599053], [17.61000246, 60.01626051], [17.60998604, 60.01635066], [17.60993103, 60.01659884], [17.60988257, 60.01681752], [17.60982629, 60.01706834], [17.60977018, 60.01731762], [17.60974152, 60.01748517], [17.60968737, 60.01780061], [17.60958725, 60.01824441], [17.60958409, 60.01825876], [17.60947946, 60.0187278], [17.60938185, 60.0192542], [17.60927943, 60.01976452], [17.60920201, 60.02022224], [17.60911267, 60.02066772], [17.60907395, 60.0209199], [17.60907259, 60.02109777], [17.60904186, 60.02155646], [17.60899353, 60.02202089], [17.60897415, 60.02248834], [17.60893566, 60.02342863], [17.60890635, 60.02390705], [17.60887747, 60.02434235], [17.60882361, 60.02478174], [17.60874915, 60.02523223], [17.60867681, 60.02571141], [17.60859824, 60.02615659], [17.60853491, 60.02646475], [17.60848996, 60.02668319], [17.60840455, 60.02718059], [17.60837364, 60.02739498], [17.60838842, 60.02764439], [17.6083744, 60.02796407], [17.60836832, 60.02810287], [17.60835945, 60.02856661], [17.60834812, 60.0288265], [17.60833145, 60.02921028], [17.60831201, 60.02977473], [17.60832801, 60.03048068], [17.60832921, 60.03064035], [17.60833431, 60.03124564], [17.60842677, 60.03177035], [17.60831607, 60.03197355], [17.60823381, 60.03207568], [17.60800237, 60.03239256], [17.60794282, 60.03251041], [17.60788252, 60.03271639], [17.60785447, 60.03287144], [17.60782956, 60.03301555], [17.60787865, 60.03329437], [17.60788449, 60.03332713], [17.60794319, 60.03349133], [17.60797391, 60.03367809], [17.60798226, 60.03372957], [17.60806396, 60.03391129], [17.60808167, 60.03400624], [17.60809362, 60.03401884], [17.60813631, 60.03406453], [17.60830106, 60.03425547], [17.60839388, 60.03434534], [17.60844992, 60.03437819], [17.60848019, 60.03439591], [17.60864359, 60.03446831], [17.60883737, 60.03456536], [17.60852445, 60.03480112], [17.60799663, 60.03514136], [17.60774861, 60.03533281], [17.60755355, 60.03551244], [17.6074372, 60.0356386], [17.60736817, 60.03571712], [17.60733788, 60.03575176], [17.60725601, 60.03590778], [17.60717284, 60.03609615], [17.60709244, 60.0361731], [17.6069497, 60.03623322], [17.60673978, 60.03630895], [17.60638118, 60.03643145], [17.60629495, 60.0364609], [17.60616967, 60.03651529], [17.60592991, 60.03662385], [17.60572992, 60.0367354], [17.6055529, 60.03686797], [17.60533754, 60.03701386], [17.60525831, 60.03705135], [17.6050703, 60.03714021], [17.60436492, 60.0374737], [17.60084795, 60.03913631], [17.60082983, 60.03914493], [17.59953063, 60.03966226], [17.59779802, 60.04035221], [17.59172614, 60.0424034], [17.58849144, 60.04339555], [17.5852926, 60.04389991], [17.58443425, 60.04403527], [17.58172671, 60.04468182], [17.58128662, 60.0447285], [17.57921845, 60.04539322], [17.57863848, 60.04567077], [17.57722194, 60.04593885], [17.57375875, 60.04600959], [17.56994513, 60.04632229], [17.57021468, 60.04709155], [17.57022861, 60.04714113], [17.5705699, 60.04834885], [17.5709828, 60.04954744], [17.57555469, 60.04863504], [17.57812145, 60.04812268], [17.58422679, 60.04690385], [17.58986531, 60.04597654], [17.59018749, 60.04682351], [17.59023515, 60.04693656], [17.59053032, 60.0476372], [17.59082456, 60.04833526], [17.5912837, 60.04942467], [17.59140236, 60.04970617], [17.59144349, 60.0498038], [17.59152212, 60.04999044], [17.59190903, 60.05090817], [17.58913922, 60.05189399], [17.58879217, 60.05201755], [17.58837047, 60.05216764], [17.58783777, 60.05235717], [17.58700904, 60.0526522], [17.58774552, 60.05317679], [17.58890362, 60.05400155], [17.58997877, 60.05476721], [17.5934671, 60.05725121], [17.59336586, 60.05736394], [17.5931797, 60.05743487], [17.59293404, 60.05747077], [17.59271519, 60.05753677], [17.59259711, 60.05760483], [17.59250446, 60.05767977], [17.59237313, 60.05776785], [17.59212764, 60.05787021], [17.59182187, 60.05798408], [17.59101869, 60.05831348], [17.59070719, 60.05845261], [17.59045755, 60.05848139], [17.5901989, 60.0585426], [17.59001683, 60.05862242], [17.58978078, 60.05876402], [17.58949753, 60.05883092], [17.58926622, 60.05886662], [17.58908276, 60.05892312], [17.58902453, 60.0589742], [17.58886655, 60.05909855], [17.58876706, 60.059179], [17.58865446, 60.05927938], [17.58852597, 60.05935663], [17.58834099, 60.05938621], [17.58818228, 60.05943521], [17.5880423, 60.05950002], [17.58788677, 60.05960285], [17.58767448, 60.05972081], [17.58730304, 60.05981772], [17.58695237, 60.05989995], [17.5866829, 60.05995947], [17.58638361, 60.06000153], [17.58616678, 60.06003873], [17.58606632, 60.06010124], [17.58588436, 60.06018465], [17.58568967, 60.06023408], [17.58547229, 60.06026241], [17.58527718, 60.06030467], [17.58505313, 60.06040489], [17.58417675, 60.06239131], [17.58374576, 60.06336799], [17.582241, 60.06715687], [17.5817688, 60.06833788], [17.58159436, 60.06877412], [17.58154774, 60.06894749], [17.58140382, 60.06925083], [17.58123556, 60.06965426], [17.58072813, 60.07086712], [17.58163066, 60.07372182], [17.58244481, 60.07588062], [17.58560534, 60.07904336], [17.58520817, 60.08250036], [17.58500998, 60.08362554], [17.58159433, 60.08346539], [17.57770069, 60.08624058], [17.57652965, 60.08725527], [17.57602155, 60.08760262], [17.57428064, 60.08879258], [17.57331376, 60.08945153], [17.57710571, 60.09048597], [17.58252425, 60.08784288], [17.59178324, 60.08874505], [17.59082693, 60.09135103], [17.59144285, 60.09195091], [17.59283219, 60.09417598], [17.59613874, 60.09468965], [17.59871105, 60.09698144], [17.60066403, 60.095501], [17.6022288, 60.09589516], [17.60258205, 60.09584321], [17.6040542, 60.09591861], [17.61699451, 60.09665257], [17.61774339, 60.09623068], [17.61895772, 60.09546652], [17.6197978, 60.09519426], [17.6204805, 60.09506415], [17.62140374, 60.09486603], [17.62662325, 60.09668769], [17.62633197, 60.09704808], [17.62616297, 60.09717431], [17.62580402, 60.09749545], [17.62567316, 60.09784557], [17.6255708, 60.09812892], [17.62530935, 60.09839656], [17.62511465, 60.09863809], [17.62481859, 60.09892959], [17.62453811, 60.09911489], [17.62405966, 60.09929953], [17.6227682, 60.10003617], [17.62241938, 60.1004109], [17.62233726, 60.10079803], [17.62227364, 60.10119208], [17.62200381, 60.10156578], [17.62165183, 60.10176111], [17.62140151, 60.10228532], [17.6212115, 60.10248373], [17.62055158, 60.10295093], [17.62025422, 60.10315802], [17.61980346, 60.10332422], [17.61950006, 60.10361406], [17.61923959, 60.10396242], [17.61863959, 60.10453649], [17.61775921, 60.10504999], [17.61665836, 60.10567069], [17.61650571, 60.10589188], [17.61647129, 60.10617244], [17.61625239, 60.10630476], [17.61573358, 60.10641454], [17.61483642, 60.10650997], [17.61410257, 60.10656714], [17.61350123, 60.10649136], [17.61278276, 60.10625208], [17.61233792, 60.10626922], [17.61145639, 60.10638776], [17.61106591, 60.10653873], [17.61117187, 60.10663059], [17.6114108, 60.10710111], [17.61167519, 60.10732349], [17.61178694, 60.10745476], [17.61216586, 60.10816925], [17.61216557, 60.10836596], [17.61218283, 60.10857256], [17.61212601, 60.10929952], [17.61100451, 60.10957827], [17.6099527, 60.10982097], [17.60968631, 60.11000452], [17.60985319, 60.11019488], [17.61052062, 60.11054593], [17.6120056, 60.11105931], [17.61222007, 60.11138544], [17.61243836, 60.11161924], [17.61274393, 60.11199368], [17.61317836, 60.11223166], [17.61351518, 60.11239916], [17.6138641, 60.11258808], [17.61468743, 60.11289759], [17.61535307, 60.1131538], [17.61576874, 60.11337759], [17.61617327, 60.11365908], [17.6172416, 60.11340855], [17.61787462, 60.11321998], [17.61856375, 60.11300721], [17.63875963, 60.11921659], [17.6387495, 60.12133872], [17.66822011, 60.12626182], [17.67943807, 60.12848579], [17.69447946, 60.13093841], [17.69701402, 60.13132162], [17.71585634, 60.13439029], [17.71564793, 60.13485096], [17.71218031, 60.14134191], [17.721781, 60.13977406], [17.72951498, 60.13870921], [17.7312412, 60.13894945], [17.7315154, 60.13881858], [17.73163053, 60.13874892], [17.73178737, 60.13871461], [17.73195192, 60.13869459], [17.73205459, 60.13866095], [17.73237236, 60.13832671], [17.73249651, 60.13814917], [17.73260806, 60.13800593], [17.73272182, 60.13776762], [17.73278959, 60.13761235], [17.73287755, 60.13750176], [17.73310693, 60.13741097], [17.73351433, 60.13721195], [17.73365288, 60.13710247], [17.73375623, 60.13687137], [17.73384731, 60.13675362], [17.73389669, 60.13666322], [17.73409906, 60.13660677], [17.73440941, 60.13640723], [17.73457065, 60.13625264], [17.73466911, 60.13606647], [17.73504411, 60.13579607], [17.73535029, 60.13558755], [17.73592164, 60.13549418], [17.73654699, 60.13540365], [17.73670649, 60.13542496], [17.73691707, 60.13552821], [17.73703851, 60.13572053], [17.73731067, 60.13583374], [17.73747673, 60.13591241], [17.73769563, 60.13603884], [17.73784364, 60.13625594], [17.73796491, 60.13637469], [17.73815267, 60.13652486], [17.73826816, 60.13667239], [17.73837848, 60.13685766], [17.73851289, 60.13716109], [17.73863581, 60.13731205], [17.73880236, 60.13746975], [17.73896445, 60.13761128], [17.73914986, 60.13778665], [17.73926285, 60.1379521], [17.73937213, 60.13811943], [17.7394283, 60.13830178], [17.73940772, 60.13839005], [17.73964302, 60.13862582], [17.73978318, 60.13883221], [17.7398401, 60.13902712], [17.74001547, 60.13928694], [17.74007416, 60.13944777], [17.74017782, 60.13964387], [17.73984968, 60.13984728], [17.73959084, 60.14006597], [17.74194826, 60.14045083], [17.7421375, 60.14042401], [17.74169767, 60.13467673], [17.74234197, 60.13412389], [17.74497738, 60.13187225], [17.74513754, 60.12797818], [17.75177933, 60.12728979], [17.75703814, 60.12581023], [17.77365453, 60.13400146], [17.77901603, 60.13668689], [17.7842272, 60.13780548], [17.7858065, 60.13795837], [17.78240022, 60.14044453], [17.78175639, 60.14108262], [17.7942009, 60.13927838], [17.79472677, 60.13994008], [17.79532583, 60.14064281], [17.79584863, 60.14102987], [17.79630977, 60.14133965], [17.7965759, 60.1416097], [17.79722426, 60.14230096], [17.7978036, 60.14281429], [17.79846063, 60.14350374], [17.79884693, 60.14380979], [17.79969535, 60.14442584], [17.80007142, 60.14477899], [17.80066368, 60.14541169], [17.80097032, 60.14574492], [17.80128719, 60.14613373], [17.80176147, 60.14664881], [17.80277733, 60.14797318], [17.80314918, 60.14874869], [17.80336078, 60.1491186], [17.80353289, 60.14949232], [17.80583805, 60.14856184]], [[17.73161505, 60.03465992], [17.73155374, 60.03465975], [17.73086871, 60.0346467], [17.73026773, 60.03462939], [17.73020246, 60.03462616], [17.73018881, 60.03462581], [17.73013864, 60.03462442], [17.73001495, 60.03462204], [17.7294711, 60.03460615], [17.72893453, 60.03459047], [17.72824656, 60.03457046], [17.72818916, 60.0345676], [17.72817907, 60.03456727], [17.7280886, 60.03456554], [17.72720694, 60.0345436], [17.72714494, 60.03454048], [17.72646288, 60.03450587], [17.72578673, 60.03444958], [17.72573432, 60.03444429], [17.72506664, 60.03436671], [17.72441012, 60.03426824], [17.72435913, 60.0342604], [17.72371646, 60.03414126], [17.72366719, 60.03413095], [17.72304108, 60.0339917], [17.7224338, 60.03383283], [17.72238685, 60.03382006], [17.72180097, 60.03364233], [17.72175679, 60.03362734], [17.72119473, 60.03343134], [17.72065865, 60.033218], [17.72061771, 60.03320088], [17.72010988, 60.03297097], [17.72007248, 60.03295188], [17.71959476, 60.03270626], [17.71914931, 60.03244605], [17.71911576, 60.03242518], [17.71870414, 60.03215142], [17.71832822, 60.03186517], [17.71829914, 60.03184277], [17.71796035, 60.03154515], [17.71793575, 60.03152149], [17.71763536, 60.03121364], [17.71737467, 60.03089699], [17.71735501, 60.03087215], [17.71713515, 60.03054792], [17.71712045, 60.03052217], [17.71694212, 60.03019151], [17.71680618, 60.02985594], [17.71679662, 60.02982973], [17.71670362, 60.02949049], [17.71670128, 60.02947643], [17.71661011, 60.02930737], [17.71647417, 60.0289718], [17.71638117, 60.02863256], [17.71635613, 60.02853678], [17.71634673, 60.02847284], [17.71626385, 60.02835059], [17.71596908, 60.0279033], [17.71595293, 60.02787426], [17.71588237, 60.02774331], [17.7156279, 60.02762809], [17.71558927, 60.0276102], [17.71511166, 60.02736456], [17.71507659, 60.02734498], [17.71463125, 60.02708475], [17.71421974, 60.02681098], [17.71418869, 60.02678979], [17.71381287, 60.02650352], [17.71378629, 60.02648089], [17.7134476, 60.02618325], [17.7131473, 60.0258754], [17.71312506, 60.02585151], [17.71286445, 60.02553484], [17.71284702, 60.02551005], [17.71262725, 60.02518581], [17.71251061, 60.0249693], [17.71245061, 60.02489652], [17.71239335, 60.02481191], [17.71228435, 60.02476259], [17.7118068, 60.02451694], [17.7117716, 60.02449745], [17.71132633, 60.02423721], [17.71091488, 60.02396343], [17.7108525, 60.02392114], [17.71048795, 60.02364335], [17.71047674, 60.02363486], [17.71044988, 60.02361233], [17.71011124, 60.02331468], [17.709811, 60.02300682], [17.70955045, 60.02269015], [17.70953874, 60.02267368], [17.70933904, 60.02237884], [17.70933727, 60.02237708], [17.70907673, 60.0220604], [17.70885702, 60.02173616], [17.70867882, 60.02140548], [17.70866564, 60.02138006], [17.70852982, 60.02104448], [17.70851643, 60.021002], [17.70842353, 60.02066275], [17.70837382, 60.02032127], [17.70837078, 60.02029502], [17.70836451, 60.01995265], [17.70840164, 60.01961073], [17.70848214, 60.01927071], [17.70848695, 60.01925346], [17.70861048, 60.0189166], [17.70877643, 60.01858444], [17.70898429, 60.01825815], [17.70899567, 60.01824166], [17.70924452, 60.01792262], [17.70953329, 60.0176121], [17.70986089, 60.01731129], [17.7098786, 60.01729629], [17.70990084, 60.01727867], [17.71012077, 60.01704214], [17.71040212, 60.01678396], [17.71044836, 60.01674142], [17.71046547, 60.01672625], [17.71083065, 60.01643653], [17.71123175, 60.01615891], [17.71154035, 60.01597157], [17.71157452, 60.01594797], [17.71201014, 60.01568356], [17.71203286, 60.01567016], [17.71250102, 60.01542017], [17.71300003, 60.01518554], [17.71352774, 60.01496711], [17.71355541, 60.01495621], [17.71410983, 60.01475502], [17.71468866, 60.01457182], [17.71528942, 60.01440721], [17.71532074, 60.01439929], [17.7159413, 60.01425413], [17.71657903, 60.014129], [17.71710921, 60.0140438], [17.71716686, 60.01399079], [17.71719343, 60.01396833], [17.71755852, 60.01367858], [17.71795953, 60.01340094], [17.7179905, 60.01337983], [17.71827888, 60.01320475], [17.71790507, 60.0129559], [17.71752938, 60.01266964], [17.7171908, 60.01237201], [17.71711413, 60.01229787], [17.71681393, 60.01199002], [17.7165534, 60.01167336], [17.71633369, 60.01134912], [17.71615547, 60.01101846], [17.71613998, 60.01098653], [17.71600413, 60.01065096], [17.71591119, 60.01031171], [17.71590507, 60.01027501], [17.71586724, 60.01010791], [17.71586395, 60.01008588], [17.71582063, 60.0099276], [17.71581963, 60.00992079], [17.71580655, 60.00989663], [17.71567071, 60.00956106], [17.71557777, 60.00922181], [17.715528, 60.00888034], [17.71552166, 60.00853796], [17.71555871, 60.00819605], [17.71563912, 60.00785602], [17.71576254, 60.00751916], [17.71592836, 60.00718699], [17.71613608, 60.00686069], [17.71638479, 60.00654164], [17.71667339, 60.00623101], [17.71700081, 60.00593028], [17.71736582, 60.00564054], [17.71776674, 60.0053629], [17.71820216, 60.00509847], [17.71867013, 60.00484846], [17.71916894, 60.00461381], [17.71969644, 60.00439536], [17.72025064, 60.00419414], [17.72027299, 60.00418703], [17.72085159, 60.00400372], [17.72145215, 60.00383918], [17.72150866, 60.00382481], [17.72212899, 60.00367961], [17.72261027, 60.00357223], [17.72324777, 60.00344707], [17.72330558, 60.00343581], [17.72395763, 60.0033311], [17.72400868, 60.00332403], [17.72467264, 60.00324008], [17.72534606, 60.00317749], [17.72539834, 60.00317291], [17.72607824, 60.00313165], [17.72613119, 60.00312975], [17.72681495, 60.00311024], [17.72749976, 60.00311235], [17.72755292, 60.00311296], [17.72823611, 60.00313684], [17.72828875, 60.00314015], [17.72896752, 60.00318567], [17.72963917, 60.00325254], [17.72969084, 60.00325848], [17.73035271, 60.00334656], [17.73040311, 60.00335495], [17.73105234, 60.00346377], [17.73168654, 60.00359302], [17.73169439, 60.00359484], [17.73207836, 60.00353309], [17.73274231, 60.0034491], [17.73279229, 60.00344357], [17.73346569, 60.00338094], [17.73351647, 60.00337783], [17.73419637, 60.00333653], [17.73488013, 60.00331698], [17.7349314, 60.00331627], [17.73561621, 60.00331834], [17.73629941, 60.00334218], [17.73635045, 60.00334399], [17.73702923, 60.00338948], [17.73707972, 60.00339364], [17.7377514, 60.00346046], [17.73841329, 60.00354851], [17.7384628, 60.00355511], [17.73911206, 60.0036639], [17.73916014, 60.00367278], [17.73979437, 60.00380199], [17.74041088, 60.00395106], [17.74045693, 60.00396223], [17.74105329, 60.00413049], [17.741097, 60.00414386], [17.74167094, 60.00433073], [17.74221988, 60.00453536], [17.74226094, 60.00455067], [17.74278289, 60.00477239], [17.74282086, 60.00478956], [17.74331353, 60.00502734], [17.74377521, 60.0052803], [17.74380978, 60.00529925], [17.74392662, 60.00537201], [17.74404795, 60.00540623], [17.74462193, 60.00559308], [17.74466605, 60.0056077], [17.74521502, 60.00581232], [17.74525619, 60.0058288], [17.74577818, 60.0060505], [17.74627104, 60.00628826], [17.74630868, 60.00630679], [17.74677025, 60.00655975], [17.74680418, 60.00657997], [17.74723276, 60.006847], [17.74762662, 60.00712705], [17.7476564, 60.00714889], [17.74801398, 60.00744092], [17.74804345, 60.00746798], [17.74836331, 60.00777077], [17.74885963, 60.00828304], [17.74914035, 60.00859536], [17.74916446, 60.00862378], [17.74940488, 60.00894431], [17.74942074, 60.00896949], [17.74944728, 60.00901295], [17.74970256, 60.00917201], [17.74973595, 60.00919288], [17.75012986, 60.00947292], [17.75015896, 60.0094954], [17.75051658, 60.00978743], [17.75083649, 60.01009022], [17.75086096, 60.01011405], [17.75114172, 60.01042636], [17.75116125, 60.01045129], [17.75140171, 60.0107718], [17.75160118, 60.01109937], [17.75161575, 60.01112512], [17.75177323, 60.01145842], [17.75178421, 60.01148909], [17.75189914, 60.01182668], [17.75197935, 60.01214345], [17.75204729, 60.01241061], [17.75211911, 60.01275108], [17.75212003, 60.0127569], [17.75212264, 60.01277041], [17.7521238, 60.01278089], [17.75215226, 60.01312308], [17.75215238, 60.01312451], [17.75215213, 60.01312856], [17.75215218, 60.01313988], [17.75215236, 60.01314562], [17.75213732, 60.0134879], [17.75213312, 60.01354772], [17.7521784, 60.01360813], [17.75218371, 60.01361682], [17.75228896, 60.01370275], [17.75231453, 60.01372539], [17.75263449, 60.01402817], [17.7529153, 60.01434048], [17.75293637, 60.01436429], [17.75317687, 60.01468481], [17.75319313, 60.01470953], [17.75339264, 60.0150371], [17.75355016, 60.01537039], [17.75356358, 60.01540003], [17.75364204, 60.01562259], [17.75370755, 60.01580869], [17.75382251, 60.0161462], [17.75382877, 60.01616817], [17.75383556, 60.01619812], [17.75388536, 60.01642128], [17.75393543, 60.01664409], [17.75395184, 60.01672216], [17.75405604, 60.01702809], [17.75412473, 60.01726488], [17.75419401, 60.01750327], [17.75419534, 60.01750863], [17.75419603, 60.01751158], [17.75426789, 60.01785205], [17.75426947, 60.01786226], [17.75427031, 60.01786691], [17.75427232, 60.01787693], [17.75427248, 60.01787881], [17.75427299, 60.0178832], [17.75430148, 60.01822538], [17.75431607, 60.01844866], [17.75433464, 60.01873032], [17.75433353, 60.01876152], [17.75431851, 60.0191038], [17.75426003, 60.01944492], [17.7542538, 60.01947137], [17.75415219, 60.01981006], [17.75400778, 60.0201448], [17.75399648, 60.02017091], [17.75381003, 60.02050033], [17.75379349, 60.02052573], [17.7535655, 60.02084865], [17.75336996, 60.02107792], [17.75328839, 60.02134982], [17.75314396, 60.02168456], [17.75313033, 60.02171116], [17.75294386, 60.02204058], [17.75271584, 60.0223635], [17.75269683, 60.02238931], [17.75242818, 60.02270436], [17.75240419, 60.02272912], [17.75209615, 60.02303502], [17.75174993, 60.02333048], [17.75172079, 60.02335382], [17.75133779, 60.02363783], [17.75091938, 60.02390902], [17.75088581, 60.02393074], [17.75043397, 60.02418816], [17.7503961, 60.02420808], [17.74991239, 60.02445071], [17.74939893, 60.02467752], [17.74935719, 60.02469537], [17.74881583, 60.02490542], [17.74876302, 60.02492368], [17.74819621, 60.02511612], [17.74778491, 60.02524351], [17.74742267, 60.0253504], [17.74724371, 60.02541116], [17.74651444, 60.02563688], [17.74577737, 60.02586491], [17.7457602, 60.0258703], [17.74517008, 60.02604443], [17.74511639, 60.02605929], [17.74450529, 60.02621437], [17.74387581, 60.0263497], [17.74382752, 60.02636005], [17.74318201, 60.02647523], [17.7431319, 60.02648328], [17.74247312, 60.02657771], [17.74245919, 60.02657926], [17.74247915, 60.02663795], [17.74255525, 60.02692722], [17.74256282, 60.02696318], [17.74256608, 60.02697568], [17.7425741, 60.02699923], [17.74266363, 60.02733979], [17.74274781, 60.02766051], [17.74280273, 60.02786929], [17.74281141, 60.02790253], [17.74289494, 60.02822066], [17.7429667, 60.02856114], [17.74297176, 60.02859175], [17.74300014, 60.02893394], [17.74299936, 60.02896018], [17.74298422, 60.02930246], [17.74292561, 60.02964358], [17.74291963, 60.02966975], [17.74281787, 60.03000835], [17.74280683, 60.03003409], [17.74266226, 60.03036882], [17.74247564, 60.03069822], [17.74245965, 60.03072326], [17.74223147, 60.03104616], [17.74196267, 60.03136119], [17.74194187, 60.03138533], [17.74163365, 60.03169121], [17.74160831, 60.03171419], [17.74126191, 60.03200963], [17.74087871, 60.03229353], [17.74084897, 60.03231516], [17.74043037, 60.03258641], [17.7403965, 60.03260651], [17.73994447, 60.0328639], [17.73946055, 60.03310649], [17.73942298, 60.03312488], [17.73890932, 60.03335165], [17.73886832, 60.03336795], [17.73832676, 60.03357805], [17.73775975, 60.03377044], [17.73771578, 60.03378483], [17.73712547, 60.03395893], [17.73707895, 60.03397112], [17.73646766, 60.03412616], [17.73583801, 60.03426145], [17.73578921, 60.03427118], [17.73514352, 60.03438632], [17.73509304, 60.03439374], [17.73443408, 60.03448814], [17.73376449, 60.03456156], [17.73371292, 60.03456639], [17.73303535, 60.03461841], [17.73298312, 60.03462075], [17.73230035, 60.03465113], [17.73161505, 60.03465992]]]}, "properties": {"deso": "0380A0160", "pop": 2646.0, "income": 359.4, "male_frac": 0.5216, "child_frac": 0.1829, "elder_frac": 0.1893, "dependency": 0.593, "needZ": 0.0068, "needZ_v1": 0.0728, "regso": "0380R041", "higher_ed": 70.2, "neet": 9.5, "income_support": 0.2}}, {"type": "Feature", "geometry": {"type": "Polygon", "coordinates": [[[17.62783873, 59.86954345], [17.62837802, 59.86862044], [17.62855216, 59.86822309], [17.62914478, 59.86730808], [17.6294657, 59.86664848], [17.63009985, 59.86681932], [17.63127035, 59.86700064], [17.63343091, 59.86732976], [17.6354089, 59.86763555], [17.63547741, 59.86764675], [17.63548725, 59.86575191], [17.63551051, 59.86525301], [17.6337629, 59.86515757], [17.63296413, 59.86509369], [17.6322948, 59.865046], [17.63202329, 59.86503651], [17.63189064, 59.86503009], [17.63167298, 59.86501415], [17.63094244, 59.86498222], [17.63051147, 59.86496622], [17.63028914, 59.86496393], [17.62932534, 59.86491797], [17.62841476, 59.86555557], [17.62786575, 59.86583582], [17.62727764, 59.86613598], [17.62668879, 59.86647361], [17.62656927, 59.8665421], [17.62530131, 59.867269], [17.62525547, 59.86731168], [17.62472973, 59.86780182], [17.62471914, 59.86781703], [17.62419399, 59.86856908], [17.62411677, 59.86865469], [17.62362259, 59.86920186], [17.62359351, 59.86924412], [17.62355383, 59.8693015], [17.6274121, 59.87012997], [17.62740211, 59.87014724], [17.62747034, 59.87016788], [17.62783873, 59.86954345]]]}, "properties": {"deso": "0380C1870", "pop": 1098.0, "income": 325.6, "male_frac": 0.4735, "child_frac": 0.0911, "elder_frac": 0.3324, "dependency": 0.7346, "needZ": 0.2312, "needZ_v1": 0.6221, "regso": "0380R052", "higher_ed": 80.0, "neet": 11.2, "income_support": 0.6}}, {"type": "Feature", "geometry": {"type": "Polygon", "coordinates": [[[17.65964598, 59.86819997], [17.65972395, 59.86815986], [17.65950609, 59.86805153], [17.65657235, 59.86670915], [17.65642067, 59.86663972], [17.65519487, 59.8660788], [17.65517759, 59.86607088], [17.65398225, 59.86552389], [17.65257856, 59.86488146], [17.65140211, 59.86434295], [17.65134723, 59.86437712], [17.65008904, 59.86508385], [17.64842453, 59.86601882], [17.64950063, 59.8665495], [17.65040543, 59.86704669], [17.65074739, 59.86689169], [17.6511421, 59.86710848], [17.65133196, 59.86720795], [17.65329396, 59.86823508], [17.65370174, 59.86844729], [17.65410101, 59.86865626], [17.65609487, 59.86969645], [17.6562663, 59.86978973], [17.65964598, 59.86819997]]]}, "properties": {"deso": "0380C1880", "pop": 1718.0, "income": 284.0, "male_frac": 0.4662, "child_frac": 0.1997, "elder_frac": 0.1572, "dependency": 0.5548, "needZ": 1.0303, "needZ_v1": 0.6139, "regso": "0380R010", "higher_ed": 55.2, "neet": 15.8, "income_support": 1.5}}, {"type": "Feature", "geometry": {"type": "Polygon", "coordinates": [[[17.61650032, 59.87074178], [17.61678183, 59.87068498], [17.61701995, 59.87062537], [17.61793682, 59.87034998], [17.6186025, 59.87020416], [17.61868859, 59.8701897], [17.61895294, 59.87016953], [17.61978583, 59.87010607], [17.61979575, 59.87010479], [17.62066786, 59.86999124], [17.6213534, 59.86990519], [17.62191742, 59.86983441], [17.62201659, 59.86980288], [17.62222171, 59.86973781], [17.62252471, 59.86964159], [17.62299687, 59.86949161], [17.62337231, 59.86937239], [17.62354221, 59.86931853], [17.62355383, 59.8693015], [17.62359351, 59.86924412], [17.62362259, 59.86920186], [17.62411677, 59.86865469], [17.62419399, 59.86856908], [17.62471914, 59.86781703], [17.62472973, 59.86780182], [17.62525547, 59.86731168], [17.62530131, 59.867269], [17.62656927, 59.8665421], [17.62656073, 59.8665385], [17.6265596, 59.86653906], [17.62654281, 59.86653913], [17.62617986, 59.86653972], [17.62503941, 59.86658753], [17.62367548, 59.86664472], [17.62300968, 59.86667945], [17.62297491, 59.86668122], [17.62270789, 59.86669517], [17.62234706, 59.86671331], [17.62227673, 59.86671624], [17.61804519, 59.86693977], [17.61259662, 59.86722739], [17.61282558, 59.86738354], [17.61328841, 59.86769627], [17.61353173, 59.86786067], [17.61376931, 59.86802132], [17.61418283, 59.86830072], [17.61445245, 59.86848282], [17.61476299, 59.86869259], [17.61483347, 59.86874023], [17.61455123, 59.86883827], [17.61313109, 59.869303], [17.61297963, 59.8696802], [17.61386916, 59.86970764], [17.61520679, 59.86969464], [17.61613607, 59.86966531], [17.61629425, 59.87072566], [17.6163002, 59.87076578], [17.61650032, 59.87074178]]]}, "properties": {"deso": "0380C1890", "pop": 1471.0, "income": 359.5, "male_frac": 0.4686, "child_frac": 0.1237, "elder_frac": 0.2502, "dependency": 0.5972, "needZ": 0.0484, "needZ_v1": 0.08, "regso": "0380R019", "higher_ed": null, "neet": 12.1, "income_support": 0.6}}, {"type": "Feature", "geometry": {"type": "Polygon", "coordinates": [[[17.63560031, 59.87881498], [17.64057879, 59.87696422], [17.64073383, 59.87689204], [17.64326771, 59.87571319], [17.6434729, 59.87558602], [17.64264222, 59.87509025], [17.64216566, 59.8748563], [17.64125648, 59.87444051], [17.64120843, 59.87441992], [17.64062447, 59.87416926], [17.64002116, 59.87395132], [17.63951232, 59.87379113], [17.6386115, 59.87353208], [17.63810457, 59.87338091], [17.63843365, 59.87302275], [17.63864552, 59.8727493], [17.63923918, 59.87159548], [17.63942673, 59.87089101], [17.63949317, 59.87001021], [17.63951132, 59.86935477], [17.6395145, 59.8692815], [17.63892379, 59.86928633], [17.63793479, 59.8692775], [17.63775971, 59.86927679], [17.63736914, 59.86927123], [17.63705454, 59.86912007], [17.63595686, 59.86911546], [17.63546991, 59.86911515], [17.6354441, 59.87188564], [17.6353774, 59.87204991], [17.6353003, 59.87224853], [17.63530036, 59.87254512], [17.6353007, 59.87288626], [17.63534596, 59.87444226], [17.63528817, 59.87463735], [17.6352171, 59.87889639], [17.63521392, 59.87895861], [17.63560031, 59.87881498]]]}, "properties": {"deso": "0380C2020", "pop": 2339.0, "income": 381.5, "male_frac": 0.497, "child_frac": 0.1509, "elder_frac": 0.1706, "dependency": 0.4739, "needZ": -0.4564, "needZ_v1": -0.3378, "regso": "0380R049", "higher_ed": 83.3, "neet": 8.2, "income_support": 0.2}}, {"type": "Feature", "geometry": {"type": "Polygon", "coordinates": [[[17.64642812, 59.87882596], [17.64660308, 59.87875768], [17.64660396, 59.87875767], [17.64819179, 59.87874326], [17.64848662, 59.87874056], [17.65067325, 59.87872073], [17.65146893, 59.87871351], [17.65151985, 59.87871267], [17.6514855, 59.87830008], [17.65141586, 59.87756295], [17.6513094, 59.87711094], [17.65102283, 59.87644384], [17.65097789, 59.87637549], [17.65098272, 59.87637504], [17.65389815, 59.87601657], [17.65493925, 59.87581872], [17.65486508, 59.87567586], [17.65485687, 59.87565986], [17.65458578, 59.87520229], [17.65427594, 59.87481501], [17.65388139, 59.8743928], [17.65320411, 59.87378972], [17.65230963, 59.87313451], [17.65086791, 59.87226432], [17.65064973, 59.87236276], [17.6476549, 59.87370704], [17.6434729, 59.87558602], [17.64440828, 59.8761713], [17.64482766, 59.87649001], [17.64509176, 59.87675543], [17.64530231, 59.8770275], [17.64563948, 59.87761877], [17.64577791, 59.87817362], [17.64585841, 59.87882645], [17.64614171, 59.87882884], [17.64642726, 59.87882625], [17.64642812, 59.87882596]]]}, "properties": {"deso": "0380C2080", "pop": 1500.0, "income": 278.4, "male_frac": 0.5013, "child_frac": 0.168, "elder_frac": 0.182, "dependency": 0.5385, "needZ": 0.7212, "needZ_v1": 0.6282, "regso": "0380R013", "higher_ed": 67.2, "neet": 16.2, "income_support": 0.8}}, {"type": "Feature", "geometry": {"type": "Polygon", "coordinates": [[[17.65543905, 59.87878208], [17.65548871, 59.87845331], [17.65552712, 59.87795222], [17.65546925, 59.87745235], [17.6554525, 59.87715016], [17.65533366, 59.87680215], [17.65531055, 59.87672124], [17.65528728, 59.87664005], [17.65520477, 59.87635222], [17.65500353, 59.87594281], [17.65493925, 59.87581872], [17.65389815, 59.87601657], [17.65098272, 59.87637504], [17.65097789, 59.87637549], [17.65102283, 59.87644384], [17.6513094, 59.87711094], [17.65141586, 59.87756295], [17.6514855, 59.87830008], [17.65151985, 59.87871267], [17.65356892, 59.87869402], [17.65439818, 59.87868647], [17.6546851, 59.8787768], [17.65543282, 59.87882406], [17.65543905, 59.87878208]]]}, "properties": {"deso": "0380C2120", "pop": 868.0, "income": 278.4, "male_frac": 0.4897, "child_frac": 0.1636, "elder_frac": 0.2154, "dependency": 0.6104, "needZ": 0.7808, "needZ_v1": 0.7671, "regso": "0380R013", "higher_ed": 67.2, "neet": 16.2, "income_support": 0.8}}, {"type": "Feature", "geometry": {"type": "Polygon", "coordinates": [[[17.66036744, 59.87921023], [17.66029482, 59.87745411], [17.66010783, 59.87653072], [17.66004361, 59.87633566], [17.65997957, 59.87614105], [17.65985176, 59.87582161], [17.65964598, 59.87539479], [17.65953686, 59.87518923], [17.65935012, 59.87487709], [17.65914417, 59.87456804], [17.65902287, 59.87440162], [17.65825656, 59.87452443], [17.65685873, 59.87478637], [17.65542901, 59.87505153], [17.65496082, 59.87513966], [17.65458578, 59.87520229], [17.65485687, 59.87565986], [17.65486508, 59.87567586], [17.65493925, 59.87581872], [17.65500353, 59.87594281], [17.65520477, 59.87635222], [17.65528728, 59.87664005], [17.65531055, 59.87672124], [17.65533366, 59.87680215], [17.6554525, 59.87715016], [17.65546925, 59.87745235], [17.65552712, 59.87795222], [17.65548871, 59.87845331], [17.65543905, 59.87878208], [17.65543282, 59.87882406], [17.65554009, 59.87882199], [17.65636412, 59.87883196], [17.65710163, 59.87889531], [17.65849176, 59.87887983], [17.6588949, 59.8790596], [17.65890379, 59.87926126], [17.65933626, 59.87925648], [17.66036756, 59.87924499], [17.66036744, 59.87921023]]]}, "properties": {"deso": "0380C2100", "pop": 2762.0, "income": 254.0, "male_frac": 0.487, "child_frac": 0.2053, "elder_frac": 0.0815, "dependency": 0.402, "needZ": 1.1953, "needZ_v1": 0.5636, "regso": "0380R048", "higher_ed": 62.7, "neet": 18.2, "income_support": 2.6}}, {"type": "Feature", "geometry": {"type": "Polygon", "coordinates": [[[17.59839516, 59.82109703], [17.5984913, 59.82074868], [17.59889779, 59.82047316], [17.59934036, 59.81944511], [17.60032833, 59.81906386], [17.60030776, 59.81905843], [17.60025775, 59.81904532], [17.60032995, 59.8189864], [17.60046556, 59.81905405], [17.60663772, 59.82068971], [17.61340583, 59.81770945], [17.6136997, 59.81790796], [17.61396367, 59.81817362], [17.6142132, 59.81830366], [17.61671513, 59.81736385], [17.61687403, 59.81726862], [17.61806144, 59.81655667], [17.61910382, 59.81578922], [17.62049365, 59.81476602], [17.61943709, 59.81452038], [17.61905519, 59.81443152], [17.61612703, 59.81401401], [17.61547796, 59.81387925], [17.61513494, 59.81366502], [17.61513315, 59.81366658], [17.6151325, 59.81366578], [17.61488516, 59.81389176], [17.61408475, 59.81379629], [17.61423528, 59.81365066], [17.61347156, 59.81339457], [17.6129353, 59.81291758], [17.61282853, 59.81282197], [17.61282474, 59.81281863], [17.61295285, 59.81274171], [17.61341192, 59.81246609], [17.61383038, 59.8122148], [17.61418591, 59.81200141], [17.61437133, 59.81189002], [17.61444198, 59.81178559], [17.6144736, 59.8117387], [17.61447967, 59.81172978], [17.6145602, 59.81162758], [17.61465858, 59.81152798], [17.61492543, 59.81132417], [17.61552186, 59.81086885], [17.61577674, 59.8106738], [17.61616817, 59.81037463], [17.6169223, 59.80979841], [17.61692277, 59.80979876], [17.61692416, 59.80979774], [17.61690947, 59.80979795], [17.61767337, 59.80921353], [17.61807814, 59.80896861], [17.61873079, 59.80869665], [17.61912847, 59.8084534], [17.61930914, 59.80822578], [17.61942058, 59.80780381], [17.61966696, 59.80731], [17.62013023, 59.80681985], [17.62058017, 59.80634363], [17.62195369, 59.80580524], [17.62232134, 59.80565212], [17.62211651, 59.80460608], [17.62340986, 59.80388146], [17.62341564, 59.80387829], [17.62451991, 59.80437929], [17.625722, 59.80341313], [17.62640694, 59.80305282], [17.62640692, 59.80305255], [17.62623267, 59.80219471], [17.62643766, 59.80195959], [17.62643795, 59.80195959], [17.62692751, 59.80193454], [17.62736221, 59.80168324], [17.62736205, 59.80168315], [17.6269846, 59.80141574], [17.62698559, 59.80141518], [17.62699937, 59.80140718], [17.62784383, 59.80092062], [17.62802499, 59.80081631], [17.62805243, 59.80080812], [17.62903337, 59.80051832], [17.63012166, 59.80052018], [17.63105085, 59.80079971], [17.63105092, 59.80079881], [17.63111987, 59.80010857], [17.63112092, 59.80010882], [17.63112085, 59.80010793], [17.63230724, 59.7973547], [17.63281136, 59.79628297], [17.63381273, 59.79457548], [17.63465256, 59.79398881], [17.63458749, 59.79396523], [17.63496276, 59.79370243], [17.63503369, 59.79372194], [17.63605493, 59.79300398], [17.63771445, 59.79085425], [17.63754365, 59.79078717], [17.63679204, 59.79029285], [17.63587152, 59.78986686], [17.63525874, 59.78969519], [17.63570398, 59.78929158], [17.63589106, 59.78912192], [17.63621276, 59.78899304], [17.63672239, 59.78869412], [17.63682471, 59.78860135], [17.63413371, 59.78770451], [17.63388775, 59.78787131], [17.63342859, 59.78807983], [17.63319355, 59.78789851], [17.63254895, 59.78801247], [17.63271268, 59.78846936], [17.63220348, 59.78856893], [17.63199132, 59.78826401], [17.63195717, 59.78821493], [17.63162665, 59.78773955], [17.6314254, 59.78758971], [17.63106929, 59.78768119], [17.6309102, 59.78767467], [17.62996564, 59.78765064], [17.62910717, 59.78751412], [17.62899465, 59.78749616], [17.62885698, 59.78756206], [17.6282798, 59.78738246], [17.62853288, 59.78715643], [17.62890811, 59.78697188], [17.62805853, 59.78643448], [17.61874842, 59.78203831], [17.61731223, 59.78407753], [17.61180842, 59.79181508], [17.61150923, 59.79210918], [17.61093945, 59.79313873], [17.61082907, 59.79333809], [17.61010456, 59.79464718], [17.60996468, 59.79489994], [17.6093286, 59.79604919], [17.60917947, 59.79616685], [17.60906173, 59.79628174], [17.60887582, 59.79644801], [17.60875256, 59.79658815], [17.60869559, 59.79682426], [17.60855371, 59.79707059], [17.60835391, 59.79729992], [17.60819952, 59.79751595], [17.60803329, 59.79769521], [17.60531161, 59.7972503], [17.5994944, 59.7949546], [17.59942845, 59.79523094], [17.59939039, 59.79557284], [17.59939543, 59.79591524], [17.59944364, 59.79625678], [17.59953474, 59.79659613], [17.59966849, 59.79693184], [17.59984435, 59.7972626], [17.60006161, 59.79758705], [17.600118, 59.79765797], [17.60014484, 59.79769113], [17.60007883, 59.79787037], [17.60007193, 59.79789692], [17.59999079, 59.79823688], [17.59997964, 59.79833717], [17.59996489, 59.7983989], [17.59992128, 59.79842221], [17.59979914, 59.79849622], [17.59936556, 59.79876016], [17.59896594, 59.79903744], [17.59860225, 59.79932685], [17.59827574, 59.79962738], [17.59817589, 59.79971963], [17.59788791, 59.80002991], [17.59768632, 59.80026958], [17.59743796, 59.80058842], [17.59739354, 59.8006581], [17.59700115, 59.80086822], [17.59696672, 59.80088867], [17.59653309, 59.8011526], [17.59613342, 59.80142987], [17.59610323, 59.80145193], [17.59573949, 59.80174133], [17.59571382, 59.80176484], [17.59538725, 59.80206527], [17.59509923, 59.80237554], [17.59507821, 59.80240021], [17.5948298, 59.80271895], [17.5946221, 59.80304507], [17.59460614, 59.80307053], [17.59444008, 59.80340265], [17.59442918, 59.80342891], [17.59439955, 59.80350935], [17.59424394, 59.80365254], [17.59395589, 59.80396281], [17.59370747, 59.80428164], [17.59363159, 59.80437988], [17.59342386, 59.80470599], [17.59339652, 59.8047553], [17.59323044, 59.80508742], [17.59310646, 59.80542409], [17.59306998, 59.80552793], [17.59298875, 59.80586789], [17.59295047, 59.80620979], [17.59295545, 59.80655219], [17.59295973, 59.80664884], [17.59300788, 59.80699039], [17.5930991, 59.80732973], [17.59323284, 59.80766546], [17.59327428, 59.80775976], [17.59345013, 59.80809052], [17.59366727, 59.80841508], [17.59392499, 59.80873201], [17.59400231, 59.8088204], [17.5942995, 59.80912846], [17.59463488, 59.80942644], [17.59500719, 59.80971308], [17.59511717, 59.8097922], [17.59552484, 59.81006646], [17.59596647, 59.81032712], [17.59643991, 59.81057314], [17.5965785, 59.81064002], [17.59708206, 59.81087044], [17.59761375, 59.81108431], [17.59798561, 59.81121539], [17.59817131, 59.81128088], [17.59833316, 59.81133274], [17.59891445, 59.81151105], [17.59940686, 59.81164135], [17.59961057, 59.81174718], [17.59969094, 59.81178395], [17.5995969, 59.81185874], [17.59927027, 59.81215919], [17.5989822, 59.81246947], [17.59896829, 59.81248537], [17.59871985, 59.81280412], [17.59851212, 59.81313024], [17.59848552, 59.8131834], [17.5984266, 59.81330125], [17.59831081, 59.81344994], [17.59810308, 59.81377597], [17.597937, 59.81410809], [17.59789461, 59.81420217], [17.59777065, 59.81453884], [17.59768945, 59.81487881], [17.59765121, 59.81522071], [17.59764592, 59.81531711], [17.59765096, 59.8156595], [17.59769917, 59.81600104], [17.59779047, 59.81634038], [17.59782259, 59.8164355], [17.59795641, 59.81677122], [17.59813235, 59.81710197], [17.5983496, 59.81742652], [17.59841781, 59.81751661], [17.59867565, 59.81783353], [17.59897296, 59.8181415], [17.59898071, 59.81814844], [17.59891174, 59.81833565], [17.59883055, 59.81867561], [17.59882545, 59.81870266], [17.59878721, 59.81904456], [17.59878762, 59.81907626], [17.59879267, 59.81941865], [17.59881842, 59.8196471], [17.59882794, 59.81973153], [17.5988278, 59.81973171], [17.59876772, 59.81985173], [17.59875975, 59.81986087], [17.59851126, 59.82017971], [17.59830349, 59.82050574], [17.59813738, 59.82083786], [17.59809455, 59.82093203], [17.59797057, 59.82126871], [17.59792554, 59.82145742], [17.59839516, 59.82109703]]]}, "properties": {"deso": "0380C1050", "pop": 2014.0, "income": 540.8, "male_frac": 0.4995, "child_frac": 0.1847, "elder_frac": 0.1629, "dependency": 0.5327, "needZ": -1.2206, "needZ_v1": -1.5236, "regso": "0380R006", "higher_ed": 93.9, "neet": 7.9, "income_support": 0.1}}, {"type": "Feature", "geometry": {"type": "Polygon", "coordinates": [[[17.61065747, 59.84514247], [17.61488016, 59.84029919], [17.61489309, 59.84023875], [17.61587228, 59.83919809], [17.61850275, 59.83623865], [17.61882975, 59.83586728], [17.61785106, 59.83571448], [17.61305354, 59.83496533], [17.60975854, 59.83436784], [17.60722726, 59.83390846], [17.6061066, 59.83450598], [17.60607891, 59.83452072], [17.60584538, 59.83474532], [17.60560201, 59.83497955], [17.60553857, 59.83532402], [17.60528194, 59.83663521], [17.60509679, 59.83703832], [17.60507833, 59.83749704], [17.60497643, 59.83782611], [17.60530546, 59.83778169], [17.60785271, 59.83765353], [17.61140413, 59.83743973], [17.61142281, 59.8374734], [17.61194909, 59.8380548], [17.61299656, 59.83921194], [17.61298076, 59.83921324], [17.61257292, 59.83925502], [17.61181051, 59.83934615], [17.61131438, 59.8394071], [17.61050264, 59.8395619], [17.60935758, 59.83982884], [17.60873934, 59.83999981], [17.6078487, 59.84030733], [17.60759487, 59.84055308], [17.60730581, 59.84075498], [17.60744041, 59.84089684], [17.60751517, 59.84097557], [17.60753715, 59.84111157], [17.60743923, 59.84130502], [17.60734347, 59.84141506], [17.60710222, 59.84169191], [17.60683593, 59.84200627], [17.60666486, 59.84220376], [17.60658412, 59.84229698], [17.60628187, 59.84253193], [17.60627383, 59.84253819], [17.60628651, 59.84260064], [17.60643481, 59.84265779], [17.60648944, 59.84265608], [17.60684099, 59.8426449], [17.60713777, 59.84263929], [17.60715541, 59.8426428], [17.60736764, 59.84268539], [17.60750954, 59.84271348], [17.60880812, 59.8428849], [17.60934441, 59.84294882], [17.60959342, 59.84300047], [17.61009494, 59.84309211], [17.61043462, 59.84315669], [17.61034281, 59.84330214], [17.61016586, 59.84358024], [17.61006777, 59.84374324], [17.60982316, 59.84412184], [17.60977289, 59.84420736], [17.60942804, 59.84478556], [17.60976126, 59.84488036], [17.61001144, 59.84495624], [17.61021995, 59.84503196], [17.61034024, 59.84507341], [17.61044664, 59.84511603], [17.61061126, 59.84520474], [17.61065747, 59.84514247]]]}, "properties": {"deso": "0380C1320", "pop": 1593.0, "income": 270.5, "male_frac": 0.4644, "child_frac": 0.1168, "elder_frac": 0.1525, "dependency": 0.3686, "needZ": 0.5538, "needZ_v1": 0.3643, "regso": "0380R054", "higher_ed": 85.3, "neet": 17.8, "income_support": 1.8}}, {"type": "Feature", "geometry": {"type": "Polygon", "coordinates": [[[17.65103732, 59.84394929], [17.65135738, 59.84374029], [17.65167783, 59.84348071], [17.65209028, 59.84287336], [17.65219214, 59.84245893], [17.65238975, 59.84215987], [17.65276444, 59.84184045], [17.65305312, 59.84157602], [17.65305402, 59.84157439], [17.65328872, 59.8409981], [17.65359593, 59.8411182], [17.6545288, 59.84138628], [17.65632137, 59.84181863], [17.65674093, 59.84153063], [17.65707694, 59.84112547], [17.6572059, 59.84090397], [17.65728164, 59.83958121], [17.65764119, 59.83750017], [17.6578695, 59.83694296], [17.65883447, 59.83440775], [17.6595607, 59.83284225], [17.65978201, 59.83262776], [17.66062765, 59.83209669], [17.65885691, 59.83123855], [17.65535253, 59.82992712], [17.65538637, 59.82987353], [17.65493746, 59.8297006], [17.6546844, 59.8298029], [17.65438573, 59.82985168], [17.65473151, 59.8306163], [17.65445094, 59.83067073], [17.65375299, 59.83063604], [17.65364668, 59.83066118], [17.64776466, 59.83027588], [17.64817544, 59.82839612], [17.64423912, 59.82803571], [17.64042076, 59.83849855], [17.6400933, 59.83937615], [17.64465486, 59.83999954], [17.64532267, 59.84013064], [17.64711316, 59.84068001], [17.64743567, 59.84098557], [17.64712996, 59.84151046], [17.64722328, 59.84160856], [17.64750091, 59.84164186], [17.64836223, 59.84210123], [17.64719233, 59.84348344], [17.64752136, 59.84380953], [17.64755034, 59.8441113], [17.64759883, 59.84418425], [17.6478116, 59.84423287], [17.6482855, 59.84423286], [17.64854663, 59.84422311], [17.64873027, 59.84429603], [17.64891416, 59.844335], [17.64904953, 59.84426194], [17.64933963, 59.84437386], [17.65015588, 59.84455603], [17.65103732, 59.84394929]]]}, "properties": {"deso": "0380C1300", "pop": 1105.0, "income": 301.1, "male_frac": 0.4873, "child_frac": 0.1068, "elder_frac": 0.1991, "dependency": 0.4407, "needZ": 0.2306, "needZ_v1": 0.254, "regso": "0380R022", "higher_ed": null, "neet": 16.3, "income_support": 0.1}}, {"type": "Feature", "geometry": {"type": "Polygon", "coordinates": [[[17.62044669, 59.81748447], [17.62079893, 59.81726269], [17.62195756, 59.81670398], [17.62237782, 59.81654685], [17.6225621, 59.81646224], [17.62432675, 59.81565178], [17.62572243, 59.81536658], [17.62573208, 59.81521072], [17.62599803, 59.81508747], [17.62634557, 59.81492639], [17.62658456, 59.81481572], [17.62659425, 59.81466238], [17.62678163, 59.81440623], [17.62720237, 59.81421665], [17.62721262, 59.81414504], [17.62947673, 59.81277902], [17.6297599, 59.81234481], [17.62979286, 59.81234873], [17.62980136, 59.81233706], [17.62904042, 59.8121958], [17.62726077, 59.81179052], [17.62645457, 59.81178955], [17.62576232, 59.81193766], [17.62541656, 59.81209484], [17.62475782, 59.81239426], [17.62377804, 59.81281397], [17.62250042, 59.81336124], [17.62057485, 59.8147062], [17.62049365, 59.81476602], [17.61910382, 59.81578922], [17.61806144, 59.81655667], [17.61807296, 59.81656094], [17.61808107, 59.81655565], [17.61815485, 59.81659047], [17.618338, 59.81667683], [17.61855501, 59.81674671], [17.61892077, 59.81686751], [17.61897242, 59.81688463], [17.61922675, 59.81697082], [17.61957167, 59.81708279], [17.61969974, 59.81714392], [17.61997283, 59.81724789], [17.61997496, 59.81724874], [17.62011882, 59.81730866], [17.62028356, 59.81738721], [17.62043534, 59.8174917], [17.62044669, 59.81748447]]]}, "properties": {"deso": "0380C1160", "pop": 1906.0, "income": 212.8, "male_frac": 0.51, "child_frac": 0.2634, "elder_frac": 0.0756, "dependency": 0.5127, "needZ": 2.2884, "needZ_v1": 1.1136, "regso": "0380R033", "higher_ed": 56.7, "neet": 28.9, "income_support": 4.1}}, {"type": "Feature", "geometry": {"type": "Polygon", "coordinates": [[[17.71444524, 59.81624868], [17.7149811, 59.81614357], [17.71502779, 59.81604847], [17.71510928, 59.81588214], [17.71523264, 59.81563032], [17.71534554, 59.81539983], [17.71547404, 59.81512985], [17.71560129, 59.81486439], [17.71560704, 59.81485915], [17.71593655, 59.81455224], [17.71630905, 59.81433075], [17.71631593, 59.81432666], [17.71631515, 59.81432614], [17.71547393, 59.8137732], [17.71547418, 59.81377275], [17.71564313, 59.81342513], [17.71642969, 59.81345308], [17.71654699, 59.81318118], [17.71666417, 59.81290972], [17.71678353, 59.812627], [17.71690527, 59.81234827], [17.71706252, 59.81197825], [17.71707339, 59.81195279], [17.71708248, 59.81193077], [17.71708174, 59.8119307], [17.71641938, 59.81186147], [17.71642749, 59.81184181], [17.71500085, 59.81201958], [17.71498713, 59.81202094], [17.71416277, 59.81210272], [17.71336308, 59.81222387], [17.71333076, 59.81222795], [17.71043732, 59.81233829], [17.7100822, 59.81235378], [17.7077581, 59.81214323], [17.70468035, 59.81231858], [17.70451973, 59.8123058], [17.70339591, 59.81212483], [17.70320113, 59.81185207], [17.70298192, 59.8118423], [17.70203093, 59.81197889], [17.70203127, 59.81197951], [17.70207719, 59.81207064], [17.70221718, 59.81228271], [17.7024199, 59.81249018], [17.70278951, 59.81283686], [17.70295568, 59.81304516], [17.70308589, 59.81326346], [17.70316125, 59.81342566], [17.70321605, 59.81356467], [17.70326435, 59.81368692], [17.7033495, 59.81389545], [17.70353354, 59.81435508], [17.70357036, 59.81444271], [17.70423763, 59.81573722], [17.70496077, 59.81572819], [17.70631861, 59.81570977], [17.70647331, 59.81571827], [17.70666386, 59.81572809], [17.70929987, 59.81560491], [17.71360584, 59.81616145], [17.7143722, 59.81626043], [17.71444524, 59.81624868]]]}, "properties": {"deso": "0380C1170", "pop": 1131.0, "income": 322.4, "male_frac": 0.4907, "child_frac": 0.1936, "elder_frac": 0.1892, "dependency": 0.6203, "needZ": 0.1991, "needZ_v1": 0.4274, "regso": "0380R021", "higher_ed": 91.3, "neet": 15.1, "income_support": 1.0}}, {"type": "Feature", "geometry": {"type": "Polygon", "coordinates": [[[17.6479012, 59.81822572], [17.64975964, 59.81315409], [17.64523628, 59.81270585], [17.64350377, 59.81254568], [17.64266987, 59.81251654], [17.6417597, 59.81252908], [17.641036, 59.81259526], [17.64023724, 59.81272026], [17.63967726, 59.81284054], [17.63885167, 59.8130355], [17.64052125, 59.81554482], [17.64004621, 59.81566475], [17.64167933, 59.81641432], [17.64279305, 59.81658013], [17.64349709, 59.816534], [17.64332326, 59.8173699], [17.64325841, 59.81845798], [17.6479012, 59.81822572]]]}, "properties": {"deso": "0380C1212", "pop": 1427.0, "income": 281.6, "male_frac": 0.4684, "child_frac": 0.2074, "elder_frac": 0.0925, "dependency": 0.4284, "needZ": 0.5401, "needZ_v1": 0.3895, "regso": "0380R003", "higher_ed": 76.6, "neet": 11.8, "income_support": 2.3}}, {"type": "Feature", "geometry": {"type": "Polygon", "coordinates": [[[17.69986269, 59.81795887], [17.69996934, 59.8179388], [17.70019858, 59.81777582], [17.70033906, 59.81767583], [17.70045034, 59.81759666], [17.70056148, 59.81751766], [17.70072451, 59.81740185], [17.70077083, 59.81736884], [17.70092063, 59.81726228], [17.70092206, 59.81726], [17.70116868, 59.81685036], [17.70133007, 59.81677788], [17.70278183, 59.81612619], [17.70317536, 59.81602126], [17.70409198, 59.81577687], [17.70423769, 59.81573803], [17.70423734, 59.81573732], [17.70423763, 59.81573722], [17.70357036, 59.81444271], [17.70353354, 59.81435508], [17.7033495, 59.81389545], [17.70326435, 59.81368692], [17.70321605, 59.81356467], [17.70316125, 59.81342566], [17.70308589, 59.81326346], [17.70295568, 59.81304516], [17.70278951, 59.81283686], [17.7024199, 59.81249018], [17.70221718, 59.81228271], [17.70207719, 59.81207064], [17.70203127, 59.81197951], [17.70203093, 59.81197889], [17.70179598, 59.81201264], [17.70156007, 59.81184924], [17.70010822, 59.81206715], [17.69935482, 59.8120466], [17.69235089, 59.81213351], [17.69349534, 59.81336692], [17.69346132, 59.81337372], [17.69562577, 59.81563889], [17.69572217, 59.81573967], [17.69576893, 59.81578866], [17.69629985, 59.81634413], [17.69713033, 59.81721314], [17.69800941, 59.81832054], [17.69986269, 59.81795887]]]}, "properties": {"deso": "0380C1190", "pop": 1287.0, "income": 322.4, "male_frac": 0.4826, "child_frac": 0.1841, "elder_frac": 0.2246, "dependency": 0.6912, "needZ": 0.2577, "needZ_v1": 0.5643, "regso": "0380R021", "higher_ed": 91.3, "neet": 15.1, "income_support": 1.0}}, {"type": "Feature", "geometry": {"type": "Polygon", "coordinates": [[[17.66445319, 59.86568811], [17.66451105, 59.86565828], [17.66449829, 59.86564974], [17.66802552, 59.86382106], [17.66918217, 59.86321636], [17.67066605, 59.86244036], [17.67076898, 59.86238671], [17.67218114, 59.86164844], [17.67265401, 59.86140125], [17.67354318, 59.86093623], [17.67358885, 59.86091239], [17.67417478, 59.86060605], [17.67424828, 59.86056755], [17.67432533, 59.86052727], [17.67438074, 59.86049829], [17.67448802, 59.86044213], [17.67482601, 59.8602654], [17.67598709, 59.8596583], [17.67893992, 59.85811424], [17.67446373, 59.85787291], [17.67442269, 59.8578406], [17.67332122, 59.85779543], [17.67154714, 59.85772115], [17.66969465, 59.85761861], [17.66547691, 59.85741], [17.66510042, 59.85741134], [17.66493768, 59.85740394], [17.66491827, 59.85756081], [17.6648412, 59.85813644], [17.66482836, 59.85918702], [17.66484003, 59.8599016], [17.66481377, 59.86014035], [17.6647933, 59.86249812], [17.66473946, 59.86262227], [17.66473907, 59.86262299], [17.6644069, 59.86251429], [17.66289261, 59.8609651], [17.66277082, 59.86101149], [17.66277026, 59.86101177], [17.66139434, 59.8622701], [17.65914049, 59.8616505], [17.65909009, 59.8616023], [17.65855376, 59.86092687], [17.65803627, 59.86027864], [17.65798931, 59.86022363], [17.65738526, 59.86033796], [17.65715812, 59.86046515], [17.65631101, 59.86110733], [17.65545797, 59.86167382], [17.65411195, 59.86259579], [17.65378552, 59.86282487], [17.65423707, 59.86293649], [17.65474394, 59.86305481], [17.6549625, 59.86310232], [17.65562955, 59.86325809], [17.65632338, 59.86341341], [17.65704738, 59.86358132], [17.65767324, 59.86373208], [17.65838724, 59.86389066], [17.65949079, 59.86415338], [17.66009033, 59.86430071], [17.66093959, 59.86451107], [17.66194283, 59.8647493], [17.66234122, 59.86485137], [17.66264394, 59.864971], [17.66305396, 59.86514658], [17.66345592, 59.86531153], [17.66433206, 59.86565822], [17.66441881, 59.86569114], [17.66443536, 59.86569736], [17.66445319, 59.86568811]]]}, "properties": {"deso": "0380C1700", "pop": 1334.0, "income": 440.3, "male_frac": 0.4962, "child_frac": 0.1109, "elder_frac": 0.2024, "dependency": 0.4563, "needZ": -0.7331, "needZ_v1": -0.8513, "regso": "0380R056", "higher_ed": 81.8, "neet": 7.1, "income_support": 0.1}}, {"type": "Feature", "geometry": {"type": "Polygon", "coordinates": [[[17.64093844, 59.86588106], [17.64189857, 59.86531755], [17.64321934, 59.86460452], [17.64456327, 59.86386837], [17.64547357, 59.8633671], [17.64564638, 59.86327102], [17.6472492, 59.86238717], [17.64701271, 59.862251], [17.6464748, 59.86201237], [17.64586781, 59.86173283], [17.6448044, 59.86125172], [17.64461862, 59.86116401], [17.64325854, 59.86056346], [17.64316959, 59.86060253], [17.64315422, 59.86063724], [17.64184817, 59.86135932], [17.6419132, 59.86138999], [17.64187661, 59.86140968], [17.6417724, 59.86136048], [17.64169569, 59.86140172], [17.64155469, 59.8614774], [17.64159386, 59.86149575], [17.63929718, 59.86277949], [17.63926897, 59.86279524], [17.63921142, 59.86282738], [17.63805447, 59.86347395], [17.63769192, 59.86369481], [17.63718616, 59.86406981], [17.63710219, 59.86416455], [17.63695737, 59.86429455], [17.63687279, 59.86437053], [17.63656302, 59.86470378], [17.63618987, 59.86529519], [17.63765255, 59.86543476], [17.63852473, 59.86560681], [17.63938501, 59.86583676], [17.64034464, 59.86618984], [17.64040519, 59.86621207], [17.64093844, 59.86588106]]]}, "properties": {"deso": "0380C1760", "pop": 2025.0, "income": 366.8, "male_frac": 0.501, "child_frac": 0.077, "elder_frac": 0.2835, "dependency": 0.5637, "needZ": -0.4287, "needZ_v1": -0.0442, "regso": "0380R038", "higher_ed": 96.2, "neet": 10.5, "income_support": 0.3}}, {"type": "Feature", "geometry": {"type": "Polygon", "coordinates": [[[17.68795185, 59.86530211], [17.68801766, 59.8652651], [17.68815239, 59.86518951], [17.68838946, 59.8647977], [17.68841205, 59.86476014], [17.68851771, 59.86471127], [17.68859091, 59.86472388], [17.68939794, 59.86484294], [17.68956087, 59.86480835], [17.68974011, 59.86458345], [17.68983197, 59.86446058], [17.68987672, 59.86439993], [17.69002518, 59.86419901], [17.6905396, 59.86371422], [17.69117713, 59.86313628], [17.69131459, 59.86297618], [17.69174496, 59.8624252], [17.69189202, 59.86227461], [17.69191613, 59.86224115], [17.69215876, 59.86224328], [17.69223352, 59.86218408], [17.69266463, 59.86177734], [17.69336152, 59.86112002], [17.69341598, 59.8610686], [17.69344511, 59.86104079], [17.69344291, 59.86104093], [17.69268013, 59.86077232], [17.692069, 59.86058649], [17.69164645, 59.86044674], [17.6909509, 59.86023505], [17.69064736, 59.86014613], [17.68987216, 59.85993103], [17.68938404, 59.85979621], [17.68885999, 59.85966328], [17.68812807, 59.85948224], [17.68708192, 59.85925298], [17.6868705, 59.85943839], [17.68673638, 59.85955781], [17.68641955, 59.85976405], [17.68641113, 59.85977104], [17.68575261, 59.86030277], [17.68509364, 59.86089667], [17.68477535, 59.86123848], [17.68427695, 59.86188416], [17.68368684, 59.8627904], [17.68316395, 59.86346172], [17.68232226, 59.86456647], [17.68223489, 59.86469069], [17.68230806, 59.86470105], [17.68256838, 59.86473788], [17.68430197, 59.86499177], [17.6846019, 59.86503569], [17.68462978, 59.8650397], [17.68500177, 59.86494499], [17.68516597, 59.86471779], [17.68527788, 59.86456379], [17.68624509, 59.86493202], [17.68706685, 59.86514241], [17.68787011, 59.86534797], [17.68795185, 59.86530211]]]}, "properties": {"deso": "0380C1750", "pop": 1342.0, "income": 345.4, "male_frac": 0.4642, "child_frac": 0.1416, "elder_frac": 0.3189, "dependency": 0.8536, "needZ": 0.225, "needZ_v1": 0.6904, "regso": "0380R053", "higher_ed": 76.5, "neet": 10.4, "income_support": 0.3}}, {"type": "Feature", "geometry": {"type": "Polygon", "coordinates": [[[17.64736885, 59.85824703], [17.64858493, 59.85758365], [17.64808518, 59.85729612], [17.64713078, 59.85675096], [17.6471236, 59.85674589], [17.64689165, 59.8566478], [17.64687054, 59.85664157], [17.64567678, 59.85628634], [17.64476703, 59.85598539], [17.6440328, 59.85576004], [17.64379192, 59.85567533], [17.64378601, 59.85567329], [17.64216319, 59.85514556], [17.64199559, 59.85511209], [17.64173486, 59.85505732], [17.64150519, 59.85498585], [17.63993232, 59.85627656], [17.64024999, 59.85640097], [17.64118348, 59.85675276], [17.64182067, 59.85700064], [17.64326772, 59.8576044], [17.64227306, 59.8581528], [17.64206865, 59.8582682], [17.64132106, 59.85868992], [17.64082337, 59.85896641], [17.64035896, 59.85922445], [17.64144027, 59.85969706], [17.64168166, 59.85980261], [17.64169679, 59.85980958], [17.64224924, 59.86006347], [17.64279324, 59.86033136], [17.64301396, 59.86043077], [17.64325854, 59.86056346], [17.64736885, 59.85824703]]]}, "properties": {"deso": "0380C1580", "pop": 1174.0, "income": 380.1, "male_frac": 0.4919, "child_frac": 0.075, "elder_frac": 0.2998, "dependency": 0.5995, "needZ": 0.0986, "needZ_v1": -0.0837, "regso": "0380R034", "higher_ed": 82.4, "neet": 17.2, "income_support": 0.4}}, {"type": "Feature", "geometry": {"type": "Polygon", "coordinates": [[[17.60645487, 59.86190832], [17.60653384, 59.8619425], [17.60734752, 59.86146677], [17.6082477, 59.86069838], [17.60828388, 59.86067709], [17.60861727, 59.86037901], [17.60970488, 59.85946777], [17.60990616, 59.85929976], [17.61034481, 59.85890366], [17.6123032, 59.8571871], [17.61013697, 59.85569384], [17.60987617, 59.85553239], [17.60958211, 59.85534115], [17.60899881, 59.85505378], [17.60851263, 59.85481434], [17.60768319, 59.85448837], [17.60650225, 59.85418499], [17.6059189, 59.85410726], [17.60593277, 59.85409252], [17.60484868, 59.85395015], [17.60347922, 59.85388509], [17.60249748, 59.85395354], [17.60133102, 59.85398927], [17.59930086, 59.85415701], [17.59668988, 59.85414909], [17.59630497, 59.8541627], [17.59410899, 59.85396591], [17.59141085, 59.85371564], [17.59196287, 59.85398367], [17.59199007, 59.85399831], [17.59241635, 59.85435343], [17.59285874, 59.85480765], [17.59313715, 59.85529484], [17.59382513, 59.85547377], [17.59432651, 59.85559773], [17.59580799, 59.85596383], [17.59597602, 59.85600542], [17.59896282, 59.85674347], [17.60045221, 59.85711152], [17.6029358, 59.85772505], [17.60304032, 59.85775082], [17.60327159, 59.85780796], [17.60332851, 59.85782201], [17.60344143, 59.85784969], [17.60348032, 59.85785925], [17.60350569, 59.8578654], [17.6040344, 59.85799506], [17.60595779, 59.85846656], [17.60653696, 59.85860842], [17.60660123, 59.85862421], [17.60748404, 59.85884053], [17.60746723, 59.8588873], [17.60742664, 59.85900093], [17.60739943, 59.85907665], [17.60729416, 59.85937056], [17.60718963, 59.85966276], [17.60710563, 59.85991233], [17.60708223, 59.85998223], [17.60689446, 59.86032683], [17.60676226, 59.86054403], [17.60667685, 59.86066087], [17.60667113, 59.8606688], [17.60666569, 59.86067457], [17.60652109, 59.86083121], [17.60639602, 59.86093258], [17.60595239, 59.86133559], [17.60590831, 59.86137643], [17.60581094, 59.86146477], [17.60548254, 59.86165954], [17.60632567, 59.86198714], [17.60645487, 59.86190832]]]}, "properties": {"deso": "0380C1560", "pop": 2057.0, "income": 396.2, "male_frac": 0.4772, "child_frac": 0.1697, "elder_frac": 0.2382, "dependency": 0.6888, "needZ": -0.4066, "needZ_v1": -0.0423, "regso": "0380R014", "higher_ed": 87.5, "neet": 8.6, "income_support": 0.1}}, {"type": "Feature", "geometry": {"type": "Polygon", "coordinates": [[[17.65631101, 59.86110733], [17.65715812, 59.86046515], [17.65738526, 59.86033796], [17.65798931, 59.86022363], [17.6574796, 59.85960982], [17.65648419, 59.85888204], [17.65567659, 59.85825555], [17.65556398, 59.85827669], [17.65539799, 59.85837265], [17.65430821, 59.85861263], [17.65407682, 59.85868637], [17.65246843, 59.85956979], [17.65004597, 59.86090243], [17.65063125, 59.86116793], [17.65095606, 59.86124601], [17.65102584, 59.86120661], [17.65220724, 59.86058269], [17.65256732, 59.86070407], [17.65505805, 59.86156098], [17.6554507, 59.86167127], [17.65545797, 59.86167382], [17.65631101, 59.86110733]]]}, "properties": {"deso": "0380C1640", "pop": 1304.0, "income": 440.3, "male_frac": 0.4792, "child_frac": 0.0828, "elder_frac": 0.1342, "dependency": 0.2772, "needZ": -0.8815, "needZ_v1": -1.1975, "regso": "0380R056", "higher_ed": 81.8, "neet": 7.1, "income_support": 0.1}}, {"type": "Feature", "geometry": {"type": "Polygon", "coordinates": [[[17.62080468, 59.82073775], [17.62097005, 59.82050208], [17.62106776, 59.8203301], [17.62124953, 59.82006724], [17.62146603, 59.81978591], [17.62166572, 59.81952279], [17.6217619, 59.81932398], [17.62180902, 59.81920663], [17.62184029, 59.81912535], [17.62177212, 59.81885697], [17.6216549, 59.81867005], [17.6212417, 59.81825297], [17.62338451, 59.81744603], [17.62590173, 59.81618317], [17.62712662, 59.81685961], [17.62840309, 59.81745631], [17.6287145, 59.81760189], [17.62917025, 59.81781491], [17.62947087, 59.81755847], [17.62997268, 59.81725687], [17.63135718, 59.8167047], [17.63108888, 59.81654632], [17.62957455, 59.81560076], [17.62848253, 59.81499769], [17.6316424, 59.81354609], [17.63334652, 59.81304849], [17.63328587, 59.81251857], [17.63288651, 59.81206146], [17.63200496, 59.81227825], [17.63189826, 59.81229601], [17.63136097, 59.81238536], [17.63046965, 59.81242062], [17.63046714, 59.81241115], [17.62980136, 59.81233706], [17.62979286, 59.81234873], [17.6297599, 59.81234481], [17.62947673, 59.81277902], [17.62721262, 59.81414504], [17.62720237, 59.81421665], [17.62678163, 59.81440623], [17.62659425, 59.81466238], [17.62658456, 59.81481572], [17.62634557, 59.81492639], [17.62599803, 59.81508747], [17.62573208, 59.81521072], [17.62572243, 59.81536658], [17.62432675, 59.81565178], [17.6225621, 59.81646224], [17.62237782, 59.81654685], [17.62195756, 59.81670398], [17.62079893, 59.81726269], [17.62044669, 59.81748447], [17.62043534, 59.8174917], [17.62028356, 59.81738721], [17.62011882, 59.81730866], [17.61997496, 59.81724874], [17.61997283, 59.81724789], [17.61969974, 59.81714392], [17.61957167, 59.81708279], [17.61922675, 59.81697082], [17.61897242, 59.81688463], [17.61892077, 59.81686751], [17.61855501, 59.81674671], [17.618338, 59.81667683], [17.61815485, 59.81659047], [17.61808107, 59.81655565], [17.61807296, 59.81656094], [17.61806144, 59.81655667], [17.61687403, 59.81726862], [17.61671513, 59.81736385], [17.6142132, 59.81830366], [17.61505007, 59.81883459], [17.61544627, 59.81916148], [17.61593415, 59.81948502], [17.61670426, 59.81997621], [17.6174147, 59.82033476], [17.61768685, 59.82042087], [17.61779841, 59.82044012], [17.61824279, 59.82051265], [17.61866726, 59.82058998], [17.61922097, 59.82069079], [17.62068863, 59.82090093], [17.62080468, 59.82073775]]]}, "properties": {"deso": "0380C1180", "pop": 1426.0, "income": 274.4, "male_frac": 0.4902, "child_frac": 0.2237, "elder_frac": 0.1704, "dependency": 0.6505, "needZ": 1.1359, "needZ_v1": 0.8772, "regso": "0380R016", "higher_ed": 61.8, "neet": 19.0, "income_support": 1.3}}, {"type": "Feature", "geometry": {"type": "Polygon", "coordinates": [[[17.60819952, 59.79751595], [17.60835391, 59.79729992], [17.60855371, 59.79707059], [17.60869559, 59.79682426], [17.60875256, 59.79658815], [17.60887582, 59.79644801], [17.60906173, 59.79628174], [17.60917947, 59.79616685], [17.6093286, 59.79604919], [17.60996468, 59.79489994], [17.61010456, 59.79464718], [17.61082907, 59.79333809], [17.61093945, 59.79313873], [17.61150923, 59.79210918], [17.61180842, 59.79181508], [17.61731223, 59.78407753], [17.61874842, 59.78203831], [17.6244499, 59.77393951], [17.62206431, 59.77309985], [17.61341315, 59.76134146], [17.61156234, 59.75257636], [17.59920971, 59.75609633], [17.59890184, 59.75599481], [17.59770496, 59.75564033], [17.59711377, 59.7554713], [17.59706071, 59.75545734], [17.59644945, 59.75530766], [17.59582049, 59.75517772], [17.59577304, 59.75516797], [17.59512907, 59.75505835], [17.59508005, 59.75505097], [17.59442347, 59.75496225], [17.59375707, 59.75489457], [17.59370705, 59.75488954], [17.59303351, 59.75484338], [17.59298251, 59.75484079], [17.59230448, 59.75481618], [17.59162461, 59.75481325], [17.59157336, 59.75481318], [17.59089474, 59.75483205], [17.59084383, 59.75483449], [17.59016878, 59.75487493], [17.58950025, 59.75493688], [17.58944997, 59.75494173], [17.58879041, 59.75502489], [17.5887412, 59.75503214], [17.58809369, 59.75513625], [17.58746038, 59.75526083], [17.58741282, 59.75527048], [17.58679647, 59.75541502], [17.58675099, 59.75542687], [17.58615419, 59.75559078], [17.5855791, 59.75577339], [17.58553613, 59.75578744], [17.58498533, 59.75598808], [17.58494516, 59.75600414], [17.5844205, 59.75622204], [17.58392454, 59.75645618], [17.5838876, 59.75647406], [17.58342205, 59.75672358], [17.58338876, 59.75674319], [17.58296623, 59.75700048], [17.58288164, 59.75704589], [17.58244831, 59.75730978], [17.5823327, 59.75738705], [17.58193357, 59.75766427], [17.58157017, 59.75795364], [17.58133081, 59.75817401], [17.58080179, 59.75837617], [17.58027706, 59.75859406], [17.58023099, 59.75861356], [17.57973497, 59.75884767], [17.5796988, 59.75886617], [17.57923318, 59.75911568], [17.57879979, 59.75937955], [17.57876728, 59.75939977], [17.5783681, 59.75967698], [17.57833968, 59.75969874], [17.57797623, 59.75998809], [17.57764975, 59.76028849], [17.57762553, 59.76031151], [17.57733769, 59.76062174], [17.5773181, 59.76064575], [17.57706998, 59.76096455], [17.57686235, 59.76129063], [17.57684738, 59.76131554], [17.57668133, 59.76164755], [17.57667125, 59.76167307], [17.57654726, 59.76200973], [17.57646597, 59.76234969], [17.57646076, 59.76237557], [17.57642235, 59.76271747], [17.57642215, 59.76274352], [17.57642695, 59.76308592], [17.57647486, 59.76342747], [17.57647965, 59.76345343], [17.57657058, 59.76379279], [17.57658032, 59.76381829], [17.57671371, 59.76415403], [17.57688915, 59.76448482], [17.57690385, 59.76450977], [17.57712053, 59.76483427], [17.57713972, 59.76485842], [17.57739694, 59.76517539], [17.5775202, 59.76530348], [17.57748286, 59.76563637], [17.57748768, 59.76597877], [17.57750098, 59.76607516], [17.57754891, 59.76641671], [17.57763985, 59.76675607], [17.57777326, 59.76709182], [17.57794873, 59.76742261], [17.5779991, 59.76751584], [17.57821581, 59.76784034], [17.57847307, 59.7681573], [17.5787696, 59.76846541], [17.57886281, 59.76855978], [17.57919764, 59.7688578], [17.57922347, 59.76887858], [17.57959533, 59.76916527], [17.58000237, 59.7694395], [17.58013044, 59.76952294], [17.58057125, 59.76978366], [17.58104414, 59.77002974], [17.58154698, 59.77026023], [17.58169142, 59.77032359], [17.58222221, 59.77053754], [17.58277915, 59.77073417], [17.58280638, 59.77074253], [17.58279062, 59.77075146], [17.58261118, 59.77085307], [17.58217767, 59.77111696], [17.58213886, 59.77114125], [17.58173957, 59.77141848], [17.58170574, 59.77144456], [17.5813422, 59.77173393], [17.58114843, 59.77190121], [17.58104762, 59.77198816], [17.58072105, 59.77228856], [17.58069033, 59.77231872], [17.58040241, 59.77262896], [17.58015423, 59.77294776], [17.58013355, 59.77297485], [17.57992589, 59.77330094], [17.57990858, 59.77333361], [17.5797425, 59.77366562], [17.57965612, 59.77387499], [17.57961861, 59.77396564], [17.5794946, 59.7743023], [17.57948442, 59.774336], [17.57940313, 59.77467596], [17.57936473, 59.77501786], [17.57936229, 59.7750471], [17.57936712, 59.7753895], [17.57937166, 59.77542354], [17.57941962, 59.77576509], [17.57946596, 59.77595811], [17.57946884, 59.77597251], [17.57947426, 59.77600654], [17.57956524, 59.7763459], [17.57957645, 59.77638637], [17.57966, 59.77660084], [17.57975086, 59.77683376], [17.57985693, 59.77710582], [17.57989322, 59.77719717], [17.57989481, 59.77720253], [17.58000967, 59.77749705], [17.58007839, 59.77767346], [17.58021187, 59.7780092], [17.58022462, 59.77803545], [17.58040018, 59.77836623], [17.58041466, 59.77838822], [17.58063146, 59.77871271], [17.58088883, 59.77902967], [17.58090722, 59.77905096], [17.58120387, 59.77935906], [17.58122937, 59.7793829], [17.58156433, 59.77968091], [17.58164715, 59.7797506], [17.5818945, 59.77995665], [17.58189591, 59.77995779], [17.58226791, 59.78024447], [17.58230517, 59.78027212], [17.58271237, 59.78054634], [17.58299308, 59.78073529], [17.58300686, 59.78074445], [17.58303844, 59.78076512], [17.58347943, 59.78102583], [17.5835213, 59.78105042], [17.58399437, 59.78129649], [17.58403449, 59.78131564], [17.58453752, 59.78154611], [17.58472801, 59.78162285], [17.58472678, 59.78162404], [17.58470749, 59.78164813], [17.58445928, 59.78196694], [17.58425161, 59.78229304], [17.58423679, 59.78231803], [17.58407071, 59.78265005], [17.58406093, 59.78267557], [17.58393694, 59.78301224], [17.58385567, 59.78335219], [17.58385077, 59.78337807], [17.58381241, 59.78371997], [17.58381237, 59.78374602], [17.58381725, 59.78408842], [17.58386527, 59.78442996], [17.58387036, 59.78445582], [17.58396142, 59.78479518], [17.58397147, 59.78482067], [17.58410502, 59.7851564], [17.58428065, 59.78548718], [17.58429537, 59.78551213], [17.58451226, 59.78583662], [17.58453175, 59.78586067], [17.58478921, 59.78617762], [17.58508597, 59.78648571], [17.58511009, 59.78650877], [17.58544516, 59.78680677], [17.58581728, 59.78709343], [17.58585039, 59.78711874], [17.58630973, 59.78743666], [17.58671705, 59.78771087], [17.58675596, 59.78773507], [17.58719708, 59.78799577], [17.58767027, 59.78824182], [17.58770762, 59.78826093], [17.58821077, 59.78849139], [17.58825163, 59.78850846], [17.58878276, 59.78872238], [17.58934004, 59.78891898], [17.58938397, 59.78893393], [17.58996468, 59.78911228], [17.59001137, 59.78912492], [17.59061354, 59.78928435], [17.59123449, 59.78942427], [17.5912835, 59.78943453], [17.59192097, 59.78955436], [17.5919717, 59.78956216], [17.59262301, 59.78966142], [17.59328534, 59.7897397], [17.59333748, 59.78974487], [17.59400859, 59.78980178], [17.59468538, 59.7898372], [17.5947382, 59.78983975], [17.59541815, 59.78985345], [17.59547121, 59.78985339], [17.59615139, 59.78984544], [17.59682944, 59.7898157], [17.59688228, 59.78981295], [17.59755513, 59.78976166], [17.59760703, 59.78975623], [17.59827204, 59.78968362], [17.59892643, 59.78958985], [17.59897711, 59.78958193], [17.59950145, 59.78948847], [17.59951117, 59.78948873], [17.60019112, 59.78950241], [17.6008713, 59.78949443], [17.60092441, 59.7894932], [17.60160244, 59.78946344], [17.60166382, 59.78945899], [17.60233665, 59.78940767], [17.60310674, 59.78933135], [17.60311271, 59.78933069], [17.6037777, 59.78925806], [17.60378498, 59.78925719], [17.6037515, 59.78929334], [17.60350328, 59.78961218], [17.60329589, 59.78993831], [17.60312982, 59.79027035], [17.60300599, 59.79060703], [17.6029249, 59.790947], [17.60288688, 59.7912889], [17.60289196, 59.79163129], [17.60289222, 59.79163461], [17.60289289, 59.79168472], [17.60288448, 59.7917201], [17.60253232, 59.79188633], [17.60206627, 59.79213592], [17.60163279, 59.79239987], [17.60123341, 59.79267715], [17.60086966, 59.79296657], [17.60054322, 59.79326702], [17.60025532, 59.7935773], [17.60000703, 59.79389614], [17.59979958, 59.79422226], [17.59963346, 59.7945543], [17.59950958, 59.79489098], [17.5994944, 59.7949546], [17.60531161, 59.7972503], [17.60803329, 59.79769521], [17.60819952, 59.79751595]]]}, "properties": {"deso": "0380C1010", "pop": 1111.0, "income": 540.8, "male_frac": 0.5068, "child_frac": 0.2187, "elder_frac": 0.1908, "dependency": 0.6936, "needZ": -1.0874, "needZ_v1": -1.2128, "regso": "0380R006", "higher_ed": 93.9, "neet": 7.9, "income_support": 0.1}}, {"type": "Feature", "geometry": {"type": "Polygon", "coordinates": [[[17.64046802, 59.79699316], [17.64156958, 59.79694301], [17.64139887, 59.79643543], [17.64130992, 59.79614726], [17.64124856, 59.79592905], [17.64121944, 59.79590107], [17.64118985, 59.79587265], [17.64114846, 59.79570255], [17.64103801, 59.79533397], [17.64105938, 59.79525477], [17.64116371, 59.79507392], [17.64129677, 59.79490148], [17.64148175, 59.79470141], [17.64174926, 59.79438336], [17.64200738, 59.79407294], [17.642102, 59.79399236], [17.64230152, 59.79376819], [17.64251809, 59.79352733], [17.64273845, 59.7932563], [17.64302274, 59.79292012], [17.6432256, 59.79271977], [17.64340999, 59.79251064], [17.64350164, 59.79242436], [17.64361327, 59.79231927], [17.64371413, 59.79221008], [17.6438308, 59.79206482], [17.64401231, 59.79182125], [17.64401323, 59.79181988], [17.6440938, 59.7916661], [17.6442239, 59.79143982], [17.64435246, 59.79118671], [17.64464762, 59.79072474], [17.64481562, 59.79054278], [17.64523289, 59.79003425], [17.64563119, 59.78951818], [17.64563182, 59.78951691], [17.64572483, 59.78926425], [17.64570286, 59.7888515], [17.64570912, 59.78885074], [17.64675396, 59.78876522], [17.64811703, 59.78871908], [17.64932778, 59.78871121], [17.65096221, 59.78873413], [17.65166095, 59.78877321], [17.65297057, 59.78887568], [17.65413435, 59.78898495], [17.65468486, 59.78904704], [17.65485231, 59.78908264], [17.65535722, 59.78919218], [17.6558462, 59.78933796], [17.65692761, 59.78973999], [17.65751615, 59.78984002], [17.6584297, 59.78997371], [17.65843007, 59.7899728], [17.65843066, 59.78997288], [17.65843513, 59.78997369], [17.65866031, 59.78940503], [17.6589897, 59.78888089], [17.6594379, 59.78847938], [17.65999992, 59.78811014], [17.66023392, 59.78802555], [17.66476035, 59.78959949], [17.66213979, 59.78745663], [17.66121231, 59.78666978], [17.66045725, 59.78616686], [17.65940601, 59.78598414], [17.65845533, 59.78601038], [17.65776199, 59.7861586], [17.65672241, 59.78653991], [17.65493647, 59.78696323], [17.65371811, 59.78683396], [17.65270099, 59.78593711], [17.65111024, 59.78458169], [17.64593991, 59.78149953], [17.6244499, 59.77393951], [17.61874842, 59.78203831], [17.62805853, 59.78643448], [17.62890811, 59.78697188], [17.62853288, 59.78715643], [17.6282798, 59.78738246], [17.62885698, 59.78756206], [17.62899465, 59.78749616], [17.62910717, 59.78751412], [17.62996564, 59.78765064], [17.6309102, 59.78767467], [17.63106929, 59.78768119], [17.6314254, 59.78758971], [17.63162665, 59.78773955], [17.63195717, 59.78821493], [17.63199132, 59.78826401], [17.63220348, 59.78856893], [17.63271268, 59.78846936], [17.63254895, 59.78801247], [17.63319355, 59.78789851], [17.63342859, 59.78807983], [17.63388775, 59.78787131], [17.63413371, 59.78770451], [17.63682471, 59.78860135], [17.63672239, 59.78869412], [17.63621276, 59.78899304], [17.63589106, 59.78912192], [17.63570398, 59.78929158], [17.63525874, 59.78969519], [17.63587152, 59.78986686], [17.63679204, 59.79029285], [17.63754365, 59.79078717], [17.63771445, 59.79085425], [17.63605493, 59.79300398], [17.63503369, 59.79372194], [17.63496276, 59.79370243], [17.63458749, 59.79396523], [17.63465256, 59.79398881], [17.63381273, 59.79457548], [17.63281136, 59.79628297], [17.63330277, 59.79637939], [17.63341683, 59.79647987], [17.63435364, 59.79668368], [17.63444623, 59.79713607], [17.63488, 59.79715387], [17.63488531, 59.79711316], [17.63515158, 59.79710244], [17.63515799, 59.79714264], [17.63596778, 59.79710781], [17.63600533, 59.79719608], [17.64046802, 59.79699316]]]}, "properties": {"deso": "0380C1020", "pop": 1440.0, "income": 489.0, "male_frac": 0.501, "child_frac": 0.1875, "elder_frac": 0.2458, "dependency": 0.7647, "needZ": -0.6198, "needZ_v1": -0.6528, "regso": "0380R028", "higher_ed": 89.6, "neet": 11.1, "income_support": 0.1}}, {"type": "Feature", "geometry": {"type": "Polygon", "coordinates": [[[17.62582685, 59.80649702], [17.62684046, 59.80601283], [17.62745246, 59.80558095], [17.62806678, 59.80481847], [17.62836473, 59.80441567], [17.62865713, 59.80382857], [17.62874315, 59.80348687], [17.62861339, 59.80308652], [17.62862088, 59.80289783], [17.62873305, 59.8027127], [17.62888028, 59.80257889], [17.62919901, 59.80243275], [17.62977747, 59.80233603], [17.6303384, 59.80237133], [17.63066472, 59.80247457], [17.63092092, 59.80259663], [17.63133267, 59.8029591], [17.63163194, 59.80326363], [17.63200938, 59.80358618], [17.63233979, 59.8037522], [17.63275903, 59.80392588], [17.63324948, 59.80409445], [17.63362572, 59.80415725], [17.63412039, 59.80373639], [17.63516608, 59.80363676], [17.63590009, 59.80344114], [17.63768486, 59.80177773], [17.63768514, 59.80177755], [17.63112085, 59.80010793], [17.63112092, 59.80010882], [17.63111987, 59.80010857], [17.63105092, 59.80079881], [17.63105085, 59.80079971], [17.63012166, 59.80052018], [17.62903337, 59.80051832], [17.62805243, 59.80080812], [17.62802499, 59.80081631], [17.62784383, 59.80092062], [17.62699937, 59.80140718], [17.62698559, 59.80141518], [17.6269846, 59.80141574], [17.62736205, 59.80168315], [17.62736221, 59.80168324], [17.62692751, 59.80193454], [17.62643795, 59.80195959], [17.62643766, 59.80195959], [17.62623267, 59.80219471], [17.62640692, 59.80305255], [17.62640694, 59.80305282], [17.625722, 59.80341313], [17.62451991, 59.80437929], [17.62341564, 59.80387829], [17.62340986, 59.80388146], [17.62211651, 59.80460608], [17.62232134, 59.80565212], [17.62286765, 59.80589192], [17.62382613, 59.8059275], [17.6254663, 59.80666931], [17.62582685, 59.80649702]]]}, "properties": {"deso": "0380C1070", "pop": 1589.0, "income": 232.4, "male_frac": 0.4818, "child_frac": 0.214, "elder_frac": 0.1403, "dependency": 0.5487, "needZ": 2.0056, "needZ_v1": 1.0233, "regso": "0380R047", "higher_ed": 59.0, "neet": 25.6, "income_support": 3.8}}, {"type": "Feature", "geometry": {"type": "Polygon", "coordinates": [[[17.65261697, 59.80518366], [17.65159292, 59.80519291], [17.65097576, 59.8051652], [17.65056717, 59.80511029], [17.65028879, 59.8050471], [17.64720397, 59.80427163], [17.64804191, 59.80371114], [17.64737, 59.80349517], [17.64697993, 59.80331376], [17.6467805, 59.80316858], [17.64676773, 59.80307991], [17.64719763, 59.80239712], [17.64723663, 59.80231603], [17.64719016, 59.80158553], [17.64708154, 59.80028822], [17.64919716, 59.80011653], [17.65004189, 59.79993028], [17.65072282, 59.79975882], [17.65137349, 59.79949329], [17.65179392, 59.79926681], [17.65032788, 59.79777331], [17.65006728, 59.79692406], [17.64748155, 59.79693412], [17.64611426, 59.79693317], [17.64365936, 59.79693567], [17.64156958, 59.79694301], [17.64046802, 59.79699316], [17.63600533, 59.79719608], [17.63596778, 59.79710781], [17.63515799, 59.79714264], [17.63515158, 59.79710244], [17.63488531, 59.79711316], [17.63488, 59.79715387], [17.63444623, 59.79713607], [17.63435364, 59.79668368], [17.63341683, 59.79647987], [17.63330277, 59.79637939], [17.63281136, 59.79628297], [17.63230724, 59.7973547], [17.63112085, 59.80010793], [17.63768514, 59.80177755], [17.6390746, 59.80213833], [17.64045234, 59.80272408], [17.6408317, 59.80306049], [17.64087798, 59.80321433], [17.64196662, 59.80388617], [17.64234145, 59.804022], [17.64268101, 59.80414128], [17.64242168, 59.80427575], [17.64069856, 59.80494776], [17.64227419, 59.80554236], [17.64831666, 59.8078166], [17.65169169, 59.80790164], [17.65261697, 59.80518366]]]}, "properties": {"deso": "0380C1060", "pop": 1575.0, "income": 489.0, "male_frac": 0.5035, "child_frac": 0.2216, "elder_frac": 0.1206, "dependency": 0.5203, "needZ": -0.8222, "needZ_v1": -1.1251, "regso": "0380R028", "higher_ed": 89.6, "neet": 11.1, "income_support": 0.1}}, {"type": "Feature", "geometry": {"type": "Polygon", "coordinates": [[[17.66875733, 59.80710088], [17.66831795, 59.80636191], [17.6675177, 59.80538154], [17.66753892, 59.80459478], [17.66805761, 59.80398117], [17.66856615, 59.80318749], [17.66885094, 59.80246257], [17.66892094, 59.80213544], [17.66904423, 59.80155895], [17.66904616, 59.80042837], [17.66889478, 59.79946376], [17.66872009, 59.79866346], [17.66831069, 59.79773525], [17.66781584, 59.79719458], [17.66732518, 59.79653677], [17.66665271, 59.79546694], [17.66644255, 59.79496881], [17.6659385, 59.79339703], [17.66557056, 59.79258861], [17.66527716, 59.79176], [17.66484646, 59.79115567], [17.66494029, 59.79048583], [17.66476035, 59.78959949], [17.66023392, 59.78802555], [17.65999992, 59.78811014], [17.6594379, 59.78847938], [17.6589897, 59.78888089], [17.65866031, 59.78940503], [17.65843513, 59.78997369], [17.65708193, 59.79347296], [17.6564734, 59.795164], [17.65591063, 59.79658095], [17.65558952, 59.79743798], [17.65499466, 59.79901798], [17.6549769, 59.79901645], [17.65320404, 59.79893412], [17.65247022, 59.79903552], [17.65216125, 59.79909008], [17.65179392, 59.79926681], [17.65137349, 59.79949329], [17.65072282, 59.79975882], [17.65004189, 59.79993028], [17.64919716, 59.80011653], [17.64708154, 59.80028822], [17.64719016, 59.80158553], [17.64723663, 59.80231603], [17.64719763, 59.80239712], [17.64676773, 59.80307991], [17.6467805, 59.80316858], [17.64697993, 59.80331376], [17.64737, 59.80349517], [17.64804191, 59.80371114], [17.64720397, 59.80427163], [17.65028879, 59.8050471], [17.65056717, 59.80511029], [17.65097576, 59.8051652], [17.65159292, 59.80519291], [17.65261697, 59.80518366], [17.65169169, 59.80790164], [17.65723838, 59.8080419], [17.66875733, 59.80710088]]]}, "properties": {"deso": "0380C1040", "pop": 1657.0, "income": 489.0, "male_frac": 0.51, "child_frac": 0.1841, "elder_frac": 0.1841, "dependency": 0.5826, "needZ": -0.7706, "needZ_v1": -1.0046, "regso": "0380R028", "higher_ed": 89.6, "neet": 11.1, "income_support": 0.1}}, {"type": "Feature", "geometry": {"type": "Polygon", "coordinates": [[[17.63718479, 59.80735461], [17.63790629, 59.80649929], [17.63849658, 59.80612573], [17.6390539, 59.80572399], [17.63999443, 59.80523506], [17.64069856, 59.80494776], [17.64242168, 59.80427575], [17.64268101, 59.80414128], [17.64234145, 59.804022], [17.64196662, 59.80388617], [17.64087798, 59.80321433], [17.6408317, 59.80306049], [17.64045234, 59.80272408], [17.6390746, 59.80213833], [17.63768514, 59.80177755], [17.63768486, 59.80177773], [17.63590009, 59.80344114], [17.63516608, 59.80363676], [17.63412039, 59.80373639], [17.63362572, 59.80415725], [17.63324948, 59.80409445], [17.63275903, 59.80392588], [17.63233979, 59.8037522], [17.63200938, 59.80358618], [17.63163194, 59.80326363], [17.63133267, 59.8029591], [17.63092092, 59.80259663], [17.63066472, 59.80247457], [17.6303384, 59.80237133], [17.62977747, 59.80233603], [17.62919901, 59.80243275], [17.62888028, 59.80257889], [17.62873305, 59.8027127], [17.62862088, 59.80289783], [17.62861339, 59.80308652], [17.62874315, 59.80348687], [17.62865713, 59.80382857], [17.62836473, 59.80441567], [17.62937479, 59.80459875], [17.62958597, 59.80483974], [17.62968058, 59.80513732], [17.63148327, 59.80576811], [17.63145047, 59.80586497], [17.63042593, 59.80676367], [17.63287697, 59.80724557], [17.63256059, 59.8076438], [17.63431758, 59.80800061], [17.63538992, 59.80882715], [17.63624797, 59.80919107], [17.63718479, 59.80735461]]]}, "properties": {"deso": "0380C1090", "pop": 926.0, "income": 274.4, "male_frac": 0.4741, "child_frac": 0.1847, "elder_frac": 0.2138, "dependency": 0.6625, "needZ": 1.1458, "needZ_v1": 0.9004, "regso": "0380R016", "higher_ed": 61.8, "neet": 19.0, "income_support": 1.3}}, {"type": "Feature", "geometry": {"type": "Polygon", "coordinates": [[[17.61878653, 59.81007209], [17.61899953, 59.81001458], [17.61949863, 59.80996332], [17.61996229, 59.81012196], [17.62026784, 59.80988153], [17.62066249, 59.80959772], [17.62097142, 59.80937806], [17.62121201, 59.80921311], [17.62128817, 59.80916605], [17.62138424, 59.80910296], [17.62166384, 59.80900038], [17.62190982, 59.80893413], [17.62229927, 59.80888387], [17.62265398, 59.80885201], [17.62288453, 59.80883088], [17.62316662, 59.80877316], [17.62352644, 59.80868657], [17.62473629, 59.80973879], [17.62475621, 59.80975644], [17.62499191, 59.80996893], [17.62525916, 59.81021034], [17.62536343, 59.81015059], [17.62521822, 59.81005271], [17.62589084, 59.80985559], [17.62600144, 59.80978647], [17.62687824, 59.8092389], [17.62692996, 59.80917104], [17.62710792, 59.80893772], [17.62789876, 59.80790044], [17.62804867, 59.80774798], [17.62602735, 59.80664176], [17.62582685, 59.80649702], [17.6254663, 59.80666931], [17.62382613, 59.8059275], [17.62286765, 59.80589192], [17.62232134, 59.80565212], [17.62195369, 59.80580524], [17.62058017, 59.80634363], [17.62013023, 59.80681985], [17.61966696, 59.80731], [17.61942058, 59.80780381], [17.61930914, 59.80822578], [17.61912847, 59.8084534], [17.61873079, 59.80869665], [17.61807814, 59.80896861], [17.61767337, 59.80921353], [17.61690947, 59.80979795], [17.61692416, 59.80979774], [17.61737112, 59.8101017], [17.61751234, 59.81019599], [17.61779172, 59.8102984], [17.61826147, 59.81033791], [17.61838347, 59.81037635], [17.61878653, 59.81007209]]]}, "properties": {"deso": "0380C1100", "pop": 1487.0, "income": 232.4, "male_frac": 0.4835, "child_frac": 0.2347, "elder_frac": 0.1096, "dependency": 0.5251, "needZ": 1.9861, "needZ_v1": 0.9777, "regso": "0380R047", "higher_ed": 59.0, "neet": 25.6, "income_support": 3.8}}, {"type": "Feature", "geometry": {"type": "Polygon", "coordinates": [[[17.70857419, 59.80692456], [17.70862049, 59.80265756], [17.70790184, 59.80253358], [17.70704199, 59.80241799], [17.70605204, 59.80232635], [17.70581444, 59.80192568], [17.70557582, 59.80160497], [17.70521135, 59.80120627], [17.7047107, 59.80075262], [17.70414796, 59.80033096], [17.70360466, 59.79998759], [17.7031463, 59.79973445], [17.70265684, 59.7994965], [17.70199347, 59.79921147], [17.70144804, 59.79900655], [17.70087803, 59.79881948], [17.70011881, 59.79860332], [17.69950615, 59.79845404], [17.69887613, 59.7983246], [17.6980322, 59.7981823], [17.69737465, 59.79809402], [17.69653151, 59.79799786], [17.69571644, 59.79791415], [17.69570712, 59.79791354], [17.69522333, 59.79784854], [17.6944084, 59.79776464], [17.69373386, 59.79771891], [17.69284728, 59.79768174], [17.69216669, 59.79767942], [17.69148712, 59.79769872], [17.69062019, 59.79774665], [17.68995085, 59.79780904], [17.68929086, 59.79789278], [17.68928243, 59.79789394], [17.68912434, 59.7978934], [17.6885794, 59.79790868], [17.68799356, 59.79774299], [17.68670289, 59.79745435], [17.68600784, 59.79733795], [17.68535033, 59.7972496], [17.68463195, 59.7971775], [17.68390566, 59.79712946], [17.68322671, 59.79710532], [17.68249426, 59.7971032], [17.68108723, 59.79716613], [17.68038055, 59.79723228], [17.6828891, 59.80049783], [17.68300352, 59.80065009], [17.6843144, 59.80241014], [17.68445772, 59.80260331], [17.68714912, 59.8062576], [17.68852653, 59.80791062], [17.68948306, 59.80775407], [17.69103437, 59.80776626], [17.69255994, 59.80761242], [17.69342794, 59.80735606], [17.7007522, 59.80771802], [17.70170246, 59.80789351], [17.70572244, 59.80828154], [17.7063756, 59.80853048], [17.70855579, 59.8085694], [17.70867883, 59.80858321], [17.70857419, 59.80692456]]]}, "properties": {"deso": "0380C1080", "pop": 1089.0, "income": 308.4, "male_frac": 0.4964, "child_frac": 0.1726, "elder_frac": 0.2351, "dependency": 0.6884, "needZ": 0.8897, "needZ_v1": 0.6731, "regso": "0380R032", "higher_ed": 66.7, "neet": 17.5, "income_support": 1.3}}, {"type": "Feature", "geometry": {"type": "Polygon", "coordinates": [[[17.62602422, 59.82261398], [17.62647968, 59.82246404], [17.6270203, 59.82224108], [17.62749158, 59.82205498], [17.62778864, 59.82194315], [17.6280158, 59.82185921], [17.62827714, 59.8217479], [17.6283051, 59.82173306], [17.6285025, 59.82162807], [17.62878218, 59.82152547], [17.62909506, 59.82137747], [17.62935291, 59.82120327], [17.62980191, 59.82091773], [17.63004269, 59.82075293], [17.63045459, 59.82045978], [17.63086648, 59.82017596], [17.63113963, 59.81996651], [17.63147164, 59.81973881], [17.63150053, 59.81971901], [17.63174167, 59.8195366], [17.63191242, 59.81940734], [17.63220231, 59.81916971], [17.63251169, 59.81894991], [17.63287115, 59.81868439], [17.63351824, 59.81820138], [17.63416852, 59.81765283], [17.63454521, 59.81736926], [17.63497383, 59.81703919], [17.63535013, 59.81673784], [17.6356747, 59.81650965], [17.636034, 59.81623531], [17.63637649, 59.81597909], [17.63666449, 59.81568669], [17.63681506, 59.81552406], [17.63697638, 59.81521659], [17.63706839, 59.8149459], [17.63699623, 59.81458572], [17.63689496, 59.81431486], [17.63648719, 59.81398305], [17.63588019, 59.81365389], [17.63571727, 59.81335669], [17.63519343, 59.81328689], [17.63475726, 59.8131723], [17.6341334, 59.81306138], [17.63334652, 59.81304849], [17.6316424, 59.81354609], [17.62848253, 59.81499769], [17.62957455, 59.81560076], [17.63108888, 59.81654632], [17.63135718, 59.8167047], [17.62997268, 59.81725687], [17.62947087, 59.81755847], [17.62917025, 59.81781491], [17.6287145, 59.81760189], [17.62840309, 59.81745631], [17.62712662, 59.81685961], [17.62590173, 59.81618317], [17.62338451, 59.81744603], [17.6212417, 59.81825297], [17.6216549, 59.81867005], [17.62177212, 59.81885697], [17.62184029, 59.81912535], [17.62180902, 59.81920663], [17.6217619, 59.81932398], [17.62166572, 59.81952279], [17.62146603, 59.81978591], [17.62124953, 59.82006724], [17.62106776, 59.8203301], [17.62097005, 59.82050208], [17.62080468, 59.82073775], [17.62068863, 59.82090093], [17.62082941, 59.82092705], [17.6218594, 59.82111824], [17.62200165, 59.82115366], [17.62206482, 59.82116938], [17.6221628, 59.82119375], [17.62247403, 59.82127135], [17.62334346, 59.82151971], [17.62341257, 59.82154348], [17.62345657, 59.82155859], [17.62399756, 59.82174415], [17.62440032, 59.82193606], [17.62441867, 59.82194486], [17.6251346, 59.82232104], [17.62579761, 59.82270689], [17.62602422, 59.82261398]]]}, "properties": {"deso": "0380C1200", "pop": 1193.0, "income": 471.9, "male_frac": 0.4933, "child_frac": 0.1953, "elder_frac": 0.2288, "dependency": 0.7365, "needZ": -0.7019, "needZ_v1": -0.5677, "regso": "0380R017", "higher_ed": 92.5, "neet": 9.0, "income_support": 0.2}}, {"type": "Feature", "geometry": {"type": "Polygon", "coordinates": [[[17.67555047, 59.82165268], [17.67488045, 59.82045457], [17.67536717, 59.8197602], [17.67576933, 59.81976873], [17.67626506, 59.81890647], [17.67683812, 59.81764794], [17.67945551, 59.81858119], [17.68282719, 59.81723065], [17.68290008, 59.81719126], [17.68412445, 59.81776568], [17.68564435, 59.81872669], [17.68573582, 59.81871341], [17.68591157, 59.8186508], [17.68600109, 59.81861888], [17.68610792, 59.81858086], [17.686323, 59.81850425], [17.68657055, 59.81841602], [17.68696353, 59.81827612], [17.68735236, 59.81813757], [17.6877898, 59.81798168], [17.68803762, 59.81789343], [17.68856, 59.81770733], [17.68892293, 59.81757801], [17.68936422, 59.81742078], [17.68961519, 59.81733139], [17.6901763, 59.81713146], [17.69107481, 59.81689255], [17.69575101, 59.81579262], [17.69576893, 59.81578866], [17.69572217, 59.81573967], [17.69562577, 59.81563889], [17.69346132, 59.81337372], [17.69349534, 59.81336692], [17.69235089, 59.81213351], [17.69152403, 59.81124238], [17.68862569, 59.80802968], [17.68852653, 59.80791062], [17.68714912, 59.8062576], [17.68445772, 59.80260331], [17.6843144, 59.80241014], [17.68300352, 59.80065009], [17.6828891, 59.80049783], [17.68038055, 59.79723228], [17.679707, 59.79731742], [17.67900929, 59.79742955], [17.67837554, 59.79755457], [17.67770302, 59.79771136], [17.67694012, 59.79789442], [17.67628648, 59.79807408], [17.67571117, 59.79825718], [17.67511487, 59.79847385], [17.67405226, 59.79894441], [17.67354857, 59.79921425], [17.67311557, 59.79947843], [17.67258544, 59.79985543], [17.67210853, 59.79937297], [17.67175405, 59.79908079], [17.67141338, 59.79883629], [17.67118239, 59.79861552], [17.67081422, 59.79826612], [17.67045962, 59.79797394], [17.67005034, 59.79768008], [17.66976784, 59.79750257], [17.66937571, 59.79706455], [17.66957586, 59.79669948], [17.66980794, 59.79620073], [17.66992932, 59.79581219], [17.66997388, 59.79556427], [17.66905649, 59.79626593], [17.66732518, 59.79653677], [17.66781584, 59.79719458], [17.66831069, 59.79773525], [17.66872009, 59.79866346], [17.66889478, 59.79946376], [17.66904616, 59.80042837], [17.66904423, 59.80155895], [17.66892094, 59.80213544], [17.66885094, 59.80246257], [17.66856615, 59.80318749], [17.66805761, 59.80398117], [17.66753892, 59.80459478], [17.6675177, 59.80538154], [17.66831795, 59.80636191], [17.66875733, 59.80710088], [17.66899343, 59.80854138], [17.66931254, 59.80954301], [17.67017392, 59.81091395], [17.67082987, 59.8117095], [17.67094064, 59.81209736], [17.6710572, 59.81227285], [17.67095339, 59.81290706], [17.67140024, 59.81371171], [17.67131136, 59.81416668], [17.67050324, 59.81516991], [17.67010025, 59.81611317], [17.67011998, 59.81707094], [17.66996324, 59.818101], [17.66946549, 59.82127788], [17.669366, 59.82145937], [17.66907773, 59.82225461], [17.66880464, 59.82308169], [17.66936886, 59.8231403], [17.67555047, 59.82165268]]]}, "properties": {"deso": "0380C1120", "pop": 894.0, "income": 482.5, "male_frac": 0.4888, "child_frac": 0.1913, "elder_frac": 0.2036, "dependency": 0.6525, "needZ": -0.7224, "needZ_v1": -0.8166, "regso": "0380R024", "higher_ed": 84.8, "neet": 7.6, "income_support": 0.3}}, {"type": "Feature", "geometry": {"type": "Polygon", "coordinates": [[[17.6889653, 59.82403571], [17.68938312, 59.82388919], [17.68938264, 59.82388884], [17.68919366, 59.82374575], [17.68893955, 59.82355028], [17.6886826, 59.82335441], [17.68865292, 59.82332564], [17.6888097, 59.82328291], [17.68899669, 59.82323355], [17.68960018, 59.82307435], [17.69080881, 59.82272553], [17.69047215, 59.82257379], [17.69036824, 59.82252956], [17.69020949, 59.82246203], [17.68998441, 59.82236747], [17.68963245, 59.82221935], [17.69018032, 59.82204206], [17.69040988, 59.821977], [17.69109929, 59.8217616], [17.6911653, 59.82174094], [17.69228483, 59.82139357], [17.69249782, 59.82132023], [17.69252974, 59.82130924], [17.69288049, 59.82120541], [17.69318897, 59.82114304], [17.69341117, 59.82109807], [17.69408487, 59.82102571], [17.69491788, 59.82094208], [17.69523533, 59.82092884], [17.69557637, 59.82091448], [17.69639678, 59.82091159], [17.69765936, 59.82093151], [17.69789521, 59.8209353], [17.69802176, 59.82093198], [17.69893266, 59.82093296], [17.69879814, 59.81982691], [17.69820501, 59.818609], [17.69815175, 59.81849979], [17.69800941, 59.81832054], [17.69713033, 59.81721314], [17.69629985, 59.81634413], [17.69576893, 59.81578866], [17.69575101, 59.81579262], [17.69107481, 59.81689255], [17.6901763, 59.81713146], [17.68961519, 59.81733139], [17.68936422, 59.81742078], [17.68892293, 59.81757801], [17.68856, 59.81770733], [17.68803762, 59.81789343], [17.6877898, 59.81798168], [17.68735236, 59.81813757], [17.68696353, 59.81827612], [17.68657055, 59.81841602], [17.686323, 59.81850425], [17.68610792, 59.81858086], [17.68600109, 59.81861888], [17.68591157, 59.8186508], [17.68573582, 59.81871341], [17.68564435, 59.81872669], [17.68412445, 59.81776568], [17.68290008, 59.81719126], [17.68282719, 59.81723065], [17.67945551, 59.81858119], [17.67945553, 59.81858155], [17.67945467, 59.81858184], [17.67983358, 59.8201449], [17.67983362, 59.82014544], [17.67973977, 59.82016019], [17.67915009, 59.82025305], [17.67914922, 59.82025325], [17.67909257, 59.82060481], [17.67913933, 59.82077291], [17.67992885, 59.82157585], [17.6801019, 59.82212915], [17.68064567, 59.82216936], [17.68136519, 59.82219054], [17.68185245, 59.82227258], [17.68188458, 59.82228423], [17.68224787, 59.82241641], [17.68265333, 59.82258986], [17.68269889, 59.82260941], [17.68299038, 59.82273407], [17.68338114, 59.82298264], [17.68339494, 59.82299143], [17.68479912, 59.82379717], [17.68512812, 59.82406586], [17.68549416, 59.82413492], [17.68551595, 59.8241351], [17.68687767, 59.8241496], [17.68814535, 59.82412909], [17.68840751, 59.82417071], [17.6884245, 59.82417342], [17.68852168, 59.82418886], [17.68852645, 59.82418966], [17.6889653, 59.82403571]]]}, "properties": {"deso": "0380C1230", "pop": 1528.0, "income": 482.5, "male_frac": 0.4841, "child_frac": 0.2081, "elder_frac": 0.1859, "dependency": 0.6501, "needZ": -0.7243, "needZ_v1": -0.8212, "regso": "0380R024", "higher_ed": 84.8, "neet": 7.6, "income_support": 0.3}}, {"type": "Feature", "geometry": {"type": "Polygon", "coordinates": [[[17.62386992, 59.83102904], [17.62401752, 59.83086819], [17.62413716, 59.83073538], [17.62425898, 59.83059678], [17.62437359, 59.83045428], [17.62439602, 59.83042517], [17.62447667, 59.83030931], [17.62455976, 59.83017597], [17.62456212, 59.83017224], [17.62457534, 59.83014764], [17.62463161, 59.83004367], [17.62464671, 59.83001121], [17.6246715, 59.82995781], [17.62469202, 59.82991383], [17.62470882, 59.8298711], [17.62474599, 59.82977686], [17.62476439, 59.82973023], [17.62479738, 59.82964648], [17.62481016, 59.8295882], [17.62481895, 59.82954851], [17.62481704, 59.82953166], [17.62480737, 59.82945002], [17.62476258, 59.82935399], [17.62468986, 59.8292676], [17.62468612, 59.82926318], [17.6246874, 59.82926253], [17.6247686, 59.82921923], [17.62485897, 59.82916344], [17.62494131, 59.82910458], [17.62497237, 59.82907863], [17.62501518, 59.82904293], [17.62508033, 59.82897884], [17.62513647, 59.8289126], [17.62521479, 59.82881025], [17.62542447, 59.82875029], [17.62542519, 59.82875], [17.62602312, 59.8285789], [17.62622257, 59.82852175], [17.62665184, 59.82839892], [17.62702383, 59.82829242], [17.62741137, 59.82818156], [17.6278081, 59.82806791], [17.62818412, 59.82796025], [17.62854056, 59.82785827], [17.62889714, 59.8277562], [17.62930783, 59.82763859], [17.63029136, 59.827357], [17.63036877, 59.82733479], [17.6304102, 59.82732651], [17.63041759, 59.82732502], [17.63041711, 59.82732458], [17.63000304, 59.82689542], [17.62964241, 59.82649635], [17.629208, 59.82605349], [17.62894914, 59.82575066], [17.62884544, 59.82561854], [17.6287728, 59.82552397], [17.628423, 59.82506774], [17.62736599, 59.82367279], [17.62724576, 59.82357908], [17.62723775, 59.82357277], [17.62721754, 59.8235571], [17.62704933, 59.82342581], [17.62675964, 59.82325958], [17.62623944, 59.82296116], [17.62579761, 59.82270689], [17.6251346, 59.82232104], [17.62441867, 59.82194486], [17.62440032, 59.82193606], [17.62399756, 59.82174415], [17.62345657, 59.82155859], [17.62341257, 59.82154348], [17.62334346, 59.82151971], [17.62247403, 59.82127135], [17.6221628, 59.82119375], [17.62206482, 59.82116938], [17.62200165, 59.82115366], [17.6218594, 59.82111824], [17.62082941, 59.82092705], [17.62068863, 59.82090093], [17.61922097, 59.82069079], [17.61866726, 59.82058998], [17.61824279, 59.82051265], [17.61779841, 59.82044012], [17.61768685, 59.82042087], [17.6174147, 59.82033476], [17.61741451, 59.82033602], [17.617413, 59.82033551], [17.61727584, 59.82043615], [17.61693356, 59.8207012], [17.61638533, 59.8211128], [17.61606097, 59.82137759], [17.61599695, 59.82147488], [17.6158618, 59.82171749], [17.61583865, 59.82178433], [17.61583855, 59.82178496], [17.61579418, 59.8219133], [17.61573496, 59.8221261], [17.61573503, 59.82216077], [17.61573482, 59.82233072], [17.61573457, 59.82257513], [17.61584011, 59.82295281], [17.61584696, 59.8230045], [17.61595111, 59.82327252], [17.6161865, 59.82366432], [17.61656594, 59.8240899], [17.61705904, 59.82464014], [17.61720252, 59.82479421], [17.61757063, 59.82518947], [17.61774926, 59.82539008], [17.61798688, 59.82565428], [17.61833046, 59.82604994], [17.61833346, 59.82605437], [17.61864136, 59.82651263], [17.61882179, 59.82687848], [17.61891394, 59.82726298], [17.61892654, 59.82749644], [17.61887556, 59.82787409], [17.61873801, 59.82829792], [17.61852588, 59.82866017], [17.61827567, 59.82896867], [17.61790244, 59.82932416], [17.61794736, 59.82933404], [17.6187865, 59.82951846], [17.61960196, 59.82974052], [17.61983512, 59.82979193], [17.62037332, 59.82983753], [17.62062516, 59.82988883], [17.62148285, 59.83022645], [17.62217461, 59.83050495], [17.62270407, 59.83073108], [17.62320672, 59.83093439], [17.62380765, 59.83110169], [17.62386992, 59.83102904]]]}, "properties": {"deso": "0380C1240", "pop": 1407.0, "income": 471.9, "male_frac": 0.4789, "child_frac": 0.1891, "elder_frac": 0.2338, "dependency": 0.7328, "needZ": -0.7051, "needZ_v1": -0.575, "regso": "0380R017", "higher_ed": 92.5, "neet": 9.0, "income_support": 0.2}}, {"type": "Feature", "geometry": {"type": "Polygon", "coordinates": [[[17.66133999, 59.83167519], [17.66238105, 59.83075013], [17.66430597, 59.82885395], [17.66532456, 59.82813043], [17.66811224, 59.82700941], [17.66813232, 59.82657083], [17.66817794, 59.82432923], [17.66880464, 59.82308169], [17.66907773, 59.82225461], [17.669366, 59.82145937], [17.66946549, 59.82127788], [17.66996324, 59.818101], [17.67011998, 59.81707094], [17.67010025, 59.81611317], [17.67050324, 59.81516991], [17.67131136, 59.81416668], [17.67140024, 59.81371171], [17.67095339, 59.81290706], [17.6710572, 59.81227285], [17.67094064, 59.81209736], [17.67082987, 59.8117095], [17.67017392, 59.81091395], [17.66931254, 59.80954301], [17.66899343, 59.80854138], [17.66875733, 59.80710088], [17.65723838, 59.8080419], [17.65169169, 59.80790164], [17.6505865, 59.81080244], [17.64975964, 59.81315409], [17.6479012, 59.81822572], [17.64503799, 59.8259545], [17.64502223, 59.82596164], [17.64423912, 59.82803571], [17.64817544, 59.82839612], [17.64776466, 59.83027588], [17.65364668, 59.83066118], [17.65375299, 59.83063604], [17.65445094, 59.83067073], [17.65473151, 59.8306163], [17.65438573, 59.82985168], [17.6546844, 59.8298029], [17.65493746, 59.8297006], [17.65538637, 59.82987353], [17.65535253, 59.82992712], [17.65885691, 59.83123855], [17.66062765, 59.83209669], [17.66133999, 59.83167519]]]}, "properties": {"deso": "0380C1213", "pop": 1359.0, "income": 281.6, "male_frac": 0.3779, "child_frac": 0.0861, "elder_frac": 0.1074, "dependency": 0.24, "needZ": 0.384, "needZ_v1": 0.0253, "regso": "0380R003", "higher_ed": 76.6, "neet": 11.8, "income_support": 2.3}}, {"type": "Feature", "geometry": {"type": "Polygon", "coordinates": [[[17.60584538, 59.83474532], [17.60607891, 59.83452072], [17.6061066, 59.83450598], [17.60722726, 59.83390846], [17.60689554, 59.83376925], [17.60703723, 59.83362201], [17.60880047, 59.83179006], [17.61009908, 59.83044095], [17.61040296, 59.83012512], [17.61097124, 59.82953467], [17.61114638, 59.82935271], [17.61076585, 59.82815565], [17.61097452, 59.82801875], [17.61103807, 59.82805423], [17.61102359, 59.8281173], [17.61172646, 59.82826314], [17.61295141, 59.82846706], [17.61401263, 59.828632], [17.61523661, 59.8288307], [17.61617154, 59.82897047], [17.61705475, 59.82914683], [17.61790244, 59.82932416], [17.61827567, 59.82896867], [17.61852588, 59.82866017], [17.61873801, 59.82829792], [17.61887556, 59.82787409], [17.61892654, 59.82749644], [17.61891394, 59.82726298], [17.61882179, 59.82687848], [17.61864136, 59.82651263], [17.61833346, 59.82605437], [17.61833046, 59.82604994], [17.61798688, 59.82565428], [17.61774926, 59.82539008], [17.61757063, 59.82518947], [17.61720252, 59.82479421], [17.61705904, 59.82464014], [17.61656594, 59.8240899], [17.6161865, 59.82366432], [17.61595111, 59.82327252], [17.61584696, 59.8230045], [17.61584011, 59.82295281], [17.61573457, 59.82257513], [17.61573482, 59.82233072], [17.61573503, 59.82216077], [17.61573496, 59.8221261], [17.61579418, 59.8219133], [17.61583855, 59.82178496], [17.61583865, 59.82178433], [17.6158618, 59.82171749], [17.61599695, 59.82147488], [17.61606097, 59.82137759], [17.61638533, 59.8211128], [17.61693356, 59.8207012], [17.61727584, 59.82043615], [17.617413, 59.82033551], [17.61741451, 59.82033602], [17.6174147, 59.82033476], [17.61670426, 59.81997621], [17.61593415, 59.81948502], [17.61544627, 59.81916148], [17.61505007, 59.81883459], [17.6142132, 59.81830366], [17.61396367, 59.81817362], [17.6136997, 59.81790796], [17.61340583, 59.81770945], [17.60663772, 59.82068971], [17.60046556, 59.81905405], [17.60032995, 59.8189864], [17.60025775, 59.81904532], [17.60030776, 59.81905843], [17.60032833, 59.81906386], [17.59934036, 59.81944511], [17.59889779, 59.82047316], [17.5984913, 59.82074868], [17.59839516, 59.82109703], [17.59792554, 59.82145742], [17.59788936, 59.82160867], [17.59787062, 59.82177602], [17.59786752, 59.8217892], [17.59782927, 59.8221311], [17.59783432, 59.82247349], [17.59783956, 59.82256537], [17.59788779, 59.82290691], [17.59797911, 59.82324625], [17.59811296, 59.82358197], [17.59815189, 59.82367183], [17.59824341, 59.82384383], [17.59823176, 59.8238755], [17.59817375, 59.82404497], [17.59809254, 59.82438494], [17.59807721, 59.82449033], [17.59803896, 59.82483223], [17.598044, 59.82517463], [17.59809224, 59.82551617], [17.59810812, 59.82558016], [17.59813176, 59.82574767], [17.59813484, 59.82576072], [17.59813743, 59.8257789], [17.59816235, 59.82588341], [17.59825368, 59.82622275], [17.59838754, 59.82655847], [17.59856355, 59.82688922], [17.59862309, 59.8269811], [17.59873283, 59.82714502], [17.59873979, 59.82716257], [17.59871615, 59.82724244], [17.59864338, 59.8275473], [17.59823858, 59.82759823], [17.59758955, 59.8277024], [17.59755585, 59.82770801], [17.59692135, 59.82783263], [17.59630371, 59.82797722], [17.59570553, 59.82814118], [17.59567473, 59.82815006], [17.59509859, 59.82833271], [17.59462908, 59.82850339], [17.59469951, 59.8286785], [17.5939757, 59.82924805], [17.59390812, 59.82946882], [17.59463951, 59.8296547], [17.59480286, 59.82976645], [17.5949297, 59.82985323], [17.59481557, 59.82991647], [17.59365388, 59.83065158], [17.59363946, 59.83074438], [17.59503279, 59.83193211], [17.59486154, 59.83216535], [17.59460268, 59.83217099], [17.59375104, 59.83209347], [17.59377599, 59.83218909], [17.59364942, 59.83279043], [17.59326142, 59.83287469], [17.59265206, 59.83287934], [17.59225533, 59.83288536], [17.59280212, 59.83328166], [17.5928923, 59.83338156], [17.59259397, 59.83386763], [17.59275203, 59.83399817], [17.59340872, 59.83417412], [17.59424266, 59.83421642], [17.59427249, 59.83413455], [17.60560201, 59.83497955], [17.60584538, 59.83474532]]]}, "properties": {"deso": "0380C1250", "pop": 1615.0, "income": 471.9, "male_frac": 0.4708, "child_frac": 0.1827, "elder_frac": 0.205, "dependency": 0.633, "needZ": -0.7877, "needZ_v1": -0.7678, "regso": "0380R017", "higher_ed": 92.5, "neet": 9.0, "income_support": 0.2}}, {"type": "Feature", "geometry": {"type": "Polygon", "coordinates": [[[17.6951966, 59.8333689], [17.69560832, 59.83330972], [17.69719112, 59.83317056], [17.69932974, 59.83278742], [17.69998507, 59.83261974], [17.70118056, 59.83223841], [17.70171897, 59.83202857], [17.70278024, 59.83152971], [17.70371952, 59.83096058], [17.70440637, 59.83048197], [17.70490456, 59.83011071], [17.70539406, 59.82967406], [17.70658524, 59.82942841], [17.70727748, 59.82924906], [17.70786449, 59.82907511], [17.70859866, 59.82882151], [17.70913698, 59.82861164], [17.70913967, 59.82861041], [17.70992356, 59.82862661], [17.71060463, 59.82861796], [17.71149098, 59.82857311], [17.71220277, 59.82851702], [17.71318595, 59.82854463], [17.71391772, 59.82853519], [17.71464666, 59.82850173], [17.71532008, 59.82844984], [17.71603501, 59.82837094], [17.71673817, 59.82826875], [17.71737981, 59.82815372], [17.71805223, 59.82800841], [17.71870431, 59.82784107], [17.71929109, 59.82766707], [17.71985474, 59.82747477], [17.72043476, 59.82725052], [17.72098439, 59.82700749], [17.7215011, 59.8267469], [17.72198823, 59.82646653], [17.72240429, 59.82619536], [17.72306776, 59.82575557], [17.72375585, 59.82533459], [17.72547396, 59.82416727], [17.72614255, 59.82370113], [17.72729724, 59.8228931], [17.72771586, 59.82281794], [17.72838954, 59.82267183], [17.72904242, 59.82250361], [17.72962905, 59.82232956], [17.73023528, 59.82212188], [17.73081936, 59.82189165], [17.73133001, 59.82166492], [17.73229766, 59.82119443], [17.73306306, 59.82094201], [17.73364336, 59.82071643], [17.73419283, 59.820472], [17.73515831, 59.81995266], [17.73557418, 59.81968145], [17.73635781, 59.81905836], [17.73697165, 59.81838877], [17.73719848, 59.81806597], [17.73738416, 59.81773648], [17.7375498, 59.81734569], [17.73765103, 59.81700709], [17.73781426, 59.81619453], [17.73878993, 59.81529803], [17.73936338, 59.81467715], [17.73961068, 59.81433002], [17.73979631, 59.81400053], [17.74004819, 59.81330999], [17.74010652, 59.81296886], [17.74012182, 59.81260896], [17.74009372, 59.81226686], [17.74002251, 59.81192637], [17.73990189, 59.81157163], [17.73974554, 59.8112384], [17.73960665, 59.81100855], [17.7396676, 59.81065641], [17.73968272, 59.81031403], [17.73965566, 59.80994505], [17.73946616, 59.80924025], [17.73930045, 59.80888062], [17.73908774, 59.80852718], [17.73855019, 59.80786934], [17.73820792, 59.80754267], [17.73785262, 59.80725058], [17.73743205, 59.80694799], [17.73651414, 59.80640694], [17.7359869, 59.80615004], [17.73546829, 59.80592836], [17.73488157, 59.80570638], [17.73425969, 59.80550194], [17.73389201, 59.80539011], [17.73329926, 59.80522179], [17.732587, 59.80504832], [17.73195673, 59.80491904], [17.73126267, 59.80480249], [17.73055505, 59.80470904], [17.72978286, 59.80463506], [17.72950541, 59.80446108], [17.72897659, 59.80416934], [17.72848688, 59.80393149], [17.72796835, 59.80370977], [17.72699869, 59.80321087], [17.72644138, 59.80297136], [17.72589574, 59.80276655], [17.72528337, 59.80256384], [17.72464579, 59.80238186], [17.72398572, 59.80222136], [17.72330614, 59.80208318], [17.72266073, 59.80197429], [17.72195208, 59.80187965], [17.72123272, 59.80180875], [17.71987902, 59.8017393], [17.71908485, 59.80173732], [17.71840521, 59.80175676], [17.71700017, 59.80182596], [17.71559446, 59.80193414], [17.71488367, 59.80202436], [17.71355238, 59.80226312], [17.71293588, 59.80240825], [17.71229142, 59.80258395], [17.71167117, 59.8027808], [17.71086278, 59.80308734], [17.70997804, 59.80290823], [17.70923676, 59.80278634], [17.70862049, 59.80265756], [17.70857419, 59.80692456], [17.70867883, 59.80858321], [17.70883375, 59.81103678], [17.7089799, 59.81119024], [17.7100822, 59.81235378], [17.71043732, 59.81233829], [17.71333076, 59.81222795], [17.71336308, 59.81222387], [17.71416277, 59.81210272], [17.71498713, 59.81202094], [17.71500085, 59.81201958], [17.71642749, 59.81184181], [17.71641938, 59.81186147], [17.71708174, 59.8119307], [17.71708248, 59.81193077], [17.71707339, 59.81195279], [17.71706252, 59.81197825], [17.71690527, 59.81234827], [17.71678353, 59.812627], [17.71666417, 59.81290972], [17.71654699, 59.81318118], [17.71642969, 59.81345308], [17.71564313, 59.81342513], [17.71547418, 59.81377275], [17.71547393, 59.8137732], [17.71631515, 59.81432614], [17.71631593, 59.81432666], [17.71630905, 59.81433075], [17.71593655, 59.81455224], [17.71560704, 59.81485915], [17.71560129, 59.81486439], [17.71547404, 59.81512985], [17.71534554, 59.81539983], [17.71523264, 59.81563032], [17.71510928, 59.81588214], [17.71502779, 59.81604847], [17.7149811, 59.81614357], [17.71444524, 59.81624868], [17.7143722, 59.81626043], [17.71360584, 59.81616145], [17.70929987, 59.81560491], [17.70666386, 59.81572809], [17.70647331, 59.81571827], [17.70631861, 59.81570977], [17.70496077, 59.81572819], [17.70423763, 59.81573722], [17.70423734, 59.81573732], [17.70423769, 59.81573803], [17.70409198, 59.81577687], [17.70317536, 59.81602126], [17.70278183, 59.81612619], [17.70133007, 59.81677788], [17.70116868, 59.81685036], [17.70092206, 59.81726], [17.70092063, 59.81726228], [17.70077083, 59.81736884], [17.70072451, 59.81740185], [17.70056148, 59.81751766], [17.70045034, 59.81759666], [17.70033906, 59.81767583], [17.70019858, 59.81777582], [17.69996934, 59.8179388], [17.69986269, 59.81795887], [17.69800941, 59.81832054], [17.69815175, 59.81849979], [17.69820501, 59.818609], [17.69879814, 59.81982691], [17.69893266, 59.82093296], [17.69891292, 59.82216704], [17.69837368, 59.82359601], [17.69774883, 59.82452748], [17.69334484, 59.82924681], [17.69355069, 59.82949779], [17.69328702, 59.82970234], [17.69479369, 59.8305259], [17.69407593, 59.83079122], [17.69487969, 59.83164804], [17.69401277, 59.83285599], [17.69421595, 59.83336141], [17.69397118, 59.83348868], [17.6951966, 59.8333689]]]}, "properties": {"deso": "0380C1220", "pop": 1396.0, "income": 472.4, "male_frac": 0.5068, "child_frac": 0.1948, "elder_frac": 0.2142, "dependency": 0.6921, "needZ": -0.5608, "needZ_v1": -0.6576, "regso": "0380R001", "higher_ed": 84.0, "neet": 10.2, "income_support": 0.1}}, {"type": "Feature", "geometry": {"type": "Polygon", "coordinates": [[[17.62320672, 59.83093439], [17.62270407, 59.83073108], [17.62217461, 59.83050495], [17.62148285, 59.83022645], [17.62062516, 59.82988883], [17.62037332, 59.82983753], [17.61983512, 59.82979193], [17.61960196, 59.82974052], [17.6187865, 59.82951846], [17.61794736, 59.82933404], [17.61790244, 59.82932416], [17.61705475, 59.82914683], [17.61617154, 59.82897047], [17.61523661, 59.8288307], [17.61401263, 59.828632], [17.61295141, 59.82846706], [17.61172646, 59.82826314], [17.61102359, 59.8281173], [17.61103807, 59.82805423], [17.61097452, 59.82801875], [17.61076585, 59.82815565], [17.61114638, 59.82935271], [17.61097124, 59.82953467], [17.61040296, 59.83012512], [17.61009908, 59.83044095], [17.60880047, 59.83179006], [17.60703723, 59.83362201], [17.60689554, 59.83376925], [17.60722726, 59.83390846], [17.60975854, 59.83436784], [17.61305354, 59.83496533], [17.61785106, 59.83571448], [17.61882975, 59.83586728], [17.62320672, 59.83093439]]]}, "properties": {"deso": "0380C1280", "pop": 1122.0, "income": 471.9, "male_frac": 0.4996, "child_frac": 0.1649, "elder_frac": 0.2398, "dependency": 0.6796, "needZ": -0.7491, "needZ_v1": -0.6777, "regso": "0380R017", "higher_ed": 92.5, "neet": 9.0, "income_support": 0.2}}, {"type": "Feature", "geometry": {"type": "Polygon", "coordinates": [[[17.69397118, 59.83348868], [17.69421595, 59.83336141], [17.69401277, 59.83285599], [17.69487969, 59.83164804], [17.69407593, 59.83079122], [17.69479369, 59.8305259], [17.69328702, 59.82970234], [17.69355069, 59.82949779], [17.69334484, 59.82924681], [17.69774883, 59.82452748], [17.69837368, 59.82359601], [17.69891292, 59.82216704], [17.69893266, 59.82093296], [17.69802176, 59.82093198], [17.69789521, 59.8209353], [17.69765936, 59.82093151], [17.69639678, 59.82091159], [17.69557637, 59.82091448], [17.69523533, 59.82092884], [17.69491788, 59.82094208], [17.69408487, 59.82102571], [17.69341117, 59.82109807], [17.69318897, 59.82114304], [17.69288049, 59.82120541], [17.69252974, 59.82130924], [17.69249782, 59.82132023], [17.69228483, 59.82139357], [17.6911653, 59.82174094], [17.69109929, 59.8217616], [17.69040988, 59.821977], [17.69018032, 59.82204206], [17.68963245, 59.82221935], [17.68998441, 59.82236747], [17.69020949, 59.82246203], [17.69036824, 59.82252956], [17.69047215, 59.82257379], [17.69080881, 59.82272553], [17.68960018, 59.82307435], [17.68899669, 59.82323355], [17.6888097, 59.82328291], [17.68865292, 59.82332564], [17.6886826, 59.82335441], [17.68893955, 59.82355028], [17.68919366, 59.82374575], [17.68938264, 59.82388884], [17.68938312, 59.82388919], [17.6889653, 59.82403571], [17.68852645, 59.82418966], [17.68852168, 59.82418886], [17.6884245, 59.82417342], [17.68840751, 59.82417071], [17.68814535, 59.82412909], [17.68687767, 59.8241496], [17.68551595, 59.8241351], [17.68549416, 59.82413492], [17.68512812, 59.82406586], [17.68479912, 59.82379717], [17.68339494, 59.82299143], [17.68338114, 59.82298264], [17.68299038, 59.82273407], [17.68269889, 59.82260941], [17.68265333, 59.82258986], [17.68224787, 59.82241641], [17.68188458, 59.82228423], [17.68185245, 59.82227258], [17.68136519, 59.82219054], [17.68064567, 59.82216936], [17.6801019, 59.82212915], [17.67992885, 59.82157585], [17.67913933, 59.82077291], [17.67909257, 59.82060481], [17.67914922, 59.82025325], [17.67915009, 59.82025305], [17.67973977, 59.82016019], [17.67983362, 59.82014544], [17.67983358, 59.8201449], [17.67945467, 59.81858184], [17.67945553, 59.81858155], [17.67945551, 59.81858119], [17.67683812, 59.81764794], [17.67626506, 59.81890647], [17.67576933, 59.81976873], [17.67536717, 59.8197602], [17.67488045, 59.82045457], [17.67555047, 59.82165268], [17.66936886, 59.8231403], [17.66880464, 59.82308169], [17.66817794, 59.82432923], [17.66813232, 59.82657083], [17.66811224, 59.82700941], [17.66532456, 59.82813043], [17.66713486, 59.82896073], [17.66776794, 59.82924414], [17.66878482, 59.82942104], [17.66965969, 59.829901], [17.67026761, 59.83072062], [17.67018658, 59.83132032], [17.67053003, 59.83141728], [17.67193584, 59.83155778], [17.67333556, 59.83194533], [17.67468357, 59.83200892], [17.67528491, 59.83210071], [17.67654404, 59.83202309], [17.67917114, 59.83225562], [17.68024671, 59.83214272], [17.68234688, 59.8325679], [17.68278309, 59.83253305], [17.68420188, 59.83219205], [17.68496486, 59.83204651], [17.68645611, 59.83196405], [17.68708393, 59.83174319], [17.6880306, 59.83163286], [17.68935276, 59.83169683], [17.69119854, 59.83152911], [17.6905775, 59.83215281], [17.69022298, 59.83280033], [17.69020077, 59.83356457], [17.69043848, 59.83394965], [17.69085594, 59.83464319], [17.69114525, 59.8350272], [17.69397118, 59.83348868]]]}, "properties": {"deso": "0380C1270", "pop": 880.0, "income": 482.5, "male_frac": 0.5073, "child_frac": 0.1932, "elder_frac": 0.208, "dependency": 0.6698, "needZ": -0.708, "needZ_v1": -0.7831, "regso": "0380R024", "higher_ed": 84.8, "neet": 7.6, "income_support": 0.3}}, {"type": "Feature", "geometry": {"type": "Polygon", "coordinates": [[[17.64423912, 59.82803571], [17.64502223, 59.82596164], [17.64503799, 59.8259545], [17.6479012, 59.81822572], [17.64325841, 59.81845798], [17.64332326, 59.8173699], [17.64349709, 59.816534], [17.64279305, 59.81658013], [17.64167933, 59.81641432], [17.64004621, 59.81566475], [17.64052125, 59.81554482], [17.63885167, 59.8130355], [17.63844374, 59.81312947], [17.63774773, 59.81321484], [17.6372456, 59.81320201], [17.63656785, 59.81312955], [17.63606304, 59.81301203], [17.63571727, 59.81335669], [17.63588019, 59.81365389], [17.63648719, 59.81398305], [17.63689496, 59.81431486], [17.63699623, 59.81458572], [17.63706839, 59.8149459], [17.63697638, 59.81521659], [17.63681506, 59.81552406], [17.63666449, 59.81568669], [17.63637649, 59.81597909], [17.636034, 59.81623531], [17.6356747, 59.81650965], [17.63535013, 59.81673784], [17.63497383, 59.81703919], [17.63454521, 59.81736926], [17.63416852, 59.81765283], [17.63351824, 59.81820138], [17.63287115, 59.81868439], [17.63251169, 59.81894991], [17.63220231, 59.81916971], [17.63191242, 59.81940734], [17.63174167, 59.8195366], [17.63150053, 59.81971901], [17.63147164, 59.81973881], [17.63113963, 59.81996651], [17.63086648, 59.82017596], [17.63045459, 59.82045978], [17.63004269, 59.82075293], [17.62980191, 59.82091773], [17.62935291, 59.82120327], [17.62909506, 59.82137747], [17.62878218, 59.82152547], [17.6285025, 59.82162807], [17.6283051, 59.82173306], [17.62827714, 59.8217479], [17.6280158, 59.82185921], [17.62778864, 59.82194315], [17.62749158, 59.82205498], [17.6270203, 59.82224108], [17.62647968, 59.82246404], [17.62602422, 59.82261398], [17.62579761, 59.82270689], [17.62623944, 59.82296116], [17.62675964, 59.82325958], [17.62704933, 59.82342581], [17.62721754, 59.8235571], [17.62723775, 59.82357277], [17.62724576, 59.82357908], [17.62736599, 59.82367279], [17.628423, 59.82506774], [17.6287728, 59.82552397], [17.62884544, 59.82561854], [17.62894914, 59.82575066], [17.629208, 59.82605349], [17.62964241, 59.82649635], [17.63000304, 59.82689542], [17.63041711, 59.82732458], [17.63041759, 59.82732502], [17.6304102, 59.82732651], [17.63036877, 59.82733479], [17.63029136, 59.827357], [17.62930783, 59.82763859], [17.62889714, 59.8277562], [17.62854056, 59.82785827], [17.62818412, 59.82796025], [17.6278081, 59.82806791], [17.62741137, 59.82818156], [17.62702383, 59.82829242], [17.62665184, 59.82839892], [17.62622257, 59.82852175], [17.62602312, 59.8285789], [17.62542519, 59.82875], [17.62542447, 59.82875029], [17.62521479, 59.82881025], [17.62513647, 59.8289126], [17.62508033, 59.82897884], [17.62501518, 59.82904293], [17.62497237, 59.82907863], [17.62494131, 59.82910458], [17.62485897, 59.82916344], [17.6247686, 59.82921923], [17.6246874, 59.82926253], [17.62468612, 59.82926318], [17.62468986, 59.8292676], [17.62476258, 59.82935399], [17.62480737, 59.82945002], [17.62481704, 59.82953166], [17.62481895, 59.82954851], [17.62481016, 59.8295882], [17.62479738, 59.82964648], [17.62476439, 59.82973023], [17.62474599, 59.82977686], [17.62470882, 59.8298711], [17.62469202, 59.82991383], [17.6246715, 59.82995781], [17.62464671, 59.83001121], [17.62463161, 59.83004367], [17.62457534, 59.83014764], [17.62456212, 59.83017224], [17.62455976, 59.83017597], [17.62447667, 59.83030931], [17.62439602, 59.83042517], [17.62437359, 59.83045428], [17.62425898, 59.83059678], [17.62413716, 59.83073538], [17.62401752, 59.83086819], [17.62386992, 59.83102904], [17.62380765, 59.83110169], [17.62703162, 59.83237473], [17.62842278, 59.83289164], [17.62947342, 59.83300169], [17.6307143, 59.83293009], [17.63330782, 59.8327096], [17.63565849, 59.83243699], [17.63650152, 59.83352995], [17.63772379, 59.8355052], [17.63836207, 59.83649007], [17.63850172, 59.8369434], [17.63896185, 59.83840297], [17.64042076, 59.83849855], [17.64423912, 59.82803571]]]}, "properties": {"deso": "0380C1260", "pop": 2831.0, "income": 346.8, "male_frac": 0.4743, "child_frac": 0.1413, "elder_frac": 0.0933, "dependency": 0.3064, "needZ": -0.6193, "needZ_v1": -0.3782, "regso": "0380R030", "higher_ed": 92.9, "neet": 8.0, "income_support": 0.3}}, {"type": "Feature", "geometry": {"type": "Polygon", "coordinates": [[[17.64042076, 59.83849855], [17.63896185, 59.83840297], [17.63850172, 59.8369434], [17.63836207, 59.83649007], [17.63772379, 59.8355052], [17.63586622, 59.83565049], [17.63605823, 59.83622097], [17.63447955, 59.83635355], [17.63443592, 59.83658545], [17.63430143, 59.83708137], [17.63516548, 59.83919136], [17.63617762, 59.83929747], [17.63858621, 59.83933811], [17.6400933, 59.83937615], [17.64042076, 59.83849855]]]}, "properties": {"deso": "0380C1353", "pop": 2699.0, "income": 338.5, "male_frac": 0.4782, "child_frac": 0.1189, "elder_frac": 0.0396, "dependency": 0.1885, "needZ": -0.2199, "needZ_v1": -0.5384, "regso": "0380R011", "higher_ed": 77.1, "neet": 11.2, "income_support": 0.6}}, {"type": "Feature", "geometry": {"type": "Polygon", "coordinates": [[[17.60681442, 59.84081116], [17.6069275, 59.84080766], [17.60698997, 59.84079897], [17.60730581, 59.84075498], [17.60759487, 59.84055308], [17.6078487, 59.84030733], [17.60873934, 59.83999981], [17.60935758, 59.83982884], [17.61050264, 59.8395619], [17.61131438, 59.8394071], [17.61181051, 59.83934615], [17.61257292, 59.83925502], [17.61298076, 59.83921324], [17.61299656, 59.83921194], [17.61194909, 59.8380548], [17.61142281, 59.8374734], [17.61140413, 59.83743973], [17.60785271, 59.83765353], [17.60530546, 59.83778169], [17.60497643, 59.83782611], [17.60497618, 59.83782665], [17.60497515, 59.83782667], [17.60479367, 59.83825423], [17.60479368, 59.83825432], [17.60475054, 59.83835595], [17.60440029, 59.83846043], [17.60386766, 59.83861945], [17.60365738, 59.83871433], [17.60365709, 59.83871443], [17.60365581, 59.83871499], [17.60350525, 59.83921837], [17.6031001, 59.83978481], [17.6028235, 59.83984112], [17.60217277, 59.83997355], [17.60202831, 59.84000299], [17.60206293, 59.84001093], [17.60212545, 59.84002541], [17.60207894, 59.84007645], [17.60183566, 59.84034283], [17.60170636, 59.84053446], [17.60259151, 59.84071942], [17.60278796, 59.84075442], [17.60327171, 59.84079264], [17.60407481, 59.84079965], [17.60456756, 59.84080418], [17.60525284, 59.84081047], [17.60651998, 59.84082004], [17.60681442, 59.84081116]]]}, "properties": {"deso": "0380C1310", "pop": 1486.0, "income": 270.5, "male_frac": 0.5358, "child_frac": 0.1104, "elder_frac": 0.1696, "dependency": 0.3888, "needZ": 0.5706, "needZ_v1": 0.4034, "regso": "0380R054", "higher_ed": 85.3, "neet": 17.8, "income_support": 1.8}}, {"type": "Feature", "geometry": {"type": "Polygon", "coordinates": [[[17.6400933, 59.83937615], [17.63858621, 59.83933811], [17.63617762, 59.83929747], [17.63516548, 59.83919136], [17.63430143, 59.83708137], [17.63443592, 59.83658545], [17.63447955, 59.83635355], [17.63605823, 59.83622097], [17.63586622, 59.83565049], [17.63772379, 59.8355052], [17.63650152, 59.83352995], [17.63565849, 59.83243699], [17.63330782, 59.8327096], [17.6307143, 59.83293009], [17.62947342, 59.83300169], [17.62842278, 59.83289164], [17.62818567, 59.83311734], [17.62795432, 59.83339368], [17.62805216, 59.83340439], [17.62797931, 59.83391218], [17.6282995, 59.83392824], [17.62813748, 59.83426642], [17.62775365, 59.83447368], [17.62776748, 59.83461919], [17.62793816, 59.83478671], [17.62806437, 59.83524507], [17.62826913, 59.83548809], [17.62826504, 59.83558186], [17.62838084, 59.83563739], [17.62836314, 59.83597099], [17.62853103, 59.83610111], [17.62908808, 59.83610992], [17.62890237, 59.83664036], [17.63029027, 59.83685397], [17.63057528, 59.83711954], [17.63063706, 59.83768779], [17.63047438, 59.83884922], [17.63031862, 59.83923319], [17.63051615, 59.83953518], [17.63070406, 59.84018704], [17.63054659, 59.84086449], [17.63404491, 59.84117536], [17.63922065, 59.84167104], [17.6400933, 59.83937615]]]}, "properties": {"deso": "0380C1352", "pop": 2201.0, "income": 338.5, "male_frac": 0.4421, "child_frac": 0.0591, "elder_frac": 0.0241, "dependency": 0.0907, "needZ": -0.3009, "needZ_v1": -0.7273, "regso": "0380R011", "higher_ed": 77.1, "neet": 11.2, "income_support": 0.6}}, {"type": "Feature", "geometry": {"type": "Polygon", "coordinates": [[[17.60977289, 59.84420736], [17.60982316, 59.84412184], [17.61006777, 59.84374324], [17.61016586, 59.84358024], [17.61034281, 59.84330214], [17.61043462, 59.84315669], [17.61009494, 59.84309211], [17.60959342, 59.84300047], [17.60934441, 59.84294882], [17.60880812, 59.8428849], [17.60750954, 59.84271348], [17.60736764, 59.84268539], [17.60715541, 59.8426428], [17.60713777, 59.84263929], [17.60684099, 59.8426449], [17.60648944, 59.84265608], [17.60643481, 59.84265779], [17.60628651, 59.84260064], [17.60627383, 59.84253819], [17.60628187, 59.84253193], [17.60658412, 59.84229698], [17.60666486, 59.84220376], [17.60683593, 59.84200627], [17.60710222, 59.84169191], [17.60734347, 59.84141506], [17.60743923, 59.84130502], [17.60753715, 59.84111157], [17.60751517, 59.84097557], [17.60744041, 59.84089684], [17.60730581, 59.84075498], [17.60698997, 59.84079897], [17.6069275, 59.84080766], [17.60681442, 59.84081116], [17.60651998, 59.84082004], [17.60525284, 59.84081047], [17.60456756, 59.84080418], [17.60407481, 59.84079965], [17.60327171, 59.84079264], [17.60278796, 59.84075442], [17.60259151, 59.84071942], [17.60170636, 59.84053446], [17.60153985, 59.84066611], [17.60067062, 59.84158852], [17.60003389, 59.84188961], [17.59986403, 59.84185776], [17.59944678, 59.8417795], [17.59939557, 59.84214582], [17.59921352, 59.84344502], [17.59941456, 59.84345371], [17.60070129, 59.8436055], [17.60319097, 59.84432318], [17.60415162, 59.84457427], [17.60451579, 59.84461323], [17.60457963, 59.84462005], [17.60490907, 59.84465539], [17.60531888, 59.84467916], [17.60628362, 59.84470182], [17.60733273, 59.84472461], [17.6087488, 59.84475789], [17.60921331, 59.84476952], [17.60942804, 59.84478556], [17.60977289, 59.84420736]]]}, "properties": {"deso": "0380C1340", "pop": 1427.0, "income": 319.3, "male_frac": 0.499, "child_frac": 0.1359, "elder_frac": 0.2081, "dependency": 0.5246, "needZ": 0.1117, "needZ_v1": 0.2677, "regso": "0380R045", "higher_ed": null, "neet": 12.3, "income_support": 0.4}}, {"type": "Feature", "geometry": {"type": "Polygon", "coordinates": [[[17.55268339, 59.83761588], [17.55303777, 59.83765185], [17.55308788, 59.83765851], [17.55374585, 59.83774742], [17.55439129, 59.83785723], [17.55444011, 59.83786625], [17.55507048, 59.83799638], [17.55511712, 59.83800769], [17.55530972, 59.83805479], [17.55538865, 59.83795355], [17.55541021, 59.83792942], [17.55569905, 59.83761923], [17.55602632, 59.83731889], [17.55605253, 59.83729593], [17.55641699, 59.83700663], [17.55644757, 59.83698511], [17.55684785, 59.83670795], [17.5572824, 59.83644415], [17.55731708, 59.83642416], [17.55778393, 59.83617473], [17.55782227, 59.83615656], [17.55831973, 59.83592242], [17.55883125, 59.83571065], [17.55894488, 59.8356417], [17.55941171, 59.83539226], [17.55944878, 59.83537286], [17.55994621, 59.83513872], [17.55998697, 59.8351214], [17.56051288, 59.83490359], [17.56106512, 59.83470305], [17.56110913, 59.83468782], [17.56168571, 59.83450521], [17.56173254, 59.83449218], [17.56233086, 59.83432837], [17.56294877, 59.83418394], [17.56299786, 59.83417346], [17.56315226, 59.83414315], [17.5632703, 59.83408767], [17.56379616, 59.83386985], [17.56434837, 59.8336693], [17.56450602, 59.83361413], [17.56508255, 59.83343151], [17.56568084, 59.83326769], [17.56616283, 59.83315508], [17.56629672, 59.83311834], [17.5669146, 59.83297398], [17.56710822, 59.83293328], [17.56731467, 59.83289279], [17.56767231, 59.8328091], [17.56770475, 59.83280227], [17.56786597, 59.83277065], [17.56813137, 59.83270852], [17.56829606, 59.83267234], [17.56835565, 59.83266067], [17.5685589, 59.83261314], [17.56872314, 59.83257697], [17.56880027, 59.83256181], [17.56898949, 59.83251752], [17.56915316, 59.83248154], [17.56923072, 59.83246628], [17.56942125, 59.83242178], [17.56958361, 59.83238591], [17.57021845, 59.8322615], [17.57041769, 59.83222887], [17.57106675, 59.83212484], [17.57172787, 59.83204177], [17.57186946, 59.83202867], [17.57192898, 59.83201233], [17.57254681, 59.83186794], [17.57264929, 59.83184572], [17.57272206, 59.83183146], [17.57290102, 59.8317896], [17.57300509, 59.83176709], [17.57307048, 59.83175431], [17.57324798, 59.83171276], [17.57335258, 59.83168942], [17.57345754, 59.83166887], [17.57361163, 59.83163289], [17.57371552, 59.83160993], [17.57435033, 59.8314855], [17.57454958, 59.83145304], [17.57519861, 59.83134899], [17.57585971, 59.83126589], [17.5765298, 59.831204], [17.57720641, 59.83116362], [17.57739698, 59.83115225], [17.57807717, 59.83113344], [17.5787586, 59.83113644], [17.57943802, 59.83116102], [17.57962948, 59.83116868], [17.58030455, 59.83121499], [17.58044219, 59.83122891], [17.58045894, 59.83123046], [17.58048261, 59.83123207], [17.58115036, 59.83129972], [17.58180842, 59.83138857], [17.58199308, 59.83141486], [17.58263848, 59.83152444], [17.58326884, 59.83165443], [17.58388146, 59.83180426], [17.58405248, 59.83184815], [17.58464496, 59.83201714], [17.5852149, 59.83220472], [17.58576003, 59.83241011], [17.58591066, 59.83246994], [17.58642885, 59.83269221], [17.58684136, 59.8328933], [17.5870939, 59.83296531], [17.58753429, 59.83311024], [17.58768909, 59.83313657], [17.58831949, 59.83326645], [17.58893216, 59.83341625], [17.58896267, 59.83342437], [17.58936662, 59.83353956], [17.58939572, 59.8332794], [17.58947704, 59.83293944], [17.58960114, 59.83260277], [17.58961063, 59.83257717], [17.58977688, 59.83224506], [17.59014935, 59.83159532], [17.59035727, 59.8312693], [17.59060592, 59.83095047], [17.59062535, 59.83092584], [17.59091365, 59.83061558], [17.59124053, 59.83031506], [17.59160461, 59.83002567], [17.59162378, 59.83001101], [17.59202383, 59.82973375], [17.59245786, 59.82946983], [17.59292435, 59.82922028], [17.59294868, 59.82920767], [17.59344579, 59.82897349], [17.59397138, 59.82875555], [17.5942905, 59.82863959], [17.59454651, 59.8285334], [17.59462908, 59.82850339], [17.59509859, 59.82833271], [17.59567473, 59.82815006], [17.59570553, 59.82814118], [17.59630371, 59.82797722], [17.59692135, 59.82783263], [17.59755585, 59.82770801], [17.59758955, 59.8277024], [17.59823858, 59.82759823], [17.59864338, 59.8275473], [17.59871615, 59.82724244], [17.59873979, 59.82716257], [17.59873283, 59.82714502], [17.59862309, 59.8269811], [17.59856355, 59.82688922], [17.59838754, 59.82655847], [17.59825368, 59.82622275], [17.59816235, 59.82588341], [17.59813743, 59.8257789], [17.59813484, 59.82576072], [17.59813176, 59.82574767], [17.59810812, 59.82558016], [17.59809224, 59.82551617], [17.598044, 59.82517463], [17.59803896, 59.82483223], [17.59807721, 59.82449033], [17.59809254, 59.82438494], [17.59817375, 59.82404497], [17.59823176, 59.8238755], [17.59824341, 59.82384383], [17.59815189, 59.82367183], [17.59811296, 59.82358197], [17.59797911, 59.82324625], [17.59788779, 59.82290691], [17.59783956, 59.82256537], [17.59783432, 59.82247349], [17.59782927, 59.8221311], [17.59786752, 59.8217892], [17.59787062, 59.82177602], [17.59788936, 59.82160867], [17.59792554, 59.82145742], [17.59797057, 59.82126871], [17.59809455, 59.82093203], [17.59813738, 59.82083786], [17.59830349, 59.82050574], [17.59851126, 59.82017971], [17.59875975, 59.81986087], [17.59876772, 59.81985173], [17.5988278, 59.81973171], [17.59882794, 59.81973153], [17.59881842, 59.8196471], [17.59879267, 59.81941865], [17.59878762, 59.81907626], [17.59878721, 59.81904456], [17.59882545, 59.81870266], [17.59883055, 59.81867561], [17.59891174, 59.81833565], [17.59898071, 59.81814844], [17.59897296, 59.8181415], [17.59867565, 59.81783353], [17.59841781, 59.81751661], [17.5983496, 59.81742652], [17.59813235, 59.81710197], [17.59795641, 59.81677122], [17.59782259, 59.8164355], [17.59779047, 59.81634038], [17.59769917, 59.81600104], [17.59765096, 59.8156595], [17.59764592, 59.81531711], [17.59765121, 59.81522071], [17.59768945, 59.81487881], [17.59777065, 59.81453884], [17.59789461, 59.81420217], [17.597937, 59.81410809], [17.59810308, 59.81377597], [17.59831081, 59.81344994], [17.5984266, 59.81330125], [17.59848552, 59.8131834], [17.59851212, 59.81313024], [17.59871985, 59.81280412], [17.59896829, 59.81248537], [17.5989822, 59.81246947], [17.59927027, 59.81215919], [17.5995969, 59.81185874], [17.59969094, 59.81178395], [17.59961057, 59.81174718], [17.59940686, 59.81164135], [17.59891445, 59.81151105], [17.59833316, 59.81133274], [17.59817131, 59.81128088], [17.59798561, 59.81121539], [17.59761375, 59.81108431], [17.59708206, 59.81087044], [17.5965785, 59.81064002], [17.59643991, 59.81057314], [17.59596647, 59.81032712], [17.59552484, 59.81006646], [17.59511717, 59.8097922], [17.59500719, 59.80971308], [17.59463488, 59.80942644], [17.5942995, 59.80912846], [17.59400231, 59.8088204], [17.59392499, 59.80873201], [17.59366727, 59.80841508], [17.59345013, 59.80809052], [17.59327428, 59.80775976], [17.59323284, 59.80766546], [17.5930991, 59.80732973], [17.59300788, 59.80699039], [17.59295973, 59.80664884], [17.59295545, 59.80655219], [17.59295047, 59.80620979], [17.59298875, 59.80586789], [17.59306998, 59.80552793], [17.59310646, 59.80542409], [17.59323044, 59.80508742], [17.59339652, 59.8047553], [17.59342386, 59.80470599], [17.59363159, 59.80437988], [17.59370747, 59.80428164], [17.59395589, 59.80396281], [17.59424394, 59.80365254], [17.59439955, 59.80350935], [17.59442918, 59.80342891], [17.59444008, 59.80340265], [17.59460614, 59.80307053], [17.5946221, 59.80304507], [17.5948298, 59.80271895], [17.59507821, 59.80240021], [17.59509923, 59.80237554], [17.59538725, 59.80206527], [17.59571382, 59.80176484], [17.59573949, 59.80174133], [17.59610323, 59.80145193], [17.59613342, 59.80142987], [17.59653309, 59.8011526], [17.59696672, 59.80088867], [17.59700115, 59.80086822], [17.59739354, 59.8006581], [17.59743796, 59.80058842], [17.59768632, 59.80026958], [17.59788791, 59.80002991], [17.59817589, 59.79971963], [17.59827574, 59.79962738], [17.59860225, 59.79932685], [17.59896594, 59.79903744], [17.59936556, 59.79876016], [17.59979914, 59.79849622], [17.59992128, 59.79842221], [17.59996489, 59.7983989], [17.59997964, 59.79833717], [17.59999079, 59.79823688], [17.60007193, 59.79789692], [17.60007883, 59.79787037], [17.60014484, 59.79769113], [17.600118, 59.79765797], [17.60006161, 59.79758705], [17.59984435, 59.7972626], [17.59966849, 59.79693184], [17.59953474, 59.79659613], [17.59944364, 59.79625678], [17.59939543, 59.79591524], [17.59939039, 59.79557284], [17.59942845, 59.79523094], [17.5994944, 59.7949546], [17.59950958, 59.79489098], [17.59963346, 59.7945543], [17.59979958, 59.79422226], [17.60000703, 59.79389614], [17.60025532, 59.7935773], [17.60054322, 59.79326702], [17.60086966, 59.79296657], [17.60123341, 59.79267715], [17.60163279, 59.79239987], [17.60206627, 59.79213592], [17.60253232, 59.79188633], [17.60288448, 59.7917201], [17.60289289, 59.79168472], [17.60289222, 59.79163461], [17.60289196, 59.79163129], [17.60288688, 59.7912889], [17.6029249, 59.790947], [17.60300599, 59.79060703], [17.60312982, 59.79027035], [17.60329589, 59.78993831], [17.60350328, 59.78961218], [17.6037515, 59.78929334], [17.60378498, 59.78925719], [17.6037777, 59.78925806], [17.60311271, 59.78933069], [17.60310674, 59.78933135], [17.60233665, 59.78940767], [17.60166382, 59.78945899], [17.60160244, 59.78946344], [17.60092441, 59.7894932], [17.6008713, 59.78949443], [17.60019112, 59.78950241], [17.59951117, 59.78948873], [17.59950145, 59.78948847], [17.59897711, 59.78958193], [17.59892643, 59.78958985], [17.59827204, 59.78968362], [17.59760703, 59.78975623], [17.59755513, 59.78976166], [17.59688228, 59.78981295], [17.59682944, 59.7898157], [17.59615139, 59.78984544], [17.59547121, 59.78985339], [17.59541815, 59.78985345], [17.5947382, 59.78983975], [17.59468538, 59.7898372], [17.59400859, 59.78980178], [17.59333748, 59.78974487], [17.59328534, 59.7897397], [17.59262301, 59.78966142], [17.5919717, 59.78956216], [17.59192097, 59.78955436], [17.5912835, 59.78943453], [17.59123449, 59.78942427], [17.59061354, 59.78928435], [17.59001137, 59.78912492], [17.58996468, 59.78911228], [17.58938397, 59.78893393], [17.58934004, 59.78891898], [17.58878276, 59.78872238], [17.58825163, 59.78850846], [17.58821077, 59.78849139], [17.58770762, 59.78826093], [17.58767027, 59.78824182], [17.58719708, 59.78799577], [17.58675596, 59.78773507], [17.58671705, 59.78771087], [17.58630973, 59.78743666], [17.58585039, 59.78711874], [17.58581728, 59.78709343], [17.58544516, 59.78680677], [17.58511009, 59.78650877], [17.58508597, 59.78648571], [17.58478921, 59.78617762], [17.58453175, 59.78586067], [17.58451226, 59.78583662], [17.58429537, 59.78551213], [17.58428065, 59.78548718], [17.58410502, 59.7851564], [17.58397147, 59.78482067], [17.58396142, 59.78479518], [17.58387036, 59.78445582], [17.58386527, 59.78442996], [17.58381725, 59.78408842], [17.58381237, 59.78374602], [17.58381241, 59.78371997], [17.58385077, 59.78337807], [17.58385567, 59.78335219], [17.58393694, 59.78301224], [17.58406093, 59.78267557], [17.58407071, 59.78265005], [17.58423679, 59.78231803], [17.58425161, 59.78229304], [17.58445928, 59.78196694], [17.58470749, 59.78164813], [17.58472678, 59.78162404], [17.58472801, 59.78162285], [17.58453752, 59.78154611], [17.58403449, 59.78131564], [17.58399437, 59.78129649], [17.5835213, 59.78105042], [17.58347943, 59.78102583], [17.58303844, 59.78076512], [17.58300686, 59.78074445], [17.58299308, 59.78073529], [17.58271237, 59.78054634], [17.58230517, 59.78027212], [17.58226791, 59.78024447], [17.58189591, 59.77995779], [17.5818945, 59.77995665], [17.58164715, 59.7797506], [17.58156433, 59.77968091], [17.58122937, 59.7793829], [17.58120387, 59.77935906], [17.58090722, 59.77905096], [17.58088883, 59.77902967], [17.58063146, 59.77871271], [17.58041466, 59.77838822], [17.58040018, 59.77836623], [17.58022462, 59.77803545], [17.58021187, 59.7780092], [17.58007839, 59.77767346], [17.58000967, 59.77749705], [17.57989481, 59.77720253], [17.57989322, 59.77719717], [17.57985693, 59.77710582], [17.57975086, 59.77683376], [17.57966, 59.77660084], [17.57957645, 59.77638637], [17.57956524, 59.7763459], [17.57947426, 59.77600654], [17.57946884, 59.77597251], [17.57946596, 59.77595811], [17.57941962, 59.77576509], [17.57937166, 59.77542354], [17.57936712, 59.7753895], [17.57936229, 59.7750471], [17.57936473, 59.77501786], [17.57940313, 59.77467596], [17.57948442, 59.774336], [17.5794946, 59.7743023], [17.57961861, 59.77396564], [17.57965612, 59.77387499], [17.5797425, 59.77366562], [17.57990858, 59.77333361], [17.57992589, 59.77330094], [17.58013355, 59.77297485], [17.58015423, 59.77294776], [17.58040241, 59.77262896], [17.58069033, 59.77231872], [17.58072105, 59.77228856], [17.58104762, 59.77198816], [17.58114843, 59.77190121], [17.5813422, 59.77173393], [17.58170574, 59.77144456], [17.58173957, 59.77141848], [17.58213886, 59.77114125], [17.58217767, 59.77111696], [17.58261118, 59.77085307], [17.58279062, 59.77075146], [17.58280638, 59.77074253], [17.58277915, 59.77073417], [17.58222221, 59.77053754], [17.58169142, 59.77032359], [17.58154698, 59.77026023], [17.58104414, 59.77002974], [17.58057125, 59.76978366], [17.58013044, 59.76952294], [17.58000237, 59.7694395], [17.57959533, 59.76916527], [17.57922347, 59.76887858], [17.57919764, 59.7688578], [17.57886281, 59.76855978], [17.5787696, 59.76846541], [17.57847307, 59.7681573], [17.57821581, 59.76784034], [17.5779991, 59.76751584], [17.57794873, 59.76742261], [17.57777326, 59.76709182], [17.57763985, 59.76675607], [17.57754891, 59.76641671], [17.57750098, 59.76607516], [17.57748768, 59.76597877], [17.57748286, 59.76563637], [17.5775202, 59.76530348], [17.57739694, 59.76517539], [17.57713972, 59.76485842], [17.57712053, 59.76483427], [17.57690385, 59.76450977], [17.57688915, 59.76448482], [17.57671371, 59.76415403], [17.57658032, 59.76381829], [17.57657058, 59.76379279], [17.57647965, 59.76345343], [17.57647486, 59.76342747], [17.57642695, 59.76308592], [17.57642215, 59.76274352], [17.57642235, 59.76271747], [17.57646076, 59.76237557], [17.57646597, 59.76234969], [17.57654726, 59.76200973], [17.57667125, 59.76167307], [17.57668133, 59.76164755], [17.57684738, 59.76131554], [17.57686235, 59.76129063], [17.57706998, 59.76096455], [17.5773181, 59.76064575], [17.57733769, 59.76062174], [17.57762553, 59.76031151], [17.57764975, 59.76028849], [17.57797623, 59.75998809], [17.57833968, 59.75969874], [17.5783681, 59.75967698], [17.57876728, 59.75939977], [17.57879979, 59.75937955], [17.57923318, 59.75911568], [17.5796988, 59.75886617], [17.57973497, 59.75884767], [17.58023099, 59.75861356], [17.58027706, 59.75859406], [17.58080179, 59.75837617], [17.58133081, 59.75817401], [17.58157017, 59.75795364], [17.58193357, 59.75766427], [17.5823327, 59.75738705], [17.58244831, 59.75730978], [17.58288164, 59.75704589], [17.58296623, 59.75700048], [17.58338876, 59.75674319], [17.58342205, 59.75672358], [17.5838876, 59.75647406], [17.58392454, 59.75645618], [17.5844205, 59.75622204], [17.58494516, 59.75600414], [17.58498533, 59.75598808], [17.58553613, 59.75578744], [17.5855791, 59.75577339], [17.58615419, 59.75559078], [17.58675099, 59.75542687], [17.58679647, 59.75541502], [17.58741282, 59.75527048], [17.58746038, 59.75526083], [17.58809369, 59.75513625], [17.5887412, 59.75503214], [17.58879041, 59.75502489], [17.58944997, 59.75494173], [17.58950025, 59.75493688], [17.59016878, 59.75487493], [17.59084383, 59.75483449], [17.59089474, 59.75483205], [17.59157336, 59.75481318], [17.59162461, 59.75481325], [17.59230448, 59.75481618], [17.59298251, 59.75484079], [17.59303351, 59.75484338], [17.59370705, 59.75488954], [17.59375707, 59.75489457], [17.59442347, 59.75496225], [17.59508005, 59.75505097], [17.59512907, 59.75505835], [17.59577304, 59.75516797], [17.59582049, 59.75517772], [17.59644945, 59.75530766], [17.59706071, 59.75545734], [17.59711377, 59.7554713], [17.59770496, 59.75564033], [17.59890184, 59.75599481], [17.59920971, 59.75609633], [17.61156234, 59.75257636], [17.60990544, 59.74472591], [17.59634816, 59.74167575], [17.58338997, 59.73882514], [17.58098211, 59.73856152], [17.56520702, 59.73405974], [17.56100408, 59.73391804], [17.54774259, 59.7335858], [17.53857115, 59.73328684], [17.52479898, 59.73360896], [17.52174511, 59.73365121], [17.51769803, 59.73368549], [17.49694962, 59.7338997], [17.4809573, 59.73403343], [17.47957493, 59.7339752], [17.47957494, 59.73397529], [17.47957526, 59.73397573], [17.47963496, 59.73405077], [17.47967056, 59.73409546], [17.48132922, 59.73613698], [17.48127167, 59.73631465], [17.48093067, 59.73711456], [17.47999621, 59.73924898], [17.48082716, 59.74057599], [17.48126497, 59.74127523], [17.48038286, 59.7414224], [17.48035474, 59.74142715], [17.47649267, 59.74249236], [17.46727378, 59.74503421], [17.46738842, 59.74525535], [17.46746248, 59.74538186], [17.46752835, 59.74548688], [17.46753204, 59.74555687], [17.4675522, 59.74560328], [17.46757677, 59.74566579], [17.4676201, 59.74574779], [17.46767316, 59.7458781], [17.46781939, 59.74609164], [17.46810644, 59.74648289], [17.46846252, 59.74697011], [17.47301488, 59.74593823], [17.48389299, 59.74575739], [17.4842622, 59.74610025], [17.48496171, 59.74674989], [17.48501611, 59.74680042], [17.48517581, 59.74694874], [17.48472505, 59.74724721], [17.48452241, 59.74725014], [17.48397813, 59.74725801], [17.48228166, 59.74728263], [17.47898018, 59.74841158], [17.47616829, 59.74964907], [17.47493747, 59.75110999], [17.47751443, 59.7533042], [17.47638903, 59.75391553], [17.47599524, 59.75412927], [17.47552962, 59.75438217], [17.47489462, 59.75472701], [17.47223806, 59.75490107], [17.47206246, 59.75458507], [17.47172601, 59.75476852], [17.47134834, 59.75497439], [17.47157693, 59.75537167], [17.47222673, 59.75650149], [17.47369529, 59.75905435], [17.47198374, 59.7610897], [17.47056383, 59.76277797], [17.47139138, 59.76343407], [17.47208216, 59.76398181], [17.47336952, 59.76500227], [17.47400834, 59.76548209], [17.47479196, 59.76607073], [17.47490393, 59.76615485], [17.47566864, 59.76676325], [17.47962827, 59.76991363], [17.4789253, 59.77039305], [17.48038497, 59.77109268], [17.48119402, 59.77167614], [17.4825619, 59.77246155], [17.48364751, 59.77308486], [17.48711067, 59.77383358], [17.4891231, 59.77538213], [17.49277736, 59.77877208], [17.49452637, 59.78039408], [17.49460032, 59.78117384], [17.49485939, 59.78122731], [17.4958212, 59.78142569], [17.4959707, 59.781635], [17.49524962, 59.78266895], [17.49515908, 59.78349099], [17.49605433, 59.7844594], [17.49680445, 59.78514674], [17.49708037, 59.78539963], [17.49742309, 59.78573597], [17.49760151, 59.78580704], [17.49807559, 59.78581294], [17.49809749, 59.78608018], [17.49823587, 59.78664737], [17.49835979, 59.78695624], [17.49864556, 59.78735616], [17.49914833, 59.78781591], [17.49951957, 59.78821465], [17.50016229, 59.78862755], [17.50080202, 59.78905118], [17.50160337, 59.78956237], [17.50152965, 59.7902852], [17.50163507, 59.79051529], [17.50151995, 59.79081505], [17.50130749, 59.79096702], [17.50124984, 59.79146698], [17.50167459, 59.79148432], [17.50194746, 59.79303902], [17.50300524, 59.7990675], [17.49757572, 59.80038367], [17.49369324, 59.80132421], [17.48963085, 59.80228806], [17.48809321, 59.80255977], [17.48300516, 59.80345893], [17.48148905, 59.80431639], [17.47907584, 59.80568135], [17.47888759, 59.80578774], [17.47870598, 59.8058905], [17.47455986, 59.80823497], [17.47316639, 59.80978648], [17.47201627, 59.81060084], [17.47156548, 59.81091991], [17.46901684, 59.81272417], [17.46874671, 59.81288571], [17.46811505, 59.81326366], [17.46671261, 59.81383148], [17.46566968, 59.81413972], [17.46535936, 59.81423149], [17.46088613, 59.81645086], [17.45782443, 59.81956425], [17.45736899, 59.82002732], [17.45529759, 59.8218073], [17.45414012, 59.82415059], [17.45233923, 59.82779627], [17.45634245, 59.82566971], [17.45740566, 59.82664485], [17.45742293, 59.82722664], [17.45837255, 59.82694932], [17.45949784, 59.82713505], [17.45967703, 59.82715074], [17.45989725, 59.82713028], [17.46017226, 59.82713447], [17.46046516, 59.82714382], [17.46057818, 59.82720188], [17.46075778, 59.82731493], [17.46085146, 59.82741988], [17.46091962, 59.82751605], [17.46092347, 59.82760409], [17.461264, 59.82755901], [17.46171293, 59.82754334], [17.46192829, 59.82748883], [17.46245885, 59.82737705], [17.46287807, 59.82725208], [17.46373021, 59.82698229], [17.46465275, 59.82669367], [17.46558943, 59.82639957], [17.46608809, 59.82620906], [17.46662586, 59.82601818], [17.46693414, 59.82588549], [17.46710337, 59.82575064], [17.46740349, 59.82525523], [17.46875587, 59.8255771], [17.4695143, 59.82575759], [17.47915918, 59.82805283], [17.48114332, 59.82852487], [17.48412794, 59.82922994], [17.49642531, 59.83089612], [17.49914219, 59.83128079], [17.50039455, 59.8314563], [17.50508585, 59.83305207], [17.50775136, 59.83360496], [17.51126965, 59.83135614], [17.51154603, 59.83117671], [17.51279924, 59.83037467], [17.51670962, 59.82802112], [17.51715409, 59.82775357], [17.51783125, 59.82755693], [17.52097459, 59.82664408], [17.52519052, 59.82545942], [17.5275583, 59.82484988], [17.52758109, 59.82484387], [17.53137398, 59.82384076], [17.53404571, 59.82312573], [17.53456619, 59.82303028], [17.53992535, 59.82287562], [17.5454706, 59.82271544], [17.54939355, 59.82260192], [17.55297627, 59.82247962], [17.55660385, 59.82235572], [17.55652266, 59.82282814], [17.55500176, 59.83150834], [17.55261883, 59.83752633], [17.55268324, 59.8376158], [17.55375034, 59.83909896], [17.55268339, 59.83761588]]]}, "properties": {"deso": "0380A0010", "pop": 1811.0, "income": 410.2, "male_frac": 0.4981, "child_frac": 0.2236, "elder_frac": 0.1828, "dependency": 0.6847, "needZ": -0.1339, "needZ_v1": -0.1646, "regso": "0380R040", "higher_ed": 65.5, "neet": 7.5, "income_support": 0.1}}, {"type": "Feature", "geometry": {"type": "Polygon", "coordinates": [[[17.63404107, 59.85942873], [17.63485306, 59.85914391], [17.63516009, 59.85906869], [17.63550819, 59.85893372], [17.63604749, 59.85864635], [17.63737449, 59.85793936], [17.63889645, 59.85712838], [17.63993232, 59.85627656], [17.64150519, 59.85498585], [17.64303201, 59.85371761], [17.64325129, 59.8535897], [17.64505848, 59.85205037], [17.64557445, 59.85161082], [17.64592154, 59.85118832], [17.6468722, 59.85010973], [17.64781772, 59.8492434], [17.64864267, 59.84853345], [17.65043062, 59.84654782], [17.65205422, 59.84507271], [17.6525533, 59.84470273], [17.65281813, 59.84450633], [17.6532224, 59.8441458], [17.65394499, 59.84354917], [17.65435298, 59.84315613], [17.65529207, 59.84245228], [17.65632137, 59.84181863], [17.6545288, 59.84138628], [17.65359593, 59.8411182], [17.65328872, 59.8409981], [17.65305402, 59.84157439], [17.65305312, 59.84157602], [17.65276444, 59.84184045], [17.65238975, 59.84215987], [17.65219214, 59.84245893], [17.65209028, 59.84287336], [17.65167783, 59.84348071], [17.65135738, 59.84374029], [17.65103732, 59.84394929], [17.65015588, 59.84455603], [17.64933963, 59.84437386], [17.64904953, 59.84426194], [17.64891416, 59.844335], [17.64873027, 59.84429603], [17.64854663, 59.84422311], [17.6482855, 59.84423286], [17.6478116, 59.84423287], [17.64759883, 59.84418425], [17.64755034, 59.8441113], [17.64752136, 59.84380953], [17.64719233, 59.84348344], [17.64836223, 59.84210123], [17.64750091, 59.84164186], [17.64722328, 59.84160856], [17.64712996, 59.84151046], [17.64743567, 59.84098557], [17.64711316, 59.84068001], [17.64532267, 59.84013064], [17.64465486, 59.83999954], [17.6400933, 59.83937615], [17.63922065, 59.84167104], [17.6386117, 59.84341003], [17.63816119, 59.8445291], [17.63678369, 59.84840305], [17.63667243, 59.8487069], [17.63534947, 59.85046394], [17.63269862, 59.85360952], [17.63254079, 59.85412423], [17.6322462, 59.85407685], [17.63198312, 59.85396974], [17.62977218, 59.85514751], [17.62967768, 59.8551052], [17.62640377, 59.85690551], [17.62664495, 59.85701495], [17.62672208, 59.85704988], [17.62971262, 59.85840704], [17.629719, 59.85840385], [17.63070437, 59.85884451], [17.63190917, 59.85938326], [17.63295384, 59.85985037], [17.63295249, 59.85986127], [17.63312886, 59.85994963], [17.63404107, 59.85942873]]]}, "properties": {"deso": "0380C1450", "pop": 1150.0, "income": 384.2, "male_frac": 0.4488, "child_frac": 0.0609, "elder_frac": 0.2504, "dependency": 0.452, "needZ": -0.6845, "needZ_v1": -0.402, "regso": "0380R005", "higher_ed": 96.7, "neet": 9.3, "income_support": 0.1}}, {"type": "Feature", "geometry": {"type": "Polygon", "coordinates": [[[17.63190917, 59.85938326], [17.63070437, 59.85884451], [17.629719, 59.85840385], [17.62971262, 59.85840704], [17.62672208, 59.85704988], [17.62541004, 59.85775287], [17.625284, 59.85771029], [17.62505327, 59.85763253], [17.62479908, 59.85790734], [17.62442887, 59.85814718], [17.62384894, 59.85844339], [17.62404519, 59.8585284], [17.62469235, 59.85883105], [17.62541172, 59.85916414], [17.62683076, 59.85980941], [17.62685458, 59.85982007], [17.62693779, 59.8598574], [17.62768387, 59.86019227], [17.62786329, 59.86027277], [17.62850129, 59.86057423], [17.63190917, 59.85938326]]]}, "properties": {"deso": "0380C1590", "pop": 1518.0, "income": 384.2, "male_frac": 0.4813, "child_frac": 0.058, "elder_frac": 0.1706, "dependency": 0.2963, "needZ": -0.8134, "needZ_v1": -0.7028, "regso": "0380R005", "higher_ed": 96.7, "neet": 9.3, "income_support": 0.1}}, {"type": "Feature", "geometry": {"type": "Polygon", "coordinates": [[[17.58545709, 59.84607644], [17.58577398, 59.84582312], [17.58591017, 59.84559741], [17.58638267, 59.84516004], [17.58642754, 59.84474238], [17.5865865, 59.8445712], [17.58812005, 59.84443443], [17.58900946, 59.84413965], [17.58985167, 59.84378149], [17.59067514, 59.8437183], [17.59128641, 59.84355402], [17.59175822, 59.84335691], [17.59165869, 59.84306156], [17.59150399, 59.84294245], [17.5916819, 59.8428829], [17.59256612, 59.84258676], [17.59303168, 59.84243082], [17.59334914, 59.84236366], [17.59377339, 59.84233707], [17.59411479, 59.84233537], [17.59432683, 59.84229651], [17.59469395, 59.84248904], [17.59574102, 59.84271729], [17.59619576, 59.84288167], [17.59679114, 59.84314882], [17.59734263, 59.843306], [17.59797193, 59.84339615], [17.59921352, 59.84344502], [17.59939557, 59.84214582], [17.59944678, 59.8417795], [17.59986403, 59.84185776], [17.60003389, 59.84188961], [17.60067062, 59.84158852], [17.60153985, 59.84066611], [17.60170636, 59.84053446], [17.60183566, 59.84034283], [17.60207894, 59.84007645], [17.60212545, 59.84002541], [17.60206293, 59.84001093], [17.60202831, 59.84000299], [17.60217277, 59.83997355], [17.6028235, 59.83984112], [17.6031001, 59.83978481], [17.60350525, 59.83921837], [17.60365581, 59.83871499], [17.60365709, 59.83871443], [17.60365738, 59.83871433], [17.60386766, 59.83861945], [17.60440029, 59.83846043], [17.60475054, 59.83835595], [17.60479368, 59.83825432], [17.60479367, 59.83825423], [17.60497515, 59.83782667], [17.60497618, 59.83782665], [17.60497643, 59.83782611], [17.60507833, 59.83749704], [17.60509679, 59.83703832], [17.60528194, 59.83663521], [17.60553857, 59.83532402], [17.60560201, 59.83497955], [17.59427249, 59.83413455], [17.59424266, 59.83421642], [17.59340872, 59.83417412], [17.59275203, 59.83399817], [17.59259397, 59.83386763], [17.5928923, 59.83338156], [17.59280212, 59.83328166], [17.59225533, 59.83288536], [17.59265206, 59.83287934], [17.59326142, 59.83287469], [17.59364942, 59.83279043], [17.59377599, 59.83218909], [17.59375104, 59.83209347], [17.59460268, 59.83217099], [17.59486154, 59.83216535], [17.59503279, 59.83193211], [17.59363946, 59.83074438], [17.59365388, 59.83065158], [17.59481557, 59.82991647], [17.5949297, 59.82985323], [17.59480286, 59.82976645], [17.59463951, 59.8296547], [17.59390812, 59.82946882], [17.5939757, 59.82924805], [17.59469951, 59.8286785], [17.59462908, 59.82850339], [17.59454651, 59.8285334], [17.5942905, 59.82863959], [17.59397138, 59.82875555], [17.59344579, 59.82897349], [17.59294868, 59.82920767], [17.59292435, 59.82922028], [17.59245786, 59.82946983], [17.59202383, 59.82973375], [17.59162378, 59.83001101], [17.59160461, 59.83002567], [17.59124053, 59.83031506], [17.59091365, 59.83061558], [17.59062535, 59.83092584], [17.59060592, 59.83095047], [17.59035727, 59.8312693], [17.59014935, 59.83159532], [17.58977688, 59.83224506], [17.58961063, 59.83257717], [17.58960114, 59.83260277], [17.58947704, 59.83293944], [17.58939572, 59.8332794], [17.58936662, 59.83353956], [17.58896267, 59.83342437], [17.58893216, 59.83341625], [17.58831949, 59.83326645], [17.58768909, 59.83313657], [17.58753429, 59.83311024], [17.5870939, 59.83296531], [17.58684136, 59.8328933], [17.58642885, 59.83269221], [17.58591066, 59.83246994], [17.58576003, 59.83241011], [17.5852149, 59.83220472], [17.58464496, 59.83201714], [17.58405248, 59.83184815], [17.58388146, 59.83180426], [17.58326884, 59.83165443], [17.58263848, 59.83152444], [17.58199308, 59.83141486], [17.58180842, 59.83138857], [17.58115036, 59.83129972], [17.58048261, 59.83123207], [17.58045894, 59.83123046], [17.58044219, 59.83122891], [17.58030455, 59.83121499], [17.57962948, 59.83116868], [17.57943802, 59.83116102], [17.5787586, 59.83113644], [17.57807717, 59.83113344], [17.57739698, 59.83115225], [17.57720641, 59.83116362], [17.5765298, 59.831204], [17.57585971, 59.83126589], [17.57519861, 59.83134899], [17.57454958, 59.83145304], [17.57435033, 59.8314855], [17.57371552, 59.83160993], [17.57361163, 59.83163289], [17.57345754, 59.83166887], [17.57335258, 59.83168942], [17.57324798, 59.83171276], [17.57307048, 59.83175431], [17.57300509, 59.83176709], [17.57290102, 59.8317896], [17.57272206, 59.83183146], [17.57264929, 59.83184572], [17.57254681, 59.83186794], [17.57192898, 59.83201233], [17.57186946, 59.83202867], [17.57172787, 59.83204177], [17.57106675, 59.83212484], [17.57041769, 59.83222887], [17.57021845, 59.8322615], [17.56958361, 59.83238591], [17.56942125, 59.83242178], [17.56923072, 59.83246628], [17.56915316, 59.83248154], [17.56898949, 59.83251752], [17.56880027, 59.83256181], [17.56872314, 59.83257697], [17.5685589, 59.83261314], [17.56835565, 59.83266067], [17.56829606, 59.83267234], [17.56813137, 59.83270852], [17.56786597, 59.83277065], [17.56770475, 59.83280227], [17.56767231, 59.8328091], [17.56731467, 59.83289279], [17.56710822, 59.83293328], [17.5669146, 59.83297398], [17.56629672, 59.83311834], [17.56616283, 59.83315508], [17.56568084, 59.83326769], [17.56508255, 59.83343151], [17.56450602, 59.83361413], [17.56434837, 59.8336693], [17.56379616, 59.83386985], [17.5632703, 59.83408767], [17.56315226, 59.83414315], [17.56299786, 59.83417346], [17.56294877, 59.83418394], [17.56233086, 59.83432837], [17.56173254, 59.83449218], [17.56168571, 59.83450521], [17.56110913, 59.83468782], [17.56106512, 59.83470305], [17.56051288, 59.83490359], [17.55998697, 59.8351214], [17.55994621, 59.83513872], [17.55944878, 59.83537286], [17.55941171, 59.83539226], [17.55894488, 59.8356417], [17.55883125, 59.83571065], [17.55831973, 59.83592242], [17.55782227, 59.83615656], [17.55778393, 59.83617473], [17.55731708, 59.83642416], [17.5572824, 59.83644415], [17.55684785, 59.83670795], [17.55644757, 59.83698511], [17.55641699, 59.83700663], [17.55605253, 59.83729593], [17.55602632, 59.83731889], [17.55569905, 59.83761923], [17.55541021, 59.83792942], [17.55538865, 59.83795355], [17.55530972, 59.83805479], [17.55511712, 59.83800769], [17.55507048, 59.83799638], [17.55444011, 59.83786625], [17.55439129, 59.83785723], [17.55374585, 59.83774742], [17.55308788, 59.83765851], [17.55303777, 59.83765185], [17.55268339, 59.83761588], [17.55375034, 59.83909896], [17.55378773, 59.83915078], [17.55397587, 59.83941237], [17.55552649, 59.84156724], [17.5559251, 59.84129633], [17.55644293, 59.84113869], [17.55856285, 59.84108006], [17.55944939, 59.8408839], [17.55991277, 59.84082054], [17.56017367, 59.84082517], [17.56049951, 59.84089517], [17.56102495, 59.84109351], [17.56113274, 59.84113426], [17.56288552, 59.84140858], [17.56487722, 59.84178205], [17.5654137, 59.84184013], [17.56608327, 59.84197312], [17.56641195, 59.84198225], [17.56748354, 59.84195847], [17.56961497, 59.84190726], [17.57066774, 59.84206319], [17.57161306, 59.84213886], [17.5719615, 59.84226669], [17.57212704, 59.84218001], [17.5722306, 59.84212571], [17.57260395, 59.84210511], [17.57289233, 59.84230723], [17.57307461, 59.84242583], [17.57389695, 59.84255975], [17.57443609, 59.84272633], [17.57489176, 59.84270789], [17.57549002, 59.84256702], [17.57581454, 59.84257935], [17.57600977, 59.84267119], [17.57601939, 59.84281651], [17.57594559, 59.84294353], [17.5759876, 59.84328897], [17.57649849, 59.8434154], [17.57782855, 59.84374451], [17.57894917, 59.84364198], [17.5793531, 59.84366074], [17.57950908, 59.84380625], [17.57957671, 59.84455817], [17.57960888, 59.84489383], [17.58007708, 59.84520621], [17.58024445, 59.84522493], [17.58129927, 59.84534257], [17.58223922, 59.84550315], [17.58264135, 59.84543193], [17.58306376, 59.84531828], [17.58330724, 59.84529715], [17.58336358, 59.84530404], [17.58344632, 59.84531176], [17.58353115, 59.8453197], [17.58371904, 59.8454379], [17.58390294, 59.84560702], [17.58392571, 59.84568238], [17.58439415, 59.8460446], [17.58513467, 59.84625874], [17.58518569, 59.84626357], [17.58545709, 59.84607644]]]}, "properties": {"deso": "0380C1290", "pop": 1473.0, "income": 319.3, "male_frac": 0.4641, "child_frac": 0.1344, "elder_frac": 0.3103, "dependency": 0.8007, "needZ": 0.3403, "needZ_v1": 0.8012, "regso": "0380R045", "higher_ed": null, "neet": 12.3, "income_support": 0.4}}, {"type": "Feature", "geometry": {"type": "Polygon", "coordinates": [[[17.61136563, 59.84699296], [17.61241781, 59.84693381], [17.61348155, 59.84684362], [17.61450331, 59.84675344], [17.61559839, 59.84665183], [17.61653852, 59.84659281], [17.61710857, 59.84655498], [17.61679514, 59.84549986], [17.61633145, 59.84504703], [17.61632589, 59.84473806], [17.61705819, 59.84474209], [17.61705829, 59.84474146], [17.61708235, 59.84433552], [17.61837997, 59.84381317], [17.61837965, 59.84381282], [17.61785318, 59.84329352], [17.61678892, 59.84356673], [17.61668306, 59.84355904], [17.61673754, 59.84338298], [17.61675747, 59.84314743], [17.61673964, 59.84284535], [17.61685892, 59.84250282], [17.61597446, 59.84132873], [17.61540938, 59.84063898], [17.6150224, 59.84030723], [17.61489309, 59.84023875], [17.61488016, 59.84029919], [17.61065747, 59.84514247], [17.61061126, 59.84520474], [17.61068822, 59.84524184], [17.61109207, 59.84519691], [17.61115927, 59.84520536], [17.61134583, 59.84519627], [17.61146587, 59.84520072], [17.61142423, 59.84523855], [17.61136869, 59.84528888], [17.61128335, 59.84541533], [17.61122676, 59.84549918], [17.61111815, 59.84569697], [17.61108464, 59.84582734], [17.61106796, 59.84596196], [17.61111782, 59.84609669], [17.61116784, 59.84630283], [17.61121767, 59.84652163], [17.61122556, 59.8465584], [17.6112592, 59.84671519], [17.61134994, 59.84699381], [17.61136563, 59.84699296]]]}, "properties": {"deso": "0380C1360", "pop": 1510.0, "income": 416.2, "male_frac": 0.4734, "child_frac": 0.0874, "elder_frac": 0.2311, "dependency": 0.4674, "needZ": -0.4684, "needZ_v1": -0.6332, "regso": "0380R026", "higher_ed": null, "neet": 9.3, "income_support": 0.2}}, {"type": "Feature", "geometry": {"type": "Polygon", "coordinates": [[[17.63816119, 59.8445291], [17.63669915, 59.84439915], [17.63681692, 59.84408465], [17.63454637, 59.84345735], [17.63445137, 59.84366719], [17.63394923, 59.84363943], [17.63281247, 59.84442271], [17.63253405, 59.84464224], [17.63154489, 59.84527813], [17.63052716, 59.8459611], [17.63419903, 59.84742121], [17.63643943, 59.84830799], [17.63678369, 59.84840305], [17.63816119, 59.8445291]]]}, "properties": {"deso": "0380C1380", "pop": 1477.0, "income": 338.5, "male_frac": 0.4702, "child_frac": 0.1131, "elder_frac": 0.0934, "dependency": 0.2602, "needZ": -0.1605, "needZ_v1": -0.3997, "regso": "0380R011", "higher_ed": 77.1, "neet": 11.2, "income_support": 0.6}}, {"type": "Feature", "geometry": {"type": "Polygon", "coordinates": [[[17.59458303, 59.85112268], [17.59462065, 59.8511179], [17.59463958, 59.85111519], [17.59497532, 59.85106806], [17.59598581, 59.8509557], [17.59663734, 59.85089093], [17.59692664, 59.85086214], [17.59808053, 59.85074775], [17.59880598, 59.85063022], [17.59956536, 59.85047591], [17.60014874, 59.85032678], [17.60043931, 59.85024828], [17.60062288, 59.85019866], [17.60021871, 59.84990646], [17.60010057, 59.84981332], [17.59969048, 59.84948674], [17.59938967, 59.84920363], [17.59923046, 59.84889168], [17.59921193, 59.84879953], [17.59919858, 59.84873413], [17.59913266, 59.84840812], [17.5991357, 59.84826785], [17.59914231, 59.84796762], [17.59912019, 59.84797848], [17.59897529, 59.84804988], [17.59885044, 59.84805746], [17.59711444, 59.84833767], [17.5966599, 59.84831843], [17.59365061, 59.84819067], [17.59364944, 59.8481907], [17.59346477, 59.84875959], [17.59335649, 59.84911625], [17.59136841, 59.84916484], [17.59137191, 59.84916998], [17.59284818, 59.8513481], [17.5928613, 59.85136724], [17.59458303, 59.85112268]]]}, "properties": {"deso": "0380C1430", "pop": 1325.0, "income": 135.6, "male_frac": 0.4725, "child_frac": 0.1034, "elder_frac": 0.034, "dependency": 0.1592, "needZ": 0.4, "needZ_v1": 1.0604, "regso": "0380R046", "higher_ed": 98.8, "neet": 17.8, "income_support": 0.4}}, {"type": "Feature", "geometry": {"type": "Polygon", "coordinates": [[[17.59210704, 59.85147444], [17.5928613, 59.85136724], [17.59284818, 59.8513481], [17.59137191, 59.84916998], [17.59136841, 59.84916484], [17.59020008, 59.84919341], [17.58848051, 59.84917865], [17.58774446, 59.84996721], [17.58825701, 59.85087124], [17.58890324, 59.8509788], [17.58886467, 59.851049], [17.58870576, 59.85141051], [17.58930489, 59.85154657], [17.5890529, 59.8518624], [17.58908066, 59.85192581], [17.58933383, 59.8520685], [17.58928517, 59.85207529], [17.58932077, 59.85208241], [17.59210704, 59.85147444]]]}, "properties": {"deso": "0380C1460", "pop": 1217.0, "income": 135.6, "male_frac": 0.5391, "child_frac": 0.0107, "elder_frac": 0.0025, "dependency": 0.0133, "needZ": 0.2792, "needZ_v1": 0.7785, "regso": "0380R046", "higher_ed": 98.8, "neet": 17.8, "income_support": 0.4}}, {"type": "Feature", "geometry": {"type": "Polygon", "coordinates": [[[17.60452748, 59.85179906], [17.60782076, 59.85065912], [17.60859466, 59.85048758], [17.6078509, 59.84998324], [17.60589898, 59.84836189], [17.60597899, 59.84833444], [17.6047296, 59.84767221], [17.60321281, 59.84717111], [17.60120365, 59.84675948], [17.59794647, 59.84634938], [17.59552171, 59.84601961], [17.59171972, 59.84553639], [17.58704574, 59.84474837], [17.5865865, 59.8445712], [17.58642754, 59.84474238], [17.58638267, 59.84516004], [17.58591017, 59.84559741], [17.58577398, 59.84582312], [17.58545709, 59.84607644], [17.58518569, 59.84626357], [17.58468569, 59.84669035], [17.58463788, 59.84694126], [17.58492628, 59.84723901], [17.58574576, 59.84780047], [17.58596352, 59.84792374], [17.58662324, 59.84807119], [17.58848051, 59.84917865], [17.59020008, 59.84919341], [17.59136841, 59.84916484], [17.59335649, 59.84911625], [17.59346477, 59.84875959], [17.59364944, 59.8481907], [17.59365061, 59.84819067], [17.5966599, 59.84831843], [17.59711444, 59.84833767], [17.59885044, 59.84805746], [17.59897529, 59.84804988], [17.59912019, 59.84797848], [17.59914231, 59.84796762], [17.5991357, 59.84826785], [17.59913266, 59.84840812], [17.59919858, 59.84873413], [17.59921193, 59.84879953], [17.59923046, 59.84889168], [17.59938967, 59.84920363], [17.59969048, 59.84948674], [17.60010057, 59.84981332], [17.60021871, 59.84990646], [17.60062288, 59.85019866], [17.60136042, 59.85077557], [17.60231729, 59.85117971], [17.60309161, 59.85147096], [17.60347954, 59.85179411], [17.6036255, 59.85196404], [17.60452748, 59.85179906]]]}, "properties": {"deso": "0380C1390", "pop": 1499.0, "income": 341.8, "male_frac": 0.479, "child_frac": 0.1875, "elder_frac": 0.2842, "dependency": 0.8927, "needZ": 0.1871, "needZ_v1": 0.7953, "regso": "0380R055", "higher_ed": 86.4, "neet": 11.1, "income_support": 0.6}}, {"type": "Feature", "geometry": {"type": "Polygon", "coordinates": [[[17.58648337, 59.85234982], [17.58649267, 59.85235197], [17.58683011, 59.85194159], [17.58758744, 59.85208398], [17.58814474, 59.85215718], [17.588382, 59.85215396], [17.58876108, 59.85214884], [17.58928517, 59.85207529], [17.58933383, 59.8520685], [17.58908066, 59.85192581], [17.5890529, 59.8518624], [17.58930489, 59.85154657], [17.58870576, 59.85141051], [17.58886467, 59.851049], [17.58890324, 59.8509788], [17.58825701, 59.85087124], [17.58774446, 59.84996721], [17.58848051, 59.84917865], [17.58662324, 59.84807119], [17.58596352, 59.84792374], [17.58574576, 59.84780047], [17.58492628, 59.84723901], [17.58463788, 59.84694126], [17.58468569, 59.84669035], [17.58456487, 59.8467176], [17.58420125, 59.84679965], [17.58387568, 59.84687305], [17.5823231, 59.84722383], [17.58219304, 59.84725719], [17.58212129, 59.84727567], [17.58190874, 59.84734469], [17.58171128, 59.84742419], [17.58153062, 59.84751334], [17.58136903, 59.84761118], [17.58134648, 59.84762797], [17.58122777, 59.84771679], [17.58115943, 59.8477811], [17.58110866, 59.84782898], [17.58042888, 59.84855496], [17.58040906, 59.84857861], [17.58029262, 59.8487176], [17.5801831, 59.84888529], [17.58012066, 59.8490163], [17.58010128, 59.84905692], [17.58004469, 59.84923121], [17.58003105, 59.84933262], [17.58003014, 59.84944644], [17.58006579, 59.84966526], [17.580207, 59.84994669], [17.58044596, 59.85021075], [17.57945227, 59.85057083], [17.57930949, 59.85071034], [17.5864707, 59.8523648], [17.58648337, 59.85234982]]]}, "properties": {"deso": "0380C1420", "pop": 1450.0, "income": 135.6, "male_frac": 0.4771, "child_frac": 0.0345, "elder_frac": 0.0234, "dependency": 0.0615, "needZ": 0.319, "needZ_v1": 0.8716, "regso": "0380R046", "higher_ed": 98.8, "neet": 17.8, "income_support": 0.4}}, {"type": "Feature", "geometry": {"type": "Polygon", "coordinates": [[[17.65363612, 59.85156798], [17.65396556, 59.85141682], [17.6550362, 59.85093793], [17.65601852, 59.85048192], [17.65313472, 59.8492256], [17.65242291, 59.84960787], [17.65068848, 59.85052722], [17.65173303, 59.85098737], [17.65196193, 59.85109369], [17.65301647, 59.85156611], [17.65331849, 59.8517085], [17.65363612, 59.85156798]]]}, "properties": {"deso": "0380C1332", "pop": 1341.0, "income": 392.1, "male_frac": 0.4856, "child_frac": 0.1402, "elder_frac": 0.2662, "dependency": 0.6847, "needZ": -0.4182, "needZ_v1": -0.0169, "regso": "0380R009", "higher_ed": 87.7, "neet": 7.3, "income_support": 0.3}}, {"type": "Feature", "geometry": {"type": "Polygon", "coordinates": [[[17.662907, 59.84986323], [17.66606611, 59.84806844], [17.67090555, 59.84553013], [17.67339852, 59.84563975], [17.67505822, 59.84566531], [17.67675831, 59.84554298], [17.68328853, 59.84459113], [17.68865444, 59.84375384], [17.6900452, 59.84361654], [17.68959997, 59.84147127], [17.68933762, 59.83927294], [17.68972796, 59.83866699], [17.69083875, 59.8377083], [17.69127419, 59.83702336], [17.69150435, 59.83635565], [17.69142084, 59.83564235], [17.69114525, 59.8350272], [17.69085594, 59.83464319], [17.69043848, 59.83394965], [17.69020077, 59.83356457], [17.69022298, 59.83280033], [17.6905775, 59.83215281], [17.69119854, 59.83152911], [17.68935276, 59.83169683], [17.6880306, 59.83163286], [17.68708393, 59.83174319], [17.68645611, 59.83196405], [17.68496486, 59.83204651], [17.68420188, 59.83219205], [17.68278309, 59.83253305], [17.68234688, 59.8325679], [17.68024671, 59.83214272], [17.67917114, 59.83225562], [17.67654404, 59.83202309], [17.67528491, 59.83210071], [17.67468357, 59.83200892], [17.67333556, 59.83194533], [17.67193584, 59.83155778], [17.67053003, 59.83141728], [17.67018658, 59.83132032], [17.67026761, 59.83072062], [17.66965969, 59.829901], [17.66878482, 59.82942104], [17.66776794, 59.82924414], [17.66713486, 59.82896073], [17.66532456, 59.82813043], [17.66430597, 59.82885395], [17.66238105, 59.83075013], [17.66133999, 59.83167519], [17.66062765, 59.83209669], [17.65978201, 59.83262776], [17.6595607, 59.83284225], [17.65883447, 59.83440775], [17.6578695, 59.83694296], [17.65764119, 59.83750017], [17.65728164, 59.83958121], [17.6572059, 59.84090397], [17.65707694, 59.84112547], [17.65674093, 59.84153063], [17.65632137, 59.84181863], [17.65529207, 59.84245228], [17.65435298, 59.84315613], [17.65394499, 59.84354917], [17.6532224, 59.8441458], [17.65281813, 59.84450633], [17.6525533, 59.84470273], [17.65205422, 59.84507271], [17.65043062, 59.84654782], [17.65164069, 59.8468416], [17.65175364, 59.84678264], [17.65222068, 59.84666266], [17.65249436, 59.84666981], [17.6527657, 59.84672147], [17.65575622, 59.84758508], [17.65550793, 59.84780244], [17.65492885, 59.84818312], [17.65434186, 59.8485441], [17.65313472, 59.8492256], [17.65601852, 59.85048192], [17.65735633, 59.85106212], [17.65679098, 59.85137355], [17.65857557, 59.8521912], [17.662907, 59.84986323]]]}, "properties": {"deso": "0380C1331", "pop": 1848.0, "income": 392.1, "male_frac": 0.49, "child_frac": 0.1791, "elder_frac": 0.085, "dependency": 0.3588, "needZ": -0.688, "needZ_v1": -0.6465, "regso": "0380R009", "higher_ed": 87.7, "neet": 7.3, "income_support": 0.3}}, {"type": "Feature", "geometry": {"type": "Polygon", "coordinates": [[[17.56467071, 59.85418012], [17.56513697, 59.85423984], [17.56676463, 59.85399325], [17.56769342, 59.85397639], [17.56781491, 59.85359237], [17.56791081, 59.85328915], [17.56852511, 59.85238515], [17.56856558, 59.85232562], [17.5688991, 59.85183489], [17.56907632, 59.85157427], [17.56908609, 59.85155971], [17.57169805, 59.85150142], [17.57210535, 59.85149014], [17.57214352, 59.85123304], [17.5721968, 59.85103826], [17.57226056, 59.85086285], [17.57235153, 59.85068709], [17.57244094, 59.85053111], [17.57258034, 59.85031129], [17.57295282, 59.84971397], [17.57298607, 59.84964883], [17.57439872, 59.84986067], [17.57793824, 59.85042175], [17.57928805, 59.85070537], [17.57930949, 59.85071034], [17.57945227, 59.85057083], [17.58044596, 59.85021075], [17.580207, 59.84994669], [17.58006579, 59.84966526], [17.58003014, 59.84944644], [17.58003105, 59.84933262], [17.58004469, 59.84923121], [17.58010128, 59.84905692], [17.58012066, 59.8490163], [17.5801831, 59.84888529], [17.58029262, 59.8487176], [17.58040906, 59.84857861], [17.58042888, 59.84855496], [17.58110866, 59.84782898], [17.58115943, 59.8477811], [17.58122777, 59.84771679], [17.58134648, 59.84762797], [17.58136903, 59.84761118], [17.58153062, 59.84751334], [17.58171128, 59.84742419], [17.58190874, 59.84734469], [17.58212129, 59.84727567], [17.58219304, 59.84725719], [17.5823231, 59.84722383], [17.58387568, 59.84687305], [17.58420125, 59.84679965], [17.58456487, 59.8467176], [17.58468569, 59.84669035], [17.58518569, 59.84626357], [17.58513467, 59.84625874], [17.58439415, 59.8460446], [17.58392571, 59.84568238], [17.58390294, 59.84560702], [17.58371904, 59.8454379], [17.58353115, 59.8453197], [17.58344632, 59.84531176], [17.58336358, 59.84530404], [17.58330724, 59.84529715], [17.58306376, 59.84531828], [17.58264135, 59.84543193], [17.58223922, 59.84550315], [17.58129927, 59.84534257], [17.58024445, 59.84522493], [17.58007708, 59.84520621], [17.57960888, 59.84489383], [17.57957671, 59.84455817], [17.57950908, 59.84380625], [17.5793531, 59.84366074], [17.57894917, 59.84364198], [17.57782855, 59.84374451], [17.57649849, 59.8434154], [17.5759876, 59.84328897], [17.57594559, 59.84294353], [17.57601939, 59.84281651], [17.57600977, 59.84267119], [17.57581454, 59.84257935], [17.57549002, 59.84256702], [17.57489176, 59.84270789], [17.57443609, 59.84272633], [17.57389695, 59.84255975], [17.57307461, 59.84242583], [17.57289233, 59.84230723], [17.57260395, 59.84210511], [17.5722306, 59.84212571], [17.57212704, 59.84218001], [17.5719615, 59.84226669], [17.57161306, 59.84213886], [17.57066774, 59.84206319], [17.56961497, 59.84190726], [17.56748354, 59.84195847], [17.56641195, 59.84198225], [17.56608327, 59.84197312], [17.5654137, 59.84184013], [17.56487722, 59.84178205], [17.56288552, 59.84140858], [17.56113274, 59.84113426], [17.56102495, 59.84109351], [17.56049951, 59.84089517], [17.56017367, 59.84082517], [17.55991277, 59.84082054], [17.55944939, 59.8408839], [17.55856285, 59.84108006], [17.55644293, 59.84113869], [17.5559251, 59.84129633], [17.55552649, 59.84156724], [17.55397587, 59.83941237], [17.55378773, 59.83915078], [17.55375034, 59.83909896], [17.55268324, 59.8376158], [17.55236979, 59.83758397], [17.55231856, 59.83757994], [17.5516434, 59.83753357], [17.55096371, 59.83750876], [17.55091177, 59.83750707], [17.55023036, 59.83750393], [17.55017848, 59.83750494], [17.549498, 59.8375236], [17.54882122, 59.83756384], [17.54876982, 59.83756726], [17.5480994, 59.83762902], [17.54804894, 59.83763502], [17.54738779, 59.83771798], [17.5467384, 59.83782189], [17.546681, 59.83783163], [17.54604612, 59.83795601], [17.54503496, 59.83815674], [17.54497782, 59.83816979], [17.54435976, 59.83831414], [17.54376112, 59.83847787], [17.54371476, 59.83849143], [17.54313816, 59.83867386], [17.54258559, 59.83887433], [17.54254205, 59.83889017], [17.54201597, 59.83910791], [17.54197584, 59.83912593], [17.54147821, 59.83935992], [17.54101119, 59.83960929], [17.54097487, 59.83962913], [17.5405403, 59.83989288], [17.54050809, 59.83991452], [17.5401075, 59.84019162], [17.53974285, 59.84048088], [17.53971518, 59.84050405], [17.53938773, 59.84080444], [17.53936472, 59.84082886], [17.53907584, 59.84113902], [17.53882663, 59.84145775], [17.5388087, 59.84148324], [17.53860021, 59.84180918], [17.5384334, 59.84214123], [17.53842067, 59.84216743], [17.53837892, 59.84228016], [17.55126006, 59.84523181], [17.55639513, 59.84651413], [17.56146563, 59.84763881], [17.56298712, 59.84793757], [17.56299908, 59.84793995], [17.56288368, 59.84808187], [17.56268579, 59.84832491], [17.56246572, 59.84861644], [17.56227264, 59.848855], [17.56210062, 59.849044], [17.56197704, 59.84917935], [17.56189339, 59.8492575], [17.56180218, 59.84934281], [17.56171152, 59.84942757], [17.56166812, 59.8494682], [17.5615078, 59.84959106], [17.5613833, 59.84968582], [17.5612363, 59.8497846], [17.56104043, 59.84991632], [17.56092827, 59.84998003], [17.56078972, 59.85005863], [17.56064046, 59.85014345], [17.5604932, 59.85021404], [17.560334, 59.85029025], [17.56020831, 59.85035045], [17.55998335, 59.85045237], [17.55989229, 59.85049366], [17.55985803, 59.8505096], [17.55974045, 59.85056407], [17.55998798, 59.85068698], [17.56022336, 59.85082028], [17.56049794, 59.8509635], [17.56083585, 59.85113567], [17.56116924, 59.85129301], [17.56183556, 59.85156145], [17.56185593, 59.85156968], [17.56227528, 59.85171691], [17.56227966, 59.85171844], [17.56215856, 59.85181331], [17.5614517, 59.8523889], [17.56149433, 59.85346799], [17.55965432, 59.85401935], [17.56003356, 59.85456033], [17.56467071, 59.85418012]]]}, "properties": {"deso": "0380C1370", "pop": 1319.0, "income": 305.8, "male_frac": 0.4792, "child_frac": 0.1607, "elder_frac": 0.1774, "dependency": 0.5109, "needZ": 0.6951, "needZ_v1": 0.3513, "regso": "0380R059", "higher_ed": 72.5, "neet": 19.3, "income_support": 1.1}}, {"type": "Feature", "geometry": {"type": "Polygon", "coordinates": [[[17.61656193, 59.85348975], [17.61670576, 59.85337111], [17.617413, 59.85258529], [17.61795458, 59.85196668], [17.61856135, 59.85126711], [17.6187282, 59.8510669], [17.6188093, 59.85096908], [17.62087226, 59.84987044], [17.62090898, 59.84980944], [17.62265697, 59.84793612], [17.62297402, 59.84761138], [17.62279188, 59.84756632], [17.62248734, 59.84751688], [17.6220295, 59.84748576], [17.62159992, 59.84745651], [17.6211705, 59.84742733], [17.62070688, 59.8473957], [17.61940632, 59.84733707], [17.61888044, 59.84735625], [17.61833971, 59.84739063], [17.61765969, 59.84747934], [17.61710857, 59.84655498], [17.61653852, 59.84659281], [17.61559839, 59.84665183], [17.61450331, 59.84675344], [17.61348155, 59.84684362], [17.61241781, 59.84693381], [17.61136563, 59.84699296], [17.61134994, 59.84699381], [17.61180694, 59.84842307], [17.61186035, 59.84852773], [17.61207784, 59.84895421], [17.61221502, 59.84916778], [17.61283041, 59.84998534], [17.61352533, 59.85093777], [17.61359906, 59.85103107], [17.61422715, 59.85160442], [17.61466945, 59.85196776], [17.61652735, 59.85349385], [17.6165412, 59.85350516], [17.61656193, 59.85348975]]]}, "properties": {"deso": "0380C1440", "pop": 846.0, "income": 416.2, "male_frac": 0.4982, "child_frac": 0.1572, "elder_frac": 0.2364, "dependency": 0.6491, "needZ": -0.318, "needZ_v1": -0.2822, "regso": "0380R026", "higher_ed": null, "neet": 9.3, "income_support": 0.2}}, {"type": "Feature", "geometry": {"type": "Polygon", "coordinates": [[[17.64906097, 59.85251258], [17.64829803, 59.85215688], [17.64910749, 59.85142361], [17.64923234, 59.85133082], [17.65068848, 59.85052722], [17.65242291, 59.84960787], [17.65313472, 59.8492256], [17.65434186, 59.8485441], [17.65492885, 59.84818312], [17.65550793, 59.84780244], [17.65575622, 59.84758508], [17.6527657, 59.84672147], [17.65249436, 59.84666981], [17.65222068, 59.84666266], [17.65175364, 59.84678264], [17.65164069, 59.8468416], [17.65043062, 59.84654782], [17.64864267, 59.84853345], [17.64781772, 59.8492434], [17.6468722, 59.85010973], [17.64592154, 59.85118832], [17.64557445, 59.85161082], [17.64505848, 59.85205037], [17.64577369, 59.85222453], [17.64785916, 59.85316967], [17.64906097, 59.85251258]]]}, "properties": {"deso": "0380C1481", "pop": 1650.0, "income": 392.1, "male_frac": 0.484, "child_frac": 0.123, "elder_frac": 0.2448, "dependency": 0.582, "needZ": -0.5032, "needZ_v1": -0.2153, "regso": "0380R009", "higher_ed": 87.7, "neet": 7.3, "income_support": 0.3}}, {"type": "Feature", "geometry": {"type": "Polygon", "coordinates": [[[17.6502983, 59.85297245], [17.64981169, 59.85274018], [17.65062065, 59.8523062], [17.65140352, 59.85265476], [17.65186066, 59.85240563], [17.65206959, 59.85247921], [17.6528436, 59.85221695], [17.65276544, 59.85217856], [17.65291398, 59.85210227], [17.65268409, 59.85198914], [17.653261, 59.85180199], [17.65331849, 59.8517085], [17.65301647, 59.85156611], [17.65196193, 59.85109369], [17.65173303, 59.85098737], [17.65068848, 59.85052722], [17.64923234, 59.85133082], [17.64910749, 59.85142361], [17.64829803, 59.85215688], [17.64906097, 59.85251258], [17.64785916, 59.85316967], [17.6484881, 59.85345469], [17.64896127, 59.85366604], [17.6502983, 59.85297245]]]}, "properties": {"deso": "0380C1482", "pop": 1005.0, "income": 392.1, "male_frac": 0.4951, "child_frac": 0.1502, "elder_frac": 0.2269, "dependency": 0.6054, "needZ": -0.4838, "needZ_v1": -0.17, "regso": "0380R009", "higher_ed": 87.7, "neet": 7.3, "income_support": 0.3}}, {"type": "Feature", "geometry": {"type": "Polygon", "coordinates": [[[17.63269862, 59.85360952], [17.63534947, 59.85046394], [17.63667243, 59.8487069], [17.63678369, 59.84840305], [17.63643943, 59.84830799], [17.63419903, 59.84742121], [17.63052716, 59.8459611], [17.63154489, 59.84527813], [17.63253405, 59.84464224], [17.63281247, 59.84442271], [17.63394923, 59.84363943], [17.63445137, 59.84366719], [17.63454637, 59.84345735], [17.63681692, 59.84408465], [17.63669915, 59.84439915], [17.63816119, 59.8445291], [17.6386117, 59.84341003], [17.63922065, 59.84167104], [17.63404491, 59.84117536], [17.63054659, 59.84086449], [17.63070406, 59.84018704], [17.63051615, 59.83953518], [17.63031862, 59.83923319], [17.63047438, 59.83884922], [17.63063706, 59.83768779], [17.63057528, 59.83711954], [17.63029027, 59.83685397], [17.62890237, 59.83664036], [17.62908808, 59.83610992], [17.62853103, 59.83610111], [17.62836314, 59.83597099], [17.62838084, 59.83563739], [17.62826504, 59.83558186], [17.62826913, 59.83548809], [17.62806437, 59.83524507], [17.62793816, 59.83478671], [17.62776748, 59.83461919], [17.62775365, 59.83447368], [17.62813748, 59.83426642], [17.6282995, 59.83392824], [17.62797931, 59.83391218], [17.62805216, 59.83340439], [17.62795432, 59.83339368], [17.62818567, 59.83311734], [17.62842278, 59.83289164], [17.62703162, 59.83237473], [17.62380765, 59.83110169], [17.62320672, 59.83093439], [17.61882975, 59.83586728], [17.61850275, 59.83623865], [17.61587228, 59.83919809], [17.61489309, 59.84023875], [17.6150224, 59.84030723], [17.61540938, 59.84063898], [17.61597446, 59.84132873], [17.61685892, 59.84250282], [17.61673964, 59.84284535], [17.61675747, 59.84314743], [17.61673754, 59.84338298], [17.61668306, 59.84355904], [17.61678892, 59.84356673], [17.61785318, 59.84329352], [17.61837965, 59.84381282], [17.61837997, 59.84381317], [17.61708235, 59.84433552], [17.61705829, 59.84474146], [17.61705819, 59.84474209], [17.61632589, 59.84473806], [17.61633145, 59.84504703], [17.61679514, 59.84549986], [17.61710857, 59.84655498], [17.61765969, 59.84747934], [17.61833971, 59.84739063], [17.61888044, 59.84735625], [17.61940632, 59.84733707], [17.62070688, 59.8473957], [17.6211705, 59.84742733], [17.62159992, 59.84745651], [17.6220295, 59.84748576], [17.62248734, 59.84751688], [17.62279188, 59.84756632], [17.62297402, 59.84761138], [17.62265697, 59.84793612], [17.62090898, 59.84980944], [17.62087226, 59.84987044], [17.6188093, 59.85096908], [17.6187282, 59.8510669], [17.62232638, 59.85184875], [17.62501838, 59.8524419], [17.62541534, 59.85255345], [17.63174764, 59.85389694], [17.63198312, 59.85396974], [17.6322462, 59.85407685], [17.63254079, 59.85412423], [17.63269862, 59.85360952]]]}, "properties": {"deso": "0380C1351", "pop": 1291.0, "income": 338.5, "male_frac": 0.4753, "child_frac": 0.0906, "elder_frac": 0.1588, "dependency": 0.3323, "needZ": -0.1008, "needZ_v1": -0.2605, "regso": "0380R011", "higher_ed": 77.1, "neet": 11.2, "income_support": 0.6}}, {"type": "Feature", "geometry": {"type": "Polygon", "coordinates": [[[17.59076534, 59.85399494], [17.59079883, 59.85396733], [17.59141085, 59.85371564], [17.59410899, 59.85396591], [17.59630497, 59.8541627], [17.59668988, 59.85414909], [17.59930086, 59.85415701], [17.60133102, 59.85398927], [17.60249748, 59.85395354], [17.60347922, 59.85388509], [17.60346579, 59.85365487], [17.60350346, 59.85334927], [17.60355804, 59.85304333], [17.60371215, 59.85259225], [17.60373031, 59.8522688], [17.6036255, 59.85196404], [17.60347954, 59.85179411], [17.60309161, 59.85147096], [17.60231729, 59.85117971], [17.60136042, 59.85077557], [17.60062288, 59.85019866], [17.60043931, 59.85024828], [17.60014874, 59.85032678], [17.59956536, 59.85047591], [17.59880598, 59.85063022], [17.59808053, 59.85074775], [17.59692664, 59.85086214], [17.59663734, 59.85089093], [17.59598581, 59.8509557], [17.59497532, 59.85106806], [17.59463958, 59.85111519], [17.59462065, 59.8511179], [17.59458303, 59.85112268], [17.5928613, 59.85136724], [17.59210704, 59.85147444], [17.58932077, 59.85208241], [17.58928517, 59.85207529], [17.58876108, 59.85214884], [17.588382, 59.85215396], [17.58814474, 59.85215718], [17.58758744, 59.85208398], [17.58683011, 59.85194159], [17.58649267, 59.85235197], [17.58648337, 59.85234982], [17.5864707, 59.8523648], [17.57930949, 59.85071034], [17.57928805, 59.85070537], [17.57793824, 59.85042175], [17.57439872, 59.84986067], [17.57298607, 59.84964883], [17.57295282, 59.84971397], [17.57258034, 59.85031129], [17.57244094, 59.85053111], [17.57235153, 59.85068709], [17.57226056, 59.85086285], [17.5721968, 59.85103826], [17.57214352, 59.85123304], [17.57210535, 59.85149014], [17.57228109, 59.85148527], [17.57236945, 59.85148165], [17.57238732, 59.85148229], [17.57377956, 59.85152998], [17.57394229, 59.85162749], [17.57407631, 59.85170778], [17.57367809, 59.85187482], [17.57331011, 59.85210728], [17.57323204, 59.85215659], [17.57330528, 59.85231549], [17.57340083, 59.85232674], [17.57357425, 59.85234706], [17.57363027, 59.8523536], [17.57579196, 59.85246625], [17.57590534, 59.85254434], [17.57616351, 59.85272189], [17.57631004, 59.8529257], [17.5763196, 59.8529389], [17.57633688, 59.85295095], [17.57644893, 59.85302888], [17.57629407, 59.85303335], [17.5756214, 59.8530581], [17.57510307, 59.85307723], [17.57508603, 59.85307783], [17.57540145, 59.85344343], [17.5755865, 59.85365798], [17.57577108, 59.85387201], [17.57603894, 59.8541824], [17.5762151, 59.85438662], [17.57630601, 59.85449199], [17.57630867, 59.85449212], [17.5770236, 59.85529676], [17.57708859, 59.85538692], [17.57712852, 59.85544237], [17.57959183, 59.85551816], [17.57987994, 59.8555532], [17.58185159, 59.85558793], [17.58528457, 59.85610241], [17.59076534, 59.85399494]]]}, "properties": {"deso": "0380C1490", "pop": 1807.0, "income": 341.8, "male_frac": 0.458, "child_frac": 0.0858, "elder_frac": 0.1716, "dependency": 0.3465, "needZ": -0.2652, "needZ_v1": -0.26, "regso": "0380R055", "higher_ed": 86.4, "neet": 11.1, "income_support": 0.6}}, {"type": "Feature", "geometry": {"type": "Polygon", "coordinates": [[[17.61045621, 59.85530244], [17.61057502, 59.85513104], [17.61069213, 59.85493416], [17.61082954, 59.85463187], [17.61099647, 59.8537668], [17.61097024, 59.8532406], [17.6107253, 59.8525373], [17.61057341, 59.85232968], [17.61054701, 59.85229535], [17.61054744, 59.85229526], [17.61069546, 59.85225612], [17.61149816, 59.85199336], [17.61220591, 59.85231516], [17.61248123, 59.85244982], [17.61263135, 59.85249193], [17.61280648, 59.85251307], [17.61299843, 59.85250468], [17.61308722, 59.85248208], [17.61466945, 59.85196776], [17.61422715, 59.85160442], [17.61359906, 59.85103107], [17.61352533, 59.85093777], [17.61283041, 59.84998534], [17.61221502, 59.84916778], [17.61207784, 59.84895421], [17.61186035, 59.84852773], [17.61180694, 59.84842307], [17.61134994, 59.84699381], [17.6112592, 59.84671519], [17.61122556, 59.8465584], [17.61121767, 59.84652163], [17.61116784, 59.84630283], [17.61111782, 59.84609669], [17.61106796, 59.84596196], [17.61108464, 59.84582734], [17.61111815, 59.84569697], [17.61122676, 59.84549918], [17.61128335, 59.84541533], [17.61136869, 59.84528888], [17.61142423, 59.84523855], [17.61146587, 59.84520072], [17.61134583, 59.84519627], [17.61115927, 59.84520536], [17.61109207, 59.84519691], [17.61068822, 59.84524184], [17.61061126, 59.84520474], [17.61044664, 59.84511603], [17.61034024, 59.84507341], [17.61021995, 59.84503196], [17.61001144, 59.84495624], [17.60976126, 59.84488036], [17.60942804, 59.84478556], [17.60921331, 59.84476952], [17.6087488, 59.84475789], [17.60733273, 59.84472461], [17.60628362, 59.84470182], [17.60531888, 59.84467916], [17.60490907, 59.84465539], [17.60457963, 59.84462005], [17.60451579, 59.84461323], [17.60415162, 59.84457427], [17.60319097, 59.84432318], [17.60070129, 59.8436055], [17.59941456, 59.84345371], [17.59921352, 59.84344502], [17.59797193, 59.84339615], [17.59734263, 59.843306], [17.59679114, 59.84314882], [17.59619576, 59.84288167], [17.59574102, 59.84271729], [17.59469395, 59.84248904], [17.59432683, 59.84229651], [17.59411479, 59.84233537], [17.59377339, 59.84233707], [17.59334914, 59.84236366], [17.59303168, 59.84243082], [17.59256612, 59.84258676], [17.5916819, 59.8428829], [17.59150399, 59.84294245], [17.59165869, 59.84306156], [17.59175822, 59.84335691], [17.59128641, 59.84355402], [17.59067514, 59.8437183], [17.58985167, 59.84378149], [17.58900946, 59.84413965], [17.58812005, 59.84443443], [17.5865865, 59.8445712], [17.58704574, 59.84474837], [17.59171972, 59.84553639], [17.59552171, 59.84601961], [17.59794647, 59.84634938], [17.60120365, 59.84675948], [17.60321281, 59.84717111], [17.6047296, 59.84767221], [17.60597899, 59.84833444], [17.60589898, 59.84836189], [17.6078509, 59.84998324], [17.60859466, 59.85048758], [17.60782076, 59.85065912], [17.60452748, 59.85179906], [17.6036255, 59.85196404], [17.60373031, 59.8522688], [17.60371215, 59.85259225], [17.60355804, 59.85304333], [17.60350346, 59.85334927], [17.60346579, 59.85365487], [17.60347922, 59.85388509], [17.60484868, 59.85395015], [17.60593277, 59.85409252], [17.6059189, 59.85410726], [17.60650225, 59.85418499], [17.60768319, 59.85448837], [17.60851263, 59.85481434], [17.60899881, 59.85505378], [17.60958211, 59.85534115], [17.60987617, 59.85553239], [17.61013697, 59.85569384], [17.61045621, 59.85530244]]]}, "properties": {"deso": "0380C1410", "pop": 1280.0, "income": 341.8, "male_frac": 0.4797, "child_frac": 0.1406, "elder_frac": 0.2461, "dependency": 0.6306, "needZ": -0.03, "needZ_v1": 0.2889, "regso": "0380R055", "higher_ed": 86.4, "neet": 11.1, "income_support": 0.6}}, {"type": "Feature", "geometry": {"type": "Polygon", "coordinates": [[[17.56914106, 59.85683356], [17.57037418, 59.85669442], [17.57340719, 59.85652603], [17.57675302, 59.85545224], [17.57708859, 59.85538692], [17.5770236, 59.85529676], [17.57630867, 59.85449212], [17.57630601, 59.85449199], [17.5762151, 59.85438662], [17.57603894, 59.8541824], [17.57577108, 59.85387201], [17.5755865, 59.85365798], [17.57540145, 59.85344343], [17.57508603, 59.85307783], [17.57510307, 59.85307723], [17.5756214, 59.8530581], [17.57629407, 59.85303335], [17.57644893, 59.85302888], [17.57633688, 59.85295095], [17.5763196, 59.8529389], [17.57631004, 59.8529257], [17.57616351, 59.85272189], [17.57590534, 59.85254434], [17.57579196, 59.85246625], [17.57363027, 59.8523536], [17.57357425, 59.85234706], [17.57340083, 59.85232674], [17.57330528, 59.85231549], [17.57323204, 59.85215659], [17.57331011, 59.85210728], [17.57367809, 59.85187482], [17.57407631, 59.85170778], [17.57394229, 59.85162749], [17.57377956, 59.85152998], [17.57238732, 59.85148229], [17.57236945, 59.85148165], [17.57228109, 59.85148527], [17.57210535, 59.85149014], [17.57169805, 59.85150142], [17.56908609, 59.85155971], [17.56907632, 59.85157427], [17.5688991, 59.85183489], [17.56856558, 59.85232562], [17.56852511, 59.85238515], [17.56791081, 59.85328915], [17.56781491, 59.85359237], [17.56769342, 59.85397639], [17.56676463, 59.85399325], [17.56513697, 59.85423984], [17.56467071, 59.85418012], [17.56003356, 59.85456033], [17.56023967, 59.85485462], [17.55931974, 59.85640144], [17.55883393, 59.85667217], [17.55883394, 59.85667235], [17.55883238, 59.8566731], [17.55898195, 59.85696373], [17.55904424, 59.85695785], [17.55917978, 59.85694515], [17.56097509, 59.85679661], [17.56227858, 59.85669112], [17.563181, 59.85662155], [17.56380292, 59.8565736], [17.56538311, 59.85644329], [17.56538318, 59.85644239], [17.56537975, 59.85637679], [17.5653787, 59.85635355], [17.56538031, 59.85635352], [17.56588276, 59.85635109], [17.56592731, 59.85636163], [17.5665871, 59.85651664], [17.5668571, 59.8566091], [17.56687601, 59.85661556], [17.5675585, 59.85666189], [17.56780291, 59.85663251], [17.56780386, 59.85663151], [17.56797665, 59.85643906], [17.5678714, 59.85630216], [17.56787343, 59.85630176], [17.56839576, 59.85620004], [17.56844143, 59.85625951], [17.56858251, 59.85644278], [17.56862716, 59.85651376], [17.56888205, 59.85686277], [17.56914106, 59.85683356]]]}, "properties": {"deso": "0380C1500", "pop": 1173.0, "income": 305.8, "male_frac": 0.4704, "child_frac": 0.1944, "elder_frac": 0.1893, "dependency": 0.6224, "needZ": 0.7875, "needZ_v1": 0.5668, "regso": "0380R059", "higher_ed": 72.5, "neet": 19.3, "income_support": 1.1}}, {"type": "Feature", "geometry": {"type": "Polygon", "coordinates": [[[17.65259829, 59.85539403], [17.65487057, 59.85417341], [17.65857557, 59.8521912], [17.65679098, 59.85137355], [17.65735633, 59.85106212], [17.65601852, 59.85048192], [17.6550362, 59.85093793], [17.65396556, 59.85141682], [17.65363612, 59.85156798], [17.65331849, 59.8517085], [17.653261, 59.85180199], [17.65268409, 59.85198914], [17.65291398, 59.85210227], [17.65276544, 59.85217856], [17.6528436, 59.85221695], [17.65206959, 59.85247921], [17.65186066, 59.85240563], [17.65140352, 59.85265476], [17.65062065, 59.8523062], [17.64981169, 59.85274018], [17.6502983, 59.85297245], [17.64896127, 59.85366604], [17.65189492, 59.85497597], [17.65218504, 59.85513873], [17.65257811, 59.85540504], [17.65259829, 59.85539403]]]}, "properties": {"deso": "0380C1483", "pop": 2538.0, "income": 392.1, "male_frac": 0.4801, "child_frac": 0.0729, "elder_frac": 0.0599, "dependency": 0.1531, "needZ": -0.8583, "needZ_v1": -1.0439, "regso": "0380R009", "higher_ed": 87.7, "neet": 7.3, "income_support": 0.3}}, {"type": "Feature", "geometry": {"type": "Polygon", "coordinates": [[[17.61439389, 59.85537429], [17.61491688, 59.8549208], [17.61619397, 59.85380713], [17.61652735, 59.85349385], [17.61466945, 59.85196776], [17.61308722, 59.85248208], [17.61299843, 59.85250468], [17.61280648, 59.85251307], [17.61263135, 59.85249193], [17.61248123, 59.85244982], [17.61220591, 59.85231516], [17.61149816, 59.85199336], [17.61069546, 59.85225612], [17.61054744, 59.85229526], [17.61054701, 59.85229535], [17.61057341, 59.85232968], [17.6107253, 59.8525373], [17.61097024, 59.8532406], [17.61099647, 59.8537668], [17.61082954, 59.85463187], [17.61069213, 59.85493416], [17.61057502, 59.85513104], [17.61045621, 59.85530244], [17.61013697, 59.85569384], [17.6123032, 59.8571871], [17.61439389, 59.85537429]]]}, "properties": {"deso": "0380C1520", "pop": 1733.0, "income": 181.5, "male_frac": 0.4779, "child_frac": 0.0075, "elder_frac": 0.0133, "dependency": 0.0212, "needZ": -0.2727, "needZ_v1": 0.4193, "regso": "0380R027", "higher_ed": 97.0, "neet": 8.7, "income_support": 0.3}}, {"type": "Feature", "geometry": {"type": "Polygon", "coordinates": [[[17.65254085, 59.85542537], [17.65257811, 59.85540504], [17.65218504, 59.85513873], [17.65189492, 59.85497597], [17.64896127, 59.85366604], [17.6484881, 59.85345469], [17.64785916, 59.85316967], [17.64577369, 59.85222453], [17.64505848, 59.85205037], [17.64325129, 59.8535897], [17.64303201, 59.85371761], [17.64150519, 59.85498585], [17.64173486, 59.85505732], [17.64199559, 59.85511209], [17.64216319, 59.85514556], [17.64378601, 59.85567329], [17.64379192, 59.85567533], [17.6440328, 59.85576004], [17.64476703, 59.85598539], [17.64567678, 59.85628634], [17.64687054, 59.85664157], [17.64689165, 59.8566478], [17.6471236, 59.85674589], [17.64713078, 59.85675096], [17.64808518, 59.85729612], [17.64858493, 59.85758365], [17.65254085, 59.85542537]]]}, "properties": {"deso": "0380C1530", "pop": 1365.0, "income": 380.1, "male_frac": 0.4556, "child_frac": 0.0652, "elder_frac": 0.3634, "dependency": 0.75, "needZ": 0.2233, "needZ_v1": 0.2072, "regso": "0380R034", "higher_ed": 82.4, "neet": 17.2, "income_support": 0.4}}, {"type": "Feature", "geometry": {"type": "Polygon", "coordinates": [[[17.61558018, 59.85871646], [17.61558721, 59.85871417], [17.61584697, 59.85863095], [17.61663975, 59.858488], [17.61711039, 59.85841586], [17.61751611, 59.85835354], [17.61838423, 59.85815178], [17.6188933, 59.85792042], [17.618894, 59.85791987], [17.61889468, 59.85791922], [17.61912711, 59.85770594], [17.61926012, 59.85738784], [17.61926087, 59.8573862], [17.61926328, 59.85736253], [17.61931119, 59.85688552], [17.61931136, 59.85658811], [17.61931161, 59.85609875], [17.61931183, 59.85574961], [17.61931431, 59.85567249], [17.61917002, 59.85566548], [17.61896561, 59.85564862], [17.6189545, 59.85564776], [17.61852763, 59.85561485], [17.61798879, 59.85558326], [17.61737598, 59.85554739], [17.61628233, 59.85547006], [17.61439389, 59.85537429], [17.6123032, 59.8571871], [17.61231096, 59.85719404], [17.61275446, 59.85749881], [17.61324499, 59.85783597], [17.6138488, 59.85822018], [17.61433987, 59.85851897], [17.61462832, 59.85868121], [17.61510602, 59.85891272], [17.61558018, 59.85871646]]]}, "properties": {"deso": "0380C1550", "pop": 1408.0, "income": 181.5, "male_frac": 0.4507, "child_frac": 0.0057, "elder_frac": 0.0149, "dependency": 0.021, "needZ": -0.2728, "needZ_v1": 0.4189, "regso": "0380R027", "higher_ed": 97.0, "neet": 8.7, "income_support": 0.3}}, {"type": "Feature", "geometry": {"type": "Polygon", "coordinates": [[[17.54407025, 59.860804], [17.5458995, 59.86005169], [17.54829094, 59.85898119], [17.54967527, 59.85839319], [17.55085164, 59.85795175], [17.55154663, 59.8576248], [17.55160167, 59.857557], [17.55071538, 59.85716478], [17.55034891, 59.85704101], [17.54824957, 59.85673909], [17.54772553, 59.85670954], [17.54631078, 59.85620778], [17.54614773, 59.85609956], [17.54719904, 59.85501682], [17.54724368, 59.85497096], [17.54792854, 59.85426555], [17.54857462, 59.8536004], [17.54894209, 59.85322215], [17.54932102, 59.85291679], [17.54966674, 59.85273359], [17.54971019, 59.85269907], [17.54987141, 59.85294313], [17.55039997, 59.853044], [17.55072473, 59.85309869], [17.55126494, 59.85317086], [17.55183806, 59.85322864], [17.55217386, 59.85325042], [17.55240714, 59.85325856], [17.55252355, 59.85325954], [17.55265733, 59.85326054], [17.55293182, 59.85322027], [17.55291544, 59.85330628], [17.55291255, 59.85337801], [17.55290967, 59.85344031], [17.55292828, 59.8535622], [17.55293336, 59.853638], [17.55295739, 59.85370571], [17.55299743, 59.85381882], [17.55304024, 59.85390476], [17.55308196, 59.8539803], [17.5531234, 59.85404641], [17.55317296, 59.85411272], [17.5532501, 59.85420653], [17.55332771, 59.85428918], [17.55344974, 59.85439622], [17.55352413, 59.85445989], [17.55359783, 59.8545164], [17.55377198, 59.85463284], [17.55392763, 59.85472503], [17.55408873, 59.85480364], [17.55420142, 59.85485786], [17.55435989, 59.85491757], [17.55448307, 59.85496835], [17.55452428, 59.85498534], [17.55478339, 59.85507085], [17.55499968, 59.85512988], [17.55520706, 59.85518011], [17.55542608, 59.85522292], [17.55562214, 59.85525621], [17.55588139, 59.85529358], [17.55621323, 59.85533447], [17.55633936, 59.85536031], [17.55649539, 59.85536905], [17.55678674, 59.85542545], [17.55708831, 59.85549603], [17.55727223, 59.85554761], [17.55744138, 59.85560055], [17.5576025, 59.8556602], [17.55779583, 59.85574223], [17.55798367, 59.85583918], [17.55816484, 59.85594694], [17.55831239, 59.85604449], [17.55846409, 59.85616173], [17.55858998, 59.85630326], [17.55870392, 59.85645024], [17.55882831, 59.85666617], [17.55883393, 59.85667217], [17.55931974, 59.85640144], [17.56023967, 59.85485462], [17.56003356, 59.85456033], [17.55965432, 59.85401935], [17.56149433, 59.85346799], [17.5614517, 59.8523889], [17.56215856, 59.85181331], [17.56227966, 59.85171844], [17.56227528, 59.85171691], [17.56185593, 59.85156968], [17.56183556, 59.85156145], [17.56116924, 59.85129301], [17.56083585, 59.85113567], [17.56049794, 59.8509635], [17.56022336, 59.85082028], [17.55998798, 59.85068698], [17.55974045, 59.85056407], [17.55985803, 59.8505096], [17.55989229, 59.85049366], [17.55998335, 59.85045237], [17.56020831, 59.85035045], [17.560334, 59.85029025], [17.5604932, 59.85021404], [17.56064046, 59.85014345], [17.56078972, 59.85005863], [17.56092827, 59.84998003], [17.56104043, 59.84991632], [17.5612363, 59.8497846], [17.5613833, 59.84968582], [17.5615078, 59.84959106], [17.56166812, 59.8494682], [17.56171152, 59.84942757], [17.56180218, 59.84934281], [17.56189339, 59.8492575], [17.56197704, 59.84917935], [17.56210062, 59.849044], [17.56227264, 59.848855], [17.56246572, 59.84861644], [17.56268579, 59.84832491], [17.56288368, 59.84808187], [17.56299908, 59.84793995], [17.56298712, 59.84793757], [17.56146563, 59.84763881], [17.55639513, 59.84651413], [17.55126006, 59.84523181], [17.53837892, 59.84228016], [17.53829602, 59.84250406], [17.53828849, 59.84253088], [17.53820663, 59.84287081], [17.53819348, 59.84298613], [17.53797523, 59.84326536], [17.53795738, 59.84328996], [17.53774888, 59.84361599], [17.53758206, 59.84394803], [17.53745738, 59.84428466], [17.53745222, 59.84430191], [17.5374134, 59.8444629], [17.53732813, 59.84463269], [17.5373197, 59.84464956], [17.53719502, 59.84498618], [17.53711314, 59.84532611], [17.53707425, 59.845668], [17.53707248, 59.84568537], [17.53707691, 59.84602777], [17.53712456, 59.84636933], [17.53721533, 59.84670872], [17.53722018, 59.84672596], [17.53735352, 59.84706174], [17.53752903, 59.84739258], [17.53774589, 59.84771723], [17.5377576, 59.84773371], [17.53801511, 59.84805075], [17.53831214, 59.84835885], [17.53864743, 59.84865697], [17.53867403, 59.84867954], [17.53897123, 59.8489085], [17.53900402, 59.84914365], [17.5388005, 59.84940401], [17.53878246, 59.84942807], [17.53857393, 59.8497541], [17.53855834, 59.84978332], [17.53839149, 59.85011537], [17.53829175, 59.85034643], [17.53828369, 59.85036823], [17.53827531, 59.85038779], [17.53826521, 59.85040784], [17.53818646, 59.85058989], [17.53811362, 59.85075854], [17.53798893, 59.85109517], [17.53797868, 59.8511268], [17.53789679, 59.85146673], [17.53789343, 59.8514941], [17.53785454, 59.85183599], [17.53785898, 59.85217839], [17.53786121, 59.85220574], [17.53790888, 59.85254731], [17.53799967, 59.85288669], [17.53800734, 59.85291385], [17.53814071, 59.85324963], [17.53815394, 59.85327632], [17.53832949, 59.85360715], [17.5385464, 59.8539318], [17.53856384, 59.85395581], [17.53860905, 59.85428044], [17.5386134, 59.85430075], [17.53861829, 59.85433595], [17.53861847, 59.8543364], [17.53861951, 59.85434428], [17.53862539, 59.85437507], [17.5387162, 59.85471445], [17.53878838, 59.85496393], [17.53879292, 59.85497525], [17.53879556, 59.85498274], [17.53879915, 59.85499318], [17.53893254, 59.85532896], [17.53902748, 59.8555409], [17.53902922, 59.85554437], [17.53907519, 59.85564318], [17.53925077, 59.85597402], [17.53926763, 59.85600396], [17.53934179, 59.85611714], [17.53934279, 59.85611865], [17.53935044, 59.85613009], [17.53935061, 59.85613035], [17.53956754, 59.856455], [17.53970943, 59.85665867], [17.53971544, 59.85666601], [17.53972363, 59.85667681], [17.53972791, 59.85668274], [17.5399855, 59.85699969], [17.54008352, 59.85711663], [17.5400888, 59.85712219], [17.54006951, 59.85717438], [17.54003862, 59.85726938], [17.53995674, 59.85760931], [17.53991786, 59.8579512], [17.53992233, 59.8582936], [17.53992878, 59.85838985], [17.53997648, 59.85873141], [17.54006732, 59.8590708], [17.54020074, 59.85940657], [17.54024427, 59.85950031], [17.54041988, 59.85983115], [17.54063685, 59.86015579], [17.54089448, 59.86047273], [17.54097335, 59.86056049], [17.54127052, 59.86086859], [17.54160597, 59.86116669], [17.54197841, 59.86145357], [17.54208971, 59.8615319], [17.54209545, 59.86153574], [17.54407025, 59.860804]]]}, "properties": {"deso": "0380C1470", "pop": 2240.0, "income": 358.8, "male_frac": 0.4913, "child_frac": 0.2232, "elder_frac": 0.092, "dependency": 0.4602, "needZ": 0.0382, "needZ_v1": -0.1789, "regso": "0380R050", "higher_ed": 77.5, "neet": 12.6, "income_support": 0.9}}, {"type": "Feature", "geometry": {"type": "Polygon", "coordinates": [[[17.55836247, 59.86317645], [17.55689801, 59.86141154], [17.56849868, 59.85997708], [17.57068299, 59.85970683], [17.56907306, 59.85716435], [17.56888405, 59.85686579], [17.56888205, 59.85686277], [17.56862716, 59.85651376], [17.56858251, 59.85644278], [17.56844143, 59.85625951], [17.56839576, 59.85620004], [17.56787343, 59.85630176], [17.5678714, 59.85630216], [17.56797665, 59.85643906], [17.56780386, 59.85663151], [17.56780291, 59.85663251], [17.5675585, 59.85666189], [17.56687601, 59.85661556], [17.5668571, 59.8566091], [17.5665871, 59.85651664], [17.56592731, 59.85636163], [17.56588276, 59.85635109], [17.56538031, 59.85635352], [17.5653787, 59.85635355], [17.56537975, 59.85637679], [17.56538318, 59.85644239], [17.56538311, 59.85644329], [17.56380292, 59.8565736], [17.563181, 59.85662155], [17.56227858, 59.85669112], [17.56097509, 59.85679661], [17.55917978, 59.85694515], [17.55904424, 59.85695785], [17.55898195, 59.85696373], [17.55883238, 59.8566731], [17.55883394, 59.85667235], [17.55883393, 59.85667217], [17.55882831, 59.85666617], [17.55870392, 59.85645024], [17.55858998, 59.85630326], [17.55846409, 59.85616173], [17.55831239, 59.85604449], [17.55816484, 59.85594694], [17.55798367, 59.85583918], [17.55779583, 59.85574223], [17.5576025, 59.8556602], [17.55744138, 59.85560055], [17.55727223, 59.85554761], [17.55708831, 59.85549603], [17.55678674, 59.85542545], [17.55649539, 59.85536905], [17.55633936, 59.85536031], [17.55621323, 59.85533447], [17.55588139, 59.85529358], [17.55562214, 59.85525621], [17.55542608, 59.85522292], [17.55520706, 59.85518011], [17.55499968, 59.85512988], [17.55478339, 59.85507085], [17.55452428, 59.85498534], [17.55448307, 59.85496835], [17.55435989, 59.85491757], [17.55420142, 59.85485786], [17.55408873, 59.85480364], [17.55392763, 59.85472503], [17.55377198, 59.85463284], [17.55359783, 59.8545164], [17.55352413, 59.85445989], [17.55344974, 59.85439622], [17.55332771, 59.85428918], [17.5532501, 59.85420653], [17.55317296, 59.85411272], [17.5531234, 59.85404641], [17.55308196, 59.8539803], [17.55304024, 59.85390476], [17.55299743, 59.85381882], [17.55295739, 59.85370571], [17.55293336, 59.853638], [17.55292828, 59.8535622], [17.55290967, 59.85344031], [17.55291255, 59.85337801], [17.55291544, 59.85330628], [17.55293182, 59.85322027], [17.55265733, 59.85326054], [17.55252355, 59.85325954], [17.55240714, 59.85325856], [17.55217386, 59.85325042], [17.55183806, 59.85322864], [17.55126494, 59.85317086], [17.55072473, 59.85309869], [17.55039997, 59.853044], [17.54987141, 59.85294313], [17.54971019, 59.85269907], [17.54966674, 59.85273359], [17.54932102, 59.85291679], [17.54894209, 59.85322215], [17.54857462, 59.8536004], [17.54792854, 59.85426555], [17.54724368, 59.85497096], [17.54719904, 59.85501682], [17.54614773, 59.85609956], [17.54631078, 59.85620778], [17.54772553, 59.85670954], [17.54824957, 59.85673909], [17.55034891, 59.85704101], [17.55071538, 59.85716478], [17.55160167, 59.857557], [17.55154663, 59.8576248], [17.55085164, 59.85795175], [17.54967527, 59.85839319], [17.54829094, 59.85898119], [17.5458995, 59.86005169], [17.54407025, 59.860804], [17.54209545, 59.86153574], [17.54249759, 59.86180624], [17.5429395, 59.86206707], [17.5434133, 59.86231328], [17.54356887, 59.86238689], [17.54362717, 59.86241351], [17.54368798, 59.86244216], [17.54419197, 59.86267278], [17.54472416, 59.86288686], [17.54528229, 59.86308365], [17.54546216, 59.86313972], [17.54602312, 59.86331184], [17.5465693, 59.86350436], [17.54715124, 59.86368289], [17.54719793, 59.86369627], [17.54780111, 59.86385588], [17.54842344, 59.86399599], [17.54847245, 59.86400699], [17.5491112, 59.86412702], [17.54916223, 59.86413546], [17.54981474, 59.86423492], [17.55047861, 59.86431341], [17.55053105, 59.86431922], [17.55085132, 59.86434643], [17.55142573, 59.86443392], [17.55150737, 59.86444392], [17.55164598, 59.86446504], [17.55165832, 59.86446651], [17.55167978, 59.86446977], [17.5517577, 59.8644794], [17.55190019, 59.86450107], [17.55191179, 59.86450246], [17.55193384, 59.86450581], [17.55200657, 59.86451481], [17.55215471, 59.86453736], [17.55216037, 59.86453806], [17.55218824, 59.86454228], [17.55239197, 59.86456734], [17.55305585, 59.86464582], [17.55327692, 59.86466452], [17.5533129, 59.86466886], [17.55398531, 59.86472596], [17.55408944, 59.86473346], [17.55476786, 59.86476907], [17.55497725, 59.86477372], [17.55565872, 59.86478762], [17.5563406, 59.86477986], [17.55639228, 59.8647776], [17.55687458, 59.8647721], [17.55755404, 59.86474255], [17.55805228, 59.86470485], [17.55846764, 59.86479827], [17.55910646, 59.86491825], [17.55975901, 59.86501766], [17.55990534, 59.86503565], [17.55836247, 59.86317645]]]}, "properties": {"deso": "0380C1570", "pop": 825.0, "income": 358.8, "male_frac": 0.5061, "child_frac": 0.1806, "elder_frac": 0.1648, "dependency": 0.5278, "needZ": 0.0941, "needZ_v1": -0.0484, "regso": "0380R050", "higher_ed": 77.5, "neet": 12.6, "income_support": 0.9}}, {"type": "Feature", "geometry": {"type": "Polygon", "coordinates": [[[17.61094077, 59.86401576], [17.61150082, 59.86370195], [17.61175597, 59.86357832], [17.61175824, 59.8635772], [17.61196301, 59.86347792], [17.61240538, 59.86332974], [17.61260546, 59.86327394], [17.61261483, 59.86327133], [17.61281836, 59.86321448], [17.61430941, 59.8629375], [17.61431386, 59.86293607], [17.61327893, 59.86251954], [17.61065318, 59.86133802], [17.61291368, 59.86004436], [17.61360343, 59.85967273], [17.61511019, 59.85891515], [17.61510602, 59.85891272], [17.61462832, 59.85868121], [17.61433987, 59.85851897], [17.6138488, 59.85822018], [17.61324499, 59.85783597], [17.61275446, 59.85749881], [17.61231096, 59.85719404], [17.6123032, 59.8571871], [17.61034481, 59.85890366], [17.60990616, 59.85929976], [17.60970488, 59.85946777], [17.60861727, 59.86037901], [17.60828388, 59.86067709], [17.6082477, 59.86069838], [17.60734752, 59.86146677], [17.60653384, 59.8619425], [17.60658339, 59.86196389], [17.6107338, 59.86416214], [17.61094077, 59.86401576]]]}, "properties": {"deso": "0380C1620", "pop": 1140.0, "income": 396.2, "male_frac": 0.4798, "child_frac": 0.1193, "elder_frac": 0.1851, "dependency": 0.4376, "needZ": -0.6146, "needZ_v1": -0.5278, "regso": "0380R014", "higher_ed": 87.5, "neet": 8.6, "income_support": 0.1}}, {"type": "Feature", "geometry": {"type": "Polygon", "coordinates": [[[17.63088858, 59.86348963], [17.63117419, 59.8629377], [17.63133513, 59.86250639], [17.63151197, 59.8618961], [17.63204908, 59.86100806], [17.63215612, 59.86085097], [17.63235249, 59.86062213], [17.6330302, 59.86000765], [17.63312675, 59.85995084], [17.63312886, 59.85994963], [17.63295249, 59.85986127], [17.63295384, 59.85985037], [17.63190917, 59.85938326], [17.62850129, 59.86057423], [17.6283396, 59.86059902], [17.62715062, 59.86125565], [17.62610977, 59.86183942], [17.63059397, 59.86389801], [17.63088858, 59.86348963]]]}, "properties": {"deso": "0380C1670", "pop": 1200.0, "income": 384.2, "male_frac": 0.4707, "child_frac": 0.0567, "elder_frac": 0.3258, "dependency": 0.6194, "needZ": -0.5459, "needZ_v1": -0.0785, "regso": "0380R005", "higher_ed": 96.7, "neet": 9.3, "income_support": 0.1}}, {"type": "Feature", "geometry": {"type": "Polygon", "coordinates": [[[17.63710219, 59.86416455], [17.63718616, 59.86406981], [17.63769192, 59.86369481], [17.63805447, 59.86347395], [17.63921142, 59.86282738], [17.63926897, 59.86279524], [17.63929718, 59.86277949], [17.63916779, 59.86271741], [17.63762718, 59.86199252], [17.6364447, 59.86140693], [17.63569542, 59.86108519], [17.63380252, 59.86023392], [17.63315892, 59.85996466], [17.63312886, 59.85994963], [17.63312675, 59.85995084], [17.6330302, 59.86000765], [17.63235249, 59.86062213], [17.63215612, 59.86085097], [17.63204908, 59.86100806], [17.63151197, 59.8618961], [17.63184995, 59.86205174], [17.63214385, 59.86218635], [17.6323713, 59.86228725], [17.63308766, 59.86261183], [17.6342023, 59.86309802], [17.63418546, 59.86310851], [17.63436054, 59.86318782], [17.6343825, 59.86317489], [17.63483957, 59.86337575], [17.63511584, 59.86350146], [17.63522789, 59.86355284], [17.63633388, 59.86405544], [17.63695721, 59.86429446], [17.63695737, 59.86429455], [17.63710219, 59.86416455]]]}, "properties": {"deso": "0380C1690", "pop": 796.0, "income": 380.1, "male_frac": 0.4831, "child_frac": 0.0616, "elder_frac": 0.3254, "dependency": 0.6311, "needZ": 0.1249, "needZ_v1": -0.0224, "regso": "0380R034", "higher_ed": 82.4, "neet": 17.2, "income_support": 0.4}}, {"type": "Feature", "geometry": {"type": "Polygon", "coordinates": [[[17.65145699, 59.86430888], [17.65148373, 59.86428948], [17.65154063, 59.86425672], [17.65160614, 59.8642192], [17.65183762, 59.86408303], [17.65234806, 59.863804], [17.65271291, 59.86356131], [17.6529754, 59.86336712], [17.65304092, 59.86332241], [17.65348808, 59.86302219], [17.65378552, 59.86282487], [17.65411195, 59.86259579], [17.65545797, 59.86167382], [17.6554507, 59.86167127], [17.65505805, 59.86156098], [17.65256732, 59.86070407], [17.65220724, 59.86058269], [17.65102584, 59.86120661], [17.65095606, 59.86124601], [17.65063125, 59.86116793], [17.65004597, 59.86090243], [17.64731501, 59.86236268], [17.64730522, 59.86235811], [17.6472492, 59.86238717], [17.64735927, 59.86245062], [17.64750345, 59.86253368], [17.64762913, 59.86261739], [17.64841902, 59.86297364], [17.64880064, 59.86314525], [17.64924804, 59.8633476], [17.64940008, 59.86341631], [17.65140632, 59.86434035], [17.65145699, 59.86430888]]]}, "properties": {"deso": "0380C1720", "pop": 1439.0, "income": 362.4, "male_frac": 0.4631, "child_frac": 0.0764, "elder_frac": 0.1807, "dependency": 0.3461, "needZ": -0.3132, "needZ_v1": -0.4287, "regso": "0380R039", "higher_ed": 77.1, "neet": 9.4, "income_support": 0.3}}, {"type": "Feature", "geometry": {"type": "Polygon", "coordinates": [[[17.63016569, 59.86430188], [17.63059397, 59.86389801], [17.62610977, 59.86183942], [17.6250752, 59.86241732], [17.62407481, 59.86295088], [17.62402552, 59.86297961], [17.62402326, 59.86298083], [17.62423842, 59.86307561], [17.62653787, 59.86411257], [17.62661378, 59.8641468], [17.62783004, 59.8646462], [17.62807447, 59.86471021], [17.62820383, 59.86474033], [17.62832389, 59.86476829], [17.62859711, 59.86481826], [17.62887473, 59.8648622], [17.62932534, 59.86491797], [17.63016569, 59.86430188]]]}, "properties": {"deso": "0380C1730", "pop": 1220.0, "income": 384.2, "male_frac": 0.4493, "child_frac": 0.0582, "elder_frac": 0.1598, "dependency": 0.2788, "needZ": -0.8279, "needZ_v1": -0.7366, "regso": "0380R005", "higher_ed": 96.7, "neet": 9.3, "income_support": 0.1}}, {"type": "Feature", "geometry": {"type": "Polygon", "coordinates": [[[17.63656302, 59.86470378], [17.63687279, 59.86437053], [17.63695737, 59.86429455], [17.63695721, 59.86429446], [17.63633388, 59.86405544], [17.63522789, 59.86355284], [17.63511584, 59.86350146], [17.63483957, 59.86337575], [17.6343825, 59.86317489], [17.63436054, 59.86318782], [17.63418546, 59.86310851], [17.6342023, 59.86309802], [17.63308766, 59.86261183], [17.6323713, 59.86228725], [17.63214385, 59.86218635], [17.63184995, 59.86205174], [17.63151197, 59.8618961], [17.63133513, 59.86250639], [17.63117419, 59.8629377], [17.63088858, 59.86348963], [17.63059397, 59.86389801], [17.63016569, 59.86430188], [17.62932534, 59.86491797], [17.63028914, 59.86496393], [17.63051147, 59.86496622], [17.63094244, 59.86498222], [17.63167298, 59.86501415], [17.63189064, 59.86503009], [17.63202329, 59.86503651], [17.6322948, 59.865046], [17.63296413, 59.86509369], [17.6337629, 59.86515757], [17.63551051, 59.86525301], [17.63591235, 59.86527497], [17.63591445, 59.86526613], [17.63594104, 59.86526892], [17.63618987, 59.86529519], [17.63656302, 59.86470378]]]}, "properties": {"deso": "0380C1770", "pop": 947.0, "income": 380.1, "male_frac": 0.456, "child_frac": 0.0771, "elder_frac": 0.301, "dependency": 0.6078, "needZ": 0.1056, "needZ_v1": -0.0675, "regso": "0380R034", "higher_ed": 82.4, "neet": 17.2, "income_support": 0.4}}, {"type": "Feature", "geometry": {"type": "Polygon", "coordinates": [[[17.60977168, 59.86553143], [17.61031584, 59.86460877], [17.6107338, 59.86416214], [17.60658339, 59.86196389], [17.60653384, 59.8619425], [17.60645487, 59.86190832], [17.60632567, 59.86198714], [17.60548254, 59.86165954], [17.60383704, 59.86257047], [17.60373775, 59.86262677], [17.60368317, 59.86265785], [17.60321451, 59.86292402], [17.60301759, 59.86305627], [17.60279981, 59.86323438], [17.60263972, 59.86339302], [17.60248428, 59.86354143], [17.60235792, 59.86370956], [17.60224365, 59.86389658], [17.60214282, 59.86406717], [17.6020777, 59.86424981], [17.60202395, 59.86443294], [17.60198899, 59.86463394], [17.60199557, 59.86490669], [17.60201193, 59.86504244], [17.60201085, 59.86551116], [17.60230906, 59.86547607], [17.60236044, 59.86547002], [17.60237796, 59.86546797], [17.60275298, 59.86541843], [17.60308849, 59.86537425], [17.60364241, 59.86529746], [17.60428419, 59.86520814], [17.60443054, 59.86517893], [17.60451499, 59.8651513], [17.60456333, 59.86511011], [17.60459825, 59.86506316], [17.60496389, 59.8651461], [17.60520112, 59.8652147], [17.60548154, 59.86527975], [17.60581949, 59.86534403], [17.60600034, 59.86537539], [17.60776342, 59.86568072], [17.60811847, 59.86576001], [17.60861685, 59.8659013], [17.60924039, 59.86605108], [17.60926288, 59.86605611], [17.60977168, 59.86553143]]]}, "properties": {"deso": "0380C1740", "pop": 1512.0, "income": 337.6, "male_frac": 0.4434, "child_frac": 0.1045, "elder_frac": 0.2183, "dependency": 0.4766, "needZ": -0.0316, "needZ_v1": 0.0256, "regso": "0380R018", "higher_ed": 78.8, "neet": 9.8, "income_support": 0.8}}, {"type": "Feature", "geometry": {"type": "Polygon", "coordinates": [[[17.44431655, 59.86855118], [17.44499621, 59.8685223], [17.44504706, 59.86851866], [17.44572175, 59.86846814], [17.44638867, 59.86839629], [17.44643861, 59.86839024], [17.44709514, 59.86829721], [17.44714372, 59.86828876], [17.44778709, 59.86817513], [17.44841482, 59.86804113], [17.44846161, 59.86803038], [17.44907123, 59.86787668], [17.44911566, 59.86786382], [17.44970458, 59.8676911], [17.45027048, 59.86749986], [17.45031224, 59.8674848], [17.45085283, 59.86727606], [17.4508915, 59.86725909], [17.45140462, 59.86703343], [17.45188828, 59.86679198], [17.45192373, 59.86677327], [17.45237579, 59.86651686], [17.45279456, 59.86624653], [17.45282606, 59.86622618], [17.45320986, 59.8659432], [17.45323742, 59.8659214], [17.4535847, 59.86562662], [17.45389409, 59.86532149], [17.45391743, 59.86529842], [17.45418753, 59.86498397], [17.45420624, 59.86496], [17.45435644, 59.86474954], [17.45465564, 59.8644543], [17.45467676, 59.86443298], [17.4547187, 59.86438648], [17.45498878, 59.86407203], [17.4550069, 59.86405004], [17.45504255, 59.86400222], [17.45527243, 59.8636799], [17.45528771, 59.86365734], [17.4552948, 59.86364562], [17.45531697, 59.86360865], [17.45550568, 59.86327954], [17.45551797, 59.86325641], [17.45554082, 59.86320667], [17.45568761, 59.86287233], [17.45569678, 59.8628489], [17.45571332, 59.86279757], [17.45571607, 59.86278881], [17.45582028, 59.86245041], [17.45585085, 59.86233757], [17.45585348, 59.86232935], [17.45585757, 59.86231283], [17.45585935, 59.86230714], [17.45591674, 59.86209671], [17.45592589, 59.86206294], [17.45598705, 59.86172194], [17.45599243, 59.86169112], [17.45601049, 59.86134876], [17.45600986, 59.86132227], [17.45600623, 59.86127303], [17.45601035, 59.86127098], [17.45649389, 59.86102951], [17.45694584, 59.86077309], [17.45697858, 59.86075371], [17.45739724, 59.86048336], [17.45742605, 59.86046252], [17.45780974, 59.86017953], [17.45815692, 59.85988473], [17.4581818, 59.85986262], [17.45849109, 59.85955749], [17.45851162, 59.85953429], [17.45878163, 59.85921983], [17.45901144, 59.85889749], [17.45902763, 59.85887339], [17.45921629, 59.85854427], [17.45922786, 59.85851954], [17.4593746, 59.85818519], [17.45947877, 59.85784679], [17.4594856, 59.8578216], [17.45954671, 59.85748059], [17.45954909, 59.857451], [17.45956711, 59.85710864], [17.45956477, 59.85689348], [17.45953951, 59.85655139], [17.45953582, 59.85651939], [17.45946736, 59.85617865], [17.45945873, 59.8561515], [17.45934749, 59.85581371], [17.45919372, 59.85548013], [17.45917968, 59.85545363], [17.45898406, 59.85512567], [17.45874742, 59.85480451], [17.458728, 59.85477882], [17.45845133, 59.85446595], [17.45842685, 59.85444144], [17.45816849, 59.85419298], [17.45820896, 59.85396723], [17.45821495, 59.85387074], [17.45823297, 59.85352838], [17.45820773, 59.85318629], [17.45813929, 59.85284554], [17.45802808, 59.85250775], [17.45799376, 59.85240375], [17.45784001, 59.85207017], [17.45776606, 59.85193206], [17.45758006, 59.85158633], [17.45738448, 59.85125837], [17.45714788, 59.8509372], [17.45707362, 59.85083871], [17.456797, 59.85052583], [17.45648147, 59.8502223], [17.45612817, 59.84992953], [17.45602658, 59.84984772], [17.45563704, 59.84956668], [17.45521285, 59.84929876], [17.45475568, 59.84904475], [17.45462417, 59.84897445], [17.45413588, 59.84873557], [17.4536183, 59.84851278], [17.4530737, 59.84830683], [17.45291764, 59.84825073], [17.45234816, 59.84806266], [17.45175604, 59.84789298], [17.45114371, 59.84774263], [17.45096898, 59.84770295], [17.45033882, 59.84757232], [17.44969352, 59.847462], [17.44903563, 59.84737258], [17.44884867, 59.84735073], [17.44818069, 59.84728232], [17.44750547, 59.84723542], [17.44682565, 59.84721007], [17.44663403, 59.84720698], [17.44595242, 59.84720339], [17.44527181, 59.84722143], [17.44459471, 59.84726113], [17.44438809, 59.84727835], [17.44371742, 59.84733958], [17.44305581, 59.8474221], [17.44295654, 59.84743553], [17.44292213, 59.84744021], [17.44227221, 59.84754352], [17.44207664, 59.84758092], [17.44144117, 59.8477048], [17.44082247, 59.84784867], [17.4402233, 59.84801193], [17.44006068, 59.84806309], [17.43963587, 59.84819698], [17.43961263, 59.84820333], [17.43903513, 59.84838532], [17.43885943, 59.84844282], [17.43830621, 59.84864286], [17.43777928, 59.84886018], [17.43728077, 59.84909378], [17.43727594, 59.84909611], [17.43724413, 59.84910613], [17.43706782, 59.84916347], [17.43651458, 59.84936349], [17.436484, 59.84937609], [17.43615501, 59.84946374], [17.43555578, 59.84962698], [17.43554325, 59.84963071], [17.43552407, 59.84963619], [17.43551743, 59.8496381], [17.43551297, 59.84963945], [17.43493542, 59.84982141], [17.43492493, 59.84982493], [17.43491762, 59.84982758], [17.43490283, 59.84983279], [17.43489034, 59.84983715], [17.43444466, 59.84999827], [17.43389276, 59.84999536], [17.43370067, 59.84999801], [17.43301999, 59.85001599], [17.43234281, 59.85005563], [17.43167206, 59.85011679], [17.43148471, 59.85013813], [17.43082302, 59.85022059], [17.430173, 59.85032384], [17.42953743, 59.85044767], [17.42936215, 59.8504871], [17.42874335, 59.85063091], [17.42814406, 59.85079411], [17.42756646, 59.85097605], [17.42739524, 59.85103696], [17.42684191, 59.85123694], [17.42631486, 59.85145422], [17.4262368, 59.85148827], [17.4259556, 59.85158982], [17.42588288, 59.85161631], [17.42544518, 59.85171806], [17.42484586, 59.85188125], [17.42426821, 59.85206317], [17.42371485, 59.85226314], [17.42354501, 59.85232492], [17.42347939, 59.85235199], [17.42337919, 59.85236111], [17.4229273, 59.85238748], [17.42287586, 59.85239077], [17.42220504, 59.85245188], [17.42215437, 59.85245767], [17.4214926, 59.85254008], [17.42084251, 59.85264329], [17.42079319, 59.85265147], [17.42015754, 59.85277525], [17.42011001, 59.85278582], [17.41949113, 59.85292959], [17.41889175, 59.85309275], [17.41884645, 59.85310562], [17.41826875, 59.85328752], [17.41822626, 59.85330249], [17.41767283, 59.85350244], [17.41714569, 59.85371968], [17.41710628, 59.85373666], [17.41660755, 59.85397018], [17.41657151, 59.85398898], [17.41610335, 59.85423792], [17.41566758, 59.85450127], [17.41563535, 59.8545218], [17.41523368, 59.85479853], [17.41520552, 59.85482042], [17.41483949, 59.85510943], [17.4148127, 59.8551339], [17.41443864, 59.85539153], [17.41407259, 59.85568053], [17.41404351, 59.85570388], [17.41371477, 59.85600387], [17.4136905, 59.85602866], [17.41340032, 59.85633855], [17.41314993, 59.85665695], [17.41312782, 59.85668718], [17.41291801, 59.85701301], [17.41290113, 59.85704018], [17.41270602, 59.85717452], [17.41267103, 59.85719969], [17.41230494, 59.8574886], [17.41228446, 59.85750478], [17.4122554, 59.85753055], [17.41192663, 59.85783054], [17.41163642, 59.85814042], [17.41161571, 59.85816353], [17.41136528, 59.85848193], [17.41134625, 59.85850994], [17.41113642, 59.85883577], [17.41112204, 59.85886092], [17.41095386, 59.85919272], [17.41094256, 59.85921565], [17.41081656, 59.85955225], [17.41080867, 59.85957548], [17.41079484, 59.85962855], [17.41071164, 59.8599684], [17.41070647, 59.86000083], [17.41066626, 59.8603426], [17.4106694, 59.86068501], [17.41067083, 59.86071292], [17.41071721, 59.86105453], [17.41072421, 59.86108216], [17.41081374, 59.86142164], [17.41094587, 59.86175747], [17.41095858, 59.86178454], [17.41113293, 59.86211564], [17.41134866, 59.86244041], [17.41136691, 59.86246675], [17.41162334, 59.86278404], [17.41164682, 59.8628093], [17.41194268, 59.8631177], [17.412277, 59.86341614], [17.41230568, 59.86343995], [17.41267704, 59.86372711], [17.41308404, 59.86400186], [17.41312289, 59.86402782], [17.41367264, 59.8643576], [17.41411343, 59.86461879], [17.41415498, 59.86464129], [17.41462787, 59.86488796], [17.41513102, 59.86511908], [17.41517014, 59.8651366], [17.41570156, 59.86535121], [17.41574393, 59.86536669], [17.41630135, 59.86556402], [17.41688249, 59.86574314], [17.4169275, 59.86575641], [17.41753026, 59.86591662], [17.41757791, 59.86592769], [17.41819959, 59.86606843], [17.41883793, 59.86618909], [17.41888732, 59.8661977], [17.41953949, 59.86629781], [17.41959032, 59.86630406], [17.42025394, 59.86638312], [17.42053647, 59.86640747], [17.42072773, 59.8664953], [17.4207677, 59.86651226], [17.42129918, 59.86672684], [17.42185665, 59.86692416], [17.42189971, 59.86693899], [17.42248091, 59.86711808], [17.42252662, 59.8671308], [17.42312943, 59.86729099], [17.42375116, 59.86743169], [17.42379905, 59.86744204], [17.42443744, 59.86756267], [17.42448723, 59.86757065], [17.42513945, 59.86767073], [17.4258031, 59.86774976], [17.42585418, 59.86775528], [17.42652645, 59.86781313], [17.42657838, 59.86781612], [17.4272566, 59.86785239], [17.4279381, 59.86786695], [17.42799028, 59.86786734], [17.42867211, 59.86786015], [17.42872425, 59.86785802], [17.42940391, 59.86782923], [17.4300786, 59.86777878], [17.43012997, 59.86777406], [17.43079691, 59.86770229], [17.43145347, 59.86760934], [17.4314628, 59.867608], [17.43192304, 59.86763264], [17.43214523, 59.86763734], [17.43236093, 59.86767808], [17.43301317, 59.86777812], [17.4331991, 59.86780253], [17.43386277, 59.86788151], [17.43453506, 59.86793932], [17.4352133, 59.86797555], [17.43540493, 59.86798126], [17.43608643, 59.86799577], [17.43676826, 59.86798855], [17.43688428, 59.86798361], [17.43719337, 59.86801023], [17.43785075, 59.8680453], [17.43816437, 59.86809338], [17.43826533, 59.86810813], [17.43830055, 59.86811233], [17.43866915, 59.86816882], [17.43877012, 59.86818375], [17.43943381, 59.86826271], [17.43963974, 59.86828251], [17.44031205, 59.86834029], [17.44076549, 59.86836449], [17.44078556, 59.86836699], [17.44144927, 59.86844594], [17.44212158, 59.86850371], [17.44217239, 59.86850752], [17.44285064, 59.86854371], [17.44290201, 59.86854509], [17.44358353, 59.86855957], [17.44426537, 59.86855231], [17.44431655, 59.86855118]]]}, "properties": {"deso": "0380B8010", "pop": 1297.0, "income": 386.9, "male_frac": 0.4805, "child_frac": 0.1912, "elder_frac": 0.2305, "dependency": 0.7293, "needZ": -0.1544, "needZ_v1": 0.1118, "regso": "0380R044", "higher_ed": null, "neet": 9.0, "income_support": 0.2}}, {"type": "Feature", "geometry": {"type": "Polygon", "coordinates": [[[17.67465961, 59.86404888], [17.67513332, 59.8638376], [17.67515641, 59.86382608], [17.67543937, 59.8637049], [17.67579597, 59.86356328], [17.67619985, 59.86343821], [17.67647959, 59.86334296], [17.67682435, 59.86324289], [17.67720556, 59.86313283], [17.67757379, 59.86304998], [17.67771674, 59.86301779], [17.67817654, 59.86292139], [17.67867688, 59.86284744], [17.67921997, 59.862763], [17.67967565, 59.86269246], [17.67971312, 59.86268945], [17.68039183, 59.86263548], [17.68092489, 59.86260406], [17.68143896, 59.86258002], [17.68147683, 59.86257826], [17.68150303, 59.862578], [17.68183961, 59.86257429], [17.68225565, 59.86258961], [17.68228914, 59.86259019], [17.68364298, 59.86276704], [17.68368684, 59.8627904], [17.68427695, 59.86188416], [17.68477535, 59.86123848], [17.68509364, 59.86089667], [17.68575261, 59.86030277], [17.68641113, 59.85977104], [17.68641955, 59.85976405], [17.68673638, 59.85955781], [17.6868705, 59.85943839], [17.68708192, 59.85925298], [17.68481669, 59.85880454], [17.68407132, 59.85869372], [17.68271705, 59.85849856], [17.68127307, 59.85831941], [17.67962459, 59.85816489], [17.67893992, 59.85811424], [17.67598709, 59.8596583], [17.67482601, 59.8602654], [17.67448802, 59.86044213], [17.67438074, 59.86049829], [17.67432533, 59.86052727], [17.67424828, 59.86056755], [17.67417478, 59.86060605], [17.67358885, 59.86091239], [17.67354318, 59.86093623], [17.67265401, 59.86140125], [17.67218114, 59.86164844], [17.67076898, 59.86238671], [17.67066605, 59.86244036], [17.67450193, 59.86411963], [17.67465961, 59.86404888]]]}, "properties": {"deso": "0380C1680", "pop": 1421.0, "income": 319.3, "male_frac": 0.4919, "child_frac": 0.1429, "elder_frac": 0.1626, "dependency": 0.4397, "needZ": 0.1205, "needZ_v1": 0.1037, "regso": "0380R031", "higher_ed": 69.0, "neet": 9.4, "income_support": 0.6}}, {"type": "Feature", "geometry": {"type": "Polygon", "coordinates": [[[17.61990002, 59.8652672], [17.62381265, 59.8630841], [17.62384607, 59.86307822], [17.62402326, 59.86298083], [17.62400906, 59.86297455], [17.62401132, 59.86297334], [17.62385991, 59.86290621], [17.62385903, 59.86290434], [17.62275055, 59.86240285], [17.621119, 59.86166475], [17.62083886, 59.86153587], [17.62051317, 59.86138597], [17.61991379, 59.86111029], [17.61937921, 59.86086439], [17.61787948, 59.86171871], [17.61652273, 59.86230357], [17.61532624, 59.86270326], [17.6147591, 59.86283408], [17.61431415, 59.86293597], [17.61431386, 59.86293607], [17.61431435, 59.8629366], [17.61465012, 59.86308379], [17.6150077, 59.86324053], [17.61663676, 59.86393069], [17.61813835, 59.86459516], [17.61973529, 59.86531162], [17.6198094, 59.86534365], [17.61990002, 59.8652672]]]}, "properties": {"deso": "0380C1710", "pop": 1384.0, "income": 377.3, "male_frac": 0.4487, "child_frac": 0.0867, "elder_frac": 0.2688, "dependency": 0.5516, "needZ": -0.5247, "needZ_v1": -0.1533, "regso": "0380R029", "higher_ed": 91.4, "neet": 8.4, "income_support": 0.1}}, {"type": "Feature", "geometry": {"type": "Polygon", "coordinates": [[[17.57329591, 59.86887367], [17.57631434, 59.86863024], [17.57986193, 59.86836047], [17.57988843, 59.86837549], [17.57992697, 59.86838416], [17.58022636, 59.86827428], [17.58037865, 59.86822441], [17.58149454, 59.86813589], [17.58206527, 59.86810359], [17.5821659, 59.86809811], [17.58296287, 59.86806901], [17.58352229, 59.8680486], [17.58787557, 59.86799427], [17.58969199, 59.86797059], [17.58977594, 59.86797028], [17.58983071, 59.86796984], [17.59190888, 59.86795526], [17.59322144, 59.86792204], [17.59325908, 59.86792112], [17.5956066, 59.86788241], [17.59583199, 59.86787284], [17.59615457, 59.86785885], [17.596227, 59.86795452], [17.59631486, 59.86807045], [17.59646646, 59.86806863], [17.5966757, 59.8680107], [17.59779157, 59.86795267], [17.59799269, 59.86801157], [17.59839368, 59.86793944], [17.59882192, 59.86791464], [17.59931717, 59.86787809], [17.59937669, 59.86785366], [17.59939506, 59.86783048], [17.59941529, 59.86781786], [17.60241509, 59.86767866], [17.60365443, 59.8676211], [17.6037787, 59.86761451], [17.60442689, 59.86758031], [17.60495653, 59.86755232], [17.60507404, 59.86754604], [17.60517413, 59.86754118], [17.60576691, 59.86751239], [17.60622643, 59.86749009], [17.60736353, 59.86743461], [17.60757987, 59.8674243], [17.60764753, 59.86742099], [17.60785225, 59.86741091], [17.60785293, 59.86741018], [17.60785352, 59.86741017], [17.60801041, 59.86735182], [17.60923235, 59.86608761], [17.60926288, 59.86605611], [17.60924039, 59.86605108], [17.60861685, 59.8659013], [17.60811847, 59.86576001], [17.60776342, 59.86568072], [17.60600034, 59.86537539], [17.60581949, 59.86534403], [17.60548154, 59.86527975], [17.60520112, 59.8652147], [17.60496389, 59.8651461], [17.60459825, 59.86506316], [17.60456333, 59.86511011], [17.60451499, 59.8651513], [17.60443054, 59.86517893], [17.60428419, 59.86520814], [17.60364241, 59.86529746], [17.60308849, 59.86537425], [17.60275298, 59.86541843], [17.60237796, 59.86546797], [17.60236044, 59.86547002], [17.60230906, 59.86547607], [17.60201085, 59.86551116], [17.60201193, 59.86504244], [17.60199557, 59.86490669], [17.60198899, 59.86463394], [17.60202395, 59.86443294], [17.6020777, 59.86424981], [17.60214282, 59.86406717], [17.60224365, 59.86389658], [17.60235792, 59.86370956], [17.60248428, 59.86354143], [17.60263972, 59.86339302], [17.60279981, 59.86323438], [17.60301759, 59.86305627], [17.60321451, 59.86292402], [17.60368317, 59.86265785], [17.60373775, 59.86262677], [17.60383704, 59.86257047], [17.60548254, 59.86165954], [17.60581094, 59.86146477], [17.60590831, 59.86137643], [17.60595239, 59.86133559], [17.60639602, 59.86093258], [17.60652109, 59.86083121], [17.60666569, 59.86067457], [17.60667113, 59.8606688], [17.60667685, 59.86066087], [17.60676226, 59.86054403], [17.60689446, 59.86032683], [17.60708223, 59.85998223], [17.60710563, 59.85991233], [17.60718963, 59.85966276], [17.60729416, 59.85937056], [17.60739943, 59.85907665], [17.60742664, 59.85900093], [17.60746723, 59.8588873], [17.60748404, 59.85884053], [17.60660123, 59.85862421], [17.60653696, 59.85860842], [17.60595779, 59.85846656], [17.6040344, 59.85799506], [17.60350569, 59.8578654], [17.60348032, 59.85785925], [17.60344143, 59.85784969], [17.60332851, 59.85782201], [17.60327159, 59.85780796], [17.60304032, 59.85775082], [17.6029358, 59.85772505], [17.60045221, 59.85711152], [17.59896282, 59.85674347], [17.59597602, 59.85600542], [17.59580799, 59.85596383], [17.59432651, 59.85559773], [17.59382513, 59.85547377], [17.59313715, 59.85529484], [17.59285874, 59.85480765], [17.59241635, 59.85435343], [17.59199007, 59.85399831], [17.59196287, 59.85398367], [17.59141085, 59.85371564], [17.59079883, 59.85396733], [17.59076534, 59.85399494], [17.58528457, 59.85610241], [17.58185159, 59.85558793], [17.57987994, 59.8555532], [17.57959183, 59.85551816], [17.57712852, 59.85544237], [17.57708859, 59.85538692], [17.57675302, 59.85545224], [17.57340719, 59.85652603], [17.57037418, 59.85669442], [17.56914106, 59.85683356], [17.56888205, 59.85686277], [17.56888405, 59.85686579], [17.56907306, 59.85716435], [17.57068299, 59.85970683], [17.56849868, 59.85997708], [17.55689801, 59.86141154], [17.55836247, 59.86317645], [17.55990534, 59.86503565], [17.5599452, 59.86504054], [17.56060911, 59.86511897], [17.56128154, 59.86517604], [17.56195998, 59.86521162], [17.56216923, 59.86521635], [17.56285071, 59.86523021], [17.56353259, 59.86522241], [17.56361918, 59.86522], [17.56368562, 59.86521817], [17.56372359, 59.86521779], [17.56380591, 59.86521547], [17.5638363, 59.86521416], [17.5638926, 59.86521261], [17.56400858, 59.86520757], [17.56410926, 59.86520642], [17.56417864, 59.86520453], [17.56428435, 59.86519995], [17.56440018, 59.8651986], [17.56448705, 59.86519619], [17.56462449, 59.86519234], [17.56530395, 59.86516276], [17.56547955, 59.86514945], [17.56553352, 59.86517113], [17.56558062, 59.8651879], [17.56613891, 59.8653846], [17.56672099, 59.86556304], [17.56677971, 59.8655795], [17.56738302, 59.86573903], [17.57092944, 59.86661141], [17.570927, 59.86661802], [17.57091722, 59.86664587], [17.57083564, 59.86698582], [17.57083177, 59.86701401], [17.57079321, 59.8673559], [17.57079799, 59.8676983], [17.57080039, 59.86773122], [17.57084842, 59.86807277], [17.57086995, 59.86819513], [17.57088913, 59.86826607], [17.57088961, 59.86831044], [17.57089249, 59.86833634], [17.57094053, 59.86867789], [17.57103171, 59.86901725], [17.57103957, 59.86904278], [17.57104726, 59.86906221], [17.57329591, 59.86887367]]]}, "properties": {"deso": "0380C1630", "pop": 2125.0, "income": 337.6, "male_frac": 0.476, "child_frac": 0.184, "elder_frac": 0.1628, "dependency": 0.531, "needZ": 0.0135, "needZ_v1": 0.1307, "regso": "0380R018", "higher_ed": 78.8, "neet": 9.8, "income_support": 0.8}}, {"type": "Feature", "geometry": {"type": "Polygon", "coordinates": [[[17.6769569, 59.86706251], [17.67712723, 59.86596732], [17.67526162, 59.86534072], [17.67528669, 59.86519263], [17.6753331, 59.86492868], [17.67533144, 59.86492818], [17.67470798, 59.86473901], [17.67433971, 59.86462729], [17.67397087, 59.86456167], [17.6733818, 59.86513261], [17.67317888, 59.86536112], [17.67309548, 59.8654397], [17.67306591, 59.8656274], [17.67311629, 59.86578151], [17.67319627, 59.86587671], [17.67318509, 59.86587326], [17.67319919, 59.86587998], [17.67317593, 59.86595914], [17.67313511, 59.86609839], [17.67329026, 59.86692602], [17.67329443, 59.86696151], [17.67317127, 59.86706057], [17.67445059, 59.86704177], [17.67445819, 59.86717124], [17.67516158, 59.86716287], [17.67515831, 59.86705623], [17.67651412, 59.86711113], [17.67660871, 59.86711666], [17.67674002, 59.86713007], [17.67686775, 59.8671502], [17.67699097, 59.86717653], [17.6769569, 59.86706251]]]}, "properties": {"deso": "0380C1850", "pop": 826.0, "income": 278.5, "male_frac": 0.447, "child_frac": 0.1404, "elder_frac": 0.2567, "dependency": 0.6586, "needZ": 1.1381, "needZ_v1": 0.8595, "regso": "0380R015", "higher_ed": 67.7, "neet": 18.2, "income_support": 2.1}}, {"type": "Feature", "geometry": {"type": "Polygon", "coordinates": [[[17.68061057, 59.86744726], [17.68092873, 59.86676045], [17.68118525, 59.86623586], [17.68151048, 59.86571041], [17.68197455, 59.86503939], [17.68223489, 59.86469069], [17.68232226, 59.86456647], [17.68316395, 59.86346172], [17.68368684, 59.8627904], [17.68364298, 59.86276704], [17.68228914, 59.86259019], [17.68225565, 59.86258961], [17.68183961, 59.86257429], [17.68150303, 59.862578], [17.68147683, 59.86257826], [17.68143896, 59.86258002], [17.68092489, 59.86260406], [17.68039183, 59.86263548], [17.67971312, 59.86268945], [17.67967565, 59.86269246], [17.67921997, 59.862763], [17.67867688, 59.86284744], [17.67817654, 59.86292139], [17.67771674, 59.86301779], [17.67757379, 59.86304998], [17.67720556, 59.86313283], [17.67682435, 59.86324289], [17.67647959, 59.86334296], [17.67619985, 59.86343821], [17.67579597, 59.86356328], [17.67543937, 59.8637049], [17.67515641, 59.86382608], [17.67513332, 59.8638376], [17.67465961, 59.86404888], [17.67450193, 59.86411963], [17.67425877, 59.86432758], [17.67397087, 59.86456167], [17.67433971, 59.86462729], [17.67470798, 59.86473901], [17.67533144, 59.86492818], [17.6753331, 59.86492868], [17.67528669, 59.86519263], [17.67526162, 59.86534072], [17.67712723, 59.86596732], [17.6769569, 59.86706251], [17.67734499, 59.86718208], [17.67752243, 59.86723776], [17.68028133, 59.86747148], [17.68058756, 59.86750001], [17.68061057, 59.86744726]]]}, "properties": {"deso": "0380C1830", "pop": 2387.0, "income": 319.3, "male_frac": 0.491, "child_frac": 0.1244, "elder_frac": 0.1458, "dependency": 0.3703, "needZ": 0.063, "needZ_v1": -0.0305, "regso": "0380R031", "higher_ed": 69.0, "neet": 9.4, "income_support": 0.6}}, {"type": "Feature", "geometry": {"type": "Polygon", "coordinates": [[[17.64429809, 59.86828233], [17.64534794, 59.86769275], [17.64628058, 59.86718222], [17.64753154, 59.8664974], [17.64841484, 59.86601372], [17.64842453, 59.86601882], [17.65008904, 59.86508385], [17.65134723, 59.86437712], [17.65140211, 59.86434295], [17.65140632, 59.86434035], [17.64940008, 59.86341631], [17.64924804, 59.8633476], [17.64880064, 59.86314525], [17.64841902, 59.86297364], [17.64762913, 59.86261739], [17.64750345, 59.86253368], [17.64735927, 59.86245062], [17.6472492, 59.86238717], [17.64564638, 59.86327102], [17.64547357, 59.8633671], [17.64456327, 59.86386837], [17.64321934, 59.86460452], [17.64189857, 59.86531755], [17.64093844, 59.86588106], [17.64040519, 59.86621207], [17.64067894, 59.86631284], [17.64132203, 59.86663282], [17.64280056, 59.86753138], [17.64422603, 59.86832285], [17.64429809, 59.86828233]]]}, "properties": {"deso": "0380C1800", "pop": 2043.0, "income": 366.8, "male_frac": 0.4722, "child_frac": 0.0798, "elder_frac": 0.1586, "dependency": 0.313, "needZ": -0.6364, "needZ_v1": -0.5287, "regso": "0380R038", "higher_ed": 96.2, "neet": 10.5, "income_support": 0.3}}, {"type": "Feature", "geometry": {"type": "Polygon", "coordinates": [[[17.65980708, 59.86811605], [17.65986153, 59.86808765], [17.66031125, 59.86785265], [17.66207882, 59.86692901], [17.66344087, 59.86621709], [17.66379537, 59.86603179], [17.66403307, 59.86590761], [17.66425352, 59.86579239], [17.664331, 59.86575184], [17.66439181, 59.86572007], [17.66443536, 59.86569736], [17.66441881, 59.86569114], [17.66433206, 59.86565822], [17.66345592, 59.86531153], [17.66305396, 59.86514658], [17.66264394, 59.864971], [17.66234122, 59.86485137], [17.66194283, 59.8647493], [17.66093959, 59.86451107], [17.66009033, 59.86430071], [17.65949079, 59.86415338], [17.65838724, 59.86389066], [17.65767324, 59.86373208], [17.65704738, 59.86358132], [17.65632338, 59.86341341], [17.65562955, 59.86325809], [17.6549625, 59.86310232], [17.65474394, 59.86305481], [17.65423707, 59.86293649], [17.65378552, 59.86282487], [17.65348808, 59.86302219], [17.65304092, 59.86332241], [17.6529754, 59.86336712], [17.65271291, 59.86356131], [17.65234806, 59.863804], [17.65183762, 59.86408303], [17.65160614, 59.8642192], [17.65154063, 59.86425672], [17.65148373, 59.86428948], [17.65145699, 59.86430888], [17.65140632, 59.86434035], [17.65140211, 59.86434295], [17.65257856, 59.86488146], [17.65398225, 59.86552389], [17.65517759, 59.86607088], [17.65519487, 59.8660788], [17.65642067, 59.86663972], [17.65657235, 59.86670915], [17.65950609, 59.86805153], [17.65972395, 59.86815986], [17.65980708, 59.86811605]]]}, "properties": {"deso": "0380C1810", "pop": 1463.0, "income": 362.4, "male_frac": 0.4636, "child_frac": 0.123, "elder_frac": 0.1777, "dependency": 0.4301, "needZ": -0.2436, "needZ_v1": -0.2665, "regso": "0380R039", "higher_ed": 77.1, "neet": 9.4, "income_support": 0.3}}, {"type": "Feature", "geometry": {"type": "Polygon", "coordinates": [[[17.66976299, 59.86798702], [17.67014616, 59.86777544], [17.67083409, 59.86738144], [17.67118324, 59.86722156], [17.67119873, 59.86721451], [17.67155538, 59.86710038], [17.67166241, 59.86708662], [17.67189791, 59.86705633], [17.67197359, 59.86704662], [17.67214011, 59.86703992], [17.67240489, 59.86702197], [17.67243792, 59.86702786], [17.67317127, 59.86706057], [17.67329443, 59.86696151], [17.67329026, 59.86692602], [17.67313511, 59.86609839], [17.67317593, 59.86595914], [17.67319919, 59.86587998], [17.67318509, 59.86587326], [17.67319627, 59.86587671], [17.67311629, 59.86578151], [17.67306591, 59.8656274], [17.67309548, 59.8654397], [17.67317888, 59.86536112], [17.6733818, 59.86513261], [17.67397087, 59.86456167], [17.67425877, 59.86432758], [17.67450193, 59.86411963], [17.67066605, 59.86244036], [17.66918217, 59.86321636], [17.66802552, 59.86382106], [17.66449829, 59.86564974], [17.66451105, 59.86565828], [17.66445319, 59.86568811], [17.66443536, 59.86569736], [17.66449994, 59.86572381], [17.66662934, 59.86659466], [17.66847135, 59.86743168], [17.6697359, 59.86800185], [17.66976299, 59.86798702]]]}, "properties": {"deso": "0380C1820", "pop": 1274.0, "income": 319.3, "male_frac": 0.4855, "child_frac": 0.0644, "elder_frac": 0.2214, "dependency": 0.4, "needZ": 0.0876, "needZ_v1": 0.027, "regso": "0380R031", "higher_ed": 69.0, "neet": 9.4, "income_support": 0.6}}, {"type": "Feature", "geometry": {"type": "Polygon", "coordinates": [[[17.63954372, 59.86870236], [17.63957266, 59.86811793], [17.63961025, 59.86736014], [17.63962298, 59.86710263], [17.63977128, 59.8667118], [17.63987169, 59.86655682], [17.64016363, 59.86631661], [17.64034464, 59.86618984], [17.63938501, 59.86583676], [17.63852473, 59.86560681], [17.63765255, 59.86543476], [17.63618987, 59.86529519], [17.63594104, 59.86526892], [17.63591445, 59.86526613], [17.63591235, 59.86527497], [17.63551051, 59.86525301], [17.63548725, 59.86575191], [17.63547741, 59.86764675], [17.63547756, 59.86764675], [17.63546991, 59.86911515], [17.63595686, 59.86911546], [17.63705454, 59.86912007], [17.63736914, 59.86927123], [17.63775971, 59.86927679], [17.63793479, 59.8692775], [17.63892379, 59.86928633], [17.6395145, 59.8692815], [17.63954372, 59.86870236]]]}, "properties": {"deso": "0380C1860", "pop": 1769.0, "income": 381.5, "male_frac": 0.4937, "child_frac": 0.1176, "elder_frac": 0.2397, "dependency": 0.5558, "needZ": -0.3885, "needZ_v1": -0.1793, "regso": "0380R049", "higher_ed": 83.3, "neet": 8.2, "income_support": 0.2}}, {"type": "Feature", "geometry": {"type": "Polygon", "coordinates": [[[17.71696607, 59.86860098], [17.71710443, 59.86852177], [17.71752106, 59.8682507], [17.71759273, 59.86819739], [17.71760264, 59.86819242], [17.71774896, 59.86811691], [17.71819897, 59.86785961], [17.71861558, 59.86758854], [17.71899725, 59.86730471], [17.71910187, 59.86722377], [17.71944679, 59.8669283], [17.71975373, 59.86662257], [17.72002132, 59.86630759], [17.72009251, 59.86621791], [17.72031982, 59.86589505], [17.72050593, 59.86556567], [17.72059172, 59.86536619], [17.72081078, 59.86510844], [17.72082969, 59.8650838], [17.72105698, 59.86476093], [17.72124308, 59.86443155], [17.72125735, 59.86440611], [17.72140132, 59.8640714], [17.72141039, 59.86404544], [17.72141295, 59.86403712], [17.72169547, 59.86375569], [17.72222678, 59.86307056], [17.72241286, 59.86274118], [17.72256834, 59.8623818], [17.72268619, 59.86196212], [17.72273739, 59.8616516], [17.7227527, 59.86130923], [17.72271557, 59.86091099], [17.7229126, 59.86063105], [17.72326483, 59.85991486], [17.72342815, 59.85920849], [17.72344158, 59.85883957], [17.72333527, 59.85813043], [17.72322121, 59.85779289], [17.7228369, 59.85708088], [17.72254876, 59.85670543], [17.72259615, 59.85640057], [17.72325012, 59.85579598], [17.72381231, 59.85505819], [17.72399833, 59.85472881], [17.7242152, 59.85423656], [17.72434392, 59.85379366], [17.72441775, 59.85311016], [17.72443696, 59.8528967], [17.72445226, 59.85255441], [17.72442501, 59.85222127], [17.72450643, 59.85177647], [17.72451551, 59.85157237], [17.72492478, 59.85149904], [17.72525656, 59.85143262], [17.72597155, 59.85132888], [17.72666295, 59.85120335], [17.7272892, 59.85106803], [17.72794414, 59.85090013], [17.72853128, 59.85072618], [17.72900157, 59.85056579], [17.72981237, 59.85053011], [17.73049137, 59.85049968], [17.73121681, 59.85044303], [17.73194152, 59.85036143], [17.73350429, 59.85011339], [17.73448652, 59.84996525], [17.73512851, 59.84985023], [17.73580051, 59.8497043], [17.73645201, 59.84953661], [17.73703908, 59.84936263], [17.73764404, 59.84915548], [17.7387316, 59.84870221], [17.73924775, 59.84844139], [17.73972853, 59.84816415], [17.74014472, 59.84789301], [17.74055339, 59.84758788], [17.74092125, 59.84726987], [17.74122767, 59.84696409], [17.74149504, 59.84664907], [17.74174099, 59.84630269], [17.74194374, 59.84594499], [17.74220275, 59.84541042], [17.74247669, 59.84500723], [17.74270316, 59.84459092], [17.74287571, 59.84417241], [17.74301616, 59.84363411], [17.74343467, 59.84374252], [17.74405727, 59.84388179], [17.74474708, 59.84400951], [17.74545208, 59.8441141], [17.74611598, 59.8441916], [17.74684141, 59.8442511], [17.74751959, 59.84428572], [17.74825435, 59.84429939], [17.74898916, 59.84428862], [17.74966801, 59.84425818], [17.7503417, 59.8442061], [17.75106911, 59.84412721], [17.75139845, 59.84408798], [17.75205361, 59.84399352], [17.75274339, 59.84386906], [17.75341511, 59.84372215], [17.75402285, 59.84356714], [17.75465305, 59.84337932], [17.75525741, 59.84317111], [17.7557958, 59.84296105], [17.75634387, 59.84271674], [17.75685882, 59.84245479], [17.75730817, 59.84219736], [17.75775953, 59.84190189], [17.75824356, 59.8415388], [17.75868135, 59.84131799], [17.75913068, 59.84106055], [17.75974913, 59.8406447], [17.76029497, 59.84054675], [17.76097018, 59.84040215], [17.76162515, 59.84023552], [17.76221191, 59.84006133], [17.76282775, 59.83985257], [17.76368892, 59.83955961], [17.76426547, 59.83936722], [17.7648786, 59.83915635], [17.76541687, 59.83894625], [17.7659664, 59.83870168], [17.76648281, 59.83843948], [17.76693204, 59.83818202], [17.76734803, 59.83791079], [17.76776029, 59.83760542], [17.7681316, 59.83728725], [17.76843782, 59.83698131], [17.76872732, 59.83664241], [17.7689719, 59.83629447], [17.76915721, 59.83596495], [17.76931361, 59.8356045], [17.76941456, 59.83526587], [17.76948015, 59.83489853], [17.76949764, 59.83452978], [17.76946921, 59.83418768], [17.76939515, 59.83382067], [17.76927294, 59.83345692], [17.76911619, 59.83312372], [17.76890493, 59.83277047], [17.76864781, 59.83242492], [17.76836829, 59.83211263], [17.76802754, 59.831786], [17.76763994, 59.83146754], [17.76715294, 59.8311023], [17.76676104, 59.8308222], [17.76629751, 59.83053021], [17.76595378, 59.83034107], [17.76593652, 59.83013483], [17.76585737, 59.82976793], [17.76574313, 59.82943042], [17.76563591, 59.82920235], [17.76542474, 59.82871453], [17.76520795, 59.82835762], [17.76455245, 59.82747132], [17.76424887, 59.82713051], [17.7639308, 59.82682783], [17.76354959, 59.82651254], [17.763128, 59.8262106], [17.76270166, 59.8259436], [17.76220831, 59.82567046], [17.76168046, 59.82541422], [17.76116123, 59.82519255], [17.76057392, 59.82497141], [17.76039288, 59.82491216], [17.76001826, 59.82475222], [17.75947221, 59.82454764], [17.75874042, 59.82430859], [17.75797118, 59.82408453], [17.75673517, 59.82375822], [17.75610432, 59.82362915], [17.75476761, 59.82342639], [17.75406535, 59.82335711], [17.75339022, 59.82331169], [17.7527107, 59.82328791], [17.7520296, 59.82328591], [17.75126603, 59.82328302], [17.7505513, 59.82330326], [17.74987509, 59.82334453], [17.74920536, 59.82340731], [17.74849416, 59.82349727], [17.7478457, 59.82360217], [17.74673773, 59.82380892], [17.74607332, 59.823965], [17.74547611, 59.82412972], [17.74490074, 59.82431303], [17.74432149, 59.82452445], [17.74379697, 59.82474298], [17.74320504, 59.8250293], [17.74251169, 59.8252456], [17.74234917, 59.82526624], [17.74143506, 59.8254212], [17.74035881, 59.82530422], [17.73968366, 59.82525873], [17.73900411, 59.82523488], [17.73813123, 59.82523096], [17.73745113, 59.82525059], [17.73677486, 59.82529179], [17.7359162, 59.82537146], [17.73525579, 59.82545535], [17.7344122, 59.82559865], [17.73377813, 59.82572393], [17.73300593, 59.82590894], [17.73240862, 59.82607361], [17.73165667, 59.8263138], [17.73099049, 59.82656298], [17.73067679, 59.82664944], [17.73005532, 59.8268463], [17.72950409, 59.82704755], [17.72889657, 59.82729999], [17.72840045, 59.82753467], [17.72789898, 59.82780467], [17.72743412, 59.82809071], [17.72703537, 59.82836828], [17.7266725, 59.82865812], [17.72631932, 59.828982], [17.72600972, 59.829317], [17.72574459, 59.82966141], [17.72553816, 59.82998772], [17.72536056, 59.83034621], [17.7252306, 59.83070965], [17.72515067, 59.83104969], [17.72511179, 59.83141851], [17.72511815, 59.83176089], [17.72517107, 59.83212925], [17.72526356, 59.8324685], [17.72540753, 59.83283066], [17.72561194, 59.83320667], [17.72471181, 59.83328954], [17.72405121, 59.83337337], [17.72276836, 59.83360339], [17.72196972, 59.83378484], [17.72137207, 59.83394937], [17.72079654, 59.83413257], [17.72006638, 59.83439236], [17.71921102, 59.83473405], [17.71920276, 59.83473745], [17.71863358, 59.83497351], [17.71803762, 59.83524965], [17.717572, 59.83549964], [17.71713889, 59.83576396], [17.71685226, 59.83591316], [17.71524047, 59.83624286], [17.71464274, 59.83640736], [17.71388504, 59.8366428], [17.71314374, 59.83690978], [17.71225574, 59.83695692], [17.71158566, 59.83701951], [17.71072079, 59.8371268], [17.71007194, 59.83723152], [17.70907748, 59.83739959], [17.70862006, 59.83744745], [17.70751116, 59.83759684], [17.70701578, 59.83764305], [17.70635505, 59.8377268], [17.70570617, 59.8378315], [17.70489277, 59.83799114], [17.70427542, 59.83813623], [17.7036776, 59.83830068], [17.70293944, 59.8385353], [17.70238786, 59.83873643], [17.70186284, 59.8389548], [17.70146744, 59.83914158], [17.70079985, 59.83899414], [17.70016891, 59.83886472], [17.69939438, 59.83873249], [17.69868591, 59.83862881], [17.69727187, 59.83845731], [17.6966474, 59.83818564], [17.69605964, 59.83796539], [17.69548884, 59.8377783], [17.69485105, 59.83759636], [17.69423785, 59.83744714], [17.69356001, 59.8373067], [17.6928653, 59.83718878], [17.69220699, 59.83710057], [17.69127419, 59.83702336], [17.69083875, 59.8377083], [17.68972796, 59.83866699], [17.68933762, 59.83927294], [17.68959997, 59.84147127], [17.6900452, 59.84361654], [17.69106412, 59.84360748], [17.69345242, 59.84359769], [17.69346072, 59.84359284], [17.6954056, 59.84378872], [17.6998914, 59.84450034], [17.70090853, 59.84481757], [17.70098508, 59.84484295], [17.70032316, 59.84548253], [17.69996305, 59.84572984], [17.69932953, 59.846197], [17.6984911, 59.84683759], [17.69746701, 59.84765148], [17.69643951, 59.84842015], [17.69558478, 59.84907902], [17.6946089, 59.84980243], [17.69390995, 59.85005774], [17.6934084, 59.85038536], [17.69325356, 59.85048635], [17.69258493, 59.85085844], [17.69198978, 59.85118159], [17.68913132, 59.85279266], [17.68548526, 59.85470466], [17.67929491, 59.85792979], [17.67893992, 59.85811424], [17.67962459, 59.85816489], [17.68127307, 59.85831941], [17.68271705, 59.85849856], [17.68407132, 59.85869372], [17.68481669, 59.85880454], [17.68708192, 59.85925298], [17.68812807, 59.85948224], [17.68855237, 59.85927551], [17.69038642, 59.85961826], [17.69040975, 59.85958617], [17.69284041, 59.86004038], [17.69528206, 59.86049666], [17.69523487, 59.86053248], [17.69758476, 59.86123161], [17.69995224, 59.86191568], [17.70174144, 59.86236313], [17.70426257, 59.86284035], [17.70432308, 59.86299765], [17.70455512, 59.86301255], [17.70606499, 59.86367192], [17.70702366, 59.86410098], [17.7082588, 59.86470678], [17.70806823, 59.86487041], [17.70661958, 59.86552333], [17.71096127, 59.86695331], [17.71651605, 59.86885828], [17.71696607, 59.86860098]]]}, "properties": {"deso": "0380C1400", "pop": 2269.0, "income": 372.0, "male_frac": 0.494, "child_frac": 0.182, "elder_frac": 0.1305, "dependency": 0.4545, "needZ": -0.1743, "needZ_v1": -0.2977, "regso": "0380R025", "higher_ed": 83.3, "neet": 12.1, "income_support": 0.7}}, {"type": "Feature", "geometry": {"type": "Polygon", "coordinates": [[[17.7057879, 59.86969137], [17.70694444, 59.86900764], [17.70812827, 59.86833574], [17.70938817, 59.86769954], [17.71067374, 59.8670769], [17.71096127, 59.86695331], [17.70661958, 59.86552333], [17.70806823, 59.86487041], [17.7082588, 59.86470678], [17.70702366, 59.86410098], [17.70606499, 59.86367192], [17.70455512, 59.86301255], [17.70432308, 59.86299765], [17.70426257, 59.86284035], [17.70174144, 59.86236313], [17.69995224, 59.86191568], [17.69758476, 59.86123161], [17.69523487, 59.86053248], [17.69528206, 59.86049666], [17.69284041, 59.86004038], [17.69040975, 59.85958617], [17.69038642, 59.85961826], [17.68855237, 59.85927551], [17.68812807, 59.85948224], [17.68885999, 59.85966328], [17.68938404, 59.85979621], [17.68987216, 59.85993103], [17.69064736, 59.86014613], [17.6909509, 59.86023505], [17.69164645, 59.86044674], [17.692069, 59.86058649], [17.69268013, 59.86077232], [17.69344291, 59.86104093], [17.69344511, 59.86104079], [17.69341598, 59.8610686], [17.69336152, 59.86112002], [17.69266463, 59.86177734], [17.69223352, 59.86218408], [17.69215876, 59.86224328], [17.69191613, 59.86224115], [17.69189202, 59.86227461], [17.69174496, 59.8624252], [17.69131459, 59.86297618], [17.69117713, 59.86313628], [17.6905396, 59.86371422], [17.69002518, 59.86419901], [17.68987672, 59.86439993], [17.68983197, 59.86446058], [17.68974011, 59.86458345], [17.68956087, 59.86480835], [17.68939794, 59.86484294], [17.68859091, 59.86472388], [17.68851771, 59.86471127], [17.68841205, 59.86476014], [17.68838946, 59.8647977], [17.68815239, 59.86518951], [17.68801766, 59.8652651], [17.68795185, 59.86530211], [17.68787011, 59.86534797], [17.68706685, 59.86514241], [17.68657868, 59.86559917], [17.68650642, 59.86567133], [17.68731168, 59.86587048], [17.68812026, 59.86607054], [17.6889368, 59.86627959], [17.68974915, 59.86648963], [17.69055405, 59.86669289], [17.69137812, 59.86690726], [17.69221688, 59.86711916], [17.69224312, 59.86710838], [17.69250037, 59.86710501], [17.69329417, 59.86709434], [17.69453934, 59.86707766], [17.69800443, 59.86803942], [17.69762962, 59.86860114], [17.69803415, 59.86873505], [17.69866765, 59.86880749], [17.69872468, 59.86858948], [17.70060722, 59.86900638], [17.70466945, 59.87039101], [17.7057879, 59.86969137]]]}, "properties": {"deso": "0380C1840", "pop": 2008.0, "income": 345.4, "male_frac": 0.4891, "child_frac": 0.1748, "elder_frac": 0.2146, "dependency": 0.6378, "needZ": 0.0464, "needZ_v1": 0.2736, "regso": "0380R053", "higher_ed": 76.5, "neet": 10.4, "income_support": 0.3}}, {"type": "Feature", "geometry": {"type": "Polygon", "coordinates": [[[17.81932851, 59.86828886], [17.82000256, 59.86823642], [17.82071963, 59.8681562], [17.8214244, 59.86805262], [17.82206657, 59.86793707], [17.82274025, 59.86779004], [17.82334809, 59.86763471], [17.82398027, 59.8674467], [17.82458624, 59.86723814], [17.82512442, 59.8670278], [17.82567412, 59.86678316], [17.82628053, 59.86646894], [17.82678894, 59.8664114], [17.82749536, 59.86630873], [17.82819509, 59.86618114], [17.82882119, 59.86604534], [17.8299032, 59.86577541], [17.82990765, 59.86577406], [17.82990953, 59.86577357], [17.83054253, 59.86558398], [17.83110615, 59.86539112], [17.83173863, 59.86516264], [17.83281341, 59.86474066], [17.83337887, 59.86451434], [17.83388946, 59.8642873], [17.83440591, 59.86402538], [17.83488664, 59.86374715], [17.83533908, 59.86344824], [17.83569225, 59.86340901], [17.83589519, 59.86338236], [17.83614607, 59.86334605], [17.83658455, 59.8633675], [17.83731833, 59.86337954], [17.83800005, 59.86337023], [17.83873109, 59.86333623], [17.83945594, 59.86327811], [17.84012184, 59.86320418], [17.8408268, 59.8631012], [17.84146881, 59.86298557], [17.84214267, 59.86283932], [17.84279578, 59.86267107], [17.84338265, 59.86249652], [17.84398906, 59.86228866], [17.84456699, 59.8620613], [17.84519169, 59.86177633], [17.84545088, 59.86188741], [17.84582651, 59.86203722], [17.84593533, 59.86214527], [17.84664869, 59.86272847], [17.84676549, 59.86281605], [17.84734133, 59.86318627], [17.84780045, 59.86308732], [17.84743789, 59.86073781], [17.84824452, 59.86072036], [17.84810275, 59.85717392], [17.85045004, 59.85690634], [17.84996624, 59.85473661], [17.85539664, 59.85389036], [17.85498655, 59.85304936], [17.85432783, 59.85155816], [17.85453209, 59.84999964], [17.85349385, 59.84914801], [17.85349846, 59.84863794], [17.85245774, 59.84832058], [17.85233081, 59.84740058], [17.8515293, 59.8464952], [17.85083053, 59.84408004], [17.85068279, 59.84353725], [17.85035693, 59.84277265], [17.85009237, 59.84238537], [17.84993609, 59.8417408], [17.84939056, 59.84094458], [17.8492384, 59.84051839], [17.84797225, 59.83924271], [17.84789052, 59.83862572], [17.84763792, 59.83820898], [17.8467633, 59.83779115], [17.846512, 59.83755817], [17.84449073, 59.83796328], [17.84385928, 59.83783455], [17.84318034, 59.83772032], [17.84252149, 59.83763278], [17.84185298, 59.83756646], [17.84114323, 59.83751882], [17.84046337, 59.8374955], [17.83978198, 59.83749395], [17.83906704, 59.83751486], [17.83839067, 59.83755668], [17.83768733, 59.83762404], [17.83702695, 59.83770844], [17.83637835, 59.8378137], [17.83569725, 59.83795055], [17.83508049, 59.83809625], [17.83411264, 59.83837169], [17.83353753, 59.83855547], [17.83298675, 59.83875715], [17.83242049, 59.83899158], [17.83192494, 59.83922665], [17.83161216, 59.83939516], [17.83099219, 59.83941345], [17.83012618, 59.83947107], [17.82945644, 59.83953425], [17.82837526, 59.83967571], [17.82772674, 59.83978092], [17.82691557, 59.8399437], [17.8257015, 59.84025437], [17.82512631, 59.84043811], [17.82441585, 59.84069349], [17.82389162, 59.84091234], [17.8227954, 59.84146622], [17.82236291, 59.84173089], [17.82150463, 59.84223007], [17.82107212, 59.84249473], [17.82064109, 59.84279439], [17.81990207, 59.84343339], [17.81961581, 59.84374414], [17.81935083, 59.8440891], [17.8191451, 59.84441555], [17.81896801, 59.84477436], [17.81883723, 59.84514286], [17.81873406, 59.84561506], [17.81865065, 59.84584565], [17.81857165, 59.84618573], [17.81853008, 59.84648971], [17.81777736, 59.84669312], [17.817202, 59.84687675], [17.81646749, 59.84714768], [17.8159431, 59.8473665], [17.81541075, 59.84762017], [17.8149457, 59.8478705], [17.81451307, 59.84813523], [17.81405315, 59.84845525], [17.81369068, 59.84874525], [17.81336564, 59.84904621], [17.81255188, 59.84920967], [17.81188745, 59.84936805], [17.81128997, 59.84953299], [17.81098182, 59.84963138], [17.81016503, 59.84979057], [17.80954794, 59.84993607], [17.80910198, 59.85005922], [17.80859641, 59.85005537], [17.80786088, 59.85005373], [17.80712666, 59.85007649], [17.80645, 59.85011815], [17.8057273, 59.85018674], [17.80500657, 59.85028052], [17.80435777, 59.85038571], [17.80355434, 59.85053622], [17.80292007, 59.85066184], [17.80224695, 59.85081945], [17.80160364, 59.850997], [17.80102812, 59.85118056], [17.80043416, 59.85139702], [17.79990944, 59.85161569], [17.79933694, 59.85188631], [17.79887172, 59.85213668], [17.7984389, 59.85240127], [17.79800773, 59.85269951], [17.79761672, 59.85301145], [17.79729135, 59.85331246], [17.79698053, 59.85364641], [17.79671409, 59.85398992], [17.79650822, 59.85431633], [17.79631919, 59.85469952], [17.79619711, 59.85503646], [17.79610387, 59.85548884], [17.79593022, 59.85576418], [17.79572857, 59.85619021], [17.79560648, 59.85652715], [17.79552721, 59.85686722], [17.7954906, 59.85730484], [17.79549769, 59.85764721], [17.79554801, 59.85798866], [17.79564129, 59.85832785], [17.79581344, 59.85875726], [17.79599159, 59.85908782], [17.79628268, 59.85950051], [17.79643528, 59.85968635], [17.79658792, 59.85996392], [17.79680752, 59.86028803], [17.7970865, 59.86062633], [17.79741297, 59.86095831], [17.79779942, 59.86129576], [17.79820906, 59.86160757], [17.798653, 59.86190148], [17.7990969, 59.86216144], [17.80009995, 59.86274322], [17.80061579, 59.86300712], [17.80112155, 59.86323684], [17.80169888, 59.86346628], [17.80230521, 59.86367606], [17.80288835, 59.86385354], [17.80354218, 59.86402368], [17.80416555, 59.86416257], [17.80480519, 59.86428135], [17.80539111, 59.86437082], [17.80559439, 59.86466958], [17.80587677, 59.86500994], [17.80617642, 59.86531751], [17.80651426, 59.86561492], [17.80694723, 59.86594497], [17.80735733, 59.86621847], [17.80783645, 59.86649804], [17.80835116, 59.86676104], [17.80885702, 59.86699073], [17.80943309, 59.86721944], [17.80999281, 59.867415], [17.81062112, 59.86760613], [17.81127326, 59.86777582], [17.81189674, 59.86791477], [17.81258586, 59.86804242], [17.81329027, 59.86814702], [17.8139548, 59.86822418], [17.81467959, 59.86828387], [17.81541931, 59.86831971], [17.81610107, 59.86833234], [17.81785411, 59.86833417], [17.81859726, 59.86832347], [17.81932851, 59.86828886]]]}, "properties": {"deso": "0380B5011", "pop": 1928.0, "income": 403.5, "male_frac": 0.5109, "child_frac": 0.2464, "elder_frac": 0.0991, "dependency": 0.5277, "needZ": -0.291, "needZ_v1": -0.4131, "regso": "0380R008", "higher_ed": 75.5, "neet": 9.8, "income_support": 0.2}}, {"type": "Feature", "geometry": {"type": "Polygon", "coordinates": [[[17.6353003, 59.87224853], [17.6353774, 59.87204991], [17.6354441, 59.87188564], [17.63546991, 59.86911515], [17.63547756, 59.86764675], [17.63547741, 59.86764675], [17.6354089, 59.86763555], [17.63343091, 59.86732976], [17.63127035, 59.86700064], [17.63009985, 59.86681932], [17.6294657, 59.86664848], [17.62914478, 59.86730808], [17.62855216, 59.86822309], [17.62837802, 59.86862044], [17.62783873, 59.86954345], [17.62747034, 59.87016788], [17.63095596, 59.87122645], [17.63519738, 59.87251377], [17.63530036, 59.87254512], [17.6353003, 59.87224853]]]}, "properties": {"deso": "0380C1910", "pop": 857.0, "income": 498.0, "male_frac": 0.5059, "child_frac": 0.1599, "elder_frac": 0.1937, "dependency": 0.5469, "needZ": -1.0254, "needZ_v1": -1.147, "regso": "0380R061", "higher_ed": 92.6, "neet": 7.9, "income_support": 0.1}}, {"type": "Feature", "geometry": {"type": "Polygon", "coordinates": [[[17.65616055, 59.8698401], [17.6562663, 59.86978973], [17.65609487, 59.86969645], [17.65410101, 59.86865626], [17.65370174, 59.86844729], [17.65329396, 59.86823508], [17.65133196, 59.86720795], [17.6511421, 59.86710848], [17.65074739, 59.86689169], [17.65040543, 59.86704669], [17.64950063, 59.8665495], [17.64842453, 59.86601882], [17.64841484, 59.86601372], [17.64753154, 59.8664974], [17.64628058, 59.86718222], [17.64534794, 59.86769275], [17.64429809, 59.86828233], [17.64422603, 59.86832285], [17.64459834, 59.86854748], [17.64510889, 59.86885232], [17.64536415, 59.86901274], [17.64601316, 59.8693818], [17.64647064, 59.86965448], [17.64694933, 59.86993795], [17.64810894, 59.87062244], [17.6488749, 59.87107169], [17.64898135, 59.87114114], [17.64977925, 59.87160636], [17.6506198, 59.87210907], [17.65086228, 59.8722621], [17.65086791, 59.87226432], [17.65616055, 59.8698401]]]}, "properties": {"deso": "0380C1900", "pop": 2572.0, "income": 284.0, "male_frac": 0.4994, "child_frac": 0.1866, "elder_frac": 0.0661, "dependency": 0.3382, "needZ": 0.851, "needZ_v1": 0.1955, "regso": "0380R010", "higher_ed": 55.2, "neet": 15.8, "income_support": 1.5}}, {"type": "Feature", "geometry": {"type": "Polygon", "coordinates": [[[17.67058166, 59.87227265], [17.67069307, 59.87225818], [17.6713957, 59.87203903], [17.67190237, 59.87186761], [17.672313, 59.87172238], [17.67268045, 59.87157713], [17.6732579, 59.87135342], [17.6736417, 59.87124862], [17.67345666, 59.87116821], [17.67344574, 59.87109271], [17.67344394, 59.87108313], [17.67342855, 59.87100341], [17.67340665, 59.8709143], [17.67338052, 59.87082555], [17.67334999, 59.87073715], [17.67331507, 59.87064911], [17.67327577, 59.87056152], [17.6732321, 59.87047456], [17.67318953, 59.87039764], [17.67318419, 59.87038804], [17.67313192, 59.87030225], [17.67307543, 59.87021707], [17.67301457, 59.87013261], [17.67294967, 59.87004905], [17.6728807, 59.86996628], [17.67280948, 59.86988679], [17.67280738, 59.86988441], [17.67269121, 59.86982856], [17.67255935, 59.86976809], [17.67242453, 59.86970921], [17.6722869, 59.86965209], [17.67214632, 59.86959674], [17.6720245, 59.86955125], [17.67200308, 59.86954315], [17.67198291, 59.86953601], [17.67185719, 59.8694914], [17.67170879, 59.86944142], [17.67155805, 59.86939346], [17.67140481, 59.86934734], [17.67124951, 59.86930316], [17.67109201, 59.86926099], [17.67107712, 59.86925716], [17.67106013, 59.86925293], [17.67108148, 59.86923992], [17.67157575, 59.86894029], [17.67156031, 59.86893324], [17.67155955, 59.86893299], [17.67117736, 59.86865007], [17.67069728, 59.86843435], [17.6703546, 59.86828932], [17.67023652, 59.86823701], [17.66998124, 59.86811805], [17.6698828, 59.8680719], [17.6697359, 59.86800185], [17.6689654, 59.86836788], [17.66896468, 59.86836807], [17.66896397, 59.86836836], [17.66801565, 59.86850301], [17.66731217, 59.86868703], [17.66731101, 59.86868732], [17.66730283, 59.86869368], [17.6670088, 59.86892043], [17.6668878, 59.86898603], [17.66688426, 59.8689879], [17.66727534, 59.86918172], [17.6672825, 59.86922693], [17.66728225, 59.86922748], [17.66726016, 59.86926619], [17.66658996, 59.86963053], [17.66624122, 59.86982191], [17.66578299, 59.87007372], [17.66575604, 59.87008855], [17.66595433, 59.8701802], [17.66632658, 59.87035231], [17.6669134, 59.87062229], [17.66737185, 59.87084026], [17.6675379, 59.8709101], [17.66790972, 59.87109488], [17.66799443, 59.871137], [17.66816965, 59.87121644], [17.66839762, 59.87131979], [17.66868936, 59.87145949], [17.6689025, 59.87156161], [17.66931575, 59.87175569], [17.66961201, 59.87189107], [17.66979218, 59.87197329], [17.67000514, 59.87207496], [17.67012287, 59.87212997], [17.6701792, 59.87215632], [17.67024882, 59.87219021], [17.67035049, 59.872238], [17.67052769, 59.87227959], [17.67058166, 59.87227265]]]}, "properties": {"deso": "0380C1950", "pop": 967.0, "income": 278.5, "male_frac": 0.4571, "child_frac": 0.0569, "elder_frac": 0.2896, "dependency": 0.5301, "needZ": 1.0316, "needZ_v1": 0.6111, "regso": "0380R015", "higher_ed": 67.7, "neet": 18.2, "income_support": 2.1}}, {"type": "Feature", "geometry": {"type": "Polygon", "coordinates": [[[17.67617083, 59.87556235], [17.6762098, 59.87548072], [17.67684376, 59.8751053], [17.67737687, 59.87473857], [17.67776906, 59.87440974], [17.67792505, 59.87426438], [17.67823891, 59.87386699], [17.67843701, 59.87348866], [17.67867428, 59.87270918], [17.67879342, 59.87228539], [17.67880279, 59.8722517], [17.67762555, 59.87168109], [17.67759473, 59.87160375], [17.67759183, 59.87160255], [17.67755778, 59.8715639], [17.67747743, 59.87151389], [17.67732612, 59.8714628], [17.67722849, 59.8714488], [17.67720315, 59.87144518], [17.6771553, 59.87143834], [17.67691092, 59.87140971], [17.67683223, 59.87140044], [17.67641875, 59.87135244], [17.6759858, 59.87130222], [17.67536148, 59.8712267], [17.67496814, 59.87118161], [17.67481978, 59.87117438], [17.67455455, 59.87116145], [17.67422653, 59.87117377], [17.67413765, 59.8711771], [17.67405824, 59.87118635], [17.67388264, 59.87120689], [17.6736417, 59.87124862], [17.6732579, 59.87135342], [17.67268045, 59.87157713], [17.672313, 59.87172238], [17.67190237, 59.87186761], [17.6713957, 59.87203903], [17.67069307, 59.87225818], [17.67058166, 59.87227265], [17.67052769, 59.87227959], [17.67035049, 59.872238], [17.67024882, 59.87219021], [17.6701792, 59.87215632], [17.67012166, 59.87218659], [17.66938989, 59.87257177], [17.6696665, 59.87269345], [17.66989758, 59.87279502], [17.67032355, 59.87299316], [17.67060106, 59.87312227], [17.67070204, 59.87316881], [17.67116812, 59.87338374], [17.67134623, 59.87346591], [17.67256917, 59.87402998], [17.67445747, 59.87491701], [17.67495095, 59.87512383], [17.67540752, 59.87530956], [17.67608908, 59.87561225], [17.67617083, 59.87556235]]]}, "properties": {"deso": "0380C2030", "pop": 1370.0, "income": 312.7, "male_frac": 0.4796, "child_frac": 0.1131, "elder_frac": 0.2883, "dependency": 0.6707, "needZ": 0.5128, "needZ_v1": 0.6039, "regso": "0380R020", "higher_ed": 65.2, "neet": 11.1, "income_support": 0.8}}, {"type": "Feature", "geometry": {"type": "Polygon", "coordinates": [[[17.62393009, 59.87666315], [17.62484102, 59.8749901], [17.62418578, 59.87491792], [17.62358975, 59.87480045], [17.62178706, 59.874152], [17.62122336, 59.87397136], [17.62087633, 59.87382324], [17.62044325, 59.873722], [17.61917135, 59.87434203], [17.61836971, 59.87470298], [17.61739625, 59.87510902], [17.61777859, 59.87534627], [17.62185047, 59.87786904], [17.62271562, 59.87840503], [17.62294803, 59.8784295], [17.62393009, 59.87666315]]]}, "properties": {"deso": "0380C2070", "pop": 989.0, "income": 325.6, "male_frac": 0.4399, "child_frac": 0.0718, "elder_frac": 0.2801, "dependency": 0.5429, "needZ": 0.0725, "needZ_v1": 0.2517, "regso": "0380R052", "higher_ed": 80.0, "neet": 11.2, "income_support": 0.6}}, {"type": "Feature", "geometry": {"type": "Polygon", "coordinates": [[[17.67900091, 59.87154622], [17.67918044, 59.87090634], [17.67937742, 59.87029296], [17.67954925, 59.86984141], [17.67969147, 59.86951614], [17.67991695, 59.86900449], [17.68017543, 59.86844887], [17.68058756, 59.86750001], [17.68028133, 59.86747148], [17.67752243, 59.86723776], [17.67734499, 59.86718208], [17.6769569, 59.86706251], [17.67699097, 59.86717653], [17.67686775, 59.8671502], [17.67674002, 59.86713007], [17.67660871, 59.86711666], [17.67651412, 59.86711113], [17.67515831, 59.86705623], [17.67516158, 59.86716287], [17.67445819, 59.86717124], [17.67445059, 59.86704177], [17.67317127, 59.86706057], [17.67243792, 59.86702786], [17.67240489, 59.86702197], [17.67214011, 59.86703992], [17.67197359, 59.86704662], [17.67189791, 59.86705633], [17.67166241, 59.86708662], [17.67155538, 59.86710038], [17.67119873, 59.86721451], [17.67118324, 59.86722156], [17.67083409, 59.86738144], [17.67014616, 59.86777544], [17.66976299, 59.86798702], [17.6697359, 59.86800185], [17.6698828, 59.8680719], [17.66998124, 59.86811805], [17.67023652, 59.86823701], [17.6703546, 59.86828932], [17.67069728, 59.86843435], [17.67117736, 59.86865007], [17.67155955, 59.86893299], [17.67156031, 59.86893324], [17.67157575, 59.86894029], [17.67108148, 59.86923992], [17.67106013, 59.86925293], [17.67107712, 59.86925716], [17.67109201, 59.86926099], [17.67124951, 59.86930316], [17.67140481, 59.86934734], [17.67155805, 59.86939346], [17.67170879, 59.86944142], [17.67185719, 59.8694914], [17.67198291, 59.86953601], [17.67200308, 59.86954315], [17.6720245, 59.86955125], [17.67214632, 59.86959674], [17.6722869, 59.86965209], [17.67242453, 59.86970921], [17.67255935, 59.86976809], [17.67269121, 59.86982856], [17.67280738, 59.86988441], [17.67280948, 59.86988679], [17.6728807, 59.86996628], [17.67294967, 59.87004905], [17.67301457, 59.87013261], [17.67307543, 59.87021707], [17.67313192, 59.87030225], [17.67318419, 59.87038804], [17.67318953, 59.87039764], [17.6732321, 59.87047456], [17.67327577, 59.87056152], [17.67331507, 59.87064911], [17.67334999, 59.87073715], [17.67338052, 59.87082555], [17.67340665, 59.8709143], [17.67342855, 59.87100341], [17.67344394, 59.87108313], [17.67344574, 59.87109271], [17.67345666, 59.87116821], [17.6736417, 59.87124862], [17.67388264, 59.87120689], [17.67405824, 59.87118635], [17.67413765, 59.8711771], [17.67422653, 59.87117377], [17.67455455, 59.87116145], [17.67481978, 59.87117438], [17.67496814, 59.87118161], [17.67536148, 59.8712267], [17.6759858, 59.87130222], [17.67641875, 59.87135244], [17.67683223, 59.87140044], [17.67691092, 59.87140971], [17.6771553, 59.87143834], [17.67720315, 59.87144518], [17.67722849, 59.8714488], [17.67732612, 59.8714628], [17.67747743, 59.87151389], [17.67755778, 59.8715639], [17.67759183, 59.87160255], [17.67759473, 59.87160375], [17.67762555, 59.87168109], [17.67880279, 59.8722517], [17.67900091, 59.87154622]]]}, "properties": {"deso": "0380C1940", "pop": 2925.0, "income": 278.5, "male_frac": 0.4997, "child_frac": 0.1333, "elder_frac": 0.134, "dependency": 0.3649, "needZ": 0.8948, "needZ_v1": 0.292, "regso": "0380R015", "higher_ed": 67.7, "neet": 18.2, "income_support": 2.1}}, {"type": "Feature", "geometry": {"type": "Polygon", "coordinates": [[[17.67012166, 59.87218659], [17.6701792, 59.87215632], [17.67012287, 59.87212997], [17.67000514, 59.87207496], [17.66979218, 59.87197329], [17.66961201, 59.87189107], [17.66931575, 59.87175569], [17.6689025, 59.87156161], [17.66868936, 59.87145949], [17.66839762, 59.87131979], [17.66816965, 59.87121644], [17.66799443, 59.871137], [17.66790972, 59.87109488], [17.6675379, 59.8709101], [17.66737185, 59.87084026], [17.6669134, 59.87062229], [17.66632658, 59.87035231], [17.66595433, 59.8701802], [17.66575604, 59.87008855], [17.66578299, 59.87007372], [17.66624122, 59.86982191], [17.66658996, 59.86963053], [17.66726016, 59.86926619], [17.66728225, 59.86922748], [17.6672825, 59.86922693], [17.66727534, 59.86918172], [17.66688426, 59.8689879], [17.6668878, 59.86898603], [17.6670088, 59.86892043], [17.66730283, 59.86869368], [17.66731101, 59.86868732], [17.66731217, 59.86868703], [17.66801565, 59.86850301], [17.66896397, 59.86836836], [17.66896468, 59.86836807], [17.6689654, 59.86836788], [17.6697359, 59.86800185], [17.66847135, 59.86743168], [17.66662934, 59.86659466], [17.66449994, 59.86572381], [17.66443536, 59.86569736], [17.66439181, 59.86572007], [17.664331, 59.86575184], [17.66425352, 59.86579239], [17.66403307, 59.86590761], [17.66379537, 59.86603179], [17.66344087, 59.86621709], [17.66207882, 59.86692901], [17.66031125, 59.86785265], [17.65986153, 59.86808765], [17.65980708, 59.86811605], [17.65972395, 59.86815986], [17.66059625, 59.86856135], [17.66399339, 59.87011713], [17.66499843, 59.87057798], [17.66655323, 59.87130911], [17.6666237, 59.871341], [17.66693133, 59.87148047], [17.66772349, 59.87183953], [17.66784933, 59.87189473], [17.66797014, 59.87194789], [17.66804406, 59.87198034], [17.66833561, 59.87210854], [17.66938989, 59.87257177], [17.67012166, 59.87218659]]]}, "properties": {"deso": "0380C1920", "pop": 1346.0, "income": 312.7, "male_frac": 0.4609, "child_frac": 0.0936, "elder_frac": 0.24, "dependency": 0.5006, "needZ": 0.3719, "needZ_v1": 0.2751, "regso": "0380R020", "higher_ed": 65.2, "neet": 11.1, "income_support": 0.8}}, {"type": "Feature", "geometry": {"type": "Polygon", "coordinates": [[[17.66348667, 59.87291912], [17.66384933, 59.87278342], [17.66488731, 59.87236818], [17.66648821, 59.87173161], [17.66655227, 59.87169815], [17.66678134, 59.87157243], [17.66693133, 59.87148047], [17.6666237, 59.871341], [17.66655323, 59.87130911], [17.66499843, 59.87057798], [17.66399339, 59.87011713], [17.66059625, 59.86856135], [17.65972395, 59.86815986], [17.65964598, 59.86819997], [17.6562663, 59.86978973], [17.66074101, 59.87215292], [17.66074249, 59.87215846], [17.66212329, 59.87285705], [17.66217462, 59.87283185], [17.66227306, 59.87280444], [17.66237814, 59.87278444], [17.66248798, 59.87277225], [17.66260006, 59.872768], [17.66271221, 59.87277184], [17.66282546, 59.87278402], [17.66294787, 59.87282043], [17.6633969, 59.87295004], [17.66348667, 59.87291912]]]}, "properties": {"deso": "0380C1960", "pop": 1356.0, "income": 311.0, "male_frac": 0.4952, "child_frac": 0.1305, "elder_frac": 0.233, "dependency": 0.5713, "needZ": 0.5754, "needZ_v1": 0.4256, "regso": "0380R057", "higher_ed": 61.3, "neet": 11.9, "income_support": 1.0}}, {"type": "Feature", "geometry": {"type": "Polygon", "coordinates": [[[17.65064973, 59.87236276], [17.65086791, 59.87226432], [17.65086228, 59.8722621], [17.6506198, 59.87210907], [17.64977925, 59.87160636], [17.64898135, 59.87114114], [17.6488749, 59.87107169], [17.64810894, 59.87062244], [17.64694933, 59.86993795], [17.64647064, 59.86965448], [17.64601316, 59.8693818], [17.64536415, 59.86901274], [17.64510889, 59.86885232], [17.64459834, 59.86854748], [17.64422603, 59.86832285], [17.64328672, 59.86865753], [17.64322337, 59.86867794], [17.64163143, 59.86936407], [17.6415897, 59.86936374], [17.64160853, 59.86940783], [17.64187061, 59.8700202], [17.64190811, 59.87003965], [17.6419204, 59.87004605], [17.64192, 59.87005954], [17.64191928, 59.87008201], [17.64191762, 59.87012982], [17.64191107, 59.870322], [17.64189887, 59.87067875], [17.64189031, 59.87092549], [17.64186886, 59.8715537], [17.64171355, 59.87174472], [17.64317677, 59.87256814], [17.64382314, 59.87275682], [17.64382357, 59.87275672], [17.64490025, 59.87227304], [17.64592119, 59.87284743], [17.64685086, 59.87337056], [17.64685666, 59.87337305], [17.64723958, 59.87353368], [17.64744686, 59.87361844], [17.64751735, 59.87364873], [17.6475686, 59.87367069], [17.6476549, 59.87370704], [17.65064973, 59.87236276]]]}, "properties": {"deso": "0380C1970", "pop": 1412.0, "income": 226.6, "male_frac": 0.4688, "child_frac": 0.1027, "elder_frac": 0.1076, "dependency": 0.2664, "needZ": -0.0923, "needZ_v1": 0.525, "regso": "0380R058", "higher_ed": 95.2, "neet": 10.1, "income_support": 0.6}}, {"type": "Feature", "geometry": {"type": "Polygon", "coordinates": [[[17.64128798, 59.87438069], [17.64189295, 59.87411067], [17.64141823, 59.87383653], [17.64071357, 59.87344996], [17.64058459, 59.87337324], [17.64051972, 59.87332262], [17.64050265, 59.87328209], [17.64049945, 59.87321569], [17.64055045, 59.87173572], [17.64171355, 59.87174472], [17.64186886, 59.8715537], [17.64189031, 59.87092549], [17.64189887, 59.87067875], [17.64191107, 59.870322], [17.64191762, 59.87012982], [17.64191928, 59.87008201], [17.64192, 59.87005954], [17.6419204, 59.87004605], [17.64190811, 59.87003965], [17.64187061, 59.8700202], [17.64160853, 59.86940783], [17.6415897, 59.86936374], [17.64163143, 59.86936407], [17.64322337, 59.86867794], [17.64328672, 59.86865753], [17.64422603, 59.86832285], [17.64280056, 59.86753138], [17.64132203, 59.86663282], [17.64067894, 59.86631284], [17.64040519, 59.86621207], [17.64034464, 59.86618984], [17.64016363, 59.86631661], [17.63987169, 59.86655682], [17.63977128, 59.8667118], [17.63962298, 59.86710263], [17.63961025, 59.86736014], [17.63957266, 59.86811793], [17.63954372, 59.86870236], [17.6395145, 59.8692815], [17.63951132, 59.86935477], [17.63949317, 59.87001021], [17.63942673, 59.87089101], [17.63923918, 59.87159548], [17.63864552, 59.8727493], [17.63843365, 59.87302275], [17.63810457, 59.87338091], [17.6386115, 59.87353208], [17.63951232, 59.87379113], [17.64002116, 59.87395132], [17.64062447, 59.87416926], [17.64120843, 59.87441992], [17.64128798, 59.87438069]]]}, "properties": {"deso": "0380C1930", "pop": 1567.0, "income": 226.6, "male_frac": 0.4659, "child_frac": 0.0932, "elder_frac": 0.0932, "dependency": 0.229, "needZ": -0.1232, "needZ_v1": 0.4529, "regso": "0380R058", "higher_ed": 95.2, "neet": 10.1, "income_support": 0.6}}, {"type": "Feature", "geometry": {"type": "Polygon", "coordinates": [[[17.62511878, 59.87451003], [17.62526756, 59.87428341], [17.62550046, 59.87384177], [17.62562799, 59.87359797], [17.62617393, 59.87273726], [17.62747034, 59.87016788], [17.62740211, 59.87014724], [17.6274121, 59.87012997], [17.62355383, 59.8693015], [17.62354221, 59.86931853], [17.62337231, 59.86937239], [17.62299687, 59.86949161], [17.62252471, 59.86964159], [17.62222171, 59.86973781], [17.62201659, 59.86980288], [17.62191742, 59.86983441], [17.6213534, 59.86990519], [17.62066786, 59.86999124], [17.61979575, 59.87010479], [17.61978583, 59.87010607], [17.61895294, 59.87016953], [17.61868859, 59.8701897], [17.6186025, 59.87020416], [17.61793682, 59.87034998], [17.61701995, 59.87062537], [17.61678183, 59.87068498], [17.61650032, 59.87074178], [17.6163002, 59.87076578], [17.61597604, 59.87080483], [17.61507251, 59.87091099], [17.61431464, 59.87106885], [17.61355689, 59.87123031], [17.61296745, 59.8714001], [17.6121789, 59.87177], [17.61210312, 59.87181076], [17.61616664, 59.87434697], [17.61739625, 59.87510902], [17.61836971, 59.87470298], [17.61917135, 59.87434203], [17.62044325, 59.873722], [17.62087633, 59.87382324], [17.62122336, 59.87397136], [17.62178706, 59.874152], [17.62358975, 59.87480045], [17.62418578, 59.87491792], [17.62484102, 59.8749901], [17.62511878, 59.87451003]]]}, "properties": {"deso": "0380C1980", "pop": 1454.0, "income": 325.6, "male_frac": 0.4538, "child_frac": 0.1224, "elder_frac": 0.2311, "dependency": 0.5468, "needZ": 0.0757, "needZ_v1": 0.2592, "regso": "0380R052", "higher_ed": 80.0, "neet": 11.2, "income_support": 0.6}}, {"type": "Feature", "geometry": {"type": "Polygon", "coordinates": [[[17.62651101, 59.87466164], [17.62724438, 59.87467827], [17.62928082, 59.87469511], [17.62902208, 59.87420472], [17.62890936, 59.87376639], [17.62875612, 59.87260049], [17.63023743, 59.87258986], [17.63026884, 59.87217632], [17.63071136, 59.87146111], [17.63095596, 59.87122645], [17.62747034, 59.87016788], [17.62617393, 59.87273726], [17.62562799, 59.87359797], [17.62550046, 59.87384177], [17.62526756, 59.87428341], [17.62511878, 59.87451003], [17.62484102, 59.8749901], [17.62624341, 59.87512463], [17.62651101, 59.87466164]]]}, "properties": {"deso": "0380C1990", "pop": 847.0, "income": 325.6, "male_frac": 0.4585, "child_frac": 0.0945, "elder_frac": 0.1204, "dependency": 0.2737, "needZ": -0.1505, "needZ_v1": -0.2685, "regso": "0380R052", "higher_ed": 80.0, "neet": 11.2, "income_support": 0.6}}, {"type": "Feature", "geometry": {"type": "Polygon", "coordinates": [[[17.6476549, 59.87370704], [17.6475686, 59.87367069], [17.64751735, 59.87364873], [17.64744686, 59.87361844], [17.64723958, 59.87353368], [17.64685666, 59.87337305], [17.64685086, 59.87337056], [17.64592119, 59.87284743], [17.64490025, 59.87227304], [17.64382357, 59.87275672], [17.64382314, 59.87275682], [17.64317677, 59.87256814], [17.64171355, 59.87174472], [17.64055045, 59.87173572], [17.64049945, 59.87321569], [17.64050265, 59.87328209], [17.64051972, 59.87332262], [17.64058459, 59.87337324], [17.64071357, 59.87344996], [17.64141823, 59.87383653], [17.64189295, 59.87411067], [17.64128798, 59.87438069], [17.64120843, 59.87441992], [17.64125648, 59.87444051], [17.64216566, 59.8748563], [17.64264222, 59.87509025], [17.6434729, 59.87558602], [17.6476549, 59.87370704]]]}, "properties": {"deso": "0380C2010", "pop": 2478.0, "income": 226.6, "male_frac": 0.4621, "child_frac": 0.0573, "elder_frac": 0.0182, "dependency": 0.0816, "needZ": -0.2453, "needZ_v1": 0.1681, "regso": "0380R058", "higher_ed": 95.2, "neet": 10.1, "income_support": 0.6}}, {"type": "Feature", "geometry": {"type": "Polygon", "coordinates": [[[17.70461134, 59.87841185], [17.7050933, 59.87816939], [17.7052331, 59.8780907], [17.70568333, 59.87783344], [17.70610017, 59.87756241], [17.70648206, 59.87727861], [17.70657963, 59.8771954], [17.70692476, 59.87689997], [17.70723191, 59.87659426], [17.70749969, 59.87627931], [17.70772719, 59.87595647], [17.7077905, 59.87586525], [17.70797679, 59.87553589], [17.70800925, 59.8754604], [17.70807058, 59.87535206], [17.70812403, 59.87525377], [17.70848874, 59.87504533], [17.70852558, 59.87502184], [17.70894236, 59.8747508], [17.709348, 59.87446615], [17.70936551, 59.87445321], [17.70939366, 59.87443332], [17.70941031, 59.87442247], [17.70979669, 59.87415115], [17.71019577, 59.87387103], [17.71020758, 59.87386234], [17.71024271, 59.87383773], [17.71025125, 59.87383216], [17.71064818, 59.87356745], [17.7110539, 59.8732968], [17.71108837, 59.8732713], [17.71147017, 59.87298749], [17.71181521, 59.87269204], [17.71184029, 59.87266889], [17.71195682, 59.87255286], [17.71218448, 59.87242268], [17.71260119, 59.87215163], [17.71263231, 59.87213033], [17.71301409, 59.87184651], [17.71304082, 59.87182378], [17.71338584, 59.87152832], [17.71369273, 59.87122261], [17.71371875, 59.87119468], [17.71398643, 59.87087971], [17.71425237, 59.87055256], [17.71451831, 59.87022541], [17.71474569, 59.86990255], [17.71476601, 59.86987348], [17.71487752, 59.86967626], [17.71493544, 59.86961856], [17.71495317, 59.8696102], [17.71504029, 59.86956915], [17.715131, 59.86952345], [17.71522869, 59.8694802], [17.71531667, 59.86943886], [17.71540323, 59.86939818], [17.71549536, 59.86935182], [17.71559504, 59.86930763], [17.71567024, 59.86927222], [17.7158044, 59.86920469], [17.71595897, 59.86913619], [17.71603431, 59.86910078], [17.71651605, 59.86885828], [17.71096127, 59.86695331], [17.71067374, 59.8670769], [17.70938817, 59.86769954], [17.70812827, 59.86833574], [17.70694444, 59.86900764], [17.7057879, 59.86969137], [17.70466945, 59.87039101], [17.70060722, 59.86900638], [17.69872468, 59.86858948], [17.69866765, 59.86880749], [17.69803415, 59.86873505], [17.69762962, 59.86860114], [17.69800443, 59.86803942], [17.69453934, 59.86707766], [17.69329417, 59.86709434], [17.69250037, 59.86710501], [17.69224312, 59.86710838], [17.69221688, 59.86711916], [17.69137812, 59.86690726], [17.69055405, 59.86669289], [17.68974915, 59.86648963], [17.6889368, 59.86627959], [17.68812026, 59.86607054], [17.68731168, 59.86587048], [17.68650642, 59.86567133], [17.68657868, 59.86559917], [17.68706685, 59.86514241], [17.68624509, 59.86493202], [17.68527788, 59.86456379], [17.68516597, 59.86471779], [17.68500177, 59.86494499], [17.68462978, 59.8650397], [17.6846019, 59.86503569], [17.68430197, 59.86499177], [17.68256838, 59.86473788], [17.68230806, 59.86470105], [17.68223489, 59.86469069], [17.68197455, 59.86503939], [17.68151048, 59.86571041], [17.68118525, 59.86623586], [17.68092873, 59.86676045], [17.68061057, 59.86744726], [17.68058756, 59.86750001], [17.68017543, 59.86844887], [17.68026576, 59.86846005], [17.68029105, 59.86846313], [17.68052696, 59.86849462], [17.6805149, 59.86857544], [17.68255096, 59.86880892], [17.68264967, 59.86877772], [17.68407481, 59.86896775], [17.68425152, 59.86903062], [17.68566495, 59.86953365], [17.68607882, 59.86955197], [17.68708873, 59.86959676], [17.68719591, 59.86960122], [17.68867764, 59.86980702], [17.68926702, 59.8699953], [17.68997439, 59.87041641], [17.6908036, 59.87091021], [17.69057214, 59.87126032], [17.69054962, 59.87127156], [17.69063989, 59.87130376], [17.69021436, 59.87152237], [17.68971386, 59.87176525], [17.6892753, 59.87198332], [17.68903216, 59.87210344], [17.68873746, 59.87226027], [17.68838423, 59.87243304], [17.68820022, 59.87251189], [17.68813229, 59.8725757], [17.68797119, 59.87270825], [17.68768941, 59.87297584], [17.68730021, 59.87334938], [17.68696416, 59.87368957], [17.68745953, 59.87382974], [17.68790035, 59.87393662], [17.68843703, 59.87408267], [17.68884732, 59.87418909], [17.68935419, 59.87432542], [17.68987976, 59.87446155], [17.69029023, 59.87458287], [17.69068089, 59.87471978], [17.69106486, 59.87486679], [17.69136383, 59.87499407], [17.69175926, 59.87516249], [17.69200746, 59.87527779], [17.6922463, 59.87535383], [17.69249938, 59.87540022], [17.69290581, 59.87544401], [17.69304631, 59.87548488], [17.69309503, 59.87549511], [17.69337882, 59.87562943], [17.6935444, 59.87571255], [17.69431691, 59.87608236], [17.69533962, 59.87657173], [17.69949203, 59.87763149], [17.70135882, 59.87822189], [17.70446122, 59.8784814], [17.70461134, 59.87841185]]]}, "properties": {"deso": "0380C2000", "pop": 1536.0, "income": 345.4, "male_frac": 0.4821, "child_frac": 0.1634, "elder_frac": 0.2663, "dependency": 0.7534, "needZ": 0.1421, "needZ_v1": 0.4969, "regso": "0380R053", "higher_ed": 76.5, "neet": 10.4, "income_support": 0.3}}, {"type": "Feature", "geometry": {"type": "Polygon", "coordinates": [[[17.62224088, 59.87953008], [17.62271562, 59.87840503], [17.62185047, 59.87786904], [17.61777859, 59.87534627], [17.61739625, 59.87510902], [17.61616664, 59.87434697], [17.61210312, 59.87181076], [17.61129188, 59.87224659], [17.61103356, 59.87238528], [17.61061948, 59.87256694], [17.61033332, 59.87274139], [17.61015984, 59.87284597], [17.60991617, 59.87299298], [17.60949686, 59.87327157], [17.60937625, 59.8734078], [17.60903108, 59.87373189], [17.60876751, 59.87411401], [17.60823193, 59.87484966], [17.60770809, 59.87535927], [17.60734904, 59.87556695], [17.60707096, 59.8756965], [17.60667882, 59.87586747], [17.60789121, 59.87642866], [17.60887086, 59.87684785], [17.60997408, 59.87728256], [17.61122616, 59.87773604], [17.61214175, 59.87804959], [17.61348404, 59.87846875], [17.61451035, 59.87875602], [17.61579882, 59.87908595], [17.61677921, 59.87932094], [17.61814748, 59.87963435], [17.61944854, 59.87993794], [17.62125811, 59.8803373], [17.62180467, 59.88041319], [17.62224088, 59.87953008]]]}, "properties": {"deso": "0380C2050", "pop": 1138.0, "income": 325.6, "male_frac": 0.4494, "child_frac": 0.0879, "elder_frac": 0.3278, "dependency": 0.7113, "needZ": 0.2119, "needZ_v1": 0.577, "regso": "0380R052", "higher_ed": 80.0, "neet": 11.2, "income_support": 0.6}}, {"type": "Feature", "geometry": {"type": "Polygon", "coordinates": [[[17.62940094, 59.88042845], [17.63141283, 59.88022164], [17.63291182, 59.88018997], [17.63391644, 59.88025251], [17.63509064, 59.8803943], [17.63521392, 59.87895861], [17.6352171, 59.87889639], [17.63528817, 59.87463735], [17.63534596, 59.87444226], [17.6353007, 59.87288626], [17.63530036, 59.87254512], [17.63519738, 59.87251377], [17.63095596, 59.87122645], [17.63071136, 59.87146111], [17.63026884, 59.87217632], [17.63023743, 59.87258986], [17.62875612, 59.87260049], [17.62890936, 59.87376639], [17.62902208, 59.87420472], [17.62928082, 59.87469511], [17.62724438, 59.87467827], [17.62651101, 59.87466164], [17.62624341, 59.87512463], [17.62484102, 59.8749901], [17.62393009, 59.87666315], [17.62294803, 59.8784295], [17.62271562, 59.87840503], [17.62224088, 59.87953008], [17.62180467, 59.88041319], [17.62312742, 59.88057422], [17.62342781, 59.8805859], [17.62452516, 59.88066556], [17.62645847, 59.88063151], [17.62940094, 59.88042845]]]}, "properties": {"deso": "0380C2060", "pop": 1334.0, "income": 498.0, "male_frac": 0.494, "child_frac": 0.1432, "elder_frac": 0.2894, "dependency": 0.7622, "needZ": -0.8471, "needZ_v1": -0.731, "regso": "0380R061", "higher_ed": 92.6, "neet": 7.9, "income_support": 0.1}}, {"type": "Feature", "geometry": {"type": "Polygon", "coordinates": [[[17.66429619, 59.88033103], [17.66504362, 59.88028015], [17.66589644, 59.8802222], [17.66787456, 59.87995353], [17.66823748, 59.87983489], [17.66838146, 59.8795978], [17.66840194, 59.87955175], [17.66866649, 59.87895463], [17.66872845, 59.87887639], [17.66876338, 59.8788323], [17.6688758, 59.87874738], [17.66906205, 59.87865145], [17.66910323, 59.8786137], [17.66914424, 59.87849484], [17.66918179, 59.87830329], [17.66918597, 59.878282], [17.66921592, 59.87825292], [17.66944683, 59.87802862], [17.66947482, 59.87795862], [17.66948769, 59.8779262], [17.66950316, 59.87788753], [17.66949398, 59.87769594], [17.66949384, 59.87762624], [17.66953474, 59.87756667], [17.66959279, 59.87750944], [17.67095424, 59.87663254], [17.67096012, 59.87662874], [17.67086042, 59.87659645], [17.67025504, 59.87639997], [17.66848511, 59.8758255], [17.66753556, 59.87551724], [17.66743645, 59.87548503], [17.66546224, 59.8748886], [17.66540425, 59.87487109], [17.66556671, 59.87476531], [17.66564038, 59.87471729], [17.66557431, 59.87469644], [17.66546382, 59.87464703], [17.66524841, 59.87453327], [17.66501962, 59.87441251], [17.66434956, 59.87405869], [17.66366243, 59.87369578], [17.66358827, 59.87365659], [17.66212329, 59.87285705], [17.66074249, 59.87215846], [17.66074101, 59.87215292], [17.6562663, 59.86978973], [17.65616055, 59.8698401], [17.65086791, 59.87226432], [17.65230963, 59.87313451], [17.65320411, 59.87378972], [17.65388139, 59.8743928], [17.65427594, 59.87481501], [17.65458578, 59.87520229], [17.65496082, 59.87513966], [17.65542901, 59.87505153], [17.65685873, 59.87478637], [17.65825656, 59.87452443], [17.65902287, 59.87440162], [17.65914417, 59.87456804], [17.65935012, 59.87487709], [17.65953686, 59.87518923], [17.65964598, 59.87539479], [17.65985176, 59.87582161], [17.65997957, 59.87614105], [17.66004361, 59.87633566], [17.66010783, 59.87653072], [17.66029482, 59.87745411], [17.66036744, 59.87921023], [17.66297082, 59.88037742], [17.66325697, 59.88037477], [17.66429619, 59.88033103]]]}, "properties": {"deso": "0380C2040", "pop": 2492.0, "income": 254.0, "male_frac": 0.4968, "child_frac": 0.2231, "elder_frac": 0.061, "dependency": 0.3969, "needZ": 1.1911, "needZ_v1": 0.5536, "regso": "0380R048", "higher_ed": 62.7, "neet": 18.2, "income_support": 2.6}}, {"type": "Feature", "geometry": {"type": "Polygon", "coordinates": [[[17.64551781, 59.88285029], [17.64571735, 59.88257376], [17.64586032, 59.88214009], [17.64591179, 59.8818977], [17.64591534, 59.88131414], [17.64591931, 59.88073946], [17.64591482, 59.8800047], [17.6458979, 59.87967701], [17.64585841, 59.87882645], [17.64577791, 59.87817362], [17.64563948, 59.87761877], [17.64530231, 59.8770275], [17.64509176, 59.87675543], [17.64482766, 59.87649001], [17.64440828, 59.8761713], [17.6434729, 59.87558602], [17.64326771, 59.87571319], [17.64073383, 59.87689204], [17.64057879, 59.87696422], [17.63560031, 59.87881498], [17.63521392, 59.87895861], [17.63509064, 59.8803943], [17.63512944, 59.88040223], [17.63627566, 59.88063897], [17.64399336, 59.8825853], [17.64550959, 59.88286178], [17.64551781, 59.88285029]]]}, "properties": {"deso": "0380C2130", "pop": 1029.0, "income": 278.4, "male_frac": 0.4605, "child_frac": 0.1254, "elder_frac": 0.3294, "dependency": 0.8342, "needZ": 0.9661, "needZ_v1": 1.1996, "regso": "0380R013", "higher_ed": 67.2, "neet": 16.2, "income_support": 0.8}}, {"type": "Feature", "geometry": {"type": "Polygon", "coordinates": [[[17.65542777, 59.88305981], [17.65535241, 59.88238513], [17.65530064, 59.88177529], [17.65524752, 59.88128331], [17.65524604, 59.88079201], [17.65530456, 59.88023994], [17.65543282, 59.87882406], [17.6546851, 59.8787768], [17.65439818, 59.87868647], [17.65356892, 59.87869402], [17.65151985, 59.87871267], [17.65146893, 59.87871351], [17.65067325, 59.87872073], [17.64848662, 59.87874056], [17.64819179, 59.87874326], [17.64660396, 59.87875767], [17.64660308, 59.87875768], [17.64642812, 59.87882596], [17.64642726, 59.87882625], [17.64614171, 59.87882884], [17.64585841, 59.87882645], [17.6458979, 59.87967701], [17.64591482, 59.8800047], [17.64591931, 59.88073946], [17.64591534, 59.88131414], [17.64591179, 59.8818977], [17.64586032, 59.88214009], [17.64571735, 59.88257376], [17.64551781, 59.88285029], [17.64553172, 59.88286582], [17.64592588, 59.8829144], [17.64727087, 59.88312603], [17.65547816, 59.88409356], [17.65554422, 59.8841013], [17.65554541, 59.88410146], [17.65542777, 59.88305981]]]}, "properties": {"deso": "0380C2150", "pop": 1689.0, "income": 278.4, "male_frac": 0.4862, "child_frac": 0.2001, "elder_frac": 0.164, "dependency": 0.5726, "needZ": 0.7495, "needZ_v1": 0.6942, "regso": "0380R013", "higher_ed": 67.2, "neet": 16.2, "income_support": 0.8}}, {"type": "Feature", "geometry": {"type": "Polygon", "coordinates": [[[17.57774395, 59.8867958], [17.57853838, 59.88648474], [17.5794962, 59.88630017], [17.58046149, 59.88612273], [17.58090092, 59.88595585], [17.58110081, 59.88579645], [17.5815578, 59.88557678], [17.58215748, 59.88539714], [17.58324866, 59.88511023], [17.5837155, 59.88492269], [17.58472237, 59.88452622], [17.58543935, 59.88427466], [17.58639681, 59.88398433], [17.58710613, 59.8837577], [17.58788075, 59.88336074], [17.58827599, 59.88304354], [17.58873681, 59.88281164], [17.58976355, 59.88258486], [17.59053359, 59.88235513], [17.59103861, 59.88217624], [17.5915071, 59.88206777], [17.59182204, 59.88202026], [17.59259757, 59.88191607], [17.59287293, 59.88186376], [17.59346781, 59.88165812], [17.5938454, 59.88152188], [17.59417623, 59.88144009], [17.59514169, 59.8812884], [17.59598206, 59.88119396], [17.59643052, 59.88111057], [17.59678849, 59.88094408], [17.59708533, 59.88064226], [17.59727712, 59.88050321], [17.59750864, 59.88037082], [17.5980965, 59.88010431], [17.59857682, 59.8798913], [17.59963595, 59.87938132], [17.59993458, 59.87917629], [17.60079097, 59.87874089], [17.60126882, 59.87854768], [17.60159111, 59.8783817], [17.60209401, 59.8780661], [17.60237498, 59.87792581], [17.60302689, 59.87759559], [17.60339915, 59.87736789], [17.60373938, 59.87720353], [17.60432819, 59.87689215], [17.60475173, 59.87669658], [17.60570141, 59.8762647], [17.60618694, 59.876082], [17.60667882, 59.87586747], [17.60707096, 59.8756965], [17.60734904, 59.87556695], [17.60770809, 59.87535927], [17.60823193, 59.87484966], [17.60876751, 59.87411401], [17.60903108, 59.87373189], [17.60937625, 59.8734078], [17.60949686, 59.87327157], [17.60991617, 59.87299298], [17.61015984, 59.87284597], [17.61033332, 59.87274139], [17.61061948, 59.87256694], [17.61103356, 59.87238528], [17.61129188, 59.87224659], [17.61210312, 59.87181076], [17.6121789, 59.87177], [17.61296745, 59.8714001], [17.61355689, 59.87123031], [17.61431464, 59.87106885], [17.61507251, 59.87091099], [17.61597604, 59.87080483], [17.6163002, 59.87076578], [17.61629425, 59.87072566], [17.61613607, 59.86966531], [17.61520679, 59.86969464], [17.61386916, 59.86970764], [17.61297963, 59.8696802], [17.61313109, 59.869303], [17.61455123, 59.86883827], [17.61483347, 59.86874023], [17.61476299, 59.86869259], [17.61445245, 59.86848282], [17.61418283, 59.86830072], [17.61376931, 59.86802132], [17.61353173, 59.86786067], [17.61328841, 59.86769627], [17.61282558, 59.86738354], [17.61259662, 59.86722739], [17.61132873, 59.86727751], [17.60904655, 59.86735034], [17.60795849, 59.86740549], [17.60801041, 59.86735182], [17.60785352, 59.86741017], [17.60785293, 59.86741018], [17.60785225, 59.86741091], [17.60764753, 59.86742099], [17.60757987, 59.8674243], [17.60736353, 59.86743461], [17.60622643, 59.86749009], [17.60576691, 59.86751239], [17.60517413, 59.86754118], [17.60507404, 59.86754604], [17.60495653, 59.86755232], [17.60442689, 59.86758031], [17.6037787, 59.86761451], [17.60365443, 59.8676211], [17.60241509, 59.86767866], [17.59941529, 59.86781786], [17.59939506, 59.86783048], [17.59937669, 59.86785366], [17.59931717, 59.86787809], [17.59882192, 59.86791464], [17.59839368, 59.86793944], [17.59799269, 59.86801157], [17.59779157, 59.86795267], [17.5966757, 59.8680107], [17.59646646, 59.86806863], [17.59631486, 59.86807045], [17.596227, 59.86795452], [17.59615457, 59.86785885], [17.59583199, 59.86787284], [17.5956066, 59.86788241], [17.59325908, 59.86792112], [17.59322144, 59.86792204], [17.59190888, 59.86795526], [17.58983071, 59.86796984], [17.58977594, 59.86797028], [17.58969199, 59.86797059], [17.58787557, 59.86799427], [17.58352229, 59.8680486], [17.58296287, 59.86806901], [17.5821659, 59.86809811], [17.58206527, 59.86810359], [17.58149454, 59.86813589], [17.58037865, 59.86822441], [17.58022636, 59.86827428], [17.57992697, 59.86838416], [17.57988843, 59.86837549], [17.57986193, 59.86836047], [17.57631434, 59.86863024], [17.57329591, 59.86887367], [17.57104726, 59.86906221], [17.57117335, 59.86937853], [17.57118604, 59.86940361], [17.57136201, 59.86973439], [17.57157635, 59.87005437], [17.57164029, 59.87017456], [17.57183698, 59.8704683], [17.57176738, 59.87053226], [17.57147855, 59.87084249], [17.57122943, 59.87116128], [17.57116198, 59.87125134], [17.57095364, 59.87157741], [17.57078702, 59.8719095], [17.57066258, 59.87224615], [17.57063116, 59.87234108], [17.57054957, 59.87268103], [17.57051099, 59.87302292], [17.57051578, 59.87336532], [17.57052174, 59.87346158], [17.57053059, 59.87352464], [17.57056978, 59.87380313], [17.57066097, 59.87414249], [17.57079476, 59.87447823], [17.57083782, 59.87457206], [17.57101381, 59.87490285], [17.57123119, 59.87522744], [17.57146822, 59.8755185], [17.57140695, 59.87556083], [17.57116745, 59.8757509], [17.57115138, 59.8757584], [17.57068408, 59.87600788], [17.57024927, 59.87627173], [17.5698485, 59.87654893], [17.56982822, 59.87656307], [17.56946345, 59.8768524], [17.56913593, 59.87715286], [17.56884702, 59.87746308], [17.56883277, 59.8774789], [17.56858357, 59.8777976], [17.56837516, 59.87812367], [17.56820848, 59.87845575], [17.56820051, 59.87847271], [17.56807602, 59.87880936], [17.56799438, 59.8791493], [17.56795578, 59.8794912], [17.56795447, 59.87950856], [17.56795923, 59.87985095], [17.56800725, 59.8801925], [17.56809844, 59.88053186], [17.56810404, 59.88054909], [17.56823783, 59.88088483], [17.56841384, 59.88121562], [17.56863123, 59.88154022], [17.5686434, 59.88155651], [17.56890146, 59.88187339], [17.56919909, 59.88218151], [17.56920258, 59.88218467], [17.56928621, 59.8823096], [17.56954429, 59.88262648], [17.56956539, 59.88265158], [17.56986302, 59.88295961], [17.56988904, 59.88298344], [17.57022497, 59.88328147], [17.57059791, 59.88356826], [17.57063368, 59.88359442], [17.57104207, 59.88386866], [17.57209294, 59.88455836], [17.57213823, 59.88459322], [17.57217321, 59.8846185], [17.57258162, 59.88489274], [17.57289196, 59.8850956], [17.57312372, 59.88524691], [17.57335941, 59.88549075], [17.57369539, 59.88578877], [17.5737224, 59.88581204], [17.57400372, 59.88602831], [17.57411076, 59.88611443], [17.57448377, 59.88640112], [17.57489223, 59.88667544], [17.57505866, 59.8867841], [17.57517934, 59.88676639], [17.57556225, 59.8867315], [17.5764819, 59.88676381], [17.5772118, 59.88685067], [17.57774395, 59.8867958]]]}, "properties": {"deso": "0380C2090", "pop": 1950.0, "income": 359.5, "male_frac": 0.5046, "child_frac": 0.1554, "elder_frac": 0.18, "dependency": 0.5046, "needZ": -0.0282, "needZ_v1": -0.0988, "regso": "0380R019", "higher_ed": null, "neet": 12.1, "income_support": 0.6}}, {"type": "Feature", "geometry": {"type": "Polygon", "coordinates": [[[17.69094579, 59.88436267], [17.69097906, 59.88434214], [17.6913961, 59.88407115], [17.69177819, 59.88378739], [17.69180722, 59.88376542], [17.69215255, 59.88347002], [17.69217705, 59.88344671], [17.69248439, 59.88314104], [17.69265101, 59.88294513], [17.69267388, 59.88293631], [17.69283465, 59.88286844], [17.69318071, 59.88271522], [17.69322678, 59.8827035], [17.69327906, 59.88268841], [17.69386694, 59.88251461], [17.6941481, 59.88242461], [17.69471281, 59.88223232], [17.69476081, 59.88221526], [17.69530022, 59.88200553], [17.69534493, 59.8819862], [17.69566522, 59.88184437], [17.69621423, 59.88178417], [17.69639927, 59.88175766], [17.69705532, 59.88166338], [17.69769806, 59.88154853], [17.698325, 59.88141335], [17.69893368, 59.8812585], [17.69910475, 59.88121439], [17.69969258, 59.88104056], [17.70025723, 59.88084826], [17.70079658, 59.88063841], [17.70095591, 59.88057496], [17.70146751, 59.88034844], [17.70194952, 59.88010599], [17.70239981, 59.87984874], [17.70253129, 59.87977095], [17.70294818, 59.87949992], [17.70333012, 59.87921614], [17.7036753, 59.87892071], [17.70376865, 59.87883624], [17.70383341, 59.87877168], [17.7039746, 59.87870644], [17.70413624, 59.87863171], [17.70429859, 59.8785566], [17.70446122, 59.8784814], [17.70135882, 59.87822189], [17.69949203, 59.87763149], [17.69533962, 59.87657173], [17.69431691, 59.87608236], [17.6935444, 59.87571255], [17.69337882, 59.87562943], [17.69309503, 59.87549511], [17.69304631, 59.87548488], [17.69290581, 59.87544401], [17.69249938, 59.87540022], [17.6922463, 59.87535383], [17.69200746, 59.87527779], [17.69175926, 59.87516249], [17.69136383, 59.87499407], [17.69106486, 59.87486679], [17.69068089, 59.87471978], [17.69029023, 59.87458287], [17.68987976, 59.87446155], [17.68935419, 59.87432542], [17.68884732, 59.87418909], [17.68843703, 59.87408267], [17.68790035, 59.87393662], [17.68745953, 59.87382974], [17.68696416, 59.87368957], [17.68730021, 59.87334938], [17.68768941, 59.87297584], [17.68797119, 59.87270825], [17.68813229, 59.8725757], [17.68820022, 59.87251189], [17.68838423, 59.87243304], [17.68873746, 59.87226027], [17.68903216, 59.87210344], [17.6892753, 59.87198332], [17.68971386, 59.87176525], [17.69021436, 59.87152237], [17.69063989, 59.87130376], [17.69054962, 59.87127156], [17.69057214, 59.87126032], [17.6908036, 59.87091021], [17.68997439, 59.87041641], [17.68926702, 59.8699953], [17.68867764, 59.86980702], [17.68719591, 59.86960122], [17.68708873, 59.86959676], [17.68607882, 59.86955197], [17.68566495, 59.86953365], [17.68425152, 59.86903062], [17.68407481, 59.86896775], [17.68264967, 59.86877772], [17.68255096, 59.86880892], [17.6805149, 59.86857544], [17.68052696, 59.86849462], [17.68029105, 59.86846313], [17.68026576, 59.86846005], [17.68017543, 59.86844887], [17.67991695, 59.86900449], [17.67969147, 59.86951614], [17.67954925, 59.86984141], [17.67937742, 59.87029296], [17.67918044, 59.87090634], [17.67900091, 59.87154622], [17.67880279, 59.8722517], [17.67879342, 59.87228539], [17.67867428, 59.87270918], [17.67843701, 59.87348866], [17.67823891, 59.87386699], [17.67792505, 59.87426438], [17.67776906, 59.87440974], [17.67737687, 59.87473857], [17.67684376, 59.8751053], [17.6762098, 59.87548072], [17.67617083, 59.87556235], [17.67608908, 59.87561225], [17.67694365, 59.87599172], [17.67709404, 59.87606232], [17.67784536, 59.87640185], [17.67833973, 59.87661923], [17.67888927, 59.87686289], [17.67936685, 59.87709848], [17.67997497, 59.87738495], [17.68043019, 59.87758615], [17.68090085, 59.8777978], [17.68131436, 59.87798412], [17.68180541, 59.87822195], [17.68274299, 59.87869339], [17.68301981, 59.87885114], [17.68333583, 59.87907106], [17.68365186, 59.87929097], [17.6844546, 59.87990806], [17.68653908, 59.88146587], [17.69049535, 59.88461988], [17.69094579, 59.88436267]]]}, "properties": {"deso": "0380C2110", "pop": 1575.0, "income": 345.4, "male_frac": 0.4769, "child_frac": 0.1511, "elder_frac": 0.2495, "dependency": 0.6684, "needZ": 0.0717, "needZ_v1": 0.3327, "regso": "0380R053", "higher_ed": 76.5, "neet": 10.4, "income_support": 0.3}}, {"type": "Feature", "geometry": {"type": "Polygon", "coordinates": [[[17.63856089, 59.88714814], [17.63969072, 59.8869578], [17.64075538, 59.88679894], [17.64202017, 59.88662105], [17.64344704, 59.88641466], [17.64344324, 59.88640953], [17.64341106, 59.88636625], [17.64341089, 59.88636598], [17.64311679, 59.88595017], [17.64300887, 59.88561037], [17.64304779, 59.8850261], [17.64324137, 59.8846463], [17.64357763, 59.88426472], [17.64395535, 59.88399881], [17.64454119, 59.88360485], [17.64479281, 59.88345122], [17.64500817, 59.8833198], [17.64518106, 59.88320297], [17.64518875, 59.88319769], [17.64553057, 59.88286621], [17.64553118, 59.88286637], [17.64553172, 59.88286582], [17.64551781, 59.88285029], [17.64550959, 59.88286178], [17.64399336, 59.8825853], [17.63627566, 59.88063897], [17.63512944, 59.88040223], [17.63509064, 59.8803943], [17.63503276, 59.88192442], [17.63503997, 59.88192796], [17.63503937, 59.88193911], [17.6349788, 59.88370706], [17.6349693, 59.88387558], [17.63497154, 59.88387589], [17.63540823, 59.88393676], [17.63547637, 59.88409915], [17.63575181, 59.88456188], [17.63609326, 59.88492557], [17.6371239, 59.88612321], [17.63718894, 59.88620544], [17.63742835, 59.88671506], [17.63748526, 59.88684543], [17.63768709, 59.88727325], [17.63856089, 59.88714814]]]}, "properties": {"deso": "0380C2160", "pop": 1159.0, "income": 303.2, "male_frac": 0.4549, "child_frac": 0.1726, "elder_frac": 0.2433, "dependency": 0.712, "needZ": 0.7977, "needZ_v1": 0.7611, "regso": "0380R023", "higher_ed": 62.1, "neet": 14.8, "income_support": 0.8}}, {"type": "Feature", "geometry": {"type": "Polygon", "coordinates": [[[17.68326141, 59.88927173], [17.68326155, 59.88927173], [17.68360524, 59.88901654], [17.6839507, 59.88872117], [17.68404398, 59.88863124], [17.6843513, 59.88832559], [17.68461954, 59.88801067], [17.68484734, 59.88768787], [17.68503391, 59.88735854], [17.68508867, 59.88726077], [17.6852331, 59.8869261], [17.68533504, 59.88658754], [17.68539404, 59.88624644], [17.68540184, 59.8861879], [17.68565597, 59.88615137], [17.68571465, 59.88614235], [17.68635751, 59.88602756], [17.68640592, 59.88601732], [17.68703299, 59.88588219], [17.6876418, 59.88572739], [17.68768811, 59.88571486], [17.68827607, 59.88554108], [17.6883197, 59.88552636], [17.68888449, 59.8853341], [17.68942399, 59.88512439], [17.68946449, 59.88510749], [17.68997624, 59.88488101], [17.69045839, 59.8846386], [17.69049535, 59.88461988], [17.68653908, 59.88146587], [17.6844546, 59.87990806], [17.68365186, 59.87929097], [17.68333583, 59.87907106], [17.68301981, 59.87885114], [17.68274299, 59.87869339], [17.68180541, 59.87822195], [17.68131436, 59.87798412], [17.68090085, 59.8777978], [17.68043019, 59.87758615], [17.67997497, 59.87738495], [17.67936685, 59.87709848], [17.67888927, 59.87686289], [17.67833973, 59.87661923], [17.67784536, 59.87640185], [17.67709404, 59.87606232], [17.67694365, 59.87599172], [17.67608908, 59.87561225], [17.67540752, 59.87530956], [17.67495095, 59.87512383], [17.67445747, 59.87491701], [17.67256917, 59.87402998], [17.67134623, 59.87346591], [17.67116812, 59.87338374], [17.67070204, 59.87316881], [17.67060106, 59.87312227], [17.67032355, 59.87299316], [17.66989758, 59.87279502], [17.6696665, 59.87269345], [17.66938989, 59.87257177], [17.66833561, 59.87210854], [17.66804406, 59.87198034], [17.66797014, 59.87194789], [17.66784933, 59.87189473], [17.66772349, 59.87183953], [17.66693133, 59.87148047], [17.66678134, 59.87157243], [17.66655227, 59.87169815], [17.66648821, 59.87173161], [17.66488731, 59.87236818], [17.66384933, 59.87278342], [17.66348667, 59.87291912], [17.6633969, 59.87295004], [17.66294787, 59.87282043], [17.66282546, 59.87278402], [17.66271221, 59.87277184], [17.66260006, 59.872768], [17.66248798, 59.87277225], [17.66237814, 59.87278444], [17.66227306, 59.87280444], [17.66217462, 59.87283185], [17.66212329, 59.87285705], [17.66358827, 59.87365659], [17.66366243, 59.87369578], [17.66434956, 59.87405869], [17.66501962, 59.87441251], [17.66524841, 59.87453327], [17.66546382, 59.87464703], [17.66557431, 59.87469644], [17.66564038, 59.87471729], [17.66556671, 59.87476531], [17.66540425, 59.87487109], [17.66546224, 59.8748886], [17.66743645, 59.87548503], [17.66753556, 59.87551724], [17.66848511, 59.8758255], [17.67025504, 59.87639997], [17.67086042, 59.87659645], [17.67096012, 59.87662874], [17.67095424, 59.87663254], [17.66959279, 59.87750944], [17.66953474, 59.87756667], [17.66949384, 59.87762624], [17.66949398, 59.87769594], [17.66950316, 59.87788753], [17.66948769, 59.8779262], [17.66947482, 59.87795862], [17.66944683, 59.87802862], [17.66921592, 59.87825292], [17.66918597, 59.878282], [17.66918179, 59.87830329], [17.66914424, 59.87849484], [17.66910323, 59.8786137], [17.66906205, 59.87865145], [17.6688758, 59.87874738], [17.66876338, 59.8788323], [17.66872845, 59.87887639], [17.66866649, 59.87895463], [17.66840194, 59.87955175], [17.66838146, 59.8795978], [17.66823748, 59.87983489], [17.66787456, 59.87995353], [17.66589644, 59.8802222], [17.66504362, 59.88028015], [17.66429619, 59.88033103], [17.66325697, 59.88037477], [17.66297082, 59.88037742], [17.66036744, 59.87921023], [17.66036756, 59.87924499], [17.65933626, 59.87925648], [17.65890379, 59.87926126], [17.6588949, 59.8790596], [17.65849176, 59.87887983], [17.65710163, 59.87889531], [17.65636412, 59.87883196], [17.65554009, 59.87882199], [17.65543282, 59.87882406], [17.65530456, 59.88023994], [17.65524604, 59.88079201], [17.65524752, 59.88128331], [17.65530064, 59.88177529], [17.65535241, 59.88238513], [17.65542777, 59.88305981], [17.65554541, 59.88410146], [17.65848788, 59.88456397], [17.65982056, 59.88480959], [17.66167457, 59.88520203], [17.66500421, 59.88611404], [17.66794037, 59.8872842], [17.66959341, 59.88815047], [17.66958485, 59.88815406], [17.67224803, 59.88944517], [17.67614504, 59.88982316], [17.67989619, 59.88980411], [17.68326141, 59.88927173]]]}, "properties": {"deso": "0380C2140", "pop": 2576.0, "income": 311.0, "male_frac": 0.4943, "child_frac": 0.1693, "elder_frac": 0.1522, "dependency": 0.4737, "needZ": 0.4946, "needZ_v1": 0.2371, "regso": "0380R057", "higher_ed": 61.3, "neet": 11.9, "income_support": 1.0}}, {"type": "Feature", "geometry": {"type": "Polygon", "coordinates": [[[17.65045856, 59.89144758], [17.65141352, 59.89110796], [17.65383984, 59.89020011], [17.65572796, 59.88949358], [17.65576561, 59.88947953], [17.65645197, 59.88922263], [17.65719702, 59.88894378], [17.65669576, 59.88866466], [17.65618282, 59.88833512], [17.65508795, 59.88756863], [17.65512003, 59.88743864], [17.65519295, 59.88731069], [17.65478841, 59.88703492], [17.65457074, 59.88702637], [17.65368076, 59.88641949], [17.65330613, 59.88639093], [17.65215668, 59.88681667], [17.65183839, 59.88693455], [17.65103527, 59.88723196], [17.65015154, 59.88747251], [17.65015185, 59.88747268], [17.6501504, 59.88747307], [17.65036958, 59.88763375], [17.65039197, 59.88765019], [17.65010818, 59.88775534], [17.64940783, 59.88801464], [17.64925517, 59.88804502], [17.64925009, 59.88804602], [17.64920534, 59.88806345], [17.64861164, 59.88829411], [17.64778852, 59.88859289], [17.64713754, 59.88882649], [17.64691126, 59.8889099], [17.64628891, 59.88904951], [17.64606697, 59.88910418], [17.64602505, 59.88911463], [17.6468167, 59.8898854], [17.64928366, 59.89172847], [17.64929025, 59.89173355], [17.65045856, 59.89144758]]]}, "properties": {"deso": "0380C2200", "pop": 2096.0, "income": 303.2, "male_frac": 0.4878, "child_frac": 0.1288, "elder_frac": 0.2438, "dependency": 0.5939, "needZ": 0.6999, "needZ_v1": 0.533, "regso": "0380R023", "higher_ed": 62.1, "neet": 14.8, "income_support": 0.8}}, {"type": "Feature", "geometry": {"type": "Polygon", "coordinates": [[[17.61656503, 59.89189306], [17.6215751, 59.88091634], [17.62166674, 59.88096568], [17.62188306, 59.88102455], [17.62218395, 59.88106512], [17.62250837, 59.88106863], [17.62280349, 59.88103615], [17.62307435, 59.88094763], [17.62329505, 59.88081023], [17.62339712, 59.88067851], [17.62342781, 59.8805859], [17.62312742, 59.88057422], [17.62180467, 59.88041319], [17.62125811, 59.8803373], [17.61944854, 59.87993794], [17.61814748, 59.87963435], [17.61677921, 59.87932094], [17.61579882, 59.87908595], [17.61451035, 59.87875602], [17.61348404, 59.87846875], [17.61214175, 59.87804959], [17.61122616, 59.87773604], [17.60997408, 59.87728256], [17.60887086, 59.87684785], [17.60789121, 59.87642866], [17.60667882, 59.87586747], [17.60618694, 59.876082], [17.60570141, 59.8762647], [17.60475173, 59.87669658], [17.60432819, 59.87689215], [17.60373938, 59.87720353], [17.60339915, 59.87736789], [17.60302689, 59.87759559], [17.60237498, 59.87792581], [17.60209401, 59.8780661], [17.60159111, 59.8783817], [17.60126882, 59.87854768], [17.60079097, 59.87874089], [17.59993458, 59.87917629], [17.59963595, 59.87938132], [17.59857682, 59.8798913], [17.5980965, 59.88010431], [17.59750864, 59.88037082], [17.59727712, 59.88050321], [17.59708533, 59.88064226], [17.59678849, 59.88094408], [17.59643052, 59.88111057], [17.59598206, 59.88119396], [17.59514169, 59.8812884], [17.59417623, 59.88144009], [17.5938454, 59.88152188], [17.59346781, 59.88165812], [17.59287293, 59.88186376], [17.59259757, 59.88191607], [17.59182204, 59.88202026], [17.5915071, 59.88206777], [17.59103861, 59.88217624], [17.59053359, 59.88235513], [17.58976355, 59.88258486], [17.58873681, 59.88281164], [17.58827599, 59.88304354], [17.58788075, 59.88336074], [17.58710613, 59.8837577], [17.58639681, 59.88398433], [17.58543935, 59.88427466], [17.58472237, 59.88452622], [17.5837155, 59.88492269], [17.58324866, 59.88511023], [17.58215748, 59.88539714], [17.5815578, 59.88557678], [17.58110081, 59.88579645], [17.58090092, 59.88595585], [17.58046149, 59.88612273], [17.5794962, 59.88630017], [17.57853838, 59.88648474], [17.57774395, 59.8867958], [17.5772118, 59.88685067], [17.5764819, 59.88676381], [17.57556225, 59.8867315], [17.57517934, 59.88676639], [17.57505866, 59.8867841], [17.5754505, 59.8870398], [17.57589301, 59.88730052], [17.57603664, 59.88737738], [17.57651104, 59.88762346], [17.57701564, 59.88785395], [17.57754845, 59.8880679], [17.57757439, 59.88807727], [17.57784475, 59.88818578], [17.57788546, 59.88820142], [17.57844421, 59.88839806], [17.57848773, 59.88841176], [17.57907028, 59.88859015], [17.57967407, 59.88874961], [17.57971992, 59.88876111], [17.58034284, 59.88890106], [17.58039073, 59.88891027], [17.58103008, 59.88903014], [17.58168317, 59.88912944], [17.5817325, 59.88913638], [17.58239694, 59.8892147], [17.58244741, 59.88921919], [17.58312037, 59.88927614], [17.58379932, 59.8893116], [17.58385049, 59.88931365], [17.58453247, 59.88932739], [17.58458374, 59.88932693], [17.5852661, 59.88931902], [17.58594604, 59.88928932], [17.58599697, 59.88928643], [17.58667184, 59.88923519], [17.58672199, 59.88922989], [17.58738901, 59.88915733], [17.58804553, 59.88906359], [17.58809446, 59.88905589], [17.58873773, 59.88894157], [17.58878486, 59.88893157], [17.58941239, 59.8887969], [17.59002173, 59.88864255], [17.59006692, 59.88863035], [17.59065545, 59.888457], [17.59070515, 59.88844022], [17.59127057, 59.88824837], [17.59207448, 59.88794845], [17.59217854, 59.88792188], [17.59276706, 59.88774853], [17.59318628, 59.88761408], [17.59375167, 59.88742222], [17.5942918, 59.88721281], [17.59445683, 59.88714767], [17.59496926, 59.88692146], [17.5953808, 59.88671521], [17.5956631, 59.88664363], [17.59625157, 59.88647026], [17.59625631, 59.88646864], [17.59790605, 59.88601736], [17.59801383, 59.88598757], [17.59815236, 59.8861307], [17.59817681, 59.88615492], [17.59851302, 59.88645288], [17.59854209, 59.88647583], [17.59891531, 59.88676255], [17.59932397, 59.8870367], [17.59935762, 59.88705804], [17.59980032, 59.88731868], [17.59995841, 59.88740062], [17.60014136, 59.88752339], [17.60058406, 59.88778403], [17.60105865, 59.88803002], [17.60119728, 59.8880968], [17.60170206, 59.8883272], [17.60223503, 59.88854104], [17.60279392, 59.88873758], [17.60297069, 59.88879426], [17.60355337, 59.88897254], [17.60415728, 59.88913189], [17.60417443, 59.88913622], [17.60448058, 59.88922996], [17.60474761, 59.8893004], [17.60476918, 59.88930851], [17.60532811, 59.88950503], [17.60591082, 59.8896833], [17.60611408, 59.88974503], [17.60664727, 59.88988574], [17.60673359, 59.88996208], [17.60710693, 59.89024877], [17.6075157, 59.8905229], [17.60763215, 59.89059982], [17.60807495, 59.89086043], [17.60854964, 59.89110639], [17.60905451, 59.89133675], [17.60919856, 59.89140073], [17.60973163, 59.89161454], [17.61029062, 59.89181105], [17.61087339, 59.89198929], [17.61103953, 59.89203791], [17.61164353, 59.89219723], [17.61226665, 59.89233703], [17.61290618, 59.89245675], [17.61310466, 59.89249107], [17.61375791, 59.89259021], [17.61426081, 59.8926502], [17.61559847, 59.89278515], [17.61610607, 59.89281495], [17.61656503, 59.89189306]]]}, "properties": {"deso": "0380C2170", "pop": 953.0, "income": 498.0, "male_frac": 0.5229, "child_frac": 0.1983, "elder_frac": 0.1637, "dependency": 0.5674, "needZ": -1.0084, "needZ_v1": -1.1074, "regso": "0380R061", "higher_ed": 92.6, "neet": 7.9, "income_support": 0.1}}, {"type": "Feature", "geometry": {"type": "Polygon", "coordinates": [[[17.64210705, 59.89259004], [17.64271172, 59.89253669], [17.64358313, 59.89246153], [17.64427622, 59.89238932], [17.6450319, 59.89231801], [17.64647093, 59.8921727], [17.64752665, 59.89203875], [17.64812926, 59.89195056], [17.64858564, 59.89185892], [17.64871246, 59.89183338], [17.64919171, 59.89174568], [17.64928366, 59.89172847], [17.6468167, 59.8898854], [17.64602505, 59.88911463], [17.64494461, 59.88799854], [17.64404079, 59.88702288], [17.64344704, 59.88641466], [17.64202017, 59.88662105], [17.64075538, 59.88679894], [17.63969072, 59.8869578], [17.63856089, 59.88714814], [17.63768709, 59.88727325], [17.63748526, 59.88684543], [17.63742835, 59.88671506], [17.63718894, 59.88620544], [17.6371239, 59.88612321], [17.63609326, 59.88492557], [17.63575181, 59.88456188], [17.63547637, 59.88409915], [17.63540823, 59.88393676], [17.63497154, 59.88387589], [17.6349693, 59.88387558], [17.63493217, 59.88453257], [17.63491048, 59.88489517], [17.63491052, 59.8848957], [17.6346794, 59.88489575], [17.63467837, 59.88489577], [17.63457116, 59.88501244], [17.63457106, 59.88514699], [17.63489254, 59.88514703], [17.63487457, 59.88626003], [17.63487461, 59.88633126], [17.63487465, 59.8863318], [17.63351865, 59.88638559], [17.63351732, 59.88638562], [17.63351849, 59.88641335], [17.63353675, 59.88683767], [17.63353256, 59.88904138], [17.63353047, 59.88956788], [17.63352726, 59.89032793], [17.63352553, 59.8907399], [17.63352398, 59.8910667], [17.63352366, 59.89112968], [17.63352062, 59.89116576], [17.63350774, 59.89139955], [17.63350632, 59.89142266], [17.63351359, 59.89142692], [17.63378965, 59.8915935], [17.63422468, 59.89197472], [17.63446849, 59.89223096], [17.63447654, 59.89223952], [17.63466961, 59.89264444], [17.63503586, 59.89266145], [17.63655817, 59.89266952], [17.63829137, 59.89269132], [17.63845888, 59.89270638], [17.64020438, 59.89269547], [17.64210705, 59.89259004]]]}, "properties": {"deso": "0380C2190", "pop": 1341.0, "income": 461.4, "male_frac": 0.4944, "child_frac": 0.1484, "elder_frac": 0.1626, "dependency": 0.4513, "needZ": -0.7488, "needZ_v1": -1.0332, "regso": "0380R007", "higher_ed": 80.9, "neet": 8.3, "income_support": 0.1}}, {"type": "Feature", "geometry": {"type": "Polygon", "coordinates": [[[17.62768614, 59.90729695], [17.62773781, 59.90729385], [17.62841297, 59.90724239], [17.62846387, 59.90723688], [17.62913115, 59.90716411], [17.6292999, 59.90713999], [17.62974323, 59.90714875], [17.63042595, 59.9071406], [17.63063575, 59.90713578], [17.63131601, 59.90710585], [17.63199116, 59.90705437], [17.63265843, 59.90698157], [17.63284539, 59.90695844], [17.63350213, 59.90686447], [17.63414558, 59.90674993], [17.63477325, 59.90661504], [17.63494759, 59.90657401], [17.63555703, 59.90641945], [17.63614563, 59.9062459], [17.63671109, 59.90605386], [17.6367472, 59.90604057], [17.63710516, 59.90610741], [17.63775875, 59.90620643], [17.63780945, 59.90621341], [17.63847436, 59.90629145], [17.63852619, 59.90629589], [17.63919958, 59.90635255], [17.63987893, 59.90638772], [17.63993144, 59.90638954], [17.64061379, 59.90640299], [17.64129649, 59.90639479], [17.64134894, 59.90639409], [17.64202917, 59.90636411], [17.64208141, 59.90636081], [17.64275653, 59.90630928], [17.64342376, 59.90623643], [17.64347492, 59.90623055], [17.64413161, 59.90613654], [17.64418154, 59.90612826], [17.64482494, 59.90601366], [17.64545256, 59.90587872], [17.64550863, 59.9058661], [17.64611801, 59.90571149], [17.64709395, 59.90546311], [17.64714731, 59.90544784], [17.64773584, 59.90527425], [17.64830121, 59.90508216], [17.64834409, 59.90506692], [17.64888416, 59.90485729], [17.64892379, 59.90484005], [17.64943611, 59.90461364], [17.64991885, 59.90437138], [17.64995508, 59.90435214], [17.65040609, 59.90409507], [17.65043835, 59.90407421], [17.65085596, 59.90380334], [17.65123863, 59.9035197], [17.65126664, 59.9034974], [17.65161253, 59.90320211], [17.65192043, 59.90289653], [17.65194377, 59.90287289], [17.65221243, 59.90255803], [17.65223111, 59.90253341], [17.65245932, 59.90221066], [17.65264629, 59.90188137], [17.65266018, 59.90185585], [17.652805, 59.90152122], [17.65281383, 59.90149517], [17.65291615, 59.90115663], [17.65295782, 59.90091749], [17.65296087, 59.9009168], [17.6529645, 59.9009161], [17.65298409, 59.90091211], [17.65361157, 59.90077713], [17.65363576, 59.90077162], [17.6536375, 59.90077122], [17.65364011, 59.90077063], [17.65424935, 59.90061599], [17.65426697, 59.90061132], [17.65427346, 59.90060948], [17.65429003, 59.90060466], [17.6542922, 59.90060407], [17.65488061, 59.90043044], [17.65488305, 59.90042968], [17.65489914, 59.90042432], [17.65489972, 59.90042413], [17.65546496, 59.90023201], [17.65548632, 59.9002244], [17.65548848, 59.90022363], [17.65549578, 59.90022088], [17.65603573, 59.90001131], [17.6560413, 59.90000904], [17.65605231, 59.90000469], [17.65623752, 59.89992891], [17.65634191, 59.89991028], [17.65696936, 59.89977529], [17.65701671, 59.89976427], [17.65762592, 59.89960961], [17.65767101, 59.89959631], [17.65825938, 59.89942266], [17.65882459, 59.89923053], [17.65886671, 59.89921513], [17.65932582, 59.8990369], [17.65944329, 59.89901594], [17.66007072, 59.89888093], [17.6606799, 59.89872626], [17.66086276, 59.89867657], [17.66145109, 59.89850292], [17.66148168, 59.8984926], [17.66166459, 59.89843069], [17.66214412, 59.89826848], [17.66270929, 59.89807634], [17.66324915, 59.89786664], [17.66341013, 59.89779979], [17.66392225, 59.89757341], [17.66440478, 59.8973311], [17.66485559, 59.89707397], [17.66497659, 59.89699958], [17.665394, 59.89672866], [17.66577646, 59.89644499], [17.66612215, 59.89614965], [17.66621208, 59.89606493], [17.66651458, 59.89576427], [17.66651963, 59.89575932], [17.6667881, 59.89544444], [17.66701612, 59.89512166], [17.6670717, 59.89502964], [17.66725849, 59.89470033], [17.66740312, 59.89436568], [17.66750528, 59.89402713], [17.66752415, 59.89393154], [17.66758333, 59.89359044], [17.66759922, 59.89324816], [17.66757178, 59.89290604], [17.66755348, 59.8928103], [17.66748282, 59.89246977], [17.66742649, 59.89230231], [17.6674483, 59.89230411], [17.66763903, 59.89231633], [17.66831813, 59.89235135], [17.6690002, 59.89236465], [17.66968259, 59.8923563], [17.66985725, 59.89235016], [17.66997823, 59.89236037], [17.67017525, 59.8923738], [17.67085435, 59.89240881], [17.67153642, 59.8924221], [17.67221882, 59.89241374], [17.67241731, 59.89240693], [17.67309722, 59.89237678], [17.673772, 59.89232509], [17.67443888, 59.89225209], [17.67463046, 59.89222529], [17.67528678, 59.89213112], [17.6759298, 59.89201638], [17.67655702, 59.89188129], [17.67716599, 59.89172654], [17.6773591, 59.89167672], [17.67794723, 59.89150299], [17.67992893, 59.89085619], [17.67993008, 59.8908558], [17.67995652, 59.89084727], [17.68052145, 59.89065505], [17.68106108, 59.89044528], [17.68123299, 59.89037585], [17.68174487, 59.89014931], [17.68222716, 59.88990693], [17.68267773, 59.88964975], [17.68280585, 59.88957124], [17.68322302, 59.88930027], [17.68326141, 59.88927173], [17.67989619, 59.88980411], [17.67614504, 59.88982316], [17.67224803, 59.88944517], [17.66958485, 59.88815406], [17.66959341, 59.88815047], [17.66794037, 59.8872842], [17.66500421, 59.88611404], [17.65950696, 59.88815135], [17.65798216, 59.8886706], [17.65719702, 59.88894378], [17.65645197, 59.88922263], [17.65576561, 59.88947953], [17.65572796, 59.88949358], [17.65383984, 59.89020011], [17.65141352, 59.89110796], [17.65045856, 59.89144758], [17.64929025, 59.89173355], [17.64928366, 59.89172847], [17.64919171, 59.89174568], [17.64871246, 59.89183338], [17.64858564, 59.89185892], [17.64812926, 59.89195056], [17.64752665, 59.89203875], [17.64647093, 59.8921727], [17.6450319, 59.89231801], [17.64427622, 59.89238932], [17.64358313, 59.89246153], [17.64271172, 59.89253669], [17.64210705, 59.89259004], [17.64020438, 59.89269547], [17.63845888, 59.89270638], [17.63829137, 59.89269132], [17.63655817, 59.89266952], [17.63503586, 59.89266145], [17.63466961, 59.89264444], [17.63447654, 59.89223952], [17.63446849, 59.89223096], [17.63422468, 59.89197472], [17.63378965, 59.8915935], [17.63351359, 59.89142692], [17.63350632, 59.89142266], [17.63350774, 59.89139955], [17.63352062, 59.89116576], [17.63352366, 59.89112968], [17.63352398, 59.8910667], [17.63352553, 59.8907399], [17.63352726, 59.89032793], [17.63353047, 59.88956788], [17.63353256, 59.88904138], [17.63353675, 59.88683767], [17.63351849, 59.88641335], [17.63351732, 59.88638562], [17.63351865, 59.88638559], [17.63487465, 59.8863318], [17.63487461, 59.88633126], [17.63487457, 59.88626003], [17.63489254, 59.88514703], [17.63457106, 59.88514699], [17.63457116, 59.88501244], [17.63467837, 59.88489577], [17.6346794, 59.88489575], [17.63491052, 59.8848957], [17.63491048, 59.88489517], [17.63493217, 59.88453257], [17.6349693, 59.88387558], [17.6349788, 59.88370706], [17.63503937, 59.88193911], [17.63503997, 59.88192796], [17.63503276, 59.88192442], [17.63509064, 59.8803943], [17.63391644, 59.88025251], [17.63291182, 59.88018997], [17.63141283, 59.88022164], [17.62940094, 59.88042845], [17.62645847, 59.88063151], [17.62452516, 59.88066556], [17.62342781, 59.8805859], [17.62339712, 59.88067851], [17.62329505, 59.88081023], [17.62307435, 59.88094763], [17.62280349, 59.88103615], [17.62250837, 59.88106863], [17.62218395, 59.88106512], [17.62188306, 59.88102455], [17.62166674, 59.88096568], [17.6215751, 59.88091634], [17.61656503, 59.89189306], [17.61610607, 59.89281495], [17.61478391, 59.89539615], [17.61363822, 59.89783928], [17.61347647, 59.89827085], [17.61339525, 59.89861082], [17.6133571, 59.89895272], [17.61335717, 59.89904937], [17.61336241, 59.89939176], [17.61341093, 59.89973329], [17.61345789, 59.8999067], [17.61348611, 59.90010627], [17.61350793, 59.90021119], [17.61359964, 59.90055052], [17.61373397, 59.90088622], [17.61375313, 59.9009329], [17.6139297, 59.90126363], [17.6139919, 59.90136443], [17.61420986, 59.90168894], [17.61425979, 59.90174993], [17.61426084, 59.90182707], [17.61426246, 59.90185326], [17.61431099, 59.90219479], [17.61431775, 59.90222071], [17.61440947, 59.90256003], [17.61454383, 59.90289573], [17.61455557, 59.90292127], [17.61473216, 59.90325199], [17.61474871, 59.90327682], [17.6149667, 59.90360133], [17.61522539, 59.90391821], [17.61524674, 59.90394212], [17.61554499, 59.90425004], [17.61588155, 59.90454795], [17.61590737, 59.90457061], [17.61628095, 59.90485727], [17.6163111, 59.90487859], [17.61672013, 59.90515277], [17.6171632, 59.90541335], [17.61719721, 59.90543316], [17.61767217, 59.90567908], [17.61771002, 59.90569711], [17.61821518, 59.90592743], [17.61874854, 59.90614121], [17.61878964, 59.90615737], [17.61934893, 59.90635383], [17.61939296, 59.90636786], [17.61997604, 59.90654607], [17.62058035, 59.90670534], [17.62062685, 59.90671708], [17.62125027, 59.90685684], [17.62129882, 59.90686638], [17.62193866, 59.90698605], [17.62259222, 59.90708514], [17.62264248, 59.90709222], [17.62330737, 59.90717033], [17.62336723, 59.90717561], [17.62404062, 59.90723235], [17.62484873, 59.90728425], [17.62552809, 59.90731949], [17.62558861, 59.90732187], [17.62627097, 59.9073354], [17.62632315, 59.90733499], [17.62700588, 59.90732686], [17.62768614, 59.90729695]]]}, "properties": {"deso": "0380C2210", "pop": 1696.0, "income": 461.4, "male_frac": 0.4965, "child_frac": 0.2241, "elder_frac": 0.1244, "dependency": 0.5348, "needZ": -0.6796, "needZ_v1": -0.8718, "regso": "0380R007", "higher_ed": 80.9, "neet": 8.3, "income_support": 0.1}}, {"type": "Feature", "geometry": {"type": "Polygon", "coordinates": [[[17.7532275, 59.91476964], [17.7551142, 59.91403971], [17.7571116, 59.91326691], [17.75587398, 59.91292406], [17.75615715, 59.91265971], [17.75648504, 59.91232992], [17.75675264, 59.91201496], [17.75699613, 59.91166726], [17.75718211, 59.91133775], [17.75733737, 59.91097761], [17.7574449, 59.91061309], [17.75750442, 59.91024589], [17.75751939, 59.9099036], [17.75748722, 59.90953544], [17.75741559, 59.90919497], [17.75729252, 59.90883177], [17.75708496, 59.90841204], [17.75687421, 59.90806935], [17.75660329, 59.90770898], [17.75618929, 59.90725081], [17.75584213, 59.90692086], [17.75548559, 59.90662883], [17.75506405, 59.90632657], [17.75463673, 59.90605956], [17.75361532, 59.90552946], [17.75305468, 59.90529092], [17.75215935, 59.9049505], [17.75148586, 59.90467038], [17.75093852, 59.90446569], [17.75036627, 59.90427885], [17.74959885, 59.90406824], [17.74898417, 59.9039192], [17.74835181, 59.90379001], [17.74263885, 59.90520671], [17.74240263, 59.90521468], [17.74123474, 59.90525399], [17.74052171, 59.90485104], [17.73954232, 59.90429787], [17.73738876, 59.90308147], [17.73701912, 59.90281949], [17.73660297, 59.90252461], [17.73615522, 59.90220407], [17.73545791, 59.90203898], [17.7332994, 59.90246097], [17.73248843, 59.90328677], [17.73360797, 59.90426017], [17.73357952, 59.90427468], [17.73374902, 59.90439162], [17.73419536, 59.90551265], [17.7349744, 59.90679016], [17.73565874, 59.90733395], [17.73594039, 59.90763217], [17.73611414, 59.90793837], [17.73641094, 59.90876975], [17.7366897, 59.90910251], [17.73728348, 59.909377], [17.73805172, 59.90955039], [17.73886089, 59.90966552], [17.74053294, 59.90971681], [17.74109464, 59.90973953], [17.74198709, 59.90961775], [17.74258924, 59.90943877], [17.74350354, 59.90902961], [17.74377669, 59.90915588], [17.74398137, 59.90942128], [17.74435055, 59.90946524], [17.74470069, 59.90969311], [17.74494139, 59.90991042], [17.74414838, 59.91008432], [17.74363979, 59.91019578], [17.74312894, 59.91037278], [17.74208142, 59.9108306], [17.74182502, 59.91096816], [17.74107489, 59.91137074], [17.74015318, 59.91199364], [17.73966059, 59.91232645], [17.73967242, 59.91233213], [17.73976785, 59.91237839], [17.73992319, 59.91242842], [17.74000808, 59.91244705], [17.74004625, 59.91245542], [17.74046874, 59.91259996], [17.74049561, 59.9126092], [17.74083251, 59.91274079], [17.74152417, 59.91301133], [17.74246679, 59.91331033], [17.74281661, 59.91342135], [17.74329268, 59.91358723], [17.74339224, 59.913621], [17.74592705, 59.91441033], [17.74665282, 59.91461411], [17.74671747, 59.91463055], [17.7477758, 59.91497884], [17.74823921, 59.91514272], [17.7487334, 59.91528988], [17.74914128, 59.91539779], [17.7493605, 59.91546337], [17.75052067, 59.91581679], [17.7532275, 59.91476964]]]}, "properties": {"deso": "0380B6012", "pop": 1862.0, "income": 478.3, "male_frac": 0.5019, "child_frac": 0.4125, "elder_frac": 0.0172, "dependency": 0.7533, "needZ": -0.6195, "needZ_v1": -0.5876, "regso": "0380R012", "higher_ed": null, "neet": 6.2, "income_support": 0.1}}, {"type": "Feature", "geometry": {"type": "Polygon", "coordinates": [[[17.73728731, 59.91813752], [17.7386838, 59.91800736], [17.73939323, 59.9179053], [17.74003651, 59.91779015], [17.74137299, 59.91747671], [17.74200703, 59.91728737], [17.74257206, 59.91709497], [17.74336148, 59.91677555], [17.74387018, 59.91671959], [17.74522162, 59.91650236], [17.74589879, 59.91635693], [17.74655523, 59.91618928], [17.74718807, 59.9160003], [17.74775304, 59.91580788], [17.74811297, 59.91566779], [17.74864545, 59.91559111], [17.7493605, 59.91546337], [17.74914128, 59.91539779], [17.7487334, 59.91528988], [17.74823921, 59.91514272], [17.7477758, 59.91497884], [17.74671747, 59.91463055], [17.74665282, 59.91461411], [17.74592705, 59.91441033], [17.74339224, 59.913621], [17.74329268, 59.91358723], [17.74281661, 59.91342135], [17.74246679, 59.91331033], [17.74152417, 59.91301133], [17.74083251, 59.91274079], [17.74049561, 59.9126092], [17.74046874, 59.91259996], [17.74004625, 59.91245542], [17.74000808, 59.91244705], [17.73992319, 59.91242842], [17.73976785, 59.91237839], [17.73967242, 59.91233213], [17.73966059, 59.91232645], [17.74015318, 59.91199364], [17.74107489, 59.91137074], [17.74182502, 59.91096816], [17.74208142, 59.9108306], [17.74312894, 59.91037278], [17.74363979, 59.91019578], [17.74414838, 59.91008432], [17.74494139, 59.90991042], [17.74470069, 59.90969311], [17.74435055, 59.90946524], [17.74398137, 59.90942128], [17.74377669, 59.90915588], [17.74350354, 59.90902961], [17.74258924, 59.90943877], [17.74198709, 59.90961775], [17.74109464, 59.90973953], [17.74053294, 59.90971681], [17.73886089, 59.90966552], [17.73805172, 59.90955039], [17.73728348, 59.909377], [17.7366897, 59.90910251], [17.73641094, 59.90876975], [17.73611414, 59.90793837], [17.73594039, 59.90763217], [17.73565874, 59.90733395], [17.7349744, 59.90679016], [17.73419536, 59.90551265], [17.73374902, 59.90439162], [17.73357952, 59.90427468], [17.73360797, 59.90426017], [17.73248843, 59.90328677], [17.7332994, 59.90246097], [17.73545791, 59.90203898], [17.73615522, 59.90220407], [17.73660297, 59.90252461], [17.73701912, 59.90281949], [17.73738876, 59.90308147], [17.73954232, 59.90429787], [17.74052171, 59.90485104], [17.74123474, 59.90525399], [17.74240263, 59.90521468], [17.74263885, 59.90520671], [17.74835181, 59.90379001], [17.74838275, 59.90357208], [17.74839781, 59.90322979], [17.74836993, 59.90272303], [17.74829123, 59.90235629], [17.74821032, 59.90205014], [17.74808676, 59.90168667], [17.74792987, 59.90135336], [17.74771694, 59.90100047], [17.7474582, 59.90065528], [17.74717843, 59.90034294], [17.74736407, 59.90018376], [17.7464222, 59.89955961], [17.74564828, 59.8991311], [17.7451822, 59.89883918], [17.74468458, 59.89856686], [17.74419349, 59.89832899], [17.74367323, 59.89810735], [17.74308494, 59.89788516], [17.74246838, 59.89768295], [17.74187394, 59.89751468], [17.74004915, 59.89781603], [17.73818728, 59.8971231], [17.73743488, 59.89681088], [17.73626137, 59.89668507], [17.73552748, 59.89665827], [17.73479161, 59.89665586], [17.73411005, 59.8966754], [17.73337945, 59.89671912], [17.7327082, 59.89678174], [17.73240542, 59.89681703], [17.73174359, 59.896901], [17.73103477, 59.89701424], [17.73034363, 59.89702147], [17.72886582, 59.89750868], [17.727833, 59.89779452], [17.72752198, 59.89762347], [17.72703103, 59.89738553], [17.72636083, 59.89710334], [17.72581377, 59.89689854], [17.72524179, 59.89671159], [17.72386245, 59.89634955], [17.72323033, 59.89622025], [17.72173892, 59.89599624], [17.72039289, 59.89588374], [17.7195028, 59.89585056], [17.71829227, 59.89584958], [17.71760968, 59.89584741], [17.71692812, 59.89586686], [17.71537007, 59.89598001], [17.71452377, 59.89609114], [17.71387378, 59.8961958], [17.71323829, 59.89632099], [17.71244942, 59.89651096], [17.71166159, 59.89673558], [17.71108123, 59.89685163], [17.71046282, 59.89699676], [17.70986413, 59.89716124], [17.70924196, 59.89735801], [17.70868945, 59.89755917], [17.70779692, 59.8979255], [17.70725239, 59.89818147], [17.70678582, 59.89843143], [17.70631513, 59.89871606], [17.70588311, 59.8990157], [17.70651747, 59.89961115], [17.70473191, 59.90005338], [17.70458875, 59.90020247], [17.70446712, 59.90027727], [17.70390418, 59.90068478], [17.70351655, 59.90089242], [17.70306195, 59.90117077], [17.70266215, 59.90144836], [17.70202946, 59.90184373], [17.70126575, 59.9024111], [17.70091338, 59.90273379], [17.7006255, 59.90304429], [17.70062402, 59.90304593], [17.70037605, 59.90336496], [17.70015187, 59.90371529], [17.69998623, 59.90404744], [17.69986315, 59.9043843], [17.69977767, 59.90474104], [17.69974055, 59.90508295], [17.69974525, 59.90534605], [17.69956143, 59.90570687], [17.69943834, 59.90604372], [17.69935216, 59.90640092], [17.6988635, 59.9069877], [17.69900446, 59.90753742], [17.69945964, 59.9079041], [17.6996213, 59.90819084], [17.69979862, 59.90852153], [17.70001761, 59.9088458], [17.70029143, 59.90917847], [17.70059037, 59.90948629], [17.70092773, 59.90978397], [17.70132227, 59.91008443], [17.70173206, 59.91035835], [17.70217572, 59.91061864], [17.70265152, 59.91086425], [17.70318266, 59.91110621], [17.70385498, 59.91136818], [17.70466155, 59.91175324], [17.70519555, 59.91196666], [17.70575544, 59.91216275], [17.70649769, 59.91239524], [17.70772641, 59.91269355], [17.70835061, 59.91283666], [17.70897436, 59.912976], [17.70961462, 59.91309524], [17.71030252, 59.91319795], [17.71096772, 59.91327553], [17.71171885, 59.9133358], [17.712079, 59.91337779], [17.71275266, 59.91343417], [17.71343222, 59.91346886], [17.71421974, 59.91348148], [17.71437266, 59.913551], [17.71470582, 59.91394502], [17.71502857, 59.91427657], [17.71539421, 59.91459672], [17.71576889, 59.914883], [17.71621657, 59.91518133], [17.7166604, 59.91544157], [17.71775798, 59.91608221], [17.71823399, 59.91632777], [17.71877856, 59.9165746], [17.71935424, 59.91680301], [17.71991429, 59.91699904], [17.72054223, 59.91718971], [17.72119383, 59.91735941], [17.72181772, 59.91749869], [17.72250632, 59.9176263], [17.72321017, 59.91773105], [17.72387548, 59.91780856], [17.72459987, 59.91786859], [17.72533069, 59.91790459], [17.7260133, 59.9179176], [17.7267473, 59.91790771], [17.7274783, 59.91787381], [17.7281535, 59.91782184], [17.72882076, 59.91774856], [17.7295271, 59.91764814], [17.73006792, 59.91755169], [17.73099182, 59.91776807], [17.73168269, 59.91789586], [17.73233692, 59.9179944], [17.73337934, 59.91810501], [17.73446068, 59.91817222], [17.73586005, 59.91817901], [17.73660694, 59.91816791], [17.73728731, 59.91813752]]]}, "properties": {"deso": "0380B6011", "pop": 1451.0, "income": 478.3, "male_frac": 0.5166, "child_frac": 0.3673, "elder_frac": 0.0462, "dependency": 0.7051, "needZ": -0.6595, "needZ_v1": -0.6808, "regso": "0380R012", "higher_ed": null, "neet": 6.2, "income_support": 0.1}}, {"type": "Feature", "geometry": {"type": "Polygon", "coordinates": [[[17.4582885, 59.92853075], [17.45871465, 59.92830859], [17.45885813, 59.92816148], [17.45915391, 59.92790673], [17.45941978, 59.9277762], [17.45985687, 59.92771182], [17.46039187, 59.92775402], [17.46073375, 59.92779488], [17.4610211, 59.92774129], [17.46120948, 59.92763861], [17.46122337, 59.92739791], [17.4610889, 59.92712478], [17.46124848, 59.92686447], [17.46171889, 59.92667049], [17.4623938, 59.92656564], [17.46309213, 59.9264264], [17.46346151, 59.92629106], [17.46369128, 59.92608019], [17.46379271, 59.92587791], [17.46399265, 59.92561308], [17.46402517, 59.92556999], [17.46424581, 59.92546688], [17.46448933, 59.92547122], [17.46471964, 59.92557802], [17.46507994, 59.92578388], [17.46542088, 59.92595759], [17.46577848, 59.92616664], [17.46612962, 59.92619339], [17.46640346, 59.92612701], [17.46658241, 59.92601498], [17.46663938, 59.92588988], [17.46663084, 59.92571921], [17.46638842, 59.92553693], [17.46624382, 59.92534841], [17.46620917, 59.9251441], [17.46618586, 59.92495529], [17.46615972, 59.92474435], [17.46630596, 59.92458147], [17.46645141, 59.92457471], [17.46688642, 59.92455462], [17.46744707, 59.92450964], [17.46750753, 59.92451102], [17.46796829, 59.9245218], [17.46813743, 59.92453596], [17.4683272, 59.9245519], [17.46854502, 59.92453022], [17.4685916, 59.92452557], [17.46876983, 59.92435832], [17.46867378, 59.92414815], [17.46853982, 59.92400156], [17.46837017, 59.92384136], [17.46814318, 59.92366409], [17.46801916, 59.9235739], [17.46789451, 59.92347304], [17.46779645, 59.92328734], [17.46780251, 59.92326755], [17.4678452, 59.92312915], [17.46784926, 59.92311624], [17.4678656, 59.92310578], [17.46788054, 59.92309634], [17.46800215, 59.92301924], [17.46818907, 59.92294129], [17.46857815, 59.92289116], [17.46889833, 59.92290465], [17.46907322, 59.92289715], [17.46932925, 59.92293906], [17.46942428, 59.92305818], [17.46938698, 59.9230825], [17.46936911, 59.92309415], [17.46927847, 59.92315324], [17.46910939, 59.92328449], [17.46912771, 59.92337225], [17.46935312, 59.92352216], [17.46970468, 59.92362038], [17.47013802, 59.92370505], [17.4704856, 59.92373958], [17.47076013, 59.92369087], [17.47103041, 59.92358503], [17.47129533, 59.92351827], [17.47155766, 59.92353751], [17.47172889, 59.92367909], [17.47181857, 59.92390868], [17.47187127, 59.92411903], [17.47193909, 59.92426901], [17.47212501, 59.92442351], [17.47246928, 59.92443331], [17.47274404, 59.92434212], [17.47293011, 59.92416348], [17.47312346, 59.92396792], [17.47320586, 59.92381611], [17.47314042, 59.92364273], [17.47307294, 59.92340427], [17.47295514, 59.92327876], [17.47272178, 59.92312327], [17.47267814, 59.9229811], [17.47311776, 59.92283893], [17.47340992, 59.92275163], [17.47366472, 59.922547], [17.47382393, 59.92250737], [17.47388395, 59.92249699], [17.474151, 59.92245093], [17.47435977, 59.92241495], [17.47475551, 59.92238515], [17.47527537, 59.92225872], [17.4757074, 59.92205445], [17.47582622, 59.92180162], [17.47589203, 59.9216927], [17.47588472, 59.92130949], [17.47576934, 59.92114927], [17.47580889, 59.92098704], [17.47600741, 59.92090068], [17.4765713, 59.92096535], [17.47692996, 59.92097882], [17.47727086, 59.92087864], [17.47741621, 59.92077586], [17.47781415, 59.9207699], [17.47797192, 59.92082181], [17.47826163, 59.92089002], [17.47887985, 59.92084624], [17.47917762, 59.9208365], [17.47965539, 59.92084844], [17.48018499, 59.92084899], [17.48072599, 59.92078878], [17.48116128, 59.92069023], [17.4814398, 59.92060262], [17.48171906, 59.92045572], [17.4815794, 59.92022752], [17.48141904, 59.92008764], [17.48139465, 59.91985], [17.48161747, 59.91967245], [17.48218185, 59.919655], [17.48273931, 59.91971662], [17.483123, 59.91973535], [17.48352488, 59.91968754], [17.48388702, 59.91955219], [17.48401718, 59.91943216], [17.48407951, 59.91923761], [17.48394873, 59.91904347], [17.48375541, 59.91881601], [17.48362351, 59.91867389], [17.48353677, 59.91850442], [17.48357938, 59.91842314], [17.48396214, 59.91796981], [17.48409712, 59.9179202], [17.48438056, 59.91781588], [17.48451775, 59.91780179], [17.48515218, 59.91773693], [17.48517443, 59.91773462], [17.48565317, 59.91775613], [17.48601884, 59.91781615], [17.48642901, 59.91794053], [17.48677999, 59.9181572], [17.48712821, 59.91833888], [17.48767088, 59.91843184], [17.48809371, 59.91842162], [17.48834055, 59.91834681], [17.48851549, 59.91818677], [17.48858657, 59.9180366], [17.48860112, 59.91788418], [17.48855688, 59.9177052], [17.488519, 59.91758358], [17.48839138, 59.91745944], [17.48820356, 59.91734505], [17.48788766, 59.91724827], [17.48741993, 59.91711563], [17.48713607, 59.91701303], [17.48691359, 59.91692238], [17.48686456, 59.9167937], [17.48696864, 59.91665063], [17.48736063, 59.91661907], [17.48765747, 59.91661913], [17.48790305, 59.91659464], [17.48793804, 59.91658518], [17.48817154, 59.91652149], [17.48845928, 59.91655576], [17.4888435, 59.91666069], [17.48915872, 59.91674662], [17.48957871, 59.91677757], [17.48986656, 59.91673648], [17.49015955, 59.91665756], [17.49042607, 59.91646768], [17.49063473, 59.91626955], [17.49066155, 59.91600534], [17.49067572, 59.91577721], [17.49054579, 59.91560461], [17.49058938, 59.91546771], [17.49062736, 59.91528951], [17.49094845, 59.91519596], [17.49125338, 59.91521561], [17.49159064, 59.91531217], [17.49188202, 59.91549537], [17.49196311, 59.91569727], [17.49218872, 59.91592788], [17.49246128, 59.91609212], [17.4926082, 59.91617242], [17.49288006, 59.91623096], [17.49313565, 59.91628101], [17.49345042, 59.91620544], [17.49368114, 59.9160932], [17.4938427, 59.91588303], [17.49394818, 59.91561966], [17.49403318, 59.91537815], [17.49416819, 59.91498336], [17.49432095, 59.91466206], [17.49449301, 59.91444459], [17.49472276, 59.91423896], [17.49498388, 59.91401504], [17.49494936, 59.91366541], [17.49470756, 59.91341364], [17.49434207, 59.91303318], [17.49435333, 59.91288045], [17.49445694, 59.91279676], [17.49463952, 59.91280013], [17.49495989, 59.91284876], [17.49523103, 59.91283501], [17.49538133, 59.91275617], [17.49555415, 59.9126197], [17.49567574, 59.91253584], [17.49583969, 59.91252681], [17.49598824, 59.91257007], [17.49608593, 59.91267852], [17.49622045, 59.91280989], [17.49645465, 59.91285036], [17.49688268, 59.91290854], [17.49722456, 59.91295865], [17.49739398, 59.91307346], [17.49746221, 59.91324327], [17.49747692, 59.91337816], [17.49751932, 59.91355574], [17.49727412, 59.91373993], [17.49702297, 59.91387044], [17.49686637, 59.91411286], [17.49695608, 59.91426618], [17.49702647, 59.91429], [17.49731953, 59.91438926], [17.49770787, 59.9144313], [17.49800528, 59.91436845], [17.49834932, 59.91423331], [17.49865285, 59.91407352], [17.49896412, 59.91392436], [17.49909673, 59.91378101], [17.4992804, 59.91358495], [17.4995589, 59.91335144], [17.49957505, 59.91330138], [17.50000764, 59.91315521], [17.50040511, 59.91307941], [17.50099767, 59.91305568], [17.5015326, 59.91311496], [17.50230271, 59.91324908], [17.50260899, 59.91331224], [17.50332013, 59.91335469], [17.50340929, 59.91337303], [17.50349336, 59.91340412], [17.50358884, 59.91344569], [17.50377048, 59.91349326], [17.50397897, 59.91351346], [17.50423178, 59.91349536], [17.5043895, 59.91344278], [17.50460372, 59.91337853], [17.50506118, 59.91328065], [17.50558655, 59.91318946], [17.50609068, 59.91309832], [17.50660569, 59.91301066], [17.50707539, 59.91293642], [17.50752222, 59.91275664], [17.50792673, 59.91254191], [17.50810661, 59.91244094], [17.50826199, 59.91235374], [17.50858908, 59.91219796], [17.50896107, 59.91206468], [17.50929795, 59.91194106], [17.50959552, 59.91186138], [17.51011063, 59.9117754], [17.51076398, 59.91176206], [17.51124319, 59.91176119], [17.51168428, 59.9117324], [17.51229423, 59.91166787], [17.51302378, 59.91162243], [17.51369756, 59.91168404], [17.5142482, 59.91177152], [17.51487654, 59.91184477], [17.51545317, 59.91189942], [17.51596935, 59.91194651], [17.51608016, 59.91195661], [17.51657597, 59.91198415], [17.51668187, 59.91199758], [17.51712781, 59.91205418], [17.51730667, 59.91206289], [17.51744479, 59.91206555], [17.51760323, 59.91205785], [17.51777436, 59.9120385], [17.51807537, 59.91197931], [17.51838986, 59.91191303], [17.5186878, 59.91184051], [17.51900843, 59.91173657], [17.51939616, 59.91161482], [17.51974651, 59.91150204], [17.52001389, 59.91140011], [17.52012484, 59.91133044], [17.52016862, 59.91129691], [17.5202397, 59.91124229], [17.52033935, 59.91118685], [17.5204717, 59.91113088], [17.52063272, 59.911029], [17.5208217, 59.91090871], [17.52095484, 59.91084562], [17.52108229, 59.91076792], [17.5211549, 59.91069252], [17.52118869, 59.91060322], [17.52120365, 59.91053799], [17.52125567, 59.91046344], [17.5213519, 59.9103689], [17.52147568, 59.91027393], [17.52158964, 59.91021085], [17.52161228, 59.91020207], [17.52169655, 59.91016965], [17.52182613, 59.91013169], [17.52192935, 59.9101157], [17.52204845, 59.91010677], [17.52216189, 59.91008556], [17.52225435, 59.9100969], [17.52237562, 59.91010877], [17.52256305, 59.91010034], [17.52272127, 59.91009964], [17.52287348, 59.91011694], [17.52313243, 59.91013937], [17.52347676, 59.9101653], [17.5238164, 59.91018969], [17.52411405, 59.91021471], [17.52433995, 59.91024864], [17.52447051, 59.9102721], [17.52468167, 59.91030425], [17.52489894, 59.91034688], [17.52501305, 59.9103596], [17.52522738, 59.91037526], [17.52543507, 59.91040433], [17.52564834, 59.91044093], [17.52584832, 59.91047725], [17.5260003, 59.91049338], [17.52615613, 59.91048257], [17.52629191, 59.91045824], [17.52643412, 59.91041195], [17.52653524, 59.91035666], [17.52666725, 59.91028092], [17.52691739, 59.91012918], [17.52705276, 59.91001997], [17.52720791, 59.90992852], [17.52736346, 59.90986554], [17.52756226, 59.90979715], [17.52777593, 59.90973431], [17.52800721, 59.90968756], [17.52825299, 59.90963965], [17.52855461, 59.90959281], [17.52887784, 59.90954502], [17.52910855, 59.90951033], [17.52926652, 59.90947729], [17.5294151, 59.9094333], [17.52958827, 59.90937519], [17.52978345, 59.90930004], [17.52994238, 59.90922926], [17.53010731, 59.90917535], [17.53029485, 59.90913932], [17.530497, 59.90910733], [17.53074798, 59.90907933], [17.53100034, 59.90905787], [17.53120027, 59.90905098], [17.5314012, 59.90904945], [17.53163732, 59.90905497], [17.53179718, 59.90906026], [17.53193176, 59.90905525], [17.53206951, 59.90903374], [17.53218418, 59.90899974], [17.53234304, 59.9089242], [17.53249479, 59.90882904], [17.53263788, 59.90872084], [17.53278592, 59.90861183], [17.5329126, 59.90852829], [17.53303729, 59.90845736], [17.53320321, 59.90838752], [17.53338016, 59.90833652], [17.5335047, 59.90831203], [17.53365114, 59.90830598], [17.53382823, 59.9083032], [17.53400581, 59.9083032], [17.53429413, 59.90831616], [17.53447369, 59.90832276], [17.53459564, 59.90832042], [17.53471017, 59.90830196], [17.53482408, 59.90826968], [17.53492332, 59.90822295], [17.53500839, 59.9081702], [17.53503682, 59.9080846], [17.53489367, 59.9078302], [17.53471214, 59.90754833], [17.53464862, 59.9074001], [17.53467772, 59.90724595], [17.53497537, 59.90690187], [17.53503099, 59.90672413], [17.5349879, 59.90648406], [17.53494557, 59.90632922], [17.53490613, 59.90610606], [17.53495127, 59.90577555], [17.53503796, 59.90565523], [17.53512831, 59.90551517], [17.5351261, 59.9053257], [17.53507792, 59.9051407], [17.53493088, 59.90497628], [17.53481803, 59.90484642], [17.53467334, 59.90473989], [17.53460896, 59.90456275], [17.53474804, 59.90442166], [17.53508507, 59.90435248], [17.53528448, 59.90437209], [17.53568699, 59.90441321], [17.53611948, 59.90440829], [17.53636929, 59.90435399], [17.53664834, 59.90424201], [17.53696127, 59.90404071], [17.53706395, 59.90391757], [17.53709179, 59.90388425], [17.53719187, 59.9036884], [17.53714946, 59.90350365], [17.53707491, 59.90328243], [17.53702627, 59.9031842], [17.53701879, 59.90316539], [17.53695098, 59.90299577], [17.53687458, 59.90278689], [17.53679267, 59.90263155], [17.53675705, 59.90241793], [17.5368448, 59.90221504], [17.53709702, 59.90202237], [17.53722118, 59.9019334], [17.53741611, 59.90176294], [17.53770797, 59.90141932], [17.53799272, 59.90108896], [17.53822722, 59.90074933], [17.53842473, 59.90051442], [17.53844168, 59.90048912], [17.53855523, 59.90031924], [17.5385922, 59.90008509], [17.53858871, 59.89985387], [17.5385673, 59.89975305], [17.5385553, 59.89969643], [17.53857306, 59.89960061], [17.53859429, 59.89948667], [17.53877666, 59.89930854], [17.53913865, 59.89919244], [17.53939745, 59.89916553], [17.53973516, 59.89916199], [17.54014014, 59.89926133], [17.54048616, 59.8994052], [17.54093261, 59.89961862], [17.54124822, 59.89974466], [17.54143833, 59.89978941], [17.54179329, 59.89981283], [17.54218832, 59.89972392], [17.5424145, 59.89955204], [17.54265502, 59.89934773], [17.54280248, 59.89920117], [17.54291653, 59.89908068], [17.54299538, 59.89899724], [17.54301435, 59.89897729], [17.54323668, 59.89888615], [17.5434608, 59.89882622], [17.54357351, 59.8986939], [17.54359986, 59.89858731], [17.54362444, 59.89848839], [17.54380707, 59.8984008], [17.54388011, 59.8984381], [17.54397386, 59.89848587], [17.54430458, 59.89866864], [17.54450389, 59.89883177], [17.54479457, 59.89910585], [17.54510234, 59.89941257], [17.54557412, 59.89967327], [17.54598725, 59.89989406], [17.54603907, 59.8999218], [17.54617252, 59.89999305], [17.54708493, 59.90039425], [17.54759194, 59.90058708], [17.54792383, 59.90072491], [17.54815976, 59.90082283], [17.54844002, 59.9009392], [17.54887183, 59.90111848], [17.54904882, 59.90119204], [17.54984255, 59.90152158], [17.55059379, 59.90183345], [17.55104277, 59.90142506], [17.55172136, 59.90080752], [17.55098849, 59.90046593], [17.55013865, 59.90006975], [17.54997195, 59.89999205], [17.54959422, 59.89981595], [17.54929983, 59.89967874], [17.54905927, 59.89956654], [17.54868874, 59.89939389], [17.54822003, 59.89917536], [17.54881384, 59.89858669], [17.54911726, 59.89828603], [17.54939353, 59.89801212], [17.54967364, 59.89773454], [17.54978409, 59.89762507], [17.54980066, 59.89760858], [17.55000942, 59.8976331], [17.55029032, 59.89759659], [17.55060078, 59.89749959], [17.55065186, 59.89747543], [17.55099365, 59.89731396], [17.55120992, 59.89722507], [17.55141976, 59.89713882], [17.55171102, 59.89709132], [17.55198779, 59.89705695], [17.55205688, 59.89704843], [17.55232524, 59.89697928], [17.55264659, 59.89688206], [17.5528486, 59.89679192], [17.55294786, 59.89672883], [17.55300648, 59.8966915], [17.55305482, 59.89657604], [17.553124, 59.89644392], [17.55321595, 59.89632789], [17.55333172, 59.89625531], [17.55347162, 59.8962261], [17.55365729, 59.89624011], [17.55389964, 59.89629703], [17.55406502, 59.89633855], [17.55415549, 59.89640291], [17.55418275, 59.89650639], [17.55423167, 59.89660963], [17.55432241, 59.89667946], [17.55440047, 59.89671675], [17.55450972, 59.89672622], [17.55463798, 59.89671062], [17.55466121, 59.89670783], [17.55477957, 59.89668434], [17.55496238, 59.8966437], [17.55505801, 59.89659864], [17.55513156, 59.89654853], [17.55516016, 59.89647163], [17.5551555, 59.89638414], [17.55509746, 59.89631386], [17.55498466, 59.89623889], [17.55482812, 59.89615894], [17.55463903, 59.89607943], [17.5544276, 59.89598931], [17.55418553, 59.89593786], [17.55388841, 59.89587626], [17.55350399, 59.89580476], [17.55315253, 59.89574385], [17.55291115, 59.89570335], [17.55272247, 59.89563479], [17.55260042, 59.89558721], [17.55250942, 59.89551191], [17.55248447, 59.89545203], [17.55249128, 59.89537547], [17.55250789, 59.89527688], [17.55255542, 59.895145], [17.55259205, 59.89501334], [17.55269324, 59.89486991], [17.55275276, 59.8947598], [17.55289944, 59.89465394], [17.55311261, 59.89456915], [17.55330426, 59.89449007], [17.55355148, 59.89443211], [17.55376806, 59.89441282], [17.55406188, 59.8944144], [17.55431376, 59.89444391], [17.5545881, 59.89448943], [17.55485223, 59.89454602], [17.55509593, 59.8946303], [17.55530681, 59.89470947], [17.55549139, 59.89470158], [17.55565308, 59.89467213], [17.55585615, 59.89460379], [17.55605718, 59.89449722], [17.55620537, 59.89441881], [17.55625425, 59.8943143], [17.55635844, 59.89422542], [17.55658044, 59.89410219], [17.55687042, 59.89403279], [17.55710592, 59.89395861], [17.55729851, 59.89389585], [17.55745841, 59.89383365], [17.55761516, 59.89371132], [17.55779301, 59.89357772], [17.55792948, 59.89348301], [17.55811172, 59.89343141], [17.55847728, 59.89334994], [17.55885141, 59.89322474], [17.55919423, 59.89312179], [17.55958008, 59.8930128], [17.55989253, 59.892954], [17.56023916, 59.89292751], [17.5602642, 59.8929272], [17.56059794, 59.89292269], [17.56104594, 59.8929605], [17.56145077, 59.89300428], [17.56179051, 59.89304896], [17.5620181, 59.89303501], [17.56218915, 59.89297806], [17.56233622, 59.89287766], [17.56249158, 59.89272805], [17.56251968, 59.8927081], [17.56261741, 59.89263892], [17.56285246, 59.89255926], [17.56317319, 59.89245107], [17.56340797, 59.89236594], [17.56361401, 59.89231926], [17.56387789, 59.89226931], [17.56401187, 59.89224397], [17.56450884, 59.8920393], [17.56451755, 59.89198209], [17.56472603, 59.8916324], [17.5649593, 59.89133855], [17.56517863, 59.89115266], [17.56550674, 59.89095891], [17.56587713, 59.89072669], [17.5664275, 59.89046743], [17.56700227, 59.89024174], [17.56756511, 59.89004682], [17.56832478, 59.88989808], [17.5690431, 59.88970282], [17.56936818, 59.88956759], [17.56992101, 59.88936368], [17.57055787, 59.88897868], [17.57097919, 59.88876333], [17.57141445, 59.88849561], [17.57176995, 59.88825657], [17.57217074, 59.88796087], [17.57240899, 59.88777451], [17.57281487, 59.88758281], [17.57326162, 59.88736695], [17.57363132, 59.88717066], [17.57398758, 59.8870428], [17.57429259, 59.88693453], [17.57462111, 59.88684826], [17.57505866, 59.8867841], [17.57489223, 59.88667544], [17.57448377, 59.88640112], [17.57411076, 59.88611443], [17.57400372, 59.88602831], [17.5737224, 59.88581204], [17.57369539, 59.88578877], [17.57335941, 59.88549075], [17.57312372, 59.88524691], [17.57289196, 59.8850956], [17.57258162, 59.88489274], [17.57217321, 59.8846185], [17.57213823, 59.88459322], [17.57209294, 59.88455836], [17.57104207, 59.88386866], [17.57063368, 59.88359442], [17.57059791, 59.88356826], [17.57022497, 59.88328147], [17.56988904, 59.88298344], [17.56986302, 59.88295961], [17.56956539, 59.88265158], [17.56954429, 59.88262648], [17.56928621, 59.8823096], [17.56920258, 59.88218467], [17.56919909, 59.88218151], [17.56890146, 59.88187339], [17.5686434, 59.88155651], [17.56863123, 59.88154022], [17.56841384, 59.88121562], [17.56823783, 59.88088483], [17.56810404, 59.88054909], [17.56809844, 59.88053186], [17.56800725, 59.8801925], [17.56795923, 59.87985095], [17.56795447, 59.87950856], [17.56795578, 59.8794912], [17.56799438, 59.8791493], [17.56807602, 59.87880936], [17.56820051, 59.87847271], [17.56820848, 59.87845575], [17.56837516, 59.87812367], [17.56858357, 59.8777976], [17.56883277, 59.8774789], [17.56884702, 59.87746308], [17.56913593, 59.87715286], [17.56946345, 59.8768524], [17.56982822, 59.87656307], [17.5698485, 59.87654893], [17.57024927, 59.87627173], [17.57068408, 59.87600788], [17.57115138, 59.8757584], [17.57116745, 59.8757509], [17.57140695, 59.87556083], [17.57146822, 59.8755185], [17.57123119, 59.87522744], [17.57101381, 59.87490285], [17.57083782, 59.87457206], [17.57079476, 59.87447823], [17.57066097, 59.87414249], [17.57056978, 59.87380313], [17.57053059, 59.87352464], [17.57052174, 59.87346158], [17.57051578, 59.87336532], [17.57051099, 59.87302292], [17.57054957, 59.87268103], [17.57063116, 59.87234108], [17.57066258, 59.87224615], [17.57078702, 59.8719095], [17.57095364, 59.87157741], [17.57116198, 59.87125134], [17.57122943, 59.87116128], [17.57147855, 59.87084249], [17.57176738, 59.87053226], [17.57183698, 59.8704683], [17.57164029, 59.87017456], [17.57157635, 59.87005437], [17.57136201, 59.86973439], [17.57118604, 59.86940361], [17.57117335, 59.86937853], [17.57104726, 59.86906221], [17.57103957, 59.86904278], [17.57103171, 59.86901725], [17.57094053, 59.86867789], [17.57089249, 59.86833634], [17.57088961, 59.86831044], [17.57088913, 59.86826607], [17.57086995, 59.86819513], [17.57084842, 59.86807277], [17.57080039, 59.86773122], [17.57079799, 59.8676983], [17.57079321, 59.8673559], [17.57083177, 59.86701401], [17.57083564, 59.86698582], [17.57091722, 59.86664587], [17.570927, 59.86661802], [17.57092944, 59.86661141], [17.56738302, 59.86573903], [17.56677971, 59.8655795], [17.56672099, 59.86556304], [17.56613891, 59.8653846], [17.56558062, 59.8651879], [17.56553352, 59.86517113], [17.56547955, 59.86514945], [17.56530395, 59.86516276], [17.56462449, 59.86519234], [17.56448705, 59.86519619], [17.56440018, 59.8651986], [17.56428435, 59.86519995], [17.56417864, 59.86520453], [17.56410926, 59.86520642], [17.56400858, 59.86520757], [17.5638926, 59.86521261], [17.5638363, 59.86521416], [17.56380591, 59.86521547], [17.56372359, 59.86521779], [17.56368562, 59.86521817], [17.56361918, 59.86522], [17.56353259, 59.86522241], [17.56285071, 59.86523021], [17.56216923, 59.86521635], [17.56195998, 59.86521162], [17.56128154, 59.86517604], [17.56060911, 59.86511897], [17.5599452, 59.86504054], [17.55990534, 59.86503565], [17.55975901, 59.86501766], [17.55910646, 59.86491825], [17.55846764, 59.86479827], [17.55805228, 59.86470485], [17.55755404, 59.86474255], [17.55687458, 59.8647721], [17.55639228, 59.8647776], [17.5563406, 59.86477986], [17.55565872, 59.86478762], [17.55497725, 59.86477372], [17.55476786, 59.86476907], [17.55408944, 59.86473346], [17.55398531, 59.86472596], [17.5533129, 59.86466886], [17.55327692, 59.86466452], [17.55305585, 59.86464582], [17.55239197, 59.86456734], [17.55218824, 59.86454228], [17.55216037, 59.86453806], [17.55215471, 59.86453736], [17.55200657, 59.86451481], [17.55193384, 59.86450581], [17.55191179, 59.86450246], [17.55190019, 59.86450107], [17.5517577, 59.8644794], [17.55167978, 59.86446977], [17.55165832, 59.86446651], [17.55164598, 59.86446504], [17.55150737, 59.86444392], [17.55142573, 59.86443392], [17.55085132, 59.86434643], [17.55053105, 59.86431922], [17.55047861, 59.86431341], [17.54981474, 59.86423492], [17.54916223, 59.86413546], [17.5491112, 59.86412702], [17.54847245, 59.86400699], [17.54842344, 59.86399599], [17.54780111, 59.86385588], [17.54719793, 59.86369627], [17.54715124, 59.86368289], [17.5465693, 59.86350436], [17.54602312, 59.86331184], [17.54546216, 59.86313972], [17.54528229, 59.86308365], [17.54472416, 59.86288686], [17.54419197, 59.86267278], [17.54368798, 59.86244216], [17.54362717, 59.86241351], [17.54356887, 59.86238689], [17.5434133, 59.86231328], [17.5429395, 59.86206707], [17.54249759, 59.86180624], [17.54209545, 59.86153574], [17.54208971, 59.8615319], [17.54197841, 59.86145357], [17.54160597, 59.86116669], [17.54127052, 59.86086859], [17.54097335, 59.86056049], [17.54089448, 59.86047273], [17.54063685, 59.86015579], [17.54041988, 59.85983115], [17.54024427, 59.85950031], [17.54020074, 59.85940657], [17.54006732, 59.8590708], [17.53997648, 59.85873141], [17.53992878, 59.85838985], [17.53992233, 59.8582936], [17.53991786, 59.8579512], [17.53995674, 59.85760931], [17.54003862, 59.85726938], [17.54006951, 59.85717438], [17.5400888, 59.85712219], [17.54008352, 59.85711663], [17.5399855, 59.85699969], [17.53972791, 59.85668274], [17.53972363, 59.85667681], [17.53971544, 59.85666601], [17.53970943, 59.85665867], [17.53956754, 59.856455], [17.53935061, 59.85613035], [17.53935044, 59.85613009], [17.53934279, 59.85611865], [17.53934179, 59.85611714], [17.53926763, 59.85600396], [17.53925077, 59.85597402], [17.53907519, 59.85564318], [17.53902922, 59.85554437], [17.53902748, 59.8555409], [17.53893254, 59.85532896], [17.53879915, 59.85499318], [17.53879556, 59.85498274], [17.53879292, 59.85497525], [17.53878838, 59.85496393], [17.5387162, 59.85471445], [17.53862539, 59.85437507], [17.53861951, 59.85434428], [17.53861847, 59.8543364], [17.53861829, 59.85433595], [17.5386134, 59.85430075], [17.53860905, 59.85428044], [17.53856384, 59.85395581], [17.5385464, 59.8539318], [17.53832949, 59.85360715], [17.53815394, 59.85327632], [17.53814071, 59.85324963], [17.53800734, 59.85291385], [17.53799967, 59.85288669], [17.53790888, 59.85254731], [17.53786121, 59.85220574], [17.53785898, 59.85217839], [17.53785454, 59.85183599], [17.53789343, 59.8514941], [17.53789679, 59.85146673], [17.53797868, 59.8511268], [17.53798893, 59.85109517], [17.53811362, 59.85075854], [17.53818646, 59.85058989], [17.53826521, 59.85040784], [17.53827531, 59.85038779], [17.53828369, 59.85036823], [17.53829175, 59.85034643], [17.53839149, 59.85011537], [17.53855834, 59.84978332], [17.53857393, 59.8497541], [17.53878246, 59.84942807], [17.5388005, 59.84940401], [17.53900402, 59.84914365], [17.53897123, 59.8489085], [17.53867403, 59.84867954], [17.53864743, 59.84865697], [17.53831214, 59.84835885], [17.53801511, 59.84805075], [17.5377576, 59.84773371], [17.53774589, 59.84771723], [17.53752903, 59.84739258], [17.53735352, 59.84706174], [17.53722018, 59.84672596], [17.53721533, 59.84670872], [17.53712456, 59.84636933], [17.53707691, 59.84602777], [17.53707248, 59.84568537], [17.53707425, 59.845668], [17.53711314, 59.84532611], [17.53719502, 59.84498618], [17.5373197, 59.84464956], [17.53732813, 59.84463269], [17.5374134, 59.8444629], [17.53745222, 59.84430191], [17.53745738, 59.84428466], [17.53758206, 59.84394803], [17.53774888, 59.84361599], [17.53795738, 59.84328996], [17.53797523, 59.84326536], [17.53819348, 59.84298613], [17.53820663, 59.84287081], [17.53828849, 59.84253088], [17.53829602, 59.84250406], [17.53837892, 59.84228016], [17.53842067, 59.84216743], [17.5384334, 59.84214123], [17.53860021, 59.84180918], [17.5388087, 59.84148324], [17.53882663, 59.84145775], [17.53907584, 59.84113902], [17.53936472, 59.84082886], [17.53938773, 59.84080444], [17.53971518, 59.84050405], [17.53974285, 59.84048088], [17.5401075, 59.84019162], [17.54050809, 59.83991452], [17.5405403, 59.83989288], [17.54097487, 59.83962913], [17.54101119, 59.83960929], [17.54147821, 59.83935992], [17.54197584, 59.83912593], [17.54201597, 59.83910791], [17.54254205, 59.83889017], [17.54258559, 59.83887433], [17.54313816, 59.83867386], [17.54371476, 59.83849143], [17.54376112, 59.83847787], [17.54435976, 59.83831414], [17.54497782, 59.83816979], [17.54503496, 59.83815674], [17.54604612, 59.83795601], [17.546681, 59.83783163], [17.5467384, 59.83782189], [17.54738779, 59.83771798], [17.54804894, 59.83763502], [17.5480994, 59.83762902], [17.54876982, 59.83756726], [17.54882122, 59.83756384], [17.549498, 59.8375236], [17.55017848, 59.83750494], [17.55023036, 59.83750393], [17.55091177, 59.83750707], [17.55096371, 59.83750876], [17.5516434, 59.83753357], [17.55231856, 59.83757994], [17.55236979, 59.83758397], [17.55268324, 59.8376158], [17.55261883, 59.83752633], [17.55500176, 59.83150834], [17.55652266, 59.82282814], [17.55660385, 59.82235572], [17.55297627, 59.82247962], [17.54939355, 59.82260192], [17.5454706, 59.82271544], [17.53992535, 59.82287562], [17.53456619, 59.82303028], [17.53404571, 59.82312573], [17.53137398, 59.82384076], [17.52758109, 59.82484387], [17.5275583, 59.82484988], [17.52519052, 59.82545942], [17.52097459, 59.82664408], [17.51783125, 59.82755693], [17.51715409, 59.82775357], [17.51670962, 59.82802112], [17.51279924, 59.83037467], [17.51154603, 59.83117671], [17.51126965, 59.83135614], [17.50775136, 59.83360496], [17.50508585, 59.83305207], [17.50039455, 59.8314563], [17.49914219, 59.83128079], [17.49642531, 59.83089612], [17.48412794, 59.82922994], [17.48114332, 59.82852487], [17.47915918, 59.82805283], [17.4695143, 59.82575759], [17.46875587, 59.8255771], [17.46740349, 59.82525523], [17.46710337, 59.82575064], [17.46693414, 59.82588549], [17.46662586, 59.82601818], [17.46608809, 59.82620906], [17.46558943, 59.82639957], [17.46465275, 59.82669367], [17.46373021, 59.82698229], [17.46287807, 59.82725208], [17.46245885, 59.82737705], [17.46192829, 59.82748883], [17.46171293, 59.82754334], [17.461264, 59.82755901], [17.46092347, 59.82760409], [17.46091962, 59.82751605], [17.46085146, 59.82741988], [17.46075778, 59.82731493], [17.46057818, 59.82720188], [17.46046516, 59.82714382], [17.46017226, 59.82713447], [17.45989725, 59.82713028], [17.45967703, 59.82715074], [17.45949784, 59.82713505], [17.45837255, 59.82694932], [17.45742293, 59.82722664], [17.45740566, 59.82664485], [17.45634245, 59.82566971], [17.45233923, 59.82779627], [17.45201096, 59.82853854], [17.45104531, 59.82661917], [17.45018856, 59.82540975], [17.44965194, 59.82542909], [17.44906367, 59.82545028], [17.44818595, 59.8249137], [17.44814158, 59.8248865], [17.44075438, 59.82500553], [17.43901521, 59.82503357], [17.43512293, 59.82610399], [17.43371665, 59.82649063], [17.4294331, 59.82852646], [17.42694122, 59.82913183], [17.42180073, 59.83038042], [17.42041578, 59.83071685], [17.41820901, 59.83048178], [17.41502343, 59.8301425], [17.41488478, 59.83012771], [17.4130061, 59.82992749], [17.4098976, 59.82972687], [17.4073105, 59.82998943], [17.4018774, 59.83213303], [17.40096721, 59.83249202], [17.40042003, 59.83270786], [17.39914992, 59.83320884], [17.39846921, 59.83347732], [17.39837193, 59.8334834], [17.39733868, 59.83354831], [17.39649002, 59.83360167], [17.39610107, 59.83362609], [17.39581099, 59.83364421], [17.3934462, 59.83379269], [17.39086075, 59.83395493], [17.38885543, 59.83408081], [17.37902981, 59.83446298], [17.37900921, 59.83447529], [17.37835008, 59.83418669], [17.37563349, 59.833082], [17.37391192, 59.83466103], [17.37133809, 59.83547078], [17.36904003, 59.83494813], [17.36779378, 59.8358838], [17.36050471, 59.83551629], [17.36048186, 59.83551356], [17.36042431, 59.83555923], [17.35907061, 59.83500726], [17.3580373, 59.83582809], [17.3562062, 59.83728292], [17.35300455, 59.83982608], [17.34759308, 59.84412359], [17.34664038, 59.84473829], [17.34623133, 59.84500227], [17.34277042, 59.84723562], [17.34129422, 59.84818804], [17.34041792, 59.84875338], [17.33934581, 59.84944505], [17.34629205, 59.85240858], [17.34643879, 59.85377292], [17.34644072, 59.85378977], [17.34644925, 59.85386911], [17.34647074, 59.85406964], [17.34649017, 59.85424937], [17.34691619, 59.8542812], [17.34700457, 59.8542878], [17.34702284, 59.85428379], [17.34703934, 59.85429014], [17.34720616, 59.85430253], [17.352312, 59.85656496], [17.35491597, 59.85771867], [17.35570317, 59.85806744], [17.35738313, 59.85881156], [17.36257572, 59.86123686], [17.3633587, 59.86160254], [17.36371909, 59.86322099], [17.36372712, 59.86325731], [17.35249042, 59.86909231], [17.35108149, 59.86979925], [17.35003525, 59.87030023], [17.34698827, 59.87175926], [17.33882563, 59.87570251], [17.33567624, 59.87722352], [17.33562983, 59.87727195], [17.33269739, 59.88033014], [17.32835847, 59.88501252], [17.32816057, 59.88803749], [17.32926751, 59.89443262], [17.32882975, 59.89658355], [17.32895623, 59.89997489], [17.32890915, 59.90323304], [17.32889061, 59.904522], [17.33055749, 59.90821831], [17.3351792, 59.90891625], [17.34147088, 59.91012926], [17.34677666, 59.91042674], [17.34792683, 59.91049121], [17.34889861, 59.91055266], [17.34993881, 59.91054507], [17.3525843, 59.91052581], [17.35260391, 59.91052779], [17.35894968, 59.91118792], [17.35954669, 59.91126588], [17.36330376, 59.91057381], [17.37041486, 59.90552151], [17.37424093, 59.90568992], [17.38420706, 59.9052275], [17.38677915, 59.90509337], [17.39238267, 59.90481095], [17.39303577, 59.90475472], [17.39380321, 59.90461109], [17.39702099, 59.90401649], [17.39666845, 59.90372077], [17.39644487, 59.90284294], [17.39548623, 59.90172601], [17.39463381, 59.9004286], [17.39384522, 59.89955215], [17.39370922, 59.89944495], [17.3936247, 59.89935838], [17.39352802, 59.89925047], [17.39344055, 59.89911905], [17.39335501, 59.89901633], [17.39312307, 59.8987581], [17.39285256, 59.8985171], [17.39252471, 59.89822505], [17.39245744, 59.8981652], [17.39222579, 59.89740661], [17.39229857, 59.89738131], [17.39446985, 59.8966264], [17.39599141, 59.8964544], [17.39859311, 59.89616016], [17.40059824, 59.89593341], [17.40406013, 59.89563074], [17.40430945, 59.89560841], [17.40789086, 59.89528775], [17.40995913, 59.89510371], [17.41120058, 59.89500905], [17.41229731, 59.89494371], [17.41303851, 59.89490795], [17.41453491, 59.89483634], [17.41526257, 59.89479489], [17.41667843, 59.89471476], [17.41714873, 59.89469643], [17.4195223, 59.89470963], [17.41933575, 59.89510824], [17.41908325, 59.89573323], [17.42004247, 59.89571292], [17.41665086, 59.89858182], [17.41324921, 59.89927028], [17.41139235, 59.8996463], [17.40949001, 59.90051656], [17.40911452, 59.90051355], [17.40894741, 59.90053331], [17.40881157, 59.90053489], [17.40867327, 59.90056158], [17.40832255, 59.90063185], [17.40802933, 59.9007123], [17.40781972, 59.90073975], [17.40742437, 59.90080275], [17.40731095, 59.90161091], [17.4079743, 59.90237542], [17.40675518, 59.90232602], [17.4039237, 59.90376365], [17.40368607, 59.9066999], [17.40471614, 59.90950166], [17.40529005, 59.90804651], [17.40551622, 59.90814315], [17.40642621, 59.90853196], [17.40702086, 59.90878597], [17.4079114, 59.90916641], [17.4070968, 59.9094273], [17.40719227, 59.90983511], [17.40733286, 59.91000867], [17.41314804, 59.90939764], [17.41375104, 59.90965406], [17.41288042, 59.91011405], [17.4128517, 59.91014907], [17.41062742, 59.91286007], [17.41244179, 59.91329256], [17.41218018, 59.91397042], [17.41198657, 59.9144472], [17.41417765, 59.91847337], [17.41439253, 59.91886822], [17.41582272, 59.92027366], [17.41891735, 59.92318602], [17.41964456, 59.92485796], [17.4216079, 59.92616725], [17.42206889, 59.92647458], [17.42398379, 59.92805578], [17.42671235, 59.92755435], [17.42702127, 59.92750232], [17.42956915, 59.92656154], [17.43217564, 59.92559897], [17.43297092, 59.92530524], [17.43427341, 59.92510659], [17.44024856, 59.92419477], [17.44048949, 59.92415798], [17.44742003, 59.92425914], [17.44866115, 59.9244027], [17.44912877, 59.92445653], [17.44999981, 59.92495624], [17.45138153, 59.92535485], [17.45280408, 59.92632382], [17.45312859, 59.92651349], [17.45358389, 59.92677967], [17.45563486, 59.92856161], [17.45592231, 59.92835543], [17.45617187, 59.92818381], [17.45635305, 59.92807939], [17.45673271, 59.92824009], [17.45700262, 59.92842727], [17.4573005, 59.92859964], [17.45756299, 59.92870253], [17.45784893, 59.92869738], [17.4582885, 59.92853075]], [[17.44358353, 59.86855957], [17.44290201, 59.86854509], [17.44285064, 59.86854371], [17.44217239, 59.86850752], [17.44212158, 59.86850371], [17.44144927, 59.86844594], [17.44078556, 59.86836699], [17.44076549, 59.86836449], [17.44031205, 59.86834029], [17.43963974, 59.86828251], [17.43943381, 59.86826271], [17.43877012, 59.86818375], [17.43866915, 59.86816882], [17.43830055, 59.86811233], [17.43826533, 59.86810813], [17.43816437, 59.86809338], [17.43785075, 59.8680453], [17.43719337, 59.86801023], [17.43688428, 59.86798361], [17.43676826, 59.86798855], [17.43608643, 59.86799577], [17.43540493, 59.86798126], [17.4352133, 59.86797555], [17.43453506, 59.86793932], [17.43386277, 59.86788151], [17.4331991, 59.86780253], [17.43301317, 59.86777812], [17.43236093, 59.86767808], [17.43214523, 59.86763734], [17.43192304, 59.86763264], [17.4314628, 59.867608], [17.43145347, 59.86760934], [17.43079691, 59.86770229], [17.43012997, 59.86777406], [17.4300786, 59.86777878], [17.42940391, 59.86782923], [17.42872425, 59.86785802], [17.42867211, 59.86786015], [17.42799028, 59.86786734], [17.4279381, 59.86786695], [17.4272566, 59.86785239], [17.42657838, 59.86781612], [17.42652645, 59.86781313], [17.42585418, 59.86775528], [17.4258031, 59.86774976], [17.42513945, 59.86767073], [17.42448723, 59.86757065], [17.42443744, 59.86756267], [17.42379905, 59.86744204], [17.42375116, 59.86743169], [17.42312943, 59.86729099], [17.42252662, 59.8671308], [17.42248091, 59.86711808], [17.42189971, 59.86693899], [17.42185665, 59.86692416], [17.42129918, 59.86672684], [17.4207677, 59.86651226], [17.42072773, 59.8664953], [17.42053647, 59.86640747], [17.42025394, 59.86638312], [17.41959032, 59.86630406], [17.41953949, 59.86629781], [17.41888732, 59.8661977], [17.41883793, 59.86618909], [17.41819959, 59.86606843], [17.41757791, 59.86592769], [17.41753026, 59.86591662], [17.4169275, 59.86575641], [17.41688249, 59.86574314], [17.41630135, 59.86556402], [17.41574393, 59.86536669], [17.41570156, 59.86535121], [17.41517014, 59.8651366], [17.41513102, 59.86511908], [17.41462787, 59.86488796], [17.41415498, 59.86464129], [17.41411343, 59.86461879], [17.41367264, 59.8643576], [17.41312289, 59.86402782], [17.41308404, 59.86400186], [17.41267704, 59.86372711], [17.41230568, 59.86343995], [17.412277, 59.86341614], [17.41194268, 59.8631177], [17.41164682, 59.8628093], [17.41162334, 59.86278404], [17.41136691, 59.86246675], [17.41134866, 59.86244041], [17.41113293, 59.86211564], [17.41095858, 59.86178454], [17.41094587, 59.86175747], [17.41081374, 59.86142164], [17.41072421, 59.86108216], [17.41071721, 59.86105453], [17.41067083, 59.86071292], [17.4106694, 59.86068501], [17.41066626, 59.8603426], [17.41070647, 59.86000083], [17.41071164, 59.8599684], [17.41079484, 59.85962855], [17.41080867, 59.85957548], [17.41081656, 59.85955225], [17.41094256, 59.85921565], [17.41095386, 59.85919272], [17.41112204, 59.85886092], [17.41113642, 59.85883577], [17.41134625, 59.85850994], [17.41136528, 59.85848193], [17.41161571, 59.85816353], [17.41163642, 59.85814042], [17.41192663, 59.85783054], [17.4122554, 59.85753055], [17.41228446, 59.85750478], [17.41230494, 59.8574886], [17.41267103, 59.85719969], [17.41270602, 59.85717452], [17.41290113, 59.85704018], [17.41291801, 59.85701301], [17.41312782, 59.85668718], [17.41314993, 59.85665695], [17.41340032, 59.85633855], [17.4136905, 59.85602866], [17.41371477, 59.85600387], [17.41404351, 59.85570388], [17.41407259, 59.85568053], [17.41443864, 59.85539153], [17.4148127, 59.8551339], [17.41483949, 59.85510943], [17.41520552, 59.85482042], [17.41523368, 59.85479853], [17.41563535, 59.8545218], [17.41566758, 59.85450127], [17.41610335, 59.85423792], [17.41657151, 59.85398898], [17.41660755, 59.85397018], [17.41710628, 59.85373666], [17.41714569, 59.85371968], [17.41767283, 59.85350244], [17.41822626, 59.85330249], [17.41826875, 59.85328752], [17.41884645, 59.85310562], [17.41889175, 59.85309275], [17.41949113, 59.85292959], [17.42011001, 59.85278582], [17.42015754, 59.85277525], [17.42079319, 59.85265147], [17.42084251, 59.85264329], [17.4214926, 59.85254008], [17.42215437, 59.85245767], [17.42220504, 59.85245188], [17.42287586, 59.85239077], [17.4229273, 59.85238748], [17.42337919, 59.85236111], [17.42347939, 59.85235199], [17.42354501, 59.85232492], [17.42371485, 59.85226314], [17.42426821, 59.85206317], [17.42484586, 59.85188125], [17.42544518, 59.85171806], [17.42588288, 59.85161631], [17.4259556, 59.85158982], [17.4262368, 59.85148827], [17.42631486, 59.85145422], [17.42684191, 59.85123694], [17.42739524, 59.85103696], [17.42756646, 59.85097605], [17.42814406, 59.85079411], [17.42874335, 59.85063091], [17.42936215, 59.8504871], [17.42953743, 59.85044767], [17.430173, 59.85032384], [17.43082302, 59.85022059], [17.43148471, 59.85013813], [17.43167206, 59.85011679], [17.43234281, 59.85005563], [17.43301999, 59.85001599], [17.43370067, 59.84999801], [17.43389276, 59.84999536], [17.43444466, 59.84999827], [17.43489034, 59.84983715], [17.43490283, 59.84983279], [17.43491762, 59.84982758], [17.43492493, 59.84982493], [17.43493542, 59.84982141], [17.43551297, 59.84963945], [17.43551743, 59.8496381], [17.43552407, 59.84963619], [17.43554325, 59.84963071], [17.43555578, 59.84962698], [17.43615501, 59.84946374], [17.436484, 59.84937609], [17.43651458, 59.84936349], [17.43706782, 59.84916347], [17.43724413, 59.84910613], [17.43727594, 59.84909611], [17.43728077, 59.84909378], [17.43777928, 59.84886018], [17.43830621, 59.84864286], [17.43885943, 59.84844282], [17.43903513, 59.84838532], [17.43961263, 59.84820333], [17.43963587, 59.84819698], [17.44006068, 59.84806309], [17.4402233, 59.84801193], [17.44082247, 59.84784867], [17.44144117, 59.8477048], [17.44207664, 59.84758092], [17.44227221, 59.84754352], [17.44292213, 59.84744021], [17.44295654, 59.84743553], [17.44305581, 59.8474221], [17.44371742, 59.84733958], [17.44438809, 59.84727835], [17.44459471, 59.84726113], [17.44527181, 59.84722143], [17.44595242, 59.84720339], [17.44663403, 59.84720698], [17.44682565, 59.84721007], [17.44750547, 59.84723542], [17.44818069, 59.84728232], [17.44884867, 59.84735073], [17.44903563, 59.84737258], [17.44969352, 59.847462], [17.45033882, 59.84757232], [17.45096898, 59.84770295], [17.45114371, 59.84774263], [17.45175604, 59.84789298], [17.45234816, 59.84806266], [17.45291764, 59.84825073], [17.4530737, 59.84830683], [17.4536183, 59.84851278], [17.45413588, 59.84873557], [17.45462417, 59.84897445], [17.45475568, 59.84904475], [17.45521285, 59.84929876], [17.45563704, 59.84956668], [17.45602658, 59.84984772], [17.45612817, 59.84992953], [17.45648147, 59.8502223], [17.456797, 59.85052583], [17.45707362, 59.85083871], [17.45714788, 59.8509372], [17.45738448, 59.85125837], [17.45758006, 59.85158633], [17.45776606, 59.85193206], [17.45784001, 59.85207017], [17.45799376, 59.85240375], [17.45802808, 59.85250775], [17.45813929, 59.85284554], [17.45820773, 59.85318629], [17.45823297, 59.85352838], [17.45821495, 59.85387074], [17.45820896, 59.85396723], [17.45816849, 59.85419298], [17.45842685, 59.85444144], [17.45845133, 59.85446595], [17.458728, 59.85477882], [17.45874742, 59.85480451], [17.45898406, 59.85512567], [17.45917968, 59.85545363], [17.45919372, 59.85548013], [17.45934749, 59.85581371], [17.45945873, 59.8561515], [17.45946736, 59.85617865], [17.45953582, 59.85651939], [17.45953951, 59.85655139], [17.45956477, 59.85689348], [17.45956711, 59.85710864], [17.45954909, 59.857451], [17.45954671, 59.85748059], [17.4594856, 59.8578216], [17.45947877, 59.85784679], [17.4593746, 59.85818519], [17.45922786, 59.85851954], [17.45921629, 59.85854427], [17.45902763, 59.85887339], [17.45901144, 59.85889749], [17.45878163, 59.85921983], [17.45851162, 59.85953429], [17.45849109, 59.85955749], [17.4581818, 59.85986262], [17.45815692, 59.85988473], [17.45780974, 59.86017953], [17.45742605, 59.86046252], [17.45739724, 59.86048336], [17.45697858, 59.86075371], [17.45694584, 59.86077309], [17.45649389, 59.86102951], [17.45601035, 59.86127098], [17.45600623, 59.86127303], [17.45600986, 59.86132227], [17.45601049, 59.86134876], [17.45599243, 59.86169112], [17.45598705, 59.86172194], [17.45592589, 59.86206294], [17.45591674, 59.86209671], [17.45585935, 59.86230714], [17.45585757, 59.86231283], [17.45585348, 59.86232935], [17.45585085, 59.86233757], [17.45582028, 59.86245041], [17.45571607, 59.86278881], [17.45571332, 59.86279757], [17.45569678, 59.8628489], [17.45568761, 59.86287233], [17.45554082, 59.86320667], [17.45551797, 59.86325641], [17.45550568, 59.86327954], [17.45531697, 59.86360865], [17.4552948, 59.86364562], [17.45528771, 59.86365734], [17.45527243, 59.8636799], [17.45504255, 59.86400222], [17.4550069, 59.86405004], [17.45498878, 59.86407203], [17.4547187, 59.86438648], [17.45467676, 59.86443298], [17.45465564, 59.8644543], [17.45435644, 59.86474954], [17.45420624, 59.86496], [17.45418753, 59.86498397], [17.45391743, 59.86529842], [17.45389409, 59.86532149], [17.4535847, 59.86562662], [17.45323742, 59.8659214], [17.45320986, 59.8659432], [17.45282606, 59.86622618], [17.45279456, 59.86624653], [17.45237579, 59.86651686], [17.45192373, 59.86677327], [17.45188828, 59.86679198], [17.45140462, 59.86703343], [17.4508915, 59.86725909], [17.45085283, 59.86727606], [17.45031224, 59.8674848], [17.45027048, 59.86749986], [17.44970458, 59.8676911], [17.44911566, 59.86786382], [17.44907123, 59.86787668], [17.44846161, 59.86803038], [17.44841482, 59.86804113], [17.44778709, 59.86817513], [17.44714372, 59.86828876], [17.44709514, 59.86829721], [17.44643861, 59.86839024], [17.44638867, 59.86839629], [17.44572175, 59.86846814], [17.44504706, 59.86851866], [17.44499621, 59.8685223], [17.44431655, 59.86855118], [17.44426537, 59.86855231], [17.44358353, 59.86855957]]]}, "properties": {"deso": "0380A0040", "pop": 2313.0, "income": 410.2, "male_frac": 0.5192, "child_frac": 0.1993, "elder_frac": 0.163, "dependency": 0.5681, "needZ": -0.2304, "needZ_v1": -0.3897, "regso": "0380R040", "higher_ed": 65.5, "neet": 7.5, "income_support": 0.1}}, {"type": "Feature", "geometry": {"type": "Polygon", "coordinates": [[[17.27550321, 59.93384066], [17.27787266, 59.93064416], [17.28960801, 59.92775104], [17.30283842, 59.92315585], [17.31562009, 59.91627175], [17.31694094, 59.91557055], [17.32445885, 59.91153907], [17.32649989, 59.91044425], [17.33055749, 59.90821831], [17.32889061, 59.904522], [17.32890915, 59.90323304], [17.32895623, 59.89997489], [17.32882975, 59.89658355], [17.32926751, 59.89443262], [17.32816057, 59.88803749], [17.32835847, 59.88501252], [17.33269739, 59.88033014], [17.33562983, 59.87727195], [17.33567624, 59.87722352], [17.33882563, 59.87570251], [17.34698827, 59.87175926], [17.35003525, 59.87030023], [17.35108149, 59.86979925], [17.35249042, 59.86909231], [17.36372712, 59.86325731], [17.36371909, 59.86322099], [17.3633587, 59.86160254], [17.36257572, 59.86123686], [17.35738313, 59.85881156], [17.35570317, 59.85806744], [17.35491597, 59.85771867], [17.352312, 59.85656496], [17.34720616, 59.85430253], [17.34703934, 59.85429014], [17.34702284, 59.85428379], [17.34700457, 59.8542878], [17.34691619, 59.8542812], [17.34649017, 59.85424937], [17.34647074, 59.85406964], [17.34644925, 59.85386911], [17.34644072, 59.85378977], [17.34643879, 59.85377292], [17.34629205, 59.85240858], [17.33934581, 59.84944505], [17.34041792, 59.84875338], [17.34129422, 59.84818804], [17.34277042, 59.84723562], [17.34623133, 59.84500227], [17.34664038, 59.84473829], [17.34759308, 59.84412359], [17.35300455, 59.83982608], [17.3562062, 59.83728292], [17.3580373, 59.83582809], [17.35907061, 59.83500726], [17.36042431, 59.83555923], [17.36048186, 59.83551356], [17.36050471, 59.83551629], [17.36779378, 59.8358838], [17.36904003, 59.83494813], [17.37133809, 59.83547078], [17.37391192, 59.83466103], [17.37563349, 59.833082], [17.37835008, 59.83418669], [17.37900921, 59.83447529], [17.37902981, 59.83446298], [17.38885543, 59.83408081], [17.39086075, 59.83395493], [17.3934462, 59.83379269], [17.39581099, 59.83364421], [17.39610107, 59.83362609], [17.39649002, 59.83360167], [17.39733868, 59.83354831], [17.39837193, 59.8334834], [17.39846921, 59.83347732], [17.39914992, 59.83320884], [17.40042003, 59.83270786], [17.40096721, 59.83249202], [17.4018774, 59.83213303], [17.4073105, 59.82998943], [17.4098976, 59.82972687], [17.4130061, 59.82992749], [17.41488478, 59.83012771], [17.41502343, 59.8301425], [17.41820901, 59.83048178], [17.42041578, 59.83071685], [17.42180073, 59.83038042], [17.42694122, 59.82913183], [17.4294331, 59.82852646], [17.43371665, 59.82649063], [17.43512293, 59.82610399], [17.43901521, 59.82503357], [17.44075438, 59.82500553], [17.44814158, 59.8248865], [17.44818595, 59.8249137], [17.44906367, 59.82545028], [17.44965194, 59.82542909], [17.45018856, 59.82540975], [17.45104531, 59.82661917], [17.45201096, 59.82853854], [17.45233923, 59.82779627], [17.45414012, 59.82415059], [17.45529759, 59.8218073], [17.45736899, 59.82002732], [17.45782443, 59.81956425], [17.46088613, 59.81645086], [17.46535936, 59.81423149], [17.46566968, 59.81413972], [17.46671261, 59.81383148], [17.46811505, 59.81326366], [17.46874671, 59.81288571], [17.46901684, 59.81272417], [17.47156548, 59.81091991], [17.47201627, 59.81060084], [17.47316639, 59.80978648], [17.47455986, 59.80823497], [17.47870598, 59.8058905], [17.47888759, 59.80578774], [17.47907584, 59.80568135], [17.48148905, 59.80431639], [17.48300516, 59.80345893], [17.48809321, 59.80255977], [17.48963085, 59.80228806], [17.49369324, 59.80132421], [17.49757572, 59.80038367], [17.50300524, 59.7990675], [17.50194746, 59.79303902], [17.50167459, 59.79148432], [17.50124984, 59.79146698], [17.50130749, 59.79096702], [17.50151995, 59.79081505], [17.50163507, 59.79051529], [17.50152965, 59.7902852], [17.50160337, 59.78956237], [17.50080202, 59.78905118], [17.50016229, 59.78862755], [17.49951957, 59.78821465], [17.49914833, 59.78781591], [17.49864556, 59.78735616], [17.49835979, 59.78695624], [17.49823587, 59.78664737], [17.49809749, 59.78608018], [17.49807559, 59.78581294], [17.49760151, 59.78580704], [17.49742309, 59.78573597], [17.49708037, 59.78539963], [17.49680445, 59.78514674], [17.49605433, 59.7844594], [17.49515908, 59.78349099], [17.49524962, 59.78266895], [17.4959707, 59.781635], [17.4958212, 59.78142569], [17.49485939, 59.78122731], [17.49460032, 59.78117384], [17.49452637, 59.78039408], [17.49277736, 59.77877208], [17.4891231, 59.77538213], [17.48711067, 59.77383358], [17.48364751, 59.77308486], [17.4825619, 59.77246155], [17.48119402, 59.77167614], [17.48038497, 59.77109268], [17.4789253, 59.77039305], [17.47962827, 59.76991363], [17.47566864, 59.76676325], [17.47490393, 59.76615485], [17.47479196, 59.76607073], [17.47400834, 59.76548209], [17.47336952, 59.76500227], [17.47208216, 59.76398181], [17.47139138, 59.76343407], [17.47056383, 59.76277797], [17.47198374, 59.7610897], [17.47369529, 59.75905435], [17.47222673, 59.75650149], [17.47157693, 59.75537167], [17.47134834, 59.75497439], [17.47172601, 59.75476852], [17.47206246, 59.75458507], [17.47223806, 59.75490107], [17.47489462, 59.75472701], [17.47552962, 59.75438217], [17.47599524, 59.75412927], [17.47638903, 59.75391553], [17.47751443, 59.7533042], [17.47493747, 59.75110999], [17.47616829, 59.74964907], [17.47898018, 59.74841158], [17.48228166, 59.74728263], [17.48397813, 59.74725801], [17.48452241, 59.74725014], [17.48472505, 59.74724721], [17.48517581, 59.74694874], [17.48501611, 59.74680042], [17.48496171, 59.74674989], [17.4842622, 59.74610025], [17.48389299, 59.74575739], [17.47301488, 59.74593823], [17.46846252, 59.74697011], [17.46810644, 59.74648289], [17.46781939, 59.74609164], [17.46767316, 59.7458781], [17.4676201, 59.74574779], [17.46757677, 59.74566579], [17.4675522, 59.74560328], [17.46753204, 59.74555687], [17.46752835, 59.74548688], [17.46746248, 59.74538186], [17.46738842, 59.74525535], [17.46727378, 59.74503421], [17.47649267, 59.74249236], [17.48035474, 59.74142715], [17.48038286, 59.7414224], [17.48126497, 59.74127523], [17.48082716, 59.74057599], [17.47999621, 59.73924898], [17.48093067, 59.73711456], [17.48127167, 59.73631465], [17.48132922, 59.73613698], [17.47967056, 59.73409546], [17.47963496, 59.73405077], [17.47957526, 59.73397573], [17.47957494, 59.73397529], [17.47957493, 59.7339752], [17.45184037, 59.73276149], [17.43855327, 59.73238333], [17.43183808, 59.73065897], [17.41891447, 59.7315352], [17.40951005, 59.73211732], [17.40925432, 59.73492825], [17.40808293, 59.73598775], [17.40782414, 59.73629438], [17.40756342, 59.73663327], [17.4074486, 59.73683217], [17.40745885, 59.73689306], [17.4075345, 59.73713085], [17.4076033, 59.7375141], [17.4077077, 59.73790046], [17.40787909, 59.73827168], [17.40804547, 59.73861604], [17.40804285, 59.73877946], [17.40786582, 59.73901318], [17.40756971, 59.73935614], [17.40724759, 59.73974969], [17.40692871, 59.74006595], [17.40653222, 59.74053766], [17.40623024, 59.74090758], [17.40594501, 59.74118396], [17.40566315, 59.74138681], [17.40541946, 59.74166737], [17.4052385, 59.7419184], [17.40474572, 59.74213939], [17.40420144, 59.74233608], [17.40387135, 59.74249302], [17.40382434, 59.74272722], [17.40410702, 59.74294812], [17.40432362, 59.74313977], [17.40435361, 59.74330799], [17.40421905, 59.74341455], [17.40377753, 59.74345865], [17.40349922, 59.74374199], [17.40318758, 59.74395778], [17.40298192, 59.74421473], [17.40287129, 59.74440519], [17.40236346, 59.74476279], [17.40216103, 59.74491559], [17.40153364, 59.74524133], [17.40117083, 59.7455872], [17.40079716, 59.74598006], [17.40065729, 59.74616216], [17.40064362, 59.74641552], [17.40038226, 59.74678648], [17.40010853, 59.7471344], [17.39990533, 59.74737514], [17.39980767, 59.74759949], [17.39986721, 59.74793225], [17.39983875, 59.74822719], [17.39961259, 59.74859391], [17.3993821, 59.74885131], [17.39908812, 59.74906667], [17.39864618, 59.74945], [17.39848875, 59.74968451], [17.39805962, 59.74990063], [17.39748138, 59.75022177], [17.39706422, 59.75045563], [17.39670327, 59.75068128], [17.39635661, 59.75085646], [17.39598323, 59.75100688], [17.39556122, 59.75122466], [17.39526065, 59.75169512], [17.39525179, 59.75191785], [17.39540838, 59.752116], [17.39549656, 59.75225064], [17.39556943, 59.75242356], [17.39555891, 59.75272356], [17.39546636, 59.75301778], [17.39541625, 59.75326111], [17.39554956, 59.75363016], [17.39563743, 59.7539121], [17.39556211, 59.75419891], [17.39530826, 59.7545267], [17.39521699, 59.75463606], [17.39492265, 59.75489255], [17.39482085, 59.75501476], [17.39451581, 59.75529004], [17.39447765, 59.75537426], [17.39433146, 59.75554093], [17.39450267, 59.75574421], [17.3944872, 59.75592394], [17.39432514, 59.75629137], [17.39416689, 59.75671424], [17.3938687, 59.75711827], [17.39364696, 59.75749927], [17.39339382, 59.75798324], [17.39314902, 59.75855713], [17.39284006, 59.75894654], [17.39258856, 59.75920961], [17.39249986, 59.75966696], [17.39243772, 59.76002169], [17.39230363, 59.7605898], [17.39225469, 59.76070197], [17.39206003, 59.76111122], [17.39196773, 59.76136241], [17.39202467, 59.76175809], [17.39201241, 59.76208138], [17.39201846, 59.76246362], [17.39205971, 59.76278773], [17.39204122, 59.7630753], [17.3920697, 59.7633727], [17.39212096, 59.76370328], [17.39219043, 59.76409541], [17.39211117, 59.76433002], [17.39204256, 59.76454916], [17.39186079, 59.76486997], [17.39161682, 59.76523888], [17.39145498, 59.7654626], [17.39145536, 59.76546798], [17.39119399, 59.76564509], [17.39055321, 59.76604098], [17.3904748, 59.76623632], [17.39055207, 59.76640916], [17.39073588, 59.76659928], [17.39091098, 59.76675785], [17.39112729, 59.76697729], [17.39127757, 59.76720161], [17.39128649, 59.76737551], [17.39107734, 59.7675356], [17.39073886, 59.7678792], [17.39055356, 59.76817159], [17.3904097, 59.76864494], [17.39014893, 59.76930327], [17.39002904, 59.76959035], [17.38991324, 59.76981143], [17.38976699, 59.77006252], [17.38965896, 59.77033483], [17.38960866, 59.77057627], [17.38952857, 59.77074829], [17.38950087, 59.77095878], [17.38942668, 59.77121323], [17.38938135, 59.77144839], [17.38930918, 59.77161613], [17.3931889, 59.77283888], [17.39293852, 59.77294655], [17.39222628, 59.77357916], [17.38905789, 59.77196182], [17.38900952, 59.77201668], [17.38853313, 59.77235334], [17.38829594, 59.77246884], [17.38813372, 59.77252568], [17.38788199, 59.77262088], [17.38765192, 59.77271084], [17.3874706, 59.7727902], [17.38735896, 59.77287854], [17.38728103, 59.77297624], [17.3872711, 59.77306139], [17.38726743, 59.77331842], [17.38727442, 59.77349442], [17.38723494, 59.77360597], [17.38718035, 59.77371357], [17.38702488, 59.77384861], [17.38680485, 59.77397844], [17.38646062, 59.77413001], [17.38601922, 59.77426826], [17.38586182, 59.77433102], [17.38579964, 59.77438388], [17.38577645, 59.77442535], [17.38570906, 59.77469539], [17.38564226, 59.77488109], [17.38555152, 59.77508141], [17.38534609, 59.77527393], [17.38523814, 59.77531963], [17.38501825, 59.7753714], [17.38486534, 59.77536753], [17.38471497, 59.77533119], [17.38446601, 59.77524733], [17.38423765, 59.77515573], [17.3840205, 59.77509967], [17.38386448, 59.77509136], [17.38364352, 59.77510345], [17.38345507, 59.77514693], [17.38318253, 59.77525974], [17.38301138, 59.77542029], [17.38289789, 59.77566844], [17.38283613, 59.77574995], [17.38279066, 59.77584364], [17.38273776, 59.77598983], [17.38275514, 59.77619852], [17.38278811, 59.77630237], [17.38283865, 59.77641373], [17.38289334, 59.77649052], [17.38300426, 59.77658326], [17.38316748, 59.77665126], [17.3833252, 59.77671432], [17.38337686, 59.77672802], [17.38371314, 59.77676926], [17.38412823, 59.77680951], [17.38465356, 59.77688135], [17.38498111, 59.7769813], [17.38512348, 59.77712764], [17.38511852, 59.77730727], [17.38501448, 59.77749409], [17.38482247, 59.77764657], [17.38453802, 59.77780254], [17.3842339, 59.7779302], [17.38399368, 59.77800812], [17.38369693, 59.77809074], [17.38344633, 59.77822103], [17.38326932, 59.77838402], [17.38307729, 59.77863522], [17.38278408, 59.77906419], [17.38254974, 59.77935675], [17.38242854, 59.77942074], [17.38238822, 59.77946934], [17.38196064, 59.77965007], [17.38175777, 59.77987515], [17.38125967, 59.78015506], [17.38109034, 59.78022818], [17.38083249, 59.78031072], [17.38051103, 59.78040977], [17.38017939, 59.78052688], [17.37983295, 59.78062611], [17.37940553, 59.78075995], [17.37902417, 59.7808846], [17.3786746, 59.78100176], [17.37795492, 59.78126142], [17.37761952, 59.7813714], [17.37733969, 59.7814343], [17.37676981, 59.7815673], [17.37629432, 59.78163508], [17.37590847, 59.78172379], [17.37561226, 59.78183531], [17.37543392, 59.78196391], [17.37526425, 59.78214625], [17.3750983, 59.78233759], [17.37480527, 59.78257461], [17.37456571, 59.78280949], [17.37448501, 59.78299309], [17.37445695, 59.78314404], [17.37443616, 59.78330213], [17.37449418, 59.78347757], [17.37459518, 59.78365816], [17.37474616, 59.78384737], [17.37477945, 59.78402838], [17.37471965, 59.78419382], [17.37442402, 59.78433038], [17.37411133, 59.78435938], [17.37376757, 59.78428817], [17.37346568, 59.78418791], [17.37321758, 59.78409808], [17.37295471, 59.78398849], [17.3726284, 59.78390636], [17.37229874, 59.78383498], [17.37202134, 59.78384762], [17.37177425, 59.78393543], [17.37163209, 59.78408349], [17.37143461, 59.7842948], [17.37137335, 59.78453921], [17.37139362, 59.78476887], [17.371501, 59.78492779], [17.37172908, 59.78506262], [17.37184468, 59.78512825], [17.37201098, 59.78521866], [17.37216423, 59.78536121], [17.37230714, 59.78550926], [17.3724395, 59.78566809], [17.37253737, 59.78586661], [17.37252299, 59.78599943], [17.37241566, 59.78611858], [17.37235035, 59.78620877], [17.37228704, 59.78637247], [17.3722947, 59.78653212], [17.37239239, 59.78671995], [17.37249676, 59.78690048], [17.37254691, 59.78704373], [17.37254369, 59.78719082], [17.37246516, 59.78732238], [17.37233285, 59.78744171], [17.37212175, 59.78754], [17.37188441, 59.78759368], [17.37163918, 59.78761499], [17.37143597, 59.78760923], [17.37127084, 59.78756011], [17.37111207, 59.78747855], [17.37095604, 59.78737556], [17.37077502, 59.78726009], [17.37062379, 59.78720192], [17.37046707, 59.78720295], [17.3703509, 59.78725579], [17.3702106, 59.78733925], [17.37012492, 59.78746546], [17.37011701, 59.7875714], [17.3701956, 59.787718], [17.37033525, 59.78788218], [17.37053792, 59.78800462], [17.37081841, 59.78810321], [17.3711067, 59.7882269], [17.37128774, 59.78834057], [17.3713905, 59.78845287], [17.37140848, 59.78859634], [17.37131145, 59.78869931], [17.37106836, 59.78894135], [17.37101771, 59.78904762], [17.37095332, 59.78917362], [17.3709295, 59.78935144], [17.37087248, 59.78948817], [17.37074654, 59.78957523], [17.37060271, 59.78965866], [17.37043629, 59.78969929], [17.37026623, 59.78973631], [17.37007393, 59.78973942], [17.36983556, 59.78975], [17.3695617, 59.78976976], [17.36929888, 59.78980018], [17.36913537, 59.78981561], [17.36896928, 59.78986702], [17.36882877, 59.78994149], [17.36873817, 59.79001929], [17.36865347, 59.7901885], [17.36858215, 59.79031642], [17.36849784, 59.79050359], [17.36734004, 59.79050594], [17.36733925, 59.79033719], [17.36720721, 59.79005638], [17.36706537, 59.78981149], [17.36698203, 59.78961639], [17.36701273, 59.78942956], [17.36715933, 59.78917562], [17.36728102, 59.78892895], [17.36745061, 59.78873405], [17.3676634, 59.78856388], [17.366789, 59.78836695], [17.36591815, 59.78816814], [17.36517657, 59.78800796], [17.36430626, 59.78782899], [17.36356925, 59.78770824], [17.36262197, 59.78758345], [17.36237085, 59.78735121], [17.36120126, 59.78685453], [17.36071941, 59.78657605], [17.360188, 59.78625112], [17.35949041, 59.78590743], [17.35931923, 59.78583488], [17.35890661, 59.78568933], [17.35870002, 59.78562918], [17.35720309, 59.78499841], [17.3550094, 59.78281023], [17.35451758, 59.78307241], [17.35428734, 59.78320596], [17.35365523, 59.78355642], [17.3529167, 59.78392737], [17.35222872, 59.78431951], [17.35147146, 59.78465459], [17.35074995, 59.78499667], [17.35028133, 59.78519896], [17.35018261, 59.78523907], [17.34978889, 59.7852612], [17.34935989, 59.78530192], [17.34820093, 59.78534365], [17.34751896, 59.78529978], [17.34609526, 59.78518949], [17.34507974, 59.78508277], [17.34471656, 59.78504604], [17.34380292, 59.78496714], [17.3426744, 59.7849022], [17.34219126, 59.78492742], [17.33982939, 59.7847524], [17.32858706, 59.78827056], [17.31901207, 59.79177684], [17.31459117, 59.79332903], [17.29003747, 59.78856701], [17.28151945, 59.78379015], [17.28029969, 59.78456206], [17.2463593, 59.80466958], [17.24225989, 59.80684624], [17.23515181, 59.81373537], [17.23196986, 59.81659679], [17.23346467, 59.81705496], [17.23372195, 59.81809904], [17.23403504, 59.81833989], [17.23415552, 59.81841041], [17.23415467, 59.81847689], [17.23414291, 59.81853618], [17.23416486, 59.81871911], [17.23412019, 59.81884713], [17.23400495, 59.81907451], [17.23394356, 59.81922958], [17.23384443, 59.81933293], [17.23361759, 59.81953463], [17.2334175, 59.81969655], [17.23339258, 59.81978121], [17.2333178, 59.81995618], [17.23199774, 59.82010467], [17.23194013, 59.82026147], [17.23095269, 59.82061546], [17.23070376, 59.82070285], [17.23043313, 59.82070977], [17.23008901, 59.82074623], [17.22967799, 59.82072796], [17.22915191, 59.82068945], [17.22880816, 59.82080853], [17.22845967, 59.82090074], [17.22785148, 59.82071427], [17.22733674, 59.82076178], [17.22118227, 59.82617999], [17.21835818, 59.82864604], [17.21347056, 59.83293505], [17.21171855, 59.83289634], [17.20987884, 59.83281517], [17.20798186, 59.83272901], [17.20720323, 59.83269896], [17.20639188, 59.8326347], [17.20202192, 59.83210178], [17.19695215, 59.82703281], [17.19631258, 59.82673733], [17.19314517, 59.82525281], [17.19005826, 59.82544469], [17.19001581, 59.82549273], [17.18901842, 59.82662089], [17.19043586, 59.82744232], [17.19109881, 59.82985424], [17.19089148, 59.83109688], [17.18776183, 59.83076466], [17.18562847, 59.83178334], [17.18274505, 59.83097802], [17.18266811, 59.83085679], [17.18251379, 59.83067731], [17.18238604, 59.83053511], [17.18230462, 59.83047144], [17.17414658, 59.83598889], [17.16087525, 59.84508214], [17.15918279, 59.84545298], [17.15862735, 59.84539995], [17.15815825, 59.8453639], [17.15758985, 59.84533793], [17.15691897, 59.84533653], [17.15620948, 59.84534806], [17.15497193, 59.85150508], [17.15974326, 59.85516416], [17.16628657, 59.85978505], [17.16988829, 59.86349813], [17.16965577, 59.86482115], [17.16884207, 59.86938765], [17.16834498, 59.87230427], [17.16813434, 59.87353972], [17.16811088, 59.87370661], [17.16794538, 59.87488214], [17.1679058, 59.87516344], [17.16789393, 59.87524805], [17.1678357, 59.87566159], [17.16791361, 59.87624253], [17.16792365, 59.87631754], [17.16802055, 59.87704051], [17.16825318, 59.8787751], [17.16834257, 59.87944144], [17.16950304, 59.87998075], [17.17669147, 59.88332084], [17.17671077, 59.88332978], [17.17992773, 59.88482415], [17.18081649, 59.88523693], [17.18213622, 59.88585002], [17.18238369, 59.88596491], [17.18504582, 59.88720127], [17.19052266, 59.8877202], [17.19143003, 59.88728453], [17.19116826, 59.88677411], [17.19187922, 59.8866978], [17.19204661, 59.88646007], [17.19432549, 59.88615001], [17.19385705, 59.88594119], [17.19455953, 59.88560932], [17.19401511, 59.88536792], [17.1946767, 59.88497036], [17.191546, 59.88355645], [17.19157666, 59.8835387], [17.19224892, 59.88314888], [17.192393, 59.88306538], [17.19315722, 59.88262221], [17.19339724, 59.88248296], [17.19505506, 59.88152169], [17.19359862, 59.8809014], [17.19440464, 59.88015441], [17.19575585, 59.88001317], [17.19658545, 59.8800287], [17.19658562, 59.88063401], [17.19779564, 59.87993218], [17.19994437, 59.87853247], [17.20175392, 59.87735357], [17.20264413, 59.87859988], [17.20314193, 59.8796513], [17.20318159, 59.879665], [17.20603139, 59.88064274], [17.20702387, 59.88036324], [17.20665996, 59.87939509], [17.2075507, 59.87934173], [17.2079048, 59.87950634], [17.20813677, 59.87942468], [17.20838179, 59.87994613], [17.20872329, 59.87985185], [17.21103616, 59.88072102], [17.20824205, 59.88143993], [17.20989782, 59.88201047], [17.21111974, 59.88243147], [17.2117206, 59.88263836], [17.21435581, 59.88354615], [17.21473092, 59.88367537], [17.21475264, 59.88368281], [17.21822065, 59.8848773], [17.2242637, 59.88695822], [17.22804653, 59.8894429], [17.22808153, 59.88946584], [17.23271305, 59.8945187], [17.23442526, 59.89635637], [17.2348107, 59.89676969], [17.23482029, 59.89678076], [17.23765579, 59.90004059], [17.24206718, 59.90176539], [17.24215911, 59.90180137], [17.24972708, 59.90475942], [17.25465369, 59.9079823], [17.25493874, 59.90816872], [17.25511592, 59.91048261], [17.25529856, 59.9128678], [17.25563475, 59.91625867], [17.25597556, 59.91969463], [17.25931266, 59.9252189], [17.2586072, 59.92741966], [17.25808235, 59.92905709], [17.25771294, 59.93020948], [17.26980364, 59.93333609], [17.27119362, 59.93369547], [17.2718304, 59.93386008], [17.27409877, 59.93423212], [17.27550321, 59.93384066]]]}, "properties": {"deso": "0380A0020", "pop": 2633.0, "income": 410.2, "male_frac": 0.5186, "child_frac": 0.1713, "elder_frac": 0.2047, "dependency": 0.6026, "needZ": -0.2019, "needZ_v1": -0.3232, "regso": "0380R040", "higher_ed": 65.5, "neet": 7.5, "income_support": 0.1}}, {"type": "Feature", "geometry": {"type": "Polygon", "coordinates": [[[17.73084804, 59.93276115], [17.73299815, 59.93199241], [17.73818681, 59.93144279], [17.73903891, 59.9313525], [17.73947314, 59.93152547], [17.73994645, 59.93171397], [17.74080088, 59.93205425], [17.7423773, 59.93268187], [17.7426498, 59.93016752], [17.74429132, 59.92892061], [17.74477991, 59.9285496], [17.75209116, 59.92657096], [17.75496677, 59.92579254], [17.75697833, 59.92339521], [17.76221827, 59.92175752], [17.76957406, 59.91589692], [17.78047788, 59.91362999], [17.78279724, 59.91338619], [17.78663905, 59.91120463], [17.78719891, 59.91088629], [17.78830624, 59.91025706], [17.79002365, 59.90930247], [17.79092201, 59.9087946], [17.79094545, 59.90878215], [17.79258305, 59.90785393], [17.79596816, 59.90596921], [17.79725853, 59.90606578], [17.7977803, 59.90431408], [17.79426626, 59.90471995], [17.78222196, 59.89815834], [17.77841733, 59.89096094], [17.77116394, 59.8864365], [17.76656685, 59.88462395], [17.76636034, 59.88454259], [17.76660139, 59.88450223], [17.76715764, 59.88453878], [17.76754999, 59.88453287], [17.76804354, 59.88437742], [17.76571815, 59.88224373], [17.76501145, 59.88242359], [17.76485627, 59.88246305], [17.76367654, 59.88150707], [17.76356165, 59.88141399], [17.76356654, 59.88141254], [17.76456238, 59.88111174], [17.76450677, 59.88103493], [17.76388866, 59.88018206], [17.76359035, 59.87977044], [17.76464907, 59.87771361], [17.76468004, 59.8776535], [17.76481411, 59.87695425], [17.76498973, 59.87603844], [17.76510416, 59.87544174], [17.76514457, 59.87523105], [17.76504796, 59.87085109], [17.76471695, 59.87038025], [17.7634279, 59.86819979], [17.76388352, 59.86809231], [17.76407904, 59.86804635], [17.76420403, 59.86794761], [17.76448905, 59.86781901], [17.76515994, 59.86747426], [17.76630776, 59.86684273], [17.76851482, 59.86562847], [17.76868086, 59.8655383], [17.76876695, 59.86548403], [17.76878177, 59.86547437], [17.77025455, 59.86470428], [17.77061627, 59.86452438], [17.77159039, 59.86403137], [17.77337803, 59.86287607], [17.77423553, 59.86228211], [17.77448649, 59.86210822], [17.77526916, 59.86146355], [17.77556759, 59.86121777], [17.77689866, 59.86012136], [17.7771131, 59.85938995], [17.77711631, 59.85937892], [17.77852095, 59.85878273], [17.77978118, 59.85824787], [17.78028616, 59.85803356], [17.78215556, 59.85724012], [17.78659809, 59.85535414], [17.78789204, 59.85480483], [17.79186037, 59.85183189], [17.79224917, 59.85154058], [17.79481053, 59.84924353], [17.79587818, 59.84777945], [17.7917292, 59.84762428], [17.79051264, 59.8460876], [17.78751966, 59.84230671], [17.78719483, 59.84238869], [17.78695666, 59.84244889], [17.78597722, 59.84275735], [17.78446816, 59.84330312], [17.78392267, 59.84347375], [17.78201843, 59.8439549], [17.78176305, 59.84401905], [17.78131632, 59.84413144], [17.78101003, 59.84420843], [17.78070677, 59.84428463], [17.77652878, 59.84144813], [17.77674881, 59.84131844], [17.77697122, 59.84118736], [17.77729537, 59.84099628], [17.77748073, 59.84088709], [17.77865842, 59.840246], [17.78034886, 59.83931271], [17.78037164, 59.83930343], [17.78093148, 59.8390743], [17.78161606, 59.83874884], [17.78313021, 59.83812673], [17.78419231, 59.83762493], [17.78440614, 59.83748521], [17.78586718, 59.83682943], [17.78588418, 59.83682144], [17.78929794, 59.83508699], [17.79005018, 59.83468028], [17.79077023, 59.83412325], [17.79226669, 59.83296566], [17.79280123, 59.83262293], [17.79506322, 59.83150673], [17.79645978, 59.8308123], [17.79648394, 59.83080029], [17.79837137, 59.82988656], [17.79840236, 59.8298718], [17.79910183, 59.82953865], [17.79976888, 59.82922092], [17.80019495, 59.829018], [17.8006244, 59.82881338], [17.80135015, 59.82846771], [17.80175087, 59.82827682], [17.80210927, 59.82810606], [17.80411084, 59.8271042], [17.80518232, 59.8265678], [17.80944258, 59.82376202], [17.8095272, 59.82370631], [17.8094096, 59.82361334], [17.80941189, 59.82345366], [17.80940959, 59.8233442], [17.80942752, 59.82321303], [17.80945832, 59.82305472], [17.80937508, 59.82296262], [17.80921841, 59.82289833], [17.80904167, 59.82285952], [17.80892409, 59.82285934], [17.80876467, 59.82287766], [17.80856216, 59.82288764], [17.80834342, 59.82293013], [17.80802886, 59.82298104], [17.80777747, 59.82301147], [17.80753848, 59.82307568], [17.80730118, 59.82310231], [17.80714851, 59.82311518], [17.80696654, 59.82317682], [17.80680972, 59.82324359], [17.80657333, 59.82335625], [17.80629463, 59.82347844], [17.80613122, 59.82355424], [17.80599678, 59.82357408], [17.80575334, 59.82362222], [17.80552003, 59.82365774], [17.80532993, 59.82370158], [17.80515717, 59.82373626], [17.80493074, 59.82376804], [17.80477713, 59.82382934], [17.80455209, 59.82388804], [17.8043597, 59.82388711], [17.80419001, 59.82384815], [17.80403901, 59.82382155], [17.80387514, 59.8237556], [17.80375681, 59.82367467], [17.80364124, 59.8235794], [17.80356261, 59.82350876], [17.80343232, 59.82340285], [17.80295624, 59.82302726], [17.80280987, 59.82288755], [17.80262226, 59.82277531], [17.80232, 59.82258754], [17.80207506, 59.82247068], [17.80182492, 59.82232339], [17.80144296, 59.82210794], [17.80115236, 59.82193618], [17.80070849, 59.82169644], [17.80049192, 59.82157736], [17.80029085, 59.82141509], [17.79994585, 59.82122607], [17.79977159, 59.82109746], [17.79955427, 59.82096411], [17.79916728, 59.82078819], [17.79892576, 59.82060137], [17.79855994, 59.8203552], [17.79803182, 59.82007], [17.79744395, 59.81973541], [17.79693132, 59.81941196], [17.79616657, 59.81900989], [17.79562154, 59.81872603], [17.79540144, 59.81859955], [17.79505353, 59.81841013], [17.79461857, 59.81811764], [17.79425441, 59.81788885], [17.79378284, 59.8175753], [17.79353825, 59.81738279], [17.79337016, 59.81715513], [17.79330092, 59.81697829], [17.79277169, 59.81512898], [17.79257856, 59.81460911], [17.79220545, 59.81426741], [17.79127027, 59.8136563], [17.79049206, 59.81304868], [17.78962333, 59.81233806], [17.78824921, 59.81127658], [17.78796747, 59.81105394], [17.78768741, 59.8108636], [17.7874794, 59.81061856], [17.7873656, 59.81047994], [17.78712784, 59.81027828], [17.78636431, 59.80974937], [17.78567388, 59.80925907], [17.78504062, 59.808768], [17.7847009, 59.8084528], [17.78451043, 59.80812492], [17.78434337, 59.807917], [17.78404088, 59.80763182], [17.78392524, 59.80752557], [17.78390007, 59.80750948], [17.78366635, 59.80737861], [17.78319798, 59.80722216], [17.78297044, 59.80711415], [17.78261039, 59.80687744], [17.78221517, 59.80653466], [17.78185616, 59.80631723], [17.78140277, 59.80613028], [17.78095316, 59.80600621], [17.78042816, 59.80580155], [17.77969696, 59.80559998], [17.77889916, 59.80546207], [17.77799379, 59.80533397], [17.77751271, 59.80535267], [17.77763124, 59.80507529], [17.77257337, 59.80157909], [17.77221355, 59.80098941], [17.77095832, 59.80052226], [17.76756888, 59.79547566], [17.76659556, 59.79206657], [17.76416066, 59.78860378], [17.76286199, 59.78682624], [17.76040576, 59.78631427], [17.76380304, 59.7825068], [17.76438529, 59.78184644], [17.76375577, 59.78169933], [17.76231138, 59.78130661], [17.75736528, 59.78567617], [17.75647489, 59.78548672], [17.7608072, 59.7808977], [17.75851193, 59.7802738], [17.75706765, 59.77808803], [17.75689771, 59.77783783], [17.75608727, 59.77771551], [17.7551648, 59.77757271], [17.75502618, 59.77755065], [17.7525146, 59.77715054], [17.75247905, 59.77714697], [17.75031334, 59.77680327], [17.74934808, 59.77665415], [17.74889577, 59.77658007], [17.74556645, 59.77605187], [17.74497728, 59.77594991], [17.74115735, 59.77535163], [17.74030511, 59.77526629], [17.7387765, 59.77504188], [17.73673251, 59.77470081], [17.73519412, 59.77449264], [17.72784767, 59.76952096], [17.71958191, 59.76904717], [17.70975667, 59.76842233], [17.70538587, 59.7679314], [17.6955105, 59.76681168], [17.69400138, 59.76573031], [17.69344973, 59.76614252], [17.68637807, 59.77079685], [17.68614059, 59.7709456], [17.68610707, 59.77098554], [17.68548058, 59.77124555], [17.68458273, 59.77162428], [17.68407046, 59.77182706], [17.6753369, 59.77534265], [17.67435935, 59.77572508], [17.67288017, 59.77633869], [17.67221259, 59.77658159], [17.67460629, 59.77982482], [17.67475987, 59.78014633], [17.674744, 59.78203479], [17.67469304, 59.78206079], [17.67471709, 59.78534146], [17.67495091, 59.78592496], [17.6754237, 59.78826051], [17.6756666, 59.7893862], [17.67322065, 59.79209381], [17.67231875, 59.79309709], [17.67208697, 59.79335834], [17.67160612, 59.79389081], [17.67157082, 59.79394757], [17.67048604, 59.79517256], [17.66997388, 59.79556427], [17.66992932, 59.79581219], [17.66980794, 59.79620073], [17.66957586, 59.79669948], [17.66937571, 59.79706455], [17.66976784, 59.79750257], [17.67005034, 59.79768008], [17.67045962, 59.79797394], [17.67081422, 59.79826612], [17.67118239, 59.79861552], [17.67141338, 59.79883629], [17.67175405, 59.79908079], [17.67210853, 59.79937297], [17.67258544, 59.79985543], [17.67311557, 59.79947843], [17.67354857, 59.79921425], [17.67405226, 59.79894441], [17.67511487, 59.79847385], [17.67571117, 59.79825718], [17.67628648, 59.79807408], [17.67694012, 59.79789442], [17.67770302, 59.79771136], [17.67837554, 59.79755457], [17.67900929, 59.79742955], [17.679707, 59.79731742], [17.68038055, 59.79723228], [17.68108723, 59.79716613], [17.68249426, 59.7971032], [17.68322671, 59.79710532], [17.68390566, 59.79712946], [17.68463195, 59.7971775], [17.68535033, 59.7972496], [17.68600784, 59.79733795], [17.68670289, 59.79745435], [17.68799356, 59.79774299], [17.6885794, 59.79790868], [17.68912434, 59.7978934], [17.68928243, 59.79789394], [17.68929086, 59.79789278], [17.68995085, 59.79780904], [17.69062019, 59.79774665], [17.69148712, 59.79769872], [17.69216669, 59.79767942], [17.69284728, 59.79768174], [17.69373386, 59.79771891], [17.6944084, 59.79776464], [17.69522333, 59.79784854], [17.69570712, 59.79791354], [17.69571644, 59.79791415], [17.69653151, 59.79799786], [17.69737465, 59.79809402], [17.6980322, 59.7981823], [17.69887613, 59.7983246], [17.69950615, 59.79845404], [17.70011881, 59.79860332], [17.70087803, 59.79881948], [17.70144804, 59.79900655], [17.70199347, 59.79921147], [17.70265684, 59.7994965], [17.7031463, 59.79973445], [17.70360466, 59.79998759], [17.70414796, 59.80033096], [17.7047107, 59.80075262], [17.70521135, 59.80120627], [17.70557582, 59.80160497], [17.70581444, 59.80192568], [17.70605204, 59.80232635], [17.70704199, 59.80241799], [17.70790184, 59.80253358], [17.70862049, 59.80265756], [17.70923676, 59.80278634], [17.70997804, 59.80290823], [17.71086278, 59.80308734], [17.71167117, 59.8027808], [17.71229142, 59.80258395], [17.71293588, 59.80240825], [17.71355238, 59.80226312], [17.71488367, 59.80202436], [17.71559446, 59.80193414], [17.71700017, 59.80182596], [17.71840521, 59.80175676], [17.71908485, 59.80173732], [17.71987902, 59.8017393], [17.72123272, 59.80180875], [17.72195208, 59.80187965], [17.72266073, 59.80197429], [17.72330614, 59.80208318], [17.72398572, 59.80222136], [17.72464579, 59.80238186], [17.72528337, 59.80256384], [17.72589574, 59.80276655], [17.72644138, 59.80297136], [17.72699869, 59.80321087], [17.72796835, 59.80370977], [17.72848688, 59.80393149], [17.72897659, 59.80416934], [17.72950541, 59.80446108], [17.72978286, 59.80463506], [17.73055505, 59.80470904], [17.73126267, 59.80480249], [17.73195673, 59.80491904], [17.732587, 59.80504832], [17.73329926, 59.80522179], [17.73389201, 59.80539011], [17.73425969, 59.80550194], [17.73488157, 59.80570638], [17.73546829, 59.80592836], [17.7359869, 59.80615004], [17.73651414, 59.80640694], [17.73743205, 59.80694799], [17.73785262, 59.80725058], [17.73820792, 59.80754267], [17.73855019, 59.80786934], [17.73908774, 59.80852718], [17.73930045, 59.80888062], [17.73946616, 59.80924025], [17.73965566, 59.80994505], [17.73968272, 59.81031403], [17.7396676, 59.81065641], [17.73960665, 59.81100855], [17.73974554, 59.8112384], [17.73990189, 59.81157163], [17.74002251, 59.81192637], [17.74009372, 59.81226686], [17.74012182, 59.81260896], [17.74010652, 59.81296886], [17.74004819, 59.81330999], [17.73979631, 59.81400053], [17.73961068, 59.81433002], [17.73936338, 59.81467715], [17.73878993, 59.81529803], [17.73781426, 59.81619453], [17.73765103, 59.81700709], [17.7375498, 59.81734569], [17.73738416, 59.81773648], [17.73719848, 59.81806597], [17.73697165, 59.81838877], [17.73635781, 59.81905836], [17.73557418, 59.81968145], [17.73515831, 59.81995266], [17.73419283, 59.820472], [17.73364336, 59.82071643], [17.73306306, 59.82094201], [17.73229766, 59.82119443], [17.73133001, 59.82166492], [17.73081936, 59.82189165], [17.73023528, 59.82212188], [17.72962905, 59.82232956], [17.72904242, 59.82250361], [17.72838954, 59.82267183], [17.72771586, 59.82281794], [17.72729724, 59.8228931], [17.72614255, 59.82370113], [17.72547396, 59.82416727], [17.72375585, 59.82533459], [17.72306776, 59.82575557], [17.72240429, 59.82619536], [17.72198823, 59.82646653], [17.7215011, 59.8267469], [17.72098439, 59.82700749], [17.72043476, 59.82725052], [17.71985474, 59.82747477], [17.71929109, 59.82766707], [17.71870431, 59.82784107], [17.71805223, 59.82800841], [17.71737981, 59.82815372], [17.71673817, 59.82826875], [17.71603501, 59.82837094], [17.71532008, 59.82844984], [17.71464666, 59.82850173], [17.71391772, 59.82853519], [17.71318595, 59.82854463], [17.71220277, 59.82851702], [17.71149098, 59.82857311], [17.71060463, 59.82861796], [17.70992356, 59.82862661], [17.70913967, 59.82861041], [17.70913698, 59.82861164], [17.70859866, 59.82882151], [17.70786449, 59.82907511], [17.70727748, 59.82924906], [17.70658524, 59.82942841], [17.70539406, 59.82967406], [17.70490456, 59.83011071], [17.70440637, 59.83048197], [17.70371952, 59.83096058], [17.70278024, 59.83152971], [17.70171897, 59.83202857], [17.70118056, 59.83223841], [17.69998507, 59.83261974], [17.69932974, 59.83278742], [17.69719112, 59.83317056], [17.69560832, 59.83330972], [17.6951966, 59.8333689], [17.69397118, 59.83348868], [17.69114525, 59.8350272], [17.69142084, 59.83564235], [17.69150435, 59.83635565], [17.69127419, 59.83702336], [17.69220699, 59.83710057], [17.6928653, 59.83718878], [17.69356001, 59.8373067], [17.69423785, 59.83744714], [17.69485105, 59.83759636], [17.69548884, 59.8377783], [17.69605964, 59.83796539], [17.6966474, 59.83818564], [17.69727187, 59.83845731], [17.69868591, 59.83862881], [17.69939438, 59.83873249], [17.70016891, 59.83886472], [17.70079985, 59.83899414], [17.70146744, 59.83914158], [17.70186284, 59.8389548], [17.70238786, 59.83873643], [17.70293944, 59.8385353], [17.7036776, 59.83830068], [17.70427542, 59.83813623], [17.70489277, 59.83799114], [17.70570617, 59.8378315], [17.70635505, 59.8377268], [17.70701578, 59.83764305], [17.70751116, 59.83759684], [17.70862006, 59.83744745], [17.70907748, 59.83739959], [17.71007194, 59.83723152], [17.71072079, 59.8371268], [17.71158566, 59.83701951], [17.71225574, 59.83695692], [17.71314374, 59.83690978], [17.71388504, 59.8366428], [17.71464274, 59.83640736], [17.71524047, 59.83624286], [17.71685226, 59.83591316], [17.71713889, 59.83576396], [17.717572, 59.83549964], [17.71803762, 59.83524965], [17.71863358, 59.83497351], [17.71920276, 59.83473745], [17.71921102, 59.83473405], [17.72006638, 59.83439236], [17.72079654, 59.83413257], [17.72137207, 59.83394937], [17.72196972, 59.83378484], [17.72276836, 59.83360339], [17.72405121, 59.83337337], [17.72471181, 59.83328954], [17.72561194, 59.83320667], [17.72540753, 59.83283066], [17.72526356, 59.8324685], [17.72517107, 59.83212925], [17.72511815, 59.83176089], [17.72511179, 59.83141851], [17.72515067, 59.83104969], [17.7252306, 59.83070965], [17.72536056, 59.83034621], [17.72553816, 59.82998772], [17.72574459, 59.82966141], [17.72600972, 59.829317], [17.72631932, 59.828982], [17.7266725, 59.82865812], [17.72703537, 59.82836828], [17.72743412, 59.82809071], [17.72789898, 59.82780467], [17.72840045, 59.82753467], [17.72889657, 59.82729999], [17.72950409, 59.82704755], [17.73005532, 59.8268463], [17.73067679, 59.82664944], [17.73099049, 59.82656298], [17.73165667, 59.8263138], [17.73240862, 59.82607361], [17.73300593, 59.82590894], [17.73377813, 59.82572393], [17.7344122, 59.82559865], [17.73525579, 59.82545535], [17.7359162, 59.82537146], [17.73677486, 59.82529179], [17.73745113, 59.82525059], [17.73813123, 59.82523096], [17.73900411, 59.82523488], [17.73968366, 59.82525873], [17.74035881, 59.82530422], [17.74143506, 59.8254212], [17.74234917, 59.82526624], [17.74251169, 59.8252456], [17.74320504, 59.8250293], [17.74379697, 59.82474298], [17.74432149, 59.82452445], [17.74490074, 59.82431303], [17.74547611, 59.82412972], [17.74607332, 59.823965], [17.74673773, 59.82380892], [17.7478457, 59.82360217], [17.74849416, 59.82349727], [17.74920536, 59.82340731], [17.74987509, 59.82334453], [17.7505513, 59.82330326], [17.75126603, 59.82328302], [17.7520296, 59.82328591], [17.7527107, 59.82328791], [17.75339022, 59.82331169], [17.75406535, 59.82335711], [17.75476761, 59.82342639], [17.75610432, 59.82362915], [17.75673517, 59.82375822], [17.75797118, 59.82408453], [17.75874042, 59.82430859], [17.75947221, 59.82454764], [17.76001826, 59.82475222], [17.76039288, 59.82491216], [17.76057392, 59.82497141], [17.76116123, 59.82519255], [17.76168046, 59.82541422], [17.76220831, 59.82567046], [17.76270166, 59.8259436], [17.763128, 59.8262106], [17.76354959, 59.82651254], [17.7639308, 59.82682783], [17.76424887, 59.82713051], [17.76455245, 59.82747132], [17.76520795, 59.82835762], [17.76542474, 59.82871453], [17.76563591, 59.82920235], [17.76574313, 59.82943042], [17.76585737, 59.82976793], [17.76593652, 59.83013483], [17.76595378, 59.83034107], [17.76629751, 59.83053021], [17.76676104, 59.8308222], [17.76715294, 59.8311023], [17.76763994, 59.83146754], [17.76802754, 59.831786], [17.76836829, 59.83211263], [17.76864781, 59.83242492], [17.76890493, 59.83277047], [17.76911619, 59.83312372], [17.76927294, 59.83345692], [17.76939515, 59.83382067], [17.76946921, 59.83418768], [17.76949764, 59.83452978], [17.76948015, 59.83489853], [17.76941456, 59.83526587], [17.76931361, 59.8356045], [17.76915721, 59.83596495], [17.7689719, 59.83629447], [17.76872732, 59.83664241], [17.76843782, 59.83698131], [17.7681316, 59.83728725], [17.76776029, 59.83760542], [17.76734803, 59.83791079], [17.76693204, 59.83818202], [17.76648281, 59.83843948], [17.7659664, 59.83870168], [17.76541687, 59.83894625], [17.7648786, 59.83915635], [17.76426547, 59.83936722], [17.76368892, 59.83955961], [17.76282775, 59.83985257], [17.76221191, 59.84006133], [17.76162515, 59.84023552], [17.76097018, 59.84040215], [17.76029497, 59.84054675], [17.75974913, 59.8406447], [17.75913068, 59.84106055], [17.75868135, 59.84131799], [17.75824356, 59.8415388], [17.75775953, 59.84190189], [17.75730817, 59.84219736], [17.75685882, 59.84245479], [17.75634387, 59.84271674], [17.7557958, 59.84296105], [17.75525741, 59.84317111], [17.75465305, 59.84337932], [17.75402285, 59.84356714], [17.75341511, 59.84372215], [17.75274339, 59.84386906], [17.75205361, 59.84399352], [17.75139845, 59.84408798], [17.75106911, 59.84412721], [17.7503417, 59.8442061], [17.74966801, 59.84425818], [17.74898916, 59.84428862], [17.74825435, 59.84429939], [17.74751959, 59.84428572], [17.74684141, 59.8442511], [17.74611598, 59.8441916], [17.74545208, 59.8441141], [17.74474708, 59.84400951], [17.74405727, 59.84388179], [17.74343467, 59.84374252], [17.74301616, 59.84363411], [17.74287571, 59.84417241], [17.74270316, 59.84459092], [17.74247669, 59.84500723], [17.74220275, 59.84541042], [17.74194374, 59.84594499], [17.74174099, 59.84630269], [17.74149504, 59.84664907], [17.74122767, 59.84696409], [17.74092125, 59.84726987], [17.74055339, 59.84758788], [17.74014472, 59.84789301], [17.73972853, 59.84816415], [17.73924775, 59.84844139], [17.7387316, 59.84870221], [17.73764404, 59.84915548], [17.73703908, 59.84936263], [17.73645201, 59.84953661], [17.73580051, 59.8497043], [17.73512851, 59.84985023], [17.73448652, 59.84996525], [17.73350429, 59.85011339], [17.73194152, 59.85036143], [17.73121681, 59.85044303], [17.73049137, 59.85049968], [17.72981237, 59.85053011], [17.72900157, 59.85056579], [17.72853128, 59.85072618], [17.72794414, 59.85090013], [17.7272892, 59.85106803], [17.72666295, 59.85120335], [17.72597155, 59.85132888], [17.72525656, 59.85143262], [17.72492478, 59.85149904], [17.72451551, 59.85157237], [17.72450643, 59.85177647], [17.72442501, 59.85222127], [17.72445226, 59.85255441], [17.72443696, 59.8528967], [17.72441775, 59.85311016], [17.72434392, 59.85379366], [17.7242152, 59.85423656], [17.72399833, 59.85472881], [17.72381231, 59.85505819], [17.72325012, 59.85579598], [17.72259615, 59.85640057], [17.72254876, 59.85670543], [17.7228369, 59.85708088], [17.72322121, 59.85779289], [17.72333527, 59.85813043], [17.72344158, 59.85883957], [17.72342815, 59.85920849], [17.72326483, 59.85991486], [17.7229126, 59.86063105], [17.72271557, 59.86091099], [17.7227527, 59.86130923], [17.72273739, 59.8616516], [17.72268619, 59.86196212], [17.72256834, 59.8623818], [17.72241286, 59.86274118], [17.72222678, 59.86307056], [17.72169547, 59.86375569], [17.72141295, 59.86403712], [17.72141039, 59.86404544], [17.72140132, 59.8640714], [17.72125735, 59.86440611], [17.72124308, 59.86443155], [17.72105698, 59.86476093], [17.72082969, 59.8650838], [17.72081078, 59.86510844], [17.72059172, 59.86536619], [17.72050593, 59.86556567], [17.72031982, 59.86589505], [17.72009251, 59.86621791], [17.72002132, 59.86630759], [17.71975373, 59.86662257], [17.71944679, 59.8669283], [17.71910187, 59.86722377], [17.71899725, 59.86730471], [17.71861558, 59.86758854], [17.71819897, 59.86785961], [17.71774896, 59.86811691], [17.71760264, 59.86819242], [17.71759273, 59.86819739], [17.71752106, 59.8682507], [17.71710443, 59.86852177], [17.71696607, 59.86860098], [17.71651605, 59.86885828], [17.71603431, 59.86910078], [17.71595897, 59.86913619], [17.7158044, 59.86920469], [17.71567024, 59.86927222], [17.71559504, 59.86930763], [17.71549536, 59.86935182], [17.71540323, 59.86939818], [17.71531667, 59.86943886], [17.71522869, 59.8694802], [17.715131, 59.86952345], [17.71504029, 59.86956915], [17.71495317, 59.8696102], [17.71493544, 59.86961856], [17.71487752, 59.86967626], [17.71476601, 59.86987348], [17.71474569, 59.86990255], [17.71451831, 59.87022541], [17.71425237, 59.87055256], [17.71398643, 59.87087971], [17.71371875, 59.87119468], [17.71369273, 59.87122261], [17.71338584, 59.87152832], [17.71304082, 59.87182378], [17.71301409, 59.87184651], [17.71263231, 59.87213033], [17.71260119, 59.87215163], [17.71218448, 59.87242268], [17.71195682, 59.87255286], [17.71184029, 59.87266889], [17.71181521, 59.87269204], [17.71147017, 59.87298749], [17.71108837, 59.8732713], [17.7110539, 59.8732968], [17.71064818, 59.87356745], [17.71025125, 59.87383216], [17.71024271, 59.87383773], [17.71020758, 59.87386234], [17.71019577, 59.87387103], [17.70979669, 59.87415115], [17.70941031, 59.87442247], [17.70939366, 59.87443332], [17.70936551, 59.87445321], [17.709348, 59.87446615], [17.70894236, 59.8747508], [17.70852558, 59.87502184], [17.70848874, 59.87504533], [17.70812403, 59.87525377], [17.70807058, 59.87535206], [17.70800925, 59.8754604], [17.70797679, 59.87553589], [17.7077905, 59.87586525], [17.70772719, 59.87595647], [17.70749969, 59.87627931], [17.70723191, 59.87659426], [17.70692476, 59.87689997], [17.70657963, 59.8771954], [17.70648206, 59.87727861], [17.70610017, 59.87756241], [17.70568333, 59.87783344], [17.7052331, 59.8780907], [17.7050933, 59.87816939], [17.70461134, 59.87841185], [17.70446122, 59.8784814], [17.70429859, 59.8785566], [17.70413624, 59.87863171], [17.7039746, 59.87870644], [17.70383341, 59.87877168], [17.70376865, 59.87883624], [17.7036753, 59.87892071], [17.70333012, 59.87921614], [17.70294818, 59.87949992], [17.70253129, 59.87977095], [17.70239981, 59.87984874], [17.70194952, 59.88010599], [17.70146751, 59.88034844], [17.70095591, 59.88057496], [17.70079658, 59.88063841], [17.70025723, 59.88084826], [17.69969258, 59.88104056], [17.69910475, 59.88121439], [17.69893368, 59.8812585], [17.698325, 59.88141335], [17.69769806, 59.88154853], [17.69705532, 59.88166338], [17.69639927, 59.88175766], [17.69621423, 59.88178417], [17.69566522, 59.88184437], [17.69534493, 59.8819862], [17.69530022, 59.88200553], [17.69476081, 59.88221526], [17.69471281, 59.88223232], [17.6941481, 59.88242461], [17.69386694, 59.88251461], [17.69327906, 59.88268841], [17.69322678, 59.8827035], [17.69318071, 59.88271522], [17.69283465, 59.88286844], [17.69267388, 59.88293631], [17.69265101, 59.88294513], [17.69248439, 59.88314104], [17.69217705, 59.88344671], [17.69215255, 59.88347002], [17.69180722, 59.88376542], [17.69177819, 59.88378739], [17.6913961, 59.88407115], [17.69097906, 59.88434214], [17.69094579, 59.88436267], [17.69049535, 59.88461988], [17.69045839, 59.8846386], [17.68997624, 59.88488101], [17.68946449, 59.88510749], [17.68942399, 59.88512439], [17.68888449, 59.8853341], [17.6883197, 59.88552636], [17.68827607, 59.88554108], [17.68768811, 59.88571486], [17.6876418, 59.88572739], [17.68703299, 59.88588219], [17.68640592, 59.88601732], [17.68635751, 59.88602756], [17.68571465, 59.88614235], [17.68565597, 59.88615137], [17.68540184, 59.8861879], [17.68539404, 59.88624644], [17.68533504, 59.88658754], [17.6852331, 59.8869261], [17.68508867, 59.88726077], [17.68503391, 59.88735854], [17.68484734, 59.88768787], [17.68461954, 59.88801067], [17.6843513, 59.88832559], [17.68404398, 59.88863124], [17.6839507, 59.88872117], [17.68360524, 59.88901654], [17.68326155, 59.88927173], [17.68326141, 59.88927173], [17.68322302, 59.88930027], [17.68280585, 59.88957124], [17.68267773, 59.88964975], [17.68222716, 59.88990693], [17.68174487, 59.89014931], [17.68123299, 59.89037585], [17.68106108, 59.89044528], [17.68052145, 59.89065505], [17.67995652, 59.89084727], [17.67993008, 59.8908558], [17.67992893, 59.89085619], [17.67794723, 59.89150299], [17.6773591, 59.89167672], [17.67716599, 59.89172654], [17.67655702, 59.89188129], [17.6759298, 59.89201638], [17.67528678, 59.89213112], [17.67463046, 59.89222529], [17.67443888, 59.89225209], [17.673772, 59.89232509], [17.67309722, 59.89237678], [17.67241731, 59.89240693], [17.67221882, 59.89241374], [17.67153642, 59.8924221], [17.67085435, 59.89240881], [17.67017525, 59.8923738], [17.66997823, 59.89236037], [17.66985725, 59.89235016], [17.66968259, 59.8923563], [17.6690002, 59.89236465], [17.66831813, 59.89235135], [17.66763903, 59.89231633], [17.6674483, 59.89230411], [17.66742649, 59.89230231], [17.66748282, 59.89246977], [17.66755348, 59.8928103], [17.66757178, 59.89290604], [17.66759922, 59.89324816], [17.66758333, 59.89359044], [17.66752415, 59.89393154], [17.66750528, 59.89402713], [17.66740312, 59.89436568], [17.66725849, 59.89470033], [17.6670717, 59.89502964], [17.66701612, 59.89512166], [17.6667881, 59.89544444], [17.66651963, 59.89575932], [17.66651458, 59.89576427], [17.66637456, 59.89782084], [17.6663903, 59.89798023], [17.66642181, 59.89830143], [17.66881729, 59.9065895], [17.66887605, 59.90678853], [17.66994819, 59.91155461], [17.67022014, 59.91276352], [17.67430297, 59.91659867], [17.67435389, 59.9166465], [17.67766908, 59.91698204], [17.68314704, 59.91753622], [17.6913143, 59.92190591], [17.69480401, 59.92376692], [17.69920186, 59.92478294], [17.70084958, 59.92517109], [17.70718384, 59.92697795], [17.71125328, 59.92745759], [17.71245309, 59.92842647], [17.71328716, 59.92914524], [17.71436828, 59.93029476], [17.72088489, 59.931942], [17.72092629, 59.9319266], [17.72094452, 59.93193835], [17.7229115, 59.93120418], [17.72832987, 59.92918163], [17.72850909, 59.93018074], [17.72992116, 59.9314724], [17.72935288, 59.93165223], [17.72889062, 59.93179851], [17.72364345, 59.93294363], [17.72527909, 59.93368304], [17.72593425, 59.9344994], [17.72596049, 59.93448996], [17.72597177, 59.93450329], [17.73084804, 59.93276115]], [[17.73586005, 59.91817901], [17.73446068, 59.91817222], [17.73337934, 59.91810501], [17.73233692, 59.9179944], [17.73168269, 59.91789586], [17.73099182, 59.91776807], [17.73006792, 59.91755169], [17.7295271, 59.91764814], [17.72882076, 59.91774856], [17.7281535, 59.91782184], [17.7274783, 59.91787381], [17.7267473, 59.91790771], [17.7260133, 59.9179176], [17.72533069, 59.91790459], [17.72459987, 59.91786859], [17.72387548, 59.91780856], [17.72321017, 59.91773105], [17.72250632, 59.9176263], [17.72181772, 59.91749869], [17.72119383, 59.91735941], [17.72054223, 59.91718971], [17.71991429, 59.91699904], [17.71935424, 59.91680301], [17.71877856, 59.9165746], [17.71823399, 59.91632777], [17.71775798, 59.91608221], [17.7166604, 59.91544157], [17.71621657, 59.91518133], [17.71576889, 59.914883], [17.71539421, 59.91459672], [17.71502857, 59.91427657], [17.71470582, 59.91394502], [17.71437266, 59.913551], [17.71421974, 59.91348148], [17.71343222, 59.91346886], [17.71275266, 59.91343417], [17.712079, 59.91337779], [17.71171885, 59.9133358], [17.71096772, 59.91327553], [17.71030252, 59.91319795], [17.70961462, 59.91309524], [17.70897436, 59.912976], [17.70835061, 59.91283666], [17.70772641, 59.91269355], [17.70649769, 59.91239524], [17.70575544, 59.91216275], [17.70519555, 59.91196666], [17.70466155, 59.91175324], [17.70385498, 59.91136818], [17.70318266, 59.91110621], [17.70265152, 59.91086425], [17.70217572, 59.91061864], [17.70173206, 59.91035835], [17.70132227, 59.91008443], [17.70092773, 59.90978397], [17.70059037, 59.90948629], [17.70029143, 59.90917847], [17.70001761, 59.9088458], [17.69979862, 59.90852153], [17.6996213, 59.90819084], [17.69945964, 59.9079041], [17.69900446, 59.90753742], [17.6988635, 59.9069877], [17.69935216, 59.90640092], [17.69943834, 59.90604372], [17.69956143, 59.90570687], [17.69974525, 59.90534605], [17.69974055, 59.90508295], [17.69977767, 59.90474104], [17.69986315, 59.9043843], [17.69998623, 59.90404744], [17.70015187, 59.90371529], [17.70037605, 59.90336496], [17.70062402, 59.90304593], [17.7006255, 59.90304429], [17.70091338, 59.90273379], [17.70126575, 59.9024111], [17.70202946, 59.90184373], [17.70266215, 59.90144836], [17.70306195, 59.90117077], [17.70351655, 59.90089242], [17.70390418, 59.90068478], [17.70446712, 59.90027727], [17.70458875, 59.90020247], [17.70473191, 59.90005338], [17.70651747, 59.89961115], [17.70588311, 59.8990157], [17.70631513, 59.89871606], [17.70678582, 59.89843143], [17.70725239, 59.89818147], [17.70779692, 59.8979255], [17.70868945, 59.89755917], [17.70924196, 59.89735801], [17.70986413, 59.89716124], [17.71046282, 59.89699676], [17.71108123, 59.89685163], [17.71166159, 59.89673558], [17.71244942, 59.89651096], [17.71323829, 59.89632099], [17.71387378, 59.8961958], [17.71452377, 59.89609114], [17.71537007, 59.89598001], [17.71692812, 59.89586686], [17.71760968, 59.89584741], [17.71829227, 59.89584958], [17.7195028, 59.89585056], [17.72039289, 59.89588374], [17.72173892, 59.89599624], [17.72323033, 59.89622025], [17.72386245, 59.89634955], [17.72524179, 59.89671159], [17.72581377, 59.89689854], [17.72636083, 59.89710334], [17.72703103, 59.89738553], [17.72752198, 59.89762347], [17.727833, 59.89779452], [17.72886582, 59.89750868], [17.73034363, 59.89702147], [17.73103477, 59.89701424], [17.73174359, 59.896901], [17.73240542, 59.89681703], [17.7327082, 59.89678174], [17.73337945, 59.89671912], [17.73411005, 59.8966754], [17.73479161, 59.89665586], [17.73552748, 59.89665827], [17.73626137, 59.89668507], [17.73743488, 59.89681088], [17.73818728, 59.8971231], [17.74004915, 59.89781603], [17.74187394, 59.89751468], [17.74246838, 59.89768295], [17.74308494, 59.89788516], [17.74367323, 59.89810735], [17.74419349, 59.89832899], [17.74468458, 59.89856686], [17.7451822, 59.89883918], [17.74564828, 59.8991311], [17.7464222, 59.89955961], [17.74736407, 59.90018376], [17.74717843, 59.90034294], [17.7474582, 59.90065528], [17.74771694, 59.90100047], [17.74792987, 59.90135336], [17.74808676, 59.90168667], [17.74821032, 59.90205014], [17.74829123, 59.90235629], [17.74836993, 59.90272303], [17.74839781, 59.90322979], [17.74838275, 59.90357208], [17.74835181, 59.90379001], [17.74898417, 59.9039192], [17.74959885, 59.90406824], [17.75036627, 59.90427885], [17.75093852, 59.90446569], [17.75148586, 59.90467038], [17.75215935, 59.9049505], [17.75305468, 59.90529092], [17.75361532, 59.90552946], [17.75463673, 59.90605956], [17.75506405, 59.90632657], [17.75548559, 59.90662883], [17.75584213, 59.90692086], [17.75618929, 59.90725081], [17.75660329, 59.90770898], [17.75687421, 59.90806935], [17.75708496, 59.90841204], [17.75729252, 59.90883177], [17.75741559, 59.90919497], [17.75748722, 59.90953544], [17.75751939, 59.9099036], [17.75750442, 59.91024589], [17.7574449, 59.91061309], [17.75733737, 59.91097761], [17.75718211, 59.91133775], [17.75699613, 59.91166726], [17.75675264, 59.91201496], [17.75648504, 59.91232992], [17.75615715, 59.91265971], [17.75587398, 59.91292406], [17.7571116, 59.91326691], [17.7551142, 59.91403971], [17.7532275, 59.91476964], [17.75052067, 59.91581679], [17.7493605, 59.91546337], [17.74864545, 59.91559111], [17.74811297, 59.91566779], [17.74775304, 59.91580788], [17.74718807, 59.9160003], [17.74655523, 59.91618928], [17.74589879, 59.91635693], [17.74522162, 59.91650236], [17.74387018, 59.91671959], [17.74336148, 59.91677555], [17.74257206, 59.91709497], [17.74200703, 59.91728737], [17.74137299, 59.91747671], [17.74003651, 59.91779015], [17.73939323, 59.9179053], [17.7386838, 59.91800736], [17.73728731, 59.91813752], [17.73660694, 59.91816791], [17.73586005, 59.91817901]]]}, "properties": {"deso": "0380A0030", "pop": 2649.0, "income": 412.0, "male_frac": 0.527, "child_frac": 0.2673, "elder_frac": 0.1099, "dependency": 0.6055, "needZ": -0.4255, "needZ_v1": -0.3323, "regso": "0380R036", "higher_ed": 80.9, "neet": 8.1, "income_support": 0.2}}, {"type": "Feature", "geometry": {"type": "Polygon", "coordinates": [[[18.05925219, 59.94109288], [18.06320637, 59.93900662], [18.07250887, 59.93841646], [18.0817665, 59.93710141], [18.08307321, 59.93691767], [18.08405167, 59.93678014], [18.0873362, 59.93654683], [18.09194803, 59.93720775], [18.09832442, 59.93576907], [18.09918686, 59.93579093], [18.1001167, 59.93581209], [18.10291873, 59.93678921], [18.10362861, 59.93665579], [18.1046419, 59.93646536], [18.10558423, 59.93628827], [18.12085489, 59.93341675], [18.1213132, 59.93333052], [18.12151428, 59.9332927], [18.12236517, 59.93313265], [18.12333428, 59.93314644], [18.12404349, 59.93315649], [18.12516622, 59.93317254], [18.12548246, 59.93317699], [18.13018554, 59.93239218], [18.13044277, 59.93234555], [18.13385448, 59.93161976], [18.13699689, 59.93121401], [18.13728717, 59.9310877], [18.14246932, 59.92883325], [18.14537828, 59.9275675], [18.15109681, 59.92505947], [18.15575106, 59.92301771], [18.15705172, 59.91874038], [18.15747061, 59.91736247], [18.15819156, 59.91499129], [18.15840365, 59.91429334], [18.15856159, 59.91377394], [18.15920706, 59.91165019], [18.159271, 59.91143977], [18.15920658, 59.911054], [18.15809898, 59.9044113], [18.15759709, 59.90325447], [18.15698976, 59.9016814], [18.15703502, 59.9014699], [18.15730008, 59.90023081], [18.15868584, 59.90016541], [18.158682, 59.9000877], [18.15859529, 59.89838689], [18.1585394, 59.89728656], [18.15828205, 59.89638801], [18.15844844, 59.89422445], [18.15905732, 59.88630431], [18.16231538, 59.88201179], [18.16182873, 59.87674668], [18.1669477, 59.87389901], [18.16910876, 59.87245791], [18.17917584, 59.86690342], [18.18335887, 59.86391218], [18.19348339, 59.8586446], [18.20088752, 59.85909461], [18.20037562, 59.8575857], [18.20008111, 59.85682522], [18.19907163, 59.85411989], [18.19906825, 59.85411072], [18.19852155, 59.85300597], [18.19851516, 59.8529931], [18.19693867, 59.84980676], [18.19634285, 59.84860293], [18.19571656, 59.84733749], [18.1950306, 59.84595148], [18.19427965, 59.8444338], [18.19413254, 59.84409138], [18.19416362, 59.84173271], [18.19416391, 59.84172031], [18.19419381, 59.84059022], [18.20086258, 59.83642592], [18.20088009, 59.83641507], [18.20264586, 59.83532277], [18.20801151, 59.835592], [18.20995503, 59.83568753], [18.20997616, 59.83568836], [18.21184018, 59.83576244], [18.21289048, 59.83552915], [18.21435818, 59.83518341], [18.21653438, 59.83472922], [18.22039344, 59.83513532], [18.22315185, 59.83505606], [18.22564332, 59.83414305], [18.23451475, 59.8334196], [18.2346505, 59.83245983], [18.23465049, 59.83245974], [18.22891659, 59.83074862], [18.21967632, 59.82818111], [18.2145334, 59.82865967], [18.21240839, 59.82885167], [18.21144956, 59.82893385], [18.20956337, 59.82910856], [18.20779026, 59.82926709], [18.20560021, 59.82943244], [18.20424127, 59.82981749], [18.20131054, 59.83060557], [18.19977597, 59.83097912], [18.19770085, 59.83154297], [18.18312289, 59.82883505], [18.18095396, 59.82842195], [18.17767013, 59.82780469], [18.17491373, 59.82727191], [18.16595234, 59.82530635], [18.1560009, 59.82319137], [18.15296611, 59.82251092], [18.1511052, 59.82247243], [18.15049359, 59.8225002], [18.14930722, 59.82229466], [18.14725798, 59.82197726], [18.14472753, 59.82160457], [18.1426835, 59.82136962], [18.13961483, 59.8210558], [18.13701576, 59.82078101], [18.13374144, 59.820429], [18.13181057, 59.82023153], [18.1283358, 59.81923954], [18.12668704, 59.81870718], [18.12516615, 59.81822297], [18.12462395, 59.81816326], [18.12315572, 59.81800507], [18.12246603, 59.81786764], [18.11616016, 59.81687283], [18.10766212, 59.81486474], [18.10755339, 59.81434362], [18.10748644, 59.81408771], [18.10744032, 59.81397165], [18.10728387, 59.81385729], [18.10703038, 59.81378925], [18.10640258, 59.81389923], [18.10623107, 59.81382997], [18.10624638, 59.81372737], [18.10611782, 59.81366285], [18.10574575, 59.81339726], [18.10517976, 59.81322618], [18.10470131, 59.8130914], [18.10382619, 59.8129339], [18.1034038, 59.81296355], [18.10313301, 59.81296401], [18.10291739, 59.81293128], [18.10186464, 59.81302602], [18.09700325, 59.8114392], [18.08538716, 59.81199586], [18.07669696, 59.8109554], [18.06537397, 59.80939083], [18.05756084, 59.81119485], [18.05268888, 59.81986334], [18.03382902, 59.82558353], [18.03270732, 59.82594881], [18.0279172, 59.82683602], [18.02676145, 59.82805766], [18.02472927, 59.8231932], [18.00894604, 59.81326639], [18.00662567, 59.81178549], [18.00451945, 59.81138822], [18.00451949, 59.81138867], [18.00569717, 59.83659983], [18.00966152, 59.85036857], [18.01293679, 59.86173554], [18.01379708, 59.86922494], [18.01722985, 59.87433965], [18.01785266, 59.87526742], [18.0195877, 59.8778518], [18.01968518, 59.87856036], [18.02335026, 59.90518058], [18.02432335, 59.91248497], [18.02373534, 59.92005975], [18.02165046, 59.92856884], [18.02995289, 59.92965472], [18.02889855, 59.93056889], [18.0253529, 59.93364255], [18.02157456, 59.93591426], [18.02387311, 59.93666209], [18.02783429, 59.93795088], [18.03524006, 59.94035962], [18.03994551, 59.94188965], [18.04160998, 59.94163169], [18.04213571, 59.94154301], [18.0472059, 59.94067108], [18.0474156, 59.94063739], [18.04833036, 59.9404902], [18.04973538, 59.94085559], [18.05364017, 59.94187102], [18.05925219, 59.94109288]]]}, "properties": {"deso": "0380A0050", "pop": 2085.0, "income": 342.9, "male_frac": 0.5178, "child_frac": 0.1779, "elder_frac": 0.2158, "dependency": 0.6495, "needZ": 0.2262, "needZ_v1": 0.3166, "regso": "0380R042", "higher_ed": 68.6, "neet": 11.4, "income_support": 0.2}}, {"type": "Feature", "geometry": {"type": "Polygon", "coordinates": [[[17.68857684, 59.9560949], [17.68879215, 59.95599027], [17.68919241, 59.95565245], [17.68968607, 59.95532432], [17.68975719, 59.9552961], [17.69002968, 59.95518796], [17.69017908, 59.95512868], [17.69099769, 59.95494257], [17.69117793, 59.95493018], [17.69153311, 59.9549056], [17.69222145, 59.95485813], [17.69273756, 59.95484535], [17.69465462, 59.95479829], [17.69484066, 59.95479377], [17.6951203, 59.95476488], [17.69560033, 59.95471527], [17.69574476, 59.95470029], [17.69669462, 59.95447211], [17.69716493, 59.95427755], [17.69778795, 59.95394664], [17.69830594, 59.95361942], [17.69873916, 59.95324532], [17.69874367, 59.95324263], [17.69875187, 59.95323806], [17.69889807, 59.95315782], [17.69907024, 59.95308091], [17.69949292, 59.95294587], [17.6995102, 59.9529404], [17.69999881, 59.95278434], [17.70044985, 59.95264028], [17.70073043, 59.95255063], [17.70082717, 59.95251973], [17.70075578, 59.95247556], [17.70013206, 59.95208951], [17.69954459, 59.9517258], [17.69916073, 59.95148817], [17.69872649, 59.95121941], [17.69872776, 59.95121857], [17.69889387, 59.95110541], [17.69942271, 59.95074525], [17.69957822, 59.95065252], [17.69967345, 59.95059577], [17.6996881, 59.95058703], [17.70041785, 59.95015315], [17.70044617, 59.9501364], [17.70078102, 59.94993534], [17.70078651, 59.94993208], [17.70078618, 59.94993164], [17.70078702, 59.94993099], [17.70046596, 59.94960288], [17.70006702, 59.94935945], [17.69912117, 59.94860372], [17.698837, 59.9482947], [17.69851108, 59.948068], [17.69821612, 59.94790418], [17.69654744, 59.94657208], [17.69593084, 59.94607709], [17.69589702, 59.94604985], [17.69579687, 59.94596953], [17.69575109, 59.94593139], [17.6897306, 59.94141922], [17.68950799, 59.94153829], [17.68946607, 59.94156214], [17.68903138, 59.94182637], [17.6889572, 59.94187316], [17.68848969, 59.94191656], [17.68782686, 59.94200031], [17.6876232, 59.94202719], [17.68697223, 59.94213172], [17.68633576, 59.94225679], [17.68628808, 59.942268], [17.68598329, 59.94232784], [17.68536393, 59.94247285], [17.6847643, 59.94263723], [17.68458063, 59.94268858], [17.68400288, 59.94287172], [17.68400245, 59.94287182], [17.68394553, 59.94288744], [17.68336778, 59.94307059], [17.68319594, 59.9431313], [17.68264251, 59.94333236], [17.68211571, 59.94355057], [17.68208647, 59.94356329], [17.68158831, 59.9437979], [17.68144313, 59.94387433], [17.68097573, 59.9441242], [17.6806396, 59.94432847], [17.68057973, 59.94436049], [17.6800624, 59.94452443], [17.67993469, 59.94456493], [17.67933585, 59.94472899], [17.67875804, 59.94491212], [17.67858351, 59.94497082], [17.67803002, 59.94517186], [17.67793898, 59.94520937], [17.67785324, 59.94524479], [17.67776634, 59.9452806], [17.67768016, 59.94531612], [17.67760571, 59.94534683], [17.67707884, 59.94556502], [17.67658062, 59.9457996], [17.67643218, 59.9458743], [17.67596471, 59.94612415], [17.67552984, 59.94638835], [17.67512912, 59.94666586], [17.67502233, 59.94674617], [17.67465774, 59.94703589], [17.67458871, 59.94709926], [17.67446505, 59.94719753], [17.67432439, 59.94732676], [17.67430024, 59.94734593], [17.67427421, 59.94736928], [17.67394695, 59.94766991], [17.67365844, 59.94798035], [17.67363723, 59.94800485], [17.67338854, 59.94832383], [17.67337228, 59.94834931], [17.67316448, 59.94867554], [17.6729985, 59.94900766], [17.67298731, 59.94903376], [17.67286366, 59.94937059], [17.67278294, 59.94971059], [17.67277711, 59.9497372], [17.67273952, 59.95007912], [17.67273886, 59.95010581], [17.67274474, 59.95044819], [17.67279396, 59.95078969], [17.67279846, 59.95081627], [17.67289093, 59.95115555], [17.67290088, 59.95118185], [17.67303603, 59.95151747], [17.67321348, 59.9518482], [17.67322855, 59.95187385], [17.67342545, 59.95216556], [17.6746911, 59.95222775], [17.676791, 59.95310134], [17.67941003, 59.95411697], [17.68263298, 59.95506933], [17.68644192, 59.95581854], [17.68655663, 59.95583417], [17.68659801, 59.95583979], [17.68835719, 59.95612606], [17.68852696, 59.95615924], [17.68857684, 59.9560949]]]}, "properties": {"deso": "0380B2010", "pop": 1748.0, "income": 344.4, "male_frac": 0.5009, "child_frac": 0.2511, "elder_frac": 0.1436, "dependency": 0.6522, "needZ": 0.0687, "needZ_v1": 0.3094, "regso": "0380R051", "higher_ed": 75.5, "neet": 8.9, "income_support": 0.6}}, {"type": "Feature", "geometry": {"type": "Polygon", "coordinates": [[[17.6548662, 59.95721624], [17.65811645, 59.95611089], [17.66136809, 59.95503282], [17.66443135, 59.956022], [17.66578126, 59.95648776], [17.66584651, 59.95647629], [17.66666789, 59.95633177], [17.66721581, 59.95619809], [17.66782687, 59.95625255], [17.67185504, 59.9559354], [17.67303071, 59.95572448], [17.67353875, 59.95563325], [17.67428403, 59.95551484], [17.67442193, 59.95540955], [17.67479692, 59.95512305], [17.67484731, 59.95498585], [17.67501329, 59.95465373], [17.67505982, 59.95457859], [17.67499272, 59.95433267], [17.67494347, 59.95399117], [17.67494121, 59.95385693], [17.67491045, 59.95364395], [17.67490992, 59.95360803], [17.67490833, 59.95359755], [17.67467395, 59.95341835], [17.67440698, 59.95318303], [17.67438871, 59.95316894], [17.67405098, 59.9528712], [17.67402633, 59.95284754], [17.67372708, 59.95253967], [17.67346744, 59.95222292], [17.67344743, 59.95219817], [17.67342545, 59.95216556], [17.67322855, 59.95187385], [17.67321348, 59.9518482], [17.67303603, 59.95151747], [17.67290088, 59.95118185], [17.67289093, 59.95115555], [17.67279846, 59.95081627], [17.67279396, 59.95078969], [17.67274474, 59.95044819], [17.67273886, 59.95010581], [17.67273952, 59.95007912], [17.67277711, 59.9497372], [17.67278294, 59.94971059], [17.67286366, 59.94937059], [17.67298731, 59.94903376], [17.6729985, 59.94900766], [17.67316448, 59.94867554], [17.67337228, 59.94834931], [17.67338854, 59.94832383], [17.67363723, 59.94800485], [17.67365844, 59.94798035], [17.67394695, 59.94766991], [17.67427421, 59.94736928], [17.67430024, 59.94734593], [17.67432439, 59.94732676], [17.67446505, 59.94719753], [17.67458871, 59.94709926], [17.67465774, 59.94703589], [17.67502233, 59.94674617], [17.67512912, 59.94666586], [17.67552984, 59.94638835], [17.67596471, 59.94612415], [17.67643218, 59.9458743], [17.67658062, 59.9457996], [17.67707884, 59.94556502], [17.67760571, 59.94534683], [17.67768016, 59.94531612], [17.67776634, 59.9452806], [17.67785324, 59.94524479], [17.67793898, 59.94520937], [17.67803002, 59.94517186], [17.67858351, 59.94497082], [17.67875804, 59.94491212], [17.67933585, 59.94472899], [17.67993469, 59.94456493], [17.6800624, 59.94452443], [17.68057973, 59.94436049], [17.6806396, 59.94432847], [17.68097573, 59.9441242], [17.68144313, 59.94387433], [17.68158831, 59.9437979], [17.68208647, 59.94356329], [17.68211571, 59.94355057], [17.68264251, 59.94333236], [17.68319594, 59.9431313], [17.68336778, 59.94307059], [17.68394553, 59.94288744], [17.68400245, 59.94287182], [17.68400288, 59.94287172], [17.68458063, 59.94268858], [17.6847643, 59.94263723], [17.68536393, 59.94247285], [17.68598329, 59.94232784], [17.68628808, 59.942268], [17.68633576, 59.94225679], [17.68697223, 59.94213172], [17.6876232, 59.94202719], [17.68782686, 59.94200031], [17.68848969, 59.94191656], [17.6889572, 59.94187316], [17.68903138, 59.94182637], [17.68946607, 59.94156214], [17.68950799, 59.94153829], [17.6897306, 59.94141922], [17.6899753, 59.94128838], [17.69047336, 59.94105375], [17.69051321, 59.94103533], [17.6910399, 59.940817], [17.69108316, 59.94080057], [17.69163649, 59.94059948], [17.69221416, 59.9404163], [17.69226834, 59.94039983], [17.69286789, 59.94023543], [17.69289362, 59.94022852], [17.69310473, 59.94017004], [17.69370428, 59.94000563], [17.69375842, 59.93999231], [17.6943777, 59.93984725], [17.69501409, 59.93972215], [17.69506237, 59.93971308], [17.69571327, 59.93960851], [17.69576321, 59.93960174], [17.69642598, 59.93951794], [17.69709816, 59.93945542], [17.69714904, 59.93945105], [17.69782768, 59.93941004], [17.69787921, 59.93940827], [17.69856167, 59.93938882], [17.69871822, 59.93938939], [17.69890467, 59.93937811], [17.69895707, 59.93937614], [17.69963953, 59.93935669], [17.70032303, 59.93935904], [17.70038451, 59.93935985], [17.70106638, 59.93938387], [17.70150355, 59.93940016], [17.70194961, 59.93941671], [17.7023868, 59.93943308], [17.70244779, 59.93943686], [17.70312521, 59.93948243], [17.70379553, 59.93954953], [17.70384679, 59.93955531], [17.70450717, 59.93964353], [17.70455716, 59.93965185], [17.70520521, 59.9397608], [17.70583809, 59.93989019], [17.70588621, 59.93990088], [17.70650137, 59.94005012], [17.70709641, 59.94021854], [17.7071422, 59.94023152], [17.70771469, 59.94041855], [17.70775786, 59.94043374], [17.70830554, 59.94063861], [17.70882624, 59.94086038], [17.70886605, 59.94087771], [17.70935751, 59.94111562], [17.70939377, 59.94113472], [17.70985415, 59.94138782], [17.71028173, 59.94165497], [17.71031414, 59.94167577], [17.7103985, 59.94173602], [17.71070691, 59.94195604], [17.71073501, 59.94197837], [17.71109155, 59.94227042], [17.71141028, 59.94257332], [17.71143391, 59.9425969], [17.71149045, 59.94265997], [17.71166218, 59.94268886], [17.71172044, 59.94269889], [17.71235341, 59.94282824], [17.71240127, 59.9428393], [17.71301652, 59.9429885], [17.71361163, 59.94315689], [17.71365717, 59.94317024], [17.7142299, 59.94335723], [17.71427251, 59.9433727], [17.71482041, 59.94357754], [17.71534121, 59.94379929], [17.71538075, 59.94381689], [17.71587231, 59.94405486], [17.71590815, 59.94407415], [17.71636862, 59.94432723], [17.71679628, 59.94459436], [17.71682814, 59.94461553], [17.717221, 59.94489577], [17.71724869, 59.94491829], [17.71760531, 59.94521033], [17.71792413, 59.9455132], [17.71794706, 59.94553707], [17.71822694, 59.94584947], [17.71846675, 59.94617014], [17.71848503, 59.94619491], [17.71868376, 59.94652245], [17.71869708, 59.94654805], [17.71885391, 59.94688139], [17.71896811, 59.94721893], [17.71897631, 59.94724508], [17.71904763, 59.94758558], [17.71905083, 59.94761201], [17.71907887, 59.94795421], [17.71907293, 59.94808718], [17.71990063, 59.94837812], [17.72044851, 59.94858294], [17.72049703, 59.94860188], [17.72101794, 59.9488236], [17.72105621, 59.94884176], [17.72154788, 59.94907963], [17.72200846, 59.94933268], [17.72204289, 59.94935263], [17.72247066, 59.94961974], [17.72250108, 59.9496413], [17.72289405, 59.94992153], [17.72325078, 59.95021355], [17.72327688, 59.95023645], [17.72343323, 59.95038503], [17.72345607, 59.95038806], [17.72350866, 59.95038994], [17.72356033, 59.95039327], [17.724238, 59.95043874], [17.72490858, 59.95050573], [17.72495928, 59.9505116], [17.72561993, 59.95059971], [17.72566935, 59.95060795], [17.72631768, 59.9507168], [17.72695085, 59.95084608], [17.72699839, 59.95085668], [17.72761386, 59.95100582], [17.72775706, 59.95104633], [17.72827261, 59.95117121], [17.72886795, 59.95133953], [17.72891377, 59.95135251], [17.72948672, 59.95153944], [17.72952992, 59.95155462], [17.73007791, 59.9517594], [17.73059893, 59.95198108], [17.73064549, 59.95200113], [17.73097277, 59.95215694], [17.73127485, 59.95230069], [17.73159323, 59.95245228], [17.73194388, 59.9526191], [17.73234308, 59.95281213], [17.73280517, 59.95249724], [17.74505704, 59.9464036], [17.74518268, 59.94413609], [17.74227561, 59.94106722], [17.74201058, 59.93974303], [17.74191123, 59.93924647], [17.74182029, 59.93879258], [17.74173201, 59.93835121], [17.74153087, 59.93734593], [17.7414758, 59.93677757], [17.74147124, 59.93672943], [17.74187836, 59.93491087], [17.7423773, 59.93268187], [17.74080088, 59.93205425], [17.73994645, 59.93171397], [17.73947314, 59.93152547], [17.73903891, 59.9313525], [17.73818681, 59.93144279], [17.73299815, 59.93199241], [17.73084804, 59.93276115], [17.72597177, 59.93450329], [17.72596049, 59.93448996], [17.72593425, 59.9344994], [17.72527909, 59.93368304], [17.72364345, 59.93294363], [17.72889062, 59.93179851], [17.72935288, 59.93165223], [17.72992116, 59.9314724], [17.72850909, 59.93018074], [17.72832987, 59.92918163], [17.7229115, 59.93120418], [17.72094452, 59.93193835], [17.72092629, 59.9319266], [17.72088489, 59.931942], [17.71436828, 59.93029476], [17.71328716, 59.92914524], [17.71245309, 59.92842647], [17.71125328, 59.92745759], [17.70718384, 59.92697795], [17.70084958, 59.92517109], [17.69920186, 59.92478294], [17.69480401, 59.92376692], [17.6913143, 59.92190591], [17.68314704, 59.91753622], [17.67766908, 59.91698204], [17.67435389, 59.9166465], [17.67430297, 59.91659867], [17.67022014, 59.91276352], [17.66994819, 59.91155461], [17.66887605, 59.90678853], [17.66881729, 59.9065895], [17.66642181, 59.89830143], [17.6663903, 59.89798023], [17.66637456, 59.89782084], [17.66651458, 59.89576427], [17.66621208, 59.89606493], [17.66612215, 59.89614965], [17.66577646, 59.89644499], [17.665394, 59.89672866], [17.66497659, 59.89699958], [17.66485559, 59.89707397], [17.66440478, 59.8973311], [17.66392225, 59.89757341], [17.66341013, 59.89779979], [17.66324915, 59.89786664], [17.66270929, 59.89807634], [17.66214412, 59.89826848], [17.66166459, 59.89843069], [17.66148168, 59.8984926], [17.66145109, 59.89850292], [17.66086276, 59.89867657], [17.6606799, 59.89872626], [17.66007072, 59.89888093], [17.65944329, 59.89901594], [17.65932582, 59.8990369], [17.65886671, 59.89921513], [17.65882459, 59.89923053], [17.65825938, 59.89942266], [17.65767101, 59.89959631], [17.65762592, 59.89960961], [17.65701671, 59.89976427], [17.65696936, 59.89977529], [17.65634191, 59.89991028], [17.65623752, 59.89992891], [17.65605231, 59.90000469], [17.6560413, 59.90000904], [17.65603573, 59.90001131], [17.65549578, 59.90022088], [17.65548848, 59.90022363], [17.65548632, 59.9002244], [17.65546496, 59.90023201], [17.65489972, 59.90042413], [17.65489914, 59.90042432], [17.65488305, 59.90042968], [17.65488061, 59.90043044], [17.6542922, 59.90060407], [17.65429003, 59.90060466], [17.65427346, 59.90060948], [17.65426697, 59.90061132], [17.65424935, 59.90061599], [17.65364011, 59.90077063], [17.6536375, 59.90077122], [17.65363576, 59.90077162], [17.65361157, 59.90077713], [17.65298409, 59.90091211], [17.6529645, 59.9009161], [17.65296087, 59.9009168], [17.65295782, 59.90091749], [17.65291615, 59.90115663], [17.65281383, 59.90149517], [17.652805, 59.90152122], [17.65266018, 59.90185585], [17.65264629, 59.90188137], [17.65245932, 59.90221066], [17.65223111, 59.90253341], [17.65221243, 59.90255803], [17.65194377, 59.90287289], [17.65192043, 59.90289653], [17.65161253, 59.90320211], [17.65126664, 59.9034974], [17.65123863, 59.9035197], [17.65085596, 59.90380334], [17.65043835, 59.90407421], [17.65040609, 59.90409507], [17.64995508, 59.90435214], [17.64991885, 59.90437138], [17.64943611, 59.90461364], [17.64892379, 59.90484005], [17.64888416, 59.90485729], [17.64834409, 59.90506692], [17.64830121, 59.90508216], [17.64773584, 59.90527425], [17.64714731, 59.90544784], [17.64709395, 59.90546311], [17.64611801, 59.90571149], [17.64550863, 59.9058661], [17.64545256, 59.90587872], [17.64482494, 59.90601366], [17.64418154, 59.90612826], [17.64413161, 59.90613654], [17.64347492, 59.90623055], [17.64342376, 59.90623643], [17.64275653, 59.90630928], [17.64208141, 59.90636081], [17.64202917, 59.90636411], [17.64134894, 59.90639409], [17.64129649, 59.90639479], [17.64061379, 59.90640299], [17.63993144, 59.90638954], [17.63987893, 59.90638772], [17.63919958, 59.90635255], [17.63852619, 59.90629589], [17.63847436, 59.90629145], [17.63780945, 59.90621341], [17.63775875, 59.90620643], [17.63710516, 59.90610741], [17.6367472, 59.90604057], [17.63671109, 59.90605386], [17.63614563, 59.9062459], [17.63555703, 59.90641945], [17.63494759, 59.90657401], [17.63477325, 59.90661504], [17.63414558, 59.90674993], [17.63350213, 59.90686447], [17.63284539, 59.90695844], [17.63265843, 59.90698157], [17.63199116, 59.90705437], [17.63131601, 59.90710585], [17.63063575, 59.90713578], [17.63042595, 59.9071406], [17.62974323, 59.90714875], [17.6292999, 59.90713999], [17.62913115, 59.90716411], [17.62846387, 59.90723688], [17.62841297, 59.90724239], [17.62773781, 59.90729385], [17.62768614, 59.90729695], [17.62700588, 59.90732686], [17.62632315, 59.90733499], [17.62627097, 59.9073354], [17.62558861, 59.90732187], [17.62552809, 59.90731949], [17.62484873, 59.90728425], [17.62404062, 59.90723235], [17.62336723, 59.90717561], [17.62330737, 59.90717033], [17.62264248, 59.90709222], [17.62259222, 59.90708514], [17.62193866, 59.90698605], [17.62129882, 59.90686638], [17.62125027, 59.90685684], [17.62062685, 59.90671708], [17.62058035, 59.90670534], [17.61997604, 59.90654607], [17.61939296, 59.90636786], [17.61934893, 59.90635383], [17.61878964, 59.90615737], [17.61874854, 59.90614121], [17.61821518, 59.90592743], [17.61771002, 59.90569711], [17.61767217, 59.90567908], [17.61719721, 59.90543316], [17.6171632, 59.90541335], [17.61672013, 59.90515277], [17.6163111, 59.90487859], [17.61628095, 59.90485727], [17.61590737, 59.90457061], [17.61588155, 59.90454795], [17.61554499, 59.90425004], [17.61524674, 59.90394212], [17.61522539, 59.90391821], [17.6149667, 59.90360133], [17.61474871, 59.90327682], [17.61473216, 59.90325199], [17.61455557, 59.90292127], [17.61454383, 59.90289573], [17.61440947, 59.90256003], [17.61431775, 59.90222071], [17.61431099, 59.90219479], [17.61426246, 59.90185326], [17.61426084, 59.90182707], [17.61425979, 59.90174993], [17.61420986, 59.90168894], [17.6139919, 59.90136443], [17.6139297, 59.90126363], [17.61375313, 59.9009329], [17.61373397, 59.90088622], [17.61359964, 59.90055052], [17.61350793, 59.90021119], [17.61348611, 59.90010627], [17.61345789, 59.8999067], [17.61341093, 59.89973329], [17.61336241, 59.89939176], [17.61335717, 59.89904937], [17.6133571, 59.89895272], [17.61339525, 59.89861082], [17.61347647, 59.89827085], [17.61363822, 59.89783928], [17.61478391, 59.89539615], [17.61610607, 59.89281495], [17.61559847, 59.89278515], [17.61426081, 59.8926502], [17.61375791, 59.89259021], [17.61310466, 59.89249107], [17.61290618, 59.89245675], [17.61226665, 59.89233703], [17.61164353, 59.89219723], [17.61103953, 59.89203791], [17.61087339, 59.89198929], [17.61029062, 59.89181105], [17.60973163, 59.89161454], [17.60919856, 59.89140073], [17.60905451, 59.89133675], [17.60854964, 59.89110639], [17.60807495, 59.89086043], [17.60763215, 59.89059982], [17.6075157, 59.8905229], [17.60710693, 59.89024877], [17.60673359, 59.88996208], [17.60664727, 59.88988574], [17.60611408, 59.88974503], [17.60591082, 59.8896833], [17.60532811, 59.88950503], [17.60476918, 59.88930851], [17.60474761, 59.8893004], [17.60448058, 59.88922996], [17.60417443, 59.88913622], [17.60415728, 59.88913189], [17.60355337, 59.88897254], [17.60297069, 59.88879426], [17.60279392, 59.88873758], [17.60223503, 59.88854104], [17.60170206, 59.8883272], [17.60119728, 59.8880968], [17.60105865, 59.88803002], [17.60058406, 59.88778403], [17.60014136, 59.88752339], [17.59995841, 59.88740062], [17.59980032, 59.88731868], [17.59935762, 59.88705804], [17.59932397, 59.8870367], [17.59891531, 59.88676255], [17.59854209, 59.88647583], [17.59851302, 59.88645288], [17.59817681, 59.88615492], [17.59815236, 59.8861307], [17.59801383, 59.88598757], [17.59790605, 59.88601736], [17.59625631, 59.88646864], [17.59625157, 59.88647026], [17.5956631, 59.88664363], [17.5953808, 59.88671521], [17.59496926, 59.88692146], [17.59445683, 59.88714767], [17.5942918, 59.88721281], [17.59375167, 59.88742222], [17.59318628, 59.88761408], [17.59276706, 59.88774853], [17.59217854, 59.88792188], [17.59207448, 59.88794845], [17.59127057, 59.88824837], [17.59070515, 59.88844022], [17.59065545, 59.888457], [17.59006692, 59.88863035], [17.59002173, 59.88864255], [17.58941239, 59.8887969], [17.58878486, 59.88893157], [17.58873773, 59.88894157], [17.58809446, 59.88905589], [17.58804553, 59.88906359], [17.58738901, 59.88915733], [17.58672199, 59.88922989], [17.58667184, 59.88923519], [17.58599697, 59.88928643], [17.58594604, 59.88928932], [17.5852661, 59.88931902], [17.58458374, 59.88932693], [17.58453247, 59.88932739], [17.58385049, 59.88931365], [17.58379932, 59.8893116], [17.58312037, 59.88927614], [17.58244741, 59.88921919], [17.58239694, 59.8892147], [17.5817325, 59.88913638], [17.58168317, 59.88912944], [17.58103008, 59.88903014], [17.58039073, 59.88891027], [17.58034284, 59.88890106], [17.57971992, 59.88876111], [17.57967407, 59.88874961], [17.57907028, 59.88859015], [17.57848773, 59.88841176], [17.57844421, 59.88839806], [17.57788546, 59.88820142], [17.57784475, 59.88818578], [17.57757439, 59.88807727], [17.57754845, 59.8880679], [17.57701564, 59.88785395], [17.57651104, 59.88762346], [17.57603664, 59.88737738], [17.57589301, 59.88730052], [17.5754505, 59.8870398], [17.57505866, 59.8867841], [17.57462111, 59.88684826], [17.57429259, 59.88693453], [17.57398758, 59.8870428], [17.57363132, 59.88717066], [17.57326162, 59.88736695], [17.57281487, 59.88758281], [17.57240899, 59.88777451], [17.57217074, 59.88796087], [17.57176995, 59.88825657], [17.57141445, 59.88849561], [17.57097919, 59.88876333], [17.57055787, 59.88897868], [17.56992101, 59.88936368], [17.56936818, 59.88956759], [17.5690431, 59.88970282], [17.56832478, 59.88989808], [17.56756511, 59.89004682], [17.56700227, 59.89024174], [17.5664275, 59.89046743], [17.56587713, 59.89072669], [17.56550674, 59.89095891], [17.56517863, 59.89115266], [17.5649593, 59.89133855], [17.56472603, 59.8916324], [17.56451755, 59.89198209], [17.56450884, 59.8920393], [17.56401187, 59.89224397], [17.56387789, 59.89226931], [17.56361401, 59.89231926], [17.56340797, 59.89236594], [17.56317319, 59.89245107], [17.56285246, 59.89255926], [17.56261741, 59.89263892], [17.56251968, 59.8927081], [17.56249158, 59.89272805], [17.56233622, 59.89287766], [17.56218915, 59.89297806], [17.5620181, 59.89303501], [17.56179051, 59.89304896], [17.56145077, 59.89300428], [17.56104594, 59.8929605], [17.56059794, 59.89292269], [17.5602642, 59.8929272], [17.56023916, 59.89292751], [17.55989253, 59.892954], [17.55958008, 59.8930128], [17.55919423, 59.89312179], [17.55885141, 59.89322474], [17.55847728, 59.89334994], [17.55811172, 59.89343141], [17.55792948, 59.89348301], [17.55779301, 59.89357772], [17.55761516, 59.89371132], [17.55745841, 59.89383365], [17.55729851, 59.89389585], [17.55710592, 59.89395861], [17.55687042, 59.89403279], [17.55658044, 59.89410219], [17.55635844, 59.89422542], [17.55625425, 59.8943143], [17.55620537, 59.89441881], [17.55605718, 59.89449722], [17.55585615, 59.89460379], [17.55565308, 59.89467213], [17.55549139, 59.89470158], [17.55530681, 59.89470947], [17.55509593, 59.8946303], [17.55485223, 59.89454602], [17.5545881, 59.89448943], [17.55431376, 59.89444391], [17.55406188, 59.8944144], [17.55376806, 59.89441282], [17.55355148, 59.89443211], [17.55330426, 59.89449007], [17.55311261, 59.89456915], [17.55289944, 59.89465394], [17.55275276, 59.8947598], [17.55269324, 59.89486991], [17.55259205, 59.89501334], [17.55255542, 59.895145], [17.55250789, 59.89527688], [17.55249128, 59.89537547], [17.55248447, 59.89545203], [17.55250942, 59.89551191], [17.55260042, 59.89558721], [17.55272247, 59.89563479], [17.55291115, 59.89570335], [17.55315253, 59.89574385], [17.55350399, 59.89580476], [17.55388841, 59.89587626], [17.55418553, 59.89593786], [17.5544276, 59.89598931], [17.55463903, 59.89607943], [17.55482812, 59.89615894], [17.55498466, 59.89623889], [17.55509746, 59.89631386], [17.5551555, 59.89638414], [17.55516016, 59.89647163], [17.55513156, 59.89654853], [17.55505801, 59.89659864], [17.55496238, 59.8966437], [17.55477957, 59.89668434], [17.55466121, 59.89670783], [17.55463798, 59.89671062], [17.55450972, 59.89672622], [17.55440047, 59.89671675], [17.55432241, 59.89667946], [17.55423167, 59.89660963], [17.55418275, 59.89650639], [17.55415549, 59.89640291], [17.55406502, 59.89633855], [17.55389964, 59.89629703], [17.55365729, 59.89624011], [17.55347162, 59.8962261], [17.55333172, 59.89625531], [17.55321595, 59.89632789], [17.553124, 59.89644392], [17.55305482, 59.89657604], [17.55300648, 59.8966915], [17.55294786, 59.89672883], [17.5528486, 59.89679192], [17.55264659, 59.89688206], [17.55232524, 59.89697928], [17.55205688, 59.89704843], [17.55198779, 59.89705695], [17.55171102, 59.89709132], [17.55141976, 59.89713882], [17.55120992, 59.89722507], [17.55099365, 59.89731396], [17.55065186, 59.89747543], [17.55060078, 59.89749959], [17.55029032, 59.89759659], [17.55000942, 59.8976331], [17.54980066, 59.89760858], [17.54978409, 59.89762507], [17.54967364, 59.89773454], [17.54939353, 59.89801212], [17.54911726, 59.89828603], [17.54881384, 59.89858669], [17.54822003, 59.89917536], [17.54868874, 59.89939389], [17.54905927, 59.89956654], [17.54929983, 59.89967874], [17.54959422, 59.89981595], [17.54997195, 59.89999205], [17.55013865, 59.90006975], [17.55098849, 59.90046593], [17.55172136, 59.90080752], [17.55104277, 59.90142506], [17.55059379, 59.90183345], [17.55208475, 59.90245236], [17.5513204, 59.90300204], [17.54926624, 59.90447928], [17.54827074, 59.905195], [17.54672723, 59.90630474], [17.54458864, 59.90784228], [17.54399933, 59.90798803], [17.54124955, 59.90975709], [17.5404201, 59.90949617], [17.53890634, 59.90926532], [17.53878013, 59.90932012], [17.53875529, 59.90933093], [17.53871974, 59.90934634], [17.53656763, 59.9126467], [17.53641156, 59.91287291], [17.53522763, 59.91458869], [17.53384111, 59.91659201], [17.53328714, 59.91651491], [17.53298487, 59.91698742], [17.53347754, 59.91733821], [17.5334611, 59.9173626], [17.53281283, 59.9183266], [17.53278276, 59.91837146], [17.53140155, 59.92042513], [17.53127856, 59.92060802], [17.52919589, 59.92001541], [17.52853361, 59.92058832], [17.5278604, 59.92041854], [17.52806659, 59.92024097], [17.52810223, 59.91976308], [17.52837936, 59.91950178], [17.52777512, 59.9193172], [17.52630331, 59.91884908], [17.52619293, 59.91881392], [17.52544505, 59.91963725], [17.52622664, 59.92131015], [17.52878886, 59.92499192], [17.5307473, 59.92648529], [17.53003521, 59.92694617], [17.53006076, 59.92743843], [17.53080162, 59.92753136], [17.534354, 59.9321443], [17.53485904, 59.93320505], [17.53607643, 59.93380489], [17.53739687, 59.93481384], [17.53853518, 59.93665819], [17.53893188, 59.93659495], [17.53898129, 59.93658861], [17.53964457, 59.9365056], [17.54031685, 59.93644388], [17.54036733, 59.93643994], [17.54104612, 59.93639964], [17.54109708, 59.93639812], [17.54177945, 59.93637958], [17.54246303, 59.93638266], [17.54251403, 59.93638356], [17.54319559, 59.93640841], [17.54324618, 59.93641165], [17.54392334, 59.93645805], [17.5445933, 59.93652596], [17.54464319, 59.93653173], [17.54530326, 59.93662075], [17.5453517, 59.9366288], [17.54599904, 59.93673854], [17.54663126, 59.9368687], [17.54667797, 59.93687902], [17.54729238, 59.93702901], [17.54733689, 59.93704153], [17.54793108, 59.93721068], [17.54850263, 59.9373984], [17.54855162, 59.93741542], [17.5488555, 59.93752963], [17.5490598, 59.93757167], [17.54967423, 59.93772164], [17.54984293, 59.93776527], [17.55043714, 59.9379344], [17.55100873, 59.93812211], [17.5515554, 59.93832755], [17.55170418, 59.93838665], [17.55222383, 59.93860913], [17.55271415, 59.93884763], [17.55317331, 59.93910119], [17.55329684, 59.93917362], [17.55372314, 59.93944129], [17.55411457, 59.93972203], [17.55446957, 59.94001452], [17.55457147, 59.94010506], [17.55488891, 59.94040834], [17.55516722, 59.94072109], [17.55517451, 59.94072939], [17.5554127, 59.94105028], [17.55547873, 59.9411504], [17.55567569, 59.94147829], [17.55583085, 59.94181175], [17.55594353, 59.94214944], [17.55596716, 59.94224536], [17.5560368, 59.94258604], [17.55606315, 59.94292819], [17.55605191, 59.94315224], [17.5562407, 59.94340646], [17.55643768, 59.94373434], [17.55645215, 59.9437593], [17.55660733, 59.94409275], [17.55661712, 59.94411816], [17.55662382, 59.94413806], [17.55684345, 59.94431901], [17.55690161, 59.94437447], [17.55712207, 59.94444151], [17.5576938, 59.9446292], [17.5577446, 59.94464644], [17.55829142, 59.94485185], [17.55833199, 59.94486867], [17.55885179, 59.94509113], [17.55934226, 59.9453296], [17.55937929, 59.94534837], [17.55983859, 59.94560191], [17.55987177, 59.94562237], [17.5602982, 59.94589002], [17.56068977, 59.94617074], [17.56071894, 59.94619281], [17.56107406, 59.94648528], [17.5610986, 59.94650861], [17.56141617, 59.94681187], [17.5616946, 59.9471246], [17.5617145, 59.947149], [17.5619528, 59.94746988], [17.56214987, 59.94779776], [17.56216496, 59.94782306], [17.56232022, 59.94815651], [17.5623302, 59.94818245], [17.56244296, 59.94852014], [17.56251269, 59.94886082], [17.56251767, 59.94888713], [17.5625441, 59.94922928], [17.56254377, 59.94925569], [17.56252679, 59.94959797], [17.56246644, 59.94993902], [17.56246108, 59.94996526], [17.5623577, 59.95030373], [17.56234715, 59.95032963], [17.56220122, 59.95066417], [17.56215411, 59.95074646], [17.56219226, 59.95093254], [17.56219738, 59.95095876], [17.56222381, 59.95130091], [17.56222377, 59.95132714], [17.5622143, 59.95151819], [17.56228048, 59.95147244], [17.5623962, 59.95139511], [17.56283204, 59.95113128], [17.56330059, 59.95088181], [17.56379956, 59.95064774], [17.56394314, 59.95058316], [17.56447083, 59.95036532], [17.5650251, 59.95016475], [17.56560365, 59.94998221], [17.56578383, 59.94992877], [17.56638419, 59.94976484], [17.56700422, 59.94962047], [17.56710781, 59.94960022], [17.56713542, 59.94958872], [17.56717651, 59.94957193], [17.56773075, 59.94937135], [17.56777495, 59.94935666], [17.56835347, 59.94917411], [17.5689538, 59.94901017], [17.56900069, 59.94899776], [17.5696207, 59.94885338], [17.56966984, 59.94884335], [17.57030674, 59.94871884], [17.57035691, 59.94871076], [17.57068033, 59.94857727], [17.57123453, 59.94837668], [17.57126392, 59.94836713], [17.57143474, 59.94831323], [17.57160956, 59.94824991], [17.57177008, 59.94819648], [17.57234855, 59.94801391], [17.57294885, 59.94784995], [17.57356881, 59.94770546], [17.57374702, 59.94766884], [17.57438388, 59.94754431], [17.57503532, 59.94744024], [17.57569872, 59.94735714], [17.57588764, 59.94733863], [17.57656006, 59.94727672], [17.57723903, 59.94723632], [17.57792159, 59.9472175], [17.57811418, 59.94721778], [17.57879799, 59.94722075], [17.57947994, 59.94724532], [17.57958698, 59.94725266], [17.57961299, 59.94724335], [17.5801914, 59.94706074], [17.58023763, 59.94704753], [17.58083787, 59.94688354], [17.58145778, 59.9467391], [17.58150626, 59.94672818], [17.58214307, 59.94660362], [17.58219351, 59.94659517], [17.5828449, 59.94649107], [17.58350826, 59.94640792], [17.58356008, 59.94640206], [17.58423247, 59.94634011], [17.58428523, 59.94633683], [17.58496417, 59.9462964], [17.58564671, 59.94627754], [17.58569982, 59.94627686], [17.58638361, 59.94627979], [17.58706554, 59.94630432], [17.58711856, 59.94630633], [17.58779599, 59.94635259], [17.58784833, 59.94635722], [17.58851841, 59.94642482], [17.58917879, 59.94651362], [17.58923851, 59.94652197], [17.59045259, 59.94672546], [17.59067856, 59.94676369], [17.59090525, 59.94678654], [17.5909653, 59.94679335], [17.59162568, 59.94688214], [17.59190187, 59.94692046], [17.59238319, 59.94698734], [17.59246874, 59.94699922], [17.59252559, 59.94700862], [17.59317328, 59.94711822], [17.59380588, 59.94724805], [17.59385276, 59.94725836], [17.59446757, 59.94740812], [17.59451226, 59.94742062], [17.59510687, 59.94758955], [17.59567887, 59.94777707], [17.59572091, 59.9477916], [17.59626817, 59.94799694], [17.59630727, 59.9480135], [17.59682721, 59.94823572], [17.59731815, 59.94847414], [17.597354, 59.94849247], [17.59781363, 59.94874588], [17.59784591, 59.94876581], [17.59827254, 59.94903333], [17.59866446, 59.94931394], [17.59869272, 59.9493353], [17.59904835, 59.94962766], [17.59907243, 59.94965036], [17.59939022, 59.94995353], [17.59966903, 59.95026618], [17.59968861, 59.95028987], [17.59992731, 59.95061067], [17.59994238, 59.95063526], [17.60013998, 59.95096307], [17.60029563, 59.95129647], [17.60030602, 59.9513216], [17.60036659, 59.95150265], [17.60061033, 59.95148814], [17.60098049, 59.95146602], [17.60107185, 59.95138428], [17.60121815, 59.9512534], [17.60172817, 59.95099965], [17.60269816, 59.95076934], [17.6029326, 59.95047064], [17.60331824, 59.94999856], [17.60379333, 59.94961813], [17.60431514, 59.94924037], [17.60460991, 59.94888846], [17.60499336, 59.94847921], [17.60540303, 59.94827045], [17.60594086, 59.94828345], [17.60637482, 59.94843296], [17.60664341, 59.94862409], [17.60681422, 59.94874556], [17.60691956, 59.94882127], [17.60709234, 59.94886636], [17.60742993, 59.9489301], [17.60760862, 59.94896375], [17.60798106, 59.94902744], [17.60837692, 59.9490885], [17.60878541, 59.9491185], [17.60913456, 59.94910189], [17.60927247, 59.94910725], [17.60961664, 59.94947607], [17.60980924, 59.94951205], [17.61022383, 59.94946738], [17.61061281, 59.94922309], [17.61070381, 59.94918958], [17.6110652, 59.9490565], [17.61161698, 59.94892745], [17.61189237, 59.9486943], [17.61182278, 59.9484369], [17.6114513, 59.94817902], [17.61100827, 59.94803465], [17.61033745, 59.94770903], [17.61005435, 59.94753634], [17.60976945, 59.94707769], [17.60945977, 59.94673028], [17.60935062, 59.94652154], [17.60936929, 59.94635141], [17.60966045, 59.94604474], [17.61010717, 59.94580659], [17.61079084, 59.94576287], [17.61163497, 59.94598876], [17.61228877, 59.94634031], [17.61250737, 59.94643658], [17.61297296, 59.94644191], [17.6131471, 59.94610486], [17.61329636, 59.94561309], [17.61362101, 59.94534411], [17.61422303, 59.9450795], [17.61495683, 59.94494333], [17.61501664, 59.94487397], [17.61518658, 59.94467704], [17.61609235, 59.94422361], [17.61734571, 59.94501558], [17.61776795, 59.94507816], [17.61784893, 59.9450902], [17.61792031, 59.94499546], [17.61825237, 59.94494063], [17.61880884, 59.9450088], [17.61936561, 59.94494421], [17.62005437, 59.94473714], [17.62038574, 59.94448858], [17.62048164, 59.94411355], [17.6204943, 59.9437259], [17.62051741, 59.9434725], [17.62081196, 59.94302903], [17.62078257, 59.94260628], [17.62046984, 59.94222303], [17.62003438, 59.94182425], [17.61994049, 59.94174968], [17.62006175, 59.94153314], [17.62050678, 59.94127521], [17.62096355, 59.94098472], [17.62108293, 59.94072762], [17.62097255, 59.94027594], [17.62130174, 59.94000226], [17.62202082, 59.93990946], [17.62295549, 59.94005632], [17.62390375, 59.94003126], [17.62400201, 59.94000415], [17.62413734, 59.93992502], [17.62421369, 59.93980951], [17.62413569, 59.9394092], [17.62380866, 59.9389348], [17.62343862, 59.93845578], [17.62338663, 59.93829496], [17.62346421, 59.93813703], [17.62356459, 59.93800048], [17.62369711, 59.93786347], [17.62384138, 59.93774248], [17.62401406, 59.93758491], [17.6244163, 59.93714342], [17.62468104, 59.93668446], [17.62472497, 59.93655676], [17.62477108, 59.93641554], [17.62483999, 59.9362956], [17.62495014, 59.93614268], [17.62499736, 59.936023], [17.62510933, 59.93590247], [17.62517908, 59.93579878], [17.62522996, 59.93574405], [17.62532489, 59.93570488], [17.62543253, 59.93570337], [17.62552288, 59.93569402], [17.62599794, 59.93536372], [17.6263637, 59.93505526], [17.6271118, 59.93464972], [17.6278838, 59.93427414], [17.62851577, 59.93384746], [17.62918893, 59.93340028], [17.62934531, 59.9335222], [17.62944325, 59.93371507], [17.63001625, 59.93405736], [17.63062927, 59.93447053], [17.63125179, 59.93473134], [17.63265917, 59.93495421], [17.63341779, 59.93506948], [17.63384206, 59.93530586], [17.63405198, 59.93550305], [17.63429443, 59.93573057], [17.63494157, 59.93611681], [17.6349875, 59.93615982], [17.63528173, 59.93643517], [17.63525552, 59.93693448], [17.63525539, 59.93693834], [17.63523607, 59.93694987], [17.63484032, 59.93718665], [17.63452716, 59.93747459], [17.63417601, 59.93779733], [17.63414027, 59.93812087], [17.63441995, 59.93865556], [17.63469865, 59.93893033], [17.63494981, 59.93917798], [17.63504527, 59.93922916], [17.63636933, 59.93993941], [17.63714253, 59.94000982], [17.63749777, 59.94003783], [17.63791557, 59.94007088], [17.63874915, 59.94026546], [17.63905019, 59.94053088], [17.63905487, 59.94055818], [17.63918302, 59.94131022], [17.63810696, 59.94204971], [17.63801008, 59.94211632], [17.63804235, 59.9422028], [17.63812894, 59.94243398], [17.63815723, 59.9425094], [17.63824504, 59.94258866], [17.63852992, 59.94284569], [17.63864716, 59.94295149], [17.63871537, 59.942983], [17.63872243, 59.94298628], [17.63934463, 59.94327374], [17.64088514, 59.94362967], [17.64160403, 59.94368255], [17.64228189, 59.94363735], [17.6423398, 59.94404021], [17.64350447, 59.94473787], [17.64374607, 59.94488258], [17.6438751, 59.94505272], [17.64492373, 59.94643724], [17.64421802, 59.94701575], [17.64326345, 59.94779829], [17.64387463, 59.95023649], [17.64409096, 59.95109966], [17.64412292, 59.95109678], [17.64443613, 59.95106831], [17.64677946, 59.95085549], [17.65059295, 59.95537207], [17.65240056, 59.95619094], [17.65376633, 59.95678135], [17.65481357, 59.95723418], [17.6548662, 59.95721624]]]}, "properties": {"deso": "0380A0080", "pop": 2392.0, "income": 381.7, "male_frac": 0.5185, "child_frac": 0.2613, "elder_frac": 0.0932, "dependency": 0.5492, "needZ": -0.1504, "needZ_v1": -0.1938, "regso": "0380R035", "higher_ed": 64.9, "neet": 7.0, "income_support": 0.1}}, {"type": "Feature", "geometry": {"type": "Polygon", "coordinates": [[[17.70434445, 59.9600841], [17.70559366, 59.95963595], [17.70653212, 59.95922551], [17.70705075, 59.95896946], [17.7073609, 59.95880725], [17.70754863, 59.95870908], [17.70769063, 59.95868595], [17.70787639, 59.95865582], [17.70792021, 59.95860273], [17.70791969, 59.95860176], [17.7079207, 59.95860146], [17.7077618, 59.95834711], [17.70764492, 59.95815854], [17.70755762, 59.95801751], [17.70753603, 59.95798283], [17.70741182, 59.95778238], [17.70736349, 59.95770433], [17.70777873, 59.95711769], [17.70768951, 59.95711413], [17.70765729, 59.95706332], [17.7071756, 59.95704384], [17.7068878, 59.95658194], [17.70651363, 59.9560027], [17.70610508, 59.95532976], [17.70591109, 59.95534739], [17.70577193, 59.95535995], [17.70557614, 59.95512557], [17.70537899, 59.95483634], [17.7050828, 59.95439051], [17.70506659, 59.9543656], [17.7049644, 59.95421373], [17.70486769, 59.95400957], [17.70398549, 59.95294859], [17.70379765, 59.95272079], [17.70346289, 59.95238479], [17.70336689, 59.9523052], [17.70265094, 59.95171194], [17.7027565, 59.95168597], [17.70288508, 59.95165432], [17.7029068, 59.95164894], [17.70284191, 59.95159583], [17.70272624, 59.95150128], [17.70170384, 59.95066485], [17.70078702, 59.94993099], [17.70078618, 59.94993164], [17.70078651, 59.94993208], [17.70078102, 59.94993534], [17.70044617, 59.9501364], [17.70041785, 59.95015315], [17.6996881, 59.95058703], [17.69967345, 59.95059577], [17.69957822, 59.95065252], [17.69942271, 59.95074525], [17.69889387, 59.95110541], [17.69872776, 59.95121857], [17.69872649, 59.95121941], [17.69916073, 59.95148817], [17.69954459, 59.9517258], [17.70013206, 59.95208951], [17.70075578, 59.95247556], [17.70082717, 59.95251973], [17.70073043, 59.95255063], [17.70044985, 59.95264028], [17.69999881, 59.95278434], [17.6995102, 59.9529404], [17.69949292, 59.95294587], [17.69907024, 59.95308091], [17.69889807, 59.95315782], [17.69875187, 59.95323806], [17.69874367, 59.95324263], [17.69873916, 59.95324532], [17.69830594, 59.95361942], [17.69778795, 59.95394664], [17.69716493, 59.95427755], [17.69669462, 59.95447211], [17.69574476, 59.95470029], [17.69560033, 59.95471527], [17.6951203, 59.95476488], [17.69484066, 59.95479377], [17.69465462, 59.95479829], [17.69273756, 59.95484535], [17.69222145, 59.95485813], [17.69153311, 59.9549056], [17.69117793, 59.95493018], [17.69099769, 59.95494257], [17.69017908, 59.95512868], [17.69002968, 59.95518796], [17.68975719, 59.9552961], [17.68968607, 59.95532432], [17.68919241, 59.95565245], [17.68879215, 59.95599027], [17.68857684, 59.9560949], [17.68852696, 59.95615924], [17.68896702, 59.95624495], [17.68934794, 59.9563191], [17.68983009, 59.95642451], [17.68990152, 59.95644012], [17.69035149, 59.95656415], [17.69093804, 59.9567692], [17.69131234, 59.95690726], [17.69260097, 59.95733708], [17.69403908, 59.957841], [17.69466705, 59.95804977], [17.69555372, 59.95838978], [17.69629579, 59.9587225], [17.69652479, 59.95879184], [17.69769537, 59.9590345], [17.69804493, 59.95906211], [17.69878686, 59.95905501], [17.69911267, 59.9590647], [17.69946523, 59.95908559], [17.70001835, 59.95910733], [17.70087612, 59.959251], [17.70139508, 59.9592507], [17.7015831, 59.95929545], [17.70194137, 59.95943892], [17.70196825, 59.95945688], [17.70283823, 59.95969397], [17.70387854, 59.959967], [17.70391402, 59.95997634], [17.70392188, 59.9599821], [17.70411981, 59.96012653], [17.70434445, 59.9600841]]]}, "properties": {"deso": "0380B2020", "pop": 1104.0, "income": 434.7, "male_frac": 0.5136, "child_frac": 0.24, "elder_frac": 0.1467, "dependency": 0.6307, "needZ": -0.6685, "needZ_v1": -0.4687, "regso": "0380R060", "higher_ed": 88.2, "neet": 7.3, "income_support": 0.1}}, {"type": "Feature", "geometry": {"type": "Polygon", "coordinates": [[[17.54558439, 59.96144262], [17.54626599, 59.96141321], [17.54631785, 59.96140942], [17.5469941, 59.96135837], [17.54766266, 59.961286], [17.54771359, 59.96127972], [17.54837165, 59.96118617], [17.54901659, 59.96107194], [17.549066, 59.96106317], [17.54969506, 59.96092877], [17.54974252, 59.9609177], [17.55035336, 59.96076353], [17.55094337, 59.96059027], [17.55098843, 59.96057682], [17.55155531, 59.96038523], [17.55159769, 59.96036968], [17.55213912, 59.96016043], [17.55265297, 59.95993448], [17.55269195, 59.95991693], [17.55317619, 59.95967501], [17.55321179, 59.95965573], [17.55366431, 59.95939898], [17.55408355, 59.95912841], [17.55412007, 59.9591039], [17.5545042, 59.95882053], [17.55487626, 59.95854567], [17.5549111, 59.95851661], [17.55525842, 59.95822156], [17.55556756, 59.9579162], [17.55559197, 59.95788986], [17.55586199, 59.9575752], [17.55595181, 59.95744879], [17.5622143, 59.95151819], [17.56222377, 59.95132714], [17.56222381, 59.95130091], [17.56219738, 59.95095876], [17.56219226, 59.95093254], [17.56215411, 59.95074646], [17.56220122, 59.95066417], [17.56234715, 59.95032963], [17.5623577, 59.95030373], [17.56246108, 59.94996526], [17.56246644, 59.94993902], [17.56252679, 59.94959797], [17.56254377, 59.94925569], [17.5625441, 59.94922928], [17.56251767, 59.94888713], [17.56251269, 59.94886082], [17.56244296, 59.94852014], [17.5623302, 59.94818245], [17.56232022, 59.94815651], [17.56216496, 59.94782306], [17.56214987, 59.94779776], [17.5619528, 59.94746988], [17.5617145, 59.947149], [17.5616946, 59.9471246], [17.56141617, 59.94681187], [17.5610986, 59.94650861], [17.56107406, 59.94648528], [17.56071894, 59.94619281], [17.56068977, 59.94617074], [17.5602982, 59.94589002], [17.55987177, 59.94562237], [17.55983859, 59.94560191], [17.55937929, 59.94534837], [17.55934226, 59.9453296], [17.55885179, 59.94509113], [17.55833199, 59.94486867], [17.55829142, 59.94485185], [17.5577446, 59.94464644], [17.5576938, 59.9446292], [17.55712207, 59.94444151], [17.55690161, 59.94437447], [17.55684345, 59.94431901], [17.55662382, 59.94413806], [17.55661712, 59.94411816], [17.55660733, 59.94409275], [17.55645215, 59.9437593], [17.55643768, 59.94373434], [17.5562407, 59.94340646], [17.55605191, 59.94315224], [17.55606315, 59.94292819], [17.5560368, 59.94258604], [17.55596716, 59.94224536], [17.55594353, 59.94214944], [17.55583085, 59.94181175], [17.55567569, 59.94147829], [17.55547873, 59.9411504], [17.5554127, 59.94105028], [17.55517451, 59.94072939], [17.55516722, 59.94072109], [17.55488891, 59.94040834], [17.55457147, 59.94010506], [17.55446957, 59.94001452], [17.55411457, 59.93972203], [17.55372314, 59.93944129], [17.55329684, 59.93917362], [17.55317331, 59.93910119], [17.55271415, 59.93884763], [17.55222383, 59.93860913], [17.55170418, 59.93838665], [17.5515554, 59.93832755], [17.55100873, 59.93812211], [17.55043714, 59.9379344], [17.54984293, 59.93776527], [17.54967423, 59.93772164], [17.5490598, 59.93757167], [17.5488555, 59.93752963], [17.54855162, 59.93741542], [17.54850263, 59.9373984], [17.54793108, 59.93721068], [17.54733689, 59.93704153], [17.54729238, 59.93702901], [17.54667797, 59.93687902], [17.54663126, 59.9368687], [17.54599904, 59.93673854], [17.5453517, 59.9366288], [17.54530326, 59.93662075], [17.54464319, 59.93653173], [17.5445933, 59.93652596], [17.54392334, 59.93645805], [17.54324618, 59.93641165], [17.54319559, 59.93640841], [17.54251403, 59.93638356], [17.54246303, 59.93638266], [17.54177945, 59.93637958], [17.54109708, 59.93639812], [17.54104612, 59.93639964], [17.54036733, 59.93643994], [17.54031685, 59.93644388], [17.53964457, 59.9365056], [17.53898129, 59.93658861], [17.53893188, 59.93659495], [17.53853518, 59.93665819], [17.53828068, 59.93669875], [17.53823263, 59.93670749], [17.53759569, 59.93683184], [17.53697591, 59.93697616], [17.53692183, 59.93698897], [17.53642373, 59.93712224], [17.53582344, 59.93728594], [17.53581002, 59.93728997], [17.5357924, 59.93729507], [17.5357765, 59.9372995], [17.53537483, 59.93742543], [17.53479633, 59.93760793], [17.53477002, 59.93761715], [17.53476743, 59.937618], [17.53474686, 59.93762514], [17.53443383, 59.9377384], [17.53438598, 59.93774596], [17.53374901, 59.9378703], [17.53312905, 59.93801461], [17.53309836, 59.93802256], [17.53249789, 59.93818625], [17.53191936, 59.93836874], [17.53163605, 59.93847118], [17.53152908, 59.93850494], [17.53144115, 59.93853672], [17.53123084, 59.93848534], [17.53059865, 59.93835511], [17.53055099, 59.93834588], [17.52990368, 59.93823605], [17.52985458, 59.93822909], [17.52919452, 59.93813999], [17.52852456, 59.938072], [17.52847431, 59.9380674], [17.52779714, 59.93802092], [17.5277462, 59.93801885], [17.52706461, 59.93799392], [17.52638114, 59.93799076], [17.52633008, 59.93799102], [17.52564752, 59.93800949], [17.52558812, 59.93801269], [17.52490927, 59.93805282], [17.52434514, 59.93809703], [17.5236728, 59.93815867], [17.52361113, 59.93816506], [17.52294779, 59.938248], [17.52289658, 59.93825607], [17.52224514, 59.93835979], [17.52160811, 59.93848407], [17.52155873, 59.93849481], [17.5209387, 59.93863905], [17.52033831, 59.93880269], [17.52029118, 59.9388158], [17.51971257, 59.93899823], [17.51966827, 59.93901363], [17.51911405, 59.93921401], [17.51858623, 59.93943157], [17.51854533, 59.93944906], [17.51804606, 59.93968296], [17.51800886, 59.93970253], [17.51754028, 59.93995193], [17.51710407, 59.94021561], [17.51707099, 59.9402369], [17.51666915, 59.94051384], [17.51630323, 59.94080313], [17.51627441, 59.94082604], [17.51594578, 59.94112629], [17.51592177, 59.94115046], [17.51563183, 59.94146056], [17.51538165, 59.94177925], [17.5153626, 59.94180449], [17.51515328, 59.94213049], [17.51513947, 59.94215662], [17.51497194, 59.94248855], [17.51484669, 59.94282515], [17.51483808, 59.94285181], [17.51475576, 59.94319173], [17.51475249, 59.94321873], [17.51471342, 59.94356061], [17.51471766, 59.943903], [17.51471985, 59.94393], [17.51476654, 59.94426557], [17.51476523, 59.94426775], [17.51459769, 59.94459968], [17.51458757, 59.94462601], [17.51446232, 59.94496261], [17.51437998, 59.94530252], [17.51437522, 59.94532929], [17.51434138, 59.94562526], [17.51432947, 59.9456571], [17.51424713, 59.94599702], [17.51420806, 59.94633889], [17.51420888, 59.94643543], [17.51421311, 59.94677782], [17.5142607, 59.94711939], [17.51435139, 59.9474588], [17.51446596, 59.9477469], [17.51429928, 59.94781565], [17.5142607, 59.94783273], [17.51376126, 59.94806662], [17.51329254, 59.94831599], [17.51325748, 59.94833472], [17.51282113, 59.94859838], [17.5127896, 59.94861883], [17.51238762, 59.94889577], [17.51202157, 59.94918504], [17.51199428, 59.94920685], [17.51166553, 59.94950708], [17.51164246, 59.94953007], [17.5113524, 59.94984016], [17.51110213, 59.95015884], [17.51108342, 59.95018291], [17.51087401, 59.9505089], [17.51086008, 59.95053368], [17.51079381, 59.95066491], [17.51344595, 59.95024982], [17.51458832, 59.94999496], [17.51541834, 59.94970726], [17.51745615, 59.94900794], [17.52215026, 59.94759755], [17.52443801, 59.9461165], [17.52700783, 59.94529035], [17.53448437, 59.94382616], [17.53446621, 59.94460345], [17.53363326, 59.94586246], [17.53198245, 59.94655451], [17.53178306, 59.9469857], [17.53148816, 59.94819556], [17.528838, 59.94898445], [17.52868289, 59.94999734], [17.52963738, 59.9503287], [17.53232876, 59.95109278], [17.53371753, 59.95203723], [17.53494003, 59.95181946], [17.53621014, 59.95121238], [17.54026144, 59.94849292], [17.5478809, 59.94888978], [17.5479494, 59.94978189], [17.54767293, 59.95021459], [17.54709898, 59.95080834], [17.54639709, 59.95175413], [17.54639423, 59.95272531], [17.54661132, 59.95353694], [17.5456121, 59.95565387], [17.54463343, 59.95602233], [17.54444894, 59.95765737], [17.54415442, 59.95886725], [17.54446977, 59.95994888], [17.54507564, 59.96144902], [17.54514914, 59.96144814], [17.54553189, 59.96144381], [17.54558439, 59.96144262]]]}, "properties": {"deso": "0380B3020", "pop": 1103.0, "income": 404.1, "male_frac": 0.5091, "child_frac": 0.214, "elder_frac": 0.2076, "dependency": 0.7288, "needZ": -0.2488, "needZ_v1": -0.0295, "regso": "0380R004", "higher_ed": 74.1, "neet": 7.3, "income_support": 0.0}}, {"type": "Feature", "geometry": {"type": "Polygon", "coordinates": [[[17.53984912, 59.96200721], [17.54053075, 59.96197783], [17.5411014, 59.96195202], [17.54167205, 59.9619262], [17.54173288, 59.96192189], [17.54240915, 59.96187086], [17.54307773, 59.96179851], [17.54312896, 59.96179231], [17.54378704, 59.96169879], [17.54383675, 59.9616901], [17.54448172, 59.9615759], [17.54507564, 59.96144902], [17.54446977, 59.95994888], [17.54415442, 59.95886725], [17.54444894, 59.95765737], [17.54463343, 59.95602233], [17.5456121, 59.95565387], [17.54661132, 59.95353694], [17.54639423, 59.95272531], [17.54639709, 59.95175413], [17.54709898, 59.95080834], [17.54767293, 59.95021459], [17.5479494, 59.94978189], [17.5478809, 59.94888978], [17.54026144, 59.94849292], [17.53621014, 59.95121238], [17.53494003, 59.95181946], [17.53371753, 59.95203723], [17.53232876, 59.95109278], [17.52963738, 59.9503287], [17.52868289, 59.94999734], [17.528838, 59.94898445], [17.53148816, 59.94819556], [17.53178306, 59.9469857], [17.53198245, 59.94655451], [17.53363326, 59.94586246], [17.53446621, 59.94460345], [17.53448437, 59.94382616], [17.52700783, 59.94529035], [17.52443801, 59.9461165], [17.52215026, 59.94759755], [17.51745615, 59.94900794], [17.51541834, 59.94970726], [17.51458832, 59.94999496], [17.51344595, 59.95024982], [17.51079381, 59.95066491], [17.51069247, 59.95086561], [17.51056715, 59.95120221], [17.51055799, 59.95122753], [17.51054192, 59.95129421], [17.51052024, 59.95132785], [17.51035263, 59.95165978], [17.51030729, 59.9517536], [17.51018197, 59.9520902], [17.51009957, 59.95243012], [17.51006045, 59.95277199], [17.51005173, 59.95287724], [17.51005592, 59.95321964], [17.51005678, 59.95322717], [17.51010434, 59.95356874], [17.51019501, 59.95390814], [17.51022758, 59.9540127], [17.51036111, 59.9543485], [17.51053695, 59.95467936], [17.51066367, 59.95486853], [17.51066823, 59.95488587], [17.51067787, 59.95491174], [17.5108114, 59.95524754], [17.51098725, 59.9555784], [17.51098963, 59.95558249], [17.51100548, 59.95561237], [17.51101267, 59.95562534], [17.51104108, 59.95567869], [17.51125841, 59.95600329], [17.51127073, 59.95601967], [17.51152885, 59.95633675], [17.51182664, 59.956645], [17.51183175, 59.95665011], [17.51185505, 59.95667104], [17.51219122, 59.95696921], [17.51219154, 59.95696948], [17.51220994, 59.9569843], [17.51258323, 59.95727117], [17.51299207, 59.95754568], [17.5134349, 59.95780651], [17.51345861, 59.95781927], [17.51393372, 59.95806556], [17.51403349, 59.95811118], [17.51446833, 59.95833659], [17.51450842, 59.95835496], [17.51466326, 59.95843527], [17.51516853, 59.95866599], [17.51570209, 59.95888018], [17.51573034, 59.95889033], [17.51628992, 59.95908714], [17.51687324, 59.95926579], [17.51747819, 59.95942562], [17.51750991, 59.95943283], [17.51813376, 59.95957307], [17.51877426, 59.95969323], [17.51942872, 59.95979283], [17.52009428, 59.95987137], [17.52014525, 59.95987722], [17.5208197, 59.95993457], [17.52098048, 59.95994506], [17.52111189, 59.95995198], [17.52121966, 59.95996465], [17.52142558, 59.95998587], [17.52210003, 59.96004321], [17.52226527, 59.96005199], [17.52294547, 59.96008776], [17.52362889, 59.96010181], [17.52383916, 59.96010246], [17.52452285, 59.96009476], [17.52520445, 59.96006546], [17.52588071, 59.96001452], [17.52607004, 59.95999634], [17.52673862, 59.95992408], [17.52683507, 59.95991037], [17.52732825, 59.9600837], [17.52737233, 59.96009804], [17.52795573, 59.96027664], [17.52856075, 59.96043642], [17.52860747, 59.96044855], [17.52923153, 59.96058874], [17.52928015, 59.96059858], [17.52992071, 59.96071869], [17.53057522, 59.96081823], [17.53062571, 59.96082553], [17.53129146, 59.96090401], [17.5313431, 59.96090885], [17.53201758, 59.96096615], [17.53269781, 59.96100186], [17.53275014, 59.96100418], [17.53276227, 59.96100439], [17.53299514, 59.96108624], [17.53357859, 59.96126482], [17.53362351, 59.96127851], [17.53422857, 59.96143826], [17.53427598, 59.96144974], [17.53489994, 59.96158991], [17.53554054, 59.96170999], [17.53558999, 59.9617191], [17.53624454, 59.96181861], [17.53629557, 59.96182526], [17.53696122, 59.96190372], [17.53763573, 59.96196098], [17.53768761, 59.9619651], [17.53836785, 59.96200069], [17.53842057, 59.96200228], [17.53910404, 59.96201626], [17.53978776, 59.96200848], [17.53984912, 59.96200721]]]}, "properties": {"deso": "0380B3010", "pop": 1391.0, "income": 404.1, "male_frac": 0.5279, "child_frac": 0.2214, "elder_frac": 0.1776, "dependency": 0.6639, "needZ": -0.3026, "needZ_v1": -0.155, "regso": "0380R004", "higher_ed": 74.1, "neet": 7.3, "income_support": 0.0}}, {"type": "Feature", "geometry": {"type": "Polygon", "coordinates": [[[17.57388376, 59.96953036], [17.57456535, 59.96950071], [17.57524187, 59.9694496], [17.57591052, 59.969377], [17.57609704, 59.9693527], [17.57675503, 59.9692591], [17.57740003, 59.96914473], [17.57802912, 59.96901011], [17.57820258, 59.96896801], [17.57881344, 59.96881379], [17.57940344, 59.9686404], [17.57971832, 59.96853383], [17.5797278, 59.9685322], [17.58035686, 59.96839756], [17.58038818, 59.96838995], [17.58099902, 59.96823572], [17.581589, 59.96806232], [17.58215583, 59.9678706], [17.58218353, 59.96786009], [17.58272489, 59.96765072], [17.58323878, 59.96742455], [17.58372276, 59.96718261], [17.58375758, 59.96716298], [17.58385607, 59.96710707], [17.58447849, 59.96703946], [17.58452961, 59.96703369], [17.58518754, 59.96694005], [17.58523742, 59.96693171], [17.58588235, 59.9668173], [17.58651135, 59.96668264], [17.58655943, 59.9666719], [17.58714441, 59.96652418], [17.5871702, 59.96651765], [17.58721588, 59.96650472], [17.5878058, 59.96633129], [17.58837256, 59.96613954], [17.58841541, 59.96612433], [17.58864948, 59.96603378], [17.58876091, 59.96600564], [17.58880808, 59.96599294], [17.58939798, 59.96581951], [17.58944248, 59.96580462], [17.59000921, 59.96561278], [17.59055049, 59.96540347], [17.59059186, 59.9653864], [17.59110566, 59.9651602], [17.59158956, 59.96491824], [17.59162722, 59.96489917], [17.59207965, 59.9646422], [17.59211333, 59.96462133], [17.59253217, 59.96435064], [17.59291588, 59.96406717], [17.59295018, 59.96404098], [17.59329721, 59.96374593], [17.59337381, 59.96368065], [17.59340254, 59.96365305], [17.59371152, 59.9633476], [17.59381563, 59.96322609], [17.59415421, 59.96309512], [17.59466796, 59.96286891], [17.59469332, 59.962857], [17.59517716, 59.96261503], [17.59562953, 59.96235804], [17.59604831, 59.96208734], [17.59606863, 59.9620732], [17.59645228, 59.96178972], [17.59679926, 59.96149465], [17.59710819, 59.96118911], [17.59712981, 59.96116524], [17.5973993, 59.9608505], [17.59762843, 59.96052784], [17.59765692, 59.96048596], [17.59784475, 59.96015675], [17.59785678, 59.9601311], [17.59800253, 59.95979652], [17.59810557, 59.95945802], [17.59816542, 59.95911696], [17.59816658, 59.9590996], [17.59818319, 59.95875723], [17.59815639, 59.95841509], [17.59808628, 59.95807453], [17.59808065, 59.9580573], [17.598065, 59.95801027], [17.59809901, 59.95795041], [17.59824475, 59.95761583], [17.59834779, 59.95727733], [17.59836941, 59.95717245], [17.59842926, 59.95683138], [17.59844587, 59.95648911], [17.59844657, 59.95642451], [17.5984222, 59.9561134], [17.59871954, 59.95586054], [17.59902839, 59.95555499], [17.59929783, 59.95524024], [17.59938003, 59.95514314], [17.5996091, 59.95482048], [17.5996574, 59.95474318], [17.59972312, 59.95462817], [17.59984017, 59.95446311], [17.60002795, 59.9541339], [17.60004521, 59.95410347], [17.6001822, 59.95380472], [17.60032791, 59.95347013], [17.60033844, 59.95344064], [17.60044145, 59.95310214], [17.60050126, 59.95276108], [17.60050546, 59.95273549], [17.60052205, 59.95239312], [17.60052152, 59.95236754], [17.6004947, 59.9520254], [17.60042458, 59.95168474], [17.60041904, 59.95165925], [17.60036659, 59.95150265], [17.60030602, 59.9513216], [17.60029563, 59.95129647], [17.60013998, 59.95096307], [17.59994238, 59.95063526], [17.59992731, 59.95061067], [17.59968861, 59.95028987], [17.59966903, 59.95026618], [17.59939022, 59.94995353], [17.59907243, 59.94965036], [17.59904835, 59.94962766], [17.59869272, 59.9493353], [17.59866446, 59.94931394], [17.59827254, 59.94903333], [17.59784591, 59.94876581], [17.59781363, 59.94874588], [17.597354, 59.94849247], [17.59731815, 59.94847414], [17.59682721, 59.94823572], [17.59630727, 59.9480135], [17.59626817, 59.94799694], [17.59572091, 59.9477916], [17.59567887, 59.94777707], [17.59510687, 59.94758955], [17.59451226, 59.94742062], [17.59446757, 59.94740812], [17.59385276, 59.94725836], [17.59380588, 59.94724805], [17.59317328, 59.94711822], [17.59252559, 59.94700862], [17.59246874, 59.94699922], [17.59238319, 59.94698734], [17.59190187, 59.94692046], [17.59162568, 59.94688214], [17.5909653, 59.94679335], [17.59090525, 59.94678654], [17.59067856, 59.94676369], [17.59045259, 59.94672546], [17.58923851, 59.94652197], [17.58917879, 59.94651362], [17.58851841, 59.94642482], [17.58784833, 59.94635722], [17.58779599, 59.94635259], [17.58711856, 59.94630633], [17.58706554, 59.94630432], [17.58638361, 59.94627979], [17.58569982, 59.94627686], [17.58564671, 59.94627754], [17.58496417, 59.9462964], [17.58428523, 59.94633683], [17.58423247, 59.94634011], [17.58356008, 59.94640206], [17.58350826, 59.94640792], [17.5828449, 59.94649107], [17.58219351, 59.94659517], [17.58214307, 59.94660362], [17.58150626, 59.94672818], [17.58145778, 59.9467391], [17.58083787, 59.94688354], [17.58023763, 59.94704753], [17.5801914, 59.94706074], [17.57961299, 59.94724335], [17.57958698, 59.94725266], [17.57947994, 59.94724532], [17.57879799, 59.94722075], [17.57811418, 59.94721778], [17.57792159, 59.9472175], [17.57723903, 59.94723632], [17.57656006, 59.94727672], [17.57588764, 59.94733863], [17.57569872, 59.94735714], [17.57503532, 59.94744024], [17.57438388, 59.94754431], [17.57374702, 59.94766884], [17.57356881, 59.94770546], [17.57294885, 59.94784995], [17.57234855, 59.94801391], [17.57177008, 59.94819648], [17.57160956, 59.94824991], [17.57143474, 59.94831323], [17.57126392, 59.94836713], [17.57123453, 59.94837668], [17.57068033, 59.94857727], [17.57035691, 59.94871076], [17.57030674, 59.94871884], [17.56966984, 59.94884335], [17.5696207, 59.94885338], [17.56900069, 59.94899776], [17.5689538, 59.94901017], [17.56835347, 59.94917411], [17.56777495, 59.94935666], [17.56773075, 59.94937135], [17.56717651, 59.94957193], [17.56713542, 59.94958872], [17.56710781, 59.94960022], [17.56700422, 59.94962047], [17.56638419, 59.94976484], [17.56578383, 59.94992877], [17.56560365, 59.94998221], [17.5650251, 59.95016475], [17.56447083, 59.95036532], [17.56394314, 59.95058316], [17.56379956, 59.95064774], [17.56330059, 59.95088181], [17.56283204, 59.95113128], [17.5623962, 59.95139511], [17.56228048, 59.95147244], [17.5622143, 59.95151819], [17.55595181, 59.95744879], [17.55593838, 59.95756788], [17.55594305, 59.95791027], [17.55599109, 59.95825182], [17.55601254, 59.95834805], [17.55610383, 59.95868742], [17.55623784, 59.95902317], [17.55636651, 59.95926463], [17.5564022, 59.95935403], [17.55641389, 59.95937913], [17.55659007, 59.95970993], [17.55660643, 59.9597344], [17.55682439, 59.96005901], [17.55708283, 59.960376], [17.55710385, 59.96039958], [17.55740209, 59.96070762], [17.55773871, 59.96100567], [17.55776423, 59.96102808], [17.55813796, 59.96131491], [17.5581675, 59.96133598], [17.55857691, 59.96161025], [17.55902015, 59.96187102], [17.55905358, 59.96189067], [17.55952893, 59.96213681], [17.55957221, 59.9621577], [17.55988551, 59.96230054], [17.56012139, 59.96248153], [17.56015157, 59.96250313], [17.56056101, 59.9627774], [17.56100428, 59.96303816], [17.56103847, 59.96305816], [17.56120144, 59.96314248], [17.5611663, 59.96345259], [17.56117102, 59.96379498], [17.56118216, 59.96389141], [17.56123026, 59.96423296], [17.56132148, 59.96457232], [17.56145572, 59.96490807], [17.56150417, 59.96500161], [17.56168043, 59.96533241], [17.56189847, 59.96565701], [17.56215701, 59.96597399], [17.56224086, 59.96606101], [17.56253921, 59.96636914], [17.56287592, 59.96666708], [17.56324976, 59.96695389], [17.56365928, 59.96722814], [17.56377532, 59.9673052], [17.56421868, 59.96756595], [17.56469416, 59.96781207], [17.56520006, 59.96804259], [17.56534393, 59.96810689], [17.56587782, 59.96832087], [17.56643786, 59.96851755], [17.56702177, 59.96869598], [17.56720323, 59.96874949], [17.56780858, 59.96890899], [17.56799321, 59.96895174], [17.56861745, 59.96909184], [17.56925831, 59.96921166], [17.56945695, 59.96924642], [17.57011159, 59.96934576], [17.57077762, 59.96942413], [17.57145233, 59.96948113], [17.57164325, 59.96949447], [17.57232369, 59.96952998], [17.57300732, 59.96954377], [17.5736912, 59.96953591], [17.57388376, 59.96953036]]]}, "properties": {"deso": "0380B3030", "pop": 1448.0, "income": 404.1, "male_frac": 0.5041, "child_frac": 0.2272, "elder_frac": 0.1623, "dependency": 0.638, "needZ": -0.3241, "needZ_v1": -0.205, "regso": "0380R004", "higher_ed": 74.1, "neet": 7.3, "income_support": 0.0}}, {"type": "Feature", "geometry": {"type": "Polygon", "coordinates": [[[17.72262374, 59.97365019], [17.72323398, 59.97349523], [17.7238233, 59.97332119], [17.72398337, 59.97326732], [17.72454944, 59.97307499], [17.72509012, 59.97286504], [17.72560295, 59.97263832], [17.72608611, 59.97239587], [17.72622221, 59.9723274], [17.72667354, 59.97207006], [17.72709136, 59.97179886], [17.72747413, 59.97151501], [17.72758087, 59.97143456], [17.72792677, 59.97113907], [17.72823457, 59.97083332], [17.72850289, 59.97051832], [17.72857637, 59.97042895], [17.72880428, 59.97010607], [17.72899086, 59.96977659], [17.72913533, 59.96944197], [17.72917245, 59.96934715], [17.72927417, 59.96900847], [17.72933269, 59.96866736], [17.72934795, 59.96832508], [17.72934755, 59.96821963], [17.72931938, 59.96787744], [17.72931065, 59.96783432], [17.72923918, 59.96749384], [17.7291248, 59.9671563], [17.72908333, 59.96705287], [17.7289263, 59.96671955], [17.72872734, 59.96639203], [17.72848728, 59.96607137], [17.72843628, 59.96601], [17.72855287, 59.96598495], [17.72916295, 59.96582996], [17.72934819, 59.96578076], [17.72952288, 59.96572918], [17.72992392, 59.96565746], [17.73055246, 59.9655222], [17.73060859, 59.96550945], [17.73121865, 59.96535445], [17.73168893, 59.96523368], [17.7317422, 59.96521839], [17.73233132, 59.96504432], [17.7328972, 59.96485196], [17.73294011, 59.96483652], [17.7334806, 59.96462653], [17.73352024, 59.96460918], [17.73403289, 59.96438244], [17.73451587, 59.96413996], [17.73455181, 59.96412071], [17.73500297, 59.96386334], [17.73542061, 59.96359212], [17.73545273, 59.96357124], [17.73583534, 59.96328736], [17.73586319, 59.96326496], [17.73620893, 59.96296944], [17.73651658, 59.96266367], [17.73654004, 59.96263992], [17.73680821, 59.96232491], [17.73682672, 59.96230027], [17.73705449, 59.96197738], [17.73724094, 59.96164789], [17.73725464, 59.96162236], [17.73739899, 59.96128773], [17.73740763, 59.96126168], [17.73750924, 59.96092299], [17.73756766, 59.96058188], [17.73757125, 59.96055558], [17.73758644, 59.96021329], [17.73758469, 59.96018683], [17.73756206, 59.95991261], [17.73761588, 59.95978789], [17.7376252, 59.95976111], [17.7377268, 59.95942243], [17.73778522, 59.95908131], [17.73778903, 59.9590541], [17.73780421, 59.95871182], [17.73780255, 59.95868464], [17.73777431, 59.95834245], [17.73770277, 59.95800197], [17.73769567, 59.95797508], [17.73758124, 59.95763755], [17.73756494, 59.95760294], [17.7375013, 59.95741536], [17.73746526, 59.95732054], [17.73733704, 59.9570486], [17.73733346, 59.95703915], [17.73717639, 59.95670583], [17.73697741, 59.95637832], [17.73673735, 59.95605769], [17.7366578, 59.95596008], [17.73637765, 59.95564773], [17.73628468, 59.95555929], [17.73596559, 59.95525646], [17.7356087, 59.95496448], [17.73549273, 59.95487652], [17.73509959, 59.95459633], [17.73467165, 59.95432926], [17.73428579, 59.95411737], [17.73417745, 59.95401452], [17.73382059, 59.95372252], [17.73379232, 59.95370029], [17.73339921, 59.9534201], [17.73336678, 59.95339931], [17.73293887, 59.95313223], [17.73247815, 59.95287931], [17.73243569, 59.95285692], [17.73234308, 59.95281213], [17.73194388, 59.9526191], [17.73159323, 59.95245228], [17.73127485, 59.95230069], [17.73097277, 59.95215694], [17.73064549, 59.95200113], [17.73059893, 59.95198108], [17.73007791, 59.9517594], [17.72952992, 59.95155462], [17.72948672, 59.95153944], [17.72891377, 59.95135251], [17.72886795, 59.95133953], [17.72827261, 59.95117121], [17.72775706, 59.95104633], [17.72761386, 59.95100582], [17.72699839, 59.95085668], [17.72695085, 59.95084608], [17.72631768, 59.9507168], [17.72566935, 59.95060795], [17.72561993, 59.95059971], [17.72495928, 59.9505116], [17.72490858, 59.95050573], [17.724238, 59.95043874], [17.72356033, 59.95039327], [17.72350866, 59.95038994], [17.72345607, 59.95038806], [17.72343323, 59.95038503], [17.72327688, 59.95023645], [17.72325078, 59.95021355], [17.72289405, 59.94992153], [17.72250108, 59.9496413], [17.72247066, 59.94961974], [17.72204289, 59.94935263], [17.72200846, 59.94933268], [17.72154788, 59.94907963], [17.72105621, 59.94884176], [17.72101794, 59.9488236], [17.72049703, 59.94860188], [17.72044851, 59.94858294], [17.71990063, 59.94837812], [17.71907293, 59.94808718], [17.71907887, 59.94795421], [17.71905083, 59.94761201], [17.71904763, 59.94758558], [17.71897631, 59.94724508], [17.71896811, 59.94721893], [17.71885391, 59.94688139], [17.71869708, 59.94654805], [17.71868376, 59.94652245], [17.71848503, 59.94619491], [17.71846675, 59.94617014], [17.71822694, 59.94584947], [17.71794706, 59.94553707], [17.71792413, 59.9455132], [17.71760531, 59.94521033], [17.71724869, 59.94491829], [17.717221, 59.94489577], [17.71682814, 59.94461553], [17.71679628, 59.94459436], [17.71636862, 59.94432723], [17.71590815, 59.94407415], [17.71587231, 59.94405486], [17.71538075, 59.94381689], [17.71534121, 59.94379929], [17.71482041, 59.94357754], [17.71427251, 59.9433727], [17.7142299, 59.94335723], [17.71365717, 59.94317024], [17.71361163, 59.94315689], [17.71301652, 59.9429885], [17.71240127, 59.9428393], [17.71235341, 59.94282824], [17.71172044, 59.94269889], [17.71166218, 59.94268886], [17.71149045, 59.94265997], [17.71143391, 59.9425969], [17.71141028, 59.94257332], [17.71109155, 59.94227042], [17.71073501, 59.94197837], [17.71070691, 59.94195604], [17.7103985, 59.94173602], [17.71031414, 59.94167577], [17.71028173, 59.94165497], [17.70985415, 59.94138782], [17.70939377, 59.94113472], [17.70935751, 59.94111562], [17.70886605, 59.94087771], [17.70882624, 59.94086038], [17.70830554, 59.94063861], [17.70775786, 59.94043374], [17.70771469, 59.94041855], [17.7071422, 59.94023152], [17.70709641, 59.94021854], [17.70650137, 59.94005012], [17.70588621, 59.93990088], [17.70583809, 59.93989019], [17.70520521, 59.9397608], [17.70455716, 59.93965185], [17.70450717, 59.93964353], [17.70384679, 59.93955531], [17.70379553, 59.93954953], [17.70312521, 59.93948243], [17.70244779, 59.93943686], [17.7023868, 59.93943308], [17.70194961, 59.93941671], [17.70150355, 59.93940016], [17.70106638, 59.93938387], [17.70038451, 59.93935985], [17.70032303, 59.93935904], [17.69963953, 59.93935669], [17.69895707, 59.93937614], [17.69890467, 59.93937811], [17.69871822, 59.93938939], [17.69856167, 59.93938882], [17.69787921, 59.93940827], [17.69782768, 59.93941004], [17.69714904, 59.93945105], [17.69709816, 59.93945542], [17.69642598, 59.93951794], [17.69576321, 59.93960174], [17.69571327, 59.93960851], [17.69506237, 59.93971308], [17.69501409, 59.93972215], [17.6943777, 59.93984725], [17.69375842, 59.93999231], [17.69370428, 59.94000563], [17.69310473, 59.94017004], [17.69289362, 59.94022852], [17.69286789, 59.94023543], [17.69226834, 59.94039983], [17.69221416, 59.9404163], [17.69163649, 59.94059948], [17.69108316, 59.94080057], [17.6910399, 59.940817], [17.69051321, 59.94103533], [17.69047336, 59.94105375], [17.6899753, 59.94128838], [17.6897306, 59.94141922], [17.69575109, 59.94593139], [17.69579687, 59.94596953], [17.69589702, 59.94604985], [17.69593084, 59.94607709], [17.69654744, 59.94657208], [17.69821612, 59.94790418], [17.69851108, 59.948068], [17.698837, 59.9482947], [17.69912117, 59.94860372], [17.70006702, 59.94935945], [17.70046596, 59.94960288], [17.70078702, 59.94993099], [17.70170384, 59.95066485], [17.70272624, 59.95150128], [17.70284191, 59.95159583], [17.7029068, 59.95164894], [17.70288508, 59.95165432], [17.7027565, 59.95168597], [17.70265094, 59.95171194], [17.70336689, 59.9523052], [17.70346289, 59.95238479], [17.70379765, 59.95272079], [17.70398549, 59.95294859], [17.70486769, 59.95400957], [17.7049644, 59.95421373], [17.70506659, 59.9543656], [17.7050828, 59.95439051], [17.70537899, 59.95483634], [17.70557614, 59.95512557], [17.70577193, 59.95535995], [17.70591109, 59.95534739], [17.70610508, 59.95532976], [17.70651363, 59.9560027], [17.7068878, 59.95658194], [17.7071756, 59.95704384], [17.70765729, 59.95706332], [17.70768951, 59.95711413], [17.70777873, 59.95711769], [17.70736349, 59.95770433], [17.70741182, 59.95778238], [17.70753603, 59.95798283], [17.70755762, 59.95801751], [17.70764492, 59.95815854], [17.7077618, 59.95834711], [17.7079207, 59.95860146], [17.70925109, 59.9606694], [17.71006336, 59.96152797], [17.71099107, 59.96257998], [17.71181892, 59.96340031], [17.71194363, 59.96369668], [17.71354409, 59.96539182], [17.71450331, 59.96653011], [17.71536398, 59.9674764], [17.71572764, 59.96786055], [17.71579471, 59.9679216], [17.71604735, 59.96815192], [17.71669123, 59.96882304], [17.71725583, 59.96948402], [17.71841215, 59.97075368], [17.71935414, 59.9709608], [17.72094833, 59.97306559], [17.72199502, 59.97378542], [17.72262374, 59.97365019]]]}, "properties": {"deso": "0380B2030", "pop": 1789.0, "income": 434.7, "male_frac": 0.5056, "child_frac": 0.2107, "elder_frac": 0.1761, "dependency": 0.6308, "needZ": -0.6685, "needZ_v1": -0.4685, "regso": "0380R060", "higher_ed": 88.2, "neet": 7.3, "income_support": 0.1}}, {"type": "Feature", "geometry": {"type": "Polygon", "coordinates": [[[17.71883379, 59.97418449], [17.71896376, 59.97417794], [17.71964013, 59.97412601], [17.71984653, 59.97410523], [17.72051493, 59.97403198], [17.72117273, 59.97393757], [17.72181716, 59.9738225], [17.72199502, 59.97378542], [17.72094833, 59.97306559], [17.71935414, 59.9709608], [17.71841215, 59.97075368], [17.71725583, 59.96948402], [17.71669123, 59.96882304], [17.71604735, 59.96815192], [17.71579471, 59.9679216], [17.71572764, 59.96786055], [17.71536398, 59.9674764], [17.71450331, 59.96653011], [17.71354409, 59.96539182], [17.71194363, 59.96369668], [17.71181892, 59.96340031], [17.71099107, 59.96257998], [17.71006336, 59.96152797], [17.70925109, 59.9606694], [17.7079207, 59.95860146], [17.70791969, 59.95860176], [17.70792021, 59.95860273], [17.70787639, 59.95865582], [17.70769063, 59.95868595], [17.70754863, 59.95870908], [17.7073609, 59.95880725], [17.70705075, 59.95896946], [17.70653212, 59.95922551], [17.70559366, 59.95963595], [17.70434445, 59.9600841], [17.70411981, 59.96012653], [17.70392188, 59.9599821], [17.70391402, 59.95997634], [17.70387854, 59.959967], [17.70283823, 59.95969397], [17.70196825, 59.95945688], [17.70194137, 59.95943892], [17.7015831, 59.95929545], [17.70139508, 59.9592507], [17.70087612, 59.959251], [17.70001835, 59.95910733], [17.69946523, 59.95908559], [17.69911267, 59.9590647], [17.69878686, 59.95905501], [17.69804493, 59.95906211], [17.69769537, 59.9590345], [17.69652479, 59.95879184], [17.69629579, 59.9587225], [17.69555372, 59.95838978], [17.69466705, 59.95804977], [17.69403908, 59.957841], [17.69260097, 59.95733708], [17.69131234, 59.95690726], [17.69093804, 59.9567692], [17.69035149, 59.95656415], [17.68990152, 59.95644012], [17.68983009, 59.95642451], [17.68934794, 59.9563191], [17.68896702, 59.95624495], [17.68852696, 59.95615924], [17.68835719, 59.95612606], [17.68659801, 59.95583979], [17.68655663, 59.95583417], [17.68644192, 59.95581854], [17.68263298, 59.95506933], [17.67941003, 59.95411697], [17.676791, 59.95310134], [17.6746911, 59.95222775], [17.67342545, 59.95216556], [17.67344743, 59.95219817], [17.67346744, 59.95222292], [17.67372708, 59.95253967], [17.67402633, 59.95284754], [17.67405098, 59.9528712], [17.67438871, 59.95316894], [17.67440698, 59.95318303], [17.67467395, 59.95341835], [17.67490833, 59.95359755], [17.67490992, 59.95360803], [17.67491045, 59.95364395], [17.67494121, 59.95385693], [17.67494347, 59.95399117], [17.67499272, 59.95433267], [17.67505982, 59.95457859], [17.67501329, 59.95465373], [17.67484731, 59.95498585], [17.67479692, 59.95512305], [17.67472365, 59.95532268], [17.67464294, 59.95566269], [17.67462277, 59.95575876], [17.67461321, 59.95584545], [17.67444914, 59.95599618], [17.6744416, 59.95600343], [17.67443582, 59.95600875], [17.67442923, 59.95601491], [17.67414065, 59.95632535], [17.67414038, 59.95632563], [17.67413821, 59.95632801], [17.67413725, 59.95632892], [17.67413658, 59.95632984], [17.67412987, 59.95633815], [17.674125, 59.95634381], [17.67412004, 59.95635002], [17.67387129, 59.956669], [17.67386942, 59.95667146], [17.67386822, 59.9566731], [17.67366038, 59.95699933], [17.67365507, 59.9570086], [17.6736518, 59.95701388], [17.67364762, 59.9570207], [17.67364584, 59.95702415], [17.67347983, 59.95735627], [17.67347581, 59.95736695], [17.67347398, 59.95737166], [17.67347103, 59.95737909], [17.67334735, 59.95771592], [17.67334642, 59.95771899], [17.67326568, 59.95805899], [17.67326366, 59.95807053], [17.67326281, 59.95807459], [17.67326123, 59.95808253], [17.67322364, 59.95842444], [17.67322341, 59.95842705], [17.67322353, 59.95843953], [17.67322351, 59.95844294], [17.67322345, 59.95845139], [17.67322933, 59.95879377], [17.67327857, 59.95913527], [17.67327874, 59.95913553], [17.67327887, 59.95913715], [17.67328174, 59.95915074], [17.67328225, 59.95915343], [17.67328402, 59.95916255], [17.67337651, 59.95950183], [17.67351171, 59.95983745], [17.67351523, 59.95984628], [17.67352222, 59.95986338], [17.67369972, 59.9601941], [17.6737106, 59.96021176], [17.67371129, 59.960213], [17.67371521, 59.96021939], [17.67393415, 59.96054371], [17.67419386, 59.96086046], [17.67421381, 59.96088431], [17.67421429, 59.96088484], [17.67451362, 59.9611927], [17.67453839, 59.96121591], [17.67487621, 59.96151365], [17.67525094, 59.96180005], [17.67525456, 59.96180276], [17.6752555, 59.96180346], [17.67528034, 59.961822], [17.67569057, 59.96209599], [17.6757002, 59.96210172], [17.67570206, 59.96210285], [17.67572428, 59.96211642], [17.67616859, 59.96237678], [17.67664481, 59.96262249], [17.67665727, 59.96262861], [17.67666035, 59.96263017], [17.67668221, 59.96264113], [17.67718865, 59.96287122], [17.67720301, 59.96287704], [17.67721034, 59.96287994], [17.67723464, 59.96288996], [17.67776931, 59.96310358], [17.67845582, 59.96335866], [17.67893046, 59.96353496], [17.67949107, 59.96373115], [17.67954089, 59.96374792], [17.68012531, 59.96392585], [17.68017047, 59.96393805], [17.68077627, 59.96409712], [17.68140087, 59.96423659], [17.68144823, 59.96424658], [17.68208939, 59.96436595], [17.68213848, 59.96437366], [17.68279349, 59.96447244], [17.68302529, 59.96449943], [17.6830342, 59.96450734], [17.68337198, 59.96480506], [17.68374683, 59.96509143], [17.68378226, 59.96511657], [17.6841926, 59.96539054], [17.68543477, 59.96618895], [17.6858792, 59.96644928], [17.68591936, 59.96647262], [17.68639572, 59.96671829], [17.68643384, 59.96673656], [17.68694041, 59.96696661], [17.68747521, 59.96718019], [17.68751671, 59.96719632], [17.68807744, 59.96739248], [17.68812188, 59.96740657], [17.6887064, 59.96758446], [17.68931231, 59.96774349], [17.68935937, 59.96775538], [17.68998409, 59.9678948], [17.69003318, 59.96790431], [17.69067444, 59.96802363], [17.69094582, 59.96806454], [17.69103218, 59.96827826], [17.69107426, 59.96837253], [17.69125199, 59.96870323], [17.69147116, 59.96902751], [17.6917311, 59.96934423], [17.69180891, 59.96943256], [17.69210834, 59.96974038], [17.6924464, 59.97003808], [17.69282138, 59.97032442], [17.69294234, 59.97041078], [17.69335282, 59.97068472], [17.69379738, 59.97094503], [17.69388906, 59.9709984], [17.69392799, 59.97102105], [17.69393668, 59.97102608], [17.69441315, 59.97127172], [17.69456523, 59.97134451], [17.69507193, 59.97157453], [17.69560685, 59.97178808], [17.6961677, 59.97198411], [17.69633049, 59.97203593], [17.69691514, 59.97221378], [17.69752117, 59.97237278], [17.698146, 59.97251216], [17.69832575, 59.97254702], [17.69896713, 59.9726663], [17.69962236, 59.972765], [17.70028873, 59.97284262], [17.70047853, 59.9728593], [17.70115338, 59.97291573], [17.70149592, 59.97293324], [17.70149742, 59.97293348], [17.70154816, 59.97293954], [17.70221454, 59.97301715], [17.7028894, 59.97307357], [17.70294098, 59.97307718], [17.70362176, 59.97311201], [17.70367387, 59.9731131], [17.70435762, 59.97312621], [17.70504165, 59.97311757], [17.70509386, 59.97311623], [17.70577539, 59.97308591], [17.70582695, 59.97308198], [17.70612173, 59.9730594], [17.70666285, 59.97305261], [17.70676077, 59.97304818], [17.70724927, 59.97313903], [17.70790453, 59.97323768], [17.70795522, 59.97324482], [17.70862162, 59.9733224], [17.70867358, 59.97332699], [17.70934845, 59.97338337], [17.71002924, 59.97341817], [17.71008173, 59.97342023], [17.71069902, 59.97343207], [17.71070517, 59.9734332], [17.71136045, 59.97353184], [17.71154744, 59.97355566], [17.71221386, 59.97363323], [17.71232041, 59.97364217], [17.71288782, 59.97376866], [17.71306598, 59.97380551], [17.71370744, 59.97392471], [17.71436273, 59.97402334], [17.71502917, 59.97410088], [17.71521825, 59.97411954], [17.71589315, 59.97417589], [17.71657397, 59.97421065], [17.71725773, 59.97422369], [17.71746819, 59.97422349], [17.71815225, 59.97421488], [17.71883379, 59.97418449]]]}, "properties": {"deso": "0380B2040", "pop": 1649.0, "income": 344.4, "male_frac": 0.4988, "child_frac": 0.2074, "elder_frac": 0.1868, "dependency": 0.6507, "needZ": 0.0674, "needZ_v1": 0.3065, "regso": "0380R051", "higher_ed": 75.5, "neet": 8.9, "income_support": 0.6}}, {"type": "Feature", "geometry": {"type": "Polygon", "coordinates": [[[18.32808866, 59.96749781], [18.3320483, 59.96636129], [18.33208206, 59.96635163], [18.33236652, 59.96627005], [18.33245723, 59.96620342], [18.33887634, 59.96149439], [18.34025632, 59.96048177], [18.34593602, 59.95750581], [18.34641107, 59.95676461], [18.34921368, 59.95239125], [18.34926436, 59.95231224], [18.34939924, 59.95231061], [18.3534221, 59.95226234], [18.35570528, 59.95223487], [18.36555426, 59.95245263], [18.39028308, 59.95361437], [18.39028338, 59.95361437], [18.38877807, 59.95002911], [18.38389086, 59.94567548], [18.38338686, 59.9439335], [18.38217895, 59.94074129], [18.38075764, 59.93909031], [18.37715491, 59.93639761], [18.37782135, 59.93253401], [18.37804339, 59.93096676], [18.38134744, 59.92802153], [18.38150242, 59.92787621], [18.38344411, 59.92635447], [18.3846143, 59.92542669], [18.38729927, 59.92280359], [18.39048462, 59.92092898], [18.39139733, 59.9203758], [18.39377831, 59.91923111], [18.39412992, 59.91478506], [18.39437148, 59.91289891], [18.39760243, 59.91022061], [18.39804546, 59.9071226], [18.39826524, 59.90677423], [18.40388559, 59.89923018], [18.40406869, 59.89862567], [18.40421606, 59.89785819], [18.40458696, 59.89573494], [18.40457955, 59.8948764], [18.40450474, 59.89438943], [18.4032131, 59.89287508], [18.39558985, 59.89070713], [18.39267147, 59.88984195], [18.39028015, 59.88371854], [18.38645193, 59.88154163], [18.38645634, 59.88100715], [18.38625433, 59.88106779], [18.38600787, 59.88069315], [18.38585019, 59.88058821], [18.38446942, 59.87997758], [18.38422026, 59.87989054], [18.38380548, 59.87978853], [18.38349573, 59.87970439], [18.38308959, 59.87962201], [18.38143433, 59.87862485], [18.36313566, 59.87272796], [18.36473911, 59.86451349], [18.36473866, 59.86451341], [18.35388594, 59.86245683], [18.34468877, 59.86316221], [18.33730539, 59.86342165], [18.33350726, 59.86243153], [18.32744117, 59.86102731], [18.31910458, 59.85974688], [18.31732174, 59.85858828], [18.31712797, 59.85938188], [18.31214031, 59.85857021], [18.31407561, 59.85660199], [18.30774364, 59.85558905], [18.3035432, 59.85488324], [18.29802009, 59.85392438], [18.28430816, 59.85206743], [18.2734129, 59.85058574], [18.27015625, 59.84893067], [18.27018529, 59.84815402], [18.26907341, 59.84741964], [18.26876463, 59.84742318], [18.26847755, 59.84740785], [18.26817361, 59.84740373], [18.26783692, 59.84739304], [18.26735499, 59.84735497], [18.26684028, 59.84722309], [18.26658219, 59.84709329], [18.26445827, 59.84592946], [18.26267211, 59.84226348], [18.26100703, 59.83873059], [18.25957671, 59.8359173], [18.25933792, 59.83582708], [18.25833965, 59.83545882], [18.2574237, 59.83511161], [18.25406393, 59.83566127], [18.25103006, 59.83535292], [18.24789855, 59.83485634], [18.24871327, 59.83332677], [18.24506185, 59.83309877], [18.241612, 59.83287207], [18.2375191, 59.83331566], [18.23465049, 59.83245974], [18.2346505, 59.83245983], [18.23451475, 59.8334196], [18.22564332, 59.83414305], [18.22315185, 59.83505606], [18.22039344, 59.83513532], [18.21653438, 59.83472922], [18.21435818, 59.83518341], [18.21289048, 59.83552915], [18.21184018, 59.83576244], [18.20997616, 59.83568836], [18.20995503, 59.83568753], [18.20801151, 59.835592], [18.20264586, 59.83532277], [18.20088009, 59.83641507], [18.20086258, 59.83642592], [18.19419381, 59.84059022], [18.19416391, 59.84172031], [18.19416362, 59.84173271], [18.19413254, 59.84409138], [18.19427965, 59.8444338], [18.1950306, 59.84595148], [18.19571656, 59.84733749], [18.19634285, 59.84860293], [18.19693867, 59.84980676], [18.19851516, 59.8529931], [18.19852155, 59.85300597], [18.19906825, 59.85411072], [18.19907163, 59.85411989], [18.20008111, 59.85682522], [18.20037562, 59.8575857], [18.20088752, 59.85909461], [18.19348339, 59.8586446], [18.18335887, 59.86391218], [18.17917584, 59.86690342], [18.16910876, 59.87245791], [18.1669477, 59.87389901], [18.16182873, 59.87674668], [18.16231538, 59.88201179], [18.15905732, 59.88630431], [18.15844844, 59.89422445], [18.15828205, 59.89638801], [18.1585394, 59.89728656], [18.15859529, 59.89838689], [18.158682, 59.9000877], [18.15868584, 59.90016541], [18.15730008, 59.90023081], [18.15703502, 59.9014699], [18.15698976, 59.9016814], [18.15759709, 59.90325447], [18.15809898, 59.9044113], [18.15920658, 59.911054], [18.159271, 59.91143977], [18.15920706, 59.91165019], [18.15856159, 59.91377394], [18.15840365, 59.91429334], [18.15819156, 59.91499129], [18.15747061, 59.91736247], [18.15705172, 59.91874038], [18.15575106, 59.92301771], [18.15109681, 59.92505947], [18.14537828, 59.9275675], [18.14916001, 59.9285146], [18.15421651, 59.92978056], [18.16458551, 59.93237578], [18.16598568, 59.93272614], [18.17411124, 59.93475881], [18.17727493, 59.93555001], [18.17791455, 59.93570997], [18.17854178, 59.93582988], [18.17874635, 59.93586897], [18.18194395, 59.93648019], [18.18196546, 59.93648425], [18.19738453, 59.93942994], [18.1996524, 59.93986303], [18.19975555, 59.93999386], [18.2015142, 59.94150358], [18.20167505, 59.94164154], [18.20084074, 59.9448425], [18.20075894, 59.94515661], [18.20049029, 59.94618718], [18.20029103, 59.94695121], [18.20145955, 59.94736254], [18.21057324, 59.95057019], [18.22159825, 59.95564138], [18.23086278, 59.96272851], [18.2309487, 59.96372836], [18.23262052, 59.96391955], [18.23449469, 59.96322921], [18.24442842, 59.9659457], [18.24867365, 59.96710623], [18.254548, 59.95961673], [18.26457577, 59.95587095], [18.27119565, 59.95763123], [18.27146057, 59.95768647], [18.27167691, 59.9577315], [18.27321323, 59.95805177], [18.27378277, 59.95817043], [18.27860783, 59.95917588], [18.28826928, 59.96127699], [18.28871788, 59.96136114], [18.28956974, 59.96152093], [18.29255202, 59.96208028], [18.29706792, 59.96302047], [18.3068521, 59.96412929], [18.30973689, 59.96675141], [18.31202986, 59.96762271], [18.31276817, 59.9678251], [18.31586161, 59.96852374], [18.32030954, 59.96909719], [18.32808866, 59.96749781]]]}, "properties": {"deso": "0380A0070", "pop": 1405.0, "income": 342.9, "male_frac": 0.5296, "child_frac": 0.1673, "elder_frac": 0.2783, "dependency": 0.8036, "needZ": 0.3538, "needZ_v1": 0.6142, "regso": "0380R042", "higher_ed": 68.6, "neet": 11.4, "income_support": 0.2}}, {"type": "Feature", "geometry": {"type": "Polygon", "coordinates": [[[17.79705407, 59.98198748], [17.80178362, 59.98162304], [17.80282752, 59.98154257], [17.8034406, 59.98149532], [17.80347395, 59.98149281], [17.80548699, 59.98121404], [17.80702335, 59.98100135], [17.80840203, 59.9808105], [17.81425598, 59.97999974], [17.81698771, 59.9796213], [17.81959473, 59.97382526], [17.82009302, 59.97316209], [17.8232394, 59.96897415], [17.82629654, 59.96897992], [17.83120455, 59.96388248], [17.83235436, 59.96268794], [17.83388546, 59.95352664], [17.83412376, 59.95209727], [17.83517837, 59.95192386], [17.83598546, 59.95227634], [17.83709031, 59.95102549], [17.83807947, 59.95075583], [17.83688722, 59.9497232], [17.84194571, 59.94497858], [17.83966957, 59.94438902], [17.84180354, 59.94015605], [17.83848362, 59.93923783], [17.8379351, 59.93908606], [17.83828453, 59.93875542], [17.83831888, 59.93833697], [17.83831518, 59.93830588], [17.83826736, 59.93791588], [17.83943164, 59.93718833], [17.83961631, 59.93701197], [17.83997109, 59.93678406], [17.83998122, 59.93677648], [17.8408125, 59.93654414], [17.8408249, 59.93654073], [17.8409106, 59.93653798], [17.84203274, 59.93649565], [17.84282729, 59.93646567], [17.8430096, 59.93646363], [17.84409437, 59.93664675], [17.84512099, 59.93673364], [17.84548671, 59.93683355], [17.84586453, 59.9368077], [17.84695728, 59.93685471], [17.84698247, 59.93685578], [17.8469976, 59.93685653], [17.84870606, 59.93693649], [17.84909829, 59.93652818], [17.84999106, 59.93642641], [17.85389138, 59.9375639], [17.85566201, 59.93597867], [17.85492506, 59.93575281], [17.85617653, 59.93445998], [17.85935498, 59.93130511], [17.85968853, 59.93092543], [17.85991034, 59.93069685], [17.86016637, 59.93050391], [17.86057771, 59.93013817], [17.86202734, 59.93156188], [17.86216631, 59.93166531], [17.86227176, 59.931748], [17.86237013, 59.93183084], [17.86260718, 59.93201191], [17.86277824, 59.93217079], [17.86284888, 59.93221094], [17.86300179, 59.93236473], [17.86323854, 59.93254231], [17.86349352, 59.93278057], [17.86361482, 59.93289121], [17.86370631, 59.93297465], [17.86388508, 59.93313875], [17.86402707, 59.9332891], [17.86407656, 59.93333393], [17.86416381, 59.93341261], [17.864192, 59.93342628], [17.86431508, 59.93348559], [17.86836149, 59.93257348], [17.86964452, 59.93238063], [17.87158329, 59.93206145], [17.87643983, 59.931259], [17.88355635, 59.93036678], [17.88559122, 59.93011159], [17.88595352, 59.92882993], [17.88604563, 59.92850389], [17.88644246, 59.92851649], [17.89474553, 59.92877923], [17.89503623, 59.92878839], [17.89688282, 59.92847849], [17.89709173, 59.92844345], [17.90358082, 59.92685856], [17.9032067, 59.92646929], [17.90387632, 59.92637926], [17.90650433, 59.92841596], [17.90549146, 59.92836741], [17.90553918, 59.92863774], [17.90663801, 59.92873569], [17.90660349, 59.92885736], [17.91115967, 59.92927631], [17.91313111, 59.92967895], [17.91314689, 59.92967545], [17.91408993, 59.92946766], [17.9171818, 59.92878633], [17.91683459, 59.92908516], [17.91636525, 59.92952451], [17.91599679, 59.92985884], [17.91596561, 59.92988711], [17.91560103, 59.93019172], [17.91524656, 59.93048891], [17.91495715, 59.93074361], [17.91492377, 59.93078873], [17.91479403, 59.93096381], [17.91473575, 59.93106176], [17.91472378, 59.93108178], [17.91471871, 59.93110139], [17.91470485, 59.93115371], [17.91465982, 59.93132512], [17.91465348, 59.93134879], [17.91456907, 59.93156941], [17.91454796, 59.93172241], [17.91463273, 59.93185735], [17.91469632, 59.93194605], [17.91485741, 59.93204552], [17.91502492, 59.93218618], [17.91522263, 59.9323497], [17.91536311, 59.93256085], [17.91542683, 59.93275186], [17.91540314, 59.9329696], [17.91533979, 59.93313414], [17.91517263, 59.93334715], [17.91502864, 59.93348616], [17.91489891, 59.93372197], [17.9147565, 59.93393281], [17.91457036, 59.93418029], [17.91447741, 59.93443154], [17.91440167, 59.93462321], [17.91440771, 59.93480634], [17.91449827, 59.93492139], [17.91468895, 59.93498446], [17.91500464, 59.9350471], [17.91533736, 59.93509508], [17.91563118, 59.93514903], [17.9158413, 59.93523512], [17.91600226, 59.93533459], [17.91608303, 59.93546244], [17.9160759, 59.93566194], [17.91609495, 59.93587711], [17.91613894, 59.93599301], [17.9162634, 59.93618115], [17.91635138, 59.93635914], [17.91636598, 59.93646303], [17.91637654, 59.93661012], [17.91634322, 59.93679385], [17.91627679, 59.93701415], [17.92214057, 59.93928868], [17.92234259, 59.93911621], [17.92238273, 59.93907903], [17.92276431, 59.93880269], [17.92293495, 59.938715], [17.92313271, 59.93865851], [17.92319991, 59.93861848], [17.92358429, 59.93878307], [17.92426963, 59.9384989], [17.92533574, 59.9378359], [17.92688469, 59.93835561], [17.92747584, 59.93855584], [17.92764209, 59.93832136], [17.92771518, 59.93817574], [17.92786892, 59.93782287], [17.92798871, 59.93756895], [17.92802314, 59.93749568], [17.92810857, 59.93750169], [17.93316031, 59.93785552], [17.93320939, 59.93654133], [17.95182404, 59.93692145], [17.95869636, 59.93706113], [17.96412291, 59.93707477], [17.96604932, 59.93707958], [17.96581017, 59.93728997], [17.96559387, 59.93746849], [17.96536274, 59.93763818], [17.96517228, 59.93776068], [17.96534961, 59.93795226], [17.96492119, 59.93846884], [17.96498936, 59.93856253], [17.96578558, 59.93965516], [17.96644263, 59.94055661], [17.96474297, 59.94068378], [17.96650171, 59.94435441], [17.96111759, 59.94456322], [17.96162638, 59.94903384], [17.96182442, 59.95076401], [17.96545692, 59.94889769], [17.97080211, 59.94732787], [17.97153289, 59.94730268], [17.97182458, 59.9473421], [17.97201507, 59.94736314], [17.9722803, 59.94737594], [17.97288093, 59.9473703], [17.97322257, 59.94733745], [17.97368198, 59.94722943], [17.97402454, 59.94714094], [17.97421828, 59.94708285], [17.98176037, 59.94701436], [17.98171956, 59.94696291], [17.98378535, 59.9467241], [17.98559323, 59.94549392], [17.98562412, 59.94547292], [17.98712077, 59.94474063], [17.98777838, 59.94466797], [17.98795827, 59.9444057], [17.99705673, 59.94197661], [18.00048221, 59.94106177], [18.00617237, 59.94168154], [18.01258043, 59.94071809], [18.02030063, 59.9395569], [18.02085999, 59.93795737], [18.02157456, 59.93591426], [18.0253529, 59.93364255], [18.02889855, 59.93056889], [18.02995289, 59.92965472], [18.02165046, 59.92856884], [18.02373534, 59.92005975], [18.02432335, 59.91248497], [18.02335026, 59.90518058], [18.01968518, 59.87856036], [18.0195877, 59.8778518], [18.01785266, 59.87526742], [18.01722985, 59.87433965], [18.01379708, 59.86922494], [18.01293679, 59.86173554], [18.00966152, 59.85036857], [18.00569717, 59.83659983], [18.00451949, 59.81138867], [18.00451945, 59.81138822], [18.00346464, 59.81118916], [18.00127097, 59.81013775], [17.99387164, 59.8093805], [17.99037201, 59.80914967], [17.9858627, 59.80879075], [17.98229434, 59.80889205], [17.98147993, 59.80873076], [17.98093382, 59.80926267], [17.98011153, 59.80904944], [17.97986154, 59.80858409], [17.97800169, 59.80806538], [17.97631458, 59.80774622], [17.96958183, 59.80647204], [17.9614016, 59.80723448], [17.94838658, 59.81252124], [17.94391328, 59.81392786], [17.94167573, 59.81459089], [17.94123107, 59.81441793], [17.94018429, 59.81393602], [17.93883829, 59.81389101], [17.93839785, 59.81416479], [17.93785099, 59.81438623], [17.93688959, 59.81377572], [17.93718872, 59.81345911], [17.93760095, 59.81306549], [17.9375306, 59.8130199], [17.93746006, 59.81297063], [17.93737142, 59.81291449], [17.93724142, 59.81282306], [17.93714146, 59.81269351], [17.93710534, 59.81262406], [17.93701947, 59.81249249], [17.93691665, 59.81237557], [17.93678821, 59.81224827], [17.93685077, 59.81222037], [17.93662043, 59.8120551], [17.93532068, 59.81194649], [17.93503505, 59.81218752], [17.927716, 59.81420093], [17.92580925, 59.81683771], [17.9230852, 59.81631527], [17.919949, 59.8164411], [17.91350538, 59.81649167], [17.91342316, 59.81648514], [17.91174832, 59.81686001], [17.90980054, 59.81519772], [17.90775672, 59.81529512], [17.9077963, 59.8153645], [17.90783611, 59.81550214], [17.90784995, 59.81562212], [17.90787676, 59.81571864], [17.90786752, 59.8158067], [17.90789599, 59.81599832], [17.90790327, 59.81612563], [17.9078915, 59.81623531], [17.90789553, 59.8163052], [17.9079896, 59.81639538], [17.90821474, 59.81659675], [17.90842538, 59.81692034], [17.90842683, 59.81694538], [17.90845316, 59.81703481], [17.90846895, 59.81718888], [17.90850743, 59.81767574], [17.90852322, 59.81851301], [17.90145738, 59.81851683], [17.88881937, 59.81500724], [17.87945191, 59.81383107], [17.86353849, 59.81606946], [17.86272619, 59.8154408], [17.86260777, 59.81543063], [17.86244082, 59.81543938], [17.86234862, 59.8154466], [17.86215669, 59.81545401], [17.86204153, 59.81548688], [17.86194429, 59.81551936], [17.86182424, 59.81557929], [17.86166207, 59.81564893], [17.86144614, 59.81571436], [17.86135258, 59.81575035], [17.86124446, 59.81578127], [17.86109023, 59.8158149], [17.86081181, 59.81590306], [17.860434, 59.81599689], [17.86030504, 59.81603356], [17.86018926, 59.81605926], [17.8601205, 59.81609121], [17.86002035, 59.81613273], [17.8598706, 59.81622375], [17.85949406, 59.81642526], [17.85925825, 59.8165575], [17.8590869, 59.8166454], [17.8589912, 59.8166994], [17.85557289, 59.81772338], [17.85501934, 59.81785461], [17.85373593, 59.81819203], [17.85250121, 59.81855892], [17.84295313, 59.82095595], [17.83347337, 59.82095015], [17.82927554, 59.82162029], [17.82542259, 59.82227831], [17.82521902, 59.82227038], [17.82492208, 59.82224936], [17.82464092, 59.82219045], [17.82450216, 59.82212776], [17.82398935, 59.82200034], [17.82366311, 59.82189901], [17.82344142, 59.8218178], [17.82323464, 59.82181703], [17.82305439, 59.82184471], [17.82293149, 59.82194679], [17.82274743, 59.82203545], [17.82250452, 59.82215726], [17.82208259, 59.8223317], [17.82175507, 59.82247257], [17.82145084, 59.82258087], [17.82121971, 59.8226594], [17.821022, 59.82276075], [17.82079671, 59.82288048], [17.82057813, 59.82292478], [17.82037721, 59.82303338], [17.82013503, 59.82310137], [17.81989545, 59.82315313], [17.81963073, 59.82320165], [17.81939036, 59.82317447], [17.81921056, 59.82320922], [17.8190375, 59.82323853], [17.81861106, 59.8233287], [17.81843862, 59.82337057], [17.81823259, 59.82338235], [17.81814768, 59.82339432], [17.81799392, 59.82338567], [17.81782545, 59.82336826], [17.81761191, 59.82337481], [17.81740358, 59.82334361], [17.81709498, 59.82330297], [17.81679375, 59.82326945], [17.81645633, 59.82322385], [17.81617351, 59.8232009], [17.81592057, 59.82320254], [17.81568127, 59.82319149], [17.815484, 59.82323551], [17.81526801, 59.82326178], [17.81503471, 59.82329732], [17.81487987, 59.82326892], [17.81468088, 59.82321246], [17.81447209, 59.82317228], [17.81426438, 59.82315543], [17.81409775, 59.82317032], [17.81391413, 59.82327153], [17.81375594, 59.82337768], [17.81359178, 59.82344273], [17.81339557, 59.82350469], [17.81314126, 59.82354768], [17.81266116, 59.82370311], [17.81236823, 59.82382382], [17.81213998, 59.8238879], [17.81191433, 59.82393404], [17.81174249, 59.82398667], [17.81157509, 59.8239872], [17.81120319, 59.82389903], [17.81089261, 59.82388896], [17.81059766, 59.8239038], [17.81027896, 59.82394402], [17.81014406, 59.82395481], [17.81001038, 59.82391904], [17.80983301, 59.82386758], [17.80968339, 59.82380152], [17.80954358, 59.82371908], [17.8095272, 59.82370631], [17.80944258, 59.82376202], [17.80518232, 59.8265678], [17.80411084, 59.8271042], [17.80210927, 59.82810606], [17.80175087, 59.82827682], [17.80135015, 59.82846771], [17.8006244, 59.82881338], [17.80019495, 59.829018], [17.79976888, 59.82922092], [17.79910183, 59.82953865], [17.79840236, 59.8298718], [17.79837137, 59.82988656], [17.79648394, 59.83080029], [17.79645978, 59.8308123], [17.79506322, 59.83150673], [17.79280123, 59.83262293], [17.79226669, 59.83296566], [17.79077023, 59.83412325], [17.79005018, 59.83468028], [17.78929794, 59.83508699], [17.78588418, 59.83682144], [17.78586718, 59.83682943], [17.78440614, 59.83748521], [17.78419231, 59.83762493], [17.78313021, 59.83812673], [17.78161606, 59.83874884], [17.78093148, 59.8390743], [17.78037164, 59.83930343], [17.78034886, 59.83931271], [17.77865842, 59.840246], [17.77748073, 59.84088709], [17.77729537, 59.84099628], [17.77697122, 59.84118736], [17.77674881, 59.84131844], [17.77652878, 59.84144813], [17.78070677, 59.84428463], [17.78101003, 59.84420843], [17.78131632, 59.84413144], [17.78176305, 59.84401905], [17.78201843, 59.8439549], [17.78392267, 59.84347375], [17.78446816, 59.84330312], [17.78597722, 59.84275735], [17.78695666, 59.84244889], [17.78719483, 59.84238869], [17.78751966, 59.84230671], [17.79051264, 59.8460876], [17.7917292, 59.84762428], [17.79587818, 59.84777945], [17.79481053, 59.84924353], [17.79224917, 59.85154058], [17.79186037, 59.85183189], [17.78789204, 59.85480483], [17.78659809, 59.85535414], [17.78215556, 59.85724012], [17.78028616, 59.85803356], [17.77978118, 59.85824787], [17.77852095, 59.85878273], [17.77711631, 59.85937892], [17.7771131, 59.85938995], [17.77689866, 59.86012136], [17.77556759, 59.86121777], [17.77526916, 59.86146355], [17.77448649, 59.86210822], [17.77423553, 59.86228211], [17.77337803, 59.86287607], [17.77159039, 59.86403137], [17.77061627, 59.86452438], [17.77025455, 59.86470428], [17.76878177, 59.86547437], [17.76876695, 59.86548403], [17.76868086, 59.8655383], [17.76851482, 59.86562847], [17.76630776, 59.86684273], [17.76515994, 59.86747426], [17.76448905, 59.86781901], [17.76420403, 59.86794761], [17.76407904, 59.86804635], [17.76388352, 59.86809231], [17.7634279, 59.86819979], [17.76471695, 59.87038025], [17.76504796, 59.87085109], [17.76514457, 59.87523105], [17.76510416, 59.87544174], [17.76498973, 59.87603844], [17.76481411, 59.87695425], [17.76468004, 59.8776535], [17.76464907, 59.87771361], [17.76359035, 59.87977044], [17.76388866, 59.88018206], [17.76450677, 59.88103493], [17.76456238, 59.88111174], [17.76356654, 59.88141254], [17.76356165, 59.88141399], [17.76367654, 59.88150707], [17.76485627, 59.88246305], [17.76501145, 59.88242359], [17.76571815, 59.88224373], [17.76804354, 59.88437742], [17.76754999, 59.88453287], [17.76715764, 59.88453878], [17.76660139, 59.88450223], [17.76636034, 59.88454259], [17.76656685, 59.88462395], [17.77116394, 59.8864365], [17.77841733, 59.89096094], [17.78222196, 59.89815834], [17.79426626, 59.90471995], [17.7977803, 59.90431408], [17.79725853, 59.90606578], [17.79596816, 59.90596921], [17.79258305, 59.90785393], [17.79094545, 59.90878215], [17.79092201, 59.9087946], [17.79002365, 59.90930247], [17.78830624, 59.91025706], [17.78719891, 59.91088629], [17.78663905, 59.91120463], [17.78279724, 59.91338619], [17.78047788, 59.91362999], [17.76957406, 59.91589692], [17.76221827, 59.92175752], [17.75697833, 59.92339521], [17.75496677, 59.92579254], [17.75209116, 59.92657096], [17.74477991, 59.9285496], [17.74429132, 59.92892061], [17.7426498, 59.93016752], [17.7423773, 59.93268187], [17.74187836, 59.93491087], [17.74147124, 59.93672943], [17.7414758, 59.93677757], [17.74153087, 59.93734593], [17.74173201, 59.93835121], [17.74182029, 59.93879258], [17.74191123, 59.93924647], [17.74201058, 59.93974303], [17.74227561, 59.94106722], [17.74518268, 59.94413609], [17.74505704, 59.9464036], [17.74403307, 59.9478845], [17.74368834, 59.95014335], [17.74193047, 59.95474345], [17.74216879, 59.95490306], [17.74268735, 59.95529514], [17.74509709, 59.95720852], [17.74573685, 59.95771646], [17.74806233, 59.95956256], [17.74961919, 59.96034295], [17.75259317, 59.96183366], [17.7567507, 59.96377457], [17.76046416, 59.96543407], [17.76073658, 59.96555574], [17.76000961, 59.96590772], [17.75982401, 59.96610122], [17.75913128, 59.96653278], [17.75889642, 59.96677187], [17.75781072, 59.96787663], [17.76446283, 59.9711403], [17.76460884, 59.97121287], [17.77266725, 59.97522071], [17.77521882, 59.97605833], [17.78899398, 59.98106103], [17.78907395, 59.98070084], [17.78985792, 59.98086589], [17.79061405, 59.98102498], [17.79134234, 59.98117827], [17.79197327, 59.98131107], [17.79339588, 59.98161045], [17.79487255, 59.98192115], [17.79546933, 59.98204675], [17.79568758, 59.9820927], [17.79705407, 59.98198748]], [[17.96571908, 59.88850204], [17.96498397, 59.88848886], [17.96430484, 59.88845537], [17.96357847, 59.88839644], [17.96291322, 59.88832005], [17.96220748, 59.88821617], [17.96151678, 59.88808905], [17.96089233, 59.88795091], [17.96023872, 59.88778162], [17.9596542, 59.88760494], [17.9590478, 59.88739605], [17.95846288, 59.88716493], [17.95788727, 59.88692407], [17.95704758, 59.88657173], [17.95639137, 59.8862963], [17.95554369, 59.88594314], [17.95503654, 59.88571412], [17.95451438, 59.8854487], [17.95403408, 59.88516985], [17.95362255, 59.88489682], [17.95321541, 59.88459], [17.95284917, 59.88427058], [17.952548, 59.88396336], [17.95226412, 59.88362341], [17.95202534, 59.88327491], [17.9518328, 59.88291925], [17.95169513, 59.88258384], [17.95159244, 59.8822189], [17.95154047, 59.88187752], [17.9515314, 59.88148281], [17.95156591, 59.88114084], [17.95164362, 59.8808006], [17.95177165, 59.88043776], [17.95187648, 59.88022376], [17.95163429, 59.88010728], [17.95078628, 59.8799159], [17.95030734, 59.87979574], [17.94962973, 59.87962586], [17.94902423, 59.87946802], [17.94837426, 59.87927227], [17.94775298, 59.87905423], [17.94673048, 59.87863289], [17.94618766, 59.87840005], [17.94545333, 59.87808517], [17.944784, 59.8777983], [17.94427691, 59.87756924], [17.94375474, 59.87730297], [17.94327442, 59.87702318], [17.94286308, 59.87675012], [17.94245622, 59.87644254], [17.94211692, 59.8761455], [17.94176805, 59.87579027], [17.94157665, 59.87565737], [17.94115532, 59.87533916], [17.94081603, 59.87504211], [17.94071315, 59.87495017], [17.9404943, 59.87472679], [17.93983528, 59.87455698], [17.93966604, 59.87451135], [17.93901511, 59.87431136], [17.93860637, 59.874741], [17.93826333, 59.87503694], [17.93778589, 59.87540478], [17.93737099, 59.87567653], [17.93692245, 59.87593457], [17.9363142, 59.87624998], [17.9358043, 59.8764775], [17.93509881, 59.87675177], [17.9345356, 59.87694498], [17.93376614, 59.87717594], [17.93315866, 59.87733186], [17.93234375, 59.87751396], [17.9317018, 59.87763004], [17.93104652, 59.87772539], [17.93019416, 59.87782387], [17.9295201, 59.87787678], [17.92884076, 59.87790824], [17.92796676, 59.87792337], [17.92728493, 59.8779114], [17.92660604, 59.87787772], [17.92574235, 59.87780897], [17.92507739, 59.87773238], [17.92442341, 59.87763479], [17.92360166, 59.8774847], [17.92297757, 59.87734637], [17.92220684, 59.87713935], [17.9216227, 59.87696249], [17.92106218, 59.87676741], [17.92038408, 59.87649041], [17.91987732, 59.87626125], [17.91940042, 59.87601634], [17.91895542, 59.8757568], [17.91841812, 59.87539931], [17.9180423, 59.87511352], [17.91766461, 59.87478448], [17.91736385, 59.87447718], [17.91727285, 59.87438217], [17.91701168, 59.8740659], [17.91679082, 59.87374192], [17.91661141, 59.87341162], [17.91661124, 59.87341144], [17.91656341, 59.873318], [17.91642614, 59.87298254], [17.91636771, 59.87277318], [17.91617037, 59.87253419], [17.91596056, 59.87223188], [17.91585681, 59.87214093], [17.91553232, 59.87180953], [17.91525233, 59.87146807], [17.91503151, 59.87114408], [17.9148964, 59.87089527], [17.91474111, 59.87070718], [17.91450387, 59.87035885], [17.91431273, 59.87000357], [17.9141755, 59.86966811], [17.91407293, 59.86929937], [17.91400194, 59.86889588], [17.91394804, 59.86852426], [17.91393973, 59.86818191], [17.91397751, 59.8678141], [17.91406336, 59.86744828], [17.91418429, 59.86711134], [17.9143476, 59.86677884], [17.91458254, 59.8664028], [17.91455809, 59.86617409], [17.91455782, 59.86573526], [17.91459271, 59.86539329], [17.91467076, 59.86505307], [17.91479168, 59.86471612], [17.91500463, 59.8642811], [17.9152094, 59.86395451], [17.91531814, 59.86380496], [17.91530725, 59.86342996], [17.91534212, 59.863088], [17.91539799, 59.86284439], [17.9146041, 59.86280259], [17.91393103, 59.86274734], [17.91326639, 59.86267069], [17.91288247, 59.86261334], [17.91168152, 59.86264692], [17.9110797, 59.86268709], [17.91020953, 59.86272807], [17.9095277, 59.86273767], [17.90884618, 59.8627256], [17.90814115, 59.8626906], [17.90723728, 59.86264095], [17.90656422, 59.86258566], [17.90589961, 59.86250897], [17.905043, 59.8623846], [17.90440305, 59.8622663], [17.90377946, 59.86212789], [17.90300171, 59.86192765], [17.90241794, 59.8617507], [17.90185778, 59.86155554], [17.90117037, 59.86128448], [17.90066383, 59.86105525], [17.90018745, 59.86081036], [17.89961527, 59.86047845], [17.89894316, 59.86004436], [17.8986639, 59.85985863], [17.89778328, 59.85993444], [17.89689468, 59.85997619], [17.89621289, 59.85998571], [17.89528865, 59.8599632], [17.89461017, 59.85992934], [17.89360371, 59.85984718], [17.89322663, 59.86000001], [17.89268885, 59.86021063], [17.89212567, 59.86040366], [17.89137094, 59.86062497], [17.89076355, 59.8607807], [17.89013767, 59.8609168], [17.8893128, 59.86106184], [17.88865772, 59.86115707], [17.88822439, 59.8612053], [17.88742843, 59.86140351], [17.88701616, 59.86158584], [17.88647831, 59.86179643], [17.88585948, 59.86200925], [17.88527299, 59.86218399], [17.88466997, 59.86237202], [17.88390023, 59.86259802], [17.88307156, 59.86280195], [17.8824456, 59.86293801], [17.88160411, 59.86308597], [17.88094898, 59.86318117], [17.88028317, 59.86325521], [17.87960932, 59.86330795], [17.87873938, 59.86335025], [17.87805766, 59.86335967], [17.87737599, 59.86334745], [17.87693273, 59.86332902], [17.87620245, 59.86329135], [17.87552942, 59.8632359], [17.87486486, 59.86315905], [17.87399665, 59.86302521], [17.87306252, 59.86362448], [17.87261364, 59.8638824], [17.87189562, 59.86424814], [17.87138545, 59.86447541], [17.87075188, 59.86472566], [17.8701885, 59.8649186], [17.86960188, 59.86509327], [17.86899431, 59.8652489], [17.86836825, 59.86538489], [17.86764468, 59.86551609], [17.86698945, 59.86561122], [17.86632356, 59.86568519], [17.86564964, 59.86573786], [17.86497048, 59.86576899], [17.86428856, 59.86577835], [17.86360699, 59.86576605], [17.86292841, 59.86573204], [17.86212439, 59.86566643], [17.86145981, 59.86558952], [17.86080625, 59.86549161], [17.86016653, 59.8653731], [17.85954292, 59.86523448], [17.85907345, 59.86511163], [17.85857669, 59.8651668], [17.85771435, 59.86523843], [17.85703519, 59.86526953], [17.85635328, 59.86527885], [17.85547962, 59.86526672], [17.85480106, 59.86523266], [17.85412802, 59.8651771], [17.85327505, 59.86508141], [17.85262152, 59.86498347], [17.85180425, 59.86482807], [17.85118069, 59.86468941], [17.85057592, 59.86453111], [17.84999238, 59.86435393], [17.84927262, 59.86410496], [17.84873848, 59.86389203], [17.84823225, 59.8636626], [17.84762015, 59.86334931], [17.84734133, 59.86318627], [17.84676549, 59.86281605], [17.84664869, 59.86272847], [17.84593533, 59.86214527], [17.84582651, 59.86203722], [17.84545088, 59.86188741], [17.84519169, 59.86177633], [17.84456699, 59.8620613], [17.84398906, 59.86228866], [17.84338265, 59.86249652], [17.84279578, 59.86267107], [17.84214267, 59.86283932], [17.84146881, 59.86298557], [17.8408268, 59.8631012], [17.84012184, 59.86320418], [17.83945594, 59.86327811], [17.83873109, 59.86333623], [17.83800005, 59.86337023], [17.83731833, 59.86337954], [17.83658455, 59.8633675], [17.83614607, 59.86334605], [17.83589519, 59.86338236], [17.83569225, 59.86340901], [17.83533908, 59.86344824], [17.83488664, 59.86374715], [17.83440591, 59.86402538], [17.83388946, 59.8642873], [17.83337887, 59.86451434], [17.83281341, 59.86474066], [17.83173863, 59.86516264], [17.83110615, 59.86539112], [17.83054253, 59.86558398], [17.82990953, 59.86577357], [17.82990765, 59.86577406], [17.8299032, 59.86577541], [17.82882119, 59.86604534], [17.82819509, 59.86618114], [17.82749536, 59.86630873], [17.82678894, 59.8664114], [17.82628053, 59.86646894], [17.82567412, 59.86678316], [17.82512442, 59.8670278], [17.82458624, 59.86723814], [17.82398027, 59.8674467], [17.82334809, 59.86763471], [17.82274025, 59.86779004], [17.82206657, 59.86793707], [17.8214244, 59.86805262], [17.82071963, 59.8681562], [17.82000256, 59.86823642], [17.81932851, 59.86828886], [17.81859726, 59.86832347], [17.81785411, 59.86833417], [17.81610107, 59.86833234], [17.81541931, 59.86831971], [17.81467959, 59.86828387], [17.8139548, 59.86822418], [17.81329027, 59.86814702], [17.81258586, 59.86804242], [17.81189674, 59.86791477], [17.81127326, 59.86777582], [17.81062112, 59.86760613], [17.80999281, 59.867415], [17.80943309, 59.86721944], [17.80885702, 59.86699073], [17.80835116, 59.86676104], [17.80783645, 59.86649804], [17.80735733, 59.86621847], [17.80694723, 59.86594497], [17.80651426, 59.86561492], [17.80617642, 59.86531751], [17.80587677, 59.86500994], [17.80559439, 59.86466958], [17.80539111, 59.86437082], [17.80480519, 59.86428135], [17.80416555, 59.86416257], [17.80354218, 59.86402368], [17.80288835, 59.86385354], [17.80230521, 59.86367606], [17.80169888, 59.86346628], [17.80112155, 59.86323684], [17.80061579, 59.86300712], [17.80009995, 59.86274322], [17.7990969, 59.86216144], [17.798653, 59.86190148], [17.79820906, 59.86160757], [17.79779942, 59.86129576], [17.79741297, 59.86095831], [17.7970865, 59.86062633], [17.79680752, 59.86028803], [17.79658792, 59.85996392], [17.79643528, 59.85968635], [17.79628268, 59.85950051], [17.79599159, 59.85908782], [17.79581344, 59.85875726], [17.79564129, 59.85832785], [17.79554801, 59.85798866], [17.79549769, 59.85764721], [17.7954906, 59.85730484], [17.79552721, 59.85686722], [17.79560648, 59.85652715], [17.79572857, 59.85619021], [17.79593022, 59.85576418], [17.79610387, 59.85548884], [17.79619711, 59.85503646], [17.79631919, 59.85469952], [17.79650822, 59.85431633], [17.79671409, 59.85398992], [17.79698053, 59.85364641], [17.79729135, 59.85331246], [17.79761672, 59.85301145], [17.79800773, 59.85269951], [17.7984389, 59.85240127], [17.79887172, 59.85213668], [17.79933694, 59.85188631], [17.79990944, 59.85161569], [17.80043416, 59.85139702], [17.80102812, 59.85118056], [17.80160364, 59.850997], [17.80224695, 59.85081945], [17.80292007, 59.85066184], [17.80355434, 59.85053622], [17.80435777, 59.85038571], [17.80500657, 59.85028052], [17.8057273, 59.85018674], [17.80645, 59.85011815], [17.80712666, 59.85007649], [17.80786088, 59.85005373], [17.80859641, 59.85005537], [17.80910198, 59.85005922], [17.80954794, 59.84993607], [17.81016503, 59.84979057], [17.81098182, 59.84963138], [17.81128997, 59.84953299], [17.81188745, 59.84936805], [17.81255188, 59.84920967], [17.81336564, 59.84904621], [17.81369068, 59.84874525], [17.81405315, 59.84845525], [17.81451307, 59.84813523], [17.8149457, 59.8478705], [17.81541075, 59.84762017], [17.8159431, 59.8473665], [17.81646749, 59.84714768], [17.817202, 59.84687675], [17.81777736, 59.84669312], [17.81853008, 59.84648971], [17.81857165, 59.84618573], [17.81865065, 59.84584565], [17.81873406, 59.84561506], [17.81883723, 59.84514286], [17.81896801, 59.84477436], [17.8191451, 59.84441555], [17.81935083, 59.8440891], [17.81961581, 59.84374414], [17.81990207, 59.84343339], [17.82064109, 59.84279439], [17.82107212, 59.84249473], [17.82150463, 59.84223007], [17.82236291, 59.84173089], [17.8227954, 59.84146622], [17.82389162, 59.84091234], [17.82441585, 59.84069349], [17.82512631, 59.84043811], [17.8257015, 59.84025437], [17.82691557, 59.8399437], [17.82772674, 59.83978092], [17.82837526, 59.83967571], [17.82945644, 59.83953425], [17.83012618, 59.83947107], [17.83099219, 59.83941345], [17.83161216, 59.83939516], [17.83192494, 59.83922665], [17.83242049, 59.83899158], [17.83298675, 59.83875715], [17.83353753, 59.83855547], [17.83411264, 59.83837169], [17.83508049, 59.83809625], [17.83569725, 59.83795055], [17.83637835, 59.8378137], [17.83702695, 59.83770844], [17.83768733, 59.83762404], [17.83839067, 59.83755668], [17.83906704, 59.83751486], [17.83978198, 59.83749395], [17.84046337, 59.8374955], [17.84114323, 59.83751882], [17.84185298, 59.83756646], [17.84252149, 59.83763278], [17.84318034, 59.83772032], [17.84385928, 59.83783455], [17.84449073, 59.83796328], [17.846512, 59.83755817], [17.8467633, 59.83779115], [17.84763792, 59.83820898], [17.84789052, 59.83862572], [17.84879951, 59.83876666], [17.84945403, 59.83885992], [17.85010055, 59.83896818], [17.85078912, 59.8391066], [17.85145047, 59.83926583], [17.85179895, 59.83936427], [17.85189527, 59.83916869], [17.85211688, 59.83881848], [17.85241154, 59.8384463], [17.85259133, 59.83821297], [17.85296031, 59.83781501], [17.85328503, 59.83751395], [17.85364688, 59.83722376], [17.85416007, 59.83686848], [17.8545921, 59.83660371], [17.85505684, 59.83635324], [17.85569517, 59.83605354], [17.85621913, 59.83583465], [17.85644233, 59.83575282], [17.85668061, 59.83535912], [17.85694126, 59.83502396], [17.85722711, 59.83471313], [17.85739769, 59.834555], [17.85741592, 59.83447583], [17.85753731, 59.83413883], [17.85770104, 59.8338064], [17.85790619, 59.8334799], [17.85817634, 59.83313401], [17.85846216, 59.83282318], [17.85878678, 59.83252211], [17.85914854, 59.83223191], [17.85965885, 59.8318755], [17.86003401, 59.8316371], [17.86046592, 59.83137232], [17.86093055, 59.83112182], [17.86156779, 59.83081969], [17.86209163, 59.83060078], [17.86264209, 59.83039899], [17.86338247, 59.83016368], [17.86397919, 59.82999851], [17.86459567, 59.82985268], [17.86522931, 59.82972676], [17.86605987, 59.8295874], [17.86672016, 59.82950285], [17.86759925, 59.82942296], [17.86817499, 59.82938723], [17.8685628, 59.82931221], [17.86921097, 59.82920671], [17.86996959, 59.82910886], [17.87084581, 59.82902838], [17.87152197, 59.82898649], [17.87220219, 59.82896616], [17.87288341, 59.82896763], [17.873755, 59.82899396], [17.87443038, 59.82903876], [17.87509893, 59.82910491], [17.87594443, 59.82921435], [17.87659086, 59.82932256], [17.87722228, 59.82945114], [17.87801073, 59.82963943], [17.87860477, 59.82980717], [17.87917629, 59.82999346], [17.87988768, 59.83025709], [17.88046593, 59.83050072], [17.8809571, 59.83073799], [17.88154827, 59.83106102], [17.88197576, 59.83132762], [17.88236863, 59.83160737], [17.8828266, 59.8319811], [17.88295453, 59.83210227], [17.88335643, 59.83221572], [17.88409012, 59.83245369], [17.88463706, 59.83265783], [17.88515721, 59.83287891], [17.88548849, 59.83303146], [17.88603536, 59.8331428], [17.88682099, 59.83333425], [17.88741514, 59.83350195], [17.88798676, 59.8336882], [17.88862317, 59.8339272], [17.88892504, 59.83400007], [17.88951922, 59.83416777], [17.89009087, 59.83435401], [17.89063787, 59.83455813], [17.89115809, 59.83477918], [17.8916494, 59.83501641], [17.89210966, 59.83526888], [17.89253729, 59.83553544], [17.8929303, 59.83581517], [17.89328726, 59.83610682], [17.89360659, 59.83640927], [17.89388731, 59.83672129], [17.89412784, 59.83704155], [17.89433084, 59.83737558], [17.89438545, 59.8374484], [17.89458523, 59.83777576], [17.89474326, 59.8381088], [17.89485899, 59.83844627], [17.89493184, 59.83878666], [17.89496156, 59.83912881], [17.89494802, 59.8394711], [17.89490112, 59.83975314], [17.8948366, 59.84022375], [17.89473692, 59.84056246], [17.89459464, 59.84089735], [17.89441054, 59.84122695], [17.89419386, 59.84153751], [17.89421748, 59.84156871], [17.89445804, 59.84188897], [17.89458765, 59.84210136], [17.89475288, 59.84228494], [17.89500258, 59.84260176], [17.89504798, 59.84264478], [17.89509281, 59.84266931], [17.89549058, 59.84276539], [17.89608494, 59.84293305], [17.89665678, 59.84311927], [17.89694813, 59.84321894], [17.89749533, 59.84342303], [17.89769911, 59.84350955], [17.89847694, 59.84379048], [17.89899736, 59.8440115], [17.89948886, 59.8442487], [17.90004335, 59.84455818], [17.90047102, 59.84482472], [17.90058654, 59.84490688], [17.90093989, 59.84507741], [17.90138613, 59.84530509], [17.9018466, 59.84555752], [17.9020451, 59.84568116], [17.90218954, 59.8456963], [17.9028487, 59.84578354], [17.90349553, 59.84589162], [17.90415864, 59.84602755], [17.90477291, 59.84617578], [17.90536739, 59.8463434], [17.90563547, 59.84643063], [17.90605239, 59.84627769], [17.90667221, 59.8460793], [17.90726899, 59.84591394], [17.90793311, 59.84575598], [17.90861655, 59.84562031], [17.90926491, 59.84551462], [17.90997661, 59.84542279], [17.91064631, 59.8453592], [17.91137522, 59.84531271], [17.91210875, 59.84529045], [17.91279029, 59.84529172], [17.91352342, 59.84531537], [17.91425192, 59.84536356], [17.91505605, 59.84544654], [17.91580965, 59.84549371], [17.9164786, 59.84555965], [17.91690376, 59.84561418], [17.91780755, 59.84566637], [17.91861784, 59.8457421], [17.91948075, 59.84585366], [17.92012764, 59.84596166], [17.92093417, 59.84613034], [17.92154851, 59.84627849], [17.92214307, 59.84644604], [17.92271511, 59.84663214], [17.92341797, 59.84689276], [17.9239386, 59.84711368], [17.92456083, 59.84742164], [17.9250215, 59.84767399], [17.92544955, 59.84794044], [17.92584299, 59.84822006], [17.92620037, 59.84851163], [17.92662086, 59.84889629], [17.926902, 59.84920823], [17.92714293, 59.84952843], [17.92740983, 59.84994633], [17.92756825, 59.85027933], [17.92768435, 59.85061677], [17.92777277, 59.85098267], [17.927861, 59.85136646], [17.92789108, 59.8517086], [17.92787787, 59.85205089], [17.92781665, 59.85248867], [17.92781609, 59.85249066], [17.92783974, 59.85261734], [17.92786158, 59.85286569], [17.93050555, 59.85506232], [17.93084695, 59.85538692], [17.93150758, 59.85530205], [17.93217743, 59.85523834], [17.93304314, 59.85517925], [17.93372385, 59.85515869], [17.9345977, 59.85516193], [17.93527796, 59.85518467], [17.9359541, 59.85522915], [17.93681057, 59.85531595], [17.93747, 59.85540302], [17.93811698, 59.85551093], [17.93874913, 59.8556392], [17.93953979, 59.85582628], [17.94013445, 59.85599365], [17.9407069, 59.85617967], [17.94141192, 59.85643898], [17.94193282, 59.85665992], [17.94236712, 59.85686914], [17.94271328, 59.85701601], [17.94320529, 59.85725304], [17.94366623, 59.85750523], [17.94409457, 59.85777171], [17.94448827, 59.85805118], [17.94497643, 59.85844434], [17.94536112, 59.85881825], [17.94566041, 59.859101], [17.94594182, 59.85941289], [17.94619713, 59.85974954], [17.94639236, 59.86006633], [17.94667602, 59.86024378], [17.94681498, 59.86034246], [17.94714312, 59.86039997], [17.94748862, 59.8604455], [17.94818284, 59.86055968], [17.94881512, 59.8606879], [17.94943001, 59.860836], [17.95020974, 59.86105875], [17.9508431, 59.86126716], [17.95142199, 59.86148254], [17.95194304, 59.86170344], [17.95243518, 59.86194044], [17.95296307, 59.86222999], [17.95378538, 59.86277589], [17.95414316, 59.86306737], [17.95434303, 59.86325612], [17.9545968, 59.86346279], [17.95488464, 59.86373464], [17.95532566, 59.86412702], [17.9557758, 59.86388379], [17.95627082, 59.86364817], [17.95679453, 59.86342889], [17.95748675, 59.86316781], [17.95806158, 59.86298349], [17.95881973, 59.8627733], [17.95943638, 59.86262702], [17.96007027, 59.86250065], [17.96089362, 59.86236615], [17.9615543, 59.86228113], [17.96222423, 59.86221727], [17.9630833, 59.86216316], [17.96376413, 59.86214235], [17.96444601, 59.86214335], [17.96531921, 59.86217183], [17.96599552, 59.86221615], [17.96666476, 59.86228183], [17.9673244, 59.86236874], [17.96817496, 59.86250336], [17.96880734, 59.86263149], [17.96942236, 59.8627795], [17.97019569, 59.86299122], [17.97076843, 59.8631771], [17.9714732, 59.86344256], [17.97199442, 59.86366338], [17.97248672, 59.8639003], [17.97294798, 59.86415238], [17.97350545, 59.86449509], [17.97389947, 59.86477447], [17.97425745, 59.8650659], [17.97467331, 59.865456], [17.97495504, 59.86576783], [17.97519657, 59.86608803], [17.97545539, 59.86651106], [17.97561437, 59.86684399], [17.97573102, 59.86718138], [17.97580477, 59.86752172], [17.97585385, 59.86796351], [17.97584113, 59.8683058], [17.97578516, 59.8686471], [17.97566233, 59.86909447], [17.97552076, 59.86942944], [17.97551858, 59.86943461], [17.97533513, 59.86976441], [17.97515646, 59.8700305], [17.97533472, 59.87022789], [17.97565331, 59.87063663], [17.9758541, 59.87096385], [17.9760544, 59.87139108], [17.97611602, 59.87156927], [17.97622982, 59.87166039], [17.9765879, 59.87195181], [17.97681644, 59.87216737], [17.97723277, 59.87225165], [17.97788868, 59.87240957], [17.97848383, 59.87257677], [17.97923457, 59.8728177], [17.97978275, 59.87302144], [17.9802818, 59.87323267], [17.98057449, 59.87334148], [17.98124646, 59.87362227], [17.98173898, 59.87385916], [17.98220046, 59.8741113], [17.98275352, 59.87445129], [17.98314774, 59.87473064], [17.98350591, 59.87502204], [17.9839198, 59.87540874], [17.9842017, 59.87572056], [17.98444338, 59.87604073], [17.98470309, 59.87645986], [17.98486221, 59.87679278], [17.98500087, 59.87722616], [17.98507474, 59.87756649], [17.98510328, 59.87796669], [17.98510365, 59.87796758], [17.98525113, 59.87840048], [17.985325, 59.87874082], [17.9853557, 59.87908294], [17.98533613, 59.87952187], [17.98528024, 59.87986317], [17.98518137, 59.88020194], [17.98499538, 59.88063108], [17.98481198, 59.8809609], [17.98458701, 59.8812842], [17.98432183, 59.8815997], [17.9839371, 59.88199409], [17.98359439, 59.88229014], [17.98321484, 59.88257481], [17.98268741, 59.88292508], [17.98217791, 59.88322059], [17.98169794, 59.88346405], [17.98103534, 59.88376383], [17.98049775, 59.88397481], [17.97983837, 59.88420534], [17.97907345, 59.88443628], [17.97846606, 59.88459241], [17.97784025, 59.88472893], [17.97675473, 59.88491769], [17.97629025, 59.88527568], [17.97551376, 59.88577807], [17.97486148, 59.88618935], [17.97405251, 59.88667369], [17.97353132, 59.88694042], [17.97298244, 59.8871862], [17.97244474, 59.88739715], [17.97183923, 59.88760666], [17.97120726, 59.88779565], [17.97059977, 59.88795175], [17.96992595, 59.88809981], [17.96923388, 59.8882252], [17.96852705, 59.88832738], [17.96786081, 59.88840196], [17.9671866, 59.88845506], [17.96645452, 59.88849069], [17.96571908, 59.88850204]]]}, "properties": {"deso": "0380A0060", "pop": 2142.0, "income": 412.0, "male_frac": 0.5182, "child_frac": 0.2162, "elder_frac": 0.1797, "dependency": 0.6553, "needZ": -0.3842, "needZ_v1": -0.236, "regso": "0380R036", "higher_ed": 80.9, "neet": 8.1, "income_support": 0.2}}, {"type": "Feature", "geometry": {"type": "Polygon", "coordinates": [[[17.91451197, 59.98987715], [17.91498206, 59.98956582], [17.91502174, 59.98953952], [17.9214915, 59.98445958], [17.92239864, 59.98213833], [17.92327166, 59.97990425], [17.92351495, 59.97928188], [17.92367691, 59.97886731], [17.92826614, 59.97840844], [17.92830655, 59.97756086], [17.93206616, 59.97821884], [17.93339016, 59.97844929], [17.93413326, 59.97858045], [17.93428253, 59.9785933], [17.93436696, 59.97838652], [17.93460534, 59.97837394], [17.93476543, 59.97864248], [17.93746979, 59.97886769], [17.93837333, 59.97894549], [17.94072323, 59.97933395], [17.94543881, 59.98011334], [17.95258862, 59.9791407], [17.95325835, 59.97775088], [17.95433181, 59.97566048], [17.95468641, 59.97482292], [17.95545114, 59.97315939], [17.9566369, 59.97057963], [17.95902435, 59.9653845], [17.95947116, 59.96127811], [17.95989556, 59.95737694], [17.96003819, 59.95606673], [17.96029282, 59.95372549], [17.96042079, 59.9525492], [17.96055707, 59.95151735], [17.96056572, 59.9514107], [17.96182442, 59.95076401], [17.96162638, 59.94903384], [17.96111759, 59.94456322], [17.96650171, 59.94435441], [17.96474297, 59.94068378], [17.96644263, 59.94055661], [17.96578558, 59.93965516], [17.96498936, 59.93856253], [17.96492119, 59.93846884], [17.96534961, 59.93795226], [17.96517228, 59.93776068], [17.96536274, 59.93763818], [17.96559387, 59.93746849], [17.96581017, 59.93728997], [17.96604932, 59.93707958], [17.96412291, 59.93707477], [17.95869636, 59.93706113], [17.95182404, 59.93692145], [17.93320939, 59.93654133], [17.93316031, 59.93785552], [17.92810857, 59.93750169], [17.92802314, 59.93749568], [17.92798871, 59.93756895], [17.92786892, 59.93782287], [17.92771518, 59.93817574], [17.92764209, 59.93832136], [17.92747584, 59.93855584], [17.92688469, 59.93835561], [17.92533574, 59.9378359], [17.92426963, 59.9384989], [17.92358429, 59.93878307], [17.92319991, 59.93861848], [17.92313271, 59.93865851], [17.92293495, 59.938715], [17.92276431, 59.93880269], [17.92238273, 59.93907903], [17.92234259, 59.93911621], [17.92214057, 59.93928868], [17.91627679, 59.93701415], [17.91634322, 59.93679385], [17.91637654, 59.93661012], [17.91636598, 59.93646303], [17.91635138, 59.93635914], [17.9162634, 59.93618115], [17.91613894, 59.93599301], [17.91609495, 59.93587711], [17.9160759, 59.93566194], [17.91608303, 59.93546244], [17.91600226, 59.93533459], [17.9158413, 59.93523512], [17.91563118, 59.93514903], [17.91533736, 59.93509508], [17.91500464, 59.9350471], [17.91468895, 59.93498446], [17.91449827, 59.93492139], [17.91440771, 59.93480634], [17.91440167, 59.93462321], [17.91447741, 59.93443154], [17.91457036, 59.93418029], [17.9147565, 59.93393281], [17.91489891, 59.93372197], [17.91502864, 59.93348616], [17.91517263, 59.93334715], [17.91533979, 59.93313414], [17.91540314, 59.9329696], [17.91542683, 59.93275186], [17.91536311, 59.93256085], [17.91522263, 59.9323497], [17.91502492, 59.93218618], [17.91485741, 59.93204552], [17.91469632, 59.93194605], [17.91463273, 59.93185735], [17.91454796, 59.93172241], [17.91456907, 59.93156941], [17.91465348, 59.93134879], [17.91465982, 59.93132512], [17.91470485, 59.93115371], [17.91471871, 59.93110139], [17.91472378, 59.93108178], [17.91473575, 59.93106176], [17.91479403, 59.93096381], [17.91492377, 59.93078873], [17.91495715, 59.93074361], [17.91524656, 59.93048891], [17.91560103, 59.93019172], [17.91596561, 59.92988711], [17.91599679, 59.92985884], [17.91636525, 59.92952451], [17.91683459, 59.92908516], [17.9171818, 59.92878633], [17.91408993, 59.92946766], [17.91314689, 59.92967545], [17.91313111, 59.92967895], [17.91115967, 59.92927631], [17.90660349, 59.92885736], [17.90663801, 59.92873569], [17.90553918, 59.92863774], [17.90549146, 59.92836741], [17.90650433, 59.92841596], [17.90387632, 59.92637926], [17.9032067, 59.92646929], [17.90358082, 59.92685856], [17.89709173, 59.92844345], [17.89688282, 59.92847849], [17.89503623, 59.92878839], [17.89474553, 59.92877923], [17.88644246, 59.92851649], [17.88604563, 59.92850389], [17.88595352, 59.92882993], [17.88559122, 59.93011159], [17.88355635, 59.93036678], [17.87643983, 59.931259], [17.87158329, 59.93206145], [17.86964452, 59.93238063], [17.86836149, 59.93257348], [17.86431508, 59.93348559], [17.864192, 59.93342628], [17.86416381, 59.93341261], [17.86407656, 59.93333393], [17.86402707, 59.9332891], [17.86388508, 59.93313875], [17.86370631, 59.93297465], [17.86361482, 59.93289121], [17.86349352, 59.93278057], [17.86323854, 59.93254231], [17.86300179, 59.93236473], [17.86284888, 59.93221094], [17.86277824, 59.93217079], [17.86260718, 59.93201191], [17.86237013, 59.93183084], [17.86227176, 59.931748], [17.86216631, 59.93166531], [17.86202734, 59.93156188], [17.86057771, 59.93013817], [17.86016637, 59.93050391], [17.85991034, 59.93069685], [17.85968853, 59.93092543], [17.85935498, 59.93130511], [17.85617653, 59.93445998], [17.85492506, 59.93575281], [17.85566201, 59.93597867], [17.85389138, 59.9375639], [17.84999106, 59.93642641], [17.84909829, 59.93652818], [17.84870606, 59.93693649], [17.8469976, 59.93685653], [17.84698247, 59.93685578], [17.84695728, 59.93685471], [17.84586453, 59.9368077], [17.84548671, 59.93683355], [17.84512099, 59.93673364], [17.84409437, 59.93664675], [17.8430096, 59.93646363], [17.84282729, 59.93646567], [17.84203274, 59.93649565], [17.8409106, 59.93653798], [17.8408249, 59.93654073], [17.8408125, 59.93654414], [17.83998122, 59.93677648], [17.83997109, 59.93678406], [17.83961631, 59.93701197], [17.83943164, 59.93718833], [17.83826736, 59.93791588], [17.83831518, 59.93830588], [17.83831888, 59.93833697], [17.83828453, 59.93875542], [17.8379351, 59.93908606], [17.83848362, 59.93923783], [17.84180354, 59.94015605], [17.83966957, 59.94438902], [17.84194571, 59.94497858], [17.83688722, 59.9497232], [17.83807947, 59.95075583], [17.83709031, 59.95102549], [17.83598546, 59.95227634], [17.83517837, 59.95192386], [17.83412376, 59.95209727], [17.83388546, 59.95352664], [17.83235436, 59.96268794], [17.83120455, 59.96388248], [17.82629654, 59.96897992], [17.8232394, 59.96897415], [17.82009302, 59.97316209], [17.81959473, 59.97382526], [17.81698771, 59.9796213], [17.84493857, 59.97714005], [17.84548167, 59.97709178], [17.84590094, 59.97705444], [17.8481917, 59.97685085], [17.84825771, 59.97684494], [17.85052848, 59.976643], [17.85128236, 59.97657595], [17.8557377, 59.97618315], [17.86064769, 59.97575005], [17.86474533, 59.97538715], [17.87071854, 59.97493247], [17.87654157, 59.97445726], [17.87788631, 59.97451103], [17.87777937, 59.97460382], [17.87753862, 59.97466216], [17.87727326, 59.97473155], [17.87720285, 59.97483999], [17.87728615, 59.97494309], [17.87744736, 59.97502923], [17.87769749, 59.97518619], [17.87779563, 59.97530172], [17.87781167, 59.97542354], [17.87769549, 59.97546614], [17.87738302, 59.9756042], [17.87728859, 59.97565558], [17.87729737, 59.97577208], [17.87740366, 59.97599344], [17.87754141, 59.97611755], [17.87753424, 59.97619837], [17.87586217, 59.97683805], [17.8759104, 59.97695603], [17.87594628, 59.97712251], [17.87581829, 59.97747205], [17.87593751, 59.97757841], [17.87578228, 59.97771115], [17.8757219, 59.97788593], [17.87584013, 59.97796897], [17.87557077, 59.97811192], [17.87466603, 59.97862283], [17.87465193, 59.97870911], [17.8748325, 59.97882914], [17.87502311, 59.97884852], [17.87535989, 59.97885726], [17.87565839, 59.97888983], [17.87587816, 59.97892322], [17.87599589, 59.97899369], [17.87613702, 59.97911233], [17.87592719, 59.97922417], [17.87573137, 59.97933048], [17.87566804, 59.97943885], [17.8755492, 59.97958553], [17.87530897, 59.97973719], [17.87475096, 59.98007553], [17.87428846, 59.98030318], [17.87415801, 59.98043205], [17.87416146, 59.98051103], [17.87466569, 59.98090913], [17.87547271, 59.98086594], [17.87560023, 59.98087197], [17.87723394, 59.98094927], [17.87913338, 59.98103898], [17.88255686, 59.98120076], [17.88344771, 59.98127148], [17.89079127, 59.98185423], [17.89365138, 59.98208106], [17.89562047, 59.9822372], [17.89704407, 59.98235003], [17.89802186, 59.98234734], [17.902346, 59.98233511], [17.90441183, 59.98232917], [17.90623185, 59.98232395], [17.91090939, 59.98477729], [17.91444009, 59.98987873], [17.91446195, 59.98991032], [17.91451197, 59.98987715]]]}, "properties": {"deso": "0380A0100", "pop": 1280.0, "income": 359.4, "male_frac": 0.52, "child_frac": 0.1875, "elder_frac": 0.1906, "dependency": 0.608, "needZ": 0.0192, "needZ_v1": 0.1018, "regso": "0380R041", "higher_ed": 70.2, "neet": 9.5, "income_support": 0.2}}, {"type": "Feature", "geometry": {"type": "Polygon", "coordinates": [[[17.17405347, 60.00103377], [17.17896985, 59.99958856], [17.19861204, 59.99391562], [17.20648253, 59.99165963], [17.21048257, 59.99054358], [17.21377184, 59.98914691], [17.2172812, 59.98765655], [17.22048062, 59.9862975], [17.21817833, 59.98833561], [17.21890249, 59.98880885], [17.21872281, 59.98909944], [17.21961586, 59.98902578], [17.22153328, 59.98578548], [17.22585054, 59.98655784], [17.22557214, 59.98498577], [17.22707141, 59.98333235], [17.23125119, 59.98160882], [17.23396095, 59.98045969], [17.23800391, 59.97947164], [17.2431744, 59.97820772], [17.24527723, 59.97378523], [17.2526031, 59.966007], [17.25403821, 59.96448267], [17.25513041, 59.96332262], [17.25722039, 59.96112695], [17.2590093, 59.95924697], [17.26615484, 59.95160849], [17.27252413, 59.94509418], [17.27253792, 59.94507993], [17.27264492, 59.94497148], [17.27354309, 59.94406014], [17.28307095, 59.93438961], [17.28554593, 59.93187649], [17.28960801, 59.92775104], [17.27787266, 59.93064416], [17.27550321, 59.93384066], [17.27409877, 59.93423212], [17.2718304, 59.93386008], [17.27119362, 59.93369547], [17.26980364, 59.93333609], [17.25771294, 59.93020948], [17.25808235, 59.92905709], [17.2586072, 59.92741966], [17.25931266, 59.9252189], [17.25597556, 59.91969463], [17.25563475, 59.91625867], [17.25529856, 59.9128678], [17.25511592, 59.91048261], [17.25493874, 59.90816872], [17.25465369, 59.9079823], [17.24972708, 59.90475942], [17.24215911, 59.90180137], [17.24206718, 59.90176539], [17.23765579, 59.90004059], [17.23482029, 59.89678076], [17.2348107, 59.89676969], [17.23442526, 59.89635637], [17.23271305, 59.8945187], [17.22808153, 59.88946584], [17.22804653, 59.8894429], [17.2242637, 59.88695822], [17.21822065, 59.8848773], [17.21475264, 59.88368281], [17.21473092, 59.88367537], [17.21435581, 59.88354615], [17.2117206, 59.88263836], [17.21111974, 59.88243147], [17.20989782, 59.88201047], [17.20824205, 59.88143993], [17.21103616, 59.88072102], [17.20872329, 59.87985185], [17.20838179, 59.87994613], [17.20813677, 59.87942468], [17.2079048, 59.87950634], [17.2075507, 59.87934173], [17.20665996, 59.87939509], [17.20702387, 59.88036324], [17.20603139, 59.88064274], [17.20318159, 59.879665], [17.20314193, 59.8796513], [17.20264413, 59.87859988], [17.20175392, 59.87735357], [17.19994437, 59.87853247], [17.19779564, 59.87993218], [17.19658562, 59.88063401], [17.19658545, 59.8800287], [17.19575585, 59.88001317], [17.19440464, 59.88015441], [17.19359862, 59.8809014], [17.19505506, 59.88152169], [17.19339724, 59.88248296], [17.19315722, 59.88262221], [17.192393, 59.88306538], [17.19224892, 59.88314888], [17.19157666, 59.8835387], [17.191546, 59.88355645], [17.1946767, 59.88497036], [17.19401511, 59.88536792], [17.19455953, 59.88560932], [17.19385705, 59.88594119], [17.19432549, 59.88615001], [17.19204661, 59.88646007], [17.19187922, 59.8866978], [17.19116826, 59.88677411], [17.19143003, 59.88728453], [17.19052266, 59.8877202], [17.18504582, 59.88720127], [17.18238369, 59.88596491], [17.18213622, 59.88585002], [17.18081649, 59.88523693], [17.17992773, 59.88482415], [17.17671077, 59.88332978], [17.17669147, 59.88332084], [17.16950304, 59.87998075], [17.16834257, 59.87944144], [17.16825318, 59.8787751], [17.16802055, 59.87704051], [17.16792365, 59.87631754], [17.16791361, 59.87624253], [17.1678357, 59.87566159], [17.16789393, 59.87524805], [17.1679058, 59.87516344], [17.16794538, 59.87488214], [17.16811088, 59.87370661], [17.16813434, 59.87353972], [17.16834498, 59.87230427], [17.16884207, 59.86938765], [17.16965577, 59.86482115], [17.16988829, 59.86349813], [17.14739914, 59.868825], [17.14705807, 59.86886289], [17.14599715, 59.87114297], [17.14562037, 59.87192101], [17.14492225, 59.87310787], [17.14398174, 59.87372767], [17.14160508, 59.87527986], [17.14073265, 59.87587187], [17.13973231, 59.87651462], [17.14123732, 59.87733848], [17.14068003, 59.87799756], [17.13976536, 59.87909594], [17.13922894, 59.8797298], [17.13825104, 59.88090743], [17.13470423, 59.88107353], [17.13455885, 59.87995321], [17.13258491, 59.87997836], [17.13117797, 59.8801988], [17.13063983, 59.88130108], [17.12889344, 59.88022676], [17.1247832, 59.88112465], [17.12497692, 59.88260315], [17.12322658, 59.88231499], [17.12157614, 59.88201918], [17.11973776, 59.88228416], [17.11874779, 59.88246712], [17.1188533, 59.88307351], [17.1184456, 59.88853948], [17.12785705, 59.8879139], [17.12772339, 59.88828058], [17.12640163, 59.89129948], [17.12546005, 59.89467245], [17.12538523, 59.89492045], [17.12533122, 59.89512716], [17.12521018, 59.89562305], [17.12405929, 59.89981536], [17.12451084, 59.90202549], [17.12481293, 59.90357543], [17.12517477, 59.9055201], [17.12544925, 59.90618518], [17.12648193, 59.90618693], [17.12649219, 59.90626436], [17.1265724, 59.90790096], [17.12665619, 59.91012132], [17.12684669, 59.91348123], [17.12704705, 59.91858465], [17.12365025, 59.91923878], [17.12544372, 59.9249308], [17.12745651, 59.92454216], [17.12797902, 59.93337164], [17.12920424, 59.94592713], [17.13307577, 59.95414021], [17.12772201, 59.96674577], [17.12442464, 59.97109727], [17.11323973, 59.96924322], [17.10671367, 59.97062819], [17.08475623, 59.97136002], [17.07985313, 59.97222946], [17.08396645, 59.97797051], [17.08550826, 59.98363364], [17.08460219, 59.99063643], [17.10793321, 59.99711671], [17.12736334, 59.99986248], [17.13754461, 59.99972032], [17.14164204, 60.00016402], [17.14198964, 60.00020166], [17.14737979, 60.00078514], [17.14933824, 60.0016913], [17.15323517, 60.00348948], [17.16001095, 60.00662899], [17.17405347, 60.00103377]]]}, "properties": {"deso": "0380A0090", "pop": 1311.0, "income": 358.8, "male_frac": 0.532, "child_frac": 0.1785, "elder_frac": 0.2296, "dependency": 0.6894, "needZ": 0.1195, "needZ_v1": 0.2639, "regso": "0380R037", "higher_ed": 65.3, "neet": 8.7, "income_support": 0.1}}, {"type": "Feature", "geometry": {"type": "Polygon", "coordinates": [[[17.60786024, 60.0049106], [17.60947532, 60.00430383], [17.60995002, 60.0041255], [17.61059698, 60.0038824], [17.61107052, 60.00370453], [17.61299234, 60.00364567], [17.61503324, 60.00373487], [17.6167651, 60.00381058], [17.61874189, 60.00389695], [17.62035516, 60.00396743], [17.62093348, 60.00323388], [17.62227992, 60.00149721], [17.62268345, 60.00100802], [17.62269627, 60.00099249], [17.62384147, 59.99960598], [17.62792014, 59.99884435], [17.63317545, 59.99786269], [17.63820734, 59.99763539], [17.64005285, 59.99755187], [17.64165698, 59.99747936], [17.64283623, 59.99742602], [17.64442708, 59.99689663], [17.64604123, 59.99635948], [17.64768715, 59.99581171], [17.65140811, 59.99457318], [17.65401953, 59.99370385], [17.65611777, 59.99386662], [17.65814727, 59.994024], [17.65819072, 59.99402555], [17.65930909, 59.99406473], [17.66184377, 59.99415358], [17.66356279, 59.99476374], [17.66576631, 59.9955458], [17.66754836, 59.99617826], [17.669478, 59.99686295], [17.67070215, 59.99729737], [17.67334868, 59.99431789], [17.70972524, 59.99482004], [17.73485183, 59.99687671], [17.77758133, 59.99619046], [17.79357177, 59.9982194], [17.79419197, 59.99659098], [17.7947776, 59.99505313], [17.79543717, 59.9933212], [17.79594185, 59.99199597], [17.79612838, 59.99150605], [17.796419, 59.99074264], [17.79642759, 59.99072009], [17.79585423, 59.9840361], [17.79568758, 59.9820927], [17.79546933, 59.98204675], [17.79487255, 59.98192115], [17.79339588, 59.98161045], [17.79197327, 59.98131107], [17.79134234, 59.98117827], [17.79061405, 59.98102498], [17.78985792, 59.98086589], [17.78907395, 59.98070084], [17.78899398, 59.98106103], [17.77521882, 59.97605833], [17.77266725, 59.97522071], [17.76460884, 59.97121287], [17.76446283, 59.9711403], [17.75781072, 59.96787663], [17.75889642, 59.96677187], [17.75913128, 59.96653278], [17.75982401, 59.96610122], [17.76000961, 59.96590772], [17.76073658, 59.96555574], [17.76046416, 59.96543407], [17.7567507, 59.96377457], [17.75259317, 59.96183366], [17.74961919, 59.96034295], [17.74806233, 59.95956256], [17.74573685, 59.95771646], [17.74509709, 59.95720852], [17.74268735, 59.95529514], [17.74216879, 59.95490306], [17.74193047, 59.95474345], [17.74368834, 59.95014335], [17.74403307, 59.9478845], [17.74505704, 59.9464036], [17.73280517, 59.95249724], [17.73234308, 59.95281213], [17.73243569, 59.95285692], [17.73247815, 59.95287931], [17.73293887, 59.95313223], [17.73336678, 59.95339931], [17.73339921, 59.9534201], [17.73379232, 59.95370029], [17.73382059, 59.95372252], [17.73417745, 59.95401452], [17.73428579, 59.95411737], [17.73467165, 59.95432926], [17.73509959, 59.95459633], [17.73549273, 59.95487652], [17.7356087, 59.95496448], [17.73596559, 59.95525646], [17.73628468, 59.95555929], [17.73637765, 59.95564773], [17.7366578, 59.95596008], [17.73673735, 59.95605769], [17.73697741, 59.95637832], [17.73717639, 59.95670583], [17.73733346, 59.95703915], [17.73733704, 59.9570486], [17.73746526, 59.95732054], [17.7375013, 59.95741536], [17.73756494, 59.95760294], [17.73758124, 59.95763755], [17.73769567, 59.95797508], [17.73770277, 59.95800197], [17.73777431, 59.95834245], [17.73780255, 59.95868464], [17.73780421, 59.95871182], [17.73778903, 59.9590541], [17.73778522, 59.95908131], [17.7377268, 59.95942243], [17.7376252, 59.95976111], [17.73761588, 59.95978789], [17.73756206, 59.95991261], [17.73758469, 59.96018683], [17.73758644, 59.96021329], [17.73757125, 59.96055558], [17.73756766, 59.96058188], [17.73750924, 59.96092299], [17.73740763, 59.96126168], [17.73739899, 59.96128773], [17.73725464, 59.96162236], [17.73724094, 59.96164789], [17.73705449, 59.96197738], [17.73682672, 59.96230027], [17.73680821, 59.96232491], [17.73654004, 59.96263992], [17.73651658, 59.96266367], [17.73620893, 59.96296944], [17.73586319, 59.96326496], [17.73583534, 59.96328736], [17.73545273, 59.96357124], [17.73542061, 59.96359212], [17.73500297, 59.96386334], [17.73455181, 59.96412071], [17.73451587, 59.96413996], [17.73403289, 59.96438244], [17.73352024, 59.96460918], [17.7334806, 59.96462653], [17.73294011, 59.96483652], [17.7328972, 59.96485196], [17.73233132, 59.96504432], [17.7317422, 59.96521839], [17.73168893, 59.96523368], [17.73121865, 59.96535445], [17.73060859, 59.96550945], [17.73055246, 59.9655222], [17.72992392, 59.96565746], [17.72952288, 59.96572918], [17.72934819, 59.96578076], [17.72916295, 59.96582996], [17.72855287, 59.96598495], [17.72843628, 59.96601], [17.72848728, 59.96607137], [17.72872734, 59.96639203], [17.7289263, 59.96671955], [17.72908333, 59.96705287], [17.7291248, 59.9671563], [17.72923918, 59.96749384], [17.72931065, 59.96783432], [17.72931938, 59.96787744], [17.72934755, 59.96821963], [17.72934795, 59.96832508], [17.72933269, 59.96866736], [17.72927417, 59.96900847], [17.72917245, 59.96934715], [17.72913533, 59.96944197], [17.72899086, 59.96977659], [17.72880428, 59.97010607], [17.72857637, 59.97042895], [17.72850289, 59.97051832], [17.72823457, 59.97083332], [17.72792677, 59.97113907], [17.72758087, 59.97143456], [17.72747413, 59.97151501], [17.72709136, 59.97179886], [17.72667354, 59.97207006], [17.72622221, 59.9723274], [17.72608611, 59.97239587], [17.72560295, 59.97263832], [17.72509012, 59.97286504], [17.72454944, 59.97307499], [17.72398337, 59.97326732], [17.7238233, 59.97332119], [17.72323398, 59.97349523], [17.72262374, 59.97365019], [17.72199502, 59.97378542], [17.72181716, 59.9738225], [17.72117273, 59.97393757], [17.72051493, 59.97403198], [17.71984653, 59.97410523], [17.71964013, 59.97412601], [17.71896376, 59.97417794], [17.71883379, 59.97418449], [17.71815225, 59.97421488], [17.71746819, 59.97422349], [17.71725773, 59.97422369], [17.71657397, 59.97421065], [17.71589315, 59.97417589], [17.71521825, 59.97411954], [17.71502917, 59.97410088], [17.71436273, 59.97402334], [17.71370744, 59.97392471], [17.71306598, 59.97380551], [17.71288782, 59.97376866], [17.71232041, 59.97364217], [17.71221386, 59.97363323], [17.71154744, 59.97355566], [17.71136045, 59.97353184], [17.71070517, 59.9734332], [17.71069902, 59.97343207], [17.71008173, 59.97342023], [17.71002924, 59.97341817], [17.70934845, 59.97338337], [17.70867358, 59.97332699], [17.70862162, 59.9733224], [17.70795522, 59.97324482], [17.70790453, 59.97323768], [17.70724927, 59.97313903], [17.70676077, 59.97304818], [17.70666285, 59.97305261], [17.70612173, 59.9730594], [17.70582695, 59.97308198], [17.70577539, 59.97308591], [17.70509386, 59.97311623], [17.70504165, 59.97311757], [17.70435762, 59.97312621], [17.70367387, 59.9731131], [17.70362176, 59.97311201], [17.70294098, 59.97307718], [17.7028894, 59.97307357], [17.70221454, 59.97301715], [17.70154816, 59.97293954], [17.70149742, 59.97293348], [17.70149592, 59.97293324], [17.70115338, 59.97291573], [17.70047853, 59.9728593], [17.70028873, 59.97284262], [17.69962236, 59.972765], [17.69896713, 59.9726663], [17.69832575, 59.97254702], [17.698146, 59.97251216], [17.69752117, 59.97237278], [17.69691514, 59.97221378], [17.69633049, 59.97203593], [17.6961677, 59.97198411], [17.69560685, 59.97178808], [17.69507193, 59.97157453], [17.69456523, 59.97134451], [17.69441315, 59.97127172], [17.69393668, 59.97102608], [17.69392799, 59.97102105], [17.69388906, 59.9709984], [17.69379738, 59.97094503], [17.69335282, 59.97068472], [17.69294234, 59.97041078], [17.69282138, 59.97032442], [17.6924464, 59.97003808], [17.69210834, 59.96974038], [17.69180891, 59.96943256], [17.6917311, 59.96934423], [17.69147116, 59.96902751], [17.69125199, 59.96870323], [17.69107426, 59.96837253], [17.69103218, 59.96827826], [17.69094582, 59.96806454], [17.69067444, 59.96802363], [17.69003318, 59.96790431], [17.68998409, 59.9678948], [17.68935937, 59.96775538], [17.68931231, 59.96774349], [17.6887064, 59.96758446], [17.68812188, 59.96740657], [17.68807744, 59.96739248], [17.68751671, 59.96719632], [17.68747521, 59.96718019], [17.68694041, 59.96696661], [17.68643384, 59.96673656], [17.68639572, 59.96671829], [17.68591936, 59.96647262], [17.6858792, 59.96644928], [17.68543477, 59.96618895], [17.6841926, 59.96539054], [17.68378226, 59.96511657], [17.68374683, 59.96509143], [17.68337198, 59.96480506], [17.6830342, 59.96450734], [17.68302529, 59.96449943], [17.68279349, 59.96447244], [17.68213848, 59.96437366], [17.68208939, 59.96436595], [17.68144823, 59.96424658], [17.68140087, 59.96423659], [17.68077627, 59.96409712], [17.68017047, 59.96393805], [17.68012531, 59.96392585], [17.67954089, 59.96374792], [17.67949107, 59.96373115], [17.67893046, 59.96353496], [17.67845582, 59.96335866], [17.67776931, 59.96310358], [17.67723464, 59.96288996], [17.67721034, 59.96287994], [17.67720301, 59.96287704], [17.67718865, 59.96287122], [17.67668221, 59.96264113], [17.67666035, 59.96263017], [17.67665727, 59.96262861], [17.67664481, 59.96262249], [17.67616859, 59.96237678], [17.67572428, 59.96211642], [17.67570206, 59.96210285], [17.6757002, 59.96210172], [17.67569057, 59.96209599], [17.67528034, 59.961822], [17.6752555, 59.96180346], [17.67525456, 59.96180276], [17.67525094, 59.96180005], [17.67487621, 59.96151365], [17.67453839, 59.96121591], [17.67451362, 59.9611927], [17.67421429, 59.96088484], [17.67421381, 59.96088431], [17.67419386, 59.96086046], [17.67393415, 59.96054371], [17.67371521, 59.96021939], [17.67371129, 59.960213], [17.6737106, 59.96021176], [17.67369972, 59.9601941], [17.67352222, 59.95986338], [17.67351523, 59.95984628], [17.67351171, 59.95983745], [17.67337651, 59.95950183], [17.67328402, 59.95916255], [17.67328225, 59.95915343], [17.67328174, 59.95915074], [17.67327887, 59.95913715], [17.67327874, 59.95913553], [17.67327857, 59.95913527], [17.67322933, 59.95879377], [17.67322345, 59.95845139], [17.67322351, 59.95844294], [17.67322353, 59.95843953], [17.67322341, 59.95842705], [17.67322364, 59.95842444], [17.67326123, 59.95808253], [17.67326281, 59.95807459], [17.67326366, 59.95807053], [17.67326568, 59.95805899], [17.67334642, 59.95771899], [17.67334735, 59.95771592], [17.67347103, 59.95737909], [17.67347398, 59.95737166], [17.67347581, 59.95736695], [17.67347983, 59.95735627], [17.67364584, 59.95702415], [17.67364762, 59.9570207], [17.6736518, 59.95701388], [17.67365507, 59.9570086], [17.67366038, 59.95699933], [17.67386822, 59.9566731], [17.67386942, 59.95667146], [17.67387129, 59.956669], [17.67412004, 59.95635002], [17.674125, 59.95634381], [17.67412987, 59.95633815], [17.67413658, 59.95632984], [17.67413725, 59.95632892], [17.67413821, 59.95632801], [17.67414038, 59.95632563], [17.67414065, 59.95632535], [17.67442923, 59.95601491], [17.67443582, 59.95600875], [17.6744416, 59.95600343], [17.67444914, 59.95599618], [17.67461321, 59.95584545], [17.67462277, 59.95575876], [17.67464294, 59.95566269], [17.67472365, 59.95532268], [17.67479692, 59.95512305], [17.67442193, 59.95540955], [17.67428403, 59.95551484], [17.67353875, 59.95563325], [17.67303071, 59.95572448], [17.67185504, 59.9559354], [17.66782687, 59.95625255], [17.66721581, 59.95619809], [17.66666789, 59.95633177], [17.66584651, 59.95647629], [17.66578126, 59.95648776], [17.66443135, 59.956022], [17.66136809, 59.95503282], [17.65811645, 59.95611089], [17.6548662, 59.95721624], [17.65481357, 59.95723418], [17.65376633, 59.95678135], [17.65240056, 59.95619094], [17.65059295, 59.95537207], [17.64677946, 59.95085549], [17.64443613, 59.95106831], [17.64412292, 59.95109678], [17.64409096, 59.95109966], [17.64387463, 59.95023649], [17.64326345, 59.94779829], [17.64421802, 59.94701575], [17.64492373, 59.94643724], [17.6438751, 59.94505272], [17.64374607, 59.94488258], [17.64350447, 59.94473787], [17.6423398, 59.94404021], [17.64228189, 59.94363735], [17.64160403, 59.94368255], [17.64088514, 59.94362967], [17.63934463, 59.94327374], [17.63872243, 59.94298628], [17.63871537, 59.942983], [17.63864716, 59.94295149], [17.63852992, 59.94284569], [17.63824504, 59.94258866], [17.63815723, 59.9425094], [17.63812894, 59.94243398], [17.63804235, 59.9422028], [17.63801008, 59.94211632], [17.63810696, 59.94204971], [17.63918302, 59.94131022], [17.63905487, 59.94055818], [17.63905019, 59.94053088], [17.63874915, 59.94026546], [17.63791557, 59.94007088], [17.63749777, 59.94003783], [17.63714253, 59.94000982], [17.63636933, 59.93993941], [17.63504527, 59.93922916], [17.63494981, 59.93917798], [17.63469865, 59.93893033], [17.63441995, 59.93865556], [17.63414027, 59.93812087], [17.63417601, 59.93779733], [17.63452716, 59.93747459], [17.63484032, 59.93718665], [17.63523607, 59.93694987], [17.63525539, 59.93693834], [17.63525552, 59.93693448], [17.63528173, 59.93643517], [17.6349875, 59.93615982], [17.63494157, 59.93611681], [17.63429443, 59.93573057], [17.63405198, 59.93550305], [17.63384206, 59.93530586], [17.63341779, 59.93506948], [17.63265917, 59.93495421], [17.63125179, 59.93473134], [17.63062927, 59.93447053], [17.63001625, 59.93405736], [17.62944325, 59.93371507], [17.62934531, 59.9335222], [17.62918893, 59.93340028], [17.62851577, 59.93384746], [17.6278838, 59.93427414], [17.6271118, 59.93464972], [17.6263637, 59.93505526], [17.62599794, 59.93536372], [17.62552288, 59.93569402], [17.62543253, 59.93570337], [17.62532489, 59.93570488], [17.62522996, 59.93574405], [17.62517908, 59.93579878], [17.62510933, 59.93590247], [17.62499736, 59.936023], [17.62495014, 59.93614268], [17.62483999, 59.9362956], [17.62477108, 59.93641554], [17.62472497, 59.93655676], [17.62468104, 59.93668446], [17.6244163, 59.93714342], [17.62401406, 59.93758491], [17.62384138, 59.93774248], [17.62369711, 59.93786347], [17.62356459, 59.93800048], [17.62346421, 59.93813703], [17.62338663, 59.93829496], [17.62343862, 59.93845578], [17.62380866, 59.9389348], [17.62413569, 59.9394092], [17.62421369, 59.93980951], [17.62413734, 59.93992502], [17.62400201, 59.94000415], [17.62390375, 59.94003126], [17.62295549, 59.94005632], [17.62202082, 59.93990946], [17.62130174, 59.94000226], [17.62097255, 59.94027594], [17.62108293, 59.94072762], [17.62096355, 59.94098472], [17.62050678, 59.94127521], [17.62006175, 59.94153314], [17.61994049, 59.94174968], [17.62003438, 59.94182425], [17.62046984, 59.94222303], [17.62078257, 59.94260628], [17.62081196, 59.94302903], [17.62051741, 59.9434725], [17.6204943, 59.9437259], [17.62048164, 59.94411355], [17.62038574, 59.94448858], [17.62005437, 59.94473714], [17.61936561, 59.94494421], [17.61880884, 59.9450088], [17.61825237, 59.94494063], [17.61792031, 59.94499546], [17.61784893, 59.9450902], [17.61776795, 59.94507816], [17.61734571, 59.94501558], [17.61609235, 59.94422361], [17.61518658, 59.94467704], [17.61501664, 59.94487397], [17.61495683, 59.94494333], [17.61422303, 59.9450795], [17.61362101, 59.94534411], [17.61329636, 59.94561309], [17.6131471, 59.94610486], [17.61297296, 59.94644191], [17.61250737, 59.94643658], [17.61228877, 59.94634031], [17.61163497, 59.94598876], [17.61079084, 59.94576287], [17.61010717, 59.94580659], [17.60966045, 59.94604474], [17.60936929, 59.94635141], [17.60935062, 59.94652154], [17.60945977, 59.94673028], [17.60976945, 59.94707769], [17.61005435, 59.94753634], [17.61033745, 59.94770903], [17.61100827, 59.94803465], [17.6114513, 59.94817902], [17.61182278, 59.9484369], [17.61189237, 59.9486943], [17.61161698, 59.94892745], [17.6110652, 59.9490565], [17.61070381, 59.94918958], [17.61061281, 59.94922309], [17.61022383, 59.94946738], [17.60980924, 59.94951205], [17.60961664, 59.94947607], [17.60927247, 59.94910725], [17.60913456, 59.94910189], [17.60878541, 59.9491185], [17.60837692, 59.9490885], [17.60798106, 59.94902744], [17.60760862, 59.94896375], [17.60742993, 59.9489301], [17.60709234, 59.94886636], [17.60691956, 59.94882127], [17.60681422, 59.94874556], [17.60664341, 59.94862409], [17.60637482, 59.94843296], [17.60594086, 59.94828345], [17.60540303, 59.94827045], [17.60499336, 59.94847921], [17.60460991, 59.94888846], [17.60431514, 59.94924037], [17.60379333, 59.94961813], [17.60331824, 59.94999856], [17.6029326, 59.95047064], [17.60269816, 59.95076934], [17.60172817, 59.95099965], [17.60121815, 59.9512534], [17.60107185, 59.95138428], [17.60098049, 59.95146602], [17.60061033, 59.95148814], [17.60036659, 59.95150265], [17.60041904, 59.95165925], [17.60042458, 59.95168474], [17.6004947, 59.9520254], [17.60052152, 59.95236754], [17.60052205, 59.95239312], [17.60050546, 59.95273549], [17.60050126, 59.95276108], [17.60044145, 59.95310214], [17.60033844, 59.95344064], [17.60032791, 59.95347013], [17.6001822, 59.95380472], [17.60004521, 59.95410347], [17.60002795, 59.9541339], [17.59984017, 59.95446311], [17.59972312, 59.95462817], [17.5996574, 59.95474318], [17.5996091, 59.95482048], [17.59938003, 59.95514314], [17.59929783, 59.95524024], [17.59902839, 59.95555499], [17.59871954, 59.95586054], [17.5984222, 59.9561134], [17.59844657, 59.95642451], [17.59844587, 59.95648911], [17.59842926, 59.95683138], [17.59836941, 59.95717245], [17.59834779, 59.95727733], [17.59824475, 59.95761583], [17.59809901, 59.95795041], [17.598065, 59.95801027], [17.59808065, 59.9580573], [17.59808628, 59.95807453], [17.59815639, 59.95841509], [17.59818319, 59.95875723], [17.59816658, 59.9590996], [17.59816542, 59.95911696], [17.59810557, 59.95945802], [17.59800253, 59.95979652], [17.59785678, 59.9601311], [17.59784475, 59.96015675], [17.59765692, 59.96048596], [17.59762843, 59.96052784], [17.5973993, 59.9608505], [17.59712981, 59.96116524], [17.59710819, 59.96118911], [17.59679926, 59.96149465], [17.59645228, 59.96178972], [17.59606863, 59.9620732], [17.59604831, 59.96208734], [17.59562953, 59.96235804], [17.59517716, 59.96261503], [17.59469332, 59.962857], [17.59466796, 59.96286891], [17.59415421, 59.96309512], [17.59381563, 59.96322609], [17.59371152, 59.9633476], [17.59340254, 59.96365305], [17.59337381, 59.96368065], [17.59329721, 59.96374593], [17.59295018, 59.96404098], [17.59291588, 59.96406717], [17.59253217, 59.96435064], [17.59211333, 59.96462133], [17.59207965, 59.9646422], [17.59162722, 59.96489917], [17.59158956, 59.96491824], [17.59110566, 59.9651602], [17.59059186, 59.9653864], [17.59055049, 59.96540347], [17.59000921, 59.96561278], [17.58944248, 59.96580462], [17.58939798, 59.96581951], [17.58880808, 59.96599294], [17.58876091, 59.96600564], [17.58864948, 59.96603378], [17.58841541, 59.96612433], [17.58837256, 59.96613954], [17.5878058, 59.96633129], [17.58721588, 59.96650472], [17.5871702, 59.96651765], [17.58714441, 59.96652418], [17.58693357, 59.96704137], [17.58679203, 59.96764199], [17.58678976, 59.96765838], [17.58628514, 59.97026875], [17.5873238, 59.97393561], [17.58544275, 59.97660053], [17.58545727, 59.97681321], [17.58545758, 59.97683423], [17.58546681, 59.97747931], [17.58547465, 59.97801943], [17.58547676, 59.97817154], [17.58523509, 59.97841978], [17.58438743, 59.9792904], [17.58405965, 59.979627], [17.58400231, 59.97968587], [17.58382727, 59.97986571], [17.58366506, 59.98008688], [17.58331847, 59.98055965], [17.58311977, 59.98083058], [17.58292201, 59.98110023], [17.58271745, 59.98137935], [17.58262618, 59.98150383], [17.58249108, 59.981688], [17.58234597, 59.98188602], [17.58206054, 59.98227523], [17.58196392, 59.98240691], [17.58188869, 59.98250952], [17.58168597, 59.982786], [17.58157839, 59.98293271], [17.58136243, 59.98322715], [17.58105987, 59.98363977], [17.58517247, 59.98518519], [17.58674242, 59.98600143], [17.58714078, 59.98713821], [17.58810397, 59.98761055], [17.58951337, 59.98830155], [17.59017234, 59.98862464], [17.59112916, 59.98909367], [17.59156937, 59.98930958], [17.59181923, 59.98943204], [17.59243689, 59.98973482], [17.59293401, 59.98997852], [17.59549338, 59.99123313], [17.59532741, 59.99152678], [17.59578031, 59.9915944], [17.59556414, 59.9919494], [17.59519366, 59.9919222], [17.59513512, 59.99203949], [17.59503745, 59.99223488], [17.59420103, 59.99390905], [17.59414196, 59.99402725], [17.59369578, 59.99492021], [17.59360667, 59.99509855], [17.59332335, 59.99566558], [17.59289209, 59.99652878], [17.59603064, 59.9975109], [17.59733857, 59.99917855], [17.59926438, 60.00181173], [17.59933805, 60.00200214], [17.60180859, 60.00301659], [17.60525362, 60.00451907], [17.60536227, 60.00456121], [17.60638887, 60.0050099], [17.60695407, 60.00525338], [17.60786024, 60.0049106]]]}, "properties": {"deso": "0380A0110", "pop": 1158.0, "income": 381.7, "male_frac": 0.5284, "child_frac": 0.1943, "elder_frac": 0.1926, "dependency": 0.631, "needZ": -0.0826, "needZ_v1": -0.0358, "regso": "0380R035", "higher_ed": 64.9, "neet": 7.0, "income_support": 0.1}}, {"type": "Feature", "geometry": {"type": "Polygon", "coordinates": [[[17.73298312, 60.03462075], [17.73303535, 60.03461841], [17.73371292, 60.03456639], [17.73376449, 60.03456156], [17.73443408, 60.03448814], [17.73509304, 60.03439374], [17.73514352, 60.03438632], [17.73578921, 60.03427118], [17.73583801, 60.03426145], [17.73646766, 60.03412616], [17.73707895, 60.03397112], [17.73712547, 60.03395893], [17.73771578, 60.03378483], [17.73775975, 60.03377044], [17.73832676, 60.03357805], [17.73886832, 60.03336795], [17.73890932, 60.03335165], [17.73942298, 60.03312488], [17.73946055, 60.03310649], [17.73994447, 60.0328639], [17.7403965, 60.03260651], [17.74043037, 60.03258641], [17.74084897, 60.03231516], [17.74087871, 60.03229353], [17.74126191, 60.03200963], [17.74160831, 60.03171419], [17.74163365, 60.03169121], [17.74194187, 60.03138533], [17.74196267, 60.03136119], [17.74223147, 60.03104616], [17.74245965, 60.03072326], [17.74247564, 60.03069822], [17.74266226, 60.03036882], [17.74280683, 60.03003409], [17.74281787, 60.03000835], [17.74291963, 60.02966975], [17.74292561, 60.02964358], [17.74298422, 60.02930246], [17.74299936, 60.02896018], [17.74300014, 60.02893394], [17.74297176, 60.02859175], [17.7429667, 60.02856114], [17.74289494, 60.02822066], [17.74281141, 60.02790253], [17.74280273, 60.02786929], [17.74274781, 60.02766051], [17.74266363, 60.02733979], [17.7425741, 60.02699923], [17.74256608, 60.02697568], [17.74256282, 60.02696318], [17.74255525, 60.02692722], [17.74247915, 60.02663795], [17.74245919, 60.02657926], [17.74247312, 60.02657771], [17.7431319, 60.02648328], [17.74318201, 60.02647523], [17.74382752, 60.02636005], [17.74387581, 60.0263497], [17.74450529, 60.02621437], [17.74511639, 60.02605929], [17.74517008, 60.02604443], [17.7457602, 60.0258703], [17.74577737, 60.02586491], [17.74651444, 60.02563688], [17.74724371, 60.02541116], [17.74742267, 60.0253504], [17.74778491, 60.02524351], [17.74819621, 60.02511612], [17.74876302, 60.02492368], [17.74881583, 60.02490542], [17.74935719, 60.02469537], [17.74939893, 60.02467752], [17.74991239, 60.02445071], [17.7503961, 60.02420808], [17.75043397, 60.02418816], [17.75088581, 60.02393074], [17.75091938, 60.02390902], [17.75133779, 60.02363783], [17.75172079, 60.02335382], [17.75174993, 60.02333048], [17.75209615, 60.02303502], [17.75240419, 60.02272912], [17.75242818, 60.02270436], [17.75269683, 60.02238931], [17.75271584, 60.0223635], [17.75294386, 60.02204058], [17.75313033, 60.02171116], [17.75314396, 60.02168456], [17.75328839, 60.02134982], [17.75336996, 60.02107792], [17.7535655, 60.02084865], [17.75379349, 60.02052573], [17.75381003, 60.02050033], [17.75399648, 60.02017091], [17.75400778, 60.0201448], [17.75415219, 60.01981006], [17.7542538, 60.01947137], [17.75426003, 60.01944492], [17.75431851, 60.0191038], [17.75433353, 60.01876152], [17.75433464, 60.01873032], [17.75431607, 60.01844866], [17.75430148, 60.01822538], [17.75427299, 60.0178832], [17.75427248, 60.01787881], [17.75427232, 60.01787693], [17.75427031, 60.01786691], [17.75426947, 60.01786226], [17.75426789, 60.01785205], [17.75419603, 60.01751158], [17.75419534, 60.01750863], [17.75419401, 60.01750327], [17.75412473, 60.01726488], [17.75405604, 60.01702809], [17.75395184, 60.01672216], [17.75393543, 60.01664409], [17.75388536, 60.01642128], [17.75383556, 60.01619812], [17.75382877, 60.01616817], [17.75382251, 60.0161462], [17.75370755, 60.01580869], [17.75364204, 60.01562259], [17.75356358, 60.01540003], [17.75355016, 60.01537039], [17.75339264, 60.0150371], [17.75319313, 60.01470953], [17.75317687, 60.01468481], [17.75293637, 60.01436429], [17.7529153, 60.01434048], [17.75263449, 60.01402817], [17.75231453, 60.01372539], [17.75228896, 60.01370275], [17.75218371, 60.01361682], [17.7521784, 60.01360813], [17.75213312, 60.01354772], [17.75213732, 60.0134879], [17.75215236, 60.01314562], [17.75215218, 60.01313988], [17.75215213, 60.01312856], [17.75215238, 60.01312451], [17.75215226, 60.01312308], [17.7521238, 60.01278089], [17.75212264, 60.01277041], [17.75212003, 60.0127569], [17.75211911, 60.01275108], [17.75204729, 60.01241061], [17.75197935, 60.01214345], [17.75189914, 60.01182668], [17.75178421, 60.01148909], [17.75177323, 60.01145842], [17.75161575, 60.01112512], [17.75160118, 60.01109937], [17.75140171, 60.0107718], [17.75116125, 60.01045129], [17.75114172, 60.01042636], [17.75086096, 60.01011405], [17.75083649, 60.01009022], [17.75051658, 60.00978743], [17.75015896, 60.0094954], [17.75012986, 60.00947292], [17.74973595, 60.00919288], [17.74970256, 60.00917201], [17.74944728, 60.00901295], [17.74942074, 60.00896949], [17.74940488, 60.00894431], [17.74916446, 60.00862378], [17.74914035, 60.00859536], [17.74885963, 60.00828304], [17.74836331, 60.00777077], [17.74804345, 60.00746798], [17.74801398, 60.00744092], [17.7476564, 60.00714889], [17.74762662, 60.00712705], [17.74723276, 60.006847], [17.74680418, 60.00657997], [17.74677025, 60.00655975], [17.74630868, 60.00630679], [17.74627104, 60.00628826], [17.74577818, 60.0060505], [17.74525619, 60.0058288], [17.74521502, 60.00581232], [17.74466605, 60.0056077], [17.74462193, 60.00559308], [17.74404795, 60.00540623], [17.74392662, 60.00537201], [17.74380978, 60.00529925], [17.74377521, 60.0052803], [17.74331353, 60.00502734], [17.74282086, 60.00478956], [17.74278289, 60.00477239], [17.74226094, 60.00455067], [17.74221988, 60.00453536], [17.74167094, 60.00433073], [17.741097, 60.00414386], [17.74105329, 60.00413049], [17.74045693, 60.00396223], [17.74041088, 60.00395106], [17.73979437, 60.00380199], [17.73916014, 60.00367278], [17.73911206, 60.0036639], [17.7384628, 60.00355511], [17.73841329, 60.00354851], [17.7377514, 60.00346046], [17.73707972, 60.00339364], [17.73702923, 60.00338948], [17.73635045, 60.00334399], [17.73629941, 60.00334218], [17.73561621, 60.00331834], [17.7349314, 60.00331627], [17.73488013, 60.00331698], [17.73419637, 60.00333653], [17.73351647, 60.00337783], [17.73346569, 60.00338094], [17.73279229, 60.00344357], [17.73274231, 60.0034491], [17.73207836, 60.00353309], [17.73169439, 60.00359484], [17.73168654, 60.00359302], [17.73105234, 60.00346377], [17.73040311, 60.00335495], [17.73035271, 60.00334656], [17.72969084, 60.00325848], [17.72963917, 60.00325254], [17.72896752, 60.00318567], [17.72828875, 60.00314015], [17.72823611, 60.00313684], [17.72755292, 60.00311296], [17.72749976, 60.00311235], [17.72681495, 60.00311024], [17.72613119, 60.00312975], [17.72607824, 60.00313165], [17.72539834, 60.00317291], [17.72534606, 60.00317749], [17.72467264, 60.00324008], [17.72400868, 60.00332403], [17.72395763, 60.0033311], [17.72330558, 60.00343581], [17.72324777, 60.00344707], [17.72261027, 60.00357223], [17.72212899, 60.00367961], [17.72150866, 60.00382481], [17.72145215, 60.00383918], [17.72085159, 60.00400372], [17.72027299, 60.00418703], [17.72025064, 60.00419414], [17.71969644, 60.00439536], [17.71916894, 60.00461381], [17.71867013, 60.00484846], [17.71820216, 60.00509847], [17.71776674, 60.0053629], [17.71736582, 60.00564054], [17.71700081, 60.00593028], [17.71667339, 60.00623101], [17.71638479, 60.00654164], [17.71613608, 60.00686069], [17.71592836, 60.00718699], [17.71576254, 60.00751916], [17.71563912, 60.00785602], [17.71555871, 60.00819605], [17.71552166, 60.00853796], [17.715528, 60.00888034], [17.71557777, 60.00922181], [17.71567071, 60.00956106], [17.71580655, 60.00989663], [17.71581963, 60.00992079], [17.71582063, 60.0099276], [17.71586395, 60.01008588], [17.71586724, 60.01010791], [17.71590507, 60.01027501], [17.71591119, 60.01031171], [17.71600413, 60.01065096], [17.71613998, 60.01098653], [17.71615547, 60.01101846], [17.71633369, 60.01134912], [17.7165534, 60.01167336], [17.71681393, 60.01199002], [17.71711413, 60.01229787], [17.7171908, 60.01237201], [17.71752938, 60.01266964], [17.71790507, 60.0129559], [17.71827888, 60.01320475], [17.7179905, 60.01337983], [17.71795953, 60.01340094], [17.71755852, 60.01367858], [17.71719343, 60.01396833], [17.71716686, 60.01399079], [17.71710921, 60.0140438], [17.71657903, 60.014129], [17.7159413, 60.01425413], [17.71532074, 60.01439929], [17.71528942, 60.01440721], [17.71468866, 60.01457182], [17.71410983, 60.01475502], [17.71355541, 60.01495621], [17.71352774, 60.01496711], [17.71300003, 60.01518554], [17.71250102, 60.01542017], [17.71203286, 60.01567016], [17.71201014, 60.01568356], [17.71157452, 60.01594797], [17.71154035, 60.01597157], [17.71123175, 60.01615891], [17.71083065, 60.01643653], [17.71046547, 60.01672625], [17.71044836, 60.01674142], [17.71040212, 60.01678396], [17.71012077, 60.01704214], [17.70990084, 60.01727867], [17.7098786, 60.01729629], [17.70986089, 60.01731129], [17.70953329, 60.0176121], [17.70924452, 60.01792262], [17.70899567, 60.01824166], [17.70898429, 60.01825815], [17.70877643, 60.01858444], [17.70861048, 60.0189166], [17.70848695, 60.01925346], [17.70848214, 60.01927071], [17.70840164, 60.01961073], [17.70836451, 60.01995265], [17.70837078, 60.02029502], [17.70837382, 60.02032127], [17.70842353, 60.02066275], [17.70851643, 60.021002], [17.70852982, 60.02104448], [17.70866564, 60.02138006], [17.70867882, 60.02140548], [17.70885702, 60.02173616], [17.70907673, 60.0220604], [17.70933727, 60.02237708], [17.70933904, 60.02237884], [17.70953874, 60.02267368], [17.70955045, 60.02269015], [17.709811, 60.02300682], [17.71011124, 60.02331468], [17.71044988, 60.02361233], [17.71047674, 60.02363486], [17.71048795, 60.02364335], [17.7108525, 60.02392114], [17.71091488, 60.02396343], [17.71132633, 60.02423721], [17.7117716, 60.02449745], [17.7118068, 60.02451694], [17.71228435, 60.02476259], [17.71239335, 60.02481191], [17.71245061, 60.02489652], [17.71251061, 60.0249693], [17.71262725, 60.02518581], [17.71284702, 60.02551005], [17.71286445, 60.02553484], [17.71312506, 60.02585151], [17.7131473, 60.0258754], [17.7134476, 60.02618325], [17.71378629, 60.02648089], [17.71381287, 60.02650352], [17.71418869, 60.02678979], [17.71421974, 60.02681098], [17.71463125, 60.02708475], [17.71507659, 60.02734498], [17.71511166, 60.02736456], [17.71558927, 60.0276102], [17.7156279, 60.02762809], [17.71588237, 60.02774331], [17.71595293, 60.02787426], [17.71596908, 60.0279033], [17.71626385, 60.02835059], [17.71634673, 60.02847284], [17.71635613, 60.02853678], [17.71638117, 60.02863256], [17.71647417, 60.0289718], [17.71661011, 60.02930737], [17.71670128, 60.02947643], [17.71670362, 60.02949049], [17.71679662, 60.02982973], [17.71680618, 60.02985594], [17.71694212, 60.03019151], [17.71712045, 60.03052217], [17.71713515, 60.03054792], [17.71735501, 60.03087215], [17.71737467, 60.03089699], [17.71763536, 60.03121364], [17.71793575, 60.03152149], [17.71796035, 60.03154515], [17.71829914, 60.03184277], [17.71832822, 60.03186517], [17.71870414, 60.03215142], [17.71911576, 60.03242518], [17.71914931, 60.03244605], [17.71959476, 60.03270626], [17.72007248, 60.03295188], [17.72010988, 60.03297097], [17.72061771, 60.03320088], [17.72065865, 60.033218], [17.72119473, 60.03343134], [17.72175679, 60.03362734], [17.72180097, 60.03364233], [17.72238685, 60.03382006], [17.7224338, 60.03383283], [17.72304108, 60.0339917], [17.72366719, 60.03413095], [17.72371646, 60.03414126], [17.72435913, 60.0342604], [17.72441012, 60.03426824], [17.72506664, 60.03436671], [17.72573432, 60.03444429], [17.72578673, 60.03444958], [17.72646288, 60.03450587], [17.72714494, 60.03454048], [17.72720694, 60.0345436], [17.7280886, 60.03456554], [17.72817907, 60.03456727], [17.72818916, 60.0345676], [17.72824656, 60.03457046], [17.72893453, 60.03459047], [17.7294711, 60.03460615], [17.73001495, 60.03462204], [17.73013864, 60.03462442], [17.73018881, 60.03462581], [17.73020246, 60.03462616], [17.73026773, 60.03462939], [17.73086871, 60.0346467], [17.73155374, 60.03465975], [17.73161505, 60.03465992], [17.73230035, 60.03465113], [17.73298312, 60.03462075]]]}, "properties": {"deso": "0380B7010", "pop": 1392.0, "income": 375.2, "male_frac": 0.5014, "child_frac": 0.1825, "elder_frac": 0.2184, "dependency": 0.6691, "needZ": -0.2801, "needZ_v1": 0.0908, "regso": "0380R043", "higher_ed": null, "neet": 7.1, "income_support": 0.0}}, {"type": "Feature", "geometry": {"type": "Polygon", "coordinates": [[[17.54620248, 60.04923784], [17.54631314, 60.04923409], [17.54633618, 60.0492332], [17.5470196, 60.04920377], [17.54712983, 60.04919832], [17.54715328, 60.04919697], [17.54726307, 60.04918973], [17.54728635, 60.04918803], [17.54796454, 60.04913696], [17.5479897, 60.04913486], [17.55043697, 60.04696856], [17.55070902, 60.0397764], [17.55066087, 60.03781255], [17.5522195, 60.03390463], [17.5521916, 60.0335432], [17.55205614, 60.03178789], [17.55370171, 60.0276714], [17.55285997, 60.02613651], [17.5586324, 60.01362675], [17.55827301, 60.01359069], [17.55821287, 60.0135861], [17.55753411, 60.0135397], [17.5568508, 60.01351494], [17.55679876, 60.01351361], [17.55611358, 60.01351062], [17.55606158, 60.01351172], [17.55537763, 60.01353034], [17.55469729, 60.01357072], [17.55464578, 60.01357441], [17.55397197, 60.01363622], [17.5539214, 60.01364241], [17.55325662, 60.01372541], [17.55260395, 60.01382938], [17.55255459, 60.01383788], [17.55191637, 60.01396222], [17.55186898, 60.01397319], [17.55124769, 60.01411759], [17.55064609, 60.01428136], [17.5505937, 60.01429666], [17.55001396, 60.01447923], [17.54981245, 60.01454491], [17.5497635, 60.01456257], [17.54920822, 60.01476307], [17.54867925, 60.01498077], [17.54864062, 60.01499786], [17.54814059, 60.01523197], [17.54767117, 60.01548138], [17.54763577, 60.0155002], [17.54719883, 60.01576399], [17.54716726, 60.01578445], [17.54676478, 60.01606157], [17.5463983, 60.01635085], [17.54637083, 60.01637276], [17.5460416, 60.01667308], [17.54601851, 60.01669616], [17.54572821, 60.01700633], [17.54558831, 60.01718453], [17.54547451, 60.01716535], [17.54547167, 60.01716496], [17.54544109, 60.0171598], [17.54525526, 60.01713338], [17.54459359, 60.01704437], [17.543922, 60.01697656], [17.54366851, 60.01695917], [17.54339158, 60.01692193], [17.54335754, 60.01691809], [17.54268611, 60.01685028], [17.5420073, 60.0168038], [17.54132394, 60.01677895], [17.5412715, 60.01677826], [17.5405864, 60.01677518], [17.53990222, 60.01679373], [17.53975509, 60.01679899], [17.53907466, 60.01683929], [17.5390229, 60.0168437], [17.53834899, 60.01690542], [17.53800541, 60.01694831], [17.5376841, 60.01698835], [17.53703132, 60.01709215], [17.53699879, 60.01709834], [17.53636031, 60.0172227], [17.53573889, 60.01736702], [17.53513715, 60.01753073], [17.53493282, 60.01759501], [17.5343843, 60.01766347], [17.53420038, 60.01769269], [17.53354757, 60.01779656], [17.53290905, 60.01792081], [17.5322876, 60.01806512], [17.53168583, 60.01822881], [17.5315167, 60.01827543], [17.53093678, 60.01845792], [17.53051524, 60.01860998], [17.53046624, 60.01861936], [17.5298277, 60.01874369], [17.52920622, 60.01888798], [17.52915903, 60.01889985], [17.52855723, 60.01906352], [17.52797728, 60.019246], [17.52793248, 60.01926015], [17.52737698, 60.01946056], [17.52733531, 60.0194769], [17.52680613, 60.0196945], [17.52630587, 60.01992853], [17.5262676, 60.01994678], [17.52579796, 60.02019611], [17.52576338, 60.02021617], [17.5253262, 60.02047989], [17.52492348, 60.02075695], [17.52489301, 60.02077855], [17.52452628, 60.02106777], [17.52450037, 60.02109081], [17.52417089, 60.02139108], [17.52388034, 60.0217012], [17.52385895, 60.02172541], [17.52360841, 60.02204411], [17.52358905, 60.02207349], [17.52337932, 60.0223995], [17.52323543, 60.02266101], [17.52307684, 60.02297454], [17.52291483, 60.0230723], [17.52251206, 60.02334936], [17.52248207, 60.02337149], [17.52211529, 60.0236607], [17.52178577, 60.02396097], [17.52176032, 60.02398436], [17.52146972, 60.02429448], [17.5214491, 60.02431903], [17.52119852, 60.02463773], [17.52098876, 60.02496373], [17.52097294, 60.02498918], [17.52080507, 60.0253212], [17.52079275, 60.02535171], [17.52066727, 60.02568831], [17.52056483, 60.0260243], [17.52048238, 60.02636421], [17.52047599, 60.02639496], [17.52043676, 60.02673684], [17.52043655, 60.02676325], [17.52044088, 60.02710564], [17.52048867, 60.0274472], [17.52049363, 60.02747352], [17.52058478, 60.0278129], [17.52059489, 60.02783885], [17.52072884, 60.02817463], [17.5209052, 60.02850548], [17.52092045, 60.02853078], [17.52113838, 60.02885545], [17.52139718, 60.0291725], [17.52141711, 60.02919691], [17.52171551, 60.02950513], [17.52174024, 60.02952855], [17.52207726, 60.02982668], [17.52245161, 60.03011351], [17.52248083, 60.0301355], [17.52289066, 60.03040987], [17.52292405, 60.03043034], [17.52336795, 60.03069123], [17.52384419, 60.03093748], [17.52388145, 60.03095626], [17.5243879, 60.03118693], [17.52442857, 60.03120376], [17.52496323, 60.031418], [17.525119, 60.03147259], [17.52515011, 60.0315505], [17.52532653, 60.03188134], [17.52546085, 60.03208149], [17.52540323, 60.03231962], [17.52536405, 60.03266149], [17.52536843, 60.03300388], [17.5253752, 60.03315842], [17.52542304, 60.03349998], [17.52551426, 60.03383936], [17.52555874, 60.03395079], [17.52552791, 60.03421975], [17.52553229, 60.03456214], [17.52558015, 60.0349037], [17.52567136, 60.03524308], [17.52580539, 60.03557886], [17.52598184, 60.0359097], [17.52613005, 60.03613051], [17.52609668, 60.03642252], [17.52609485, 60.03644887], [17.52609924, 60.03679126], [17.52610307, 60.036822], [17.52615093, 60.03716356], [17.52620005, 60.03738204], [17.52624994, 60.03760482], [17.52630021, 60.03782858], [17.52635909, 60.03809143], [17.52645032, 60.03843081], [17.52646057, 60.03846223], [17.52659462, 60.03879801], [17.5267711, 60.03912885], [17.52678525, 60.03915517], [17.52700331, 60.03947982], [17.52702288, 60.03950531], [17.52728183, 60.03982235], [17.52758038, 60.04013055], [17.5276049, 60.04015487], [17.52794208, 60.040453], [17.52797138, 60.04047597], [17.52834591, 60.04076277], [17.52875593, 60.04103713], [17.5287897, 60.04105849], [17.52923378, 60.04131935], [17.52944302, 60.04142753], [17.52944512, 60.04144527], [17.52944587, 60.04145128], [17.52947466, 60.04168614], [17.52950669, 60.04194806], [17.52953162, 60.04215183], [17.52957952, 60.04249339], [17.52958669, 60.04252514], [17.52967797, 60.04286452], [17.52981207, 60.04320029], [17.5298236, 60.04322702], [17.53000013, 60.04355785], [17.53001723, 60.04358384], [17.53023535, 60.04390848], [17.53049436, 60.04422552], [17.53051642, 60.04425051], [17.53081504, 60.04455871], [17.5311523, 60.04485682], [17.53117944, 60.04488055], [17.53155405, 60.04516735], [17.53158582, 60.04518955], [17.53199592, 60.0454639], [17.53244009, 60.04572475], [17.53247618, 60.04574535], [17.53253477, 60.04577557], [17.53295271, 60.04599156], [17.53299279, 60.04601011], [17.53349953, 60.04624074], [17.5340345, 60.04645494], [17.53407826, 60.04647135], [17.53452255, 60.04662701], [17.5347611, 60.04680971], [17.53479192, 60.04683112], [17.53520207, 60.04710546], [17.53564629, 60.0473663], [17.53568113, 60.04738611], [17.53615771, 60.04763231], [17.53619627, 60.04765035], [17.53670307, 60.04788097], [17.53723808, 60.04809515], [17.53728005, 60.04811123], [17.53784143, 60.04830793], [17.53788634, 60.0483218], [17.53847136, 60.04850035], [17.53907805, 60.04866006], [17.53912546, 60.04867173], [17.53975109, 60.04881186], [17.53980054, 60.04882114], [17.54044286, 60.04894119], [17.54109899, 60.04904058], [17.54115018, 60.04904741], [17.54181759, 60.04912582], [17.54249389, 60.04918296], [17.54254592, 60.04918726], [17.54322797, 60.04922291], [17.54328945, 60.04922487], [17.54397473, 60.04923889], [17.54439788, 60.04924206], [17.54469919, 60.04924425], [17.54500051, 60.04924653], [17.54523602, 60.04924828], [17.54525098, 60.04924826], [17.545377, 60.0492479], [17.54538544, 60.04924783], [17.54540335, 60.04924758], [17.54540972, 60.04924763], [17.54609524, 60.04923981], [17.54617897, 60.04923838], [17.54620248, 60.04923784]]]}, "properties": {"deso": "0380B4010", "pop": 1771.0, "income": 381.1, "male_frac": 0.5156, "child_frac": 0.2174, "elder_frac": 0.1863, "dependency": 0.6771, "needZ": -0.1396, "needZ_v1": 0.0582, "regso": "0380R002", "higher_ed": 73.7, "neet": 7.8, "income_support": 0.2}}, {"type": "Feature", "geometry": {"type": "Polygon", "coordinates": [[[17.55751562, 60.04956348], [17.55756847, 60.04956111], [17.5582465, 60.04950999], [17.5582984, 60.04950495], [17.5589687, 60.04943242], [17.55962848, 60.04933889], [17.5596793, 60.04933144], [17.56032592, 60.04921715], [17.56037491, 60.04920713], [17.56100559, 60.04907266], [17.56161799, 60.04891843], [17.56166488, 60.04890612], [17.5622564, 60.04873279], [17.56230059, 60.04871819], [17.56269713, 60.04858449], [17.56308039, 60.04848796], [17.56312745, 60.0484759], [17.56371895, 60.04830258], [17.56376361, 60.04828833], [17.56433191, 60.04809667], [17.56487468, 60.04788737], [17.56491622, 60.04787103], [17.56494903, 60.04785665], [17.56501121, 60.04784098], [17.56560268, 60.04766764], [17.5656047, 60.04766697], [17.56572809, 60.04763081], [17.56629637, 60.04743914], [17.56683912, 60.04722983], [17.56735419, 60.04700372], [17.5678396, 60.04676184], [17.56795176, 60.04670514], [17.56840548, 60.04644833], [17.56882553, 60.04617762], [17.56921037, 60.04589422], [17.56955846, 60.04559922], [17.56986841, 60.04529373], [17.57013883, 60.04497905], [17.5703688, 60.04465653], [17.57055735, 60.04432726], [17.57070373, 60.04399271], [17.57080729, 60.04365424], [17.57086756, 60.04331319], [17.57088448, 60.04297092], [17.57085786, 60.04262869], [17.57085249, 60.04256915], [17.57078246, 60.04222848], [17.57066941, 60.04189081], [17.57062101, 60.0417845], [17.57061587, 60.04177356], [17.57061737, 60.04174335], [17.57062982, 60.0417149], [17.57073338, 60.04137642], [17.57075585, 60.04127701], [17.57081612, 60.04093596], [17.57082282, 60.04080128], [17.57092378, 60.04047129], [17.57098403, 60.04013025], [17.57098831, 60.04010151], [17.57100523, 60.03975915], [17.57100318, 60.03973287], [17.57101921, 60.03971038], [17.57116157, 60.03946168], [17.57121879, 60.03940533], [17.57148915, 60.03909064], [17.57171907, 60.03876811], [17.57190758, 60.03843885], [17.57205392, 60.0381043], [17.57215745, 60.03776582], [17.57221769, 60.03742477], [17.5722346, 60.0370825], [17.57220797, 60.03674027], [17.57213794, 60.03639969], [17.57213362, 60.03638028], [17.57202059, 60.03604261], [17.57186479, 60.03570918], [17.57166694, 60.03538133], [17.5716087, 60.03528923], [17.57136963, 60.03496829], [17.57109036, 60.03465568], [17.57077199, 60.03435244], [17.57069345, 60.03428104], [17.57103554, 60.03423244], [17.57116436, 60.03420963], [17.57128107, 60.03419308], [17.57192735, 60.03407873], [17.5725577, 60.03394421], [17.57265694, 60.03392189], [17.573269, 60.03376761], [17.57386019, 60.03359423], [17.57430857, 60.03344286], [17.57490912, 60.0333576], [17.57555537, 60.03324323], [17.57567356, 60.0332209], [17.57630387, 60.03308636], [17.57641366, 60.03305889], [17.57645374, 60.03304886], [17.57706577, 60.03289456], [17.57765692, 60.03272117], [17.57822487, 60.03252946], [17.5787673, 60.0323201], [17.57890025, 60.03226316], [17.57941501, 60.03203701], [17.57990011, 60.03179508], [17.58010697, 60.03167787], [17.58044321, 60.0315301], [17.58092829, 60.03128817], [17.58138171, 60.03103132], [17.58180146, 60.03076057], [17.58218601, 60.03047713], [17.58253383, 60.0301821], [17.58284351, 60.02987659], [17.58311369, 60.02956187], [17.58334341, 60.02923924], [17.58353176, 60.02891005], [17.58367795, 60.02857548], [17.58378133, 60.028237], [17.58384144, 60.02789594], [17.58385821, 60.02755358], [17.58383149, 60.02721144], [17.58376136, 60.02687087], [17.58364824, 60.02653321], [17.58349238, 60.02619979], [17.58329447, 60.02587196], [17.58305537, 60.02555104], [17.58277607, 60.02523845], [17.58245768, 60.02493525], [17.58234856, 60.02484567], [17.58229755, 60.02478577], [17.58201826, 60.02447318], [17.58169989, 60.02416998], [17.58134359, 60.02387748], [17.58123479, 60.02379769], [17.58084212, 60.02351714], [17.58041465, 60.02324956], [17.5799541, 60.02299602], [17.57981634, 60.02292829], [17.57932442, 60.02268991], [17.57880326, 60.02246763], [17.57825501, 60.02226223], [17.57809356, 60.02220933], [17.57752036, 60.02202175], [17.57692449, 60.02185275], [17.57630837, 60.02170292], [17.5762637, 60.02169382], [17.57618807, 60.02156838], [17.57617235, 60.02154327], [17.57593335, 60.02122233], [17.57583379, 60.02110509], [17.57555459, 60.02079248], [17.57540017, 60.0206454], [17.57540143, 60.02061017], [17.57540139, 60.02060586], [17.57540142, 60.02060244], [17.57540115, 60.02059526], [17.57540112, 60.02059482], [17.57537449, 60.02025267], [17.57537293, 60.02023842], [17.57537288, 60.02023779], [17.57537218, 60.02023251], [17.57530215, 60.01989193], [17.57530084, 60.01988648], [17.57529988, 60.01988362], [17.57529666, 60.01987264], [17.57529643, 60.01987156], [17.57518342, 60.01953389], [17.57518152, 60.01952854], [17.57517918, 60.0195232], [17.57502344, 60.01918977], [17.57502277, 60.01918879], [17.57501749, 60.01917803], [17.57501624, 60.01917527], [17.57501299, 60.01916958], [17.57501009, 60.01916461], [17.57493651, 60.01904263], [17.5748809, 60.0189442], [17.57477629, 60.01871998], [17.57476058, 60.01869119], [17.57456281, 60.01836334], [17.57432384, 60.0180424], [17.57430571, 60.01801859], [17.57402655, 60.01770598], [17.57400391, 60.01768307], [17.57368568, 60.01737985], [17.57332952, 60.01708733], [17.57330281, 60.01706558], [17.5729103, 60.01678499], [17.57287941, 60.01676467], [17.5724521, 60.01649707], [17.5719917, 60.01624349], [17.57195724, 60.01622467], [17.57146547, 60.01598626], [17.57142759, 60.01596921], [17.5709066, 60.0157469], [17.57035851, 60.01554147], [17.57031751, 60.01552619], [17.56974448, 60.01533857], [17.56970084, 60.01532541], [17.56910513, 60.01515637], [17.56848916, 60.0150065], [17.56844317, 60.01499545], [17.56780937, 60.01486541], [17.56776147, 60.01485655], [17.56711253, 60.01474693], [17.56645085, 60.01465802], [17.56640152, 60.01465153], [17.56573009, 60.01458383], [17.56567976, 60.01457969], [17.56500096, 60.01453332], [17.56431778, 60.0145086], [17.56425828, 60.01450652], [17.5636665, 60.01450032], [17.56366427, 60.01450018], [17.56361317, 60.01449965], [17.56338243, 60.0144435], [17.56292016, 60.01433265], [17.56251187, 60.01423477], [17.5620778, 60.01413065], [17.56201929, 60.0141184], [17.56138552, 60.01398833], [17.56073662, 60.01387867], [17.56068467, 60.01387079], [17.5604076, 60.0138335], [17.56034778, 60.01382343], [17.55968613, 60.01373449], [17.55962606, 60.01372686], [17.55895451, 60.01365913], [17.5586324, 60.01362675], [17.55285997, 60.02613651], [17.55370171, 60.0276714], [17.55205614, 60.03178789], [17.5521916, 60.0335432], [17.5522195, 60.03390463], [17.55066087, 60.03781255], [17.55070902, 60.0397764], [17.55043697, 60.04696856], [17.5479897, 60.04913486], [17.54799397, 60.0491345], [17.54807331, 60.04912794], [17.5480964, 60.04912588], [17.54820503, 60.04911508], [17.54822796, 60.04911266], [17.54889827, 60.04904018], [17.54900617, 60.04902759], [17.54902892, 60.04902482], [17.54911762, 60.04901296], [17.54913521, 60.04901055], [17.54915822, 60.04900732], [17.54918401, 60.04900368], [17.5494601, 60.0490553], [17.55011641, 60.04915464], [17.55016675, 60.04916202], [17.55083434, 60.04924039], [17.55088596, 60.04924523], [17.55156228, 60.04930232], [17.55224434, 60.04933792], [17.5522968, 60.04934014], [17.55284337, 60.04935132], [17.55326936, 60.0494065], [17.55393696, 60.04948495], [17.55399744, 60.04949123], [17.55467377, 60.04954831], [17.55472642, 60.04955106], [17.55540849, 60.04958664], [17.55609378, 60.0496006], [17.55614668, 60.04960084], [17.55683221, 60.04959297], [17.55751562, 60.04956348]]]}, "properties": {"deso": "0380B4020", "pop": 1773.0, "income": 381.1, "male_frac": 0.5181, "child_frac": 0.2324, "elder_frac": 0.1799, "dependency": 0.7015, "needZ": -0.1194, "needZ_v1": 0.1054, "regso": "0380R002", "higher_ed": 73.7, "neet": 7.8, "income_support": 0.2}}, {"type": "Feature", "geometry": {"type": "Polygon", "coordinates": [[[18.35710795, 60.06362348], [18.35936642, 60.06526471], [18.36187627, 60.06501344], [18.36358356, 60.06335769], [18.36267489, 60.06170222], [18.36367371, 60.05981642], [18.36520749, 60.06043939], [18.36979874, 60.06114845], [18.37552855, 60.06238391], [18.38877257, 60.05899444], [18.38843144, 60.05815184], [18.38915372, 60.05633069], [18.38952383, 60.05633225], [18.38981981, 60.05354992], [18.39242844, 60.05275729], [18.39574688, 60.04977732], [18.39680135, 60.04550169], [18.39157425, 60.0427736], [18.38885208, 60.04219465], [18.38848089, 60.04126944], [18.38844779, 60.0412313], [18.38847539, 60.04110462], [18.38885551, 60.04085441], [18.3889475, 60.04073309], [18.38890905, 60.04058205], [18.38889202, 60.04056766], [18.38897027, 60.04043365], [18.38906761, 60.04041777], [18.38915935, 60.04039798], [18.38924462, 60.04038726], [18.38933436, 60.04038549], [18.38961666, 60.04036899], [18.38971942, 60.04035261], [18.38978581, 60.0403297], [18.389984, 60.04024851], [18.39059234, 60.03995605], [18.39067386, 60.0398987], [18.39077328, 60.03984107], [18.3908406, 60.03978399], [18.39092683, 60.03969605], [18.3910117, 60.03959198], [18.39109712, 60.03949329], [18.39116193, 60.03945065], [18.39125169, 60.03940575], [18.39142357, 60.0393556], [18.39153908, 60.03931912], [18.39160762, 60.03927828], [18.39175415, 60.03913704], [18.39185942, 60.03901815], [18.39193678, 60.03890879], [18.39205561, 60.03882379], [18.39211965, 60.03877228], [18.39236026, 60.03863986], [18.39247415, 60.03858194], [18.39262029, 60.03848016], [18.39265468, 60.03844576], [18.39265994, 60.03842199], [18.39251179, 60.0381982], [18.39243242, 60.03791424], [18.39244271, 60.03781819], [18.39253083, 60.03776606], [18.39264095, 60.03775083], [18.3928002, 60.03774512], [18.39308066, 60.03769937], [18.39342643, 60.03762174], [18.39373608, 60.0374463], [18.39378472, 60.03742942], [18.39390408, 60.03734979], [18.39401076, 60.03729377], [18.39421479, 60.03719624], [18.39428118, 60.0371302], [18.39436935, 60.03706558], [18.39444575, 60.03694555], [18.39453233, 60.0368612], [18.39459853, 60.03683649], [18.39482006, 60.03677814], [18.39498153, 60.03673356], [18.3951347, 60.03667301], [18.39521054, 60.03663557], [18.39527257, 60.03660199], [18.39531305, 60.03657067], [18.39535311, 60.03653387], [18.39535347, 60.03649262], [18.39517131, 60.03628256], [18.39498764, 60.03609949], [18.39492419, 60.03602537], [18.39490569, 60.03597364], [18.39491965, 60.03592494], [18.39496008, 60.03589174], [18.39504709, 60.03585769], [18.39517532, 60.03584433], [18.3953364, 60.0358392], [18.39566974, 60.03583252], [18.39585572, 60.03582333], [18.39597021, 60.03581742], [18.39622653, 60.0357907], [18.39653826, 60.03573946], [18.39679906, 60.03567857], [18.39685347, 60.0356415], [18.39698701, 60.0355616], [18.39718631, 60.03540669], [18.39738545, 60.03529491], [18.39757925, 60.03524787], [18.3977297, 60.03519997], [18.39782497, 60.03518009], [18.39793022, 60.03514916], [18.39799246, 60.03511917], [18.39803999, 60.03508596], [18.39809457, 60.03496271], [18.39810392, 60.03481161], [18.3981145, 60.0347647], [18.39811784, 60.03471798], [18.39820407, 60.03467497], [18.39837174, 60.03461584], [18.39853378, 60.03457843], [18.39867594, 60.0345594], [18.39921434, 60.03460242], [18.39933181, 60.03459104], [18.39965332, 60.03452705], [18.3997845, 60.03450642], [18.40017258, 60.03450937], [18.40055107, 60.03452855], [18.40074829, 60.03452635], [18.40088731, 60.0345128], [18.40098671, 60.03449999], [18.40109961, 60.03447435], [18.4013604, 60.03437032], [18.40152005, 60.03430241], [18.40166498, 60.0342312], [18.40180967, 60.03415469], [18.40210791, 60.03393675], [18.40222946, 60.03384269], [18.40232326, 60.03371501], [18.40252586, 60.03351337], [18.40276669, 60.03335513], [18.40336712, 60.03282408], [18.40371829, 60.03256523], [18.40430514, 60.03229231], [18.40461143, 60.03213849], [18.40485643, 60.03206685], [18.40512473, 60.03201438], [18.40573296, 60.03203544], [18.40600282, 60.03200098], [18.40623037, 60.03189376], [18.40643085, 60.03167761], [18.40658919, 60.03133001], [18.40688122, 60.03098625], [18.40703325, 60.03081457], [18.40754498, 60.03041688], [18.40892234, 60.02969762], [18.41364523, 60.02752665], [18.41455562, 60.02722923], [18.41573086, 60.02682809], [18.41710351, 60.02558061], [18.41774614, 60.02530088], [18.43170111, 60.02070362], [18.43642291, 60.01869346], [18.44113738, 60.01827303], [18.44422853, 60.01764635], [18.44846741, 60.01576362], [18.44855454, 60.0133153], [18.44892834, 60.0119753], [18.45022111, 60.01134334], [18.45485699, 60.00983171], [18.45833533, 60.00940023], [18.46002905, 60.00950238], [18.46203777, 60.0087632], [18.46258385, 60.00803415], [18.46472756, 60.00741799], [18.46640415, 60.00748448], [18.4679157, 60.00718229], [18.47113107, 60.00457834], [18.47335831, 60.00429769], [18.47333679, 60.00427032], [18.47282117, 60.00332808], [18.47278678, 60.00227991], [18.47116922, 59.99948246], [18.46216265, 59.99368777], [18.45964737, 59.99365527], [18.45877064, 59.99498316], [18.451245, 59.99421493], [18.4505074, 59.99310114], [18.4483878, 59.99191143], [18.44865301, 59.99158308], [18.44893427, 59.99155794], [18.44827853, 59.99109103], [18.44796703, 59.99095504], [18.44752944, 59.99057551], [18.44673873, 59.99021708], [18.44605895, 59.98985825], [18.44500763, 59.99026445], [18.43990125, 59.9877184], [18.43989531, 59.98767695], [18.43989646, 59.98764817], [18.43988644, 59.98761429], [18.43983853, 59.98755605], [18.43983006, 59.98749877], [18.43986119, 59.98740118], [18.43987606, 59.98736494], [18.4398733, 59.98733266], [18.43982934, 59.98727972], [18.4396234, 59.9872194], [18.43896767, 59.98705382], [18.43877016, 59.98696642], [18.43870854, 59.98695698], [18.43855423, 59.98699793], [18.43839855, 59.98702283], [18.4297001, 59.98273228], [18.42959774, 59.98275058], [18.42862752, 59.98225572], [18.4285918, 59.98204639], [18.42721721, 59.9818564], [18.42717227, 59.98167795], [18.4272027, 59.98153896], [18.42729727, 59.98139678], [18.42742914, 59.98048321], [18.42759872, 59.97841223], [18.42803093, 59.97414969], [18.42864109, 59.96995484], [18.42909765, 59.96658967], [18.42928834, 59.96530122], [18.42929047, 59.96499466], [18.42337414, 59.95632592], [18.40335223, 59.95687535], [18.40070932, 59.95633929], [18.39490209, 59.95548593], [18.39028361, 59.95361517], [18.39028338, 59.95361437], [18.39028308, 59.95361437], [18.36555426, 59.95245263], [18.35570528, 59.95223487], [18.3534221, 59.95226234], [18.34939924, 59.95231061], [18.34926436, 59.95231224], [18.34921368, 59.95239125], [18.34641107, 59.95676461], [18.34593602, 59.95750581], [18.34025632, 59.96048177], [18.33887634, 59.96149439], [18.33245723, 59.96620342], [18.33236652, 59.96627005], [18.33208206, 59.96635163], [18.3320483, 59.96636129], [18.32808866, 59.96749781], [18.32030954, 59.96909719], [18.31586161, 59.96852374], [18.31276817, 59.9678251], [18.31202986, 59.96762271], [18.30973689, 59.96675141], [18.3068521, 59.96412929], [18.29706792, 59.96302047], [18.29255202, 59.96208028], [18.28956974, 59.96152093], [18.28871788, 59.96136114], [18.28826928, 59.96127699], [18.27860783, 59.95917588], [18.27378277, 59.95817043], [18.27321323, 59.95805177], [18.27167691, 59.9577315], [18.27146057, 59.95768647], [18.27119565, 59.95763123], [18.26457577, 59.95587095], [18.254548, 59.95961673], [18.24867365, 59.96710623], [18.24442842, 59.9659457], [18.23449469, 59.96322921], [18.23262052, 59.96391955], [18.2309487, 59.96372836], [18.23086278, 59.96272851], [18.22159825, 59.95564138], [18.21057324, 59.95057019], [18.20145955, 59.94736254], [18.20029103, 59.94695121], [18.20049029, 59.94618718], [18.20075894, 59.94515661], [18.20084074, 59.9448425], [18.20167505, 59.94164154], [18.2015142, 59.94150358], [18.19975555, 59.93999386], [18.1996524, 59.93986303], [18.19738453, 59.93942994], [18.18196546, 59.93648425], [18.18194395, 59.93648019], [18.17874635, 59.93586897], [18.17854178, 59.93582988], [18.17791455, 59.93570997], [18.17727493, 59.93555001], [18.17411124, 59.93475881], [18.16598568, 59.93272614], [18.16458551, 59.93237578], [18.15421651, 59.92978056], [18.14916001, 59.9285146], [18.14537828, 59.9275675], [18.14246932, 59.92883325], [18.13728717, 59.9310877], [18.13699689, 59.93121401], [18.13385448, 59.93161976], [18.13044277, 59.93234555], [18.13018554, 59.93239218], [18.12548246, 59.93317699], [18.12516622, 59.93317254], [18.12404349, 59.93315649], [18.12333428, 59.93314644], [18.12236517, 59.93313265], [18.12151428, 59.9332927], [18.1213132, 59.93333052], [18.12085489, 59.93341675], [18.10558423, 59.93628827], [18.1046419, 59.93646536], [18.10362861, 59.93665579], [18.10291873, 59.93678921], [18.1001167, 59.93581209], [18.09918686, 59.93579093], [18.09832442, 59.93576907], [18.09194803, 59.93720775], [18.0873362, 59.93654683], [18.08405167, 59.93678014], [18.08307321, 59.93691767], [18.0817665, 59.93710141], [18.07250887, 59.93841646], [18.06320637, 59.93900662], [18.05925219, 59.94109288], [18.05364017, 59.94187102], [18.04973538, 59.94085559], [18.04833036, 59.9404902], [18.0474156, 59.94063739], [18.0472059, 59.94067108], [18.04213571, 59.94154301], [18.04160998, 59.94163169], [18.03994551, 59.94188965], [18.03671679, 59.94365967], [18.03466501, 59.94513103], [18.03431807, 59.94537969], [18.03395794, 59.94539688], [18.03401053, 59.94558271], [18.03371608, 59.94576584], [18.03323331, 59.94582932], [18.03221638, 59.94705223], [18.03207573, 59.94722149], [18.02898981, 59.95018044], [18.02896822, 59.95038235], [18.02830771, 59.95064368], [18.02803837, 59.95077258], [18.02771338, 59.95101524], [18.02759108, 59.95118694], [18.02757916, 59.95120357], [18.02736811, 59.95157953], [18.02722677, 59.95199585], [18.0269241, 59.95281996], [18.02690364, 59.95287577], [18.02667679, 59.95345109], [18.02648145, 59.95408533], [18.02644792, 59.95420514], [18.02644227, 59.95647779], [18.0261292, 59.95645183], [18.02590996, 59.95782985], [18.03120265, 59.96152019], [18.03685732, 59.96406698], [18.03849379, 59.96623544], [18.04120832, 59.9683244], [18.04238903, 59.97075864], [18.04366607, 59.97213451], [18.04405549, 59.97264551], [18.04370281, 59.9726779], [18.02309661, 59.97431024], [18.02427727, 59.97851846], [18.02320037, 59.97880332], [18.02091701, 59.97940722], [18.01914492, 59.97987587], [18.01822284, 59.98011976], [18.01743948, 59.98032688], [18.01731169, 59.98037023], [18.01654712, 59.98062955], [18.01552524, 59.98097615], [18.01427184, 59.98140124], [18.0131442, 59.98178374], [18.01256316, 59.98198082], [18.01096509, 59.98167125], [18.01295526, 59.99323504], [18.01404281, 59.9955279], [18.01479819, 59.99729992], [18.01526632, 60.0009798], [18.01547183, 60.00231178], [18.01557964, 60.00301121], [18.01570828, 60.0038451], [18.01567672, 60.00482378], [18.01564522, 60.00579671], [18.01562773, 60.00633388], [18.01552975, 60.00680776], [18.01538004, 60.00753077], [18.01529261, 60.0079533], [18.01561802, 60.00809319], [18.01569408, 60.00866309], [18.01382532, 60.00904517], [18.01328186, 60.00947648], [18.01318305, 60.00955169], [18.01182009, 60.0101378], [18.01131518, 60.01015255], [18.01127931, 60.0101682], [18.01063038, 60.0104508], [18.01027424, 60.01060598], [18.0092309, 60.01145645], [18.00842738, 60.01211134], [18.00852523, 60.01235903], [18.00857712, 60.01249027], [18.00827648, 60.01278738], [18.00631819, 60.01472196], [18.0058774, 60.01465151], [18.00455737, 60.01591941], [18.00501971, 60.01638987], [18.00525122, 60.01657424], [18.00545499, 60.01673679], [18.00616596, 60.01722952], [18.00628306, 60.01728022], [18.00635242, 60.01722743], [18.0064038, 60.01725375], [18.00646689, 60.01729975], [18.00666382, 60.01745364], [18.00714913, 60.0177138], [18.00750237, 60.01783189], [18.00828557, 60.01825559], [18.00859725, 60.01840642], [18.00921389, 60.01871721], [18.00930878, 60.01883283], [18.00952041, 60.01914809], [18.00980034, 60.01938902], [18.01039395, 60.01966593], [18.01093664, 60.02000625], [18.01248499, 60.02087738], [18.01333046, 60.02121941], [18.01453331, 60.02171911], [18.01543894, 60.02198168], [18.01864517, 60.02260384], [18.0195136, 60.02263995], [18.02053093, 60.02268227], [18.02365813, 60.02281219], [18.02365828, 60.02281219], [18.02365839, 60.02281174], [18.02771103, 60.02286584], [18.03068007, 60.02307047], [18.03730148, 60.02328306], [18.03749574, 60.02453739], [18.03898478, 60.02710679], [18.03885762, 60.03033577], [18.03595364, 60.03109099], [18.03631054, 60.03167023], [18.03733143, 60.03240875], [18.03824036, 60.03328684], [18.04179336, 60.03313983], [18.04264373, 60.03368101], [18.04302241, 60.03356537], [18.04257386, 60.03302483], [18.04363033, 60.03235913], [18.0439244, 60.03219963], [18.04414334, 60.03212164], [18.0447928, 60.03196697], [18.04558274, 60.03182316], [18.0463733, 60.03223399], [18.04774291, 60.03242833], [18.04799394, 60.03239971], [18.05004562, 60.03222774], [18.05119188, 60.03312569], [18.05563817, 60.03346327], [18.05591215, 60.03342827], [18.05698864, 60.03343022], [18.05767176, 60.03350685], [18.05781463, 60.03398354], [18.05772363, 60.03455918], [18.06000004, 60.03463815], [18.0615379, 60.03477779], [18.06286556, 60.0349406], [18.06484212, 60.03547483], [18.06440506, 60.03564713], [18.0641122, 60.03593728], [18.06402344, 60.03616834], [18.06363722, 60.03629498], [18.06329323, 60.03635624], [18.06379323, 60.03756266], [18.06443704, 60.03769192], [18.0651774, 60.03781776], [18.06521015, 60.03804151], [18.06576324, 60.03804673], [18.06651201, 60.03792306], [18.06636511, 60.03953737], [18.05634267, 60.04178168], [18.05282228, 60.04238442], [18.04910506, 60.04332599], [18.04925178, 60.04342951], [18.04974995, 60.04369264], [18.05018597, 60.04394049], [18.05040825, 60.04406329], [18.05074101, 60.04419369], [18.05129405, 60.04436427], [18.05174474, 60.04450604], [18.05191176, 60.0445356], [18.05380893, 60.044952], [18.05402303, 60.04504371], [18.05428381, 60.04518852], [18.05446409, 60.04525739], [18.05458243, 60.04525546], [18.05480726, 60.04523571], [18.05514869, 60.04518882], [18.05524252, 60.04541538], [18.05533767, 60.04555207], [18.05544052, 60.04564375], [18.05561197, 60.04568587], [18.05614041, 60.0456988], [18.05702278, 60.04574558], [18.0571955, 60.04575173], [18.0572884, 60.04585442], [18.057383, 60.04603775], [18.05750159, 60.04615072], [18.05759205, 60.04621573], [18.05779591, 60.04625908], [18.05813818, 60.04627873], [18.05840565, 60.04630668], [18.05863892, 60.0463621], [18.05876768, 60.04641032], [18.05879434, 60.04648706], [18.0587455, 60.0466172], [18.05870496, 60.04676502], [18.05879046, 60.04686599], [18.05888749, 60.04692187], [18.05902262, 60.04695737], [18.05922509, 60.04697919], [18.05976102, 60.0469975], [18.0600657, 60.04704641], [18.0602988, 60.04709824], [18.06052796, 60.04719867], [18.06060163, 60.04722795], [18.06060524, 60.04733568], [18.06056135, 60.04748717], [18.06054053, 60.04760786], [18.06063449, 60.0477266], [18.06075437, 60.0478036], [18.06098034, 60.04790949], [18.06124053, 60.04799142], [18.06160867, 60.04802313], [18.06186588, 60.0480585], [18.06207418, 60.04811431], [18.06227234, 60.04823504], [18.06247779, 60.0483017], [18.06284663, 60.04834417], [18.06311165, 60.04839014], [18.06322518, 60.04842416], [18.06349881, 60.04854538], [18.06395074, 60.04881277], [18.06430016, 60.04899557], [18.06479115, 60.04920303], [18.06498115, 60.04928837], [18.06531349, 60.04939385], [18.06566051, 60.04948516], [18.06598823, 60.04955526], [18.06632645, 60.04956772], [18.06657734, 60.0495618], [18.06674396, 60.04947654], [18.06691836, 60.04940008], [18.06708316, 60.04933993], [18.0673897, 60.04930802], [18.06777594, 60.04934127], [18.06802003, 60.04939472], [18.06830159, 60.049365], [18.06866132, 60.04926761], [18.06884776, 60.04921073], [18.06915093, 60.04918239], [18.06948684, 60.04921465], [18.06963158, 60.04923204], [18.06989432, 60.04924211], [18.0703999, 60.04907054], [18.07072241, 60.04900959], [18.07113401, 60.04893641], [18.07174363, 60.04883698], [18.07270781, 60.04862949], [18.07331786, 60.04847587], [18.07378633, 60.04834845], [18.0742088, 60.04824572], [18.07475212, 60.0481648], [18.07517797, 60.0481097], [18.07591521, 60.04807322], [18.0770701, 60.04800653], [18.07825218, 60.04791529], [18.07872668, 60.04787351], [18.07929453, 60.04777618], [18.08001087, 60.04764601], [18.08107584, 60.04746693], [18.08251134, 60.04719572], [18.08347973, 60.04702183], [18.0842228, 60.04686245], [18.08491041, 60.04667875], [18.08563609, 60.04647296], [18.08628928, 60.04630965], [18.08670404, 60.04623285], [18.08735759, 60.04613052], [18.09052679, 60.04559373], [18.09116313, 60.04550248], [18.09315929, 60.04518956], [18.09342661, 60.04516183], [18.09389339, 60.04505719], [18.0944842, 60.04493069], [18.09509144, 60.04477892], [18.09597486, 60.04457225], [18.09745367, 60.04425521], [18.0985023, 60.04399551], [18.09932368, 60.04382755], [18.09974437, 60.0437326], [18.10009174, 60.04361556], [18.10042507, 60.04350056], [18.10072301, 60.0433951], [18.10124236, 60.0432734], [18.10172253, 60.04315413], [18.10331348, 60.04274366], [18.10424218, 60.04252023], [18.1051347, 60.04235021], [18.10602885, 60.04220224], [18.10672467, 60.04205776], [18.10744266, 60.04191285], [18.10846426, 60.04169647], [18.10885482, 60.04160139], [18.10944503, 60.04152487], [18.11043187, 60.04144144], [18.11139355, 60.04131431], [18.11244336, 60.04118572], [18.11355927, 60.04105583], [18.11456352, 60.04090593], [18.11528754, 60.04084914], [18.11587772, 60.0407726], [18.11613902, 60.04072394], [18.11676553, 60.0405364], [18.11726291, 60.04048594], [18.11793824, 60.04045481], [18.11874887, 60.04042121], [18.11917156, 60.04037511], [18.11970881, 60.04030762], [18.12035937, 60.04019936], [18.12104715, 60.04007116], [18.12188836, 60.03992083], [18.12272819, 60.03975121], [18.12362596, 60.03958049], [18.12425713, 60.03947257], [18.12477513, 60.03940543], [18.12519903, 60.0393786], [18.12570181, 60.03936984], [18.12616431, 60.03934237], [18.12654699, 60.03927751], [18.12738677, 60.03910787], [18.12791982, 60.03898222], [18.12814505, 60.03888148], [18.12829156, 60.03876274], [18.12841468, 60.03858625], [18.12855961, 60.03845875], [18.12879128, 60.03836037], [18.1291309, 60.03828512], [18.12979462, 60.03811325], [18.13052209, 60.03786853], [18.13174921, 60.03759336], [18.13269901, 60.03733024], [18.1356788, 60.03640055], [18.13612276, 60.03620161], [18.13618171, 60.03618134], [18.13657994, 60.03600774], [18.13768704, 60.03547896], [18.14559203, 60.03547346], [18.15501616, 60.03436172], [18.15894479, 60.03424678], [18.1632036, 60.03416675], [18.16656212, 60.03310518], [18.16700086, 60.0329607], [18.16784518, 60.03266895], [18.16891651, 60.03231235], [18.17015763, 60.03196595], [18.17068046, 60.03184011], [18.17133727, 60.03168759], [18.1720086, 60.03153832], [18.1724117, 60.03140097], [18.17305081, 60.03125247], [18.17389572, 60.03107736], [18.17463686, 60.03094437], [18.17528066, 60.0308819], [18.17605188, 60.03079848], [18.17681399, 60.03080683], [18.17748039, 60.03075459], [18.17808806, 60.03076315], [18.17889182, 60.03068253], [18.17975643, 60.03060026], [18.18061831, 60.03049127], [18.18142898, 60.03033491], [18.18209091, 60.03016245], [18.18275783, 60.03004198], [18.18335415, 60.02986041], [18.18431474, 60.02973267], [18.18549486, 60.02953503], [18.18634046, 60.02940654], [18.18705536, 60.02926333], [18.18769427, 60.02915069], [18.18827635, 60.02904302], [18.18885664, 60.02888149], [18.18936038, 60.02870931], [18.19010123, 60.02850076], [18.19072639, 60.02828423], [18.19165134, 60.0280856], [18.19334396, 60.02769742], [18.19508751, 60.02735103], [18.19642632, 60.02709006], [18.19780188, 60.0267653], [18.19940091, 60.02637392], [18.20088663, 60.02603747], [18.20244308, 60.02569021], [18.2035511, 60.02541869], [18.20485049, 60.02516039], [18.20572606, 60.02489996], [18.20602148, 60.02478587], [18.20742373, 60.02459162], [18.21245552, 60.02396175], [18.21913476, 60.02527476], [18.2200531, 60.02514302], [18.22074556, 60.02497852], [18.22159801, 60.02470238], [18.22265678, 60.02448041], [18.22355259, 60.02428037], [18.22444314, 60.02401892], [18.22553121, 60.02379109], [18.22598519, 60.02375493], [18.22656529, 60.02370499], [18.22700562, 60.02365191], [18.2272345, 60.02363051], [18.22812206, 60.0235133], [18.22849835, 60.02345801], [18.22926412, 60.02332931], [18.22959534, 60.02324619], [18.23000607, 60.02317055], [18.23038887, 60.0231062], [18.23072026, 60.02307329], [18.23108968, 60.02307207], [18.23149377, 60.02310431], [18.23184083, 60.02313939], [18.23225054, 60.02320034], [18.2326589, 60.02328998], [18.23300772, 60.02340048], [18.23326528, 60.02348923], [18.23361617, 60.02362844], [18.23404287, 60.0237753], [18.23435262, 60.0239404], [18.2345395, 60.02414354], [18.23477202, 60.02433344], [18.234971, 60.02450583], [18.2354465, 60.02493029], [18.23568889, 60.02515579], [18.23582441, 60.02534384], [18.23591074, 60.02554523], [18.23599657, 60.02578975], [18.23629134, 60.02634316], [18.23634122, 60.02653807], [18.23631531, 60.02677563], [18.23617086, 60.02715904], [18.23605051, 60.02733189], [18.23588711, 60.02750364], [18.23575239, 60.02762643], [18.23553726, 60.02787644], [18.23514232, 60.02822125], [18.23494952, 60.02843307], [18.23460498, 60.02868175], [18.23432562, 60.02893828], [18.23411344, 60.02917914], [18.23385475, 60.02942456], [18.23356898, 60.02963982], [18.23336274, 60.02976751], [18.23307172, 60.02991102], [18.23297063, 60.02999022], [18.23289803, 60.03010799], [18.23511788, 60.0304352], [18.24335584, 60.03230926], [18.24889902, 60.03337953], [18.25890719, 60.03446371], [18.2632878, 60.0345478], [18.27258882, 60.03365984], [18.28593128, 60.03401923], [18.29266899, 60.03408121], [18.29701358, 60.0336799], [18.30064972, 60.03436759], [18.31225001, 60.0364936], [18.3126941, 60.03652783], [18.31727512, 60.03686046], [18.32378231, 60.03731832], [18.32751738, 60.03786191], [18.33077763, 60.03783039], [18.33890652, 60.03841848], [18.33790315, 60.03975826], [18.33266477, 60.04385394], [18.33027718, 60.0478159], [18.32662428, 60.05131793], [18.32662379, 60.05413365], [18.32324305, 60.05772899], [18.32161724, 60.05943649], [18.3191392, 60.0613857], [18.32212557, 60.06184443], [18.32269118, 60.06193515], [18.32274135, 60.06194315], [18.32516299, 60.06226309], [18.35042766, 60.06584642], [18.35710795, 60.06362348]]]}, "properties": {"deso": "0380A0130", "pop": 1752.0, "income": 342.9, "male_frac": 0.5248, "child_frac": 0.1826, "elder_frac": 0.2203, "dependency": 0.675, "needZ": 0.2473, "needZ_v1": 0.3657, "regso": "0380R042", "higher_ed": 68.6, "neet": 11.4, "income_support": 0.2}}, {"type": "Feature", "geometry": {"type": "Polygon", "coordinates": [[[17.89533131, 60.11434619], [17.89848607, 60.11410229], [17.89724536, 60.11159948], [17.89522298, 60.10908152], [17.89609803, 60.10549501], [17.89503585, 60.10409508], [17.89498346, 60.10383131], [17.894834, 60.10336962], [17.89483253, 60.10323635], [17.8947731, 60.09740961], [17.89804554, 60.09626428], [17.8989146, 60.09024336], [17.90363503, 60.08718326], [17.90260238, 60.08609877], [17.89040678, 60.07325399], [17.90689157, 60.0592301], [17.91525959, 60.06328016], [17.94662492, 60.0620199], [17.95983263, 60.0603112], [17.96048025, 60.06021674], [17.96113855, 60.0601454], [17.97309706, 60.05956138], [17.97987577, 60.05860376], [17.98538982, 60.05852286], [17.99578769, 60.05134928], [17.99067816, 60.04789509], [17.99482297, 60.04321906], [18.00290256, 60.04060791], [18.00407363, 60.04022229], [18.01074608, 60.03540402], [18.01157358, 60.03467356], [18.01317633, 60.03329197], [18.01610779, 60.03142806], [18.01732621, 60.0304485], [18.0175664, 60.03044211], [18.01829478, 60.0295501], [18.01865232, 60.02922032], [18.01896431, 60.02887504], [18.01900052, 60.02882893], [18.01936248, 60.02842933], [18.01979099, 60.0278815], [18.01996296, 60.0277023], [18.02006003, 60.02759299], [18.02046572, 60.02720891], [18.02063449, 60.02696555], [18.02089048, 60.02630434], [18.02137158, 60.02599723], [18.02221834, 60.02584211], [18.02318909, 60.02400366], [18.02365828, 60.02281219], [18.02365813, 60.02281219], [18.02053093, 60.02268227], [18.0195136, 60.02263995], [18.01864517, 60.02260384], [18.01543894, 60.02198168], [18.01453331, 60.02171911], [18.01333046, 60.02121941], [18.01248499, 60.02087738], [18.01093664, 60.02000625], [18.01039395, 60.01966593], [18.00980034, 60.01938902], [18.00952041, 60.01914809], [18.00930878, 60.01883283], [18.00921389, 60.01871721], [18.00859725, 60.01840642], [18.00828557, 60.01825559], [18.00750237, 60.01783189], [18.00714913, 60.0177138], [18.00666382, 60.01745364], [18.00646689, 60.01729975], [18.0064038, 60.01725375], [18.00635242, 60.01722743], [18.00628306, 60.01728022], [18.00616596, 60.01722952], [18.00545499, 60.01673679], [18.00525122, 60.01657424], [18.00501971, 60.01638987], [18.00455737, 60.01591941], [18.0058774, 60.01465151], [18.00631819, 60.01472196], [18.00827648, 60.01278738], [18.00857712, 60.01249027], [18.00852523, 60.01235903], [18.00842738, 60.01211134], [18.0092309, 60.01145645], [18.01027424, 60.01060598], [18.01063038, 60.0104508], [18.01127931, 60.0101682], [18.01131518, 60.01015255], [18.01182009, 60.0101378], [18.01318305, 60.00955169], [18.01328186, 60.00947648], [18.01382532, 60.00904517], [18.01569408, 60.00866309], [18.01561802, 60.00809319], [18.01529261, 60.0079533], [18.01538004, 60.00753077], [18.01552975, 60.00680776], [18.01562773, 60.00633388], [18.01564522, 60.00579671], [18.01567672, 60.00482378], [18.01570828, 60.0038451], [18.01557964, 60.00301121], [18.01547183, 60.00231178], [18.01526632, 60.0009798], [18.01479819, 59.99729992], [18.01404281, 59.9955279], [18.01295526, 59.99323504], [18.01096509, 59.98167125], [18.01256316, 59.98198082], [18.0131442, 59.98178374], [18.01427184, 59.98140124], [18.01552524, 59.98097615], [18.01654712, 59.98062955], [18.01731169, 59.98037023], [18.01743948, 59.98032688], [18.01822284, 59.98011976], [18.01914492, 59.97987587], [18.02091701, 59.97940722], [18.02320037, 59.97880332], [18.02427727, 59.97851846], [18.02309661, 59.97431024], [18.04370281, 59.9726779], [18.04405549, 59.97264551], [18.04366607, 59.97213451], [18.04238903, 59.97075864], [18.04120832, 59.9683244], [18.03849379, 59.96623544], [18.03685732, 59.96406698], [18.03120265, 59.96152019], [18.02590996, 59.95782985], [18.0261292, 59.95645183], [18.02644227, 59.95647779], [18.02644792, 59.95420514], [18.02648145, 59.95408533], [18.02667679, 59.95345109], [18.02690364, 59.95287577], [18.0269241, 59.95281996], [18.02722677, 59.95199585], [18.02736811, 59.95157953], [18.02757916, 59.95120357], [18.02759108, 59.95118694], [18.02771338, 59.95101524], [18.02803837, 59.95077258], [18.02830771, 59.95064368], [18.02896822, 59.95038235], [18.02898981, 59.95018044], [18.03207573, 59.94722149], [18.03221638, 59.94705223], [18.03323331, 59.94582932], [18.03371608, 59.94576584], [18.03401053, 59.94558271], [18.03395794, 59.94539688], [18.03431807, 59.94537969], [18.03466501, 59.94513103], [18.03671679, 59.94365967], [18.03994551, 59.94188965], [18.03524006, 59.94035962], [18.02783429, 59.93795088], [18.02387311, 59.93666209], [18.02157456, 59.93591426], [18.02085999, 59.93795737], [18.02030063, 59.9395569], [18.01258043, 59.94071809], [18.00617237, 59.94168154], [18.00048221, 59.94106177], [17.99705673, 59.94197661], [17.98795827, 59.9444057], [17.98777838, 59.94466797], [17.98712077, 59.94474063], [17.98562412, 59.94547292], [17.98559323, 59.94549392], [17.98378535, 59.9467241], [17.98171956, 59.94696291], [17.98176037, 59.94701436], [17.97421828, 59.94708285], [17.97402454, 59.94714094], [17.97368198, 59.94722943], [17.97322257, 59.94733745], [17.97288093, 59.9473703], [17.9722803, 59.94737594], [17.97201507, 59.94736314], [17.97182458, 59.9473421], [17.97153289, 59.94730268], [17.97080211, 59.94732787], [17.96545692, 59.94889769], [17.96182442, 59.95076401], [17.96056572, 59.9514107], [17.96055707, 59.95151735], [17.96042079, 59.9525492], [17.96029282, 59.95372549], [17.96003819, 59.95606673], [17.95989556, 59.95737694], [17.95947116, 59.96127811], [17.95902435, 59.9653845], [17.9566369, 59.97057963], [17.95545114, 59.97315939], [17.95468641, 59.97482292], [17.95433181, 59.97566048], [17.95325835, 59.97775088], [17.95258862, 59.9791407], [17.94543881, 59.98011334], [17.94072323, 59.97933395], [17.93837333, 59.97894549], [17.93746979, 59.97886769], [17.93476543, 59.97864248], [17.93460534, 59.97837394], [17.93436696, 59.97838652], [17.93428253, 59.9785933], [17.93413326, 59.97858045], [17.93339016, 59.97844929], [17.93206616, 59.97821884], [17.92830655, 59.97756086], [17.92826614, 59.97840844], [17.92367691, 59.97886731], [17.92351495, 59.97928188], [17.92327166, 59.97990425], [17.92239864, 59.98213833], [17.9214915, 59.98445958], [17.91502174, 59.98953952], [17.91498206, 59.98956582], [17.91451197, 59.98987715], [17.91446195, 59.98991032], [17.91444009, 59.98987873], [17.91090939, 59.98477729], [17.90623185, 59.98232395], [17.90441183, 59.98232917], [17.902346, 59.98233511], [17.89802186, 59.98234734], [17.89704407, 59.98235003], [17.89562047, 59.9822372], [17.89365138, 59.98208106], [17.89079127, 59.98185423], [17.88344771, 59.98127148], [17.88255686, 59.98120076], [17.87913338, 59.98103898], [17.87723394, 59.98094927], [17.87560023, 59.98087197], [17.87547271, 59.98086594], [17.87466569, 59.98090913], [17.87416146, 59.98051103], [17.87415801, 59.98043205], [17.87428846, 59.98030318], [17.87475096, 59.98007553], [17.87530897, 59.97973719], [17.8755492, 59.97958553], [17.87566804, 59.97943885], [17.87573137, 59.97933048], [17.87592719, 59.97922417], [17.87613702, 59.97911233], [17.87599589, 59.97899369], [17.87587816, 59.97892322], [17.87565839, 59.97888983], [17.87535989, 59.97885726], [17.87502311, 59.97884852], [17.8748325, 59.97882914], [17.87465193, 59.97870911], [17.87466603, 59.97862283], [17.87557077, 59.97811192], [17.87584013, 59.97796897], [17.8757219, 59.97788593], [17.87578228, 59.97771115], [17.87593751, 59.97757841], [17.87581829, 59.97747205], [17.87594628, 59.97712251], [17.8759104, 59.97695603], [17.87586217, 59.97683805], [17.87753424, 59.97619837], [17.87754141, 59.97611755], [17.87740366, 59.97599344], [17.87729737, 59.97577208], [17.87728859, 59.97565558], [17.87738302, 59.9756042], [17.87769549, 59.97546614], [17.87781167, 59.97542354], [17.87779563, 59.97530172], [17.87769749, 59.97518619], [17.87744736, 59.97502923], [17.87728615, 59.97494309], [17.87720285, 59.97483999], [17.87727326, 59.97473155], [17.87753862, 59.97466216], [17.87777937, 59.97460382], [17.87788631, 59.97451103], [17.87654157, 59.97445726], [17.87071854, 59.97493247], [17.86474533, 59.97538715], [17.86064769, 59.97575005], [17.8557377, 59.97618315], [17.85128236, 59.97657595], [17.85052848, 59.976643], [17.84825771, 59.97684494], [17.8481917, 59.97685085], [17.84590094, 59.97705444], [17.84548167, 59.97709178], [17.84493857, 59.97714005], [17.81698771, 59.9796213], [17.81425598, 59.97999974], [17.80840203, 59.9808105], [17.80702335, 59.98100135], [17.80548699, 59.98121404], [17.80347395, 59.98149281], [17.8034406, 59.98149532], [17.80282752, 59.98154257], [17.80178362, 59.98162304], [17.79705407, 59.98198748], [17.79568758, 59.9820927], [17.79585423, 59.9840361], [17.79642759, 59.99072009], [17.796419, 59.99074264], [17.79612838, 59.99150605], [17.79594185, 59.99199597], [17.79543717, 59.9933212], [17.7947776, 59.99505313], [17.79419197, 59.99659098], [17.79357177, 59.9982194], [17.79397383, 59.99902436], [17.79398312, 59.9990415], [17.79581888, 60.00324331], [17.79643999, 60.00614956], [17.79644197, 60.00615895], [17.79716936, 60.00988361], [17.79716306, 60.00990368], [17.79373564, 60.02077533], [17.79375026, 60.02080125], [17.79688894, 60.02641928], [17.80369976, 60.03194884], [17.81425815, 60.0422154], [17.81533135, 60.04325852], [17.81543826, 60.04337805], [17.81562726, 60.04358844], [17.81673537, 60.04557194], [17.81684112, 60.04576111], [17.82027769, 60.05207899], [17.82277134, 60.05897027], [17.8240548, 60.0645943], [17.82604133, 60.06910605], [17.82958513, 60.07400735], [17.82959488, 60.07402071], [17.82995158, 60.07448934], [17.82996133, 60.07450099], [17.83003075, 60.07458268], [17.83018448, 60.07476408], [17.83037972, 60.07506999], [17.83038984, 60.07508423], [17.83049204, 60.07522828], [17.83248023, 60.07803245], [17.83310571, 60.07886227], [17.83763326, 60.0858415], [17.83822148, 60.08813477], [17.83935978, 60.09257158], [17.84326422, 60.09856496], [17.84406775, 60.10212556], [17.84479271, 60.10329966], [17.85255711, 60.10287031], [17.85422114, 60.10291166], [17.85613485, 60.10297788], [17.85801932, 60.10303373], [17.85991755, 60.10308047], [17.86702807, 60.10325979], [17.8679424, 60.10327285], [17.8695648, 60.10327691], [17.87060399, 60.10327368], [17.87194861, 60.10326578], [17.88112915, 60.10327658], [17.8880997, 60.10327682], [17.88931288, 60.10581255], [17.88479571, 60.10837061], [17.88888931, 60.11056898], [17.89147807, 60.11501445], [17.89533131, 60.11434619]]]}, "properties": {"deso": "0380A0140", "pop": 1754.0, "income": 359.4, "male_frac": 0.5037, "child_frac": 0.2252, "elder_frac": 0.1596, "dependency": 0.6256, "needZ": 0.0337, "needZ_v1": 0.1357, "regso": "0380R041", "higher_ed": 70.2, "neet": 9.5, "income_support": 0.2}}, {"type": "Feature", "geometry": {"type": "Polygon", "coordinates": [[[17.32233272, 60.13282508], [17.3233926, 60.131576], [17.32817224, 60.12594168], [17.32948834, 60.12438987], [17.3296599, 60.12418756], [17.33163503, 60.12185849], [17.33216634, 60.12123178], [17.3340053, 60.11906807], [17.33474048, 60.11809171], [17.3348107, 60.11800812], [17.33649631, 60.11599949], [17.33799412, 60.11421455], [17.33868455, 60.11341803], [17.34145265, 60.11323302], [17.34153623, 60.11322705], [17.34178503, 60.11320935], [17.34178518, 60.11320935], [17.34307303, 60.11311758], [17.34326941, 60.11310359], [17.34443884, 60.11302028], [17.34456892, 60.11301097], [17.34456907, 60.11301097], [17.34599467, 60.11290936], [17.34626517, 60.11289011], [17.34626532, 60.1128901], [17.34706058, 60.11283343], [17.347355, 60.1128124], [17.34777551, 60.11276992], [17.34928871, 60.11261714], [17.35077596, 60.11246688], [17.3554838, 60.11291924], [17.35595302, 60.11229371], [17.3624075, 60.10842039], [17.36006252, 60.10307491], [17.36131586, 60.10151471], [17.36274417, 60.09876846], [17.36525773, 60.09660166], [17.36998, 60.09520849], [17.37172318, 60.09469999], [17.37672324, 60.09514435], [17.37742012, 60.09528289], [17.37873886, 60.09439402], [17.38823284, 60.0879924], [17.3902853, 60.0868676], [17.39131864, 60.08629981], [17.39241529, 60.08482609], [17.39379677, 60.08296945], [17.39414393, 60.08282504], [17.40289987, 60.0798232], [17.41190288, 60.07402539], [17.41634849, 60.07116153], [17.41660697, 60.07101346], [17.41896898, 60.06966007], [17.42145987, 60.06820924], [17.42444869, 60.06646839], [17.43198478, 60.06098692], [17.43427885, 60.05659401], [17.43537313, 60.05390475], [17.43592683, 60.05254355], [17.43594176, 60.0525069], [17.43980452, 60.04877643], [17.4398188, 60.04876727], [17.44000576, 60.04864742], [17.44003106, 60.04862486], [17.44113317, 60.04763972], [17.44256908, 60.04635614], [17.44289405, 60.04604781], [17.44398727, 60.04501081], [17.445583, 60.04438518], [17.44971375, 60.04276555], [17.45030087, 60.04212533], [17.45034759, 60.04207435], [17.45122789, 60.04111434], [17.45348287, 60.03865502], [17.45361876, 60.03850673], [17.45405851, 60.03853224], [17.45434532, 60.03852422], [17.45452936, 60.03848002], [17.45470576, 60.03842878], [17.45461194, 60.03836379], [17.45463564, 60.03834189], [17.45479202, 60.03831617], [17.45485562, 60.03824152], [17.4549918, 60.0380634], [17.45674306, 60.03775251], [17.45677093, 60.03848641], [17.45726294, 60.03848777], [17.45769015, 60.03790833], [17.45755156, 60.03787453], [17.45760689, 60.03772647], [17.45766524, 60.03762497], [17.45762474, 60.03749451], [17.45757082, 60.03737866], [17.45793623, 60.03730657], [17.45779909, 60.03694959], [17.45730566, 60.0369267], [17.45891987, 60.03557459], [17.45959288, 60.03536842], [17.45959872, 60.03522999], [17.45970587, 60.03516369], [17.45999112, 60.03501557], [17.4601496, 60.03490898], [17.46020911, 60.03482721], [17.46031133, 60.03456529], [17.46038712, 60.03457116], [17.46077682, 60.03460117], [17.46070018, 60.03423777], [17.46152012, 60.03414238], [17.46148794, 60.03401032], [17.46143337, 60.03378644], [17.46161342, 60.03373692], [17.4616466, 60.03363768], [17.46167572, 60.03352766], [17.46171721, 60.03338695], [17.46198313, 60.03323802], [17.46232082, 60.03304895], [17.46260104, 60.03293505], [17.46269172, 60.03298177], [17.46294974, 60.03311456], [17.46317457, 60.03299855], [17.46272845, 60.03278718], [17.4631712, 60.03261743], [17.46138066, 60.03208569], [17.45854882, 60.03205957], [17.45606253, 60.03155695], [17.45288022, 60.03190457], [17.45185429, 60.03189685], [17.43123592, 60.02886794], [17.43085489, 60.02862625], [17.42872577, 60.02033971], [17.42224803, 60.01364572], [17.42016914, 60.00968926], [17.4194796, 60.00841647], [17.42198884, 60.00776629], [17.420271, 60.00614718], [17.42086848, 60.00485646], [17.42087613, 60.00483971], [17.42112204, 60.00425392], [17.42119547, 60.00410923], [17.42198508, 60.00255236], [17.42342677, 60.00073743], [17.43090145, 59.99874776], [17.43182575, 59.99854177], [17.43273624, 59.99815998], [17.4371396, 59.99630097], [17.43751826, 59.99617542], [17.44111166, 59.9970818], [17.44255675, 59.99514174], [17.44407873, 59.99314769], [17.44404795, 59.99313937], [17.44374688, 59.99305711], [17.44288246, 59.992821], [17.44272598, 59.99281257], [17.44148905, 59.99274627], [17.44091566, 59.99281912], [17.44086772, 59.99273845], [17.44045825, 59.99204969], [17.44019836, 59.99050285], [17.4398115, 59.99010044], [17.44044862, 59.98966096], [17.4404707, 59.98964564], [17.44088772, 59.98906249], [17.44164213, 59.98840941], [17.44278943, 59.98775157], [17.44376964, 59.9883306], [17.44438471, 59.98858138], [17.44628097, 59.98888279], [17.44624744, 59.98922767], [17.44514918, 59.98984458], [17.4452833, 59.99026144], [17.44627734, 59.9902053], [17.45306959, 59.9873272], [17.45550515, 59.98242503], [17.45482291, 59.98172809], [17.45597676, 59.97892323], [17.45874998, 59.97762269], [17.45907398, 59.9770113], [17.46046196, 59.97708287], [17.46132523, 59.97686954], [17.46566083, 59.97606171], [17.4677668, 59.9762388], [17.46970151, 59.97541626], [17.47183638, 59.97590171], [17.47185893, 59.97590685], [17.47663756, 59.97575007], [17.47666882, 59.97574903], [17.47868481, 59.97568279], [17.47964675, 59.97554966], [17.48164472, 59.97458744], [17.48219662, 59.97432162], [17.482225, 59.97430788], [17.48580646, 59.97258271], [17.4871261, 59.97221958], [17.48897085, 59.97171191], [17.49174263, 59.97188575], [17.49286349, 59.97195601], [17.4950099, 59.97209049], [17.49548786, 59.97221861], [17.49857566, 59.9723804], [17.50208812, 59.97256443], [17.5062705, 59.97102982], [17.50775579, 59.9704847], [17.51204535, 59.96990541], [17.5187938, 59.96899371], [17.51924032, 59.96891162], [17.52046137, 59.96868684], [17.52107153, 59.96857458], [17.52166886, 59.96846464], [17.52266372, 59.96828152], [17.5230324, 59.96821366], [17.5234821, 59.96813087], [17.5236287, 59.96810391], [17.5237719, 59.9680673], [17.52449854, 59.9680878], [17.52488505, 59.9680893], [17.52525388, 59.96808359], [17.52588232, 59.96807398], [17.52834601, 59.96808589], [17.52967204, 59.96808786], [17.53129023, 59.96809015], [17.53464175, 59.96807187], [17.53522031, 59.96807279], [17.53611391, 59.96808921], [17.53628922, 59.96809195], [17.5374039, 59.96763552], [17.53741463, 59.96762902], [17.53966466, 59.9662697], [17.5402114, 59.96584008], [17.54070922, 59.96544903], [17.54144225, 59.9648731], [17.54217074, 59.96412245], [17.54284703, 59.96342563], [17.54328121, 59.96323439], [17.54358844, 59.96315831], [17.54430758, 59.96298026], [17.54470615, 59.96288158], [17.54474572, 59.96283699], [17.54503925, 59.96250735], [17.54509052, 59.96244968], [17.54527261, 59.96168639], [17.54514914, 59.96144814], [17.54507564, 59.96144902], [17.54448172, 59.9615759], [17.54383675, 59.9616901], [17.54378704, 59.96169879], [17.54312896, 59.96179231], [17.54307773, 59.96179851], [17.54240915, 59.96187086], [17.54173288, 59.96192189], [17.54167205, 59.9619262], [17.5411014, 59.96195202], [17.54053075, 59.96197783], [17.53984912, 59.96200721], [17.53978776, 59.96200848], [17.53910404, 59.96201626], [17.53842057, 59.96200228], [17.53836785, 59.96200069], [17.53768761, 59.9619651], [17.53763573, 59.96196098], [17.53696122, 59.96190372], [17.53629557, 59.96182526], [17.53624454, 59.96181861], [17.53558999, 59.9617191], [17.53554054, 59.96170999], [17.53489994, 59.96158991], [17.53427598, 59.96144974], [17.53422857, 59.96143826], [17.53362351, 59.96127851], [17.53357859, 59.96126482], [17.53299514, 59.96108624], [17.53276227, 59.96100439], [17.53275014, 59.96100418], [17.53269781, 59.96100186], [17.53201758, 59.96096615], [17.5313431, 59.96090885], [17.53129146, 59.96090401], [17.53062571, 59.96082553], [17.53057522, 59.96081823], [17.52992071, 59.96071869], [17.52928015, 59.96059858], [17.52923153, 59.96058874], [17.52860747, 59.96044855], [17.52856075, 59.96043642], [17.52795573, 59.96027664], [17.52737233, 59.96009804], [17.52732825, 59.9600837], [17.52683507, 59.95991037], [17.52673862, 59.95992408], [17.52607004, 59.95999634], [17.52588071, 59.96001452], [17.52520445, 59.96006546], [17.52452285, 59.96009476], [17.52383916, 59.96010246], [17.52362889, 59.96010181], [17.52294547, 59.96008776], [17.52226527, 59.96005199], [17.52210003, 59.96004321], [17.52142558, 59.95998587], [17.52121966, 59.95996465], [17.52111189, 59.95995198], [17.52098048, 59.95994506], [17.5208197, 59.95993457], [17.52014525, 59.95987722], [17.52009428, 59.95987137], [17.51942872, 59.95979283], [17.51877426, 59.95969323], [17.51813376, 59.95957307], [17.51750991, 59.95943283], [17.51747819, 59.95942562], [17.51687324, 59.95926579], [17.51628992, 59.95908714], [17.51573034, 59.95889033], [17.51570209, 59.95888018], [17.51516853, 59.95866599], [17.51466326, 59.95843527], [17.51450842, 59.95835496], [17.51446833, 59.95833659], [17.51403349, 59.95811118], [17.51393372, 59.95806556], [17.51345861, 59.95781927], [17.5134349, 59.95780651], [17.51299207, 59.95754568], [17.51258323, 59.95727117], [17.51220994, 59.9569843], [17.51219154, 59.95696948], [17.51219122, 59.95696921], [17.51185505, 59.95667104], [17.51183175, 59.95665011], [17.51182664, 59.956645], [17.51152885, 59.95633675], [17.51127073, 59.95601967], [17.51125841, 59.95600329], [17.51104108, 59.95567869], [17.51101267, 59.95562534], [17.51100548, 59.95561237], [17.51098963, 59.95558249], [17.51098725, 59.9555784], [17.5108114, 59.95524754], [17.51067787, 59.95491174], [17.51066823, 59.95488587], [17.51066367, 59.95486853], [17.51053695, 59.95467936], [17.51036111, 59.9543485], [17.51022758, 59.9540127], [17.51019501, 59.95390814], [17.51010434, 59.95356874], [17.51005678, 59.95322717], [17.51005592, 59.95321964], [17.51005173, 59.95287724], [17.51006045, 59.95277199], [17.51009957, 59.95243012], [17.51018197, 59.9520902], [17.51030729, 59.9517536], [17.51035263, 59.95165978], [17.51052024, 59.95132785], [17.51054192, 59.95129421], [17.51055799, 59.95122753], [17.51056715, 59.95120221], [17.51069247, 59.95086561], [17.51079381, 59.95066491], [17.51086008, 59.95053368], [17.51087401, 59.9505089], [17.51108342, 59.95018291], [17.51110213, 59.95015884], [17.5113524, 59.94984016], [17.51164246, 59.94953007], [17.51166553, 59.94950708], [17.51199428, 59.94920685], [17.51202157, 59.94918504], [17.51238762, 59.94889577], [17.5127896, 59.94861883], [17.51282113, 59.94859838], [17.51325748, 59.94833472], [17.51329254, 59.94831599], [17.51376126, 59.94806662], [17.5142607, 59.94783273], [17.51429928, 59.94781565], [17.51446596, 59.9477469], [17.51435139, 59.9474588], [17.5142607, 59.94711939], [17.51421311, 59.94677782], [17.51420888, 59.94643543], [17.51420806, 59.94633889], [17.51424713, 59.94599702], [17.51432947, 59.9456571], [17.51434138, 59.94562526], [17.51437522, 59.94532929], [17.51437998, 59.94530252], [17.51446232, 59.94496261], [17.51458757, 59.94462601], [17.51459769, 59.94459968], [17.51476523, 59.94426775], [17.51476654, 59.94426557], [17.51471985, 59.94393], [17.51471766, 59.943903], [17.51471342, 59.94356061], [17.51475249, 59.94321873], [17.51475576, 59.94319173], [17.51483808, 59.94285181], [17.51484669, 59.94282515], [17.51497194, 59.94248855], [17.51513947, 59.94215662], [17.51515328, 59.94213049], [17.5153626, 59.94180449], [17.51538165, 59.94177925], [17.51563183, 59.94146056], [17.51592177, 59.94115046], [17.51594578, 59.94112629], [17.51627441, 59.94082604], [17.51630323, 59.94080313], [17.51666915, 59.94051384], [17.51707099, 59.9402369], [17.51710407, 59.94021561], [17.51754028, 59.93995193], [17.51800886, 59.93970253], [17.51804606, 59.93968296], [17.51854533, 59.93944906], [17.51858623, 59.93943157], [17.51911405, 59.93921401], [17.51966827, 59.93901363], [17.51971257, 59.93899823], [17.52029118, 59.9388158], [17.52033831, 59.93880269], [17.5209387, 59.93863905], [17.52155873, 59.93849481], [17.52160811, 59.93848407], [17.52224514, 59.93835979], [17.52289658, 59.93825607], [17.52294779, 59.938248], [17.52361113, 59.93816506], [17.5236728, 59.93815867], [17.52434514, 59.93809703], [17.52490927, 59.93805282], [17.52558812, 59.93801269], [17.52564752, 59.93800949], [17.52633008, 59.93799102], [17.52638114, 59.93799076], [17.52706461, 59.93799392], [17.5277462, 59.93801885], [17.52779714, 59.93802092], [17.52847431, 59.9380674], [17.52852456, 59.938072], [17.52919452, 59.93813999], [17.52985458, 59.93822909], [17.52990368, 59.93823605], [17.53055099, 59.93834588], [17.53059865, 59.93835511], [17.53123084, 59.93848534], [17.53144115, 59.93853672], [17.53152908, 59.93850494], [17.53163605, 59.93847118], [17.53191936, 59.93836874], [17.53249789, 59.93818625], [17.53309836, 59.93802256], [17.53312905, 59.93801461], [17.53374901, 59.9378703], [17.53438598, 59.93774596], [17.53443383, 59.9377384], [17.53474686, 59.93762514], [17.53476743, 59.937618], [17.53477002, 59.93761715], [17.53479633, 59.93760793], [17.53537483, 59.93742543], [17.5357765, 59.9372995], [17.5357924, 59.93729507], [17.53581002, 59.93728997], [17.53582344, 59.93728594], [17.53642373, 59.93712224], [17.53692183, 59.93698897], [17.53697591, 59.93697616], [17.53759569, 59.93683184], [17.53823263, 59.93670749], [17.53828068, 59.93669875], [17.53853518, 59.93665819], [17.53739687, 59.93481384], [17.53607643, 59.93380489], [17.53485904, 59.93320505], [17.534354, 59.9321443], [17.53080162, 59.92753136], [17.53006076, 59.92743843], [17.53003521, 59.92694617], [17.5307473, 59.92648529], [17.52878886, 59.92499192], [17.52622664, 59.92131015], [17.52544505, 59.91963725], [17.52619293, 59.91881392], [17.52630331, 59.91884908], [17.52777512, 59.9193172], [17.52837936, 59.91950178], [17.52810223, 59.91976308], [17.52806659, 59.92024097], [17.5278604, 59.92041854], [17.52853361, 59.92058832], [17.52919589, 59.92001541], [17.53127856, 59.92060802], [17.53140155, 59.92042513], [17.53278276, 59.91837146], [17.53281283, 59.9183266], [17.5334611, 59.9173626], [17.53347754, 59.91733821], [17.53298487, 59.91698742], [17.53328714, 59.91651491], [17.53384111, 59.91659201], [17.53522763, 59.91458869], [17.53641156, 59.91287291], [17.53656763, 59.9126467], [17.53871974, 59.90934634], [17.53875529, 59.90933093], [17.53878013, 59.90932012], [17.53890634, 59.90926532], [17.5404201, 59.90949617], [17.54124955, 59.90975709], [17.54399933, 59.90798803], [17.54458864, 59.90784228], [17.54672723, 59.90630474], [17.54827074, 59.905195], [17.54926624, 59.90447928], [17.5513204, 59.90300204], [17.55208475, 59.90245236], [17.55059379, 59.90183345], [17.54984255, 59.90152158], [17.54904882, 59.90119204], [17.54887183, 59.90111848], [17.54844002, 59.9009392], [17.54815976, 59.90082283], [17.54792383, 59.90072491], [17.54759194, 59.90058708], [17.54708493, 59.90039425], [17.54617252, 59.89999305], [17.54603907, 59.8999218], [17.54598725, 59.89989406], [17.54557412, 59.89967327], [17.54510234, 59.89941257], [17.54479457, 59.89910585], [17.54450389, 59.89883177], [17.54430458, 59.89866864], [17.54397386, 59.89848587], [17.54388011, 59.8984381], [17.54380707, 59.8984008], [17.54362444, 59.89848839], [17.54359986, 59.89858731], [17.54357351, 59.8986939], [17.5434608, 59.89882622], [17.54323668, 59.89888615], [17.54301435, 59.89897729], [17.54299538, 59.89899724], [17.54291653, 59.89908068], [17.54280248, 59.89920117], [17.54265502, 59.89934773], [17.5424145, 59.89955204], [17.54218832, 59.89972392], [17.54179329, 59.89981283], [17.54143833, 59.89978941], [17.54124822, 59.89974466], [17.54093261, 59.89961862], [17.54048616, 59.8994052], [17.54014014, 59.89926133], [17.53973516, 59.89916199], [17.53939745, 59.89916553], [17.53913865, 59.89919244], [17.53877666, 59.89930854], [17.53859429, 59.89948667], [17.53857306, 59.89960061], [17.5385553, 59.89969643], [17.5385673, 59.89975305], [17.53858871, 59.89985387], [17.5385922, 59.90008509], [17.53855523, 59.90031924], [17.53844168, 59.90048912], [17.53842473, 59.90051442], [17.53822722, 59.90074933], [17.53799272, 59.90108896], [17.53770797, 59.90141932], [17.53741611, 59.90176294], [17.53722118, 59.9019334], [17.53709702, 59.90202237], [17.5368448, 59.90221504], [17.53675705, 59.90241793], [17.53679267, 59.90263155], [17.53687458, 59.90278689], [17.53695098, 59.90299577], [17.53701879, 59.90316539], [17.53702627, 59.9031842], [17.53707491, 59.90328243], [17.53714946, 59.90350365], [17.53719187, 59.9036884], [17.53709179, 59.90388425], [17.53706395, 59.90391757], [17.53696127, 59.90404071], [17.53664834, 59.90424201], [17.53636929, 59.90435399], [17.53611948, 59.90440829], [17.53568699, 59.90441321], [17.53528448, 59.90437209], [17.53508507, 59.90435248], [17.53474804, 59.90442166], [17.53460896, 59.90456275], [17.53467334, 59.90473989], [17.53481803, 59.90484642], [17.53493088, 59.90497628], [17.53507792, 59.9051407], [17.5351261, 59.9053257], [17.53512831, 59.90551517], [17.53503796, 59.90565523], [17.53495127, 59.90577555], [17.53490613, 59.90610606], [17.53494557, 59.90632922], [17.5349879, 59.90648406], [17.53503099, 59.90672413], [17.53497537, 59.90690187], [17.53467772, 59.90724595], [17.53464862, 59.9074001], [17.53471214, 59.90754833], [17.53489367, 59.9078302], [17.53503682, 59.9080846], [17.53500839, 59.9081702], [17.53492332, 59.90822295], [17.53482408, 59.90826968], [17.53471017, 59.90830196], [17.53459564, 59.90832042], [17.53447369, 59.90832276], [17.53429413, 59.90831616], [17.53400581, 59.9083032], [17.53382823, 59.9083032], [17.53365114, 59.90830598], [17.5335047, 59.90831203], [17.53338016, 59.90833652], [17.53320321, 59.90838752], [17.53303729, 59.90845736], [17.5329126, 59.90852829], [17.53278592, 59.90861183], [17.53263788, 59.90872084], [17.53249479, 59.90882904], [17.53234304, 59.9089242], [17.53218418, 59.90899974], [17.53206951, 59.90903374], [17.53193176, 59.90905525], [17.53179718, 59.90906026], [17.53163732, 59.90905497], [17.5314012, 59.90904945], [17.53120027, 59.90905098], [17.53100034, 59.90905787], [17.53074798, 59.90907933], [17.530497, 59.90910733], [17.53029485, 59.90913932], [17.53010731, 59.90917535], [17.52994238, 59.90922926], [17.52978345, 59.90930004], [17.52958827, 59.90937519], [17.5294151, 59.9094333], [17.52926652, 59.90947729], [17.52910855, 59.90951033], [17.52887784, 59.90954502], [17.52855461, 59.90959281], [17.52825299, 59.90963965], [17.52800721, 59.90968756], [17.52777593, 59.90973431], [17.52756226, 59.90979715], [17.52736346, 59.90986554], [17.52720791, 59.90992852], [17.52705276, 59.91001997], [17.52691739, 59.91012918], [17.52666725, 59.91028092], [17.52653524, 59.91035666], [17.52643412, 59.91041195], [17.52629191, 59.91045824], [17.52615613, 59.91048257], [17.5260003, 59.91049338], [17.52584832, 59.91047725], [17.52564834, 59.91044093], [17.52543507, 59.91040433], [17.52522738, 59.91037526], [17.52501305, 59.9103596], [17.52489894, 59.91034688], [17.52468167, 59.91030425], [17.52447051, 59.9102721], [17.52433995, 59.91024864], [17.52411405, 59.91021471], [17.5238164, 59.91018969], [17.52347676, 59.9101653], [17.52313243, 59.91013937], [17.52287348, 59.91011694], [17.52272127, 59.91009964], [17.52256305, 59.91010034], [17.52237562, 59.91010877], [17.52225435, 59.9100969], [17.52216189, 59.91008556], [17.52204845, 59.91010677], [17.52192935, 59.9101157], [17.52182613, 59.91013169], [17.52169655, 59.91016965], [17.52161228, 59.91020207], [17.52158964, 59.91021085], [17.52147568, 59.91027393], [17.5213519, 59.9103689], [17.52125567, 59.91046344], [17.52120365, 59.91053799], [17.52118869, 59.91060322], [17.5211549, 59.91069252], [17.52108229, 59.91076792], [17.52095484, 59.91084562], [17.5208217, 59.91090871], [17.52063272, 59.911029], [17.5204717, 59.91113088], [17.52033935, 59.91118685], [17.5202397, 59.91124229], [17.52016862, 59.91129691], [17.52012484, 59.91133044], [17.52001389, 59.91140011], [17.51974651, 59.91150204], [17.51939616, 59.91161482], [17.51900843, 59.91173657], [17.5186878, 59.91184051], [17.51838986, 59.91191303], [17.51807537, 59.91197931], [17.51777436, 59.9120385], [17.51760323, 59.91205785], [17.51744479, 59.91206555], [17.51730667, 59.91206289], [17.51712781, 59.91205418], [17.51668187, 59.91199758], [17.51657597, 59.91198415], [17.51608016, 59.91195661], [17.51596935, 59.91194651], [17.51545317, 59.91189942], [17.51487654, 59.91184477], [17.5142482, 59.91177152], [17.51369756, 59.91168404], [17.51302378, 59.91162243], [17.51229423, 59.91166787], [17.51168428, 59.9117324], [17.51124319, 59.91176119], [17.51076398, 59.91176206], [17.51011063, 59.9117754], [17.50959552, 59.91186138], [17.50929795, 59.91194106], [17.50896107, 59.91206468], [17.50858908, 59.91219796], [17.50826199, 59.91235374], [17.50810661, 59.91244094], [17.50792673, 59.91254191], [17.50752222, 59.91275664], [17.50707539, 59.91293642], [17.50660569, 59.91301066], [17.50609068, 59.91309832], [17.50558655, 59.91318946], [17.50506118, 59.91328065], [17.50460372, 59.91337853], [17.5043895, 59.91344278], [17.50423178, 59.91349536], [17.50397897, 59.91351346], [17.50377048, 59.91349326], [17.50358884, 59.91344569], [17.50349336, 59.91340412], [17.50340929, 59.91337303], [17.50332013, 59.91335469], [17.50260899, 59.91331224], [17.50230271, 59.91324908], [17.5015326, 59.91311496], [17.50099767, 59.91305568], [17.50040511, 59.91307941], [17.50000764, 59.91315521], [17.49957505, 59.91330138], [17.4995589, 59.91335144], [17.4992804, 59.91358495], [17.49909673, 59.91378101], [17.49896412, 59.91392436], [17.49865285, 59.91407352], [17.49834932, 59.91423331], [17.49800528, 59.91436845], [17.49770787, 59.9144313], [17.49731953, 59.91438926], [17.49702647, 59.91429], [17.49695608, 59.91426618], [17.49686637, 59.91411286], [17.49702297, 59.91387044], [17.49727412, 59.91373993], [17.49751932, 59.91355574], [17.49747692, 59.91337816], [17.49746221, 59.91324327], [17.49739398, 59.91307346], [17.49722456, 59.91295865], [17.49688268, 59.91290854], [17.49645465, 59.91285036], [17.49622045, 59.91280989], [17.49608593, 59.91267852], [17.49598824, 59.91257007], [17.49583969, 59.91252681], [17.49567574, 59.91253584], [17.49555415, 59.9126197], [17.49538133, 59.91275617], [17.49523103, 59.91283501], [17.49495989, 59.91284876], [17.49463952, 59.91280013], [17.49445694, 59.91279676], [17.49435333, 59.91288045], [17.49434207, 59.91303318], [17.49470756, 59.91341364], [17.49494936, 59.91366541], [17.49498388, 59.91401504], [17.49472276, 59.91423896], [17.49449301, 59.91444459], [17.49432095, 59.91466206], [17.49416819, 59.91498336], [17.49403318, 59.91537815], [17.49394818, 59.91561966], [17.4938427, 59.91588303], [17.49368114, 59.9160932], [17.49345042, 59.91620544], [17.49313565, 59.91628101], [17.49288006, 59.91623096], [17.4926082, 59.91617242], [17.49246128, 59.91609212], [17.49218872, 59.91592788], [17.49196311, 59.91569727], [17.49188202, 59.91549537], [17.49159064, 59.91531217], [17.49125338, 59.91521561], [17.49094845, 59.91519596], [17.49062736, 59.91528951], [17.49058938, 59.91546771], [17.49054579, 59.91560461], [17.49067572, 59.91577721], [17.49066155, 59.91600534], [17.49063473, 59.91626955], [17.49042607, 59.91646768], [17.49015955, 59.91665756], [17.48986656, 59.91673648], [17.48957871, 59.91677757], [17.48915872, 59.91674662], [17.4888435, 59.91666069], [17.48845928, 59.91655576], [17.48817154, 59.91652149], [17.48793804, 59.91658518], [17.48790305, 59.91659464], [17.48765747, 59.91661913], [17.48736063, 59.91661907], [17.48696864, 59.91665063], [17.48686456, 59.9167937], [17.48691359, 59.91692238], [17.48713607, 59.91701303], [17.48741993, 59.91711563], [17.48788766, 59.91724827], [17.48820356, 59.91734505], [17.48839138, 59.91745944], [17.488519, 59.91758358], [17.48855688, 59.9177052], [17.48860112, 59.91788418], [17.48858657, 59.9180366], [17.48851549, 59.91818677], [17.48834055, 59.91834681], [17.48809371, 59.91842162], [17.48767088, 59.91843184], [17.48712821, 59.91833888], [17.48677999, 59.9181572], [17.48642901, 59.91794053], [17.48601884, 59.91781615], [17.48565317, 59.91775613], [17.48517443, 59.91773462], [17.48515218, 59.91773693], [17.48451775, 59.91780179], [17.48438056, 59.91781588], [17.48409712, 59.9179202], [17.48396214, 59.91796981], [17.48357938, 59.91842314], [17.48353677, 59.91850442], [17.48362351, 59.91867389], [17.48375541, 59.91881601], [17.48394873, 59.91904347], [17.48407951, 59.91923761], [17.48401718, 59.91943216], [17.48388702, 59.91955219], [17.48352488, 59.91968754], [17.483123, 59.91973535], [17.48273931, 59.91971662], [17.48218185, 59.919655], [17.48161747, 59.91967245], [17.48139465, 59.91985], [17.48141904, 59.92008764], [17.4815794, 59.92022752], [17.48171906, 59.92045572], [17.4814398, 59.92060262], [17.48116128, 59.92069023], [17.48072599, 59.92078878], [17.48018499, 59.92084899], [17.47965539, 59.92084844], [17.47917762, 59.9208365], [17.47887985, 59.92084624], [17.47826163, 59.92089002], [17.47797192, 59.92082181], [17.47781415, 59.9207699], [17.47741621, 59.92077586], [17.47727086, 59.92087864], [17.47692996, 59.92097882], [17.4765713, 59.92096535], [17.47600741, 59.92090068], [17.47580889, 59.92098704], [17.47576934, 59.92114927], [17.47588472, 59.92130949], [17.47589203, 59.9216927], [17.47582622, 59.92180162], [17.4757074, 59.92205445], [17.47527537, 59.92225872], [17.47475551, 59.92238515], [17.47435977, 59.92241495], [17.474151, 59.92245093], [17.47388395, 59.92249699], [17.47382393, 59.92250737], [17.47366472, 59.922547], [17.47340992, 59.92275163], [17.47311776, 59.92283893], [17.47267814, 59.9229811], [17.47272178, 59.92312327], [17.47295514, 59.92327876], [17.47307294, 59.92340427], [17.47314042, 59.92364273], [17.47320586, 59.92381611], [17.47312346, 59.92396792], [17.47293011, 59.92416348], [17.47274404, 59.92434212], [17.47246928, 59.92443331], [17.47212501, 59.92442351], [17.47193909, 59.92426901], [17.47187127, 59.92411903], [17.47181857, 59.92390868], [17.47172889, 59.92367909], [17.47155766, 59.92353751], [17.47129533, 59.92351827], [17.47103041, 59.92358503], [17.47076013, 59.92369087], [17.4704856, 59.92373958], [17.47013802, 59.92370505], [17.46970468, 59.92362038], [17.46935312, 59.92352216], [17.46912771, 59.92337225], [17.46910939, 59.92328449], [17.46927847, 59.92315324], [17.46936911, 59.92309415], [17.46938698, 59.9230825], [17.46942428, 59.92305818], [17.46932925, 59.92293906], [17.46907322, 59.92289715], [17.46889833, 59.92290465], [17.46857815, 59.92289116], [17.46818907, 59.92294129], [17.46800215, 59.92301924], [17.46788054, 59.92309634], [17.4678656, 59.92310578], [17.46784926, 59.92311624], [17.4678452, 59.92312915], [17.46780251, 59.92326755], [17.46779645, 59.92328734], [17.46789451, 59.92347304], [17.46801916, 59.9235739], [17.46814318, 59.92366409], [17.46837017, 59.92384136], [17.46853982, 59.92400156], [17.46867378, 59.92414815], [17.46876983, 59.92435832], [17.4685916, 59.92452557], [17.46854502, 59.92453022], [17.4683272, 59.9245519], [17.46813743, 59.92453596], [17.46796829, 59.9245218], [17.46750753, 59.92451102], [17.46744707, 59.92450964], [17.46688642, 59.92455462], [17.46645141, 59.92457471], [17.46630596, 59.92458147], [17.46615972, 59.92474435], [17.46618586, 59.92495529], [17.46620917, 59.9251441], [17.46624382, 59.92534841], [17.46638842, 59.92553693], [17.46663084, 59.92571921], [17.46663938, 59.92588988], [17.46658241, 59.92601498], [17.46640346, 59.92612701], [17.46612962, 59.92619339], [17.46577848, 59.92616664], [17.46542088, 59.92595759], [17.46507994, 59.92578388], [17.46471964, 59.92557802], [17.46448933, 59.92547122], [17.46424581, 59.92546688], [17.46402517, 59.92556999], [17.46399265, 59.92561308], [17.46379271, 59.92587791], [17.46369128, 59.92608019], [17.46346151, 59.92629106], [17.46309213, 59.9264264], [17.4623938, 59.92656564], [17.46171889, 59.92667049], [17.46124848, 59.92686447], [17.4610889, 59.92712478], [17.46122337, 59.92739791], [17.46120948, 59.92763861], [17.4610211, 59.92774129], [17.46073375, 59.92779488], [17.46039187, 59.92775402], [17.45985687, 59.92771182], [17.45941978, 59.9277762], [17.45915391, 59.92790673], [17.45885813, 59.92816148], [17.45871465, 59.92830859], [17.4582885, 59.92853075], [17.45784893, 59.92869738], [17.45756299, 59.92870253], [17.4573005, 59.92859964], [17.45700262, 59.92842727], [17.45673271, 59.92824009], [17.45635305, 59.92807939], [17.45617187, 59.92818381], [17.45592231, 59.92835543], [17.45563486, 59.92856161], [17.45358389, 59.92677967], [17.45312859, 59.92651349], [17.45280408, 59.92632382], [17.45138153, 59.92535485], [17.44999981, 59.92495624], [17.44912877, 59.92445653], [17.44866115, 59.9244027], [17.44742003, 59.92425914], [17.44048949, 59.92415798], [17.44024856, 59.92419477], [17.43427341, 59.92510659], [17.43297092, 59.92530524], [17.43217564, 59.92559897], [17.42956915, 59.92656154], [17.42702127, 59.92750232], [17.42671235, 59.92755435], [17.42398379, 59.92805578], [17.42206889, 59.92647458], [17.4216079, 59.92616725], [17.41964456, 59.92485796], [17.41891735, 59.92318602], [17.41582272, 59.92027366], [17.41439253, 59.91886822], [17.41417765, 59.91847337], [17.41198657, 59.9144472], [17.41218018, 59.91397042], [17.41244179, 59.91329256], [17.41062742, 59.91286007], [17.4128517, 59.91014907], [17.41288042, 59.91011405], [17.41375104, 59.90965406], [17.41314804, 59.90939764], [17.40733286, 59.91000867], [17.40719227, 59.90983511], [17.4070968, 59.9094273], [17.4079114, 59.90916641], [17.40702086, 59.90878597], [17.40642621, 59.90853196], [17.40551622, 59.90814315], [17.40529005, 59.90804651], [17.40471614, 59.90950166], [17.40368607, 59.9066999], [17.4039237, 59.90376365], [17.40675518, 59.90232602], [17.4079743, 59.90237542], [17.40731095, 59.90161091], [17.40742437, 59.90080275], [17.40781972, 59.90073975], [17.40802933, 59.9007123], [17.40832255, 59.90063185], [17.40867327, 59.90056158], [17.40881157, 59.90053489], [17.40894741, 59.90053331], [17.40911452, 59.90051355], [17.40949001, 59.90051656], [17.41139235, 59.8996463], [17.41324921, 59.89927028], [17.41665086, 59.89858182], [17.42004247, 59.89571292], [17.41908325, 59.89573323], [17.41933575, 59.89510824], [17.4195223, 59.89470963], [17.41714873, 59.89469643], [17.41667843, 59.89471476], [17.41526257, 59.89479489], [17.41453491, 59.89483634], [17.41303851, 59.89490795], [17.41229731, 59.89494371], [17.41120058, 59.89500905], [17.40995913, 59.89510371], [17.40789086, 59.89528775], [17.40430945, 59.89560841], [17.40406013, 59.89563074], [17.40059824, 59.89593341], [17.39859311, 59.89616016], [17.39599141, 59.8964544], [17.39446985, 59.8966264], [17.39229857, 59.89738131], [17.39222579, 59.89740661], [17.39245744, 59.8981652], [17.39252471, 59.89822505], [17.39285256, 59.8985171], [17.39312307, 59.8987581], [17.39335501, 59.89901633], [17.39344055, 59.89911905], [17.39352802, 59.89925047], [17.3936247, 59.89935838], [17.39370922, 59.89944495], [17.39384522, 59.89955215], [17.39463381, 59.9004286], [17.39548623, 59.90172601], [17.39644487, 59.90284294], [17.39666845, 59.90372077], [17.39702099, 59.90401649], [17.39380321, 59.90461109], [17.39303577, 59.90475472], [17.39238267, 59.90481095], [17.38677915, 59.90509337], [17.38420706, 59.9052275], [17.37424093, 59.90568992], [17.37041486, 59.90552151], [17.36330376, 59.91057381], [17.35954669, 59.91126588], [17.35894968, 59.91118792], [17.35260391, 59.91052779], [17.3525843, 59.91052581], [17.34993881, 59.91054507], [17.34889861, 59.91055266], [17.34792683, 59.91049121], [17.34677666, 59.91042674], [17.34147088, 59.91012926], [17.3351792, 59.90891625], [17.33055749, 59.90821831], [17.32649989, 59.91044425], [17.32445885, 59.91153907], [17.31694094, 59.91557055], [17.31562009, 59.91627175], [17.30283842, 59.92315585], [17.28960801, 59.92775104], [17.28554593, 59.93187649], [17.28307095, 59.93438961], [17.27354309, 59.94406014], [17.27264492, 59.94497148], [17.27253792, 59.94507993], [17.27252413, 59.94509418], [17.26615484, 59.95160849], [17.2590093, 59.95924697], [17.25722039, 59.96112695], [17.25513041, 59.96332262], [17.25403821, 59.96448267], [17.2526031, 59.966007], [17.24527723, 59.97378523], [17.2431744, 59.97820772], [17.23800391, 59.97947164], [17.23396095, 59.98045969], [17.23125119, 59.98160882], [17.22707141, 59.98333235], [17.22557214, 59.98498577], [17.22585054, 59.98655784], [17.22153328, 59.98578548], [17.21961586, 59.98902578], [17.21872281, 59.98909944], [17.21890249, 59.98880885], [17.21817833, 59.98833561], [17.22048062, 59.9862975], [17.2172812, 59.98765655], [17.21377184, 59.98914691], [17.21048257, 59.99054358], [17.20648253, 59.99165963], [17.19861204, 59.99391562], [17.17896985, 59.99958856], [17.17405347, 60.00103377], [17.16001095, 60.00662899], [17.16087848, 60.00778488], [17.17031141, 60.01996474], [17.17910258, 60.02590906], [17.1927941, 60.03348088], [17.19830123, 60.03784568], [17.20675393, 60.04479757], [17.23071672, 60.04073387], [17.2382753, 60.03996931], [17.25224694, 60.03858146], [17.27932544, 60.04369382], [17.28616345, 60.0505768], [17.2870908, 60.05163371], [17.28729571, 60.0516431], [17.28797188, 60.0523276], [17.28818229, 60.05240335], [17.28835856, 60.05279698], [17.28839405, 60.05303356], [17.28841838, 60.05313031], [17.28893066, 60.05372981], [17.29108615, 60.05618261], [17.2913105, 60.05624752], [17.29220636, 60.0569484], [17.2923125, 60.05714153], [17.29333625, 60.05779304], [17.29344166, 60.05796283], [17.29337423, 60.05862195], [17.29377816, 60.05906246], [17.29376133, 60.05922764], [17.29443941, 60.05991612], [17.30272972, 60.06454024], [17.30358603, 60.06688346], [17.30502386, 60.07083159], [17.30759727, 60.07775657], [17.30863329, 60.08449902], [17.30868523, 60.08610005], [17.30800594, 60.08750962], [17.30772228, 60.08801238], [17.30719715, 60.08887087], [17.30609535, 60.09092284], [17.30470166, 60.09345866], [17.30371939, 60.09526415], [17.30362137, 60.09541521], [17.30335264, 60.09590207], [17.30186589, 60.09851096], [17.30132795, 60.09947311], [17.30040514, 60.10119177], [17.30013383, 60.10168981], [17.29774681, 60.10599211], [17.30312746, 60.10862274], [17.30485691, 60.10814394], [17.30853635, 60.10711309], [17.31332084, 60.1109137], [17.31609551, 60.11313852], [17.31428851, 60.11717726], [17.32294665, 60.12630894], [17.32175529, 60.13350429], [17.32233272, 60.13282508]]]}, "properties": {"deso": "0380A0120", "pop": 2429.0, "income": 358.8, "male_frac": 0.512, "child_frac": 0.1857, "elder_frac": 0.2264, "dependency": 0.701, "needZ": 0.129, "needZ_v1": 0.2863, "regso": "0380R037", "higher_ed": 65.3, "neet": 8.7, "income_support": 0.1}}, {"type": "Feature", "geometry": {"type": "Polygon", "coordinates": [[[17.47983596, 60.18474782], [17.4808784, 60.18211265], [17.48134645, 60.18094662], [17.48469994, 60.17603047], [17.48904788, 60.17242524], [17.49163218, 60.170282], [17.49406611, 60.16563857], [17.49575895, 60.15877983], [17.49581626, 60.15849494], [17.49643293, 60.15601591], [17.49735593, 60.15344317], [17.49854634, 60.15008875], [17.50107553, 60.14774163], [17.50917827, 60.14035807], [17.51078734, 60.13819372], [17.51208813, 60.13652918], [17.51364057, 60.13446241], [17.51485554, 60.13374892], [17.52400212, 60.12802175], [17.53015239, 60.12356231], [17.5378037, 60.11861149], [17.54407319, 60.1140853], [17.54982528, 60.10898512], [17.55096663, 60.10699872], [17.55123374, 60.10660573], [17.55183356, 60.10584517], [17.55372635, 60.10274371], [17.55534102, 60.10035014], [17.55631304, 60.09883966], [17.55795977, 60.09626364], [17.56033789, 60.09576404], [17.56034509, 60.09607081], [17.56027676, 60.09645566], [17.5603357, 60.09702388], [17.56039951, 60.09739107], [17.56043532, 60.09769576], [17.56040425, 60.09795279], [17.56027324, 60.09830427], [17.55997445, 60.0988354], [17.55970161, 60.09930343], [17.55950731, 60.09968433], [17.56205919, 60.10005321], [17.56237114, 60.09988083], [17.56259131, 60.09974731], [17.5626471, 60.09955645], [17.56269646, 60.09922559], [17.56281121, 60.09906816], [17.56290604, 60.09886423], [17.56317424, 60.09860449], [17.56353288, 60.09827904], [17.56381896, 60.0980909], [17.56420584, 60.09798586], [17.56463849, 60.09785702], [17.56626523, 60.09720635], [17.56699358, 60.09694306], [17.56711087, 60.09683758], [17.56717265, 60.09647074], [17.56728651, 60.09606201], [17.56729383, 60.09583579], [17.56726891, 60.09553278], [17.56747317, 60.09536705], [17.56806617, 60.09467283], [17.56815038, 60.09447799], [17.56816791, 60.09416015], [17.56816682, 60.09383179], [17.56846752, 60.09342267], [17.56911572, 60.09276006], [17.5696794, 60.09213224], [17.56968799, 60.09212632], [17.5702377, 60.09155374], [17.57331376, 60.08945153], [17.57428064, 60.08879258], [17.57602155, 60.08760262], [17.57652965, 60.08725527], [17.57770069, 60.08624058], [17.58159433, 60.08346539], [17.58500998, 60.08362554], [17.58520817, 60.08250036], [17.58560534, 60.07904336], [17.58244481, 60.07588062], [17.58163066, 60.07372182], [17.58072813, 60.07086712], [17.58123556, 60.06965426], [17.58140382, 60.06925083], [17.58154774, 60.06894749], [17.58159436, 60.06877412], [17.5817688, 60.06833788], [17.582241, 60.06715687], [17.58374576, 60.06336799], [17.58417675, 60.06239131], [17.58505313, 60.06040489], [17.58527718, 60.06030467], [17.58547229, 60.06026241], [17.58568967, 60.06023408], [17.58588436, 60.06018465], [17.58606632, 60.06010124], [17.58616678, 60.06003873], [17.58638361, 60.06000153], [17.5866829, 60.05995947], [17.58695237, 60.05989995], [17.58730304, 60.05981772], [17.58767448, 60.05972081], [17.58788677, 60.05960285], [17.5880423, 60.05950002], [17.58818228, 60.05943521], [17.58834099, 60.05938621], [17.58852597, 60.05935663], [17.58865446, 60.05927938], [17.58876706, 60.059179], [17.58886655, 60.05909855], [17.58902453, 60.0589742], [17.58908276, 60.05892312], [17.58926622, 60.05886662], [17.58949753, 60.05883092], [17.58978078, 60.05876402], [17.59001683, 60.05862242], [17.5901989, 60.0585426], [17.59045755, 60.05848139], [17.59070719, 60.05845261], [17.59101869, 60.05831348], [17.59182187, 60.05798408], [17.59212764, 60.05787021], [17.59237313, 60.05776785], [17.59250446, 60.05767977], [17.59259711, 60.05760483], [17.59271519, 60.05753677], [17.59293404, 60.05747077], [17.5931797, 60.05743487], [17.59336586, 60.05736394], [17.5934671, 60.05725121], [17.58997877, 60.05476721], [17.58890362, 60.05400155], [17.58774552, 60.05317679], [17.58700904, 60.0526522], [17.58783777, 60.05235717], [17.58837047, 60.05216764], [17.58879217, 60.05201755], [17.58913922, 60.05189399], [17.59190903, 60.05090817], [17.59152212, 60.04999044], [17.59144349, 60.0498038], [17.59140236, 60.04970617], [17.5912837, 60.04942467], [17.59082456, 60.04833526], [17.59053032, 60.0476372], [17.59023515, 60.04693656], [17.59018749, 60.04682351], [17.58986531, 60.04597654], [17.58422679, 60.04690385], [17.57812145, 60.04812268], [17.57555469, 60.04863504], [17.5709828, 60.04954744], [17.5705699, 60.04834885], [17.57022861, 60.04714113], [17.57021468, 60.04709155], [17.56994513, 60.04632229], [17.57375875, 60.04600959], [17.57722194, 60.04593885], [17.57863848, 60.04567077], [17.57921845, 60.04539322], [17.58128662, 60.0447285], [17.58172671, 60.04468182], [17.58443425, 60.04403527], [17.5852926, 60.04389991], [17.58849144, 60.04339555], [17.59172614, 60.0424034], [17.59779802, 60.04035221], [17.59953063, 60.03966226], [17.60082983, 60.03914493], [17.60084795, 60.03913631], [17.60436492, 60.0374737], [17.6050703, 60.03714021], [17.60525831, 60.03705135], [17.60533754, 60.03701386], [17.6055529, 60.03686797], [17.60572992, 60.0367354], [17.60592991, 60.03662385], [17.60616967, 60.03651529], [17.60629495, 60.0364609], [17.60638118, 60.03643145], [17.60673978, 60.03630895], [17.6069497, 60.03623322], [17.60709244, 60.0361731], [17.60717284, 60.03609615], [17.60725601, 60.03590778], [17.60733788, 60.03575176], [17.60736817, 60.03571712], [17.6074372, 60.0356386], [17.60755355, 60.03551244], [17.60774861, 60.03533281], [17.60799663, 60.03514136], [17.60852445, 60.03480112], [17.60883737, 60.03456536], [17.60864359, 60.03446831], [17.60848019, 60.03439591], [17.60844992, 60.03437819], [17.60839388, 60.03434534], [17.60830106, 60.03425547], [17.60813631, 60.03406453], [17.60809362, 60.03401884], [17.60808167, 60.03400624], [17.60806396, 60.03391129], [17.60798226, 60.03372957], [17.60797391, 60.03367809], [17.60794319, 60.03349133], [17.60788449, 60.03332713], [17.60787865, 60.03329437], [17.60782956, 60.03301555], [17.60785447, 60.03287144], [17.60788252, 60.03271639], [17.60794282, 60.03251041], [17.60800237, 60.03239256], [17.60823381, 60.03207568], [17.60831607, 60.03197355], [17.60842677, 60.03177035], [17.60833431, 60.03124564], [17.60832921, 60.03064035], [17.60832801, 60.03048068], [17.60831201, 60.02977473], [17.60833145, 60.02921028], [17.60834812, 60.0288265], [17.60835945, 60.02856661], [17.60836832, 60.02810287], [17.6083744, 60.02796407], [17.60838842, 60.02764439], [17.60837364, 60.02739498], [17.60840455, 60.02718059], [17.60848996, 60.02668319], [17.60853491, 60.02646475], [17.60859824, 60.02615659], [17.60867681, 60.02571141], [17.60874915, 60.02523223], [17.60882361, 60.02478174], [17.60887747, 60.02434235], [17.60890635, 60.02390705], [17.60893566, 60.02342863], [17.60897415, 60.02248834], [17.60899353, 60.02202089], [17.60904186, 60.02155646], [17.60907259, 60.02109777], [17.60907395, 60.0209199], [17.60911267, 60.02066772], [17.60920201, 60.02022224], [17.60927943, 60.01976452], [17.60938185, 60.0192542], [17.60947946, 60.0187278], [17.60958409, 60.01825876], [17.60958725, 60.01824441], [17.60968737, 60.01780061], [17.60974152, 60.01748517], [17.60977018, 60.01731762], [17.60982629, 60.01706834], [17.60988257, 60.01681752], [17.60993103, 60.01659884], [17.60998604, 60.01635066], [17.61000246, 60.01626051], [17.61005146, 60.01599053], [17.61007538, 60.01585856], [17.61011429, 60.01570653], [17.61018967, 60.01541268], [17.61031529, 60.01502414], [17.61044391, 60.01457797], [17.61060175, 60.0141403], [17.6106064, 60.01412611], [17.61072869, 60.01374806], [17.61075663, 60.01366137], [17.61076239, 60.01364625], [17.61085593, 60.01340081], [17.61070365, 60.01317738], [17.61033002, 60.0126295], [17.60993715, 60.01205325], [17.60932529, 60.01115582], [17.6081246, 60.00939471], [17.60760721, 60.00756729], [17.6074709, 60.00708585], [17.60735653, 60.00668193], [17.60723348, 60.00624846], [17.60722782, 60.00622729], [17.60716592, 60.00600863], [17.60711735, 60.00583704], [17.60707668, 60.00568515], [17.60695407, 60.00525338], [17.60638887, 60.0050099], [17.60536227, 60.00456121], [17.60525362, 60.00451907], [17.60180859, 60.00301659], [17.59933805, 60.00200214], [17.59926438, 60.00181173], [17.59733857, 59.99917855], [17.59603064, 59.9975109], [17.59289209, 59.99652878], [17.59332335, 59.99566558], [17.59360667, 59.99509855], [17.59369578, 59.99492021], [17.59414196, 59.99402725], [17.59420103, 59.99390905], [17.59503745, 59.99223488], [17.59513512, 59.99203949], [17.59519366, 59.9919222], [17.59556414, 59.9919494], [17.59578031, 59.9915944], [17.59532741, 59.99152678], [17.59549338, 59.99123313], [17.59293401, 59.98997852], [17.59243689, 59.98973482], [17.59181923, 59.98943204], [17.59156937, 59.98930958], [17.59112916, 59.98909367], [17.59017234, 59.98862464], [17.58951337, 59.98830155], [17.58810397, 59.98761055], [17.58714078, 59.98713821], [17.58674242, 59.98600143], [17.58517247, 59.98518519], [17.58105987, 59.98363977], [17.58136243, 59.98322715], [17.58157839, 59.98293271], [17.58168597, 59.982786], [17.58188869, 59.98250952], [17.58196392, 59.98240691], [17.58206054, 59.98227523], [17.58234597, 59.98188602], [17.58249108, 59.981688], [17.58262618, 59.98150383], [17.58271745, 59.98137935], [17.58292201, 59.98110023], [17.58311977, 59.98083058], [17.58331847, 59.98055965], [17.58366506, 59.98008688], [17.58382727, 59.97986571], [17.58400231, 59.97968587], [17.58405965, 59.979627], [17.58438743, 59.9792904], [17.58523509, 59.97841978], [17.58547676, 59.97817154], [17.58547465, 59.97801943], [17.58546681, 59.97747931], [17.58545758, 59.97683423], [17.58545727, 59.97681321], [17.58544275, 59.97660053], [17.5873238, 59.97393561], [17.58628514, 59.97026875], [17.58678976, 59.96765838], [17.58679203, 59.96764199], [17.58693357, 59.96704137], [17.58714441, 59.96652418], [17.58655943, 59.9666719], [17.58651135, 59.96668264], [17.58588235, 59.9668173], [17.58523742, 59.96693171], [17.58518754, 59.96694005], [17.58452961, 59.96703369], [17.58447849, 59.96703946], [17.58385607, 59.96710707], [17.58375758, 59.96716298], [17.58372276, 59.96718261], [17.58323878, 59.96742455], [17.58272489, 59.96765072], [17.58218353, 59.96786009], [17.58215583, 59.9678706], [17.581589, 59.96806232], [17.58099902, 59.96823572], [17.58038818, 59.96838995], [17.58035686, 59.96839756], [17.5797278, 59.9685322], [17.57971832, 59.96853383], [17.57940344, 59.9686404], [17.57881344, 59.96881379], [17.57820258, 59.96896801], [17.57802912, 59.96901011], [17.57740003, 59.96914473], [17.57675503, 59.9692591], [17.57609704, 59.9693527], [17.57591052, 59.969377], [17.57524187, 59.9694496], [17.57456535, 59.96950071], [17.57388376, 59.96953036], [17.5736912, 59.96953591], [17.57300732, 59.96954377], [17.57232369, 59.96952998], [17.57164325, 59.96949447], [17.57145233, 59.96948113], [17.57077762, 59.96942413], [17.57011159, 59.96934576], [17.56945695, 59.96924642], [17.56925831, 59.96921166], [17.56861745, 59.96909184], [17.56799321, 59.96895174], [17.56780858, 59.96890899], [17.56720323, 59.96874949], [17.56702177, 59.96869598], [17.56643786, 59.96851755], [17.56587782, 59.96832087], [17.56534393, 59.96810689], [17.56520006, 59.96804259], [17.56469416, 59.96781207], [17.56421868, 59.96756595], [17.56377532, 59.9673052], [17.56365928, 59.96722814], [17.56324976, 59.96695389], [17.56287592, 59.96666708], [17.56253921, 59.96636914], [17.56224086, 59.96606101], [17.56215701, 59.96597399], [17.56189847, 59.96565701], [17.56168043, 59.96533241], [17.56150417, 59.96500161], [17.56145572, 59.96490807], [17.56132148, 59.96457232], [17.56123026, 59.96423296], [17.56118216, 59.96389141], [17.56117102, 59.96379498], [17.5611663, 59.96345259], [17.56120144, 59.96314248], [17.56103847, 59.96305816], [17.56100428, 59.96303816], [17.56056101, 59.9627774], [17.56015157, 59.96250313], [17.56012139, 59.96248153], [17.55988551, 59.96230054], [17.55957221, 59.9621577], [17.55952893, 59.96213681], [17.55905358, 59.96189067], [17.55902015, 59.96187102], [17.55857691, 59.96161025], [17.5581675, 59.96133598], [17.55813796, 59.96131491], [17.55776423, 59.96102808], [17.55773871, 59.96100567], [17.55740209, 59.96070762], [17.55710385, 59.96039958], [17.55708283, 59.960376], [17.55682439, 59.96005901], [17.55660643, 59.9597344], [17.55659007, 59.95970993], [17.55641389, 59.95937913], [17.5564022, 59.95935403], [17.55636651, 59.95926463], [17.55623784, 59.95902317], [17.55610383, 59.95868742], [17.55601254, 59.95834805], [17.55599109, 59.95825182], [17.55594305, 59.95791027], [17.55593838, 59.95756788], [17.55595181, 59.95744879], [17.55586199, 59.9575752], [17.55559197, 59.95788986], [17.55556756, 59.9579162], [17.55525842, 59.95822156], [17.5549111, 59.95851661], [17.55487626, 59.95854567], [17.5545042, 59.95882053], [17.55412007, 59.9591039], [17.55408355, 59.95912841], [17.55366431, 59.95939898], [17.55321179, 59.95965573], [17.55317619, 59.95967501], [17.55269195, 59.95991693], [17.55265297, 59.95993448], [17.55213912, 59.96016043], [17.55159769, 59.96036968], [17.55155531, 59.96038523], [17.55098843, 59.96057682], [17.55094337, 59.96059027], [17.55035336, 59.96076353], [17.54974252, 59.9609177], [17.54969506, 59.96092877], [17.549066, 59.96106317], [17.54901659, 59.96107194], [17.54837165, 59.96118617], [17.54771359, 59.96127972], [17.54766266, 59.961286], [17.5469941, 59.96135837], [17.54631785, 59.96140942], [17.54626599, 59.96141321], [17.54558439, 59.96144262], [17.54553189, 59.96144381], [17.54514914, 59.96144814], [17.54527261, 59.96168639], [17.54509052, 59.96244968], [17.54503925, 59.96250735], [17.54474572, 59.96283699], [17.54470615, 59.96288158], [17.54430758, 59.96298026], [17.54358844, 59.96315831], [17.54328121, 59.96323439], [17.54284703, 59.96342563], [17.54217074, 59.96412245], [17.54144225, 59.9648731], [17.54070922, 59.96544903], [17.5402114, 59.96584008], [17.53966466, 59.9662697], [17.53741463, 59.96762902], [17.5374039, 59.96763552], [17.53628922, 59.96809195], [17.53611391, 59.96808921], [17.53522031, 59.96807279], [17.53464175, 59.96807187], [17.53129023, 59.96809015], [17.52967204, 59.96808786], [17.52834601, 59.96808589], [17.52588232, 59.96807398], [17.52525388, 59.96808359], [17.52488505, 59.9680893], [17.52449854, 59.9680878], [17.5237719, 59.9680673], [17.5236287, 59.96810391], [17.5234821, 59.96813087], [17.5230324, 59.96821366], [17.52266372, 59.96828152], [17.52166886, 59.96846464], [17.52107153, 59.96857458], [17.52046137, 59.96868684], [17.51924032, 59.96891162], [17.5187938, 59.96899371], [17.51204535, 59.96990541], [17.50775579, 59.9704847], [17.5062705, 59.97102982], [17.50208812, 59.97256443], [17.49857566, 59.9723804], [17.49548786, 59.97221861], [17.4950099, 59.97209049], [17.49286349, 59.97195601], [17.49174263, 59.97188575], [17.48897085, 59.97171191], [17.4871261, 59.97221958], [17.48580646, 59.97258271], [17.482225, 59.97430788], [17.48219662, 59.97432162], [17.48164472, 59.97458744], [17.47964675, 59.97554966], [17.47868481, 59.97568279], [17.47666882, 59.97574903], [17.47663756, 59.97575007], [17.47185893, 59.97590685], [17.47183638, 59.97590171], [17.46970151, 59.97541626], [17.4677668, 59.9762388], [17.46566083, 59.97606171], [17.46132523, 59.97686954], [17.46046196, 59.97708287], [17.45907398, 59.9770113], [17.45874998, 59.97762269], [17.45597676, 59.97892323], [17.45482291, 59.98172809], [17.45550515, 59.98242503], [17.45306959, 59.9873272], [17.44627734, 59.9902053], [17.4452833, 59.99026144], [17.44514918, 59.98984458], [17.44624744, 59.98922767], [17.44628097, 59.98888279], [17.44438471, 59.98858138], [17.44376964, 59.9883306], [17.44278943, 59.98775157], [17.44164213, 59.98840941], [17.44088772, 59.98906249], [17.4404707, 59.98964564], [17.44044862, 59.98966096], [17.4398115, 59.99010044], [17.44019836, 59.99050285], [17.44045825, 59.99204969], [17.44086772, 59.99273845], [17.44091566, 59.99281912], [17.44148905, 59.99274627], [17.44272598, 59.99281257], [17.44288246, 59.992821], [17.44374688, 59.99305711], [17.44404795, 59.99313937], [17.44407873, 59.99314769], [17.44255675, 59.99514174], [17.44111166, 59.9970818], [17.43751826, 59.99617542], [17.4371396, 59.99630097], [17.43273624, 59.99815998], [17.43182575, 59.99854177], [17.43090145, 59.99874776], [17.42342677, 60.00073743], [17.42198508, 60.00255236], [17.42119547, 60.00410923], [17.42112204, 60.00425392], [17.42087613, 60.00483971], [17.42086848, 60.00485646], [17.420271, 60.00614718], [17.42198884, 60.00776629], [17.4194796, 60.00841647], [17.42016914, 60.00968926], [17.42224803, 60.01364572], [17.42872577, 60.02033971], [17.43085489, 60.02862625], [17.43123592, 60.02886794], [17.45185429, 60.03189685], [17.45288022, 60.03190457], [17.45606253, 60.03155695], [17.45854882, 60.03205957], [17.46138066, 60.03208569], [17.4631712, 60.03261743], [17.46272845, 60.03278718], [17.46317457, 60.03299855], [17.46294974, 60.03311456], [17.46269172, 60.03298177], [17.46260104, 60.03293505], [17.46232082, 60.03304895], [17.46198313, 60.03323802], [17.46171721, 60.03338695], [17.46167572, 60.03352766], [17.4616466, 60.03363768], [17.46161342, 60.03373692], [17.46143337, 60.03378644], [17.46148794, 60.03401032], [17.46152012, 60.03414238], [17.46070018, 60.03423777], [17.46077682, 60.03460117], [17.46038712, 60.03457116], [17.46031133, 60.03456529], [17.46020911, 60.03482721], [17.4601496, 60.03490898], [17.45999112, 60.03501557], [17.45970587, 60.03516369], [17.45959872, 60.03522999], [17.45959288, 60.03536842], [17.45891987, 60.03557459], [17.45730566, 60.0369267], [17.45779909, 60.03694959], [17.45793623, 60.03730657], [17.45757082, 60.03737866], [17.45762474, 60.03749451], [17.45766524, 60.03762497], [17.45760689, 60.03772647], [17.45755156, 60.03787453], [17.45769015, 60.03790833], [17.45726294, 60.03848777], [17.45677093, 60.03848641], [17.45674306, 60.03775251], [17.4549918, 60.0380634], [17.45485562, 60.03824152], [17.45479202, 60.03831617], [17.45463564, 60.03834189], [17.45461194, 60.03836379], [17.45470576, 60.03842878], [17.45452936, 60.03848002], [17.45434532, 60.03852422], [17.45405851, 60.03853224], [17.45361876, 60.03850673], [17.45348287, 60.03865502], [17.45122789, 60.04111434], [17.45034759, 60.04207435], [17.45030087, 60.04212533], [17.44971375, 60.04276555], [17.445583, 60.04438518], [17.44398727, 60.04501081], [17.44289405, 60.04604781], [17.44256908, 60.04635614], [17.44113317, 60.04763972], [17.44003106, 60.04862486], [17.44000576, 60.04864742], [17.4398188, 60.04876727], [17.43980452, 60.04877643], [17.43594176, 60.0525069], [17.43592683, 60.05254355], [17.43537313, 60.05390475], [17.43427885, 60.05659401], [17.43198478, 60.06098692], [17.42444869, 60.06646839], [17.42145987, 60.06820924], [17.41896898, 60.06966007], [17.41660697, 60.07101346], [17.41634849, 60.07116153], [17.41190288, 60.07402539], [17.40289987, 60.0798232], [17.39414393, 60.08282504], [17.39379677, 60.08296945], [17.39241529, 60.08482609], [17.39131864, 60.08629981], [17.3902853, 60.0868676], [17.38823284, 60.0879924], [17.37873886, 60.09439402], [17.37742012, 60.09528289], [17.37672324, 60.09514435], [17.37172318, 60.09469999], [17.36998, 60.09520849], [17.36525773, 60.09660166], [17.36274417, 60.09876846], [17.36131586, 60.10151471], [17.36006252, 60.10307491], [17.3624075, 60.10842039], [17.35595302, 60.11229371], [17.3554838, 60.11291924], [17.35077596, 60.11246688], [17.34928871, 60.11261714], [17.34777551, 60.11276992], [17.347355, 60.1128124], [17.34706058, 60.11283343], [17.34626532, 60.1128901], [17.34626517, 60.11289011], [17.34599467, 60.11290936], [17.34456907, 60.11301097], [17.34456892, 60.11301097], [17.34443884, 60.11302028], [17.34326941, 60.11310359], [17.34307303, 60.11311758], [17.34178518, 60.11320935], [17.34178503, 60.11320935], [17.34153623, 60.11322705], [17.34145265, 60.11323302], [17.33868455, 60.11341803], [17.33799412, 60.11421455], [17.33649631, 60.11599949], [17.3348107, 60.11800812], [17.33474048, 60.11809171], [17.3340053, 60.11906807], [17.33216634, 60.12123178], [17.33163503, 60.12185849], [17.3296599, 60.12418756], [17.32948834, 60.12438987], [17.32817224, 60.12594168], [17.3233926, 60.131576], [17.32233272, 60.13282508], [17.32175529, 60.13350429], [17.33095097, 60.13735918], [17.33492843, 60.13899324], [17.3368319, 60.13977037], [17.3398123, 60.1410181], [17.36446963, 60.15104886], [17.36614705, 60.15160285], [17.36713933, 60.15190961], [17.36925588, 60.14983359], [17.36906729, 60.1495748], [17.36895618, 60.14943677], [17.36851611, 60.14914144], [17.36806011, 60.14882475], [17.36763764, 60.14852183], [17.3670811, 60.14816212], [17.36973501, 60.14648207], [17.37163327, 60.14729473], [17.37261521, 60.14479602], [17.37587639, 60.14440856], [17.37939899, 60.14332289], [17.38623288, 60.14349009], [17.39248717, 60.14380976], [17.40475816, 60.14248394], [17.40002312, 60.14516471], [17.40647772, 60.1508109], [17.4068829, 60.15106911], [17.40747701, 60.15144414], [17.40772627, 60.15159571], [17.40819351, 60.15191197], [17.40861837, 60.15228837], [17.40965018, 60.15325502], [17.41079021, 60.15422149], [17.41117749, 60.15462372], [17.41579291, 60.15564304], [17.41959315, 60.15764942], [17.42779192, 60.1567657], [17.43147148, 60.15503755], [17.43370965, 60.15378369], [17.43600774, 60.15465053], [17.43943627, 60.15867141], [17.44280699, 60.16274492], [17.44159449, 60.16294376], [17.44172136, 60.16304111], [17.44199527, 60.16311887], [17.44236924, 60.16318104], [17.44275606, 60.16328806], [17.44310405, 60.16333257], [17.44335789, 60.16329017], [17.44362698, 60.16318299], [17.4438527, 60.16307617], [17.44527924, 60.16354139], [17.44531847, 60.1636092], [17.44526279, 60.16373201], [17.44515869, 60.16382123], [17.44492431, 60.1638975], [17.4447557, 60.16399285], [17.44463572, 60.16420442], [17.4444981, 60.16442871], [17.44444905, 60.16453883], [17.44458417, 60.16457684], [17.44494652, 60.1646984], [17.44520346, 60.16480153], [17.44535854, 60.16488417], [17.44551909, 60.16500631], [17.44553658, 60.16515158], [17.44547489, 60.16530145], [17.44551979, 60.16541765], [17.44559597, 60.16550659], [17.44590116, 60.1655588], [17.4462117, 60.16557507], [17.44646201, 60.16553092], [17.44670942, 60.16542388], [17.44686925, 60.16529456], [17.44704194, 60.16520811], [17.4471974, 60.16513995], [17.44748389, 60.1651007], [17.44768664, 60.16504271], [17.44785217, 60.16495999], [17.44793484, 60.16487646], [17.44803002, 60.16475138], [17.44807907, 60.16463947], [17.4481472, 60.16455423], [17.44815007, 60.16445907], [17.45027054, 60.16488752], [17.45481419, 60.1658129], [17.44936208, 60.16606193], [17.44875639, 60.1666077], [17.44128205, 60.16843145], [17.44872521, 60.17183362], [17.46378686, 60.1789024], [17.46547194, 60.1789333], [17.46606179, 60.17820075], [17.46538413, 60.1767212], [17.46912077, 60.17606019], [17.47130168, 60.17676076], [17.47074387, 60.17755758], [17.47263545, 60.1783854], [17.47291143, 60.17959113], [17.47487937, 60.17984861], [17.47322204, 60.18137146], [17.47388341, 60.183002], [17.47406517, 60.18379454], [17.47927625, 60.18624212], [17.47983596, 60.18474782]], [[17.55614668, 60.04960084], [17.55609378, 60.0496006], [17.55540849, 60.04958664], [17.55472642, 60.04955106], [17.55467377, 60.04954831], [17.55399744, 60.04949123], [17.55393696, 60.04948495], [17.55326936, 60.0494065], [17.55284337, 60.04935132], [17.5522968, 60.04934014], [17.55224434, 60.04933792], [17.55156228, 60.04930232], [17.55088596, 60.04924523], [17.55083434, 60.04924039], [17.55016675, 60.04916202], [17.55011641, 60.04915464], [17.5494601, 60.0490553], [17.54918401, 60.04900368], [17.54915822, 60.04900732], [17.54913521, 60.04901055], [17.54911762, 60.04901296], [17.54902892, 60.04902482], [17.54900617, 60.04902759], [17.54889827, 60.04904018], [17.54822796, 60.04911266], [17.54820503, 60.04911508], [17.5480964, 60.04912588], [17.54807331, 60.04912794], [17.54799397, 60.0491345], [17.5479897, 60.04913486], [17.54796454, 60.04913696], [17.54728635, 60.04918803], [17.54726307, 60.04918973], [17.54715328, 60.04919697], [17.54712983, 60.04919832], [17.5470196, 60.04920377], [17.54633618, 60.0492332], [17.54631314, 60.04923409], [17.54620248, 60.04923784], [17.54617897, 60.04923838], [17.54609524, 60.04923981], [17.54540972, 60.04924763], [17.54540335, 60.04924758], [17.54538544, 60.04924783], [17.545377, 60.0492479], [17.54525098, 60.04924826], [17.54523602, 60.04924828], [17.54500051, 60.04924653], [17.54469919, 60.04924425], [17.54439788, 60.04924206], [17.54397473, 60.04923889], [17.54328945, 60.04922487], [17.54322797, 60.04922291], [17.54254592, 60.04918726], [17.54249389, 60.04918296], [17.54181759, 60.04912582], [17.54115018, 60.04904741], [17.54109899, 60.04904058], [17.54044286, 60.04894119], [17.53980054, 60.04882114], [17.53975109, 60.04881186], [17.53912546, 60.04867173], [17.53907805, 60.04866006], [17.53847136, 60.04850035], [17.53788634, 60.0483218], [17.53784143, 60.04830793], [17.53728005, 60.04811123], [17.53723808, 60.04809515], [17.53670307, 60.04788097], [17.53619627, 60.04765035], [17.53615771, 60.04763231], [17.53568113, 60.04738611], [17.53564629, 60.0473663], [17.53520207, 60.04710546], [17.53479192, 60.04683112], [17.5347611, 60.04680971], [17.53452255, 60.04662701], [17.53407826, 60.04647135], [17.5340345, 60.04645494], [17.53349953, 60.04624074], [17.53299279, 60.04601011], [17.53295271, 60.04599156], [17.53253477, 60.04577557], [17.53247618, 60.04574535], [17.53244009, 60.04572475], [17.53199592, 60.0454639], [17.53158582, 60.04518955], [17.53155405, 60.04516735], [17.53117944, 60.04488055], [17.5311523, 60.04485682], [17.53081504, 60.04455871], [17.53051642, 60.04425051], [17.53049436, 60.04422552], [17.53023535, 60.04390848], [17.53001723, 60.04358384], [17.53000013, 60.04355785], [17.5298236, 60.04322702], [17.52981207, 60.04320029], [17.52967797, 60.04286452], [17.52958669, 60.04252514], [17.52957952, 60.04249339], [17.52953162, 60.04215183], [17.52950669, 60.04194806], [17.52947466, 60.04168614], [17.52944587, 60.04145128], [17.52944512, 60.04144527], [17.52944302, 60.04142753], [17.52923378, 60.04131935], [17.5287897, 60.04105849], [17.52875593, 60.04103713], [17.52834591, 60.04076277], [17.52797138, 60.04047597], [17.52794208, 60.040453], [17.5276049, 60.04015487], [17.52758038, 60.04013055], [17.52728183, 60.03982235], [17.52702288, 60.03950531], [17.52700331, 60.03947982], [17.52678525, 60.03915517], [17.5267711, 60.03912885], [17.52659462, 60.03879801], [17.52646057, 60.03846223], [17.52645032, 60.03843081], [17.52635909, 60.03809143], [17.52630021, 60.03782858], [17.52624994, 60.03760482], [17.52620005, 60.03738204], [17.52615093, 60.03716356], [17.52610307, 60.036822], [17.52609924, 60.03679126], [17.52609485, 60.03644887], [17.52609668, 60.03642252], [17.52613005, 60.03613051], [17.52598184, 60.0359097], [17.52580539, 60.03557886], [17.52567136, 60.03524308], [17.52558015, 60.0349037], [17.52553229, 60.03456214], [17.52552791, 60.03421975], [17.52555874, 60.03395079], [17.52551426, 60.03383936], [17.52542304, 60.03349998], [17.5253752, 60.03315842], [17.52536843, 60.03300388], [17.52536405, 60.03266149], [17.52540323, 60.03231962], [17.52546085, 60.03208149], [17.52532653, 60.03188134], [17.52515011, 60.0315505], [17.525119, 60.03147259], [17.52496323, 60.031418], [17.52442857, 60.03120376], [17.5243879, 60.03118693], [17.52388145, 60.03095626], [17.52384419, 60.03093748], [17.52336795, 60.03069123], [17.52292405, 60.03043034], [17.52289066, 60.03040987], [17.52248083, 60.0301355], [17.52245161, 60.03011351], [17.52207726, 60.02982668], [17.52174024, 60.02952855], [17.52171551, 60.02950513], [17.52141711, 60.02919691], [17.52139718, 60.0291725], [17.52113838, 60.02885545], [17.52092045, 60.02853078], [17.5209052, 60.02850548], [17.52072884, 60.02817463], [17.52059489, 60.02783885], [17.52058478, 60.0278129], [17.52049363, 60.02747352], [17.52048867, 60.0274472], [17.52044088, 60.02710564], [17.52043655, 60.02676325], [17.52043676, 60.02673684], [17.52047599, 60.02639496], [17.52048238, 60.02636421], [17.52056483, 60.0260243], [17.52066727, 60.02568831], [17.52079275, 60.02535171], [17.52080507, 60.0253212], [17.52097294, 60.02498918], [17.52098876, 60.02496373], [17.52119852, 60.02463773], [17.5214491, 60.02431903], [17.52146972, 60.02429448], [17.52176032, 60.02398436], [17.52178577, 60.02396097], [17.52211529, 60.0236607], [17.52248207, 60.02337149], [17.52251206, 60.02334936], [17.52291483, 60.0230723], [17.52307684, 60.02297454], [17.52323543, 60.02266101], [17.52337932, 60.0223995], [17.52358905, 60.02207349], [17.52360841, 60.02204411], [17.52385895, 60.02172541], [17.52388034, 60.0217012], [17.52417089, 60.02139108], [17.52450037, 60.02109081], [17.52452628, 60.02106777], [17.52489301, 60.02077855], [17.52492348, 60.02075695], [17.5253262, 60.02047989], [17.52576338, 60.02021617], [17.52579796, 60.02019611], [17.5262676, 60.01994678], [17.52630587, 60.01992853], [17.52680613, 60.0196945], [17.52733531, 60.0194769], [17.52737698, 60.01946056], [17.52793248, 60.01926015], [17.52797728, 60.019246], [17.52855723, 60.01906352], [17.52915903, 60.01889985], [17.52920622, 60.01888798], [17.5298277, 60.01874369], [17.53046624, 60.01861936], [17.53051524, 60.01860998], [17.53093678, 60.01845792], [17.5315167, 60.01827543], [17.53168583, 60.01822881], [17.5322876, 60.01806512], [17.53290905, 60.01792081], [17.53354757, 60.01779656], [17.53420038, 60.01769269], [17.5343843, 60.01766347], [17.53493282, 60.01759501], [17.53513715, 60.01753073], [17.53573889, 60.01736702], [17.53636031, 60.0172227], [17.53699879, 60.01709834], [17.53703132, 60.01709215], [17.5376841, 60.01698835], [17.53800541, 60.01694831], [17.53834899, 60.01690542], [17.5390229, 60.0168437], [17.53907466, 60.01683929], [17.53975509, 60.01679899], [17.53990222, 60.01679373], [17.5405864, 60.01677518], [17.5412715, 60.01677826], [17.54132394, 60.01677895], [17.5420073, 60.0168038], [17.54268611, 60.01685028], [17.54335754, 60.01691809], [17.54339158, 60.01692193], [17.54366851, 60.01695917], [17.543922, 60.01697656], [17.54459359, 60.01704437], [17.54525526, 60.01713338], [17.54544109, 60.0171598], [17.54547167, 60.01716496], [17.54547451, 60.01716535], [17.54558831, 60.01718453], [17.54572821, 60.01700633], [17.54601851, 60.01669616], [17.5460416, 60.01667308], [17.54637083, 60.01637276], [17.5463983, 60.01635085], [17.54676478, 60.01606157], [17.54716726, 60.01578445], [17.54719883, 60.01576399], [17.54763577, 60.0155002], [17.54767117, 60.01548138], [17.54814059, 60.01523197], [17.54864062, 60.01499786], [17.54867925, 60.01498077], [17.54920822, 60.01476307], [17.5497635, 60.01456257], [17.54981245, 60.01454491], [17.55001396, 60.01447923], [17.5505937, 60.01429666], [17.55064609, 60.01428136], [17.55124769, 60.01411759], [17.55186898, 60.01397319], [17.55191637, 60.01396222], [17.55255459, 60.01383788], [17.55260395, 60.01382938], [17.55325662, 60.01372541], [17.5539214, 60.01364241], [17.55397197, 60.01363622], [17.55464578, 60.01357441], [17.55469729, 60.01357072], [17.55537763, 60.01353034], [17.55606158, 60.01351172], [17.55611358, 60.01351062], [17.55679876, 60.01351361], [17.5568508, 60.01351494], [17.55753411, 60.0135397], [17.55821287, 60.0135861], [17.55827301, 60.01359069], [17.5586324, 60.01362675], [17.55895451, 60.01365913], [17.55962606, 60.01372686], [17.55968613, 60.01373449], [17.56034778, 60.01382343], [17.5604076, 60.0138335], [17.56068467, 60.01387079], [17.56073662, 60.01387867], [17.56138552, 60.01398833], [17.56201929, 60.0141184], [17.5620778, 60.01413065], [17.56251187, 60.01423477], [17.56292016, 60.01433265], [17.56338243, 60.0144435], [17.56361317, 60.01449965], [17.56366427, 60.01450018], [17.5636665, 60.01450032], [17.56425828, 60.01450652], [17.56431778, 60.0145086], [17.56500096, 60.01453332], [17.56567976, 60.01457969], [17.56573009, 60.01458383], [17.56640152, 60.01465153], [17.56645085, 60.01465802], [17.56711253, 60.01474693], [17.56776147, 60.01485655], [17.56780937, 60.01486541], [17.56844317, 60.01499545], [17.56848916, 60.0150065], [17.56910513, 60.01515637], [17.56970084, 60.01532541], [17.56974448, 60.01533857], [17.57031751, 60.01552619], [17.57035851, 60.01554147], [17.5709066, 60.0157469], [17.57142759, 60.01596921], [17.57146547, 60.01598626], [17.57195724, 60.01622467], [17.5719917, 60.01624349], [17.5724521, 60.01649707], [17.57287941, 60.01676467], [17.5729103, 60.01678499], [17.57330281, 60.01706558], [17.57332952, 60.01708733], [17.57368568, 60.01737985], [17.57400391, 60.01768307], [17.57402655, 60.01770598], [17.57430571, 60.01801859], [17.57432384, 60.0180424], [17.57456281, 60.01836334], [17.57476058, 60.01869119], [17.57477629, 60.01871998], [17.5748809, 60.0189442], [17.57493651, 60.01904263], [17.57501009, 60.01916461], [17.57501299, 60.01916958], [17.57501624, 60.01917527], [17.57501749, 60.01917803], [17.57502277, 60.01918879], [17.57502344, 60.01918977], [17.57517918, 60.0195232], [17.57518152, 60.01952854], [17.57518342, 60.01953389], [17.57529643, 60.01987156], [17.57529666, 60.01987264], [17.57529988, 60.01988362], [17.57530084, 60.01988648], [17.57530215, 60.01989193], [17.57537218, 60.02023251], [17.57537288, 60.02023779], [17.57537293, 60.02023842], [17.57537449, 60.02025267], [17.57540112, 60.02059482], [17.57540115, 60.02059526], [17.57540142, 60.02060244], [17.57540139, 60.02060586], [17.57540143, 60.02061017], [17.57540017, 60.0206454], [17.57555459, 60.02079248], [17.57583379, 60.02110509], [17.57593335, 60.02122233], [17.57617235, 60.02154327], [17.57618807, 60.02156838], [17.5762637, 60.02169382], [17.57630837, 60.02170292], [17.57692449, 60.02185275], [17.57752036, 60.02202175], [17.57809356, 60.02220933], [17.57825501, 60.02226223], [17.57880326, 60.02246763], [17.57932442, 60.02268991], [17.57981634, 60.02292829], [17.5799541, 60.02299602], [17.58041465, 60.02324956], [17.58084212, 60.02351714], [17.58123479, 60.02379769], [17.58134359, 60.02387748], [17.58169989, 60.02416998], [17.58201826, 60.02447318], [17.58229755, 60.02478577], [17.58234856, 60.02484567], [17.58245768, 60.02493525], [17.58277607, 60.02523845], [17.58305537, 60.02555104], [17.58329447, 60.02587196], [17.58349238, 60.02619979], [17.58364824, 60.02653321], [17.58376136, 60.02687087], [17.58383149, 60.02721144], [17.58385821, 60.02755358], [17.58384144, 60.02789594], [17.58378133, 60.028237], [17.58367795, 60.02857548], [17.58353176, 60.02891005], [17.58334341, 60.02923924], [17.58311369, 60.02956187], [17.58284351, 60.02987659], [17.58253383, 60.0301821], [17.58218601, 60.03047713], [17.58180146, 60.03076057], [17.58138171, 60.03103132], [17.58092829, 60.03128817], [17.58044321, 60.0315301], [17.58010697, 60.03167787], [17.57990011, 60.03179508], [17.57941501, 60.03203701], [17.57890025, 60.03226316], [17.5787673, 60.0323201], [17.57822487, 60.03252946], [17.57765692, 60.03272117], [17.57706577, 60.03289456], [17.57645374, 60.03304886], [17.57641366, 60.03305889], [17.57630387, 60.03308636], [17.57567356, 60.0332209], [17.57555537, 60.03324323], [17.57490912, 60.0333576], [17.57430857, 60.03344286], [17.57386019, 60.03359423], [17.573269, 60.03376761], [17.57265694, 60.03392189], [17.5725577, 60.03394421], [17.57192735, 60.03407873], [17.57128107, 60.03419308], [17.57116436, 60.03420963], [17.57103554, 60.03423244], [17.57069345, 60.03428104], [17.57077199, 60.03435244], [17.57109036, 60.03465568], [17.57136963, 60.03496829], [17.5716087, 60.03528923], [17.57166694, 60.03538133], [17.57186479, 60.03570918], [17.57202059, 60.03604261], [17.57213362, 60.03638028], [17.57213794, 60.03639969], [17.57220797, 60.03674027], [17.5722346, 60.0370825], [17.57221769, 60.03742477], [17.57215745, 60.03776582], [17.57205392, 60.0381043], [17.57190758, 60.03843885], [17.57171907, 60.03876811], [17.57148915, 60.03909064], [17.57121879, 60.03940533], [17.57116157, 60.03946168], [17.57101921, 60.03971038], [17.57100318, 60.03973287], [17.57100523, 60.03975915], [17.57098831, 60.04010151], [17.57098403, 60.04013025], [17.57092378, 60.04047129], [17.57082282, 60.04080128], [17.57081612, 60.04093596], [17.57075585, 60.04127701], [17.57073338, 60.04137642], [17.57062982, 60.0417149], [17.57061737, 60.04174335], [17.57061587, 60.04177356], [17.57062101, 60.0417845], [17.57066941, 60.04189081], [17.57078246, 60.04222848], [17.57085249, 60.04256915], [17.57085786, 60.04262869], [17.57088448, 60.04297092], [17.57086756, 60.04331319], [17.57080729, 60.04365424], [17.57070373, 60.04399271], [17.57055735, 60.04432726], [17.5703688, 60.04465653], [17.57013883, 60.04497905], [17.56986841, 60.04529373], [17.56955846, 60.04559922], [17.56921037, 60.04589422], [17.56882553, 60.04617762], [17.56840548, 60.04644833], [17.56795176, 60.04670514], [17.5678396, 60.04676184], [17.56735419, 60.04700372], [17.56683912, 60.04722983], [17.56629637, 60.04743914], [17.56572809, 60.04763081], [17.5656047, 60.04766697], [17.56560268, 60.04766764], [17.56501121, 60.04784098], [17.56494903, 60.04785665], [17.56491622, 60.04787103], [17.56487468, 60.04788737], [17.56433191, 60.04809667], [17.56376361, 60.04828833], [17.56371895, 60.04830258], [17.56312745, 60.0484759], [17.56308039, 60.04848796], [17.56269713, 60.04858449], [17.56230059, 60.04871819], [17.5622564, 60.04873279], [17.56166488, 60.04890612], [17.56161799, 60.04891843], [17.56100559, 60.04907266], [17.56037491, 60.04920713], [17.56032592, 60.04921715], [17.5596793, 60.04933144], [17.55962848, 60.04933889], [17.5589687, 60.04943242], [17.5582984, 60.04950495], [17.5582465, 60.04950999], [17.55756847, 60.04956111], [17.55751562, 60.04956348], [17.55683221, 60.04959297], [17.55614668, 60.04960084]]]}, "properties": {"deso": "0380A0150", "pop": 2979.0, "income": 358.8, "male_frac": 0.5039, "child_frac": 0.2175, "elder_frac": 0.1517, "dependency": 0.5854, "needZ": 0.0333, "needZ_v1": 0.063, "regso": "0380R037", "higher_ed": 65.3, "neet": 8.7, "income_support": 0.1}}]}