{"type": "FeatureCollection", "features": [{"id": "0", "type": "Feature", "properties": {"regsokod": "0880R001", "regsonamn": "Berga", "kommunkod": "0880", "lanskod": "08"}, "geometry": {"type": "Polygon", "coordinates": [[[16.4295909486471, 56.6898199006198], [16.38356824223515, 56.68917627295244], [16.383568380992514, 56.68917636126096], [16.383568111698388, 56.68917636425213], [16.382300140056746, 56.68928323756995], [16.381336816564986, 56.68930856683376], [16.37998692197522, 56.68915635291905], [16.377373952158894, 56.68886152096608], [16.37639429067926, 56.688508982571165], [16.37520701676097, 56.688081742083234], [16.374383358368345, 56.687564601458156], [16.372400933816223, 56.68551378020883], [16.36364535975938, 56.686665101620086], [16.362382853586734, 56.68789163778364], [16.358534709309307, 56.68823433211325], [16.357281003408236, 56.68749638218001], [16.357274909486755, 56.68746545772678], [16.354725983173708, 56.68750596193863], [16.354259325039926, 56.687433601579244], [16.353046997740943, 56.68724564510819], [16.34850680042532, 56.68717630382034], [16.34677727167172, 56.687154052746614], [16.34670835325358, 56.687154348644405], [16.345588437341913, 56.687159175806], [16.34532126686021, 56.68736858283244], [16.345334355923665, 56.687539299652556], [16.34538755634127, 56.68823069254139], [16.34065974222613, 56.688218786541434], [16.34074561502703, 56.68894549209215], [16.340856966943, 56.689252592857244], [16.341149689621055, 56.6897646212258], [16.341235198904542, 56.69026109456619], [16.341311236298253, 56.69077132328817], [16.341322032683912, 56.690843969550066], [16.34132906260597, 56.691340748699844], [16.342274473967937, 56.69157427636867], [16.343536399843376, 56.69155339538184], [16.34404060630021, 56.69154508196761], [16.34420620199769, 56.69214920458266], [16.344452813889934, 56.69292573565292], [16.343629460856135, 56.6929940875203], [16.34288876327054, 56.693364541086275], [16.341955597990193, 56.69399496915834], [16.346039461041716, 56.69680708088323], [16.347452777031435, 56.69788639108753], [16.34798263666689, 56.69835227078687], [16.348508598493748, 56.69830965792055], [16.34858160460201, 56.6982724868481], [16.348858956822482, 56.69826705829971], [16.34908879975128, 56.698262414065624], [16.349398584873544, 56.69825636354769], [16.34977228758952, 56.69824899171602], [16.350148561133786, 56.69824195029755], [16.350630721724222, 56.69826987110048], [16.350914735579675, 56.6983075751111], [16.351301306720657, 56.698369947427196], [16.351740170184673, 56.698440913995626], [16.352089906260364, 56.698497484849035], [16.352131901262283, 56.698541944671], [16.352373016093967, 56.69859996314428], [16.352835399340705, 56.69867327529196], [16.35289776759738, 56.698741319167596], [16.353223822288914, 56.698828327065385], [16.354056779495817, 56.698979355544374], [16.355154749288975, 56.699178429806], [16.355273014265084, 56.69898059367019], [16.355750752093716, 56.698180930830866], [16.35585007772628, 56.69801456053139], [16.355914365416897, 56.69790741106766], [16.355969888798533, 56.6978186826118], [16.35611084887414, 56.697626796364304], [16.356276069006586, 56.69743922724324], [16.356457621882093, 56.69726405715124], [16.356529570035466, 56.697201470025604], [16.356601221475756, 56.69708202318605], [16.356688116058404, 56.69693707730014], [16.3572764362605, 56.69667105757817], [16.35746367692407, 56.69659796104723], [16.35754652089377, 56.696565078254785], [16.35781258160316, 56.69645959233773], [16.357831179041693, 56.69639641786486], [16.357590137865483, 56.69621309457354], [16.357477165895265, 56.69612727965612], [16.35700836052528, 56.69577009872484], [16.356661726670634, 56.695503572442355], [16.35648422246606, 56.69535683536907], [16.356446611669174, 56.695321941321744], [16.35633610793862, 56.69520348951469], [16.356245543834795, 56.69508158685539], [16.356172170934855, 56.69495464601944], [16.356157011025648, 56.69492247160292], [16.356083165909265, 56.694876024641324], [16.35663482359053, 56.6949765579289], [16.35718065058394, 56.69507589442217], [16.357692056206798, 56.69516904558798], [16.35809488988401, 56.69524235899831], [16.358620523619912, 56.69533786704567], [16.358920485349085, 56.69539253642907], [16.359236173252675, 56.6954500874872], [16.359536135140864, 56.695504665547006], [16.360000519523286, 56.69558933731342], [16.362314159359602, 56.69600979948714], [16.362931871085777, 56.69612251833265], [16.36330233598672, 56.69619015013361], [16.363385045876953, 56.696280333368755], [16.36402462218506, 56.6952252731565], [16.364201122026014, 56.69493399394342], [16.369157409104872, 56.69590019180748], [16.376527681194165, 56.69733649004952], [16.37998041546726, 56.69800912650615], [16.38200870988794, 56.69840489777949], [16.43206074598276, 56.70107875930535], [16.4295909486471, 56.6898199006198]]]}}, {"id": "1", "type": "Feature", "properties": {"regsokod": "0880R002", "regsonamn": "Bergavik-Bj\u00f6rken\u00e4s", "kommunkod": "0880", "lanskod": "08"}, "geometry": {"type": "Polygon", "coordinates": [[[16.435782913747314, 56.718033660708706], [16.43206074598276, 56.70107875930535], [16.38200870988794, 56.69840489777949], [16.37998041546726, 56.69800912650615], [16.376527681194165, 56.69733649004952], [16.369157409104872, 56.69590019180748], [16.364201122026014, 56.69493399394342], [16.36402462218506, 56.6952252731565], [16.363385045876953, 56.696280333368755], [16.36330233598672, 56.69619015013361], [16.362931871085777, 56.69612251833265], [16.362314159359602, 56.69600979948714], [16.360000519523286, 56.69558933731342], [16.359536135140864, 56.695504665547006], [16.359236173252675, 56.6954500874872], [16.358920485349085, 56.69539253642907], [16.358620523619912, 56.69533786704567], [16.35809488988401, 56.69524235899831], [16.357692056206798, 56.69516904558798], [16.35718065058394, 56.69507589442217], [16.35663482359053, 56.6949765579289], [16.356083165909265, 56.694876024641324], [16.356157011025648, 56.69492247160292], [16.356172170934855, 56.69495464601944], [16.356245543834795, 56.69508158685539], [16.35633610793862, 56.69520348951469], [16.356446611669174, 56.695321941321744], [16.35648422246606, 56.69535683536907], [16.356661726670634, 56.695503572442355], [16.35700836052528, 56.69577009872484], [16.357477165895265, 56.69612727965612], [16.357590137865483, 56.69621309457354], [16.357831179041693, 56.69639641786486], [16.35781258160316, 56.69645959233773], [16.35754652089377, 56.696565078254785], [16.35746367692407, 56.69659796104723], [16.3572764362605, 56.69667105757817], [16.356688116058404, 56.69693707730014], [16.356601221475756, 56.69708202318605], [16.356529570035466, 56.697201470025604], [16.356457621882093, 56.69726405715124], [16.356276069006586, 56.69743922724324], [16.35611084887414, 56.697626796364304], [16.355969888798533, 56.6978186826118], [16.355914365416897, 56.69790741106766], [16.35585007772628, 56.69801456053139], [16.355750752093716, 56.698180930830866], [16.355273014265084, 56.69898059367019], [16.356353371993333, 56.69918407101308], [16.35814926279962, 56.69955634837238], [16.358747828205853, 56.69967468696825], [16.36025959511054, 56.69995328466642], [16.361163588668465, 56.70004860316997], [16.36098824445119, 56.70037319182818], [16.360651978227718, 56.700996788838665], [16.36028339933629, 56.70156872478318], [16.36013811344628, 56.70181599835933], [16.359571403067882, 56.70278005131194], [16.35927039886496, 56.70361714713648], [16.358486327758943, 56.70541306414212], [16.358243892734396, 56.70601892129749], [16.357967919627544, 56.706486714619615], [16.357689708368834, 56.7067990342246], [16.35697177367852, 56.7071132677165], [16.356219866653284, 56.70725485331159], [16.355591248094118, 56.70724031449025], [16.354583665349182, 56.7070892181053], [16.35209508721382, 56.706633587118816], [16.350204430284624, 56.706244371784706], [16.350208917528345, 56.70623803462367], [16.348754428685012, 56.70590506501358], [16.34696453217942, 56.70541607568034], [16.34511275157926, 56.70499204828615], [16.343955227317227, 56.704708637179365], [16.343852045123157, 56.70481413306989], [16.343572632940422, 56.70509948423952], [16.343029791491286, 56.70565411263389], [16.342876312589585, 56.70581108427806], [16.342224264339475, 56.706476838552426], [16.34120100669586, 56.70752225633356], [16.341145376421743, 56.70757908885775], [16.340937939276486, 56.70779107638981], [16.340707849083287, 56.70804040680636], [16.341149827078503, 56.708177403086424], [16.342179305866704, 56.7084675201687], [16.342633326278314, 56.70859063733512], [16.343728563269465, 56.70880897703466], [16.34421063999915, 56.70890268027669], [16.343604396344965, 56.71025335492592], [16.343312373726942, 56.7109041818078], [16.343243074486264, 56.711083960838344], [16.342236009510284, 56.713695048177826], [16.348379282230745, 56.71500924246044], [16.349275466106025, 56.71520085212011], [16.350047128069125, 56.71586128298599], [16.35056013928331, 56.7163001167953], [16.351527131786824, 56.71712748308186], [16.355661113002157, 56.71743345778755], [16.35604551608931, 56.71763579688922], [16.357784246016188, 56.71855110354303], [16.353999995615062, 56.719800049664016], [16.353631422666265, 56.72022616824734], [16.353249234955555, 56.720295984982016], [16.35384132575404, 56.720187865917005], [16.35388762314129, 56.72017882910693], [16.354465905086247, 56.720050286157935], [16.354510228346637, 56.720038844649565], [16.35472699789235, 56.719981691352906], [16.35473102773169, 56.71998137889754], [16.35508617943876, 56.719943021947415], [16.355341330506732, 56.720020196660634], [16.355905903579593, 56.720166139014935], [16.35648606831794, 56.72029214595194], [16.35707964674562, 56.720397701873644], [16.357684201099318, 56.720482385694076], [16.35829742080946, 56.720545771390185], [16.3589167453001, 56.720587797799034], [16.359539600935403, 56.720608133504015], [16.360163560919553, 56.72060680403379], [16.36016880765058, 56.72060656707182], [16.3603283361173, 56.720606263421224], [16.36078558622202, 56.72058923438741], [16.360966494914937, 56.72059516379381], [16.361097998078957, 56.720594895661776], [16.361142682760857, 56.720608421370294], [16.361707286711788, 56.72075433638393], [16.361833319967687, 56.72078170550264], [16.361986067531532, 56.720821178112615], [16.362566262282414, 56.720947156587926], [16.362768605948027, 56.72098312276066], [16.36297918990998, 56.721079273704746], [16.363483176985536, 56.7212811799042], [16.36400942737124, 56.72146514375819], [16.3640512735272, 56.72147834010605], [16.36459773563923, 56.72164357587039], [16.365162368301785, 56.72178947507086], [16.36524209405481, 56.72180674763323], [16.365251633308375, 56.72180969710178], [16.365816270989136, 56.721955594210286], [16.366396494163805, 56.72208155470623], [16.366990129552423, 56.722187064010505], [16.367594732535732, 56.72227169860945], [16.368207998956617, 56.72233503528765], [16.368827363171224, 56.72237701224217], [16.369450251337152, 56.722397298262166], [16.370074239852713, 56.72239591993209], [16.37069689691142, 56.7223727233781], [16.371315534350423, 56.722328009536575], [16.371927728541174, 56.722261803343606], [16.372531198156807, 56.72217440135636], [16.373123259969127, 56.72206619085823], [16.373701639284633, 56.7219375564751], [16.374263932553998, 56.721789155636955], [16.374807994251785, 56.72162136892573], [16.374809456168585, 56.7216208137033], [16.375096611657877, 56.721532306819086], [16.375620047262792, 56.721345970102035], [16.376120998449018, 56.72114182332846], [16.376259246717332, 56.72107903119607], [16.37673558161981, 56.720857816435206], [16.37718544944809, 56.72062045347919], [16.377606867291718, 56.7203679519754], [16.3779982477444, 56.7201012291549], [16.378358157050048, 56.71982146740171], [16.378684880739737, 56.71952976504603], [16.378977250038808, 56.71922730332405], [16.37923409790686, 56.7189152625384], [16.37935063517073, 56.71874562925224], [16.37947073764407, 56.71859976195464], [16.37960096231246, 56.71841021454335], [16.379747636228558, 56.71823207272659], [16.37996778423563, 56.71791163319208], [16.38015048775715, 56.717584241191744], [16.380295117578378, 56.71725116265336], [16.38036061722668, 56.717042029798684], [16.38037851095354, 56.717000868376715], [16.380484176787704, 56.71666346004888], [16.380508470930838, 56.716539583370135], [16.39621749977603, 56.72983493534247], [16.435782913747314, 56.718033660708706]]]}}, {"id": "2", "type": "Feature", "properties": {"regsokod": "0880R003", "regsonamn": "Boholmarna-Dun\u00f6-Rinkabyholm", "kommunkod": "0880", "lanskod": "08"}, "geometry": {"type": "Polygon", "coordinates": [[[16.270904185791974, 56.671777669907364], [16.27089266058068, 56.671435355544624], [16.270889481475006, 56.67140888810334], [16.2708385636245, 56.67106760376498], [16.270748170185243, 56.670728878578174], [16.270740292209123, 56.67070272862451], [16.270611135772768, 56.67036772236118], [16.270598568045134, 56.67034215933872], [16.270430971880074, 56.670012395998874], [16.270225515731852, 56.669689127410926], [16.270208533831237, 56.66966432726329], [16.26996634081929, 56.669348888587045], [16.26994495373762, 56.66932512255959], [16.26966673907736, 56.66901876415245], [16.269353754403557, 56.668722641089964], [16.26932824077486, 56.66870017400095], [16.269261264647373, 56.66864516144719], [16.26937695422832, 56.66868027378711], [16.269424785120016, 56.66869415926342], [16.26998812676195, 56.668840497267325], [16.270520488624687, 56.668977807283724], [16.27086756777325, 56.669067239924836], [16.271214786977165, 56.669156760025466], [16.271502822391792, 56.66923098299936], [16.27155353693214, 56.66924250306102], [16.272132638460246, 56.669368908357775], [16.27272518509433, 56.66947487141464], [16.27277011021133, 56.66948231802383], [16.273029568345923, 56.669518921610184], [16.273432368359067, 56.66966023824133], [16.273472902991884, 56.669673118605694], [16.274018220419453, 56.66983875697536], [16.27458159673846, 56.66998507491662], [16.274624075645587, 56.66999577864688], [16.275203200469626, 56.67012216953614], [16.27524748807084, 56.67013060922095], [16.275840053617145, 56.67023655826687], [16.276443625892203, 56.670321640285806], [16.27648904245076, 56.67032764205078], [16.277101319826155, 56.670391522661774], [16.2771475988785, 56.670395180180115], [16.277766011737103, 56.67043752441349], [16.278387999543448, 56.670458268836], [16.278434731999095, 56.670459406362845], [16.27905787306784, 56.67045848750191], [16.27910466018188, 56.670457288154545], [16.279726521418706, 56.67043455039275], [16.28034442406152, 56.6703902901655], [16.280390719784705, 56.67038649067719], [16.281002238538928, 56.67032073455285], [16.281047647346227, 56.67031460788049], [16.281650504705663, 56.670227647143605], [16.28195863279196, 56.67017147568067], [16.282053439030147, 56.67040738181728], [16.28227087013494, 56.67083048984016], [16.28243041468293, 56.6710151551223], [16.282506955158524, 56.670998467283724], [16.283886962107502, 56.67092792318812], [16.284173978251097, 56.6709274795623], [16.289142737903077, 56.671002713116096], [16.290092841433726, 56.67102018269348], [16.290302948321475, 56.671021598950894], [16.29355320170992, 56.6710819325888], [16.293630253776456, 56.67092716295006], [16.293832440574565, 56.67060328904799], [16.293849342096912, 56.67057814089177], [16.294088388225305, 56.670261879204844], [16.294109768294327, 56.67023785250345], [16.294384780870804, 56.669930648757806], [16.29469471818214, 56.669633590873474], [16.294724619624894, 56.669606959700026], [16.295068316636982, 56.66932131822462], [16.29533615455504, 56.66910743101383], [16.29534726357758, 56.669027276380824], [16.29535388165855, 56.66900052784639], [16.29544074660204, 56.66866150265072], [16.29556648579425, 56.66832611432608], [16.295577829861944, 56.668299855698855], [16.295742090191933, 56.667969547156325], [16.295944245021268, 56.66764567070899], [16.295960327107412, 56.66762026032178], [16.296199337131053, 56.66730399459961], [16.296220022017124, 56.66727943565062], [16.29649499616049, 56.66697222727628], [16.296804894480413, 56.666675164169085], [16.29682979726454, 56.666651998767236], [16.297173451664055, 56.66636635064386], [16.297202575686153, 56.666344667722], [16.29757840790013, 56.666071529806146], [16.297984978684852, 56.66581208402876], [16.29801792676785, 56.66579206817593], [16.298453651525254, 56.665547228230835], [16.29848989358378, 56.66552906382875], [16.298953065522554, 56.66530001612194], [16.299441692187425, 56.66508749916438], [16.29948123852507, 56.665071545308315], [16.299993331329542, 56.66487647788671], [16.300526904497374, 56.66469968925364], [16.300569081587426, 56.66468595379185], [16.301122137597467, 56.664528093299644], [16.301140810540115, 56.66452331678546], [16.30140162950516, 56.6644239334649], [16.301935323341645, 56.66424713654697], [16.302488233402304, 56.664089271429816], [16.30264646512308, 56.664046653161535], [16.303210054794686, 56.663909962781304], [16.303162664559775, 56.66368291719975], [16.303131462847684, 56.66361308609033], [16.30302134948815, 56.66327611616372], [16.302950410310498, 56.66293586105025], [16.302948202314536, 56.662918636749275], [16.302916625843046, 56.66257671181654], [16.302924588280504, 56.66223428418104], [16.30297200254355, 56.6618928803755], [16.30297598703362, 56.66187577096933], [16.30306276802773, 56.66153674046212], [16.303188416625808, 56.66120134448062], [16.303352581912417, 56.6608710259559], [16.303362506227067, 56.660854572250145], [16.303564558332994, 56.66053068353935], [16.303803460464753, 56.660214403362446], [16.304078322076865, 56.659907178415246], [16.30409367573452, 56.65989210626286], [16.304403456725314, 56.65959502445016], [16.30474698850086, 56.659309356576046], [16.30479934814677, 56.659271259072334], [16.304814842796223, 56.659256364148334], [16.30515836840073, 56.6589706951521], [16.305534068492303, 56.65869753352035], [16.30594050560049, 56.65843806207664], [16.306055416634713, 56.65836499186398], [16.306491005550676, 56.658120125016815], [16.306954038289902, 56.657891047018865], [16.30744252259248, 56.65767849907656], [16.30750654667777, 56.65765105710144], [16.307581178016388, 56.657619191835934], [16.30793925226098, 56.657482750597225], [16.307947518863052, 56.65747673551198], [16.308353926260352, 56.657217256275636], [16.30878948536603, 56.65697238059029], [16.308917676602228, 56.65690626524006], [16.309374859952147, 56.65668002483703], [16.309552672326067, 56.6565320896589], [16.309928318074384, 56.65625891490155], [16.3099581503471, 56.656238659007045], [16.310364530607295, 56.65597917238291], [16.31080019616261, 56.655734289231276], [16.310833316998504, 56.65571579458189], [16.31129616021733, 56.6554867029103], [16.311332439441397, 56.6554700607936], [16.31159348359301, 56.655356459604164], [16.31156526096169, 56.655051152887445], [16.311566576418382, 56.65492250104894], [16.31157446294203, 56.654580161732625], [16.31162178731294, 56.654238665705996], [16.31164142948148, 56.654134164515014], [16.311707742506357, 56.65387466332277], [16.311688534715433, 56.6536662780651], [16.311688870622067, 56.65364884737371], [16.311696754345757, 56.65330650890258], [16.311744077787505, 56.652965011857965], [16.311830760688533, 56.652625974320365], [16.311956302878638, 56.65229057041109], [16.311966304402688, 56.652264863373084], [16.312130355058965, 56.651934532441814], [16.312244422401122, 56.65173740940021], [16.312402520635963, 56.65148367708279], [16.3124043659806, 56.65147871681921], [16.31256840785678, 56.651148385320134], [16.312770328507447, 56.65082448179253], [16.313009094762894, 56.65050818408664], [16.31328381176309, 56.65020093901532], [16.31359344021012, 56.64990383549558], [16.31366363122634, 56.64984542327824], [16.313762435773707, 56.64975508840087], [16.314105808024184, 56.64946939499724], [16.314424685085214, 56.649237408794065], [16.31448135118277, 56.64919620667148], [16.314617944101823, 56.64910592131876], [16.31502421616936, 56.64884642059035], [16.315459636025427, 56.64860152278693], [16.31592249808122, 56.64837241187753], [16.31641081075378, 56.64815982921018], [16.316922588778528, 56.64796469308501], [16.317283944028155, 56.64784489859347], [16.317465990355, 56.647712447022386], [16.317507638158464, 56.64768424818418], [16.31791387509583, 56.64742473812881], [16.318349259823695, 56.64717983032516], [16.318812086907844, 56.646950708781425], [16.319300364897128, 56.646738114891434], [16.319812108671975, 56.64654296700094], [16.32034533016228, 56.646366094555525], [16.32089803516581, 56.646208147390055], [16.32146769159321, 56.646069780177214], [16.3220521703107, 56.64595155439848], [16.322649065300467, 56.64585394556104], [16.323256110782292, 56.64577742592673], [16.323274876930594, 56.64577569899966], [16.32367479569322, 56.645725273501995], [16.324289438043206, 56.645669957859084], [16.32457082370624, 56.64565241204005], [16.324921006371646, 56.64563332382295], [16.324990325336554, 56.64561210481751], [16.325542999595797, 56.64545413625275], [16.325786848541995, 56.645390184756685], [16.326341007399364, 56.64525555317783], [16.32636607115309, 56.645249357851576], [16.32693569440333, 56.645110965738056], [16.32700242739116, 56.645096599931755], [16.327017751157857, 56.645092573944], [16.327173111895775, 56.64505166148072], [16.327742729164598, 56.64491326569746], [16.32829023857592, 56.64480025567373], [16.328874674249256, 56.644681998046096], [16.329031665720304, 56.64465310297748], [16.329457783240546, 56.644583425284424], [16.329482484421558, 56.644578400342596], [16.330079338033904, 56.64448075604634], [16.33068634589486, 56.64440420033453], [16.33130095598996, 56.64434885020823], [16.331920627484887, 56.64431509214658], [16.33254294386688, 56.64430295194917], [16.332628550245705, 56.644301406565845], [16.333251098118918, 56.644311090216355], [16.33387118087587, 56.64434235569586], [16.334486380444137, 56.644395230767216], [16.335094402754862, 56.64446946876735], [16.335437629537548, 56.644524177669936], [16.33585049762351, 56.644574545212286], [16.336266753905157, 56.64464086466974], [16.353813334695367, 56.65267849595184], [16.355424911089948, 56.653022173089376], [16.363039578424903, 56.65257369140718], [16.373117236242006, 56.64941019069221], [16.380000267666688, 56.64724872040616], [16.400801944646908, 56.63639127240523], [16.358698145257225, 56.61790787396111], [16.319243389762804, 56.591225093374355], [16.27965337576205, 56.495894774059], [16.21668507019505, 56.51816620397594], [16.216684804975348, 56.518166296422876], [16.216685205056447, 56.51816620265531], [16.216685073073297, 56.51816629379754], [16.21930254447197, 56.529663226722136], [16.21945175887047, 56.53031833987711], [16.220137976318004, 56.53333110577113], [16.222304556585335, 56.53546729482243], [16.222278512848455, 56.5355495674954], [16.222268075643093, 56.535575182045356], [16.22212285579043, 56.53590808787024], [16.221939503224046, 56.53623525954832], [16.221924613431817, 56.53626002024484], [16.22170415779937, 56.53658019045646], [16.221684951645546, 56.536604184006706], [16.221428015548423, 56.5369159088205], [16.221135767202448, 56.537218008521485], [16.22111250096084, 56.537240874723125], [16.220786109688497, 56.537532170363896], [16.22075890984321, 56.537553637540874], [16.220399677082767, 56.537832948003036], [16.220009039755706, 56.53809909002786], [16.219978168324953, 56.538118976675015], [16.219557701857116, 56.53837094785162], [16.2195234200316, 56.53838907085622], [16.21907470358505, 56.538625866122885], [16.218599715273296, 56.53884647845309], [16.218562422946704, 56.538862744762085], [16.218063009748967, 56.53906625710747], [16.21754129527471, 56.53925192972279], [16.217501385381055, 56.53926606496168], [16.216959219830866, 56.53943307063094], [16.216909914191383, 56.5394469382774], [16.216349695072942, 56.539594715019895], [16.21568624588804, 56.5397602073769], [16.21562007068252, 56.53977495740698], [16.215618738063167, 56.53977523998932], [16.215570680671217, 56.53978622060513], [16.215550306537704, 56.53979073174451], [16.214979406960982, 56.539927736711846], [16.214880075238952, 56.53994981871966], [16.214865303838515, 56.53995337648591], [16.21485280313624, 56.539956642507114], [16.21427207701665, 56.54009688497358], [16.21422440886042, 56.54010750096477], [16.214198989702542, 56.54011358860801], [16.21415484166795, 56.5401252483769], [16.21358587705969, 56.54026438436429], [16.213520098869637, 56.54027904043816], [16.21350160075809, 56.54028344307214], [16.213452796015094, 56.54029631609773], [16.21286570494198, 56.54043490693044], [16.212813375539902, 56.54044655710386], [16.2127811711241, 56.54045432705584], [16.21275311073669, 56.540461697166364], [16.21217590511473, 56.54060342193182], [16.212054863909056, 56.540630294809404], [16.211475498406376, 56.54077176780421], [16.211430489514782, 56.54078172874597], [16.211408136369858, 56.54078724593396], [16.211356270671338, 56.54080086675698], [16.21077603783742, 56.540940548822334], [16.210771645529437, 56.54094157995341], [16.210766586252205, 56.54094270743095], [16.210754212449967, 56.54094579210068], [16.21066777129362, 56.540968552883946], [16.21008647909756, 56.54110878111341], [16.210035744349245, 56.54112005428471], [16.210011791483705, 56.54112585723983], [16.20996777142052, 56.54113742441071], [16.209386869865515, 56.54127746583413], [16.209337597883888, 56.5412883659856], [16.209313778093268, 56.541294166611564], [16.209268294471677, 56.5413061080681], [16.20892147998512, 56.54138970027236], [16.208691258375193, 56.541525518364935], [16.208242436977763, 56.54176227574814], [16.208146555387508, 56.54180875151506], [16.20767146335282, 56.54202932240792], [16.20717194967344, 56.542232791313054], [16.206954078199157, 56.54231036532367], [16.20695223174887, 56.54231137159633], [16.206925856584697, 56.54232537196261], [16.20688952181975, 56.5423467450302], [16.206875967518013, 56.5423548714354], [16.206446140939647, 56.54261182904899], [16.206440207220094, 56.54261503047172], [16.2063582185061, 56.54266415530744], [16.20627570322979, 56.5427135547458], [16.206271367718088, 56.5427163821508], [16.2058507606627, 56.54296830735725], [16.205421455095223, 56.54322525537349], [16.205411699276727, 56.54323056034668], [16.20533260474421, 56.543277950180624], [16.204902237798038, 56.543535445740986], [16.20486242044628, 56.543557031657635], [16.20441355109961, 56.54379377534167], [16.203938412459706, 56.54401433209344], [16.20390111725991, 56.54403086260472], [16.203859011680088, 56.544047978790736], [16.203835405581373, 56.54406904885836], [16.203808732096963, 56.544090686826024], [16.203449314218812, 56.5443699478785], [16.20305849058409, 56.54463603803404], [16.203022886854527, 56.54465946939662], [16.202602236705154, 56.54491138371516], [16.202164855167187, 56.54517297971285], [16.202124638610336, 56.54519474828845], [16.201675732800357, 56.54543148217825], [16.201200557713197, 56.545652028561086], [16.201162862143722, 56.5456687417987], [16.200663267158806, 56.545872184763404], [16.200622686634514, 56.54588677021885], [16.200100792439816, 56.54607237017901], [16.200047794121158, 56.54608869172232], [16.200043269007505, 56.54609403561321], [16.199750781587063, 56.546396085583595], [16.19972629031283, 56.54641895947151], [16.199399656038853, 56.54671019954395], [16.19904017936848, 56.54698944888652], [16.199007033927188, 56.547014381888715], [16.198616151942623, 56.54728045821118], [16.19798418367631, 56.54771037250296], [16.19794707915907, 56.54773318698912], [16.197526361251825, 56.54798508429275], [16.1972333408596, 56.548139631488695], [16.19712225182215, 56.54821517103852], [16.197115585099827, 56.548224937150735], [16.196858370617043, 56.54853661175284], [16.196779663493682, 56.54862252943809], [16.196487130753805, 56.54892457179935], [16.19647147615644, 56.548938556545856], [16.19647056616761, 56.54893946289722], [16.196444475547757, 56.54896280074938], [16.19637432626324, 56.54903516112349], [16.196340538272874, 56.54906530992084], [16.196520380719317, 56.549153679632774], [16.196555545485523, 56.54917139722052], [16.19699192316529, 56.54941503929114], [16.197023790661135, 56.549434494733205], [16.197431265032442, 56.54969287661773], [16.197808194376172, 56.549965025289104], [16.197836358902162, 56.549986133491046], [16.198181231565464, 56.55027089747599], [16.1982056841481, 56.55029338911081], [16.198517121149923, 56.55058961305459], [16.198793879672003, 56.55089614211645], [16.198814213244038, 56.55091984139411], [16.19905504776625, 56.55123551973743], [16.199071121188087, 56.551260247507386], [16.199275312610418, 56.55158355485682], [16.199441752413435, 56.55191342482325], [16.199453423966013, 56.551938913809195], [16.19949743595716, 56.552053832018764], [16.199593040014538, 56.55224335093455], [16.19960551516891, 56.552268832151334], [16.199733627470987, 56.55260392252838], [16.199741558469206, 56.55262989683211], [16.19983102113418, 56.55296868362172], [16.199881261002965, 56.55331000530254], [16.199884642116945, 56.553336293058514], [16.199895474846645, 56.553678623116944], [16.19989403016125, 56.55370504729953], [16.199865414852, 56.55404713004511], [16.1997974370836, 56.55438743628758], [16.199791422144713, 56.55441354517768], [16.19968457891366, 56.55475090290429], [16.19967398916655, 56.5547766066892], [16.19952850104557, 56.55510948622287], [16.199344859709626, 56.55543653495562], [16.199329690763673, 56.55546165483874], [16.199108931594218, 56.55578169544186], [16.199089434388085, 56.555805777953786], [16.198832185621324, 56.556117456414114], [16.19853961067132, 56.55641950343726], [16.198515917383272, 56.55644236931881], [16.19818918848473, 56.55673360615108], [16.19816169662264, 56.55675516083695], [16.197802116572312, 56.55703440659436], [16.197411123723395, 56.55730047827766], [16.19737982149286, 56.55732036325149], [16.196958994287115, 56.557572258716014], [16.1965099104616, 56.55780897333955], [16.196475196704352, 56.55782709393306], [16.195999836739574, 56.558047620782204], [16.195962112439936, 56.5580638833627], [16.195462326851548, 56.558267305828174], [16.194940237544195, 56.55845288547776], [16.19489989276451, 56.55846692669338], [16.194357352965955, 56.558633835728145], [16.19431465821874, 56.55864565400197], [16.193754067017696, 56.55879333000546], [16.193555410223325, 56.558837367502626], [16.193720823847077, 56.559165009188504], [16.193788047807946, 56.559301535163314], [16.193916133395707, 56.55963663127761], [16.193948009780613, 56.559741336982974], [16.194037438387618, 56.5600801277064], [16.194087634779244, 56.56042145064014], [16.194098418103792, 56.560763781928195], [16.194092894902795, 56.560861031724315], [16.19408128177681, 56.560999213172536], [16.194153989928775, 56.561079721179404], [16.19439485147963, 56.56139540793463], [16.19441348663301, 56.561420471060515], [16.194617694387723, 56.56174378637485], [16.194631660632503, 56.56176970296949], [16.19479810605874, 56.56209957860239], [16.19492283849226, 56.56242563291555], [16.19499601551926, 56.56249526690968], [16.19527283392555, 56.56280180298677], [16.19534401946365, 56.562889152562676], [16.195584899765606, 56.56320474701041], [16.19578913011304, 56.56352814915038], [16.19595559352363, 56.56385802306707], [16.195998528140382, 56.56395992729098], [16.19612664951882, 56.564295019834084], [16.196216108909763, 56.56463380951717], [16.19625243514751, 56.56478563257368], [16.19630200684136, 56.565123277611164], [16.19638430599365, 56.56528615714284], [16.19639196817558, 56.56530360035188], [16.19652009776105, 56.565638693282736], [16.196609563973727, 56.56597748168429], [16.196659793711255, 56.56631880401289], [16.196661455351325, 56.56634591698612], [16.196672264314227, 56.566688246726486], [16.196643611732878, 56.56703032819019], [16.196638719529513, 56.56707088811981], [16.196570691049697, 56.56741119301377], [16.196562801312336, 56.56743758926013], [16.19645576075051, 56.56777494417635], [16.19631019599162, 56.568107819586615], [16.19612646824811, 56.56843495399281], [16.19590560789553, 56.568754988680965], [16.195894052405432, 56.568771538558906], [16.19582179243827, 56.56885900950191], [16.195764309120214, 56.569040480986516], [16.195789205199148, 56.569217028088545], [16.19591994043131, 56.56928997060552], [16.196042911031547, 56.56936352676684], [16.19612179056869, 56.56941352270706], [16.196135422593528, 56.56942021828612], [16.196572032530945, 56.569663860080915], [16.19670302903768, 56.569740752619516], [16.197110721439262, 56.56999913291681], [16.1971438165203, 56.57002288928503], [16.197520948020383, 56.57029503710932], [16.197866005240083, 56.570579800285245], [16.19796720892897, 56.57066928420689], [16.19827881374603, 56.57096550799305], [16.19855572142446, 56.57127203597753], [16.198796685478893, 56.57158771326822], [16.19885860063647, 56.57167820417999], [16.199062902671265, 56.572001510377014], [16.199229434387696, 56.57233137917526], [16.1993576120188, 56.572666468618934], [16.199386400952296, 56.57276186015901], [16.199475910460766, 56.573100645937004], [16.19952617632987, 56.57344196657393], [16.19953701407972, 56.573784295562824], [16.199531616930443, 56.57388091531233], [16.199502985629888, 56.57422299695926], [16.1994349709137, 56.57456330208216], [16.19932807179612, 56.574900658662656], [16.199288637513554, 56.57499482223269], [16.199143070797653, 56.575327699692295], [16.19895933342087, 56.57565483795443], [16.198738455820894, 56.57597487738458], [16.198666346737596, 56.576063067179824], [16.19840895761941, 56.5763747443736], [16.198116226717588, 56.57667679008802], [16.19778932239326, 56.576968025683065], [16.197429549783728, 56.57724726938907], [16.197327735773627, 56.57732586371822], [16.19693653213961, 56.577591933948185], [16.196515478666345, 56.577843828061376], [16.196066153543363, 56.57808054224131], [16.195926817655373, 56.57815284745371], [16.195451201108245, 56.57837337347769], [16.195343776659527, 56.57841905098848], [16.19484371908036, 56.57862247146791], [16.194321347580583, 56.578808049109774], [16.194159071949606, 56.578863954195974], [16.19361623799103, 56.57903086069582], [16.193055343455406, 56.579178533449316], [16.192478514279223, 56.57930632558689], [16.19231461068906, 56.57934050497079], [16.191724246396404, 56.5794478516062], [16.191122751623023, 56.57953428194337], [16.190512535200032, 56.579599593069965], [16.190339728694507, 56.579615439690855], [16.189723199479403, 56.57965933803155], [16.18910276576582, 56.57968153087835], [16.188481113562204, 56.579682083256934], [16.188306104630882, 56.57967908438545], [16.18768565077046, 56.5796578824778], [16.187068815920806, 56.57961499392494], [16.187033393953197, 56.57961128974269], [16.18701936309649, 56.57964331361192], [16.18683549751611, 56.579970343537816], [16.18681657804518, 56.58000061796155], [16.186595575542707, 56.580320725955275], [16.18627410538081, 56.580759289502424], [16.186016582571966, 56.58107094136959], [16.185993032380654, 56.58109910345272], [16.18570016608771, 56.58140112027564], [16.185675777414982, 56.581423990125245], [16.185471247731755, 56.58160613915283], [16.185416792492514, 56.581672054444944], [16.18512391559127, 56.58197406993649], [16.184796867379802, 56.582265271720644], [16.18479621203744, 56.58226581705471], [16.18476861528568, 56.58228916652163], [16.1844086977998, 56.58256837291363], [16.184017349254415, 56.58283440378], [16.18359615147466, 56.58308625453892], [16.18357239090855, 56.583099236446124], [16.1831229223429, 56.583335903358396], [16.18264716588831, 56.583556379912], [16.182146971982895, 56.58375974973494], [16.182118824218488, 56.58376980895858], [16.181596318976823, 56.583955332652], [16.181053356227288, 56.58412218381353], [16.18063495503743, 56.584232245719164], [16.180385049310672, 56.58433388048636], [16.179862527733242, 56.58451939694667], [16.179820816862353, 56.58453371643626], [16.179277837928808, 56.584700559897925], [16.179233638424755, 56.584712567625125], [16.178672601472346, 56.58486017597142], [16.178095638228523, 56.584987901824164], [16.17804961043715, 56.584997320841595], [16.177459118474587, 56.58510460017806], [16.17685749890437, 56.58519096106475], [16.176809912123186, 56.585197699819766], [16.176199578933897, 56.58526294023824], [16.17615097187108, 56.58526708368541], [16.175534331700348, 56.58531091121048], [16.175413094269125, 56.585315200831964], [16.175182789817477, 56.58540882386378], [16.174921044570308, 56.58550175604251], [16.175174366057515, 56.58562629236745], [16.175420019716753, 56.58576329792], [16.17567981682497, 56.58581518896107], [16.175841039069752, 56.58585327989612], [16.176410936398867, 56.58599009194249], [16.1764281414016, 56.58599504966318], [16.176439636900017, 56.58599772533002], [16.176992697240816, 56.586154277329484], [16.17702549765282, 56.58616420694277], [16.17704381064622, 56.586170232273574], [16.177053026890718, 56.586173019302464], [16.177475169878484, 56.58631185366336], [16.17758681043754, 56.586348524920986], [16.17809941478583, 56.58654228480549], [16.178243843439557, 56.58659706111925], [16.178733102719445, 56.586808376707275], [16.179196972552678, 56.5870363697621], [16.17963381406423, 56.5872800686771], [16.17975627298255, 56.58734924406611], [16.180164041738514, 56.58760767979337], [16.180541228754574, 56.58787987813292], [16.180886319337297, 56.58816468750912], [16.180981762415605, 56.58824570594353], [16.181293381450473, 56.58854197141503], [16.181570282624964, 56.588848536402246], [16.18181121657942, 56.58916415602463], [16.18187632420499, 56.58925399580985], [16.182080446196696, 56.589577420316225], [16.182247043172428, 56.58990730995764], [16.182375132393002, 56.59024241634407], [16.182407238187086, 56.590337420473276], [16.1824966396596, 56.59067621798169], [16.18254664296162, 56.591017546348446], [16.182557334444827, 56.59135987647393], [16.18255499226957, 56.59146544986643], [16.182526331535318, 56.59180752515418], [16.182458133081617, 56.59214782081714], [16.182448709440916, 56.59219435299744], [16.18243918469459, 56.59222471613569], [16.1824404151358, 56.59222542322549], [16.18247271926545, 56.592245057967816], [16.182880559619864, 56.592503484293424], [16.18325781530205, 56.59277567390054], [16.18328641167208, 56.59279696097497], [16.183631569746925, 56.593081762225715], [16.183656180836007, 56.59310443486363], [16.18396786281221, 56.59340069224017], [16.184244821629765, 56.593707250799945], [16.184265311416063, 56.593731220432375], [16.18450629939074, 56.59404683436789], [16.184522525456675, 56.5940718319928], [16.18472683166341, 56.59439525042087], [16.184893338285406, 56.59472513736933], [16.18490488414167, 56.59475080846422], [16.18503301544866, 56.59508591167515], [16.185040014662796, 56.59511216516091], [16.185129451526816, 56.59545096037598], [16.185179487072205, 56.59579228728578], [16.185182199615557, 56.59582316296883], [16.18519291687645, 56.59616549250244], [16.185191485387282, 56.59658734838554], [16.18516284360896, 56.596929423935784], [16.18516015819381, 56.59695945255957], [16.185091976413293, 56.59729974931344], [16.18508524997982, 56.59732514611742], [16.18497816131764, 56.59766248904205], [16.18483238253141, 56.59799535034942], [16.1848212128262, 56.59802034021355], [16.18463724393977, 56.59834745620825], [16.184621887964735, 56.59837176713129], [16.184400758887875, 56.59869178009563], [16.18414310063294, 56.599003427768366], [16.184123551174245, 56.599026790210715], [16.18383053153763, 56.59932880242604], [16.183807049035185, 56.599350944368204], [16.18347984071786, 56.59964214256765], [16.18311974883465, 56.599921346099265], [16.183092599879647, 56.599942264895034], [16.182945430685812, 56.60004229800605], [16.18291249686243, 56.600071536008734], [16.18255239835854, 56.60035073789788], [16.18234182996482, 56.600493772287976], [16.182289788927434, 56.600586432270845], [16.182068627422204, 56.6009064420107], [16.18205075350131, 56.60093194364555], [16.18179306246137, 56.60124358646792], [16.181770582867784, 56.601267874835436], [16.181477528903486, 56.601569881535085], [16.181150283602406, 56.601861072760045], [16.1811188805591, 56.60188778177808], [16.18075874999966, 56.602166977638355], [16.180519987569035, 56.60234971165857], [16.180490709190117, 56.60237568066625], [16.18046260270562, 56.60240047141936], [16.18028685120188, 56.602540656059276], [16.18028029382094, 56.60254574886913], [16.17992015087575, 56.60282494322238], [16.179813500795333, 56.60290689078634], [16.17952573837337, 56.6031684198037], [16.17919846435923, 56.60345960683795], [16.17916702221178, 56.603485146788756], [16.178806862137243, 56.603764337050194], [16.17841525848506, 56.604030350447324], [16.178384595620837, 56.6040507623679], [16.178373252917442, 56.60405751766488], [16.178347802239298, 56.60407707157447], [16.178030253197083, 56.604292796016026], [16.17796500674874, 56.6043716562307], [16.177921405816356, 56.60441662382589], [16.17791538763034, 56.604430424868966], [16.177731328539313, 56.60475753159055], [16.177669960322106, 56.60485746383247], [16.177448735173062, 56.60517746540622], [16.17740654116819, 56.60522879870496], [16.177148781348098, 56.605540431988274], [16.176855657731227, 56.605842427883985], [16.176760033781655, 56.60593388035597], [16.176432716389606, 56.606225060157605], [16.176072510261154, 56.60650424347057], [16.175780449861065, 56.60670265253532], [16.17592332902086, 56.60686083993149], [16.176164466289194, 56.607176468050106], [16.176368639967556, 56.60749990079856], [16.176423480468472, 56.60759163731946], [16.17658997448381, 56.60792153475042], [16.17671821201113, 56.60825664468203], [16.176807473560263, 56.60859544661565], [16.176828998258223, 56.608691450484], [16.176879111667738, 56.60903277898818], [16.176879789886062, 56.60905028934176], [16.176881166531984, 56.60905997810856], [16.17688169275453, 56.60907254915752], [16.176892340315828, 56.609414878980225], [16.17686348182181, 56.60975695443368], [16.176849289157737, 56.609862189278765], [16.17683986843912, 56.60990916915971], [16.176946883585376, 56.61001092235057], [16.176969513782094, 56.610034423659606], [16.177246539688138, 56.610340996724624], [16.177487710531427, 56.61065662196776], [16.177506079284843, 56.61068133063513], [16.177710283719886, 56.61100476087716], [16.17772639215674, 56.611034522395045], [16.17789291306498, 56.61136441779328], [16.17809299927981, 56.611814276465374], [16.17809357876273, 56.611815618698465], [16.178302391121743, 56.612278061174734], [16.178430659052946, 56.61261316808845], [16.178441697287667, 56.61264405481007], [16.178530985164873, 56.61298285606359], [16.178535582781283, 56.613009670772776], [16.178585717825392, 56.61335099826898], [16.178596382531847, 56.61369332764528], [16.178596146732303, 56.613720278879256], [16.17856730089224, 56.61406235444459], [16.178562088302577, 56.61408908327244], [16.17849395193105, 56.614429374592575], [16.17838662290303, 56.614766713548825], [16.17837656238457, 56.61479312888436], [16.17837041595155, 56.614807200677696], [16.17841321739818, 56.615098561280305], [16.178421668476897, 56.61536985708661], [16.178510995322434, 56.61551130147692], [16.178562384234453, 56.615603788505105], [16.178728933070715, 56.615933682432775], [16.17885721760841, 56.61626878864608], [16.17894651654147, 56.61660758847351], [16.17896591104971, 56.616712506135904], [16.17901605530672, 56.617053832324075], [16.17902672543323, 56.61739616234055], [16.179026708453836, 56.617412870621585], [16.178997865746627, 56.617754945168556], [16.178979775484326, 56.61786003827346], [16.178936510766803, 56.61807576961389], [16.178946810083435, 56.61808716987247], [16.17918804696016, 56.618402791155056], [16.17939230671625, 56.61872621892346], [16.179449712895966, 56.61881757036825], [16.1796162839857, 56.61914746285006], [16.17974458765822, 56.61948256790057], [16.179833904137983, 56.61982136683923], [16.17985799070544, 56.619917167004715], [16.179891782381173, 56.620147439444004], [16.179913854733, 56.6201614225334], [16.179948847887708, 56.62018471623383], [16.180326361361764, 56.62045691248575], [16.180628828280888, 56.620679695290974], [16.180659856514165, 56.62070500306548], [16.181005255192257, 56.6209898982978], [16.181317147602865, 56.621286160159606], [16.18133990691862, 56.62130921021807], [16.18161705193398, 56.62161577251708], [16.18163554558866, 56.62163994120086], [16.181876827895458, 56.621955556907025], [16.182081130156803, 56.62227897900733], [16.182095217906056, 56.622303997207645], [16.18226182779156, 56.62263388580717], [16.182390167143325, 56.62296898869733], [16.18239983990815, 56.62299467774639], [16.182489188870463, 56.623333474458086], [16.182494170663816, 56.623359567464675], [16.182544356400374, 56.623700892601676], [16.18255506112446, 56.624043220917045], [16.182555477025602, 56.62406944715427], [16.182549684216482, 56.624137773109496], [16.18278401365882, 56.62428619052681], [16.182815827533595, 56.62430645882506], [16.183193403101082, 56.62457864684448], [16.183221369262363, 56.62460047903687], [16.18356682311869, 56.62488536675673], [16.183878769681822, 56.62518162178419], [16.183902753230534, 56.62520501912635], [16.184179947925102, 56.62551157532438], [16.184199531822028, 56.62553609175053], [16.184440725515426, 56.625851703386346], [16.18464520642653, 56.62617512051073], [16.18466025282716, 56.6262006683843], [16.18482690267385, 56.62653055318235], [16.184837265094945, 56.626556684715084], [16.184965641020415, 56.626891784591365], [16.185010945946548, 56.62706364638362], [16.185057688569998, 56.627071195963275], [16.185102438002758, 56.627079483288675], [16.185687679510607, 56.62719607687109], [16.18625823964156, 56.62733292999039], [16.186301446817865, 56.62734347688635], [16.18685515147956, 56.62749989150618], [16.18689628012222, 56.62751270421647], [16.18743069481549, 56.627688163827], [16.187943915035966, 56.62788196915386], [16.187982560263006, 56.62789696066442], [16.188472410867682, 56.628108235010465], [16.188508291772386, 56.62812513956328], [16.188972862610253, 56.62835300120187], [16.189410112243397, 56.62859666323055], [16.189442830001052, 56.628615483654855], [16.18945819007646, 56.628625218326626], [16.18947488857626, 56.62863044870796], [16.190009330952872, 56.628805897099284], [16.190522579494896, 56.62899969164013], [16.19056150428099, 56.629014950126866], [16.19105138369841, 56.629226213266456], [16.19108741622025, 56.629243564873235], [16.191552016303667, 56.62947141672213], [16.19198929546649, 56.62971506952326], [16.19202202680157, 56.62973424854002], [16.192260951445334, 56.62988547949184], [16.19246001410048, 56.62998310320868], [16.19249537777565, 56.63000055066945], [16.192932669138926, 56.63024420008488], [16.1929648664843, 56.630263474721865], [16.193257838612496, 56.63044885892784], [16.193263439220875, 56.63045167946638], [16.193728067280627, 56.63067952393023], [16.194165374413295, 56.63092316802429], [16.194573717737487, 56.63118164217161], [16.194951443956313, 56.63145370375884], [16.19505778752585, 56.63153065453477], [16.195403392551988, 56.631815509360656], [16.19571548937836, 56.63211173376498], [16.195992830897666, 56.63241826270267], [16.19606991625312, 56.632505105707864], [16.19631138925132, 56.632820692087456], [16.19651587465099, 56.633144089168674], [16.196682659165397, 56.633473957165776], [16.19672755983709, 56.63356739766768], [16.19685606564546, 56.63390248436427], [16.196945571132176, 56.63424126945833], [16.196995903025485, 56.63458258667133], [16.19700675672241, 56.63467913888129], [16.197017596887964, 56.63502146569125], [16.196988905768965, 56.63536354282353], [16.196920899671788, 56.635703842547585], [16.19689530741681, 56.635808471241], [16.19678808471648, 56.63614582448803], [16.19677017426542, 56.63618731774391], [16.1967700532015, 56.63618776814739], [16.1966242361511, 56.63652064141133], [16.19644032213264, 56.63684777191994], [16.19621893753876, 56.63716780666077], [16.195961119160664, 56.63747947759856], [16.19566790227385, 56.637781516689365], [16.195340460017334, 56.638072835139376], [16.194980091193617, 56.63835198264279], [16.194588248266022, 56.63861813544472], [16.194166505025485, 56.63887002207711], [16.19371644222371, 56.63910663785316], [16.193240050778268, 56.639327156548845], [16.192739183519524, 56.639530659835415], [16.192215964110076, 56.639716229500934], [16.191672253042782, 56.6398831286737], [16.191110449676042, 56.64003079594206], [16.191082543543434, 56.64003699112733], [16.190936707082933, 56.64016648336567], [16.190909559379367, 56.640188213120545], [16.190549137669386, 56.64046734702361], [16.190157243278037, 56.64073348689081], [16.19012113634787, 56.64075682774252], [16.189699339457356, 56.641008699376584], [16.189527982820994, 56.64110941927732], [16.189480332759533, 56.641146255759], [16.189446691001628, 56.64117101041633], [16.189054779940097, 56.641437146861065], [16.188706560993072, 56.641668998507086], [16.188668556973884, 56.641691908700345], [16.18824673998375, 56.641943775458394], [16.187796603484852, 56.64218037002011], [16.187760587722853, 56.64219814053659], [16.187646078304297, 56.64225115428552], [16.187329708007628, 56.64244011928152], [16.187316634921494, 56.642447699535744], [16.18731161620299, 56.642450622530674], [16.187310032162696, 56.64245153611622], [16.18699615700986, 56.64262161202357], [16.18654600460369, 56.64285820210343], [16.186539653730073, 56.642861496256565], [16.186534625245802, 56.642864059921784], [16.18652721253191, 56.64286781343385], [16.186522045890005, 56.64287028766928], [16.186507602215116, 56.642877073169835], [16.1865056182954, 56.64287808040402], [16.186029135497517, 56.64309857085834], [16.186015076180276, 56.64310472280645], [16.186010569875897, 56.64310683223663], [16.186008315314012, 56.64310784204127], [16.18557679800489, 56.64328729925773], [16.18507583686457, 56.64349077196817], [16.18503064965052, 56.64350773051273], [16.18450733715072, 56.643693268042966], [16.183963534628685, 56.64386013471416], [16.183922641719256, 56.64387256052483], [16.183360750129502, 56.64402019307738], [16.1833177699212, 56.64403039323736], [16.182739917793654, 56.64415805240572], [16.182148517574266, 56.64426535676758], [16.182103985039877, 56.64427323520886], [16.181501439363263, 56.64435971231726], [16.18145575923776, 56.644365266278484], [16.1808444804428, 56.64443053279245], [16.180226880687883, 56.6444742981964], [16.180180448374383, 56.64447734308737], [16.18010026168684, 56.64448025961271], [16.1800886702565, 56.64450094009645], [16.18007761587649, 56.64451730370345], [16.179856049900994, 56.64483730968778], [16.17959804464695, 56.64514894712045], [16.179304637777822, 56.645450948076515], [16.178977003141483, 56.645742223914674], [16.178960248833967, 56.64575693519203], [16.17859968863352, 56.64603612464996], [16.178207652351226, 56.646302227243055], [16.1780270473131, 56.646410024772486], [16.177963492738286, 56.64645913393871], [16.177935783812906, 56.64648050580022], [16.177543736628007, 56.64674660633739], [16.17751248132469, 56.64676639439144], [16.17709053327349, 56.64701822367946], [16.176640266355918, 56.64725477824207], [16.176605593976358, 56.64727280230794], [16.176128999456488, 56.647493255162125], [16.176091310350074, 56.64750942168376], [16.175590241945592, 56.64771285652343], [16.175066824594044, 56.64789835467172], [16.175026376203142, 56.64791230072368], [16.17448246912522, 56.64807912540293], [16.174439801156584, 56.648090936761555], [16.17387780940218, 56.64823852592194], [16.17329986065372, 56.648366142476924], [16.17325536882742, 56.648375544734186], [16.172663875215665, 56.64848280434512], [16.172617962690477, 56.64848979387504], [16.1720153292046, 56.64857622535843], [16.171403965451937, 56.64864144581691], [16.171356897312865, 56.64864584197541], [16.170739217072843, 56.648689559708096], [16.17069167092027, 56.64869153423021], [16.17029430028141, 56.64870568993154], [16.17155817688535, 56.649138815726204], [16.172071980763235, 56.649318579044476], [16.17244992881677, 56.649367480318645], [16.173186234581266, 56.6494839690231], [16.173744592046443, 56.64968621133132], [16.17431518212094, 56.64991402674514], [16.17534312947277, 56.65042982679212], [16.175595304857126, 56.65052500033766], [16.17570921144137, 56.65056794094135], [16.17620444483198, 56.650754778300545], [16.17668828326268, 56.65100307552359], [16.177047722191276, 56.65113918297422], [16.17726476003121, 56.65119848404636], [16.17733666198632, 56.65121837468279], [16.1776464328325, 56.65127976218021], [16.17810324378566, 56.65135952042693], [16.17839721697544, 56.65145761627844], [16.178674783538906, 56.65155577782237], [16.179083140763794, 56.65170749451459], [16.179328302021222, 56.651805781816506], [16.1795080801359, 56.65188618222046], [16.179753082675198, 56.65196641355628], [16.179932885373468, 56.652064779916145], [16.18016195375981, 56.65219887946628], [16.180423571278954, 56.652332939538596], [16.180636058740326, 56.65243126364123], [16.180897340436097, 56.65251142822113], [16.18119132982449, 56.65260951828865], [16.181420080722802, 56.65269879366645], [16.181681392455324, 56.6527970120781], [16.182056877185303, 56.652885971676426], [16.18236716831028, 56.65300195906725], [16.182677754596952, 56.65313590878997], [16.183151704214325, 56.65333235406791], [16.18344587634565, 56.65345738508241], [16.183658399827003, 56.65357357979775], [16.183886980266895, 56.65362701035471], [16.184213692172722, 56.65374292689473], [16.184458560749214, 56.6538052751816], [16.184817675200435, 56.653912168475095], [16.185062850092795, 56.65400137077901], [16.185291472073477, 56.654081657392915], [16.18633553030266, 56.65553449265012], [16.186687302707444, 56.65559536781814], [16.186915736875743, 56.65563073942648], [16.187258404100543, 56.65569286780653], [16.187437733689865, 56.65571936435878], [16.187568241299868, 56.65574605589802], [16.18781260230123, 56.65572755592889], [16.188089690586544, 56.65573596069082], [16.188187622878083, 56.655727660442], [16.188415413143158, 56.65570832910168], [16.188757412588334, 56.655680720046796], [16.189153422293025, 56.65565969126599], [16.189279031995337, 56.65565471880909], [16.189789314685367, 56.654179877581505], [16.18050976237776, 56.651591930152456], [16.18090195706989, 56.65045187096935], [16.181722012558875, 56.64806747732967], [16.185489408004468, 56.64835396631632], [16.185444582275014, 56.64845976280833], [16.184387013837917, 56.65136897885249], [16.184333529590173, 56.651516267950974], [16.185290336613377, 56.651640738627655], [16.185898580212637, 56.651766635875475], [16.189450120235225, 56.65250205367793], [16.190267287404716, 56.65267120771721], [16.190060434251603, 56.65337160803897], [16.191433966984107, 56.65343114282939], [16.19475670337822, 56.653575186832214], [16.194767171192375, 56.653659526074094], [16.194797100206443, 56.65378077843421], [16.19483674179346, 56.65390714694073], [16.194886097075294, 56.65406001171321], [16.194985171120948, 56.6543813684961], [16.195102746963226, 56.65468799587815], [16.195200485596803, 56.65483949760653], [16.195442943041815, 56.65513935612843], [16.19565616382207, 56.65538658459698], [16.19591739401159, 56.6556546418588], [16.196121899023286, 56.65558395740707], [16.19640798642013, 56.65553674305704], [16.19661082960856, 56.65559201496769], [16.196839470065463, 56.65566329829504], [16.197247417891017, 56.65574318689759], [16.197720614854422, 56.655831878710245], [16.19812909417414, 56.655983532314366], [16.198272566271754, 56.656083658755506], [16.19842388045872, 56.65618927920588], [16.19866984582038, 56.656395136044544], [16.19893222253555, 56.656600924222374], [16.19911259594143, 56.65675315460532], [16.199407558309545, 56.65697677359503], [16.199653551949197, 56.65719161031811], [16.20006291945108, 56.657450955764304], [16.200341253377577, 56.65762083504567], [16.2006685838643, 56.65780856566722], [16.200962681836376, 56.65791559138516], [16.201305757943746, 56.658031485330866], [16.201583585456213, 56.65813857583202], [16.201844970183963, 56.65822776865231], [16.202155853720875, 56.6583886163152], [16.202548805256203, 56.658629965668524], [16.20274547720389, 56.65878212330569], [16.202851082847346, 56.658959684338356], [16.202991239060687, 56.65908166594623], [16.203182620254772, 56.659316696487615], [16.20333812886264, 56.65956150653548], [16.203395930911373, 56.6596614667589], [16.203519780289632, 56.65987523111901], [16.20355679511024, 56.66001940855396], [16.20360360727227, 56.66001509350551], [16.210161397432316, 56.65942000990395], [16.219654554675436, 56.66771422575103], [16.220850708701278, 56.66790048862773], [16.22132877297181, 56.66806656642385], [16.221791726966792, 56.668268722577956], [16.22223943510704, 56.66850686874418], [16.22250086638655, 56.66865189280056], [16.22262130636274, 56.66871871077954], [16.22290467233066, 56.668913553974846], [16.223280958921865, 56.66923935248434], [16.223747973938288, 56.66947056686528], [16.2239949956912, 56.66963558129947], [16.224205542014047, 56.669746337157015], [16.22481586816102, 56.670014585451256], [16.22514067900469, 56.67013409732322], [16.225238034383164, 56.670500991635585], [16.225372881710516, 56.67089940573312], [16.22544835511009, 56.67118072761097], [16.225475870283734, 56.67145210172985], [16.22545386607252, 56.67171111669072], [16.225425119657906, 56.67192824805497], [16.22538635681394, 56.672346695626686], [16.22540831953583, 56.67263357456835], [16.22604902419323, 56.67236451773912], [16.226883551080682, 56.67200183160957], [16.226830687480287, 56.6721764423636], [16.226947658792056, 56.672798347535895], [16.227243110901142, 56.67306115129976], [16.227318764552003, 56.67339708694163], [16.22747797149846, 56.67385661304554], [16.227534673490702, 56.67434212161075], [16.22765587643329, 56.674845318774224], [16.2276116867488, 56.674860396853234], [16.227717846749673, 56.67718898738083], [16.227964233998748, 56.67760543295339], [16.229247409202266, 56.67789047007248], [16.22933285307343, 56.678212114520434], [16.229078730685572, 56.67849273452234], [16.230893366157336, 56.678081809907944], [16.23175921855788, 56.677892962067354], [16.23250171485592, 56.677731020013844], [16.234061488882947, 56.67737323400336], [16.235026023506624, 56.677161556882005], [16.23570398632734, 56.67701901007955], [16.236210482743143, 56.676917596740516], [16.236634508949276, 56.676841882684826], [16.23702954281026, 56.676776875697776], [16.23755525248294, 56.67669520774454], [16.23910416583231, 56.67647257019811], [16.240852657951702, 56.676217382982756], [16.242027477408296, 56.67604649423856], [16.242665179928753, 56.67595380618545], [16.244974073853538, 56.67561023500758], [16.24755632080682, 56.675207379200366], [16.24817900402645, 56.67510493260453], [16.249738912859428, 56.6748482761177], [16.251459068095368, 56.674554595942624], [16.253218137321976, 56.67427047250178], [16.25502731356516, 56.673992466073514], [16.256416859080954, 56.67378334460197], [16.25737469021598, 56.67362734469289], [16.259707670473418, 56.67325954000705], [16.261923352813138, 56.67292279314069], [16.261973016345063, 56.672914924131575], [16.264413499380886, 56.67252905342413], [16.26564270924001, 56.672337265850594], [16.266400519871542, 56.67222607825338], [16.266713200913436, 56.67218013847458], [16.267545624154927, 56.67205893233619], [16.268151072667504, 56.67199132475088], [16.26889429053681, 56.67192284962476], [16.26991239035291, 56.6718491413845], [16.270903941447486, 56.67178243346704], [16.270904185791974, 56.671777669907364]]]}}, {"id": "3", "type": "Feature", "properties": {"regsokod": "0880R004", "regsonamn": "Djur\u00e4ngen-Funkabo-Oxhagen", "kommunkod": "0880", "lanskod": "08"}, "geometry": {"type": "Polygon", "coordinates": [[[16.341099947467615, 56.70183823217625], [16.34048816265195, 56.70044588290701], [16.339816461709894, 56.69895024127339], [16.3397386592191, 56.698776895820394], [16.3386240734917, 56.697765615592104], [16.33953676360225, 56.69754021177746], [16.340445472594116, 56.69758200021146], [16.341563035804825, 56.69763482808488], [16.34171106929094, 56.69764347486803], [16.341858637599604, 56.69765419211547], [16.34200372623629, 56.69766709227702], [16.342150918995884, 56.697682394627286], [16.342299019059684, 56.697700472348835], [16.342447894099053, 56.69772141491662], [16.342598897440187, 56.697745390136895], [16.34274239253784, 56.69777025384298], [16.342883943535476, 56.69779729381947], [16.343018676540023, 56.69782566502325], [16.34315920858015, 56.69785810661704], [16.343298834075327, 56.69789154526957], [16.34343806028549, 56.69792885068363], [16.34357138805266, 56.697966938349246], [16.3437050019731, 56.69800924479448], [16.346012143086103, 56.698765597547954], [16.346147179923367, 56.69880986270888], [16.3464591604674, 56.698752053517005], [16.34758892602106, 56.69896046259893], [16.34759783552895, 56.69894599306505], [16.34768242911145, 56.698807188371454], [16.347350054643456, 56.698403490246804], [16.34798263666689, 56.69835227078687], [16.347452777031435, 56.69788639108753], [16.346039461041716, 56.69680708088323], [16.341955597990193, 56.69399496915834], [16.34288876327054, 56.693364541086275], [16.343629460856135, 56.6929940875203], [16.344452813889934, 56.69292573565292], [16.34420620199769, 56.69214920458266], [16.34404060630021, 56.69154508196761], [16.343536399843376, 56.69155339538184], [16.342274473967937, 56.69157427636867], [16.34132906260597, 56.691340748699844], [16.341322032683912, 56.690843969550066], [16.341311236298253, 56.69077132328817], [16.341235198904542, 56.69026109456619], [16.341149689621055, 56.6897646212258], [16.340856966943, 56.689252592857244], [16.34074561502703, 56.68894549209215], [16.34065974222613, 56.688218786541434], [16.34538755634127, 56.68823069254139], [16.345334355923665, 56.687539299652556], [16.34532126686021, 56.68736858283244], [16.345588437341913, 56.687159175806], [16.34670835325358, 56.687154348644405], [16.34677727167172, 56.687154052746614], [16.34850680042532, 56.68717630382034], [16.353046997740943, 56.68724564510819], [16.354259325039926, 56.687433601579244], [16.354725983173708, 56.68750596193863], [16.357274909486755, 56.68746545772678], [16.357281003408236, 56.68749638218001], [16.358534709309307, 56.68823433211325], [16.362382853586734, 56.68789163778364], [16.36364535975938, 56.686665101620086], [16.372400933816223, 56.68551378020883], [16.371288319164538, 56.68436262883377], [16.370691137423247, 56.68454356433196], [16.370704228188693, 56.6845630038985], [16.3707006278134, 56.6845899031716], [16.370690496469873, 56.68462226349758], [16.370682592762286, 56.684649299976364], [16.370676977097744, 56.684668855552424], [16.37066593210642, 56.68468721298045], [16.37064285837523, 56.68470426518196], [16.370610872959347, 56.684713151074526], [16.37057827717763, 56.684723750818186], [16.370550521491435, 56.68473788948335], [16.37052999837691, 56.684754734796584], [16.370512151377245, 56.68477855623634], [16.37050071444841, 56.68480464323289], [16.370501686215754, 56.68484622483457], [16.3705023839092, 56.68488394681596], [16.370480030766473, 56.68492452626964], [16.37046208584569, 56.68494565508637], [16.370414024855982, 56.68499747724173], [16.370368485156533, 56.68504460035567], [16.37032165343422, 56.68507098779325], [16.370288866254803, 56.685083745056424], [16.370238862095736, 56.6851043271376], [16.37017483116347, 56.68513898839553], [16.370138286951857, 56.685159512218114], [16.370103410610724, 56.685177772341135], [16.370071036257364, 56.68518711161747], [16.3700337352997, 56.685190486048654], [16.36996872128562, 56.6851869791103], [16.369914859852873, 56.68518290022989], [16.369851332537557, 56.68517955657832], [16.369800165427698, 56.68517553786614], [16.369707244491043, 56.68515976144336], [16.36965774548953, 56.68514979515291], [16.369575954411967, 56.6851328180492], [16.36952874020377, 56.685122737633854], [16.36949858107139, 56.68511516427012], [16.3694719015559, 56.68509964677365], [16.36944381908123, 56.68507516243058], [16.369410498713584, 56.68503986566235], [16.3693915876324, 56.685015818672866], [16.369374378557524, 56.684994178908184], [16.3693602504106, 56.684975829705316], [16.369340918185525, 56.68495502102602], [16.369320130120105, 56.68493863097996], [16.369304249319395, 56.68492021029085], [16.369270132016272, 56.684870370203356], [16.36924790253918, 56.68483279507608], [16.36919749466972, 56.68480145888101], [16.369137586077386, 56.68476798175851], [16.36911379881835, 56.68475054645116], [16.369096152315436, 56.68473537973092], [16.369034008487557, 56.68475160318346], [16.36901969565387, 56.68476891818285], [16.369010159295392, 56.68478806752322], [16.36899614340108, 56.68480618790246], [16.36897640775948, 56.684822484303574], [16.368928645799166, 56.684838101281734], [16.36889034178968, 56.6848360963181], [16.36885369413659, 56.684835242082904], [16.36882334371637, 56.684863243018576], [16.368812699220197, 56.68488150602478], [16.368793523201116, 56.68489842609171], [16.368763950790875, 56.68490701543944], [16.368662309347968, 56.68494774794626], [16.36857068451677, 56.6849862139195], [16.368463452941448, 56.685032397760665], [16.368319243844855, 56.68509461796961], [16.36825720108864, 56.6851210809746], [16.368198840073656, 56.68514507846494], [16.368162684132248, 56.68515409938337], [16.368123147184278, 56.68515893539582], [16.36808459613422, 56.685161245676696], [16.36804686456462, 56.68516022250999], [16.368011828925784, 56.68515925957174], [16.36797481989808, 56.685163260024616], [16.367941357187664, 56.685164884531005], [16.36790982561186, 56.68516028999528], [16.36787554638284, 56.685150516147175], [16.36784308688212, 56.685138924415604], [16.367782527057457, 56.68511344861533], [16.367750883586464, 56.68510211834624], [16.367685116333973, 56.68507777787716], [16.36765139653765, 56.68507230880847], [16.36762667341384, 56.685084707270825], [16.367605446410906, 56.68510820689309], [16.36759077690565, 56.68512687338241], [16.367576409177524, 56.685146434153815], [16.367569915659598, 56.68516411237498], [16.367562611077762, 56.68518170965121], [16.367512675151893, 56.685189355131975], [16.367476660058568, 56.68519109738564], [16.367440752769106, 56.68519212054721], [16.367404591246608, 56.68518982295332], [16.367370860000456, 56.68518399453577], [16.367329163837873, 56.685173852712815], [16.367298067094353, 56.68516269512818], [16.367266649916672, 56.685157560975334], [16.36722622692714, 56.685160250038535], [16.367196950878533, 56.68516964440345], [16.367175451825872, 56.68518560047012], [16.36716259130176, 56.68520963712743], [16.367159824600616, 56.685229879158385], [16.367146470243394, 56.685247722511704], [16.367117062341897, 56.68528317018954], [16.367085955332257, 56.685320072304975], [16.367034470510408, 56.685370404155705], [16.36694054822356, 56.685382753290526], [16.36687069460152, 56.6853868443124], [16.366835920793495, 56.68537824275228], [16.366810771257867, 56.68534923316219], [16.366780837370033, 56.68530329899022], [16.366774070458927, 56.685283699782374], [16.366764237233607, 56.68525012128173], [16.366742950463017, 56.685208762595686], [16.366706886273363, 56.68519801966851], [16.366675955590118, 56.68519144153721], [16.366637304012336, 56.685187284201646], [16.366597845831944, 56.68518690938599], [16.366562012156052, 56.68518622434453], [16.3665234505007, 56.68518080809318], [16.366489194345363, 56.68517166166097], [16.36646070877538, 56.68516200356308], [16.366421089392272, 56.68514599843204], [16.366375769484033, 56.68513239281068], [16.36632853331089, 56.68512168158289], [16.36629083647074, 56.68511787306561], [16.366257238810892, 56.68511572671475], [16.36622569171106, 56.685106999742814], [16.3661766925694, 56.68508849268017], [16.366139072587107, 56.68507192733133], [16.366102273446536, 56.68505571236672], [16.366060586379124, 56.68504206588902], [16.366029910560986, 56.68503512540512], [16.36599325841573, 56.685030407743874], [16.365955783283084, 56.68502902173418], [16.36588611492349, 56.68503077408708], [16.365841706622508, 56.6850349439973], [16.365808638379395, 56.685039977888536], [16.36577412300099, 56.68504224230261], [16.365737137659853, 56.68503950401153], [16.365619234958736, 56.68501779974924], [16.36547800929918, 56.68498404436931], [16.36543500220769, 56.68497113095157], [16.365342733284095, 56.68494357654225], [16.365260373680762, 56.68491456570567], [16.365221725926776, 56.684899358193164], [16.365180863393437, 56.68488615163397], [16.36508743374095, 56.68489346419839], [16.36468589559842, 56.68493146082265], [16.362959128547555, 56.685094996156174], [16.360807028615323, 56.68519353606538], [16.359690601707477, 56.68520393221256], [16.359371708291143, 56.685200764972976], [16.358976890882992, 56.68519384478755], [16.358379142031136, 56.68517781740311], [16.357984922368832, 56.68516136531247], [16.357569906463684, 56.68514307210433], [16.35716817015307, 56.68511969200103], [16.356915843807734, 56.685103307666736], [16.356814225111652, 56.68509632911071], [16.356669559172015, 56.68508649671991], [16.356476673470446, 56.68507215863852], [16.356118061214847, 56.685042556042276], [16.35586173532519, 56.68501974486411], [16.35585406132065, 56.68505342489291], [16.35553795317611, 56.68491789719829], [16.355250995913142, 56.6848180730607], [16.35509486871112, 56.684740181332614], [16.354687196728474, 56.68468254255364], [16.35271690207617, 56.684403740733366], [16.352407670508846, 56.684350685003594], [16.351864468501226, 56.684252288317815], [16.351707501710738, 56.68422210163607], [16.349946288120158, 56.683863642932955], [16.347968888715048, 56.68346285232377], [16.347746893324395, 56.68342087807653], [16.344658849504434, 56.68279309850986], [16.344422013408295, 56.682742385315244], [16.34417934561668, 56.68269425038992], [16.34409177821599, 56.6826771392864], [16.34387407775604, 56.682638345512025], [16.343563425191526, 56.6825899545676], [16.3433869285537, 56.68256284242259], [16.343297692888708, 56.682551767760216], [16.343265110153016, 56.68254780729645], [16.34343179493728, 56.682291788204935], [16.34347655688207, 56.6822144096843], [16.34361955480997, 56.68203419287827], [16.343759968299402, 56.681849513110876], [16.343913371394134, 56.681644031270544], [16.34406688051178, 56.68143405651434], [16.34422553708294, 56.68121369602308], [16.344373731657257, 56.68101707321318], [16.344572150036754, 56.68074166545228], [16.344794190368614, 56.6804304291509], [16.344986959143686, 56.68014016937592], [16.345092590721162, 56.67998829199416], [16.345227525579443, 56.6798051071815], [16.345201680320162, 56.6797522063117], [16.34425143067908, 56.67963571391998], [16.34324526227008, 56.679392617751176], [16.342306778579314, 56.67905401191758], [16.341299549971296, 56.678734824531446], [16.340087271935584, 56.678587795362155], [16.340087470990717, 56.678585816536334], [16.34043671644499, 56.67568617578861], [16.34043724831011, 56.67568221759253], [16.340558870969677, 56.674779274093034], [16.34061531489472, 56.674360233650404], [16.340771608653135, 56.67319847288614], [16.340778148822135, 56.671325424074745], [16.338766233348974, 56.6715880867072], [16.333397946515376, 56.67228878216246], [16.332567953240464, 56.67238552090727], [16.33153021782142, 56.67250639420216], [16.330151261473915, 56.67266728562348], [16.329623860489594, 56.67272825404103], [16.328794123020486, 56.67282514447372], [16.328273706724744, 56.672885852019824], [16.327502390909675, 56.67297573317111], [16.326003569114235, 56.67315025259978], [16.325161726193425, 56.67353919797045], [16.324165580736683, 56.67399930711588], [16.323568124583687, 56.673594592376695], [16.32325210669178, 56.67339026173721], [16.3229263937268, 56.673189536516986], [16.322585414717775, 56.673002358308004], [16.32222973329481, 56.67281793910955], [16.32188805022091, 56.67265277413322], [16.321603350649106, 56.672523744602046], [16.32120880898496, 56.672359229482794], [16.320818565776378, 56.67220589508117], [16.319590569500086, 56.67175475757814], [16.318516330240833, 56.67132048556392], [16.318293220039937, 56.67123202908563], [16.317780094808935, 56.67104656939269], [16.317295864947493, 56.6708714921955], [16.316755975952603, 56.67097547710745], [16.316416453691215, 56.67104087022328], [16.31621326695675, 56.6710758955033], [16.315296317507443, 56.67122643820931], [16.314903327152376, 56.671275234317534], [16.314588456227668, 56.6713105385389], [16.3139937317294, 56.67134735756415], [16.313646617593033, 56.67136880615917], [16.313423249535287, 56.671380864095575], [16.31264089712392, 56.67141273882228], [16.312324643258567, 56.67141229827423], [16.31155150373129, 56.67139951296016], [16.31156751901143, 56.67118653522181], [16.3107235583402, 56.67118805516223], [16.31067045603845, 56.67139109227002], [16.31059730253025, 56.6713887183592], [16.310121248996133, 56.671378545757605], [16.30947264406805, 56.67136353884069], [16.307788702015316, 56.6713456614122], [16.307541455531915, 56.671344395058114], [16.30269223246639, 56.671238012684], [16.30256435950346, 56.6712331515913], [16.302149477423818, 56.671225093999155], [16.301619473944896, 56.67120736843013], [16.301234214859544, 56.67120762185426], [16.301113771357603, 56.671203580130886], [16.30069269279407, 56.67119531288306], [16.299900611932287, 56.67118714465127], [16.29855648546791, 56.671169727019404], [16.297983023711634, 56.67116384813761], [16.295194880436416, 56.671115892386716], [16.295024692470083, 56.671109218330166], [16.294574142874893, 56.671100877480285], [16.29355320170992, 56.6710819325888], [16.293465960809637, 56.67125746871089], [16.293453662430927, 56.67128337763702], [16.29332789334331, 56.671618763817634], [16.293320319773425, 56.6716451627508], [16.29323342929585, 56.67198418642444], [16.29318591866329, 56.67232567624696], [16.293183202294895, 56.67235247397276], [16.293175149268293, 56.67269481101106], [16.293177276598193, 56.67272155843772], [16.293208773109576, 56.6730634856675], [16.293276410047394, 56.673387879169], [16.293137885350163, 56.67357113451297], [16.293120975887533, 56.673596102935484], [16.292918767286437, 56.673919974731064], [16.292754455471844, 56.674250280382196], [16.292742150951213, 56.67427609943263], [16.292616367553673, 56.67461148389465], [16.29260879291603, 56.67463788277703], [16.292521889579852, 56.6749769067522], [16.29247436913986, 56.675318396188096], [16.292471515188666, 56.675345104562524], [16.292463453869416, 56.675687442340326], [16.29246573157923, 56.675718589888795], [16.292497226151585, 56.67606051623968], [16.29270840994895, 56.6773459530764], [16.292779285867223, 56.67768621264551], [16.292783597767528, 56.67770602083642], [16.2928849057223, 56.67808593988639], [16.292994973889893, 56.6784229182012], [16.293002913539244, 56.678446461464006], [16.293151594914022, 56.67877899646867], [16.293162888433606, 56.67880223535227], [16.293309425988365, 56.67906427565239], [16.29349627028735, 56.67939093408596], [16.29351163043152, 56.67941493934117], [16.29373591784623, 56.67973438184549], [16.29375475209725, 56.6797576321953], [16.294015368144724, 56.680068702105224], [16.29432348556721, 56.68041062872213], [16.29461944338554, 56.68071189780855], [16.29464577429556, 56.68073785451077], [16.29497595928466, 56.681028256495914], [16.29500225496478, 56.6810492727163], [16.295365410405612, 56.68132756340654], [16.295759887035636, 56.68159268156041], [16.29578963592839, 56.68161231486193], [16.296213910964628, 56.6818631079007], [16.296246831070636, 56.68188100096855], [16.296699263131195, 56.68211658716656], [16.297155904205294, 56.68232571870992], [16.297424361851025, 56.68233495958619], [16.297906841985007, 56.68230891273707], [16.298259336706508, 56.6823154800002], [16.298585385417546, 56.682343701475716], [16.298831638952503, 56.68235317081879], [16.298948373763793, 56.68236183501113], [16.299553252072073, 56.68241903484219], [16.29970990765342, 56.68244165488069], [16.300019569193314, 56.68246689890999], [16.300518815239382, 56.68245081804715], [16.300519243664034, 56.682408592793], [16.301600112494555, 56.68259879233694], [16.301721732000228, 56.682600754988734], [16.30220692589836, 56.682641586907174], [16.303155365694597, 56.68263723615964], [16.30339726731521, 56.68262194917702], [16.30381579016954, 56.682607059204436], [16.30429090209545, 56.682539203337186], [16.30457695666324, 56.68248500362895], [16.30494064421086, 56.68242981112219], [16.305368321259888, 56.68239945857034], [16.306605933785978, 56.68240795104053], [16.310580447067963, 56.682545584616136], [16.311064094628442, 56.68332803906078], [16.311415400279294, 56.68389647085557], [16.311544468709165, 56.6838027661681], [16.312199883395106, 56.68370163141367], [16.312759369975634, 56.68379939986654], [16.3134692902885, 56.683945435757835], [16.313686783599827, 56.683940357628565], [16.3137224726151, 56.684114791072524], [16.313854527849916, 56.68509273136924], [16.313872337359626, 56.68607187565652], [16.313791552962154, 56.68703409358218], [16.313499969628186, 56.6884573883242], [16.313352778759665, 56.68897052473374], [16.31288783243903, 56.69015238510763], [16.311116172386615, 56.69414235628704], [16.310556789157598, 56.695419701071245], [16.310736520568728, 56.695422661087235], [16.31084174729772, 56.69542442815916], [16.31122580339573, 56.69543664541106], [16.311370939101103, 56.69543601620033], [16.311677116402976, 56.69541195243587], [16.31225564169557, 56.69540172763963], [16.313250159246653, 56.69552042404488], [16.31379388779914, 56.695578110739355], [16.31435889980148, 56.695639883255915], [16.314682806749467, 56.69568407535647], [16.314952935841298, 56.69564574131764], [16.31523222882957, 56.6957273235188], [16.315473642623413, 56.69578837483906], [16.316274953586355, 56.69610779118467], [16.316426318518094, 56.69617751727888], [16.31660049711991, 56.69627197463433], [16.316782036732196, 56.69634973553117], [16.31761355244802, 56.696677358841406], [16.31774165409885, 56.69670160539733], [16.3189102268416, 56.69693259006217], [16.31925712955363, 56.69701389678172], [16.319672387735203, 56.69713220685224], [16.32003487693752, 56.6972547575947], [16.320299102849376, 56.6973322662079], [16.320661557581904, 56.69743837678781], [16.32084164743791, 56.69741275287598], [16.320962377892506, 56.69744947072617], [16.32123448180438, 56.697551866398726], [16.321793620751084, 56.69775218662299], [16.321943978917147, 56.697808082765896], [16.32222699471362, 56.697910450357796], [16.322368448093133, 56.6979619489648], [16.322471986931944, 56.69799983618325], [16.32254771114882, 56.69802795733381], [16.322707398323548, 56.69808483171511], [16.322860029041525, 56.69814016354496], [16.323023863114994, 56.69820004745112], [16.32318645638066, 56.698259135684154], [16.323337607804945, 56.69831448264737], [16.323458170403836, 56.6983577579496], [16.32355761746873, 56.69839407136478], [16.323624833900734, 56.69841761101732], [16.323643628744104, 56.69846969342657], [16.323666757304995, 56.698533945625655], [16.3236797645644, 56.69856686458162], [16.323646721666915, 56.69859614156487], [16.323602609686517, 56.698632362849146], [16.323694976804305, 56.69866264256023], [16.324776606244264, 56.699018731241914], [16.325765330933105, 56.69934408988662], [16.326083633548645, 56.69946125506308], [16.32650162047294, 56.699590653022184], [16.32660524422081, 56.69961919346658], [16.32716985752726, 56.69977442540037], [16.327202491886332, 56.69978333037982], [16.32731427528184, 56.69981411938374], [16.327464978072634, 56.69984871559959], [16.32927573749943, 56.70026436766578], [16.331572748453016, 56.700791667533665], [16.335935592192765, 56.70179696799956], [16.335941181159743, 56.70179124848829], [16.341667072953204, 56.703117333925945], [16.34161565291377, 56.70301215697594], [16.341518772981058, 56.702791408003414], [16.341099947467615, 56.70183823217625]]]}}, {"id": "4", "type": "Feature", "properties": {"regsokod": "0880R005", "regsonamn": "Getingen-Tallhagen-V\u00e4stra Norrg\u00e5rd", "kommunkod": "0880", "lanskod": "08"}, "geometry": {"type": "Polygon", "coordinates": [[[16.4295909486471, 56.6898199006198], [16.425934544820922, 56.67313828234101], [16.425864140583034, 56.67302733765253], [16.42446487286418, 56.66853960569639], [16.381797155934652, 56.672864373623284], [16.38179702216136, 56.672864375107615], [16.37862022204989, 56.67287901291646], [16.376170502393936, 56.67369375104362], [16.373215915786982, 56.674676334521614], [16.37136463209356, 56.67529195761367], [16.36919521951188, 56.675301724813174], [16.369213228709484, 56.6765140714817], [16.36864226377808, 56.67651666454333], [16.36415634756891, 56.676536776357985], [16.36386850411193, 56.67638523929385], [16.363593421839177, 56.67624038952697], [16.362380749493127, 56.6756017554826], [16.362146275123187, 56.67556371634081], [16.362101056474703, 56.675556305945335], [16.36195674087258, 56.675532820721074], [16.359316749113315, 56.67510379394655], [16.358835489524246, 56.67502559273976], [16.358183117211855, 56.67491952111311], [16.358065051940812, 56.674974617782496], [16.35617655001414, 56.674640274587105], [16.356111863378803, 56.67464160794216], [16.355931250145385, 56.67464519095391], [16.35560709483898, 56.67466165552155], [16.355135213640814, 56.67457812762859], [16.352152950873315, 56.67405008628037], [16.350657650365036, 56.67408050617101], [16.350527086154138, 56.674079856505635], [16.350495115023957, 56.67401759069957], [16.35009935541588, 56.673947142300236], [16.350017148683648, 56.67397031166366], [16.349954484585005, 56.674077081625484], [16.349799558030142, 56.674076334984434], [16.34957343532469, 56.67403036666666], [16.349547000890325, 56.674024993511935], [16.349839680685132, 56.673613988416726], [16.349978146350857, 56.673350180009045], [16.350675590625816, 56.67202075163331], [16.351535810670317, 56.67064616300526], [16.351497216110754, 56.670571752473485], [16.35198745305319, 56.66979801420747], [16.351978617502333, 56.66979927817871], [16.351887560573186, 56.6698117647887], [16.351049839269823, 56.669926677605474], [16.348545746003456, 56.67027002591654], [16.348487899177023, 56.67027801910084], [16.345633575912093, 56.67066929753272], [16.344359409503195, 56.670840712783], [16.34196605513207, 56.67116818043984], [16.34161773356969, 56.67121577106449], [16.340778148822135, 56.671325424074745], [16.340771608653135, 56.67319847288614], [16.34061531489472, 56.674360233650404], [16.340558870969677, 56.674779274093034], [16.34043724831011, 56.67568221759253], [16.34043671644499, 56.67568617578861], [16.340087470990717, 56.678585816536334], [16.340087271935584, 56.678587795362155], [16.341299549971296, 56.678734824531446], [16.342306778579314, 56.67905401191758], [16.34324526227008, 56.679392617751176], [16.34425143067908, 56.67963571391998], [16.345201680320162, 56.6797522063117], [16.345227525579443, 56.6798051071815], [16.345092590721162, 56.67998829199416], [16.344986959143686, 56.68014016937592], [16.344794190368614, 56.6804304291509], [16.344572150036754, 56.68074166545228], [16.344373731657257, 56.68101707321318], [16.34422553708294, 56.68121369602308], [16.34406688051178, 56.68143405651434], [16.343913371394134, 56.681644031270544], [16.343759968299402, 56.681849513110876], [16.34361955480997, 56.68203419287827], [16.34347655688207, 56.6822144096843], [16.34343179493728, 56.682291788204935], [16.343265110153016, 56.68254780729645], [16.343297692888708, 56.682551767760216], [16.3433869285537, 56.68256284242259], [16.343563425191526, 56.6825899545676], [16.34387407775604, 56.682638345512025], [16.34409177821599, 56.6826771392864], [16.34417934561668, 56.68269425038992], [16.344422013408295, 56.682742385315244], [16.344658849504434, 56.68279309850986], [16.347746893324395, 56.68342087807653], [16.347968888715048, 56.68346285232377], [16.349946288120158, 56.683863642932955], [16.351707501710738, 56.68422210163607], [16.351864468501226, 56.684252288317815], [16.352407670508846, 56.684350685003594], [16.35271690207617, 56.684403740733366], [16.354687196728474, 56.68468254255364], [16.35509486871112, 56.684740181332614], [16.355250995913142, 56.6848180730607], [16.35553795317611, 56.68491789719829], [16.35585406132065, 56.68505342489291], [16.35586173532519, 56.68501974486411], [16.356118061214847, 56.685042556042276], [16.356476673470446, 56.68507215863852], [16.356669559172015, 56.68508649671991], [16.356814225111652, 56.68509632911071], [16.356915843807734, 56.685103307666736], [16.35716817015307, 56.68511969200103], [16.357569906463684, 56.68514307210433], [16.357984922368832, 56.68516136531247], [16.358379142031136, 56.68517781740311], [16.358976890882992, 56.68519384478755], [16.359371708291143, 56.685200764972976], [16.359690601707477, 56.68520393221256], [16.360807028615323, 56.68519353606538], [16.362959128547555, 56.685094996156174], [16.36468589559842, 56.68493146082265], [16.36508743374095, 56.68489346419839], [16.365180863393437, 56.68488615163397], [16.365221725926776, 56.684899358193164], [16.365260373680762, 56.68491456570567], [16.365342733284095, 56.68494357654225], [16.36543500220769, 56.68497113095157], [16.36547800929918, 56.68498404436931], [16.365619234958736, 56.68501779974924], [16.365737137659853, 56.68503950401153], [16.36577412300099, 56.68504224230261], [16.365808638379395, 56.685039977888536], [16.365841706622508, 56.6850349439973], [16.36588611492349, 56.68503077408708], [16.365955783283084, 56.68502902173418], [16.36599325841573, 56.685030407743874], [16.366029910560986, 56.68503512540512], [16.366060586379124, 56.68504206588902], [16.366102273446536, 56.68505571236672], [16.366139072587107, 56.68507192733133], [16.3661766925694, 56.68508849268017], [16.36622569171106, 56.685106999742814], [16.366257238810892, 56.68511572671475], [16.36629083647074, 56.68511787306561], [16.36632853331089, 56.68512168158289], [16.366375769484033, 56.68513239281068], [16.366421089392272, 56.68514599843204], [16.36646070877538, 56.68516200356308], [16.366489194345363, 56.68517166166097], [16.3665234505007, 56.68518080809318], [16.366562012156052, 56.68518622434453], [16.366597845831944, 56.68518690938599], [16.366637304012336, 56.685187284201646], [16.366675955590118, 56.68519144153721], [16.366706886273363, 56.68519801966851], [16.366742950463017, 56.685208762595686], [16.366764237233607, 56.68525012128173], [16.366774070458927, 56.685283699782374], [16.366780837370033, 56.68530329899022], [16.366810771257867, 56.68534923316219], [16.366835920793495, 56.68537824275228], [16.36687069460152, 56.6853868443124], [16.36694054822356, 56.685382753290526], [16.367034470510408, 56.685370404155705], [16.367085955332257, 56.685320072304975], [16.367117062341897, 56.68528317018954], [16.367146470243394, 56.685247722511704], [16.367159824600616, 56.685229879158385], [16.36716259130176, 56.68520963712743], [16.367175451825872, 56.68518560047012], [16.367196950878533, 56.68516964440345], [16.36722622692714, 56.685160250038535], [16.367266649916672, 56.685157560975334], [16.367298067094353, 56.68516269512818], [16.367329163837873, 56.685173852712815], [16.367370860000456, 56.68518399453577], [16.367404591246608, 56.68518982295332], [16.367440752769106, 56.68519212054721], [16.367476660058568, 56.68519109738564], [16.367512675151893, 56.685189355131975], [16.367562611077762, 56.68518170965121], [16.367569915659598, 56.68516411237498], [16.367576409177524, 56.685146434153815], [16.36759077690565, 56.68512687338241], [16.367605446410906, 56.68510820689309], [16.36762667341384, 56.685084707270825], [16.36765139653765, 56.68507230880847], [16.367685116333973, 56.68507777787716], [16.367750883586464, 56.68510211834624], [16.367782527057457, 56.68511344861533], [16.36784308688212, 56.685138924415604], [16.36787554638284, 56.685150516147175], [16.36790982561186, 56.68516028999528], [16.367941357187664, 56.685164884531005], [16.36797481989808, 56.685163260024616], [16.368011828925784, 56.68515925957174], [16.36804686456462, 56.68516022250999], [16.36808459613422, 56.685161245676696], [16.368123147184278, 56.68515893539582], [16.368162684132248, 56.68515409938337], [16.368198840073656, 56.68514507846494], [16.36825720108864, 56.6851210809746], [16.368319243844855, 56.68509461796961], [16.368463452941448, 56.685032397760665], [16.36857068451677, 56.6849862139195], [16.368662309347968, 56.68494774794626], [16.368763950790875, 56.68490701543944], [16.368793523201116, 56.68489842609171], [16.368812699220197, 56.68488150602478], [16.36882334371637, 56.684863243018576], [16.36885369413659, 56.684835242082904], [16.36889034178968, 56.6848360963181], [16.368928645799166, 56.684838101281734], [16.36897640775948, 56.684822484303574], [16.36899614340108, 56.68480618790246], [16.369010159295392, 56.68478806752322], [16.36901969565387, 56.68476891818285], [16.369034008487557, 56.68475160318346], [16.369096152315436, 56.68473537973092], [16.36911379881835, 56.68475054645116], [16.369137586077386, 56.68476798175851], [16.36919749466972, 56.68480145888101], [16.36924790253918, 56.68483279507608], [16.369270132016272, 56.684870370203356], [16.369304249319395, 56.68492021029085], [16.369320130120105, 56.68493863097996], [16.369340918185525, 56.68495502102602], [16.3693602504106, 56.684975829705316], [16.369374378557524, 56.684994178908184], [16.3693915876324, 56.685015818672866], [16.369410498713584, 56.68503986566235], [16.36944381908123, 56.68507516243058], [16.3694719015559, 56.68509964677365], [16.36949858107139, 56.68511516427012], [16.36952874020377, 56.685122737633854], [16.369575954411967, 56.6851328180492], [16.36965774548953, 56.68514979515291], [16.369707244491043, 56.68515976144336], [16.369800165427698, 56.68517553786614], [16.369851332537557, 56.68517955657832], [16.369914859852873, 56.68518290022989], [16.36996872128562, 56.6851869791103], [16.3700337352997, 56.685190486048654], [16.370071036257364, 56.68518711161747], [16.370103410610724, 56.685177772341135], [16.370138286951857, 56.685159512218114], [16.37017483116347, 56.68513898839553], [16.370238862095736, 56.6851043271376], [16.370288866254803, 56.685083745056424], [16.37032165343422, 56.68507098779325], [16.370368485156533, 56.68504460035567], [16.370414024855982, 56.68499747724173], [16.37046208584569, 56.68494565508637], [16.370480030766473, 56.68492452626964], [16.3705023839092, 56.68488394681596], [16.370501686215754, 56.68484622483457], [16.37050071444841, 56.68480464323289], [16.370512151377245, 56.68477855623634], [16.37052999837691, 56.684754734796584], [16.370550521491435, 56.68473788948335], [16.37057827717763, 56.684723750818186], [16.370610872959347, 56.684713151074526], [16.37064285837523, 56.68470426518196], [16.37066593210642, 56.68468721298045], [16.370676977097744, 56.684668855552424], [16.370682592762286, 56.684649299976364], [16.370690496469873, 56.68462226349758], [16.3707006278134, 56.6845899031716], [16.370704228188693, 56.6845630038985], [16.370691137423247, 56.68454356433196], [16.371288319164538, 56.68436262883377], [16.372400933816223, 56.68551378020883], [16.374383358368345, 56.687564601458156], [16.37520701676097, 56.688081742083234], [16.37639429067926, 56.688508982571165], [16.377373952158894, 56.68886152096608], [16.37998692197522, 56.68915635291905], [16.381336816564986, 56.68930856683376], [16.382300140056746, 56.68928323756995], [16.383568111698388, 56.68917636425213], [16.383568380992514, 56.68917636126096], [16.38356824223515, 56.68917627295244], [16.4295909486471, 56.6898199006198]]]}}, {"id": "5", "type": "Feature", "properties": {"regsokod": "0880R006", "regsonamn": "Kalmar centrala-Stens\u00f6", "kommunkod": "0880", "lanskod": "08"}, "geometry": {"type": "Polygon", "coordinates": [[[16.369213228709484, 56.6765140714817], [16.36919521951188, 56.675301724813174], [16.37136463209356, 56.67529195761367], [16.373215915786982, 56.674676334521614], [16.376170502393936, 56.67369375104362], [16.37862022204989, 56.67287901291646], [16.38179702216136, 56.672864375107615], [16.381797155934652, 56.672864373623284], [16.42446487286418, 56.66853960569639], [16.42051273466768, 56.655859902059106], [16.41660748003079, 56.64332146689298], [16.400801944646908, 56.63639127240523], [16.380000267666688, 56.64724872040616], [16.373117236242006, 56.64941019069221], [16.363039578424903, 56.65257369140718], [16.355424911089948, 56.653022173089376], [16.353813334695367, 56.65267849595184], [16.336266753905157, 56.64464086466974], [16.33585049762351, 56.644574545212286], [16.335437629537548, 56.644524177669936], [16.335094402754862, 56.64446946876735], [16.334486380444137, 56.644395230767216], [16.33387118087587, 56.64434235569586], [16.333251098118918, 56.644311090216355], [16.332628550245705, 56.644301406565845], [16.33254294386688, 56.64430295194917], [16.331920627484887, 56.64431509214658], [16.33130095598996, 56.64434885020823], [16.33068634589486, 56.64440420033453], [16.330079338033904, 56.64448075604634], [16.329482484421558, 56.644578400342596], [16.329457783240546, 56.644583425284424], [16.329031665720304, 56.64465310297748], [16.328874674249256, 56.644681998046096], [16.32829023857592, 56.64480025567373], [16.327742729164598, 56.64491326569746], [16.327173111895775, 56.64505166148072], [16.327017751157857, 56.645092573944], [16.32700242739116, 56.645096599931755], [16.32693569440333, 56.645110965738056], [16.32636607115309, 56.645249357851576], [16.326341007399364, 56.64525555317783], [16.325786848541995, 56.645390184756685], [16.325542999595797, 56.64545413625275], [16.324990325336554, 56.64561210481751], [16.324921006371646, 56.64563332382295], [16.32457082370624, 56.64565241204005], [16.324289438043206, 56.645669957859084], [16.32367479569322, 56.645725273501995], [16.323274876930594, 56.64577569899966], [16.323256110782292, 56.64577742592673], [16.322649065300467, 56.64585394556104], [16.3220521703107, 56.64595155439848], [16.32146769159321, 56.646069780177214], [16.32089803516581, 56.646208147390055], [16.32034533016228, 56.646366094555525], [16.319812108671975, 56.64654296700094], [16.319300364897128, 56.646738114891434], [16.318812086907844, 56.646950708781425], [16.318349259823695, 56.64717983032516], [16.31791387509583, 56.64742473812881], [16.317507638158464, 56.64768424818418], [16.317465990355, 56.647712447022386], [16.317283944028155, 56.64784489859347], [16.316922588778528, 56.64796469308501], [16.31641081075378, 56.64815982921018], [16.31592249808122, 56.64837241187753], [16.315459636025427, 56.64860152278693], [16.31502421616936, 56.64884642059035], [16.314617944101823, 56.64910592131876], [16.31448135118277, 56.64919620667148], [16.314424685085214, 56.649237408794065], [16.314105808024184, 56.64946939499724], [16.313762435773707, 56.64975508840087], [16.31366363122634, 56.64984542327824], [16.31359344021012, 56.64990383549558], [16.31328381176309, 56.65020093901532], [16.313009094762894, 56.65050818408664], [16.312770328507447, 56.65082448179253], [16.31256840785678, 56.651148385320134], [16.3124043659806, 56.65147871681921], [16.312402520635963, 56.65148367708279], [16.312244422401122, 56.65173740940021], [16.312130355058965, 56.651934532441814], [16.311966304402688, 56.652264863373084], [16.311956302878638, 56.65229057041109], [16.311830760688533, 56.652625974320365], [16.311744077787505, 56.652965011857965], [16.311696754345757, 56.65330650890258], [16.311688870622067, 56.65364884737371], [16.311688534715433, 56.6536662780651], [16.311707742506357, 56.65387466332277], [16.31164142948148, 56.654134164515014], [16.31162178731294, 56.654238665705996], [16.31157446294203, 56.654580161732625], [16.311566576418382, 56.65492250104894], [16.31156526096169, 56.655051152887445], [16.31159348359301, 56.655356459604164], [16.311332439441397, 56.6554700607936], [16.31129616021733, 56.6554867029103], [16.310833316998504, 56.65571579458189], [16.31080019616261, 56.655734289231276], [16.310364530607295, 56.65597917238291], [16.3099581503471, 56.656238659007045], [16.309928318074384, 56.65625891490155], [16.309552672326067, 56.6565320896589], [16.309374859952147, 56.65668002483703], [16.308917676602228, 56.65690626524006], [16.30878948536603, 56.65697238059029], [16.308353926260352, 56.657217256275636], [16.307947518863052, 56.65747673551198], [16.30793925226098, 56.657482750597225], [16.307581178016388, 56.657619191835934], [16.30750654667777, 56.65765105710144], [16.30989750094436, 56.66117253633573], [16.314279353268624, 56.666502466187644], [16.31527580477417, 56.666435711242364], [16.315268232411075, 56.665870755477265], [16.31600530064063, 56.66558530095827], [16.317743831655072, 56.66559386436565], [16.317794397613806, 56.66512288456607], [16.319388177735135, 56.66495940316812], [16.319039152117682, 56.664442980285905], [16.319186766993372, 56.6641354522232], [16.31935844967714, 56.66387761520014], [16.31997925108617, 56.66340104095531], [16.320573579598456, 56.662898872173315], [16.32097639816203, 56.6625606980973], [16.320989075154852, 56.66255005304495], [16.321011743740396, 56.66256346693524], [16.32299435722661, 56.6610408921911], [16.323622390004612, 56.660531433479946], [16.32424270346272, 56.66012841356466], [16.32463527388554, 56.65989867192876], [16.325249054104905, 56.65969343425881], [16.325487244227705, 56.659611308459056], [16.326065832785492, 56.65952277285925], [16.32675488962632, 56.65943880602074], [16.327986594521374, 56.659327220731484], [16.32885995497169, 56.659262655958265], [16.329394030752198, 56.659285790952474], [16.33040765366404, 56.659395606796714], [16.33382993841263, 56.65995717779664], [16.33503217185012, 56.66013841797495], [16.336233694586394, 56.66026880931975], [16.336918877940196, 56.66035685535725], [16.337127407237098, 56.66038363120424], [16.337793710095642, 56.6604398950802], [16.33808220199755, 56.66046428271267], [16.338117436920264, 56.660467767574296], [16.338729042179953, 56.66052928466402], [16.33946849055182, 56.660610804094105], [16.338507260675424, 56.66127107017845], [16.338102182043567, 56.66155587670866], [16.33755223266163, 56.662080830756146], [16.33752711430469, 56.66210472559886], [16.337196949427067, 56.662370309656595], [16.33703364342655, 56.66255334270117], [16.33696752181285, 56.66262753427136], [16.33665642344161, 56.66291510041493], [16.33663380570171, 56.66293744168166], [16.336097191867538, 56.66346395203151], [16.33586473711851, 56.66374249678604], [16.335840877119615, 56.66390094523635], [16.33609915406477, 56.66387302167504], [16.336686958159344, 56.663944865809825], [16.336885297299393, 56.66393411273436], [16.33774364349164, 56.66388743493411], [16.33792232958225, 56.66409284537604], [16.337979847415575, 56.66409096944754], [16.338040316072327, 56.66446850854609], [16.338237748806346, 56.66483828801799], [16.338916301750878, 56.6654122017307], [16.339042657437446, 56.665386049053595], [16.340799625700736, 56.665015813383064], [16.34108144293867, 56.66496112493138], [16.34152812865586, 56.66491544073633], [16.34174997603498, 56.66488457351935], [16.341969590268068, 56.664851484633246], [16.342133704349216, 56.6648164786968], [16.342566916296622, 56.66473248758582], [16.34408359403769, 56.66439443891381], [16.344186344881102, 56.66438192154892], [16.345478543496323, 56.664095866758565], [16.345698063944536, 56.66404525518781], [16.347295002396447, 56.663676835205905], [16.347485990387977, 56.66363362639394], [16.347524293286963, 56.66362494661811], [16.34835657361578, 56.663436633839794], [16.349144669449643, 56.66325831556029], [16.349736932039672, 56.66313071488636], [16.34975654497552, 56.66310732557011], [16.349780156069155, 56.66308281561222], [16.349742836618383, 56.66301737386258], [16.350221700551902, 56.66296196597622], [16.35034741756846, 56.66295224843159], [16.35042801046455, 56.66294858904442], [16.35052570863853, 56.66294546377214], [16.350631470397705, 56.662942070358355], [16.35116434930227, 56.66283585773626], [16.35124088915699, 56.66281670140647], [16.35128244378018, 56.662808704870564], [16.351543272089515, 56.66275862293743], [16.3516751175039, 56.662735991718584], [16.353848284433536, 56.66236329676647], [16.355017220600036, 56.66216283311563], [16.355447973521738, 56.662086908224055], [16.35551444177367, 56.662075854608304], [16.355500445014286, 56.662049506706275], [16.356592468089993, 56.66186944908089], [16.356951189612495, 56.661807149543975], [16.35732666910591, 56.661990266095835], [16.357667370754072, 56.662156422442365], [16.358412921854967, 56.662790676200096], [16.358431498977044, 56.662798468358744], [16.358453652691423, 56.662815923470745], [16.35881409309054, 56.6635451950998], [16.35840962598894, 56.66416504312197], [16.358147284782913, 56.66450971389854], [16.358331308400047, 56.66490143796014], [16.358704563524288, 56.665365657062786], [16.35887805646635, 56.66543464000928], [16.359155612172323, 56.665658345622745], [16.35937247458127, 56.66583312606207], [16.36120239257828, 56.66609529608574], [16.364556499279328, 56.66666521774867], [16.365921421657546, 56.66697427462162], [16.366813048550846, 56.66714711870217], [16.367709829677953, 56.66732088728094], [16.367697374738075, 56.667411664591675], [16.367609108231594, 56.668050617219556], [16.36741033218244, 56.66817227616422], [16.36657830985279, 56.66859104145624], [16.36623119539662, 56.66872259068276], [16.36523162856974, 56.66904490989821], [16.365216568423737, 56.669048937650544], [16.365147174583697, 56.66920259128156], [16.362861977662607, 56.67079994224527], [16.362541121460097, 56.67163376521492], [16.362538469726392, 56.671664696234906], [16.36265708255849, 56.67170723605514], [16.364855693482635, 56.672786108940194], [16.365459195584744, 56.67364726537137], [16.362101056474703, 56.675556305945335], [16.362146275123187, 56.67556371634081], [16.362380749493127, 56.6756017554826], [16.363593421839177, 56.67624038952697], [16.36386850411193, 56.67638523929385], [16.36415634756891, 56.676536776357985], [16.36864226377808, 56.67651666454333], [16.369213228709484, 56.6765140714817]]]}}, {"id": "6", "type": "Feature", "properties": {"regsokod": "0880R007", "regsonamn": "Kalmar norra kommundelen", "kommunkod": "0880", "lanskod": "08"}, "geometry": {"type": "Polygon", "coordinates": [[[16.26914299245781, 56.92110031676064], [16.26933202273559, 56.92109399603843], [16.269633872279606, 56.921098925177205], [16.269907980002415, 56.92106479140548], [16.270317346345177, 56.92100071825293], [16.270628582207546, 56.92095497768139], [16.270894932437642, 56.92086406040608], [16.27106322972538, 56.92080180551653], [16.271577704449644, 56.92060200880785], [16.271680465010373, 56.92056054225713], [16.271932964346718, 56.92045682775292], [16.27205018447433, 56.92039446317534], [16.272246105445742, 56.92030407991998], [16.272476783405146, 56.92018423907733], [16.27283888727894, 56.92004931610627], [16.273311212280817, 56.9198494920592], [16.274044441697402, 56.919558617887965], [16.274614534310967, 56.91932240061639], [16.27492422592607, 56.919204174404456], [16.275252507406343, 56.91911073019827], [16.275415398943277, 56.91899364084894], [16.2755114965381, 56.91876899201209], [16.27555973423202, 56.91867013924575], [16.27570630214797, 56.918571001783626], [16.275902136892256, 56.918462737972106], [16.27611332556052, 56.91826466970464], [16.276194339094555, 56.91816575251117], [16.27627510929051, 56.91803988871772], [16.27642146707149, 56.91792278710681], [16.27663327089106, 56.91777860789348], [16.276845110385686, 56.917643410655245], [16.27692628792351, 56.91755338414982], [16.277056631876594, 56.9174633036349], [16.27720253528088, 56.91730129215278], [16.277363237966348, 56.91697780071148], [16.277475637961846, 56.91673519786948], [16.277522797122536, 56.916537635286666], [16.277667143897666, 56.9162232034075], [16.2777317226195, 56.91611529071442], [16.277763393228984, 56.916007533786534], [16.277827631628032, 56.915881748032014], [16.277831000527758, 56.91576233368726], [16.277946673631035, 56.91566728276818], [16.278060551119125, 56.915594975522644], [16.27876077521479, 56.915205869892496], [16.279136064947103, 56.915042677124376], [16.27934762832863, 56.91491601266033], [16.279542600909217, 56.91477155132273], [16.27967209789024, 56.91464527620522], [16.280984360554353, 56.9145768614595], [16.281674251942633, 56.914618835133574], [16.282380876425176, 56.914678687734735], [16.282970542393606, 56.91458640342962], [16.28333154107356, 56.91457587031533], [16.284037401173368, 56.914581825955096], [16.284430790992932, 56.91454427917906], [16.285248166223038, 56.91430726806244], [16.28607849453625, 56.9138367469867], [16.28638771032865, 56.913655798163816], [16.286646958289236, 56.91341221335695], [16.286774118009774, 56.913124356323415], [16.28691958413072, 56.91297105163825], [16.28711507215293, 56.91286241398908], [16.287636572661636, 56.91260876073085], [16.288159530205917, 56.91244482772778], [16.288486230293245, 56.91233564418272], [16.28897803872462, 56.91229769635523], [16.289370834495735, 56.91222411918034], [16.289877996068615, 56.91210516568382], [16.290222448349173, 56.912094693413586], [16.290748105389934, 56.912119359101865], [16.291009895826694, 56.91206437532294], [16.291647273619397, 56.91187301626042], [16.292023852774026, 56.91180858100356], [16.29251448010204, 56.91168969778192], [16.292906873000977, 56.911589165346506], [16.293330961838297, 56.91139874580642], [16.294098532647478, 56.911134973515516], [16.29449070415514, 56.91101656268568], [16.294817978377026, 56.910952270164564], [16.295571319061914, 56.91084125206616], [16.29611160182034, 56.91074905763665], [16.296489122277343, 56.91074747738151], [16.296718732376178, 56.91073746042534], [16.29689844670502, 56.91068277749183], [16.297175208226964, 56.910528905827746], [16.297419199499608, 56.91037519400899], [16.297713302246205, 56.910284110215024], [16.29896607306217, 56.90995849839561], [16.299492452856445, 56.909825382387616], [16.30003510891568, 56.90972811571074], [16.300578045102963, 56.90960398442339], [16.30128409711023, 56.909579119235566], [16.301825995932447, 56.909553714676484], [16.30236831194444, 56.909501444087006], [16.303321196021912, 56.90940536750442], [16.304093860824114, 56.90929086261964], [16.304603823821978, 56.90915762665558], [16.305228996547264, 56.90901573012331], [16.305919810105244, 56.90886505939482], [16.306314213708326, 56.908812341251895], [16.3067738387636, 56.90880466240254], [16.307481768809385, 56.90858221231086], [16.30797578373972, 56.90840403574187], [16.30832129140326, 56.908324155830066], [16.30868305143197, 56.90824437431749], [16.309275286379606, 56.90810244283414], [16.309815027895525, 56.907962046948846], [16.310263235930258, 56.90776403971177], [16.31074102190784, 56.90756778799334], [16.31129309982918, 56.90720798689054], [16.311665133517508, 56.906969813017575], [16.31211298530991, 56.90669661801618], [16.312668693864822, 56.90639857381134], [16.313256705672, 56.906149143696965], [16.31397246606927, 56.90597867369787], [16.31489043652716, 56.905786399676344], [16.316258081975135, 56.905509078700746], [16.31727745601125, 56.90530538940988], [16.31789198857056, 56.9051990219339], [16.317922780556756, 56.90521594403887], [16.318307443473905, 56.90537636161567], [16.319038739844277, 56.90560147844185], [16.319645714121783, 56.905733765100884], [16.320185397244526, 56.90587008305879], [16.320718604315744, 56.90606826852206], [16.321329490293234, 56.90624577817719], [16.321883341590308, 56.90630360874785], [16.32267633436718, 56.90654143718015], [16.323191299735996, 56.90676306995674], [16.32351872095615, 56.906651720630215], [16.323520088655012, 56.90657939457041], [16.32360273306451, 56.90650782500922], [16.323963914291088, 56.90650876036639], [16.32440729706003, 56.906483043242346], [16.32488407021701, 56.90639454024578], [16.325032697854905, 56.906278254712575], [16.32509965368633, 56.90613471855629], [16.32531330308347, 56.906099397050355], [16.32554430648655, 56.90596534899177], [16.325759051178352, 56.905804345776566], [16.325907806829893, 56.905687967957284], [16.326122018907327, 56.90558077668847], [16.326697230074448, 56.90549256981792], [16.32689457231142, 56.905448165442316], [16.327222751953393, 56.90545806510628], [16.32746873634777, 56.90549461737923], [16.327650173086038, 56.90538741218977], [16.327946317081196, 56.90530737391462], [16.3282255493545, 56.90528114103753], [16.328422716947973, 56.905254791536144], [16.328784014247308, 56.90522876324628], [16.329766810952858, 56.905464798240004], [16.329866049027903, 56.905384334613686], [16.330261548949295, 56.90519678669361], [16.330723025241596, 56.904964610190845], [16.33129989873051, 56.90468772534898], [16.33148088464379, 56.904625343488405], [16.331678393035435, 56.904563053949175], [16.33200720813192, 56.904492089859204], [16.33238518982496, 56.904448177189906], [16.332582261192567, 56.904430715066724], [16.332454515534224, 56.9039994664979], [16.332357313437708, 56.9038555208906], [16.332261870234216, 56.903487166792395], [16.332197145727967, 56.903388237223425], [16.332067077497495, 56.903226226881294], [16.332182689427814, 56.903145766488024], [16.332412956585443, 56.903083486800334], [16.33249574919397, 56.90299394396549], [16.33246405261178, 56.90286816317036], [16.332464869931172, 56.90276943427249], [16.332629978715218, 56.902653143376334], [16.332958738745436, 56.90260014196209], [16.333238969693042, 56.90243923562048], [16.333766928317434, 56.90211740760774], [16.334047203144834, 56.901965481745066], [16.33422920378638, 56.90179538099641], [16.334460908105296, 56.90155351562869], [16.33470887415535, 56.90133869411663], [16.334873626107864, 56.90125833522947], [16.33503863572923, 56.901151024914014], [16.335187895934002, 56.9009628575858], [16.33533694778822, 56.90081062446406], [16.335419983245238, 56.900694128535285], [16.33548658339786, 56.90056855582553], [16.335667507245052, 56.900524133999255], [16.33604522344161, 56.900489195617595], [16.33658735816618, 56.900436777299944], [16.336998096444635, 56.9003749836056], [16.337441822489954, 56.900304301923285], [16.33780467025366, 56.900080789088456], [16.338398636475684, 56.89968727106586], [16.33965318090415, 56.89881058146395], [16.34095744156949, 56.8978532194949], [16.34151781553196, 56.89754044191788], [16.34184784639579, 56.89731681999705], [16.345636556944466, 56.896019744267285], [16.34957845803048, 56.893527170365154], [16.349478020211272, 56.89336584593556], [16.349278214817584, 56.89313292303523], [16.349111890100282, 56.89295380497911], [16.349046747501596, 56.89276137792457], [16.349080202515445, 56.89239388877], [16.349137245268277, 56.89211749990426], [16.34923937411608, 56.89190152839741], [16.34935906017991, 56.89173701814168], [16.34984394120844, 56.89112193706061], [16.34997868318442, 56.89089088041693], [16.35012241504392, 56.890653978091215], [16.350301095860743, 56.89030899258582], [16.350616528092523, 56.88982275710713], [16.351730999656127, 56.88836366091943], [16.35573179065186, 56.88941038074595], [16.356571866707128, 56.88965898057706], [16.357906199017183, 56.89005859498679], [16.35900867090439, 56.89029731953139], [16.359732543797417, 56.89043856001438], [16.360225264323248, 56.89047272155507], [16.36068408192937, 56.890408259093626], [16.361338220408395, 56.890217345275616], [16.364088321711378, 56.892288259388856], [16.364432922604195, 56.89227246018877], [16.364826167300553, 56.89221714243503], [16.365434075530324, 56.89226888959356], [16.36594836994139, 56.89234438393206], [16.366331853295673, 56.89227758060521], [16.36692812725372, 56.892151497270156], [16.367428397932162, 56.89202098197128], [16.367765527044906, 56.89198971452833], [16.368134555159322, 56.891938694494705], [16.368572204645428, 56.89193192603346], [16.368837449196562, 56.892033760352575], [16.369128439601095, 56.892354672920874], [16.36941944516315, 56.892550004923386], [16.369654183136255, 56.89262073268859], [16.369987583857938, 56.892646541171096], [16.370386624234772, 56.892686810311176], [16.370851541085102, 56.892696173238214], [16.370973323048702, 56.89269492696267], [16.37129976279416, 56.892778208755026], [16.371529329928666, 56.89275943047749], [16.371742017637605, 56.89270481569819], [16.372020036444994, 56.89262298289592], [16.372314682224992, 56.89255902337423], [16.37262627037938, 56.89253997115866], [16.372823704224842, 56.8925751703511], [16.37302207308034, 56.89269120493424], [16.37322001853467, 56.89276242017556], [16.373384505590703, 56.89278872814173], [16.3735319153788, 56.89277022023203], [16.37371272235834, 56.89278754607689], [16.373992805958046, 56.89287636102218], [16.374191375134362, 56.893001374460994], [16.374192446887236, 56.89308220866019], [16.37429197709379, 56.893171660774556], [16.374522173062093, 56.89320676741416], [16.374653457911197, 56.893206221648384], [16.37479962173222, 56.89308002114716], [16.375006067922918, 56.89289611605018], [16.375120469915288, 56.89283763632964], [16.37527757640404, 56.89274778545608], [16.37549492526411, 56.89278330033644], [16.37552574515015, 56.89283739748331], [16.37556903570702, 56.892969238397264], [16.375917000321422, 56.89304122277035], [16.376169453175, 56.8930447310287], [16.37643004376062, 56.893070785157995], [16.376599258578565, 56.89294585598268], [16.3766560304094, 56.8928074332544], [16.376850003266647, 56.89278517481795], [16.37717654596966, 56.8928378087064], [16.37738985621521, 56.89283707475723], [16.37757060545875, 56.89284541187731], [16.377865932616995, 56.8928443119572], [16.37827522203092, 56.89276191602609], [16.378536157878642, 56.89281571925689], [16.379015892005363, 56.8926723597295], [16.379493932650192, 56.8925088949114], [16.380130952088223, 56.89232148376623], [16.380690543227658, 56.892145256420406], [16.381102493959062, 56.89218669642256], [16.381203509571282, 56.89222797862669], [16.38121537139527, 56.892226589649255], [16.381462218059383, 56.89217373693833], [16.38166028404086, 56.892093844613434], [16.381760154418945, 56.89198674238573], [16.381877266916298, 56.891826091065376], [16.381993153086754, 56.891745850062655], [16.38220651162484, 56.891746634713904], [16.382403924708594, 56.89171148321708], [16.38252045829787, 56.8915864997359], [16.38262270858932, 56.89130941498251], [16.382755107143, 56.89122925917109], [16.383001508066506, 56.89121216020691], [16.38323052135747, 56.89126666633773], [16.383524619875608, 56.8913571907441], [16.383640066380284, 56.891312794813864], [16.38377275063463, 56.89121475968325], [16.383971964769998, 56.89104538214073], [16.38412081536611, 56.89095633016015], [16.384482298997607, 56.89092178361024], [16.38487646727664, 56.89089621514884], [16.385090390433746, 56.89086114680627], [16.385271204379283, 56.890834888097764], [16.385796611003627, 56.89081873224729], [16.38584632070347, 56.89078305790221], [16.385913205002648, 56.8906848517634], [16.386218847669113, 56.890776319965525], [16.3862962701413, 56.89085298372942], [16.386299262037625, 56.890992274567076], [16.38657325778797, 56.89105516857173], [16.38662524012166, 56.89110642267923], [16.386779201675402, 56.891232181816335], [16.3869083503615, 56.891272787804986], [16.387076181225808, 56.891338116938876], [16.387064465119483, 56.89137992705157], [16.387239256778965, 56.891475989951665], [16.387379287223784, 56.8915252787608], [16.387486515472364, 56.89150028312927], [16.387567387610005, 56.89151654226811], [16.38759024638929, 56.89157818047047], [16.387554109189665, 56.89162942533021], [16.387563786412336, 56.89167504013876], [16.387692613770874, 56.89178355980215], [16.387815540117764, 56.89184974604727], [16.387986284584887, 56.891847490099785], [16.388326383049133, 56.89182377017229], [16.3885556915685, 56.89189326419729], [16.38873762839322, 56.89187525304669], [16.388877376609848, 56.89190954156531], [16.3889272248204, 56.89195426141756], [16.388891834452266, 56.8921240713574], [16.388948341004326, 56.89217311879938], [16.38914376135944, 56.892208404516765], [16.38922333964389, 56.89239032175591], [16.389278538485414, 56.892568198248014], [16.38925364384464, 56.89275091671481], [16.38912674718144, 56.892946267818395], [16.38906601824628, 56.89307162551579], [16.38909834125352, 56.89308177649641], [16.38903035893235, 56.893201375646285], [16.389243365088426, 56.89322892038833], [16.389423833579208, 56.8932295184581], [16.389652863483466, 56.8932839238043], [16.389980605201387, 56.893320790486406], [16.390193406382455, 56.893357319706894], [16.390554683785922, 56.89334952614893], [16.39057348671587, 56.8931706478741], [16.390753670400066, 56.89318912316847], [16.391164447641607, 56.893154637666285], [16.39134547600072, 56.89311938581701], [16.391640678490948, 56.89312939308047], [16.391739027823064, 56.893138627417], [16.391886302055955, 56.89317489526887], [16.392065988427003, 56.89323819893917], [16.392262833898332, 56.893238790150754], [16.392427912615638, 56.89316778278399], [16.392791818127932, 56.89295415591713], [16.393006524011987, 56.892856364614104], [16.39315493451956, 56.89280314852855], [16.39335107233104, 56.89285746370787], [16.393530757972677, 56.89292076528874], [16.393694416469263, 56.892957116932855], [16.393825662353596, 56.89296643283627], [16.394039599198845, 56.892913472163194], [16.39402180532608, 56.893020836762524], [16.393954729552178, 56.89312803237027], [16.393903815906192, 56.893262086242245], [16.393902401814035, 56.893369536734426], [16.394064792429845, 56.89349537183189], [16.394326242648397, 56.893576714198204], [16.394669873660387, 56.8936583966523], [16.394882329602098, 56.893721779787604], [16.39507910696092, 56.893731350257035], [16.39542450523822, 56.893678806223264], [16.395669433230044, 56.893778026611145], [16.39593053974799, 56.89388631824882], [16.39609413276889, 56.893931651335556], [16.396551875409333, 56.89406738783164], [16.396666685905558, 56.89406781080102], [16.396831331072825, 56.894032464581514], [16.397012361515127, 56.893997293444095], [16.397242464878115, 56.89397118606761], [16.397406275006336, 56.89398965520474], [16.397587376390618, 56.89394550041235], [16.397703794248535, 56.893829486748146], [16.397769735302713, 56.893811770707956], [16.398164067404537, 56.893768283538236], [16.39859150506362, 56.89371598073593], [16.398805294833945, 56.89368088953946], [16.399331856046306, 56.893575194204864], [16.399710707008424, 56.89346899501357], [16.399908317972915, 56.89342483157488], [16.40002410235635, 56.89335364666636], [16.400140510813472, 56.89323763076609], [16.40027442127681, 56.89303221917415], [16.40029184950568, 56.89295171660192], [16.400393271287403, 56.89272825295608], [16.400478381349757, 56.8924958103139], [16.400530243593973, 56.892290059222404], [16.400613258717165, 56.89221870283486], [16.400649089296287, 56.891986093645016], [16.400833176011183, 56.891718225811815], [16.400849975475776, 56.891682465138665], [16.400900019132354, 56.89161992203669], [16.400967421181115, 56.89148585992821], [16.401084098924862, 56.89135196402607], [16.401216531978, 56.89126289582597], [16.402093498769705, 56.890701867467264], [16.402461344303113, 56.89051242191487], [16.40277967470707, 56.889550821727646], [16.403061074218652, 56.888716563447986], [16.403249970677955, 56.88817349185882], [16.403494400209013, 56.88741142118072], [16.403624243820083, 56.88684951889264], [16.403671922388952, 56.88678556357511], [16.403795230294236, 56.886367102132375], [16.403600683063036, 56.8862499948058], [16.403733479915424, 56.88594748535393], [16.403933377068533, 56.88566227747645], [16.404098224158133, 56.885503583756964], [16.405098670871396, 56.88494500741798], [16.40563593667213, 56.88469920962123], [16.406260538681785, 56.88448719022019], [16.406667598355074, 56.884363853667246], [16.407222639818382, 56.884260228251655], [16.40794467432237, 56.88423556510755], [16.40824295537272, 56.88424998951262], [16.408793133762497, 56.88424387665804], [16.40919793755924, 56.88429823963804], [16.409411426816973, 56.88436104723006], [16.40978666307934, 56.88453224982246], [16.409982302888526, 56.884631369374944], [16.410308824037767, 56.884766650193995], [16.410357544462798, 56.88480257021997], [16.4107671868285, 56.88484860936856], [16.411243500587155, 56.88481430446664], [16.41152246511825, 56.88481519619186], [16.41186687085441, 56.88482522741472], [16.412096838941732, 56.88480807669602], [16.41252435867977, 56.884728865411596], [16.41298537984687, 56.884604987007634], [16.413215412333216, 56.88457885052984], [16.413315172326957, 56.88447172349357], [16.41340127018382, 56.88414969988839], [16.413438102075926, 56.88382760374501], [16.413506669033303, 56.883586175762275], [16.41362402336909, 56.883389558851285], [16.413887755857935, 56.883291984694004], [16.414200614428257, 56.8831944819228], [16.41449662106514, 56.88314172457928], [16.41480812357126, 56.88316954786746], [16.415643015704223, 56.88332429850128], [16.41600196267962, 56.883486504483315], [16.416343928274333, 56.88369345739918], [16.416555483188745, 56.88383730115276], [16.41675066359898, 56.88398115054739], [16.41683059517236, 56.88415145862676], [16.416943958419022, 56.88426820938579], [16.417107129774827, 56.8843492709636], [16.417286877521498, 56.88440346493434], [16.417351244346502, 56.884502176282666], [16.417398490461018, 56.88466342260738], [16.41741358717254, 56.88476188425575], [16.417478091096186, 56.88486059308566], [16.417541446497008, 56.885039802208745], [16.41783214601959, 56.88540767846285], [16.417978136235046, 56.885542382461914], [16.418140572890973, 56.885668186193406], [16.418303282000902, 56.88577611054286], [16.41864554751738, 56.885965088868126], [16.4188897473002, 56.88610909716726], [16.419052930915363, 56.88619015612129], [16.419199329239888, 56.886289012074826], [16.41927083745043, 56.88631883153366], [16.419577714203815, 56.886484404224014], [16.419887614183605, 56.8866582958493], [16.42036496291721, 56.88689702562882], [16.420640083640922, 56.88699594390449], [16.421141992828293, 56.88708276011381], [16.421608158089388, 56.88721193179817], [16.421878787138173, 56.88721028887605], [16.422223153134368, 56.88722927602396], [16.42246957248509, 56.887203114839025], [16.422733240901117, 56.88711441593971], [16.422913748585568, 56.88712394796779], [16.423159838851777, 56.887124738073744], [16.423258310961437, 56.8871160709586], [16.423308247184764, 56.887062502749394], [16.423521309697207, 56.887081005395075], [16.423718262099214, 56.8870816363647], [16.4238500901545, 56.88702830185423], [16.42409710966751, 56.886957486181004], [16.42446044113701, 56.88677063091879], [16.42472416526819, 56.88667294415147], [16.424806993069407, 56.88661953933024], [16.424921777197735, 56.88661984663997], [16.425069189140387, 56.88663819777868], [16.425298763651917, 56.88665677858851], [16.425593917848104, 56.886666616061596], [16.425922498522624, 56.886640768379664], [16.42620259685767, 56.88654316022406], [16.426351595953196, 56.88643617929811], [16.426434814611607, 56.88634692685424], [16.426484346699556, 56.886311327901225], [16.42666530960918, 56.88627602515139], [16.426813911295838, 56.886204889357494], [16.426929620253, 56.88613359086915], [16.426996059756796, 56.88606222608255], [16.427111373219056, 56.88602677400308], [16.42719366523054, 56.88600912590215], [16.427423367701724, 56.88600982521864], [16.42757091291279, 56.88602817097807], [16.427718915239726, 56.886001687188894], [16.427900468001216, 56.88590385442146], [16.428064920086815, 56.88588643383852], [16.428293961486407, 56.88594076744587], [16.428489850222054, 56.88601299731696], [16.428901171423128, 56.88592475149278], [16.42936208462074, 56.88580970768104], [16.42952005496065, 56.88579622278527], [16.430237288945722, 56.88580130899899], [16.43089521458649, 56.8856923580576], [16.4313270456805, 56.88560979833906], [16.43155753071926, 56.88564874906073], [16.431679617927884, 56.88569855258133], [16.432041995237523, 56.885735721423515], [16.43253708943107, 56.885852842475245], [16.432785451911712, 56.88599812394554], [16.433021487183705, 56.886160702769864], [16.433162733723172, 56.88628664050151], [16.433135901007926, 56.886420075849294], [16.43302909906229, 56.886500979763376], [16.43288620817374, 56.88661499580443], [16.43288183807682, 56.886698856885396], [16.433111804813382, 56.88686545755763], [16.43312829432006, 56.88687901243836], [16.4331715531996, 56.88689531417842], [16.433234982644233, 56.88690114456176], [16.433309206278544, 56.88689193903603], [16.43335567432092, 56.886893112155214], [16.433385309117007, 56.886900048946245], [16.433420462257423, 56.88693090640214], [16.43334915373685, 56.88700206098212], [16.433307356198426, 56.8870911124903], [16.433197343649816, 56.88738162523278], [16.433188050520638, 56.887442905629634], [16.433193708855136, 56.887520004736274], [16.43321049162642, 56.88759068778312], [16.433227072981463, 56.88763137025198], [16.43333686988121, 56.888035151899146], [16.433400878660454, 56.88813026543578], [16.433618631097012, 56.888217956322706], [16.43424944373097, 56.88832956104508], [16.43458769468202, 56.88831920955622], [16.4349885351706, 56.88825738505805], [16.43548063548196, 56.8883164999283], [16.435608041515735, 56.8883246471002], [16.43615331287116, 56.888421954568386], [16.43680329507512, 56.888496675372316], [16.437151316307425, 56.8886244526257], [16.437412250733598, 56.88882473538507], [16.437718535984498, 56.889113247507794], [16.437836766307285, 56.8892453739813], [16.43803262679174, 56.889326481657406], [16.438146910985097, 56.88938050177606], [16.438391925927743, 56.88947972697183], [16.43875205544756, 56.889552385219595], [16.439095994756812, 56.889598190089615], [16.439424651217106, 56.8895633231462], [16.439786325331703, 56.88951064796158], [16.440049007437004, 56.88950250025528], [16.440262349246385, 56.889503095126436], [16.44047453688229, 56.889593263345375], [16.440620883759994, 56.88971006118562], [16.440707930674275, 56.88983697487989], [16.4408634083103, 56.89001511145483], [16.440943905546504, 56.89014066295257], [16.44115539701174, 56.89029344949144], [16.441367662846346, 56.89039250847185], [16.441890284967272, 56.890599913099734], [16.442315768568704, 56.890699564591074], [16.443070199937036, 56.890747086692706], [16.443383815209685, 56.89080643503344], [16.447587032655505, 56.889882866895285], [16.450586828280358, 56.89080898470654], [16.46161187931336, 56.88830503679159], [16.46487039986079, 56.88758740037576], [16.504064694123834, 56.88294107756532], [16.509570308335867, 56.88224944980455], [16.556373546179678, 56.876679047202586], [16.521474240088576, 56.801268905920054], [16.51551090734974, 56.78019893559161], [16.503924308091122, 56.764099572477704], [16.449548852762703, 56.72735211286996], [16.435782913747314, 56.718033660708706], [16.39621749977603, 56.72983493534247], [16.380508470930838, 56.716539583370135], [16.380484176787704, 56.71666346004888], [16.38037851095354, 56.717000868376715], [16.38036061722668, 56.717042029798684], [16.380295117578378, 56.71725116265336], [16.38015048775715, 56.717584241191744], [16.37996778423563, 56.71791163319208], [16.379747636228558, 56.71823207272659], [16.37960096231246, 56.71841021454335], [16.37947073764407, 56.71859976195464], [16.37935063517073, 56.71874562925224], [16.37923409790686, 56.7189152625384], [16.378977250038808, 56.71922730332405], [16.378684880739737, 56.71952976504603], [16.378358157050048, 56.71982146740171], [16.3779982477444, 56.7201012291549], [16.377606867291718, 56.7203679519754], [16.37718544944809, 56.72062045347919], [16.37673558161981, 56.720857816435206], [16.376259246717332, 56.72107903119607], [16.376120998449018, 56.72114182332846], [16.375620047262792, 56.721345970102035], [16.375096611657877, 56.721532306819086], [16.374809456168585, 56.7216208137033], [16.374807994251785, 56.72162136892573], [16.374263932553998, 56.721789155636955], [16.373701639284633, 56.7219375564751], [16.373123259969127, 56.72206619085823], [16.372531198156807, 56.72217440135636], [16.371927728541174, 56.722261803343606], [16.371315534350423, 56.722328009536575], [16.37069689691142, 56.7223727233781], [16.370074239852713, 56.72239591993209], [16.369450251337152, 56.722397298262166], [16.368827363171224, 56.72237701224217], [16.368207998956617, 56.72233503528765], [16.367594732535732, 56.72227169860945], [16.366990129552423, 56.722187064010505], [16.366396494163805, 56.72208155470623], [16.365816270989136, 56.721955594210286], [16.365251633308375, 56.72180969710178], [16.36524209405481, 56.72180674763323], [16.365162368301785, 56.72178947507086], [16.36459773563923, 56.72164357587039], [16.3640512735272, 56.72147834010605], [16.36400942737124, 56.72146514375819], [16.363483176985536, 56.7212811799042], [16.36297918990998, 56.721079273704746], [16.362768605948027, 56.72098312276066], [16.362566262282414, 56.720947156587926], [16.361986067531532, 56.720821178112615], [16.361833319967687, 56.72078170550264], [16.361707286711788, 56.72075433638393], [16.361142682760857, 56.720608421370294], [16.361097998078957, 56.720594895661776], [16.360966494914937, 56.72059516379381], [16.36078558622202, 56.72058923438741], [16.3603283361173, 56.720606263421224], [16.36016880765058, 56.72060656707182], [16.360163560919553, 56.72060680403379], [16.359539600935403, 56.720608133504015], [16.3589167453001, 56.720587797799034], [16.35829742080946, 56.720545771390185], [16.357684201099318, 56.720482385694076], [16.35707964674562, 56.720397701873644], [16.35648606831794, 56.72029214595194], [16.355905903579593, 56.720166139014935], [16.355341330506732, 56.720020196660634], [16.35508617943876, 56.719943021947415], [16.35473102773169, 56.71998137889754], [16.35472699789235, 56.719981691352906], [16.354510228346637, 56.720038844649565], [16.354465905086247, 56.720050286157935], [16.35388762314129, 56.72017882910693], [16.35384132575404, 56.720187865917005], [16.353249234955555, 56.720295984982016], [16.35264575086204, 56.72038329457563], [16.352598144162492, 56.720389649664774], [16.351985944918365, 56.72045576094227], [16.351937302076088, 56.72045952229951], [16.351318670810937, 56.72050413992646], [16.35069603120188, 56.72052723958251], [16.350647023683052, 56.720528309820025], [16.35002306389786, 56.720529590741336], [16.349400213966796, 56.72050920744424], [16.349351242270725, 56.72050758221768], [16.348731930672752, 56.72046550819925], [16.348683401650483, 56.720461182455196], [16.34807019713331, 56.72039774938856], [16.347465666666672, 56.72031301880538], [16.347418253677098, 56.72030598593796], [16.346824703027238, 56.72020038296792], [16.34677881755404, 56.7201908184826], [16.346198686152597, 56.720064766195726], [16.345634151530945, 56.71991877968221], [16.345590336235997, 56.71990676649243], [16.34504397991713, 56.719741447753904], [16.345002370096026, 56.719727074487544], [16.344476235697055, 56.71954302978314], [16.343972374330388, 56.71934104606971], [16.34393378226048, 56.71932439458531], [16.343454379590245, 56.71910534691204], [16.34300107643142, 56.71886993592385], [16.342965513401687, 56.71885127482802], [16.342540509653002, 56.71860064592143], [16.342503280083452, 56.718576793218546], [16.34210808593594, 56.718311828016915], [16.341786942005395, 56.71808298405258], [16.341423087669018, 56.71780483360033], [16.341390785403245, 56.717779310255], [16.341059918482113, 56.71748903619254], [16.3410364577054, 56.71746584262827], [16.34073983755484, 56.71716468868647], [16.340478574659475, 56.716853721405705], [16.340459249516897, 56.716829316113525], [16.340234340284574, 56.716509961641655], [16.340219564862632, 56.71648469874243], [16.340032126370502, 56.71615811510648], [16.339882881458784, 56.715825639759224], [16.33987265904958, 56.71579960907425], [16.339762059888585, 56.71546267665257], [16.33969068406779, 56.71512244729245], [16.33968516274128, 56.71509600665591], [16.339653203989393, 56.714754096509154], [16.33965239303192, 56.714727515382364], [16.33966002874197, 56.714385178653885], [16.33966076682754, 56.71437942219436], [16.339655257695373, 56.714379839917555], [16.339032712812894, 56.71440288087072], [16.338856992084786, 56.71440548776077], [16.338380912181798, 56.71440637994813], [16.338255812636707, 56.71452567065393], [16.337686810759934, 56.715161491241595], [16.33739413962897, 56.71546385764502], [16.33736785232803, 56.71549001170545], [16.337040841685457, 56.71578160631561], [16.337014514247034, 56.71580281994707], [16.33685049093726, 56.715930251966725], [16.33665433891223, 56.7160825525903], [16.336262700380615, 56.71634905797331], [16.336232812965992, 56.71636869143134], [16.33581116172409, 56.71662105421903], [16.335778118198608, 56.716639105018004], [16.335328034439268, 56.71687631961288], [16.334851504042124, 56.71709737711484], [16.334815429999992, 56.71711357418993], [16.334314307391054, 56.71731755580712], [16.334275603498476, 56.717331804210666], [16.33375201629376, 56.71751796806427], [16.333207828029757, 56.717685575307904], [16.33316676031859, 56.71769778303006], [16.332604364856476, 56.717845998973765], [16.332561464858358, 56.717855890023046], [16.331983004647807, 56.71798433301019], [16.331390884091537, 56.71809234839049], [16.33134642271541, 56.71810001038204], [16.330742919730987, 56.718187214030394], [16.33068964924908, 56.71819344152853], [16.33007744556784, 56.71825944521811], [16.329754560395685, 56.71828840258323], [16.329222353637242, 56.718326689089565], [16.329135936812595, 56.718332910067474], [16.329082161088362, 56.71833626890686], [16.32881774588028, 56.71834600517678], [16.328290779139188, 56.71838396227329], [16.328243589452132, 56.718386890258266], [16.328126251601404, 56.71839119568], [16.327697527329025, 56.71842208425846], [16.327074907454428, 56.718445064901005], [16.327023347001408, 56.71844633274305], [16.32639941911406, 56.718447495234095], [16.326339391786977, 56.71844552941306], [16.325716588993384, 56.7184250275102], [16.325460157692813, 56.71840898042844], [16.325281609062532, 56.71839686566939], [16.32534182031379, 56.71887906313651], [16.325353860891973, 56.71922136749886], [16.32535443578646, 56.71923771111661], [16.325510002998502, 56.71954246690494], [16.325521162213, 56.71956857858359], [16.325651111727478, 56.71990343098002], [16.325741990077272, 56.72024220207389], [16.325748181748555, 56.720268815818464], [16.32579980515866, 56.72061007096278], [16.32580158092148, 56.72064140200615], [16.325813626513884, 56.72098370710558], [16.325786605529057, 56.72172069188599], [16.325759027232134, 56.722062789509486], [16.32575501211262, 56.72209418214884], [16.325688027669404, 56.72243463330219], [16.325679666459404, 56.722461222146755], [16.325573359677367, 56.722798586490086], [16.325428358539835, 56.72313160206222], [16.325415258686714, 56.72315761234023], [16.325232052041432, 56.72348492605407], [16.325177175168054, 56.72356447017186], [16.325198939245528, 56.72370814630338], [16.325210980766567, 56.72405045131661], [16.325211893678784, 56.72407640241568], [16.32518430872958, 56.72441849891898], [16.325180113115096, 56.724448636463755], [16.32511312124174, 56.72478908720773], [16.325034316957346, 56.725134782138866], [16.32492799723759, 56.72547214674914], [16.32491829204855, 56.725502702241684], [16.324773273428704, 56.72583571700172], [16.32476029201515, 56.725861276690765], [16.32457706850506, 56.72618858937165], [16.32435626499115, 56.726508934402105], [16.324338670474468, 56.72653364457552], [16.324081450833848, 56.726845572672104], [16.324059642242297, 56.72686925028912], [16.323766771719015, 56.72717158504618], [16.323439419652757, 56.72746314671151], [16.323439422808462, 56.72746323652637], [16.32341339016944, 56.72748561115018], [16.32310521716672, 56.727724776236045], [16.32307892392219, 56.728050510331784], [16.323075266917225, 56.728076869326735], [16.32300825001467, 56.72841731796348], [16.322901903270377, 56.72875467989855], [16.322893515071325, 56.72878064075671], [16.322842885689138, 56.72889705820228], [16.32286987939169, 56.72899792026408], [16.322921488271565, 56.72933917621403], [16.32293351164274, 56.729681480332474], [16.322933898253197, 56.72970779639662], [16.32290628928865, 56.73004989310446], [16.32290164355204, 56.73007877743274], [16.322834620188225, 56.73041922680793], [16.3227282665053, 56.730756588521636], [16.32271933537895, 56.73078246437148], [16.32257427928953, 56.73111547646102], [16.322391011863957, 56.73144278586166], [16.322170159570558, 56.73176312698054], [16.32215832539792, 56.73177924191041], [16.321901052462902, 56.73209116549634], [16.321608122927323, 56.73239349521508], [16.321280714071534, 56.73268514105278], [16.32126330109702, 56.73269978850535], [16.32102409252259, 56.73288539688614], [16.321031381570183, 56.73309318625765], [16.32100375493438, 56.733435282434854], [16.320991016169682, 56.7335371049822], [16.320923969804173, 56.73387755235371], [16.320817589681912, 56.73421491237641], [16.320672503979324, 56.73454792221018], [16.320617226657852, 56.734655225982095], [16.3204339253854, 56.734982531581224], [16.32021303608621, 56.73530286922489], [16.3202096947174, 56.735307485973784], [16.319952380282665, 56.735619405565615], [16.319869893329052, 56.735708132558756], [16.319585897118902, 56.73600120068087], [16.319576921381458, 56.7360104584158], [16.319314697909665, 56.73624409622475], [16.31928262450172, 56.73631746787261], [16.319213739393334, 56.73644054495941], [16.31921336092532, 56.736441267750116], [16.319030038958836, 56.7367685712882], [16.31880912743066, 56.73708890645637], [16.318731665433273, 56.73718656249764], [16.31860027985262, 56.73734578321432], [16.318599765724006, 56.737346507437955], [16.318342425857413, 56.737658423713484], [16.318292986570118, 56.73771715647934], [16.318258116663056, 56.73775309791308], [16.31806310272277, 56.73798943637335], [16.317770097063647, 56.73829175714151], [16.317755209604925, 56.73830547888887], [16.317669937578724, 56.73838426241856], [16.317342445036623, 56.73867589803047], [16.316982034275135, 56.7389553943194], [16.31691200391752, 56.73900751648007], [16.31651998876242, 56.739273960574224], [16.3163944643035, 56.7393506534361], [16.31597532595534, 56.739601122364114], [16.315978375196607, 56.73964205281585], [16.315990340160017, 56.739984357320736], [16.31596266195774, 56.74032645225809], [16.315951772513834, 56.74043148819732], [16.31588467083776, 56.74077193273463], [16.31577822697862, 56.74110928928257], [16.315769242340075, 56.741129954825546], [16.315777218496684, 56.74125015293611], [16.315789182362636, 56.74159245737974], [16.315788299898525, 56.74162507524876], [16.31576061884648, 56.74196716916867], [16.315693511277644, 56.742307613558424], [16.315687466309342, 56.74233525531416], [16.315581016471054, 56.74267261163891], [16.315569831798708, 56.74269976853635], [16.315424668017226, 56.74303277217701], [16.31524128015821, 56.743360070116715], [16.315222404445496, 56.743390901139655], [16.315001422403697, 56.7437112295501], [16.314934547392866, 56.74380383057764], [16.314786907537087, 56.744008313032836], [16.314690198014258, 56.74414237085549], [16.31443277838904, 56.74445427910204], [16.31440844960942, 56.74448346126888], [16.314115366343398, 56.744785773483585], [16.3140900367429, 56.74480948540612], [16.313762462810317, 56.74510111168087], [16.313401964512572, 56.74538059773678], [16.313372267192765, 56.74540282900243], [16.312980163996457, 56.74566935102984], [16.31294094748126, 56.74569312000655], [16.312837133518723, 56.74575520742364], [16.312699413954352, 56.74595473187676], [16.312679894648376, 56.74597883245924], [16.31242244597196, 56.74629073659723], [16.312129332830946, 56.74659304419323], [16.31210545836091, 56.746616022491715], [16.311777853462203, 56.74690764361002], [16.311750154120826, 56.746929224513686], [16.311389626586518, 56.747208793734316], [16.310997487538923, 56.74747522068238], [16.310965958224475, 56.74749522441541], [16.310543789216876, 56.74774750283219], [16.310093176156965, 56.74798462842322], [16.31005834527499, 56.74800278070501], [16.30958127379834, 56.74822374294476], [16.309543272679846, 56.74823995172523], [16.309041598180052, 56.74844383322447], [16.308517318519655, 56.74862989408735], [16.30847668165934, 56.74864397474891], [16.307932063760468, 56.748811471949566], [16.307889056605525, 56.74882333198444], [16.307325961106933, 56.74897143799557], [16.306747072190646, 56.749099764340095], [16.306702092013357, 56.7491092187485], [16.30610940889322, 56.74921711601624], [16.306062995596616, 56.74922415931411], [16.30545893432425, 56.74931124260959], [16.30530336071252, 56.749327963180384], [16.30484617930822, 56.74937712451099], [16.30479886773506, 56.74938157204895], [16.304179702380168, 56.749425957871246], [16.30413176097077, 56.74942780705616], [16.303508610775708, 56.74945067224341], [16.30288416653914, 56.74945171931944], [16.302836003950155, 56.74945105547786], [16.302667114555597, 56.74944545354327], [16.302766746955417, 56.749530559469086], [16.30303062680349, 56.74968194926198], [16.303229467733814, 56.74985153506327], [16.303349100215833, 56.75018310311981], [16.303435003342457, 56.750451872377376], [16.303519951430545, 56.75065795219865], [16.30367007397663, 56.75084574305609], [16.303968300970013, 56.75110456662288], [16.30424388578367, 56.7513052378756], [16.30429894755315, 56.7513453548419], [16.304564594884894, 56.751613321999415], [16.30469898421867, 56.751837118325795], [16.30473468225882, 56.75203436940837], [16.304694365573724, 56.752112313724446], [16.304319334166376, 56.75263778743806], [16.304190823040944, 56.75278205070296], [16.304043671971133, 56.752773708328085], [16.30399555635052, 56.752836822831824], [16.30396520528729, 56.75298059742313], [16.30398743521546, 56.75335746933564], [16.303725630305834, 56.753340803513524], [16.303479882414777, 56.7532971111056], [16.30341661029399, 56.75327702220443], [16.30320062271141, 56.75320867301052], [16.303053904731975, 56.75323625772921], [16.302793413087716, 56.75330033315114], [16.302515644626542, 56.75330170768675], [16.30223713329409, 56.753258175394144], [16.302055687640593, 56.75315128628163], [16.3019579825363, 56.75306364482568], [16.301769998755507, 56.75300551204264], [16.301556410493056, 56.752983039061455], [16.30146840386515, 56.75297299807441], [16.301110558766656, 56.752932267088006], [16.30085937586261, 56.752910634451304], [16.300401194936228, 56.7529166707881], [16.299926415260583, 56.75285604619772], [16.299567151646198, 56.75287569153993], [16.299028191600303, 56.75290520185713], [16.29861436094547, 56.752930262909544], [16.298538319379066, 56.75293473861336], [16.298032901932107, 56.75301797278903], [16.29752216243, 56.75309946422969], [16.296956192714195, 56.7531397570009], [16.29638572178236, 56.753241267645535], [16.295928638303685, 56.75327934631326], [16.295640017639414, 56.753294472461114], [16.295505009861877, 56.75330198400381], [16.29524458172621, 56.75334870592014], [16.294918236385687, 56.753368893443096], [16.294655971471293, 56.753334786536314], [16.29429516454463, 56.75327448448407], [16.293919567778396, 56.753286017971774], [16.2932334612011, 56.75329978292796], [16.2925488009542, 56.75336742776744], [16.291821979130788, 56.753440535316855], [16.29178445518962, 56.75344748114968], [16.29114805028033, 56.75356564094557], [16.290545953172227, 56.75367760318977], [16.289879416745364, 56.75382580156107], [16.289456562861925, 56.75391856715897], [16.289419022954192, 56.753921111707925], [16.28886925135252, 56.75395850470556], [16.287972416941702, 56.754045474554495], [16.287427970553964, 56.754112450448076], [16.28704785639834, 56.75414206556123], [16.286765971770723, 56.75416123365873], [16.286016097100354, 56.754247211787344], [16.285482144643936, 56.75433338362161], [16.285315949265613, 56.754359800445634], [16.2848778442092, 56.75440536699724], [16.284822548242015, 56.75440926114124], [16.28476414680808, 56.75441704890129], [16.28466534153696, 56.75443037332089], [16.284365694194737, 56.754470559986835], [16.28426906806867, 56.754484580423885], [16.284207869962383, 56.75449338504842], [16.28414264996868, 56.75450285999482], [16.283427710125707, 56.75460121742886], [16.28261947236387, 56.754712388535104], [16.282464702768532, 56.754729880755946], [16.282253976263945, 56.7547517200209], [16.28155168000824, 56.75482559336462], [16.280818878136497, 56.75493840237657], [16.280240559432663, 56.755001562571486], [16.28003163991519, 56.75503299227964], [16.279661979144766, 56.755080892585624], [16.279091294767177, 56.755138668980486], [16.27826028149073, 56.755243127958195], [16.27787001246495, 56.755335609781554], [16.277441591402518, 56.75549217040805], [16.27731903009154, 56.75553690307477], [16.276731302623112, 56.75572069321175], [16.276702342380336, 56.75572970312445], [16.276150363052235, 56.75588608671349], [16.275662053385112, 56.75597920549692], [16.275091484734787, 56.7560369631745], [16.274504596604853, 56.75609479428828], [16.273786304628356, 56.7561355499338], [16.273198774131803, 56.75616652340151], [16.272562664293524, 56.75622466822252], [16.271943004271503, 56.756282731838034], [16.271241967300785, 56.75635931832548], [16.270688779097405, 56.756436910022735], [16.270215651453537, 56.756500928123224], [16.26979878747521, 56.756577665275564], [16.269759915037156, 56.75658479875907], [16.269302734313047, 56.75660589180833], [16.268796903763505, 56.75663619159002], [16.26830789293784, 56.75669335774628], [16.267832596557994, 56.75674526124638], [16.267606838998617, 56.75676992387471], [16.267444049010187, 56.75679798830904], [16.267053364546005, 56.756863401621814], [16.26667933626089, 56.75694679003766], [16.266380344534436, 56.7570116291485], [16.266337765027846, 56.75702086479219], [16.26607086884154, 56.75706956680403], [16.26597971253019, 56.757086123012876], [16.26549102567412, 56.7571612397037], [16.264921862448677, 56.75728181588385], [16.264449786268035, 56.757365742879095], [16.2641422203858, 56.75742446586681], [16.263961427834378, 56.75745881603035], [16.26355505157785, 56.75755132609499], [16.26313222386435, 56.75764400147019], [16.262823072704492, 56.75767569865129], [16.262757209996455, 56.75768247343888], [16.26244825807264, 56.757756296966875], [16.262057557783564, 56.75782178451528], [16.261773627666255, 56.75788169904891], [16.26161827069597, 56.75791453144986], [16.261292666788442, 56.75797055474267], [16.261000165233305, 56.758044387949894], [16.260692007934015, 56.75815422053033], [16.26040059939383, 56.758272865956165], [16.26011831197093, 56.75845447766345], [16.26006219840333, 56.758490616936115], [16.259838069559457, 56.758624750018996], [16.259804081412327, 56.758644945998604], [16.25948116618117, 56.758817804963954], [16.25912500755295, 56.75897276249298], [16.25891054336309, 56.7590613435689], [16.258396202161116, 56.759273949566314], [16.258075516116218, 56.75941300612786], [16.25797539831356, 56.75945632510515], [16.257585501231166, 56.7595667048852], [16.2572457794566, 56.75972158192485], [16.256954544019, 56.75985818319245], [16.256548784449336, 56.75998659462576], [16.25643505622728, 56.7600263675584], [16.25620826372256, 56.76010563508145], [16.255980674444945, 56.760161016309596], [16.255754205980615, 56.760270283224166], [16.25549414448278, 56.76033488359601], [16.25526656010871, 56.760390532996205], [16.25531589755946, 56.761723542839924], [16.25446581305022, 56.761865043613774], [16.25348745207519, 56.76237127398029], [16.253552582022838, 56.76260534162977], [16.252912382879543, 56.76270681350487], [16.252338213796463, 56.76277393450821], [16.251769760540284, 56.762834526507405], [16.25146557284637, 56.76286291089426], [16.251409164445732, 56.762606747625874], [16.251333484636802, 56.76214030781658], [16.25124306829433, 56.76174578997664], [16.251126317022607, 56.76135836283788], [16.25073024583779, 56.76147084844342], [16.246609944655614, 56.76264044167718], [16.239216309140556, 56.7647379648153], [16.233851554554423, 56.766259581074095], [16.233689185806316, 56.7662860694604], [16.233606798290122, 56.76627906956471], [16.233508741556275, 56.76627968006326], [16.233428712100306, 56.76636104778306], [16.233342675865824, 56.76639091280488], [16.232790870778228, 56.76643921638289], [16.232397023738283, 56.766487034872824], [16.232206339479976, 56.76653050988168], [16.232126146603882, 56.76660289550018], [16.232062248592282, 56.76666613723085], [16.231719593775964, 56.766695302415066], [16.231474382522066, 56.76669691532304], [16.231424809284142, 56.766670276549746], [16.231196687865108, 56.76670765159444], [16.230903446753228, 56.76675447211078], [16.230675618128217, 56.7668008261619], [16.23057771965077, 56.7668104156416], [16.23033311602216, 56.76683887902448], [16.229974138658406, 56.766868200417875], [16.229697664144517, 56.76693281843344], [16.229517867980434, 56.766933963066556], [16.229320980801464, 56.766899253747376], [16.22909100367432, 56.76684690452276], [16.228811769659703, 56.766785788716504], [16.228468341857628, 56.766779021151116], [16.228190648575904, 56.76678984055294], [16.2279617560043, 56.766791285842984], [16.22792818947967, 56.76674661312936], [16.227667266281166, 56.76677523195306], [16.22732476124845, 56.76681327656608], [16.22708015961609, 56.76684182338107], [16.2268357118442, 56.76687926120452], [16.226689165028922, 56.76690711217882], [16.226379594050073, 56.76695399278615], [16.22602274994051, 56.76708200329766], [16.225601252613302, 56.76724639984266], [16.225406506217126, 56.767310473747706], [16.225309077069873, 56.76734700300735], [16.225114014522934, 56.76739311475862], [16.224886042275237, 56.7674394595767], [16.22452705311409, 56.767468766245166], [16.22418438193892, 56.767497820960735], [16.22385832653829, 56.76753587421928], [16.22353228981065, 56.76758281943684], [16.223189460138002, 56.767602979964614], [16.222716847082, 56.76766878714004], [16.22214588262141, 56.76772630394663], [16.221787199136386, 56.76777347554227], [16.221574914772802, 56.76778381906039], [16.221314428474265, 56.76783038592385], [16.220971303742907, 56.767841560381584], [16.220627262939825, 56.76780782865556], [16.220332473849908, 56.76778268766267], [16.21998964215483, 56.767802839392935], [16.21964560254914, 56.76776910495361], [16.219138218429297, 56.767736428218385], [16.218615137975895, 56.767739743401684], [16.21820628330041, 56.767733318164645], [16.21786329416677, 56.767744482746046], [16.217404428774334, 56.76769353829462], [16.21697878574729, 56.76766023455679], [16.216651516519498, 56.76764438375217], [16.21640689819534, 56.76767281986901], [16.216097462368122, 56.76772865635553], [16.21575569657007, 56.767802683049425], [16.215381283421817, 56.76787684725943], [16.214990105839192, 56.76793320798812], [16.214827381774253, 56.76797018537508], [16.214599215472106, 56.767998548416685], [16.21432815021432, 56.76806873799153], [16.214288271339658, 56.768078827870426], [16.214066095359744, 56.76815482920339], [16.213419209145076, 56.768377160869115], [16.212457351985794, 56.768622314091054], [16.21213203244983, 56.76877593817579], [16.21187097647565, 56.76883057510495], [16.211431580057354, 56.76901135575279], [16.210517470733336, 56.76913970253514], [16.207823586810065, 56.7694797684489], [16.207725166868553, 56.76944416131698], [16.20752968424581, 56.76950758615435], [16.207189020610688, 56.769759887213205], [16.20684652381395, 56.769841711163124], [16.206438235255238, 56.7698788072576], [16.20614316852071, 56.76979892985027], [16.205339078120762, 56.769505061958135], [16.205142924523802, 56.769505609788304], [16.204996408086682, 56.76956891685948], [16.204573804057475, 56.769803497600826], [16.204361667312796, 56.76984003997877], [16.204116575933583, 56.76985866498382], [16.20374076261526, 56.76987774350379], [16.203593374167156, 56.76984224634821], [16.203381084639254, 56.769869805710655], [16.20308734330377, 56.7699154880363], [16.202583138178404, 56.77016827468954], [16.202060119890938, 56.77017879627207], [16.201586053127002, 56.770180130793754], [16.20058880081952, 56.770174103857904], [16.199330294579575, 56.77020462679826], [16.199085184655143, 56.77021435000098], [16.198709682706024, 56.77026026801258], [16.19826905641756, 56.77033304023764], [16.197959199197182, 56.77042368944872], [16.197453617432295, 56.770532834181104], [16.191973217390697, 56.77179602781623], [16.191581859478898, 56.77189588268676], [16.191535515795394, 56.771906655911344], [16.191486229122543, 56.77191817510133], [16.190452371609034, 56.77215944341436], [16.188427238907494, 56.7726115452258], [16.18833559347427, 56.77263200031516], [16.186541262657066, 56.77304091042327], [16.184257576486093, 56.773568074171564], [16.183409342175015, 56.7737679061812], [16.183131885080247, 56.773822549151866], [16.182153362722055, 56.77406753393002], [16.180603575164994, 56.774421850263515], [16.180309953581645, 56.774503407647046], [16.179445507324925, 56.77472115261149], [16.17869515410537, 56.774902779876534], [16.178614105187872, 56.774921511296334], [16.17810785783628, 56.77503893793584], [16.177455413686314, 56.7751933134704], [16.175367197351054, 56.77568361459183], [16.174110945906946, 56.77597417946614], [16.173621559135263, 56.77609223762818], [16.170456312500953, 56.77680071400823], [16.16458213649673, 56.77811758838652], [16.162803166047667, 56.77848127636614], [16.162623443257225, 56.77849966014338], [16.162279718197205, 56.778455703429636], [16.16193569845031, 56.778384711321124], [16.161640814623855, 56.77833167542648], [16.16128121372929, 56.77834158062096], [16.16097117667263, 56.77840519041596], [16.16071071126514, 56.77853148605223], [16.160401419575866, 56.77868491315839], [16.160189926452343, 56.7788021287409], [16.15994534508166, 56.778883540965275], [16.159668103863194, 56.77896498679735], [16.15937409879728, 56.779001674984166], [16.159080238336983, 56.779056235877746], [16.1590312643629, 56.77906540413767], [16.1567783615124, 56.78128806832074], [16.15653243749031, 56.781216960174284], [16.15552792064759, 56.78146224435834], [16.154390413169494, 56.781671025075056], [16.152538819588706, 56.781470584503], [16.150809136781113, 56.78123126501067], [16.150114066464578, 56.78147724321205], [16.148695232194147, 56.78186579308503], [16.146964051690393, 56.781652304147755], [16.146826889801986, 56.78212866046506], [16.138463649634506, 56.782429831887576], [16.13891339945417, 56.78917082044399], [16.132482301336182, 56.789263406604306], [16.13149556650597, 56.789277569581884], [16.126798766304677, 56.7893613973481], [16.12569780078665, 56.78839680755563], [16.122432988481393, 56.785537490736715], [16.10749168964939, 56.7913825441244], [16.105724545382525, 56.792059249258585], [16.106551555930594, 56.80801133707881], [16.102632099952793, 56.81501921948637], [16.100371005715086, 56.81525421821256], [16.09921526689802, 56.821039664995794], [16.099242933334647, 56.822242638549945], [16.09913206124619, 56.822304336884734], [16.098409998684396, 56.82266703143654], [16.098162637294415, 56.82272310350276], [16.102000254843492, 56.8265020286145], [16.102349727485258, 56.82679357137872], [16.103250382680457, 56.82678211186658], [16.103663543583256, 56.82719417367124], [16.104851516007344, 56.82814309475308], [16.105857775370094, 56.82893075954703], [16.10610557549422, 56.82916363851681], [16.106424744557238, 56.829662846251175], [16.105312000591667, 56.830032186384464], [16.10426732139074, 56.83038699039886], [16.10321491549369, 56.83079224733604], [16.10265101868918, 56.83104146468316], [16.10233190763018, 56.83115467858109], [16.10209676979068, 56.83137557050601], [16.10186858382266, 56.8315019036075], [16.096337285960523, 56.83569398563904], [16.09839871454888, 56.83907953775017], [16.09866704132056, 56.839555587277424], [16.099398651266316, 56.840895722350616], [16.10186330500258, 56.84525460909693], [16.10232924981739, 56.84603476290154], [16.10239794657632, 56.84638492544617], [16.102614509680965, 56.84677061024429], [16.10288839815687, 56.847321696589916], [16.10344554567934, 56.84626527704399], [16.103686516226666, 56.84574359600675], [16.103767299788867, 56.845617575906765], [16.1038814323898, 56.84555440766343], [16.10404502273225, 56.84551801932518], [16.105040479029725, 56.84508415924295], [16.105203174911484, 56.84495795141812], [16.105643197775745, 56.844696167383276], [16.106230933239186, 56.84447897355532], [16.10707899657649, 56.844045414303984], [16.107389408682035, 56.84394574001493], [16.10825456631859, 56.84360202751929], [16.10934807217356, 56.84313187086012], [16.109641979181948, 56.84303215783578], [16.110246030390464, 56.842796924458455], [16.111160981738003, 56.84251589555148], [16.111715810925535, 56.84228980603621], [16.11235280897788, 56.84207241385318], [16.11289153037136, 56.841864248036956], [16.113103643797807, 56.841764806518306], [16.11404995872916, 56.84134891721003], [16.11502844206915, 56.840879108135105], [16.115844130415674, 56.840508475835655], [16.116838532940424, 56.83998461437173], [16.117864826952793, 56.83937979547933], [16.118320920533787, 56.83910003543636], [16.118647093113797, 56.83893740311945], [16.119132853644977, 56.83835214688458], [16.119326730571455, 56.83807311679883], [16.119570591817528, 56.83787475034834], [16.120222896020312, 56.83756744368521], [16.121070641184698, 56.83713379105643], [16.121723187735554, 56.836853511912125], [16.1221466452591, 56.83660070991114], [16.122325734328005, 56.83648340424903], [16.12269866558924, 56.836078080424045], [16.123136467738775, 56.835618725358636], [16.123575190667584, 56.83524918661084], [16.12430891007434, 56.83490564407528], [16.12489518362528, 56.83454465277537], [16.12551334230405, 56.83411160003214], [16.12611634617454, 56.833795454086754], [16.12685001718007, 56.833443003923364], [16.127388667874936, 56.833243757488994], [16.12782880361645, 56.83303587789892], [16.128415690648843, 56.83273774161971], [16.128953106948394, 56.832430707876775], [16.1289031089549, 56.83233208239265], [16.12875378901106, 56.83214380984122], [16.129374572373415, 56.83198028163457], [16.129782522871327, 56.83182640136053], [16.130207906133638, 56.8317802424892], [16.13120704173157, 56.831768229320126], [16.13189484334895, 56.83175723437687], [16.13233739137552, 56.831791846194264], [16.132649682063718, 56.83189869079566], [16.13287995163696, 56.83198786534242], [16.133362327479382, 56.83214185039886], [16.134301870768496, 56.83250519766989], [16.134597659290847, 56.83256646557948], [16.135893501396236, 56.832667593152564], [16.136402246362653, 56.83271883574951], [16.137355443864237, 56.832911455574944], [16.13825781717854, 56.83299656104108], [16.13888376360887, 56.83320877102305], [16.13959229145289, 56.83346549582609], [16.14039906169176, 56.833712696032435], [16.141090981448507, 56.833951509878005], [16.140782678389332, 56.83413272155717], [16.140574533720798, 56.834430062291084], [16.14043013803857, 56.834619387093255], [16.140186947344798, 56.83477323510608], [16.139795917525486, 56.83490992715089], [16.13961757850973, 56.835027610757194], [16.139246054785442, 56.83535275848204], [16.139116623280543, 56.83545220946302], [16.139103705555517, 56.83566773013163], [16.138991038634686, 56.835794065780625], [16.13878149636828, 56.83600158877318], [16.13864024164891, 56.836388410965036], [16.138435638193798, 56.83691027975637], [16.13831003989837, 56.83725204553393], [16.13819859724626, 56.8374501395958], [16.13802079024211, 56.837603746484945], [16.137385270364053, 56.83781353266103], [16.13706042800431, 56.83799479560204], [16.136409776567554, 56.83828546840518], [16.136068982631684, 56.838493731950756], [16.135777786670307, 56.83871968922525], [16.135471876139334, 56.83905348045617], [16.135425276300275, 56.839215321179005], [16.135419435447808, 56.83987074521109], [16.1354758664393, 56.84032834440215], [16.135579718759203, 56.84066900760727], [16.135997701317606, 56.841187633691206], [16.136384379549163, 56.84176133662422], [16.13653692147572, 56.84205781161174], [16.136774576428923, 56.84262909714154], [16.137032481874492, 56.843382005731705], [16.137133753589836, 56.84356100469751], [16.137382353481282, 56.843739290590044], [16.138041458705885, 56.84396036562714], [16.13853648034535, 56.84417332100542], [16.13889888338251, 56.8442881379254], [16.138965676343002, 56.84436864099195], [16.139154229178896, 56.8448793782542], [16.139371924651535, 56.84516555403118], [16.139604607151266, 56.84537092868919], [16.139755237215603, 56.84556762003812], [16.13984045066228, 56.84576472867478], [16.13987673607136, 56.845979979624516], [16.139961676479384, 56.8461681080387], [16.14004758224161, 56.8464101233464], [16.140049647365743, 56.84654475406068], [16.139871939744456, 56.84669836227683], [16.139419212971, 56.84707778693582], [16.139160548148485, 56.847303543663514], [16.13881913596005, 56.847466907492816], [16.13842865999124, 56.84764859218182], [16.137036154631403, 56.84869724214283], [16.136875876743034, 56.8489225472841], [16.136111909556632, 56.850611130146284], [16.13464126859003, 56.854230468188106], [16.134183467973163, 56.85519773876113], [16.13383590631617, 56.855956598068104], [16.140600462513124, 56.85626553374328], [16.153385019525828, 56.854196380048236], [16.153659440825177, 56.85414111749075], [16.15401865067199, 56.85407285382497], [16.154115201958685, 56.854077351353446], [16.154286112122506, 56.8541736823268], [16.154388748888493, 56.85423525270453], [16.16374143218545, 56.85986938560139], [16.17872087049403, 56.87007725017398], [16.17874031618265, 56.87025671955856], [16.178823595627883, 56.870328153312684], [16.17895582496018, 56.87039023313243], [16.179187403933646, 56.87050562935319], [16.179451866651473, 56.87062987700178], [16.17956788128235, 56.87070109192313], [16.17966767507096, 56.87078135272288], [16.17975125123861, 56.870870658510576], [16.179834104508863, 56.87092413123677], [16.180179494719248, 56.87097611120471], [16.18064003955139, 56.87106329276218], [16.18106637793611, 56.87106096869603], [16.18147488181774, 56.87097787909275], [16.181705142586317, 56.87101253008827], [16.181886479962092, 56.87107441180421], [16.1822321676621, 56.87114425875288], [16.183198953064434, 56.871103037063925], [16.183707405093354, 56.871109179269524], [16.183624031036572, 56.871210664261525], [16.174044214960258, 56.87829420188568], [16.172056807046634, 56.882661243722616], [16.168106541507246, 56.88764530417827], [16.16405289335438, 56.89540167154023], [16.163805628147177, 56.895285943999504], [16.16357579505748, 56.89528673658419], [16.163550515647444, 56.89529658346081], [16.162934899999236, 56.895476754791204], [16.161954793973383, 56.89589898014796], [16.16165031858095, 56.89612942838705], [16.16128112158731, 56.89631592466059], [16.16099162234075, 56.89642712343032], [16.160669899353117, 56.896525147832435], [16.16009403642864, 56.89660873278525], [16.159439364673823, 56.89664813336548], [16.159090679345066, 56.89671496478176], [16.158800445905754, 56.89680281123403], [16.15772254637212, 56.897361634821685], [16.198520752242306, 56.911755531959294], [16.21371630976489, 56.91598675379771], [16.21384835195371, 56.916111408129545], [16.214079401204014, 56.916219201038224], [16.21445159950246, 56.91635652242773], [16.21481706900963, 56.91648681221496], [16.21530010734007, 56.916612813440985], [16.215681379707057, 56.91666650490487], [16.219743237144563, 56.91796291892394], [16.22561669246264, 56.91960551957903], [16.226285306043586, 56.92651502729224], [16.236899771676182, 56.9317456859168], [16.254722824690614, 56.92682437002467], [16.25576968764088, 56.926480424287845], [16.256538250557927, 56.92620906197836], [16.257192377799463, 56.92599184235409], [16.25812438117603, 56.925666188294585], [16.2591548170235, 56.92533118117838], [16.259318442289754, 56.925285877543985], [16.259514620562634, 56.92521356724588], [16.259743547700424, 56.92513212366188], [16.259874189263826, 56.92506891675286], [16.26003758120484, 56.92499666648251], [16.260315482848632, 56.92489721208997], [16.260642923240493, 56.924824475119436], [16.26085545427092, 56.92474310495264], [16.261215077107945, 56.92461641534921], [16.26194814166509, 56.9243633418253], [16.262359734669367, 56.92422732128086], [16.26303347580321, 56.923971068606434], [16.263529615168434, 56.92379547403665], [16.264974649576537, 56.923304600626956], [16.26488512205443, 56.92325717984205], [16.265373969881825, 56.92311084578509], [16.26574627762886, 56.922971618645185], [16.26679483686703, 56.92261184182683], [16.26693951346315, 56.92253968216746], [16.267175535289056, 56.922408748049016], [16.26747509129994, 56.922273756128604], [16.267649785297802, 56.922200033458736], [16.26793801671407, 56.92199086878235], [16.268228363745607, 56.92183225385197], [16.26833335736101, 56.921764537228555], [16.268253093524187, 56.92172259434059], [16.268528601760636, 56.921498016848105], [16.26914299245781, 56.92110031676064]]]}}, {"id": "7", "type": "Feature", "properties": {"regsokod": "0880R008", "regsonamn": "Kalmar s\u00f6dra kommundelen", "kommunkod": "0880", "lanskod": "08"}, "geometry": {"type": "Polygon", "coordinates": [[[15.952735338811108, 56.69040186934802], [15.953616280316519, 56.690281589213924], [15.953814021561886, 56.69039756748107], [15.953959139732866, 56.690253274143785], [15.959675423914257, 56.68948743747297], [15.959747913335866, 56.68913521015385], [15.95994789620108, 56.68786792979398], [15.959969156229915, 56.687751171287694], [15.960343066918346, 56.68773795902612], [15.960782049857867, 56.68770035055694], [15.961133273902723, 56.68763691895412], [15.961368492507654, 56.68757491983163], [15.961589329885316, 56.68752973964001], [15.961821709662733, 56.68750962098499], [15.962121456162095, 56.687512875739465], [15.963028547395407, 56.68755060015347], [15.963349004733818, 56.68758989196804], [15.963510093215005, 56.68754570856842], [15.967499396749107, 56.68647873396063], [15.968085901362038, 56.686341593831706], [15.968275500204586, 56.68633338369226], [15.96872945493182, 56.68632931523004], [15.970707637601512, 56.68590026543812], [15.97132575274611, 56.685595697047866], [15.97181278459985, 56.68529780755266], [15.972494007354632, 56.68484668327062], [15.973613513764223, 56.68412480757155], [15.97452233685215, 56.68356517892211], [15.975285620388913, 56.68314070431535], [15.976212026578303, 56.68267982365636], [15.976865528222257, 56.68235761343026], [15.97814409759073, 56.68157812664379], [15.979407449463514, 56.680691493937545], [15.979603072604624, 56.6805588092725], [15.979863584239842, 56.68046819126131], [15.986125689798582, 56.67931669059045], [15.986370093563565, 56.679244061892774], [15.991883043222359, 56.67695883856817], [15.997248556097928, 56.674736529346255], [15.996943050606825, 56.67574970504522], [15.995617926519573, 56.67709423089802], [15.995917154374675, 56.67737658866946], [15.996633231319032, 56.67702314207954], [15.997201921360222, 56.67759141468107], [15.997664253317271, 56.67797441659248], [15.9976464849073, 56.67803546120738], [15.997867880067028, 56.67832553460113], [15.998271150313178, 56.678434137630205], [15.99983116877199, 56.67846483113424], [15.999968251815755, 56.67850307466172], [16.000116333261484, 56.67852470184844], [16.000708252950975, 56.67856019004605], [16.00121772845622, 56.678602895067705], [16.00182324278998, 56.67866368943425], [16.002591586572336, 56.67868804808841], [16.003335462189128, 56.67882982346581], [16.003423442677303, 56.67884348632411], [16.00444238887051, 56.679014118906984], [16.00546989706111, 56.67884908049148], [16.006279013685916, 56.67831265915413], [16.008748783679057, 56.678371009922635], [16.008980466890286, 56.678594688448705], [16.01040311930963, 56.6786617540595], [16.012403134102346, 56.67786464915691], [16.013464581007767, 56.67779816828939], [16.014786862218962, 56.67767691502505], [16.015047452388337, 56.677613080570076], [16.015437886101893, 56.677468061359605], [16.015827968804032, 56.6773050783346], [16.016088906803475, 56.677259294121995], [16.016464770577365, 56.673860052440745], [16.00843471917653, 56.67414235099147], [16.00809799216464, 56.674655383707304], [16.007904908914444, 56.67489849045469], [16.007597022301404, 56.67510605667893], [16.00717569904819, 56.67539484392644], [16.006915632270896, 56.675503481419874], [16.005401893824498, 56.675927655066815], [16.00266788870497, 56.676787958736334], [16.001220951308248, 56.67723795228281], [16.001481953878066, 56.67644331320401], [16.004730698203893, 56.666638240391606], [16.008306139943787, 56.66622030154485], [16.011989195332472, 56.665794468881664], [16.013229967116533, 56.66563948880528], [16.0151382245725, 56.66539057723068], [16.015334125893194, 56.665380895844024], [16.015563041149257, 56.665398071912776], [16.016068554072337, 56.6653245122564], [16.016329489680402, 56.66529669256014], [16.016771039360943, 56.66533108460405], [16.01758886791916, 56.66540902163638], [16.018390638166146, 56.66550505011177], [16.018914174800425, 56.66556607166064], [16.019159721541865, 56.66560116126791], [16.020126548110323, 56.66584026934688], [16.021273257482875, 56.66607879243211], [16.02238693637372, 56.66629934207832], [16.023320047728184, 56.66643980320263], [16.023958722564746, 56.66656327570918], [16.025203637399738, 56.66681936996888], [16.025810093897416, 56.666969866803434], [16.026302530537727, 56.66714770958358], [16.0270398523826, 56.667315716310625], [16.036625248435477, 56.669436791984126], [16.036978137688223, 56.66953284404336], [16.041372140287255, 56.667641425192144], [16.041583895825458, 56.66758683584562], [16.041698026218462, 56.66756845476484], [16.042218300824363, 56.667386962099194], [16.044395070175742, 56.66645401361757], [16.045386036291877, 56.6660372542175], [16.045840793832912, 56.665837971249566], [16.04647263008118, 56.665440477083294], [16.047476712645004, 56.66479021816561], [16.04985178703966, 56.66316545053084], [16.05266445780737, 56.66132503367296], [16.06442902731074, 56.66608586443004], [16.064429161075843, 56.66608586328667], [16.064430089664047, 56.66608540612016], [16.064430356293254, 56.66608531399525], [16.064447022700524, 56.66609424417015], [16.068501352013985, 56.664000044888134], [16.068509440000806, 56.6639958434736], [16.073141708080755, 56.66160009705158], [16.07317486583292, 56.661583373059315], [16.075194983475374, 56.66056831916416], [16.076694188402307, 56.65981500430753], [16.077846665015713, 56.659235794689145], [16.07785409016512, 56.65923204762265], [16.079186836119117, 56.65855568733417], [16.08042460131746, 56.65792756646141], [16.082062734815192, 56.65709617680765], [16.083544068050273, 56.65638587052937], [16.083762478499878, 56.65629090781969], [16.084309296642303, 56.65605304366001], [16.08458042835675, 56.65591576098974], [16.08509046505612, 56.65565746283764], [16.085271013922096, 56.65553237579981], [16.085592661347672, 56.655683446943975], [16.08633310245921, 56.65606594405181], [16.086746654630883, 56.656278730767895], [16.08708348322036, 56.656452122670025], [16.087761965628946, 56.65681664758288], [16.0884600609749, 56.65719384271062], [16.088643527930742, 56.65729617019824], [16.088771517638847, 56.65738245352453], [16.088830582447052, 56.657420203450876], [16.088863497988154, 56.657479471998634], [16.088909701672634, 56.65754239697274], [16.088949232112213, 56.65760708647273], [16.088982305934653, 56.6576718324297], [16.08901519045535, 56.657711338625404], [16.08907755540744, 56.657756246374895], [16.089129946079304, 56.65779576161694], [16.089205369653214, 56.65783166119581], [16.08928397014796, 56.65786582765468], [16.089372410527435, 56.65790529605529], [16.089480343910445, 56.657930402615875], [16.089601387526894, 56.657948296503115], [16.089715852490166, 56.657980621453824], [16.08982726304988, 56.65802366204454], [16.08989604537016, 56.65805782331114], [16.089958381868247, 56.65810632382621], [16.09002417361634, 56.65816736984406], [16.090080013651207, 56.65822850295234], [16.090198232614956, 56.65832556027941], [16.090277180315727, 56.65841361825852], [16.090362605504044, 56.65850701024123], [16.09043502666836, 56.658587940268085], [16.090513785045026, 56.65865075834772], [16.09057295799213, 56.65871545589821], [16.09061916834804, 56.65880173482662], [16.09066542031641, 56.65887543759191], [16.09071139125539, 56.65893477099372], [16.090734722042093, 56.65900669789568], [16.0907712077881, 56.6591055487864], [16.090807639402286, 56.65917924767966], [16.09086666773502, 56.65922957275408], [16.09094547047183, 56.65927990513961], [16.091007832271558, 56.659333794792154], [16.09105392835935, 56.65940210890272], [16.091083673310806, 56.6594632006796], [16.091090445273526, 56.65949736557638], [16.091107237291407, 56.65957105768165], [16.091097809141765, 56.6596358161265], [16.091101470472854, 56.65971132947115], [16.091137819860553, 56.65978682591257], [16.09117071109341, 56.65982642133367], [16.091216720960272, 56.65987308768362], [16.091292235276452, 56.65993054472923], [16.09137758161738, 56.65997911241729], [16.091439828949166, 56.660015036303946], [16.091498886796494, 56.66006167892447], [16.09153833963405, 56.66010480968331], [16.0915844770956, 56.660160547455625], [16.091614151233763, 56.66021445382311], [16.091643803440704, 56.660262970498934], [16.091693140762136, 56.66032227312986], [16.091726136888372, 56.66036546043822], [16.0917524672246, 56.660401430433076], [16.091798354287956, 56.66043911571767], [16.091873815578584, 56.66047142042156], [16.09196862695621, 56.66049834610377], [16.09207334327255, 56.660523477765445], [16.092197696636635, 56.66054852694283], [16.092341618892565, 56.660566398117695], [16.09261703581628, 56.66059578008924], [16.092779455269323, 56.66072289873571], [16.093023329511613, 56.66083367253361], [16.09352594951184, 56.660881000187146], [16.093957764561054, 56.66084325251903], [16.094348900159712, 56.660803704562454], [16.094730927511424, 56.66066811969183], [16.09490868197264, 56.66066502940631], [16.09541110410641, 56.66069169103623], [16.09560660960622, 56.66066517879397], [16.095737892700345, 56.66055802652508], [16.09588793840833, 56.660351089198855], [16.096076528327572, 56.66026714711501], [16.096363364733186, 56.66024494912831], [16.09660947840278, 56.6602380218177], [16.09695404835325, 56.66030460327114], [16.097147202817876, 56.66040566502168], [16.0973934542458, 56.66060713438848], [16.097676161350694, 56.660900985340284], [16.09810438734634, 56.66123496351214], [16.09854956137052, 56.66145758253243], [16.099033682390747, 56.66163152969264], [16.099741387020924, 56.6618373654123], [16.10018978442022, 56.66204997991527], [16.100360022952994, 56.66213039845611], [16.10115621930928, 56.66238538887195], [16.10152079267722, 56.662500377895924], [16.101585640687233, 56.662251429406275], [16.101736865700015, 56.661781459216115], [16.101887083638385, 56.66118025822061], [16.10199616949377, 56.66074174014513], [16.10211427279776, 56.66060765933884], [16.10245601395085, 56.66030963878174], [16.103266577107995, 56.659698813947706], [16.10353465769298, 56.659499984689674], [16.103697794806486, 56.659378977448064], [16.103881159183395, 56.659273511090355], [16.104544969700562, 56.65909227917367], [16.104855601984156, 56.658991879929964], [16.105090392083206, 56.6587775323487], [16.105484930078635, 56.65835902400304], [16.10572490317494, 56.65818873567059], [16.10591495179301, 56.658086798942804], [16.105928340076257, 56.65793765530555], [16.105572010841385, 56.65761618113102], [16.105217067780835, 56.65727753566873], [16.105094771492055, 56.65685840478153], [16.105219853741595, 56.65659589434489], [16.105475555949926, 56.656342914037744], [16.105785944982543, 56.65600994954359], [16.105909252086875, 56.65593510568079], [16.106834295505852, 56.655720011588976], [16.107388120223522, 56.65562076709265], [16.1079746262874, 56.655521498834716], [16.108642614012943, 56.655457972795226], [16.109310860490865, 56.65541249641354], [16.10978338434875, 56.65539409337126], [16.110193094847553, 56.6554261017864], [16.1106087856027, 56.65535035286114], [16.11094329545468, 56.65529966994381], [16.111340933558587, 56.655213927872296], [16.111729447743265, 56.655138148212416], [16.112063929772322, 56.65507749134127], [16.112271554797584, 56.65500718710401], [16.112587511128993, 56.65490672066963], [16.11282504087269, 56.65482878264347], [16.111360053763832, 56.65413572777059], [16.11095388464676, 56.654113931469354], [16.106325614516024, 56.649723286259785], [16.116370510890913, 56.647092372242895], [16.117047038687996, 56.64685921694919], [16.11745316401086, 56.64672289547249], [16.11762451410402, 56.64666009437911], [16.11868421098374, 56.64623826415887], [16.119629874078505, 56.64574459904338], [16.120820060175102, 56.64498157475503], [16.123249253062536, 56.64339271027248], [16.12484677502513, 56.642333488958606], [16.12489726899159, 56.64229970576392], [16.125074985693253, 56.642180873729544], [16.1253196243424, 56.64188465278954], [16.125922718707297, 56.64163324876918], [16.12618013352104, 56.641721018708175], [16.126264896830037, 56.64174989502542], [16.128383774606537, 56.64112139818884], [16.129078884861883, 56.640818660422426], [16.129084726639903, 56.640816182465215], [16.12965510968919, 56.64050190695165], [16.130241894709922, 56.64008004438569], [16.13072586204561, 56.639632883935775], [16.130747189229236, 56.639613196994425], [16.131056838979, 56.639424707712124], [16.131157171568663, 56.63943475554192], [16.131188188451016, 56.63943788696738], [16.131566190716182, 56.639475771934634], [16.13220006958733, 56.63933005507874], [16.132947000040296, 56.63910308881611], [16.133937788639535, 56.63882152672522], [16.13476657052005, 56.638621200816466], [16.135514015996833, 56.63844811174809], [16.136000647282494, 56.638257905482064], [16.137511633146925, 56.637875808792906], [16.138177716629155, 56.63770290709195], [16.138957932029275, 56.6375387499497], [16.13956003951846, 56.63748284470543], [16.14047091367108, 56.63734505944516], [16.1412338839982, 56.63710900288198], [16.141461185206055, 56.63702742006421], [16.142547240128433, 56.636538936765085], [16.143533608643075, 56.63588912884667], [16.14406508841083, 56.63533970237249], [16.144431835691133, 56.63463818000968], [16.143691471062013, 56.63421946503056], [16.143745668107126, 56.63418456270859], [16.144219791601085, 56.63393955272354], [16.144665224789236, 56.63367513268903], [16.14494473611456, 56.633418615685706], [16.145283742911143, 56.633049443634015], [16.145507673901903, 56.63283996773064], [16.145509342120945, 56.63283734680576], [16.14744378693836, 56.63299298817299], [16.147443976973094, 56.633012569540966], [16.14757032321141, 56.633003140528764], [16.14765375087266, 56.63299698135186], [16.148142349650318, 56.63292447420682], [16.148314647742815, 56.63292315423568], [16.148450610737907, 56.632920552048844], [16.148383930046784, 56.63317709021318], [16.148381600966502, 56.63318896975193], [16.148380547143553, 56.63319409987386], [16.148378423098215, 56.63320382028659], [16.148329508787402, 56.633545172971715], [16.148329074597722, 56.63354859027706], [16.148328555429682, 56.63357132194511], [16.148328417446766, 56.63357563499076], [16.14831905556528, 56.63391797043859], [16.14833239011717, 56.63421536059947], [16.148362541249288, 56.63455733146362], [16.148363275516868, 56.63456379189782], [16.14836434530086, 56.63457249541896], [16.148364813395503, 56.63457904905469], [16.148365274879417, 56.63458093069176], [16.148434762240633, 56.634921190882984], [16.148436488824036, 56.634929349259274], [16.148436944885564, 56.634931052149945], [16.148440245264958, 56.63494233976202], [16.14844192821568, 56.634949061882544], [16.148550579998474, 56.63528626521142], [16.148638599727363, 56.63554604695211], [16.14865160951814, 56.6355760194462], [16.148798846080656, 56.63590864543926], [16.148984225212143, 56.63623552833003], [16.148999908476885, 56.63626053630465], [16.149059934425146, 56.636346756692554], [16.14905572722426, 56.63636314414342], [16.14902189597856, 56.63659907825519], [16.14898027419695, 56.63665398898551], [16.148963806933978, 56.63667839436634], [16.148760686779788, 56.637002036498934], [16.148595270240584, 56.63733215784732], [16.14858326222179, 56.63735733064913], [16.148456313175878, 56.63769248585019], [16.148448759345115, 56.63771824736903], [16.14836064602192, 56.63805726604273], [16.148311724217905, 56.638398618499096], [16.14830888424371, 56.63842460516195], [16.14829952153641, 56.63876693945248], [16.148300984350488, 56.63879297626693], [16.148331004100612, 56.63913494812519], [16.148400635364112, 56.63947520680937], [16.148406799986734, 56.6395011103948], [16.148515466708297, 56.639838313444784], [16.14852792907129, 56.63986793160107], [16.148675181765462, 56.64020055745149], [16.14886386726587, 56.64056918076977], [16.148882335990358, 56.640601707514506], [16.14888876871562, 56.640614313906184], [16.14889931105634, 56.64063820132029], [16.14903439068508, 56.64090194990305], [16.14915932033935, 56.64114576060277], [16.149167327372698, 56.641161496200596], [16.1491892084436, 56.64120010011005], [16.14919463960937, 56.6412106501446], [16.149207923557764, 56.641240709882865], [16.149368598374718, 56.641554525461615], [16.14955401078858, 56.64188140797869], [16.14957254615757, 56.64191168872352], [16.149795258960012, 56.64223139892212], [16.149815916326684, 56.64225627099506], [16.150075089500028, 56.64256764841235], [16.150369600564378, 56.64286926837526], [16.150394658953005, 56.64289293077056], [16.150723540283963, 56.643183721948674], [16.151085134848845, 56.64346244159351], [16.151114447111055, 56.64348444815983], [16.151170600075005, 56.64352237541606], [16.151178414608623, 56.64353613692571], [16.151196046645275, 56.64356319218459], [16.151418783062443, 56.6438828993006], [16.151501779017018, 56.643994147713414], [16.15172440443585, 56.64429238632469], [16.1519836031279, 56.644603670640144], [16.152007865395046, 56.64463201213755], [16.152302409736084, 56.64493362638909], [16.15232731899169, 56.6449567515969], [16.152656228902366, 56.64524744673694], [16.153017859228527, 56.64552616052481], [16.153047022462758, 56.645547628940335], [16.153440128638003, 56.64581320452119], [16.153472872184295, 56.645833023313905], [16.15389593844077, 56.64608430640185], [16.154347054439572, 56.64632032619027], [16.15438323680749, 56.646338226068245], [16.154860626124435, 56.64655810102194], [16.15489984143964, 56.646573996875375], [16.155401725896812, 56.64677675484946], [16.155925925155994, 56.64696151746921], [16.155967896499025, 56.64697514121874], [16.156512377706584, 56.64714129797355], [16.15695648417003, 56.647257272947144], [16.15724893290877, 56.6473919032999], [16.157286846229404, 56.64740915732224], [16.157788754520773, 56.64761190554975], [16.157829557101046, 56.64762688635724], [16.158353781576423, 56.647811638618386], [16.158898285240525, 56.64797778482507], [16.15894171004042, 56.647990495578625], [16.15950431848267, 56.64813733764051], [16.15954981980788, 56.648147602967434], [16.160128230329722, 56.64827453224363], [16.160720136142, 56.64838103203769], [16.160767305943825, 56.648388676694175], [16.161339885415366, 56.64847002221558], [16.161370409962817, 56.64847431877449], [16.161377561559057, 56.648475059785504], [16.161921060724268, 56.64857284284395], [16.16196784761356, 56.64858111955254], [16.162570957326245, 56.64866675489263], [16.1626190050906, 56.64867232506317], [16.163230610043847, 56.64873676826554], [16.16384854738375, 56.648779680262834], [16.16390554023128, 56.64878309982579], [16.164527117575346, 56.648804415570844], [16.16516547992317, 56.64882494219099], [16.16522210699112, 56.648825220818075], [16.165844901049432, 56.64882486989047], [16.1664664815965, 56.64880269791014], [16.166514821379625, 56.648800269229284], [16.16713250856859, 56.64875657153126], [16.16718009601928, 56.64875154407184], [16.167791469119955, 56.64868634432006], [16.168020959282366, 56.64865346990583], [16.168259779256985, 56.64867000352306], [16.168315438281557, 56.6486737929744], [16.16877002640544, 56.648692073228354], [16.169059478192565, 56.64870202123965], [16.169391604640765, 56.648713363783095], [16.169447303034353, 56.648714098447435], [16.170070093306443, 56.648713726406], [16.17029430028141, 56.64870568993154], [16.17069167092027, 56.64869153423021], [16.170739217072843, 56.648689559708096], [16.171356897312865, 56.64864584197541], [16.171403965451937, 56.64864144581691], [16.1720153292046, 56.64857622535843], [16.172617962690477, 56.64848979387504], [16.172663875215665, 56.64848280434512], [16.17325536882742, 56.648375544734186], [16.17329986065372, 56.648366142476924], [16.17387780940218, 56.64823852592194], [16.174439801156584, 56.648090936761555], [16.17448246912522, 56.64807912540293], [16.175026376203142, 56.64791230072368], [16.175066824594044, 56.64789835467172], [16.175590241945592, 56.64771285652343], [16.176091310350074, 56.64750942168376], [16.176128999456488, 56.647493255162125], [16.176605593976358, 56.64727280230794], [16.176640266355918, 56.64725477824207], [16.17709053327349, 56.64701822367946], [16.17751248132469, 56.64676639439144], [16.177543736628007, 56.64674660633739], [16.177935783812906, 56.64648050580022], [16.177963492738286, 56.64645913393871], [16.1780270473131, 56.646410024772486], [16.178207652351226, 56.646302227243055], [16.17859968863352, 56.64603612464996], [16.178960248833967, 56.64575693519203], [16.178977003141483, 56.645742223914674], [16.179304637777822, 56.645450948076515], [16.17959804464695, 56.64514894712045], [16.179856049900994, 56.64483730968778], [16.18007761587649, 56.64451730370345], [16.1800886702565, 56.64450094009645], [16.18010026168684, 56.64448025961271], [16.180180448374383, 56.64447734308737], [16.180226880687883, 56.6444742981964], [16.1808444804428, 56.64443053279245], [16.18145575923776, 56.644365266278484], [16.181501439363263, 56.64435971231726], [16.182103985039877, 56.64427323520886], [16.182148517574266, 56.64426535676758], [16.182739917793654, 56.64415805240572], [16.1833177699212, 56.64403039323736], [16.183360750129502, 56.64402019307738], [16.183922641719256, 56.64387256052483], [16.183963534628685, 56.64386013471416], [16.18450733715072, 56.643693268042966], [16.18503064965052, 56.64350773051273], [16.18507583686457, 56.64349077196817], [16.18557679800489, 56.64328729925773], [16.186008315314012, 56.64310784204127], [16.186010569875897, 56.64310683223663], [16.186015076180276, 56.64310472280645], [16.186029135497517, 56.64309857085834], [16.1865056182954, 56.64287808040402], [16.186507602215116, 56.642877073169835], [16.186522045890005, 56.64287028766928], [16.18652721253191, 56.64286781343385], [16.186534625245802, 56.642864059921784], [16.186539653730073, 56.642861496256565], [16.18654600460369, 56.64285820210343], [16.18699615700986, 56.64262161202357], [16.187310032162696, 56.64245153611622], [16.18731161620299, 56.642450622530674], [16.187316634921494, 56.642447699535744], [16.187329708007628, 56.64244011928152], [16.187646078304297, 56.64225115428552], [16.187760587722853, 56.64219814053659], [16.187796603484852, 56.64218037002011], [16.18824673998375, 56.641943775458394], [16.188668556973884, 56.641691908700345], [16.188706560993072, 56.641668998507086], [16.189054779940097, 56.641437146861065], [16.189446691001628, 56.64117101041633], [16.189480332759533, 56.641146255759], [16.189527982820994, 56.64110941927732], [16.189699339457356, 56.641008699376584], [16.19012113634787, 56.64075682774252], [16.190157243278037, 56.64073348689081], [16.190549137669386, 56.64046734702361], [16.190909559379367, 56.640188213120545], [16.190936707082933, 56.64016648336567], [16.191082543543434, 56.64003699112733], [16.191110449676042, 56.64003079594206], [16.191672253042782, 56.6398831286737], [16.192215964110076, 56.639716229500934], [16.192739183519524, 56.639530659835415], [16.193240050778268, 56.639327156548845], [16.19371644222371, 56.63910663785316], [16.194166505025485, 56.63887002207711], [16.194588248266022, 56.63861813544472], [16.194980091193617, 56.63835198264279], [16.195340460017334, 56.638072835139376], [16.19566790227385, 56.637781516689365], [16.195961119160664, 56.63747947759856], [16.19621893753876, 56.63716780666077], [16.19644032213264, 56.63684777191994], [16.1966242361511, 56.63652064141133], [16.1967700532015, 56.63618776814739], [16.19677017426542, 56.63618731774391], [16.19678808471648, 56.63614582448803], [16.19689530741681, 56.635808471241], [16.196920899671788, 56.635703842547585], [16.196988905768965, 56.63536354282353], [16.197017596887964, 56.63502146569125], [16.19700675672241, 56.63467913888129], [16.196995903025485, 56.63458258667133], [16.196945571132176, 56.63424126945833], [16.19685606564546, 56.63390248436427], [16.19672755983709, 56.63356739766768], [16.196682659165397, 56.633473957165776], [16.19651587465099, 56.633144089168674], [16.19631138925132, 56.632820692087456], [16.19606991625312, 56.632505105707864], [16.195992830897666, 56.63241826270267], [16.19571548937836, 56.63211173376498], [16.195403392551988, 56.631815509360656], [16.19505778752585, 56.63153065453477], [16.194951443956313, 56.63145370375884], [16.194573717737487, 56.63118164217161], [16.194165374413295, 56.63092316802429], [16.193728067280627, 56.63067952393023], [16.193263439220875, 56.63045167946638], [16.193257838612496, 56.63044885892784], [16.1929648664843, 56.630263474721865], [16.192932669138926, 56.63024420008488], [16.19249537777565, 56.63000055066945], [16.19246001410048, 56.62998310320868], [16.192260951445334, 56.62988547949184], [16.19202202680157, 56.62973424854002], [16.19198929546649, 56.62971506952326], [16.191552016303667, 56.62947141672213], [16.19108741622025, 56.629243564873235], [16.19105138369841, 56.629226213266456], [16.19056150428099, 56.629014950126866], [16.190522579494896, 56.62899969164013], [16.190009330952872, 56.628805897099284], [16.18947488857626, 56.62863044870796], [16.18945819007646, 56.628625218326626], [16.189442830001052, 56.628615483654855], [16.189410112243397, 56.62859666323055], [16.188972862610253, 56.62835300120187], [16.188508291772386, 56.62812513956328], [16.188472410867682, 56.628108235010465], [16.187982560263006, 56.62789696066442], [16.187943915035966, 56.62788196915386], [16.18743069481549, 56.627688163827], [16.18689628012222, 56.62751270421647], [16.18685515147956, 56.62749989150618], [16.186301446817865, 56.62734347688635], [16.18625823964156, 56.62733292999039], [16.185687679510607, 56.62719607687109], [16.185102438002758, 56.627079483288675], [16.185057688569998, 56.627071195963275], [16.185010945946548, 56.62706364638362], [16.184965641020415, 56.626891784591365], [16.184837265094945, 56.626556684715084], [16.18482690267385, 56.62653055318235], [16.18466025282716, 56.6262006683843], [16.18464520642653, 56.62617512051073], [16.184440725515426, 56.625851703386346], [16.184199531822028, 56.62553609175053], [16.184179947925102, 56.62551157532438], [16.183902753230534, 56.62520501912635], [16.183878769681822, 56.62518162178419], [16.18356682311869, 56.62488536675673], [16.183221369262363, 56.62460047903687], [16.183193403101082, 56.62457864684448], [16.182815827533595, 56.62430645882506], [16.18278401365882, 56.62428619052681], [16.182549684216482, 56.624137773109496], [16.182555477025602, 56.62406944715427], [16.18255506112446, 56.624043220917045], [16.182544356400374, 56.623700892601676], [16.182494170663816, 56.623359567464675], [16.182489188870463, 56.623333474458086], [16.18239983990815, 56.62299467774639], [16.182390167143325, 56.62296898869733], [16.18226182779156, 56.62263388580717], [16.182095217906056, 56.622303997207645], [16.182081130156803, 56.62227897900733], [16.181876827895458, 56.621955556907025], [16.18163554558866, 56.62163994120086], [16.18161705193398, 56.62161577251708], [16.18133990691862, 56.62130921021807], [16.181317147602865, 56.621286160159606], [16.181005255192257, 56.6209898982978], [16.180659856514165, 56.62070500306548], [16.180628828280888, 56.620679695290974], [16.180326361361764, 56.62045691248575], [16.179948847887708, 56.62018471623383], [16.179913854733, 56.6201614225334], [16.179891782381173, 56.620147439444004], [16.17985799070544, 56.619917167004715], [16.179833904137983, 56.61982136683923], [16.17974458765822, 56.61948256790057], [16.1796162839857, 56.61914746285006], [16.179449712895966, 56.61881757036825], [16.17939230671625, 56.61872621892346], [16.17918804696016, 56.618402791155056], [16.178946810083435, 56.61808716987247], [16.178936510766803, 56.61807576961389], [16.178979775484326, 56.61786003827346], [16.178997865746627, 56.617754945168556], [16.179026708453836, 56.617412870621585], [16.17902672543323, 56.61739616234055], [16.17901605530672, 56.617053832324075], [16.17896591104971, 56.616712506135904], [16.17894651654147, 56.61660758847351], [16.17885721760841, 56.61626878864608], [16.178728933070715, 56.615933682432775], [16.178562384234453, 56.615603788505105], [16.178510995322434, 56.61551130147692], [16.178421668476897, 56.61536985708661], [16.17841321739818, 56.615098561280305], [16.17837041595155, 56.614807200677696], [16.17837656238457, 56.61479312888436], [16.17838662290303, 56.614766713548825], [16.17849395193105, 56.614429374592575], [16.178562088302577, 56.61408908327244], [16.17856730089224, 56.61406235444459], [16.178596146732303, 56.613720278879256], [16.178596382531847, 56.61369332764528], [16.178585717825392, 56.61335099826898], [16.178535582781283, 56.613009670772776], [16.178530985164873, 56.61298285606359], [16.178441697287667, 56.61264405481007], [16.178430659052946, 56.61261316808845], [16.178302391121743, 56.612278061174734], [16.17809357876273, 56.611815618698465], [16.17809299927981, 56.611814276465374], [16.17789291306498, 56.61136441779328], [16.17772639215674, 56.611034522395045], [16.177710283719886, 56.61100476087716], [16.177506079284843, 56.61068133063513], [16.177487710531427, 56.61065662196776], [16.177246539688138, 56.610340996724624], [16.176969513782094, 56.610034423659606], [16.176946883585376, 56.61001092235057], [16.17683986843912, 56.60990916915971], [16.176849289157737, 56.609862189278765], [16.17686348182181, 56.60975695443368], [16.176892340315828, 56.609414878980225], [16.17688169275453, 56.60907254915752], [16.176881166531984, 56.60905997810856], [16.176879789886062, 56.60905028934176], [16.176879111667738, 56.60903277898818], [16.176828998258223, 56.608691450484], [16.176807473560263, 56.60859544661565], [16.17671821201113, 56.60825664468203], [16.17658997448381, 56.60792153475042], [16.176423480468472, 56.60759163731946], [16.176368639967556, 56.60749990079856], [16.176164466289194, 56.607176468050106], [16.17592332902086, 56.60686083993149], [16.175780449861065, 56.60670265253532], [16.176072510261154, 56.60650424347057], [16.176432716389606, 56.606225060157605], [16.176760033781655, 56.60593388035597], [16.176855657731227, 56.605842427883985], [16.177148781348098, 56.605540431988274], [16.17740654116819, 56.60522879870496], [16.177448735173062, 56.60517746540622], [16.177669960322106, 56.60485746383247], [16.177731328539313, 56.60475753159055], [16.17791538763034, 56.604430424868966], [16.177921405816356, 56.60441662382589], [16.17796500674874, 56.6043716562307], [16.178030253197083, 56.604292796016026], [16.178347802239298, 56.60407707157447], [16.178373252917442, 56.60405751766488], [16.178384595620837, 56.6040507623679], [16.17841525848506, 56.604030350447324], [16.178806862137243, 56.603764337050194], [16.17916702221178, 56.603485146788756], [16.17919846435923, 56.60345960683795], [16.17952573837337, 56.6031684198037], [16.179813500795333, 56.60290689078634], [16.17992015087575, 56.60282494322238], [16.18028029382094, 56.60254574886913], [16.18028685120188, 56.602540656059276], [16.18046260270562, 56.60240047141936], [16.180490709190117, 56.60237568066625], [16.180519987569035, 56.60234971165857], [16.18075874999966, 56.602166977638355], [16.1811188805591, 56.60188778177808], [16.181150283602406, 56.601861072760045], [16.181477528903486, 56.601569881535085], [16.181770582867784, 56.601267874835436], [16.18179306246137, 56.60124358646792], [16.18205075350131, 56.60093194364555], [16.182068627422204, 56.6009064420107], [16.182289788927434, 56.600586432270845], [16.18234182996482, 56.600493772287976], [16.18255239835854, 56.60035073789788], [16.18291249686243, 56.600071536008734], [16.182945430685812, 56.60004229800605], [16.183092599879647, 56.599942264895034], [16.18311974883465, 56.599921346099265], [16.18347984071786, 56.59964214256765], [16.183807049035185, 56.599350944368204], [16.18383053153763, 56.59932880242604], [16.184123551174245, 56.599026790210715], [16.18414310063294, 56.599003427768366], [16.184400758887875, 56.59869178009563], [16.184621887964735, 56.59837176713129], [16.18463724393977, 56.59834745620825], [16.1848212128262, 56.59802034021355], [16.18483238253141, 56.59799535034942], [16.18497816131764, 56.59766248904205], [16.18508524997982, 56.59732514611742], [16.185091976413293, 56.59729974931344], [16.18516015819381, 56.59695945255957], [16.18516284360896, 56.596929423935784], [16.185191485387282, 56.59658734838554], [16.18519291687645, 56.59616549250244], [16.185182199615557, 56.59582316296883], [16.185179487072205, 56.59579228728578], [16.185129451526816, 56.59545096037598], [16.185040014662796, 56.59511216516091], [16.18503301544866, 56.59508591167515], [16.18490488414167, 56.59475080846422], [16.184893338285406, 56.59472513736933], [16.18472683166341, 56.59439525042087], [16.184522525456675, 56.5940718319928], [16.18450629939074, 56.59404683436789], [16.184265311416063, 56.593731220432375], [16.184244821629765, 56.593707250799945], [16.18396786281221, 56.59340069224017], [16.183656180836007, 56.59310443486363], [16.183631569746925, 56.593081762225715], [16.18328641167208, 56.59279696097497], [16.18325781530205, 56.59277567390054], [16.182880559619864, 56.592503484293424], [16.18247271926545, 56.592245057967816], [16.1824404151358, 56.59222542322549], [16.18243918469459, 56.59222471613569], [16.182448709440916, 56.59219435299744], [16.182458133081617, 56.59214782081714], [16.182526331535318, 56.59180752515418], [16.18255499226957, 56.59146544986643], [16.182557334444827, 56.59135987647393], [16.18254664296162, 56.591017546348446], [16.1824966396596, 56.59067621798169], [16.182407238187086, 56.590337420473276], [16.182375132393002, 56.59024241634407], [16.182247043172428, 56.58990730995764], [16.182080446196696, 56.589577420316225], [16.18187632420499, 56.58925399580985], [16.18181121657942, 56.58916415602463], [16.181570282624964, 56.588848536402246], [16.181293381450473, 56.58854197141503], [16.180981762415605, 56.58824570594353], [16.180886319337297, 56.58816468750912], [16.180541228754574, 56.58787987813292], [16.180164041738514, 56.58760767979337], [16.17975627298255, 56.58734924406611], [16.17963381406423, 56.5872800686771], [16.179196972552678, 56.5870363697621], [16.178733102719445, 56.586808376707275], [16.178243843439557, 56.58659706111925], [16.17809941478583, 56.58654228480549], [16.17758681043754, 56.586348524920986], [16.177475169878484, 56.58631185366336], [16.177053026890718, 56.586173019302464], [16.17704381064622, 56.586170232273574], [16.17702549765282, 56.58616420694277], [16.176992697240816, 56.586154277329484], [16.176439636900017, 56.58599772533002], [16.1764281414016, 56.58599504966318], [16.176410936398867, 56.58599009194249], [16.175841039069752, 56.58585327989612], [16.17567981682497, 56.58581518896107], [16.175420019716753, 56.58576329792], [16.175174366057515, 56.58562629236745], [16.174921044570308, 56.58550175604251], [16.175182789817477, 56.58540882386378], [16.175413094269125, 56.585315200831964], [16.175534331700348, 56.58531091121048], [16.17615097187108, 56.58526708368541], [16.176199578933897, 56.58526294023824], [16.176809912123186, 56.585197699819766], [16.17685749890437, 56.58519096106475], [16.177459118474587, 56.58510460017806], [16.17804961043715, 56.584997320841595], [16.178095638228523, 56.584987901824164], [16.178672601472346, 56.58486017597142], [16.179233638424755, 56.584712567625125], [16.179277837928808, 56.584700559897925], [16.179820816862353, 56.58453371643626], [16.179862527733242, 56.58451939694667], [16.180385049310672, 56.58433388048636], [16.18063495503743, 56.584232245719164], [16.181053356227288, 56.58412218381353], [16.181596318976823, 56.583955332652], [16.182118824218488, 56.58376980895858], [16.182146971982895, 56.58375974973494], [16.18264716588831, 56.583556379912], [16.1831229223429, 56.583335903358396], [16.18357239090855, 56.583099236446124], [16.18359615147466, 56.58308625453892], [16.184017349254415, 56.58283440378], [16.1844086977998, 56.58256837291363], [16.18476861528568, 56.58228916652163], [16.18479621203744, 56.58226581705471], [16.184796867379802, 56.582265271720644], [16.18512391559127, 56.58197406993649], [16.185416792492514, 56.581672054444944], [16.185471247731755, 56.58160613915283], [16.185675777414982, 56.581423990125245], [16.18570016608771, 56.58140112027564], [16.185993032380654, 56.58109910345272], [16.186016582571966, 56.58107094136959], [16.18627410538081, 56.580759289502424], [16.186595575542707, 56.580320725955275], [16.18681657804518, 56.58000061796155], [16.18683549751611, 56.579970343537816], [16.18701936309649, 56.57964331361192], [16.187033393953197, 56.57961128974269], [16.187068815920806, 56.57961499392494], [16.18768565077046, 56.5796578824778], [16.188306104630882, 56.57967908438545], [16.188481113562204, 56.579682083256934], [16.18910276576582, 56.57968153087835], [16.189723199479403, 56.57965933803155], [16.190339728694507, 56.579615439690855], [16.190512535200032, 56.579599593069965], [16.191122751623023, 56.57953428194337], [16.191724246396404, 56.5794478516062], [16.19231461068906, 56.57934050497079], [16.192478514279223, 56.57930632558689], [16.193055343455406, 56.579178533449316], [16.19361623799103, 56.57903086069582], [16.194159071949606, 56.578863954195974], [16.194321347580583, 56.578808049109774], [16.19484371908036, 56.57862247146791], [16.195343776659527, 56.57841905098848], [16.195451201108245, 56.57837337347769], [16.195926817655373, 56.57815284745371], [16.196066153543363, 56.57808054224131], [16.196515478666345, 56.577843828061376], [16.19693653213961, 56.577591933948185], [16.197327735773627, 56.57732586371822], [16.197429549783728, 56.57724726938907], [16.19778932239326, 56.576968025683065], [16.198116226717588, 56.57667679008802], [16.19840895761941, 56.5763747443736], [16.198666346737596, 56.576063067179824], [16.198738455820894, 56.57597487738458], [16.19895933342087, 56.57565483795443], [16.199143070797653, 56.575327699692295], [16.199288637513554, 56.57499482223269], [16.19932807179612, 56.574900658662656], [16.1994349709137, 56.57456330208216], [16.199502985629888, 56.57422299695926], [16.199531616930443, 56.57388091531233], [16.19953701407972, 56.573784295562824], [16.19952617632987, 56.57344196657393], [16.199475910460766, 56.573100645937004], [16.199386400952296, 56.57276186015901], [16.1993576120188, 56.572666468618934], [16.199229434387696, 56.57233137917526], [16.199062902671265, 56.572001510377014], [16.19885860063647, 56.57167820417999], [16.198796685478893, 56.57158771326822], [16.19855572142446, 56.57127203597753], [16.19827881374603, 56.57096550799305], [16.19796720892897, 56.57066928420689], [16.197866005240083, 56.570579800285245], [16.197520948020383, 56.57029503710932], [16.1971438165203, 56.57002288928503], [16.197110721439262, 56.56999913291681], [16.19670302903768, 56.569740752619516], [16.196572032530945, 56.569663860080915], [16.196135422593528, 56.56942021828612], [16.19612179056869, 56.56941352270706], [16.196042911031547, 56.56936352676684], [16.19591994043131, 56.56928997060552], [16.195789205199148, 56.569217028088545], [16.195764309120214, 56.569040480986516], [16.19582179243827, 56.56885900950191], [16.195894052405432, 56.568771538558906], [16.19590560789553, 56.568754988680965], [16.19612646824811, 56.56843495399281], [16.19631019599162, 56.568107819586615], [16.19645576075051, 56.56777494417635], [16.196562801312336, 56.56743758926013], [16.196570691049697, 56.56741119301377], [16.196638719529513, 56.56707088811981], [16.196643611732878, 56.56703032819019], [16.196672264314227, 56.566688246726486], [16.196661455351325, 56.56634591698612], [16.196659793711255, 56.56631880401289], [16.196609563973727, 56.56597748168429], [16.19652009776105, 56.565638693282736], [16.19639196817558, 56.56530360035188], [16.19638430599365, 56.56528615714284], [16.19630200684136, 56.565123277611164], [16.19625243514751, 56.56478563257368], [16.196216108909763, 56.56463380951717], [16.19612664951882, 56.564295019834084], [16.195998528140382, 56.56395992729098], [16.19595559352363, 56.56385802306707], [16.19578913011304, 56.56352814915038], [16.195584899765606, 56.56320474701041], [16.19534401946365, 56.562889152562676], [16.19527283392555, 56.56280180298677], [16.19499601551926, 56.56249526690968], [16.19492283849226, 56.56242563291555], [16.19479810605874, 56.56209957860239], [16.194631660632503, 56.56176970296949], [16.194617694387723, 56.56174378637485], [16.19441348663301, 56.561420471060515], [16.19439485147963, 56.56139540793463], [16.194153989928775, 56.561079721179404], [16.19408128177681, 56.560999213172536], [16.194092894902795, 56.560861031724315], [16.194098418103792, 56.560763781928195], [16.194087634779244, 56.56042145064014], [16.194037438387618, 56.5600801277064], [16.193948009780613, 56.559741336982974], [16.193916133395707, 56.55963663127761], [16.193788047807946, 56.559301535163314], [16.193720823847077, 56.559165009188504], [16.193555410223325, 56.558837367502626], [16.193754067017696, 56.55879333000546], [16.19431465821874, 56.55864565400197], [16.194357352965955, 56.558633835728145], [16.19489989276451, 56.55846692669338], [16.194940237544195, 56.55845288547776], [16.195462326851548, 56.558267305828174], [16.195962112439936, 56.5580638833627], [16.195999836739574, 56.558047620782204], [16.196475196704352, 56.55782709393306], [16.1965099104616, 56.55780897333955], [16.196958994287115, 56.557572258716014], [16.19737982149286, 56.55732036325149], [16.197411123723395, 56.55730047827766], [16.197802116572312, 56.55703440659436], [16.19816169662264, 56.55675516083695], [16.19818918848473, 56.55673360615108], [16.198515917383272, 56.55644236931881], [16.19853961067132, 56.55641950343726], [16.198832185621324, 56.556117456414114], [16.199089434388085, 56.555805777953786], [16.199108931594218, 56.55578169544186], [16.199329690763673, 56.55546165483874], [16.199344859709626, 56.55543653495562], [16.19952850104557, 56.55510948622287], [16.19967398916655, 56.5547766066892], [16.19968457891366, 56.55475090290429], [16.199791422144713, 56.55441354517768], [16.1997974370836, 56.55438743628758], [16.199865414852, 56.55404713004511], [16.19989403016125, 56.55370504729953], [16.199895474846645, 56.553678623116944], [16.199884642116945, 56.553336293058514], [16.199881261002965, 56.55331000530254], [16.19983102113418, 56.55296868362172], [16.199741558469206, 56.55262989683211], [16.199733627470987, 56.55260392252838], [16.19960551516891, 56.552268832151334], [16.199593040014538, 56.55224335093455], [16.19949743595716, 56.552053832018764], [16.199453423966013, 56.551938913809195], [16.199441752413435, 56.55191342482325], [16.199275312610418, 56.55158355485682], [16.199071121188087, 56.551260247507386], [16.19905504776625, 56.55123551973743], [16.198814213244038, 56.55091984139411], [16.198793879672003, 56.55089614211645], [16.198517121149923, 56.55058961305459], [16.1982056841481, 56.55029338911081], [16.198181231565464, 56.55027089747599], [16.197836358902162, 56.549986133491046], [16.197808194376172, 56.549965025289104], [16.197431265032442, 56.54969287661773], [16.197023790661135, 56.549434494733205], [16.19699192316529, 56.54941503929114], [16.196555545485523, 56.54917139722052], [16.196520380719317, 56.549153679632774], [16.196340538272874, 56.54906530992084], [16.19637432626324, 56.54903516112349], [16.196444475547757, 56.54896280074938], [16.19647056616761, 56.54893946289722], [16.19647147615644, 56.548938556545856], [16.196487130753805, 56.54892457179935], [16.196779663493682, 56.54862252943809], [16.196858370617043, 56.54853661175284], [16.197115585099827, 56.548224937150735], [16.19712225182215, 56.54821517103852], [16.1972333408596, 56.548139631488695], [16.197526361251825, 56.54798508429275], [16.19794707915907, 56.54773318698912], [16.19798418367631, 56.54771037250296], [16.198616151942623, 56.54728045821118], [16.199007033927188, 56.547014381888715], [16.19904017936848, 56.54698944888652], [16.199399656038853, 56.54671019954395], [16.19972629031283, 56.54641895947151], [16.199750781587063, 56.546396085583595], [16.200043269007505, 56.54609403561321], [16.200047794121158, 56.54608869172232], [16.200100792439816, 56.54607237017901], [16.200622686634514, 56.54588677021885], [16.200663267158806, 56.545872184763404], [16.201162862143722, 56.5456687417987], [16.201200557713197, 56.545652028561086], [16.201675732800357, 56.54543148217825], [16.202124638610336, 56.54519474828845], [16.202164855167187, 56.54517297971285], [16.202602236705154, 56.54491138371516], [16.203022886854527, 56.54465946939662], [16.20305849058409, 56.54463603803404], [16.203449314218812, 56.5443699478785], [16.203808732096963, 56.544090686826024], [16.203835405581373, 56.54406904885836], [16.203859011680088, 56.544047978790736], [16.20390111725991, 56.54403086260472], [16.203938412459706, 56.54401433209344], [16.20441355109961, 56.54379377534167], [16.20486242044628, 56.543557031657635], [16.204902237798038, 56.543535445740986], [16.20533260474421, 56.543277950180624], [16.205411699276727, 56.54323056034668], [16.205421455095223, 56.54322525537349], [16.2058507606627, 56.54296830735725], [16.206271367718088, 56.5427163821508], [16.20627570322979, 56.5427135547458], [16.2063582185061, 56.54266415530744], [16.206440207220094, 56.54261503047172], [16.206446140939647, 56.54261182904899], [16.206875967518013, 56.5423548714354], [16.20688952181975, 56.5423467450302], [16.206925856584697, 56.54232537196261], [16.20695223174887, 56.54231137159633], [16.206954078199157, 56.54231036532367], [16.20717194967344, 56.542232791313054], [16.20767146335282, 56.54202932240792], [16.208146555387508, 56.54180875151506], [16.208242436977763, 56.54176227574814], [16.208691258375193, 56.541525518364935], [16.20892147998512, 56.54138970027236], [16.209268294471677, 56.5413061080681], [16.209313778093268, 56.541294166611564], [16.209337597883888, 56.5412883659856], [16.209386869865515, 56.54127746583413], [16.20996777142052, 56.54113742441071], [16.210011791483705, 56.54112585723983], [16.210035744349245, 56.54112005428471], [16.21008647909756, 56.54110878111341], [16.21066777129362, 56.540968552883946], [16.210754212449967, 56.54094579210068], [16.210766586252205, 56.54094270743095], [16.210771645529437, 56.54094157995341], [16.21077603783742, 56.540940548822334], [16.211356270671338, 56.54080086675698], [16.211408136369858, 56.54078724593396], [16.211430489514782, 56.54078172874597], [16.211475498406376, 56.54077176780421], [16.212054863909056, 56.540630294809404], [16.21217590511473, 56.54060342193182], [16.21275311073669, 56.540461697166364], [16.2127811711241, 56.54045432705584], [16.212813375539902, 56.54044655710386], [16.21286570494198, 56.54043490693044], [16.213452796015094, 56.54029631609773], [16.21350160075809, 56.54028344307214], [16.213520098869637, 56.54027904043816], [16.21358587705969, 56.54026438436429], [16.21415484166795, 56.5401252483769], [16.214198989702542, 56.54011358860801], [16.21422440886042, 56.54010750096477], [16.21427207701665, 56.54009688497358], [16.21485280313624, 56.539956642507114], [16.214865303838515, 56.53995337648591], [16.214880075238952, 56.53994981871966], [16.214979406960982, 56.539927736711846], [16.215550306537704, 56.53979073174451], [16.215570680671217, 56.53978622060513], [16.215618738063167, 56.53977523998932], [16.21562007068252, 56.53977495740698], [16.21568624588804, 56.5397602073769], [16.216349695072942, 56.539594715019895], [16.216909914191383, 56.5394469382774], [16.216959219830866, 56.53943307063094], [16.217501385381055, 56.53926606496168], [16.21754129527471, 56.53925192972279], [16.218063009748967, 56.53906625710747], [16.218562422946704, 56.538862744762085], [16.218599715273296, 56.53884647845309], [16.21907470358505, 56.538625866122885], [16.2195234200316, 56.53838907085622], [16.219557701857116, 56.53837094785162], [16.219978168324953, 56.538118976675015], [16.220009039755706, 56.53809909002786], [16.220399677082767, 56.537832948003036], [16.22075890984321, 56.537553637540874], [16.220786109688497, 56.537532170363896], [16.22111250096084, 56.537240874723125], [16.221135767202448, 56.537218008521485], [16.221428015548423, 56.5369159088205], [16.221684951645546, 56.536604184006706], [16.22170415779937, 56.53658019045646], [16.221924613431817, 56.53626002024484], [16.221939503224046, 56.53623525954832], [16.22212285579043, 56.53590808787024], [16.222268075643093, 56.535575182045356], [16.222278512848455, 56.5355495674954], [16.222304556585335, 56.53546729482243], [16.220137976318004, 56.53333110577113], [16.21945175887047, 56.53031833987711], [16.21930254447197, 56.529663226722136], [16.216685073073297, 56.51816629379754], [16.216685205056447, 56.51816620265531], [16.216684804975348, 56.518166296422876], [16.21668507019505, 56.51816620397594], [16.27965337576205, 56.495894774059], [16.252852866721316, 56.431074659739], [16.250563064368507, 56.425525943432966], [16.156172235451123, 56.45295157557512], [16.1550469279004, 56.45330943057042], [16.13555196939703, 56.45821057026666], [16.132325619056985, 56.46065569394211], [16.130838943046687, 56.460680114237505], [16.129767514019807, 56.460668669383615], [16.12827414798298, 56.460648025273414], [16.12640587683588, 56.46063822114261], [16.1135931657247, 56.46383645461814], [16.11325917135253, 56.46396153089738], [16.111857476489092, 56.4644531600838], [16.111611028011936, 56.46452426783513], [16.111572656927915, 56.46453934307163], [16.111287439635095, 56.4646302900691], [16.110825994556343, 56.46479566663756], [16.110399531857375, 56.46495381110307], [16.10984674269899, 56.4651400327968], [16.109110651896497, 56.465364989272786], [16.10800484135047, 56.46567992882177], [16.1075573487255, 56.46579683959039], [16.106744949793118, 56.46597593061245], [16.106174168696555, 56.466119895431355], [16.105598453441495, 56.46627378404666], [16.104219920229443, 56.46656443714716], [16.103204677964342, 56.46676516176596], [16.102627380087917, 56.46689290894729], [16.102001432705446, 56.46706474380999], [16.1011840551934, 56.46724473992194], [16.100750912403758, 56.46728074051897], [16.100238472159244, 56.46729139149764], [16.09859689854623, 56.467634348446694], [16.09477833875061, 56.46880587421457], [16.09447071237863, 56.46887874399869], [16.09289865925741, 56.469027337277254], [16.09289086536083, 56.46893775459741], [16.09292185378812, 56.46876779219222], [16.09301793555483, 56.46865528659976], [16.093132695400897, 56.46853138805805], [16.093183250173578, 56.46837634433236], [16.093173828474974, 56.46823476422193], [16.093150709369908, 56.468100940970956], [16.092952035591747, 56.46812721340667], [16.092846885164086, 56.46818024060434], [16.092688743375945, 56.46821504999412], [16.0925528550855, 56.468251100044945], [16.092476469767586, 56.46830378394874], [16.092436229145573, 56.46837070261877], [16.092387511086464, 56.4684453312256], [16.092268271815552, 56.468492553645234], [16.092104578536265, 56.46849722726229], [16.091894078367826, 56.46845200767736], [16.091658622210616, 56.46843727907018], [16.091367189830493, 56.46841217393654], [16.091045876848632, 56.46837196832782], [16.090747860948333, 56.46830397989194], [16.090488741692816, 56.46822010884988], [16.09009407599753, 56.46803016936155], [16.089989410877926, 56.46803953226502], [16.08983187898052, 56.468072355975735], [16.089560630921014, 56.46810231395547], [16.089321575536268, 56.46812067152785], [16.089135058391324, 56.46809949068578], [16.089028317732254, 56.46804571977211], [16.08896165506769, 56.467961325362225], [16.088893660355257, 56.46784433283188], [16.088778150231214, 56.467783452499305], [16.08855874771844, 56.467726178451265], [16.0882746676649, 56.467667762921906], [16.087853872480377, 56.467583776014806], [16.087640611138948, 56.46754926277893], [16.087475134300078, 56.46755700079681], [16.087219076392927, 56.46762661650013], [16.08684266159533, 56.46771866484311], [16.086633323303744, 56.467765232918026], [16.086453541355684, 56.46779698918079], [16.086298346433836, 56.46778047079089], [16.086109635409155, 56.467738554012456], [16.085901778606853, 56.46774800748628], [16.085645432610438, 56.467784294794406], [16.085400240076734, 56.46785965099086], [16.085269106181983, 56.467959340857206], [16.08526600876073, 56.468075968413046], [16.085329382618998, 56.46819084689339], [16.085282231271368, 56.468311541539904], [16.085174572933944, 56.46837087262688], [16.0850681661316, 56.46856799299066], [16.084989746801334, 56.468690488199165], [16.084735606984047, 56.468743373652615], [16.084384992288363, 56.46886303589239], [16.084063492027685, 56.46894291842084], [16.08375799508265, 56.46897379163513], [16.083545906400296, 56.468947706009885], [16.083304281164068, 56.46885261775514], [16.08308661980476, 56.468823525110835], [16.08284061845398, 56.46884264864778], [16.08243535623196, 56.468885977353594], [16.082055386873876, 56.468933845396755], [16.081287941348336, 56.469062251287035], [16.08050275458072, 56.46922126015273], [16.07978971833236, 56.46934765668661], [16.07937310135599, 56.46943922316524], [16.079186490791475, 56.469419465769185], [16.078860662972353, 56.469290694961444], [16.078540526496262, 56.46917840334883], [16.078264849478774, 56.46901964227929], [16.078104972428342, 56.46879070506298], [16.078120939180376, 56.468659863393086], [16.078135175867313, 56.46849157698431], [16.078037815871944, 56.46837160000733], [16.077893758515984, 56.46828041519483], [16.077749438128308, 56.46821303793672], [16.077689987373265, 56.468131897603136], [16.07762403253544, 56.46804793943022], [16.07747032385327, 56.46797507360993], [16.077212159927154, 56.46794272913714], [16.07692390460351, 56.467963195894576], [16.076622618196698, 56.46802931842554], [16.07640985964395, 56.468111651471936], [16.076153133642148, 56.46812537576566], [16.076003538042144, 56.46808903285471], [16.075847465253855, 56.46799875846085], [16.075729957628933, 56.46791380841996], [16.075530691983136, 56.46789110125501], [16.075216079056226, 56.46789777865448], [16.07495063924248, 56.467925229345845], [16.074639888264265, 56.468002209944935], [16.074354608772165, 56.46809971902598], [16.073982369865792, 56.46826032212531], [16.07371952478906, 56.46838925703055], [16.073472527645517, 56.468472778673785], [16.07325220839483, 56.468505674858996], [16.073033569971322, 56.46851277493062], [16.07286849544771, 56.468482760688445], [16.072655872354748, 56.46841363167133], [16.07232919982498, 56.468320245256166], [16.0719994794353, 56.46821835047167], [16.07173796016889, 56.46816185878822], [16.071424981054033, 56.46814578523028], [16.070981854537152, 56.468161197061534], [16.070491778626227, 56.46816344675477], [16.06984770037485, 56.46814375618423], [16.06965986003042, 56.4681036929045], [16.06935960415683, 56.46800692732471], [16.069109595014393, 56.46793586804931], [16.068900794617065, 56.46785951362788], [16.06881721417279, 56.46780489804289], [16.068672501682933, 56.46766097698104], [16.06852722088088, 56.467501521312265], [16.06844318482703, 56.46744017164644], [16.068335223892326, 56.46742286496846], [16.06817606627724, 56.46740788549382], [16.067979564180828, 56.467373733479256], [16.06788348526749, 56.46732677027439], [16.06781371433313, 56.467234755227864], [16.067687435730228, 56.46716083283965], [16.06758606578394, 56.46712559254113], [16.06745886537645, 56.46714761647867], [16.0670776042323, 56.46723533451957], [16.06702213354986, 56.46729042846658], [16.066972086021863, 56.467367123922905], [16.066843439146275, 56.46741395339556], [16.066593609602755, 56.46743496446362], [16.066484572185995, 56.467412634800965], [16.066345583261995, 56.46735319332893], [16.06618213802087, 56.46729980008583], [16.06588699683013, 56.46729901070343], [16.065449101443868, 56.46732890980479], [16.065197121263793, 56.467368710393984], [16.06488799971465, 56.46750449082461], [16.06449949338692, 56.467639783087655], [16.064223827075008, 56.467622384057776], [16.063931597291067, 56.46758706947201], [16.06359043347579, 56.467453001170306], [16.063489535776736, 56.46737229997084], [16.06336909970357, 56.46732518253611], [16.063235918348017, 56.46737276497685], [16.061558221993693, 56.46786232372529], [16.061687641570924, 56.46804914177422], [16.061686469401693, 56.46817976561406], [16.061655846454997, 56.46831028098722], [16.06165437983808, 56.468473515192706], [16.0616668219687, 56.46856449641525], [16.061617167951265, 56.468674874105915], [16.061610931050772, 56.46875837970834], [16.061690060492147, 56.46882166182557], [16.06172189555918, 56.46890241686242], [16.06168833965456, 56.4690045714408], [16.06165130673741, 56.46910684558674], [16.061661895868745, 56.46928479811091], [16.061728898531964, 56.46939795012961], [16.061788707491452, 56.469473884552805], [16.062074790359, 56.46945643662314], [16.06242108025718, 56.469462007812446], [16.062757633938478, 56.469483201587], [16.06304224666077, 56.46950412127646], [16.063338562253122, 56.469517573403486], [16.063621635142972, 56.4695599742794], [16.063868662775377, 56.46964885566924], [16.06399396985221, 56.46976456175913], [16.064006123833177, 56.469878452129414], [16.064058149571398, 56.47002047742494], [16.064127034304033, 56.47017664054446], [16.06427573320573, 56.47027678445764], [16.064449966537104, 56.47032308135444], [16.064556698227523, 56.470320189631025], [16.064659180099035, 56.47035191968132], [16.064745378760964, 56.47043310538696], [16.06491719608427, 56.470565209802515], [16.065075146544164, 56.470617933087894], [16.065246737360713, 56.47069892502067], [16.065437814395793, 56.470768251584786], [16.065569438391666, 56.47077942863016], [16.065721701525735, 56.47083929615138], [16.065822303429204, 56.47090418833697], [16.065865902367285, 56.47099840579937], [16.065964731561827, 56.47110984478641], [16.0661039686193, 56.47121114594955], [16.066183179917353, 56.47127208937082], [16.066283248361703, 56.47127491295577], [16.066433478411163, 56.4712812589797], [16.066518103771916, 56.4713013725043], [16.06654049567094, 56.47136001932965], [16.066552310340512, 56.47146151596264], [16.066562796855802, 56.47165887270394], [16.066561594284956, 56.47189289104173], [16.0666007866747, 56.472206960710054], [16.066675319826086, 56.47289334237143], [16.066710350204108, 56.4733023979126], [16.066683300750757, 56.473602753319234], [16.066681189368147, 56.474052551661536], [16.06669962947698, 56.47446184040028], [16.066662791730796, 56.47462322209711], [16.066605981713327, 56.474726476194455], [16.066489311858547, 56.47480509129689], [16.066333095586824, 56.4748387721074], [16.06606486601824, 56.47489281724627], [16.065853697554243, 56.47495284021726], [16.06569571751864, 56.475038277344346], [16.06542995758844, 56.47519012520681], [16.065330324289647, 56.475313148911034], [16.065286608721834, 56.47542518323662], [16.06530401704983, 56.47554010651126], [16.06525971561621, 56.475769823175405], [16.06517682244486, 56.47591228651107], [16.065115291211733, 56.47603354648853], [16.065155820730347, 56.47615186448838], [16.065238862948803, 56.47623936542029], [16.065399436556604, 56.47631317577152], [16.065713075928183, 56.47645079905388], [16.066127252556, 56.47662169366729], [16.066434539535376, 56.47673790127512], [16.066795266466382, 56.476893083560874], [16.067085869130693, 56.47703000283141], [16.067299625193396, 56.47715249099241], [16.06744701287791, 56.47729522166353], [16.067512018798226, 56.47739805784747], [16.067560342397528, 56.4775504433335], [16.06759428376062, 56.47779619726095], [16.06762925853899, 56.47796423768074], [16.067680395940915, 56.47818343364973], [16.067748833458054, 56.47840840904487], [16.067388112453596, 56.47849738740597], [16.067116261629437, 56.47857113902701], [16.067003255298026, 56.47861370096337], [16.066682404967775, 56.478959609583214], [16.06644841782279, 56.47919014715509], [16.066346180135664, 56.479230101136395], [16.06613335843451, 56.47924630154226], [16.065877597583746, 56.47925433634072], [16.06575873090936, 56.4792408037955], [16.065541405203312, 56.47920619747653], [16.06518707172783, 56.47911258016779], [16.064886243160643, 56.47904590143957], [16.064610769250898, 56.478980980388], [16.064409570812582, 56.47897237435386], [16.064149411876755, 56.47893795395167], [16.06395412654723, 56.478939717135425], [16.063772805833597, 56.478952498901634], [16.063513696534198, 56.478941243694614], [16.06301218661579, 56.478913018923876], [16.062498766738717, 56.47889450692225], [16.062127230437973, 56.47889885242369], [16.061794138615337, 56.478937453465626], [16.061185790995506, 56.47899071267763], [16.06085095312809, 56.47902923625288], [16.06051210725976, 56.47906321177881], [16.060219164106698, 56.47908215277734], [16.0597181745887, 56.4791061912665], [16.059133514363474, 56.47909680617675], [16.058630459105157, 56.479099569207925], [16.058423686688762, 56.479111931184065], [16.05816226979176, 56.479147666214956], [16.057421314478884, 56.47927596680631], [16.056959346000458, 56.47934565525736], [16.056536980900862, 56.479380779990215], [16.056080191333248, 56.479415297562824], [16.055688948307317, 56.47942374469238], [16.055272086362983, 56.479425670568126], [16.054836910258842, 56.47944787305375], [16.05431639479282, 56.479482566028146], [16.053893959940122, 56.4795056453588], [16.053320586369278, 56.47952685893523], [16.052867436921257, 56.479528636179815], [16.052491764392304, 56.47954340849438], [16.052237570290117, 56.47958886056525], [16.05181181395939, 56.47967097872001], [16.05140734700503, 56.479753274549104], [16.05115974648585, 56.47968862773734], [16.050897981124418, 56.47963945987851], [16.050519342783534, 56.47956145776889], [16.050205845642722, 56.47950545016062], [16.049771941340826, 56.479384704207725], [16.04940916860865, 56.47933809417894], [16.049017718010763, 56.47931472202841], [16.048676032807435, 56.47928994096546], [16.04831609530505, 56.4792780679138], [16.047893122334646, 56.47927193606153], [16.047749816184396, 56.479260389502016], [16.047491186923345, 56.4792129849982], [16.047385416920058, 56.47921288971622], [16.04648516591235, 56.47939699544738], [16.046145165149344, 56.47946256082469], [16.045729600680566, 56.47956523371736], [16.045511363681094, 56.47960399174973], [16.04530717045897, 56.47959843392462], [16.04494777275607, 56.47957217442982], [16.04452403438906, 56.47956262419391], [16.044271966614566, 56.479559084614685], [16.038865570731502, 56.48180292747493], [16.03490161548191, 56.4850909179604], [16.025924738288797, 56.489338973813744], [16.01810303885476, 56.493901549509694], [16.014196657854594, 56.49626853346732], [16.015266467157467, 56.496965763108996], [16.014461707695073, 56.49761740317563], [16.013858405687767, 56.49780306550985], [16.013092408158474, 56.49800595225348], [16.011392429066078, 56.49881488414762], [16.010166649772007, 56.49937461442193], [16.009939079900974, 56.4994004487664], [16.009632101761177, 56.49929119717918], [16.008824787249953, 56.49896403991373], [16.00817927459695, 56.49869152859111], [16.0079844858688, 56.49869059455824], [16.00775577285791, 56.49877931491982], [16.007529275859145, 56.498724290408866], [16.007287643177445, 56.49858845173186], [16.006653793825784, 56.49863922363038], [16.006571238712027, 56.49872864405376], [16.006488097466132, 56.49887187707741], [16.004497408628346, 56.50521960241004], [16.00670528991269, 56.508687371139715], [16.004941612635307, 56.511624060256196], [16.00476415810404, 56.5123822160078], [16.004057345590365, 56.5181108467567], [16.004709058111658, 56.52209093117503], [15.992203040104572, 56.52651595501833], [15.992203308281754, 56.526515952877126], [15.990157426708974, 56.534459380417395], [15.990185664727186, 56.53565459421677], [15.990193294577988, 56.53597782671828], [15.990195224368218, 56.536056950259145], [15.990196307390569, 56.536103562269965], [15.990214598701778, 56.53687639152612], [15.990292606306017, 56.54017355569532], [15.990363574243428, 56.543174699521025], [15.990386261444804, 56.544136132447946], [15.990439248890347, 56.54423937274302], [15.991764422051604, 56.54682529865867], [15.992677887758754, 56.54860747922325], [15.993719796518922, 56.55064014674018], [15.99472731251606, 56.55345395777044], [15.995579640764975, 56.555833965460735], [15.996101724275706, 56.55729802765102], [15.996120117472907, 56.55734962115955], [15.996434412000141, 56.55823128322534], [15.997687622319853, 56.56176981097497], [16.002861300105568, 56.56186885981056], [16.003284165066237, 56.56187703676803], [16.014249524410744, 56.562086301570034], [16.015992759438962, 56.562112492073425], [16.016151955616703, 56.562114873934796], [16.01662618734668, 56.562121956794996], [16.01682846904269, 56.562124973809], [16.01721693105573, 56.56213086904016], [16.017544718587686, 56.56213573223038], [16.01763510635132, 56.562194009237906], [16.01776625344029, 56.56225608549791], [16.01784800461515, 56.56228254462484], [16.017897986996253, 56.56234501561969], [16.017899455845573, 56.56243474167115], [16.017933525113037, 56.56252420172562], [16.0180969268275, 56.56256822749903], [16.018259524514605, 56.562567345232345], [16.01847130362891, 56.562584114617025], [16.018605303307325, 56.56264742448943], [16.01872278402006, 56.56272012108916], [16.018771608827592, 56.56281440069824], [16.018797191318384, 56.5628825501162], [16.018908310575068, 56.56293823137067], [16.01890759014141, 56.56297632512741], [16.018906512291675, 56.563046040696264], [16.018817417945943, 56.563100937601845], [16.018856278459513, 56.56321883329053], [16.01885764088038, 56.563299488370824], [16.018908536207977, 56.56341584787507], [16.018910915929307, 56.563559284941334], [16.01891343147103, 56.5637028098397], [16.018916961851176, 56.56390902779181], [16.018902895546905, 56.564034632956], [16.01885566526063, 56.564124579247256], [16.018743366179763, 56.56421487896802], [16.01860640350371, 56.56432613074602], [16.018616864146484, 56.56443078482205], [16.018684341532577, 56.56456497431615], [16.018848661274145, 56.564662709197655], [16.01902830689248, 56.564706600675095], [16.019273370363546, 56.56476810020677], [16.01951738873776, 56.56477571144287], [16.019680239069544, 56.564783808171214], [16.01981118204089, 56.564827918217986], [16.02000786812067, 56.564916582030676], [16.02010621030848, 56.56496086935431], [16.020189682467315, 56.56504597111221], [16.020208883065383, 56.56512117884827], [16.02016255854669, 56.56521974169052], [16.02002728425249, 56.56539377148173], [16.019939795387867, 56.565518452547586], [16.019888879567194, 56.56559109261232], [16.01982416390823, 56.56567444506156], [16.01977799219038, 56.56573393033627], [16.0197641429727, 56.56587750044869], [16.019879980437008, 56.56599341765778], [16.019833554038776, 56.56612818134874], [16.019624728611866, 56.56628179423558], [16.019348099894692, 56.566409192781464], [16.019210905784437, 56.56643726603837], [16.01905248764897, 56.566514379832356], [16.018878853862866, 56.5665746406591], [16.018769161185215, 56.5666023982251], [16.018605973984013, 56.56663697124661], [16.01842747123443, 56.566655860062426], [16.018263219049857, 56.56672071431258], [16.01814298950418, 56.56679086643459], [16.018038006480513, 56.56681418319458], [16.01790754343525, 56.56688307206612], [16.017860552947603, 56.56692720310307], [16.017788172940726, 56.566995256088184], [16.01750138025841, 56.567169356013835], [16.01732787891026, 56.56727470672792], [16.017203504522918, 56.567370582599466], [16.017143128521088, 56.56744599427287], [16.01708688020706, 56.56754023457069], [16.017009349313458, 56.567666539100614], [16.016971277208658, 56.567762966691696], [16.01693482122752, 56.567864681108716], [16.01695979272391, 56.5680001175511], [16.016905221252713, 56.56810692077969], [16.01691819920265, 56.568160442343235], [16.016952904079808, 56.568198514972636], [16.017058739139493, 56.56826681785005], [16.01713466514659, 56.568335723781104], [16.017206214469308, 56.5684315242415], [16.017199484267422, 56.56850577739539], [16.017201518733142, 56.5685815760909], [16.017239962621048, 56.56863893150012], [16.01728210558152, 56.56871907320383], [16.01730504247406, 56.568798653248464], [16.017293404162086, 56.56889504435169], [16.0172882419727, 56.569012671644714], [16.017315493889715, 56.5691029961894], [16.017321960458425, 56.569238943320045], [16.01729507262647, 56.569357107734], [16.017268245949293, 56.56944760514931], [16.017225868342344, 56.56953373743675], [16.017204182400494, 56.5696507820079], [16.017200340755362, 56.56974764838861], [16.017119526117774, 56.56981172861693], [16.01699366478501, 56.569902496000076], [16.01692300488339, 56.569979967350804], [16.016961720687757, 56.57003741046103], [16.017013253162887, 56.57008235169314], [16.017049984885293, 56.570115827332295], [16.017147123799788, 56.57012491413976], [16.017199957337347, 56.57015834697426], [16.01721976032088, 56.57020112270725], [16.01722915706417, 56.57030623472975], [16.017173822154998, 56.570389599680844], [16.01716917913817, 56.57046662008375], [16.017156219676966, 56.57052879755896], [16.01714790264153, 56.57056892911743], [16.01712557440636, 56.57068705616728], [16.017118255754696, 56.57078943071628], [16.017126511654663, 56.57090200844214], [16.017216896138624, 56.57100439152045], [16.017252651161908, 56.57107147055319], [16.01731301408496, 56.5711352934764], [16.01736356263283, 56.571248513497544], [16.017394689348553, 56.57134814765767], [16.017431761676878, 56.57143425885998], [16.01749181197408, 56.57149646791326], [16.017519749531576, 56.57157223431523], [16.017594949975873, 56.57167384379477], [16.017674502051474, 56.57172753923163], [16.01779441040715, 56.571784676083084], [16.017881139926505, 56.571830767321416], [16.017841034897632, 56.57186666767908], [16.01778377434204, 56.57191339749232], [16.01778039124088, 56.57197729357488], [16.01784871873106, 56.572017785261735], [16.01798909893002, 56.572062628657704], [16.01813232465591, 56.57207349285197], [16.018275633681768, 56.572062439005556], [16.018479695949143, 56.57205977955217], [16.018676973003604, 56.572069301951004], [16.018805346679283, 56.57206187296081], [16.018897762716257, 56.5720747697778], [16.01899648255693, 56.57212246818977], [16.01908928099499, 56.57214461324303], [16.019117230215425, 56.5721608234385], [16.01913406845712, 56.57220308408489], [16.0191929630972, 56.572217153868664], [16.01931378957802, 56.572228469826044], [16.01943739341022, 56.57225323720297], [16.019548158640504, 56.57230963961059], [16.019583067642987, 56.572360017033986], [16.019582837539726, 56.57246125545106], [16.01959502419198, 56.572530053550324], [16.019654391675193, 56.572621550895335], [16.0197478692704, 56.57272372799969], [16.019855386931784, 56.57277907860895], [16.01987988640185, 56.57279172306033], [16.01990246473926, 56.57283276941885], [16.019902286874316, 56.57288100865386], [16.019870992647387, 56.572969925998585], [16.01979881174271, 56.57301579168543], [16.019659452504243, 56.57302906105114], [16.019556008352456, 56.57307527278217], [16.019524377253205, 56.573151705905936], [16.019512809240528, 56.5732155792929], [16.01944106965108, 56.573262877796104], [16.01929230029904, 56.57344528114346], [16.01917634844622, 56.573535521093945], [16.019061053631514, 56.573625216468415], [16.018939068983567, 56.57369574295893], [16.018783254183923, 56.573785949762645], [16.01855192631048, 56.57395303940223], [16.018391570016714, 56.574019208494306], [16.018277760572175, 56.574019421681385], [16.018080683883998, 56.57405274482275], [16.01788728784725, 56.574068161638536], [16.017729531949833, 56.57408625052261], [16.017577398511545, 56.57408884317394], [16.017426189555373, 56.57409088899569], [16.017353793046087, 56.574108907934274], [16.017286985319224, 56.574130114692174], [16.017220253354534, 56.57411916289245], [16.017162391936203, 56.57410364617131], [16.017085842390486, 56.57410696767086], [16.01699913935383, 56.57416202228309], [16.016939280145813, 56.574257101415135], [16.016916758326268, 56.57439813632273], [16.016998620358752, 56.57448774385992], [16.0170572063945, 56.574590208282196], [16.017029326636465, 56.574666610942394], [16.017108068452906, 56.57477492842594], [16.01715333293986, 56.57490112692063], [16.01720096122275, 56.5750353895621], [16.01722918693366, 56.57513181386635], [16.017198214319205, 56.57521300282788], [16.01712842414981, 56.5752531879214], [16.01704903736973, 56.575270904454655], [16.016946928561662, 56.575342164845296], [16.01679458170376, 56.57539200768656], [16.016562594024972, 56.575450136539736], [16.016373316873075, 56.57543928747891], [16.016229329879213, 56.5754205227259], [16.01604922178342, 56.57541615524991], [16.01598220129265, 56.57541454648615], [16.015845049413528, 56.5754404600632], [16.015748950549376, 56.57553071334608], [16.015637753900336, 56.57568370124002], [16.01552586681708, 56.57580094291527], [16.015282893038723, 56.57586499819713], [16.01503877365013, 56.57586627217676], [16.01484238961097, 56.57579556280427], [16.01469631775447, 56.57581427122024], [16.014501157486627, 56.575824307217076], [16.014273412563398, 56.575825535962416], [16.01424228836209, 56.57590636599716], [16.01432723219578, 56.57612117107052], [16.01444457444539, 56.57631783683423], [16.014397532577767, 56.57642574442126], [16.01436720603896, 56.57655139241767], [16.014449890799543, 56.57663165264098], [16.014631395570788, 56.57678315006876], [16.01474805184196, 56.57694397865431], [16.014504622187236, 56.5770515128284], [16.014427472472626, 56.57704262022394], [16.014182387476136, 56.57711342811124], [16.014002953708438, 56.577139593672186], [16.0138024823881, 56.57719225101489], [16.013683400012454, 56.577196455286554], [16.0135695960958, 56.57718220147854], [16.013476286648917, 56.57717640492138], [16.013355629830787, 56.57722715322916], [16.01322827419633, 56.57725325269192], [16.013095879859804, 56.57727166806536], [16.01297619903702, 56.57726860076152], [16.012831908697695, 56.577273818158304], [16.012636675585807, 56.577281426825444], [16.01246875615854, 56.57729653782658], [16.012392349677334, 56.57732051454785], [16.012336877943817, 56.577364442838366], [16.01225546259886, 56.57738684390808], [16.012111782605675, 56.57740993136168], [16.01191662274244, 56.577400201514806], [16.011736993536648, 56.57744433109024], [16.011278386978454, 56.5776576308118], [16.01067315331305, 56.577879396259014], [16.010476786514435, 56.577950339030664], [16.010394557295925, 56.578012808930055], [16.010360702307118, 56.57810228357123], [16.010456190144968, 56.578255113824966], [16.01014548162168, 56.57843783311535], [16.00991484602003, 56.57855783006826], [16.00978306510222, 56.57866489740184], [16.00960254766677, 56.57877173221459], [16.00922722118698, 56.578841969315576], [16.008851312649032, 56.57896601814422], [16.0086558157277, 56.57897416083616], [16.008460258169695, 56.57900027030754], [16.00832896450862, 56.57908047341768], [16.00819717566077, 56.57918753909738], [16.008212373632364, 56.57925927867568], [16.008260556406405, 56.57930434048149], [16.00829889706386, 56.57935289622831], [16.008324459989613, 56.579385296947805], [16.00840392004473, 56.57951113043356], [16.008385946855228, 56.57962760394978], [16.00833636401533, 56.57968127412081], [16.00825376965052, 56.57977060420996], [16.00862202478144, 56.58362897018733], [16.008845658763384, 56.5859716697758], [16.00936973968866, 56.59145986399149], [16.009424535347485, 56.59203449755568], [16.00948802994478, 56.59269853027393], [16.009505013290145, 56.59287723953611], [16.00960971217134, 56.59397345940853], [16.009623126750324, 56.59411393117083], [16.007280826519484, 56.59909429488701], [16.00633605577426, 56.60110267596702], [16.00582676321106, 56.602185177861905], [16.00565012791557, 56.60261966575758], [16.005164246987764, 56.602946523398906], [16.002981383699716, 56.60441521775978], [16.001872137109306, 56.60516146120037], [15.998971790688275, 56.60711257440466], [15.999234522834263, 56.6075389426959], [15.99925641470762, 56.6075743386875], [15.999004162250891, 56.60767221109928], [15.99874203149733, 56.60774195515269], [15.998341014189817, 56.60775640246458], [15.998099210002184, 56.607690252696486], [15.997887244715924, 56.60750753691901], [15.99758444164685, 56.60730839216214], [15.997221700625518, 56.60715922142124], [15.996648003491044, 56.60704362866439], [15.995892757801824, 56.60682852042344], [15.995167979411049, 56.60666319823463], [15.994654203612724, 56.60648100392163], [15.993747219730553, 56.60608303916755], [15.9931726763855, 56.60580107676085], [15.992508042198391, 56.605602471603], [15.991903893828585, 56.605420358895955], [15.991480316596109, 56.60518811693385], [15.991086667186124, 56.60487254475724], [15.990692825546454, 56.60452373708319], [15.990359730715236, 56.60425807410213], [15.98996659508616, 56.604059000208416], [15.98969467661522, 56.60395956942082], [15.989362943620558, 56.603976669456976], [15.988880536625015, 56.60401068663481], [15.988518319266264, 56.60396128559065], [15.988235437707827, 56.60390478624076], [15.988007556981925, 56.60377868163131], [15.987698215437582, 56.60359860782285], [15.98742168697334, 56.60337362841242], [15.987307854515528, 56.60324769547412], [15.987308162179568, 56.603166758061874], [15.987357328317609, 56.60305884481614], [15.987422918753172, 56.60290597618091], [15.987456313803046, 56.60260029708518], [15.98739157877226, 56.602456368319], [15.987179964198132, 56.602330312810636], [15.986993050900443, 56.60221403208276], [15.98667337278453, 56.60195624739011], [15.986324889315878, 56.601690785615816], [15.985802756546908, 56.60143613009272], [15.985338827837774, 56.60123463954288], [15.98477704944944, 56.60075662329915], [15.984466967462858, 56.600448453221844], [15.984233808062784, 56.60008703582259], [15.984096930741272, 56.59970410558941], [15.984115463003857, 56.59952322587249], [15.983902465582045, 56.599353249231164], [15.983554049569697, 56.59911966825326], [15.98318595043863, 56.598779706190975], [15.982992137670179, 56.59856717810508], [15.982624676393394, 56.598354854334964], [15.982180006758957, 56.5981532889755], [15.981835997119884, 56.598026653354715], [15.98154380404332, 56.59797155925791], [15.980909737625671, 56.597923831684554], [15.980454754100915, 56.597867952069116], [15.97973950093052, 56.597801904486204], [15.979268613320707, 56.597728091268614], [15.9789598313896, 56.59769081775256], [15.97857195349461, 56.59751870595639], [15.978200366530658, 56.59733766086668], [15.97790945606088, 56.59720179382192], [15.977683521589789, 56.59707529581792], [15.97752252088393, 56.59696697063587], [15.977492601344151, 56.596796443773385], [15.977528204532984, 56.5965993521335], [15.977974003496238, 56.59620689468088], [15.97822254939935, 56.59593006776083], [15.978289343670127, 56.59582282714316], [15.97822602697846, 56.59570601057681], [15.978097360583867, 56.59560677493977], [15.976906578193262, 56.59576272981135], [15.976417847051433, 56.595787407507686], [15.976332905138571, 56.59577954063267], [15.976109044265758, 56.59575902009443], [15.975849725727437, 56.59568613840884], [15.975769611790007, 56.59560511311409], [15.975610280860131, 56.59538915949363], [15.975497151927259, 56.59533489298483], [15.975398401905599, 56.59540609210291], [15.975348024937833, 56.59550448917111], [15.975297647687706, 56.595602885320005], [15.975116266368213, 56.595745516179136], [15.974966620091857, 56.595942064319644], [15.974584990019851, 56.59620420788805], [15.97453880433765, 56.59623600857092], [15.97413056082902, 56.596314840971054], [15.973739674132444, 56.596321943405776], [15.973575324318928, 56.59631784078791], [15.97330037945034, 56.596311009458354], [15.972861082673244, 56.59629998323271], [15.972372514914559, 56.59631566002866], [15.972030173193948, 56.596340972120714], [15.971687411304483, 56.596402217689615], [15.971557128224337, 56.59640161803331], [15.97142770947271, 56.59635618831272], [15.971168605831135, 56.596265329649924], [15.97081293450959, 56.59611126646018], [15.970646709257437, 56.596033964653614], [15.970535531276504, 56.595982283068196], [15.970150489426322, 56.59580329570334], [15.969486419057102, 56.59559405489239], [15.969000443954243, 56.59544836845794], [15.968725273115858, 56.59534846742506], [15.968401522517887, 56.59523933227216], [15.96815130869752, 56.595180466829596], [15.968022958720017, 56.59515020562205], [15.967872808344694, 56.59511292803484], [15.967750095887675, 56.595082622684814], [15.967692798721624, 56.59506860593537], [15.967267802685118, 56.595006966225895], [15.967087795894015, 56.59496264323347], [15.966893639004262, 56.5949479838393], [15.96685919455408, 56.59494537649203], [15.966770632256264, 56.59494813124779], [15.966549234604852, 56.5949552415142], [15.966489058897617, 56.594981040174304], [15.966338019126205, 56.59504563210419], [15.96611045940501, 56.59512707663822], [15.965817734209804, 56.595217739051265], [15.965655526466934, 56.595307927655256], [15.965558393493911, 56.595380094631615], [15.96551055392398, 56.59547891713768], [15.965480101460832, 56.59568548698001], [15.965432831715535, 56.595838291546684], [15.965385465420306, 56.595982023316324], [15.965141514899294, 56.59606350338341], [15.964831358481094, 56.59605548899643], [15.964587728780291, 56.59615493103646], [15.964311428241984, 56.59626342893612], [15.96416607073324, 56.5963985785055], [15.964096240291113, 56.59648310839996], [15.964069402489619, 56.59651556471804], [15.96408672720679, 56.59660525732333], [15.964136927689829, 56.5967308068309], [15.964286708319555, 56.59699068459994], [15.96433779829708, 56.59718799859346], [15.964372169535963, 56.59734052828858], [15.964226767559815, 56.597484571163314], [15.96421221595569, 56.597646193316166], [15.964147799718216, 56.59772717816473], [15.964133436471933, 56.597906764390096], [15.964118885978214, 56.5980683874087], [15.964071416802886, 56.59820313661654], [15.96405761927669, 56.59843661507724], [15.964025836231324, 56.598517526645566], [15.964125755884076, 56.59869676627627], [15.964172921618546, 56.598787396468154], [15.964242397927624, 56.59892079008218], [15.964264252071457, 56.59895619240391], [15.96431014820434, 56.599049706547596], [15.964310631963448, 56.5991899231875], [15.964262407381884, 56.59925290685711], [15.964296173785911, 56.59936052825271], [15.9643961922592, 56.59954874966453], [15.964421956754931, 56.599579450566516], [15.96456157721912, 56.599745806362385], [15.964644739832323, 56.59988915455181], [15.964678318852888, 56.599978811748294], [15.964597650009301, 56.60005983296601], [15.96450125650414, 56.6002037646989], [15.964469566632653, 56.60029365840516], [15.964454259320943, 56.60038342509926], [15.964455402337942, 56.60048626798408], [15.964455863947736, 56.60053602903116], [15.964326873552123, 56.60067105174385], [15.964360452512034, 56.60076070811685], [15.964434803412146, 56.6008480727109], [15.9644595863745, 56.60087716488805], [15.964496967381553, 56.600920980336085], [15.964558853705784, 56.60099352980186], [15.964462079805369, 56.601101534237536], [15.96428388000268, 56.60121879313021], [15.96390789619723, 56.60117499600357], [15.96343385913536, 56.60110456047403], [15.96328608629938, 56.60102423090294], [15.9632202510808, 56.60097057538428], [15.962959407087814, 56.60100717804966], [15.962600794474753, 56.60104417729315], [15.962388503249656, 56.60103584861634], [15.962175740968217, 56.600982520431714], [15.961830990829204, 56.60080400439556], [15.961666222707416, 56.60065194306159], [15.961566587674344, 56.60049955690023], [15.961305092287688, 56.60047337250821], [15.961044199928509, 56.600492095850996], [15.960931634701957, 56.60064504348852], [15.96079463642422, 56.600830157572986], [15.9606740142037, 56.60097795703468], [15.960601880762399, 56.6010676220235], [15.960559042078893, 56.60112077123802], [15.960529092004101, 56.60115792184515], [15.960286259815986, 56.6013381040792], [15.96007564708712, 56.601491357532225], [15.960205393496603, 56.60177717488617], [15.96022906950194, 56.60181570842717], [15.960146698177066, 56.602020790560374], [15.96006010741695, 56.60225015901254], [15.960036027459289, 56.602296336799654], [15.960035335712545, 56.60244913807659], [15.960050855497087, 56.602610887759575], [15.960017442792207, 56.602781637512], [15.95986991084521, 56.60297033572242], [15.959738642284986, 56.6031859455249], [15.958126546154155, 56.602252579047935], [15.95658131819564, 56.60135775340548], [15.959963712536318, 56.595647692530214], [15.959847571397445, 56.595468484909844], [15.959617998380958, 56.59537045814181], [15.959323442246278, 56.59529943029387], [15.958800382370537, 56.595220192975084], [15.958081913397038, 56.59517740139246], [15.957770330310284, 56.59504362251242], [15.957574546149822, 56.59504414144273], [15.95741121058223, 56.59502671432692], [15.954900283206447, 56.59416058577451], [15.949074452286558, 56.59215072918335], [15.940658584856177, 56.59007640534628], [15.934236982443036, 56.58849299953966], [15.927856720691558, 56.58839945826902], [15.924744916455705, 56.5884750906916], [15.92439004843294, 56.588552105184164], [15.924162043568353, 56.58858434057143], [15.923908230853042, 56.588582453463935], [15.92372264223829, 56.588553650043046], [15.923511105471139, 56.588506893816756], [15.923227953835813, 56.588463632796774], [15.922814606435107, 56.58835037359864], [15.922459847043074, 56.588310696814304], [15.922147407521994, 56.58822794694937], [15.921870832684121, 56.58811825180232], [15.921665944388046, 56.58803551309585], [15.921454306435752, 56.58801749838664], [15.921145154775294, 56.587981432297546], [15.920858632291004, 56.58797591786059], [15.920608062920346, 56.587947051790664], [15.92048438006599, 56.58791293461006], [15.920289252451802, 56.587756552398496], [15.920097327475037, 56.58763796302734], [15.919928187976911, 56.58758406065933], [15.91975253500579, 56.587494184504344], [15.91957695582662, 56.587362987651936], [15.919433797162927, 56.587273141250996], [15.919079033274945, 56.58719393101192], [15.91881228950061, 56.58713454896579], [15.918587638778124, 56.58710566708147], [15.918460956709156, 56.587108219791226], [15.918408618698523, 56.58710923516502], [15.917985290981278, 56.58723111150565], [15.917401362511676, 56.587429805555054], [15.917358484873052, 56.58744449435912], [15.91729177419723, 56.5874674431983], [15.917240311395426, 56.587487943581195], [15.916770714382269, 56.58764563867591], [15.916685213114455, 56.58767438503953], [15.916206257241535, 56.58783942262928], [15.915984020996676, 56.587915975155425], [15.915720505785513, 56.58800675451592], [15.915483485957028, 56.5880883555687], [15.915225308706747, 56.588183496104314], [15.915010116000841, 56.588268348864844], [15.914793462544983, 56.588353840908376], [15.914243362195688, 56.58835348384309], [15.913917780853401, 56.58833180238212], [15.91372576207724, 56.58829216273375], [15.913676657750603, 56.58826584476093], [15.91352822806341, 56.58826316235086], [15.91344717492989, 56.58821489161746], [15.913266963043343, 56.58815252712648], [15.913004570072097, 56.5880005797649], [15.912873609191665, 56.587964981094416], [15.912661861249083, 56.587992405006595], [15.912466554109425, 56.588055728743896], [15.912255463261063, 56.58815500903029], [15.912158246301884, 56.588227134647724], [15.9120210321347, 56.58829982299455], [15.911801092723325, 56.58841650392759], [15.911524615468696, 56.58851599270463], [15.91134559893306, 56.58857021254215], [15.911020739893354, 56.588723680626224], [15.91072849960935, 56.588876999770925], [15.910614869545366, 56.588931189012264], [15.910338546412103, 56.58904854960894], [15.90996393757213, 56.58912126574193], [15.909850386332437, 56.58918443643098], [15.909753077732537, 56.589247488219755], [15.909377899254924, 56.58925741746169], [15.909035261845201, 56.589258215776496], [15.908904545367434, 56.589249649184794], [15.908414377764318, 56.58917903293769], [15.90821948680625, 56.58914829776274], [15.908022304505803, 56.5891171297838], [15.907842474473382, 56.589081703764094], [15.907303062083006, 56.588984224827996], [15.907073743575442, 56.58889508169803], [15.90697497909795, 56.58879654352029], [15.906891493035232, 56.58859027990181], [15.906824171165482, 56.58837500639592], [15.90679114408391, 56.58833024457074], [15.906610914088454, 56.58824981530557], [15.90629997109483, 56.588160817341866], [15.906038572560309, 56.5881166400188], [15.905907751245143, 56.58808103302318], [15.905433689706648, 56.587992412185486], [15.905123449900072, 56.58796628528514], [15.904894995276194, 56.58795779675767], [15.904747718539115, 56.587913325528724], [15.904583260313126, 56.58777906283945], [15.904304764606543, 56.587654072716525], [15.904059534927223, 56.58760079097414], [15.903896278256903, 56.58760116884246], [15.90373315886835, 56.58760163624275], [15.903456184344051, 56.587647124432564], [15.90321167568533, 56.587674680339546], [15.903130023638951, 56.587656948382175], [15.90294972447915, 56.58756762236616], [15.902523747373163, 56.58738908367495], [15.902261721233968, 56.58727304207978], [15.902097593053226, 56.58717470375606], [15.902064173707211, 56.58708502900208], [15.902076976205183, 56.586901060666655], [15.902078588155677, 56.58687850231078], [15.90196298568154, 56.586726185941906], [15.901799176709114, 56.5866636859814], [15.901668523421533, 56.58664603969192], [15.901293527192562, 56.5866739087831], [15.901098499893049, 56.586755178059164], [15.900984963917946, 56.58683621614487], [15.900953030197467, 56.586899145954945], [15.900857061392406, 56.58711479757362], [15.900760774775149, 56.587294609449934], [15.900599159207152, 56.587465553059076], [15.900193404768206, 56.58769099101247], [15.899852044375951, 56.587835387696245], [15.899266226739382, 56.58799843830767], [15.898907220411747, 56.587999236364205], [15.898596669707077, 56.58793716455611], [15.898367190060695, 56.58781180710324], [15.898220416777663, 56.58773157333966], [15.898410494377504, 56.58723184092154], [15.898262626958859, 56.58709412675615], [15.898180138052137, 56.58699564293406], [15.897934998956915, 56.586951331233074], [15.897673246236772, 56.586880101833245], [15.897395409477257, 56.58682695337567], [15.897199745300432, 56.58683635930686], [15.896955001177671, 56.58683695644922], [15.896498528129513, 56.586882914795545], [15.896156515952265, 56.58693756954659], [15.8960100329644, 56.58698281878113], [15.895764975400674, 56.58694748584676], [15.895694384124786, 56.58693739426021], [15.893597954077412, 56.5866384380874], [15.892435518304321, 56.586472699826956], [15.891925900789218, 56.58640000210576], [15.888140326995362, 56.590602419616665], [15.887491736677987, 56.591322339377555], [15.886624558102119, 56.59228490929714], [15.883173852874494, 56.596114423840774], [15.882942930994517, 56.59633595939629], [15.882934105195023, 56.59641821307846], [15.882872506036856, 56.59727802144723], [15.882495137465959, 56.6023135036115], [15.88226075327363, 56.604508819875925], [15.881675297885195, 56.6161004009991], [15.886654934972592, 56.617674708409105], [15.8973601262652, 56.62087654976988], [15.909580213786072, 56.62450027395389], [15.925862087563514, 56.6273843750302], [15.927250946563358, 56.627622047001935], [15.92675478334032, 56.631786959636784], [15.932399599645562, 56.63585050641717], [15.932709696808324, 56.636072030771594], [15.932912252971725, 56.636097640590215], [15.933039337449276, 56.63617016588307], [15.933185746710521, 56.63624128924334], [15.933447124357505, 56.6362534323939], [15.93368039811725, 56.63628716438828], [15.93386467461608, 56.636361864445135], [15.934274216112987, 56.636581202215844], [15.934463790351792, 56.63660906233839], [15.934784013817405, 56.63661959293302], [15.935127010227147, 56.63661593941957], [15.935453928322023, 56.63663081949887], [15.935652262819563, 56.636664900224424], [15.935874744575882, 56.63669691234503], [15.936041945879872, 56.636706165191036], [15.936295553155421, 56.63670300002839], [15.936497447837683, 56.63671253036958], [15.93678085947223, 56.636691444133525], [15.937025369040576, 56.636690053002724], [15.937309972053281, 56.636733272058464], [15.937632253930703, 56.636788783141434], [15.937905737088423, 56.63682265358196], [15.938222674179107, 56.6368523334733], [15.938558161497669, 56.6368385755347], [15.93895962222243, 56.636969479675656], [15.939283340080978, 56.637142109170384], [15.939496757810652, 56.63727973033714], [15.93916643015355, 56.63746888301756], [15.93900044966273, 56.63763882887929], [15.939165683958826, 56.63841278653293], [15.939207199992424, 56.63881750123164], [15.93917191525403, 56.638961220076375], [15.938558347792046, 56.639542445163094], [15.938392804722742, 56.63967636710688], [15.938163310323418, 56.639747173226155], [15.936543429862201, 56.64007142809453], [15.936297656525875, 56.64014208458113], [15.935852342148102, 56.64041850577354], [15.935391112015763, 56.640676810022725], [15.934979184396479, 56.64091740578047], [15.934419816758002, 56.64119315184448], [15.934156902702702, 56.641299682848235], [15.934002234250647, 56.641417528432434], [15.933873934075955, 56.64153607356007], [15.9336809613808, 56.64165465530233], [15.933466405294544, 56.641737736493916], [15.933230034441905, 56.64173789239676], [15.933079535844298, 56.64171440756146], [15.932929106158193, 56.64172640442676], [15.932564547060876, 56.64190429734806], [15.932242832475334, 56.64205860393756], [15.931813207665257, 56.64210637363211], [15.931469497969658, 56.64215403898058], [15.931233577752701, 56.642248954159335], [15.930997974341086, 56.64243872370304], [15.930826523767967, 56.64256908574549], [15.930611842194866, 56.64259296778781], [15.930267856568019, 56.64256957903898], [15.930074778456662, 56.64264081669748], [15.930010777653681, 56.64278295123909], [15.930054499689007, 56.64293685656038], [15.930248772167422, 56.643138053389855], [15.930485713307258, 56.643291772402115], [15.93067951664485, 56.643386347938886], [15.930744599438961, 56.64352841620445], [15.930616327185286, 56.643670582323715], [15.930294363006178, 56.64377745657414], [15.930101031893578, 56.643789501032344], [15.929972084343799, 56.64378965576417], [15.92984340540816, 56.64386077130764], [15.929672125623322, 56.644014935666306], [15.929522220629984, 56.64416893928665], [15.929436747088205, 56.644263805682506], [15.929394033984988, 56.64435862143058], [15.929329870708196, 56.64441784718292], [15.929179607082064, 56.6444534619877], [15.928943021028633, 56.64441821966018], [15.92868491874066, 56.64438286696123], [15.928362345715712, 56.64431215457147], [15.92812580278469, 56.64430044429441], [15.927889639346835, 56.64434801565754], [15.927782489463743, 56.644431005964044], [15.927761441708164, 56.644537607213486], [15.927912393937742, 56.64465595044543], [15.928257331226671, 56.644892496992405], [15.928322292250192, 56.64504633432953], [15.92823685972798, 56.645164914065326], [15.927807459840668, 56.6452837208278], [15.927270994847332, 56.64546180169733], [15.92697049867469, 56.645556740358174], [15.926863410232878, 56.64567529977726], [15.926864071224648, 56.64581740035836], [15.926929095169118, 56.64600680921122], [15.927080133046017, 56.64617231226136], [15.927102106311226, 56.646349915265645], [15.927059475119885, 56.64642101593929], [15.926909022521325, 56.64643291575946], [15.926694161628834, 56.64644502441077], [15.926436467361448, 56.646492574410786], [15.926221825334851, 56.646552019758246], [15.926092846792338, 56.64654031386514], [15.925985142882912, 56.646469343508365], [15.925834546295393, 56.64639851235707], [15.925662692292558, 56.64639862228344], [15.925512502649942, 56.646481661036404], [15.925405447435748, 56.64662384355306], [15.925256140144135, 56.64697913879464], [15.925127617600138, 56.647073961772314], [15.924988370631839, 56.64715368504524], [15.924927017061474, 56.64719078939465], [15.924823875207569, 56.64730626384326], [15.924792627542738, 56.64741410824975], [15.92494240201274, 56.64763801054569], [15.925026401465654, 56.6478173083782], [15.925028255397711, 56.647969910051145], [15.924965199348325, 56.64814077872703], [15.92478745377068, 56.64828510302319], [15.924640562058352, 56.648382397860374], [15.924433603914972, 56.64841016397303], [15.924126575445358, 56.64848124992993], [15.923826868594286, 56.648560276065496], [15.923583231256506, 56.64859495962546], [15.923436646785301, 56.648622455872804], [15.923355668976809, 56.64867668290864], [15.923226606167376, 56.64879387556779], [15.92316267640414, 56.64890187201947], [15.923197027898993, 56.64903635631538], [15.923198706886481, 56.649171082877615], [15.923085912869325, 56.64928824457993], [15.9226647032532, 56.649541174261685], [15.922551822506584, 56.6496493525467], [15.922520650430501, 56.649766178406736], [15.92244087089768, 56.649919204292296], [15.922327904509679, 56.6500184012348], [15.922102220924247, 56.65024365018572], [15.921876317728175, 56.65046000841984], [15.92163405337545, 56.65066741393991], [15.92152100112203, 56.65075771794375], [15.920871017861767, 56.65101152494911], [15.91943014813769, 56.65161592551428], [15.917916872980046, 56.65498227893577], [15.91671082524149, 56.65824295938547], [15.916082074440563, 56.65916246563117], [15.915336020531761, 56.660127653214836], [15.915028922937799, 56.66038923874628], [15.914900179741117, 56.660533366944335], [15.914838568400347, 56.660838868953185], [15.914733289339248, 56.66155753173186], [15.91438705986368, 56.66260933298222], [15.914198931548897, 56.663229525790506], [15.913226371536652, 56.66513666051959], [15.914364864173816, 56.669026483274344], [15.918141865415375, 56.68192616450283], [15.927534319599578, 56.68547296814071], [15.928766350327393, 56.68596205220205], [15.930408898991574, 56.68661118240991], [15.93111547692653, 56.68690475335833], [15.931642232372273, 56.68719903729347], [15.932398000948883, 56.68751037805541], [15.933136572531025, 56.687740909699315], [15.934219857031728, 56.68810484942439], [15.935502032173412, 56.688665531963814], [15.936175488847276, 56.68892330285314], [15.936455542574523, 56.68909276613288], [15.937195277334967, 56.689422073944776], [15.938377983284578, 56.689866341996705], [15.939068082770035, 56.690142027093316], [15.939939735269014, 56.69056059968813], [15.941042045805597, 56.691103898644414], [15.941848856632639, 56.691549715953954], [15.942408966606168, 56.69187972203402], [15.943420917686753, 56.69176795505134], [15.94337070175557, 56.69168731203884], [15.943320937469217, 56.69162472067221], [15.94320569941289, 56.69157124915153], [15.947465043088293, 56.69106949788482], [15.948868920040207, 56.690938176485815], [15.949668174580927, 56.69081827700879], [15.949994660848454, 56.69078102522553], [15.952735338811108, 56.69040186934802]]]}}, {"id": "8", "type": "Feature", "properties": {"regsokod": "0880R009", "regsonamn": "Kalmar v\u00e4stra kommundelen", "kommunkod": "0880", "lanskod": "08"}, "geometry": {"type": "Polygon", "coordinates": [[[16.146826889801986, 56.78212866046506], [16.146964051690393, 56.781652304147755], [16.148695232194147, 56.78186579308503], [16.150114066464578, 56.78147724321205], [16.150809136781113, 56.78123126501067], [16.152538819588706, 56.781470584503], [16.154390413169494, 56.781671025075056], [16.15552792064759, 56.78146224435834], [16.15653243749031, 56.781216960174284], [16.1567783615124, 56.78128806832074], [16.1590312643629, 56.77906540413767], [16.159080238336983, 56.779056235877746], [16.15937409879728, 56.779001674984166], [16.159668103863194, 56.77896498679735], [16.15994534508166, 56.778883540965275], [16.160189926452343, 56.7788021287409], [16.160401419575866, 56.77868491315839], [16.16071071126514, 56.77853148605223], [16.16097117667263, 56.77840519041596], [16.16128121372929, 56.77834158062096], [16.161640814623855, 56.77833167542648], [16.16193569845031, 56.778384711321124], [16.162279718197205, 56.778455703429636], [16.162623443257225, 56.77849966014338], [16.162803166047667, 56.77848127636614], [16.16458213649673, 56.77811758838652], [16.170456312500953, 56.77680071400823], [16.173621559135263, 56.77609223762818], [16.174110945906946, 56.77597417946614], [16.175367197351054, 56.77568361459183], [16.177455413686314, 56.7751933134704], [16.17810785783628, 56.77503893793584], [16.178614105187872, 56.774921511296334], [16.17869515410537, 56.774902779876534], [16.179445507324925, 56.77472115261149], [16.180309953581645, 56.774503407647046], [16.180603575164994, 56.774421850263515], [16.182153362722055, 56.77406753393002], [16.183131885080247, 56.773822549151866], [16.183409342175015, 56.7737679061812], [16.184257576486093, 56.773568074171564], [16.186541262657066, 56.77304091042327], [16.18833559347427, 56.77263200031516], [16.188427238907494, 56.7726115452258], [16.190452371609034, 56.77215944341436], [16.191486229122543, 56.77191817510133], [16.191535515795394, 56.771906655911344], [16.191581859478898, 56.77189588268676], [16.191973217390697, 56.77179602781623], [16.197453617432295, 56.770532834181104], [16.197959199197182, 56.77042368944872], [16.19826905641756, 56.77033304023764], [16.198709682706024, 56.77026026801258], [16.199085184655143, 56.77021435000098], [16.199330294579575, 56.77020462679826], [16.20058880081952, 56.770174103857904], [16.201586053127002, 56.770180130793754], [16.202060119890938, 56.77017879627207], [16.202583138178404, 56.77016827468954], [16.20308734330377, 56.7699154880363], [16.203381084639254, 56.769869805710655], [16.203593374167156, 56.76984224634821], [16.20374076261526, 56.76987774350379], [16.204116575933583, 56.76985866498382], [16.204361667312796, 56.76984003997877], [16.204573804057475, 56.769803497600826], [16.204996408086682, 56.76956891685948], [16.205142924523802, 56.769505609788304], [16.205339078120762, 56.769505061958135], [16.20614316852071, 56.76979892985027], [16.206438235255238, 56.7698788072576], [16.20684652381395, 56.769841711163124], [16.207189020610688, 56.769759887213205], [16.20752968424581, 56.76950758615435], [16.207725166868553, 56.76944416131698], [16.207823586810065, 56.7694797684489], [16.210517470733336, 56.76913970253514], [16.211431580057354, 56.76901135575279], [16.21187097647565, 56.76883057510495], [16.21213203244983, 56.76877593817579], [16.212457351985794, 56.768622314091054], [16.213419209145076, 56.768377160869115], [16.214066095359744, 56.76815482920339], [16.214288271339658, 56.768078827870426], [16.21432815021432, 56.76806873799153], [16.214599215472106, 56.767998548416685], [16.214827381774253, 56.76797018537508], [16.214990105839192, 56.76793320798812], [16.215381283421817, 56.76787684725943], [16.21575569657007, 56.767802683049425], [16.216097462368122, 56.76772865635553], [16.21640689819534, 56.76767281986901], [16.216651516519498, 56.76764438375217], [16.21697878574729, 56.76766023455679], [16.217404428774334, 56.76769353829462], [16.21786329416677, 56.767744482746046], [16.21820628330041, 56.767733318164645], [16.218615137975895, 56.767739743401684], [16.219138218429297, 56.767736428218385], [16.21964560254914, 56.76776910495361], [16.21998964215483, 56.767802839392935], [16.220332473849908, 56.76778268766267], [16.220627262939825, 56.76780782865556], [16.220971303742907, 56.767841560381584], [16.221314428474265, 56.76783038592385], [16.221574914772802, 56.76778381906039], [16.221787199136386, 56.76777347554227], [16.22214588262141, 56.76772630394663], [16.222716847082, 56.76766878714004], [16.223189460138002, 56.767602979964614], [16.22353228981065, 56.76758281943684], [16.22385832653829, 56.76753587421928], [16.22418438193892, 56.767497820960735], [16.22452705311409, 56.767468766245166], [16.224886042275237, 56.7674394595767], [16.225114014522934, 56.76739311475862], [16.225309077069873, 56.76734700300735], [16.225406506217126, 56.767310473747706], [16.225601252613302, 56.76724639984266], [16.22602274994051, 56.76708200329766], [16.226379594050073, 56.76695399278615], [16.226689165028922, 56.76690711217882], [16.2268357118442, 56.76687926120452], [16.22708015961609, 56.76684182338107], [16.22732476124845, 56.76681327656608], [16.227667266281166, 56.76677523195306], [16.22792818947967, 56.76674661312936], [16.2279617560043, 56.766791285842984], [16.228190648575904, 56.76678984055294], [16.228468341857628, 56.766779021151116], [16.228811769659703, 56.766785788716504], [16.22909100367432, 56.76684690452276], [16.229320980801464, 56.766899253747376], [16.229517867980434, 56.766933963066556], [16.229697664144517, 56.76693281843344], [16.229974138658406, 56.766868200417875], [16.23033311602216, 56.76683887902448], [16.23057771965077, 56.7668104156416], [16.230675618128217, 56.7668008261619], [16.230903446753228, 56.76675447211078], [16.231196687865108, 56.76670765159444], [16.231424809284142, 56.766670276549746], [16.231474382522066, 56.76669691532304], [16.231719593775964, 56.766695302415066], [16.232062248592282, 56.76666613723085], [16.232126146603882, 56.76660289550018], [16.232206339479976, 56.76653050988168], [16.232397023738283, 56.766487034872824], [16.232790870778228, 56.76643921638289], [16.233342675865824, 56.76639091280488], [16.233428712100306, 56.76636104778306], [16.233508741556275, 56.76627968006326], [16.233606798290122, 56.76627906956471], [16.233689185806316, 56.7662860694604], [16.233851554554423, 56.766259581074095], [16.239216309140556, 56.7647379648153], [16.246609944655614, 56.76264044167718], [16.25073024583779, 56.76147084844342], [16.251126317022607, 56.76135836283788], [16.25124306829433, 56.76174578997664], [16.251333484636802, 56.76214030781658], [16.251409164445732, 56.762606747625874], [16.25146557284637, 56.76286291089426], [16.251769760540284, 56.762834526507405], [16.252338213796463, 56.76277393450821], [16.252912382879543, 56.76270681350487], [16.253552582022838, 56.76260534162977], [16.25348745207519, 56.76237127398029], [16.25446581305022, 56.761865043613774], [16.25531589755946, 56.761723542839924], [16.25526656010871, 56.760390532996205], [16.25549414448278, 56.76033488359601], [16.255754205980615, 56.760270283224166], [16.255980674444945, 56.760161016309596], [16.25620826372256, 56.76010563508145], [16.25643505622728, 56.7600263675584], [16.256548784449336, 56.75998659462576], [16.256954544019, 56.75985818319245], [16.2572457794566, 56.75972158192485], [16.257585501231166, 56.7595667048852], [16.25797539831356, 56.75945632510515], [16.258075516116218, 56.75941300612786], [16.258396202161116, 56.759273949566314], [16.25891054336309, 56.7590613435689], [16.25912500755295, 56.75897276249298], [16.25948116618117, 56.758817804963954], [16.259804081412327, 56.758644945998604], [16.259838069559457, 56.758624750018996], [16.26006219840333, 56.758490616936115], [16.26011831197093, 56.75845447766345], [16.26040059939383, 56.758272865956165], [16.260692007934015, 56.75815422053033], [16.261000165233305, 56.758044387949894], [16.261292666788442, 56.75797055474267], [16.26161827069597, 56.75791453144986], [16.261773627666255, 56.75788169904891], [16.262057557783564, 56.75782178451528], [16.26244825807264, 56.757756296966875], [16.262757209996455, 56.75768247343888], [16.262823072704492, 56.75767569865129], [16.26313222386435, 56.75764400147019], [16.26355505157785, 56.75755132609499], [16.263961427834378, 56.75745881603035], [16.2641422203858, 56.75742446586681], [16.264449786268035, 56.757365742879095], [16.264921862448677, 56.75728181588385], [16.26549102567412, 56.7571612397037], [16.26597971253019, 56.757086123012876], [16.26607086884154, 56.75706956680403], [16.266337765027846, 56.75702086479219], [16.266380344534436, 56.7570116291485], [16.26667933626089, 56.75694679003766], [16.267053364546005, 56.756863401621814], [16.267444049010187, 56.75679798830904], [16.267606838998617, 56.75676992387471], [16.267832596557994, 56.75674526124638], [16.26830789293784, 56.75669335774628], [16.268796903763505, 56.75663619159002], [16.269302734313047, 56.75660589180833], [16.269759915037156, 56.75658479875907], [16.26979878747521, 56.756577665275564], [16.270215651453537, 56.756500928123224], [16.270688779097405, 56.756436910022735], [16.271241967300785, 56.75635931832548], [16.271943004271503, 56.756282731838034], [16.272562664293524, 56.75622466822252], [16.273198774131803, 56.75616652340151], [16.273786304628356, 56.7561355499338], [16.274504596604853, 56.75609479428828], [16.275091484734787, 56.7560369631745], [16.275662053385112, 56.75597920549692], [16.276150363052235, 56.75588608671349], [16.276702342380336, 56.75572970312445], [16.276731302623112, 56.75572069321175], [16.27731903009154, 56.75553690307477], [16.277441591402518, 56.75549217040805], [16.27787001246495, 56.755335609781554], [16.27826028149073, 56.755243127958195], [16.279091294767177, 56.755138668980486], [16.279661979144766, 56.755080892585624], [16.28003163991519, 56.75503299227964], [16.280240559432663, 56.755001562571486], [16.280818878136497, 56.75493840237657], [16.28155168000824, 56.75482559336462], [16.282253976263945, 56.7547517200209], [16.282464702768532, 56.754729880755946], [16.28261947236387, 56.754712388535104], [16.283427710125707, 56.75460121742886], [16.28414264996868, 56.75450285999482], [16.284207869962383, 56.75449338504842], [16.28426906806867, 56.754484580423885], [16.284365694194737, 56.754470559986835], [16.28466534153696, 56.75443037332089], [16.28476414680808, 56.75441704890129], [16.284822548242015, 56.75440926114124], [16.2848778442092, 56.75440536699724], [16.285315949265613, 56.754359800445634], [16.285482144643936, 56.75433338362161], [16.286016097100354, 56.754247211787344], [16.286765971770723, 56.75416123365873], [16.28704785639834, 56.75414206556123], [16.287427970553964, 56.754112450448076], [16.287972416941702, 56.754045474554495], [16.28886925135252, 56.75395850470556], [16.289419022954192, 56.753921111707925], [16.289456562861925, 56.75391856715897], [16.289879416745364, 56.75382580156107], [16.290545953172227, 56.75367760318977], [16.29114805028033, 56.75356564094557], [16.29178445518962, 56.75344748114968], [16.291821979130788, 56.753440535316855], [16.2925488009542, 56.75336742776744], [16.2932334612011, 56.75329978292796], [16.293919567778396, 56.753286017971774], [16.29429516454463, 56.75327448448407], [16.294655971471293, 56.753334786536314], [16.294918236385687, 56.753368893443096], [16.29524458172621, 56.75334870592014], [16.295505009861877, 56.75330198400381], [16.295640017639414, 56.753294472461114], [16.295928638303685, 56.75327934631326], [16.29638572178236, 56.753241267645535], [16.296956192714195, 56.7531397570009], [16.29752216243, 56.75309946422969], [16.298032901932107, 56.75301797278903], [16.298538319379066, 56.75293473861336], [16.29861436094547, 56.752930262909544], [16.299028191600303, 56.75290520185713], [16.299567151646198, 56.75287569153993], [16.299926415260583, 56.75285604619772], [16.300401194936228, 56.7529166707881], [16.30085937586261, 56.752910634451304], [16.301110558766656, 56.752932267088006], [16.30146840386515, 56.75297299807441], [16.301556410493056, 56.752983039061455], [16.301769998755507, 56.75300551204264], [16.3019579825363, 56.75306364482568], [16.302055687640593, 56.75315128628163], [16.30223713329409, 56.753258175394144], [16.302515644626542, 56.75330170768675], [16.302793413087716, 56.75330033315114], [16.303053904731975, 56.75323625772921], [16.30320062271141, 56.75320867301052], [16.30341661029399, 56.75327702220443], [16.303479882414777, 56.7532971111056], [16.303725630305834, 56.753340803513524], [16.30398743521546, 56.75335746933564], [16.30396520528729, 56.75298059742313], [16.30399555635052, 56.752836822831824], [16.304043671971133, 56.752773708328085], [16.304190823040944, 56.75278205070296], [16.304319334166376, 56.75263778743806], [16.304694365573724, 56.752112313724446], [16.30473468225882, 56.75203436940837], [16.30469898421867, 56.751837118325795], [16.304564594884894, 56.751613321999415], [16.30429894755315, 56.7513453548419], [16.30424388578367, 56.7513052378756], [16.303968300970013, 56.75110456662288], [16.30367007397663, 56.75084574305609], [16.303519951430545, 56.75065795219865], [16.303435003342457, 56.750451872377376], [16.303349100215833, 56.75018310311981], [16.303229467733814, 56.74985153506327], [16.30303062680349, 56.74968194926198], [16.302766746955417, 56.749530559469086], [16.302667114555597, 56.74944545354327], [16.30221269734379, 56.74943043848625], [16.30159296014713, 56.74938822215274], [16.301537270608822, 56.749384401868284], [16.301078337583835, 56.749340144851594], [16.30062752538033, 56.749296699914844], [16.300176843505685, 56.74925316214693], [16.299726033337773, 56.74920971394071], [16.29933191221731, 56.749171691346156], [16.29871831580775, 56.749107927659026], [16.29866075677845, 56.74910071225257], [16.29805587214322, 56.74901574485823], [16.29746200101774, 56.74890990871004], [16.297414089099835, 56.74890088523272], [16.296833677390822, 56.74877460496607], [16.296787832282238, 56.748762955067654], [16.296223189655453, 56.748616745069405], [16.295676492726795, 56.74845121298091], [16.295632989341627, 56.74843702259121], [16.29545568968775, 56.7483749068613], [16.29540485599347, 56.74837498579425], [16.295291752261406, 56.748371938946136], [16.294668467111418, 56.7483512841378], [16.294048755611524, 56.7483090301812], [16.29385741442179, 56.748293409439285], [16.293243842864857, 56.74822961867948], [16.29291959667617, 56.74818402447332], [16.29274483770759, 56.74818790310885], [16.292697914455566, 56.74818794039332], [16.292342374763713, 56.748200968581095], [16.292150222725066, 56.74820484607399], [16.291525796371648, 56.748205836190294], [16.290902517428503, 56.74818516341492], [16.290771973851477, 56.748180765631034], [16.290770756185555, 56.74818068838971], [16.290582707240496, 56.748174460750796], [16.290092753836415, 56.74814099401902], [16.289979595787344, 56.74813632656155], [16.289359892751463, 56.748094049258796], [16.289253821867057, 56.748083737301], [16.288984453921124, 56.748065412765], [16.28879511040367, 56.74804895499088], [16.28818154941706, 56.747985139277304], [16.287576705659998, 56.74790012084453], [16.28698288092009, 56.74779423455589], [16.2868181816183, 56.747760991042036], [16.2862378223728, 56.747634661191924], [16.28567323541708, 56.74748840404879], [16.28560579194293, 56.747467988930474], [16.285316905836897, 56.74745839148394], [16.284697218871777, 56.74741609092879], [16.28464854947847, 56.74741237048366], [16.284035007250978, 56.74734853426415], [16.283987326431916, 56.74734219870068], [16.2833825021733, 56.74725715892655], [16.282788699141218, 56.74715125345208], [16.28274241122207, 56.74714220765813], [16.282162073315476, 56.747015858737875], [16.282117725209243, 56.74700436778054], [16.281553163449978, 56.7468580909551], [16.28100655739501, 56.746692494082986], [16.280964420683464, 56.74667864396276], [16.280438218504838, 56.74649432999627], [16.279934332526462, 56.74629208837297], [16.279894954564995, 56.746276054132316], [16.27978086156727, 56.746223866720484], [16.279629264352437, 56.746294051866954], [16.279591785492062, 56.74631006730027], [16.279089972586338, 56.746513828937346], [16.27856557143066, 56.746699764418295], [16.27852546004678, 56.746713740030295], [16.27798073641676, 56.74688110689071], [16.277938390666748, 56.74689285992646], [16.27737520410707, 56.74704083020276], [16.276796240702982, 56.747169018736706], [16.27675192863133, 56.74717845546854], [16.276159189564403, 56.74728621062032], [16.276113446365077, 56.747293235891675], [16.275587171798836, 56.74736895753915], [16.275509344638813, 56.747380174277126], [16.274896566444223, 56.74744590820041], [16.27484979608074, 56.74745042868009], [16.274230625039145, 56.74749466670143], [16.274183231354623, 56.74749676742118], [16.27356009443857, 56.74751948375486], [16.272935679258516, 56.747520380703115], [16.27288833308408, 56.74751987576963], [16.272265074369415, 56.74749910883028], [16.272217780332433, 56.74749617813006], [16.271598106525733, 56.74745381240757], [16.271154405081923, 56.7474075840096], [16.27100513234875, 56.7473954517383], [16.270391610933693, 56.74733154829424], [16.270306996253726, 56.74732145086464], [16.269702200676615, 56.74723634550485], [16.269394614414672, 56.74718782613348], [16.26880085084693, 56.74708185296397], [16.268751052483402, 56.74707256817766], [16.268170763317357, 56.74694615390517], [16.268129434554297, 56.74693615379063], [16.26756492893717, 56.74678981426328], [16.267018382902407, 56.74662415580782], [16.26697246647738, 56.746609980010426], [16.266749173288215, 56.74653373857953], [16.26622304025658, 56.74634936431887], [16.266176055796258, 56.7463315162378], [16.265672247811935, 56.74612921662639], [16.265192952655998, 56.74590986840269], [16.265155555034728, 56.74589237189093], [16.264702546530614, 56.74565667508875], [16.264668724691674, 56.74563725626556], [16.26424379772806, 56.74538636101181], [16.263848868323716, 56.745121147660676], [16.263818625688778, 56.74509989538151], [16.26345521582185, 56.74482151582042], [16.263428969356625, 56.744798785393954], [16.263098326062423, 56.74450830545378], [16.26280210885137, 56.74420696562031], [16.262780131622524, 56.74418284500582], [16.262519321193498, 56.74387171371031], [16.262295040184682, 56.74355221651217], [16.262277613735403, 56.74352706141357], [16.26209071320843, 56.74320035967414], [16.262077841480192, 56.743174349812726], [16.261929037342334, 56.74284178147665], [16.2618190500468, 56.74250477875479], [16.261811013445886, 56.74247818084329], [16.261740286538707, 56.74213790555541], [16.26173723079159, 56.742111077533295], [16.261705953001695, 56.74176914598508], [16.261714297648556, 56.741426812513616], [16.261716089959794, 56.74139984557513], [16.26176396573095, 56.741058370747155], [16.261770622605585, 56.74103171395994], [16.26185794513522, 56.74069271312895], [16.261984350604205, 56.74035735970586], [16.26199574209732, 56.740331194057035], [16.26216060240526, 56.74000093001953], [16.262363288637825, 56.73967711020133], [16.262379556153075, 56.739651613914845], [16.26252001644152, 56.73946631172387], [16.26231869096121, 56.73931195772282], [16.26230161873159, 56.739297308478605], [16.261971033019684, 56.73900682504822], [16.26167486871193, 56.73870548204713], [16.26141410597895, 56.73839434796574], [16.261402642970882, 56.73837811533572], [16.261178404836414, 56.738058616566384], [16.26099154162341, 56.737731911839546], [16.260848739751044, 56.73741257700804], [16.26084276929467, 56.73739934268429], [16.260825938900876, 56.737347591031046], [16.260705804678093, 56.737137528216074], [16.260557037292298, 56.736804958667456], [16.260447080672538, 56.736467954284265], [16.260416823975763, 56.73637349012964], [16.260346123553354, 56.73603321360208], [16.260314862601636, 56.73569128131685], [16.26032322098136, 56.73534894754486], [16.260326863867668, 56.735244349944175], [16.260374745193886, 56.73490287439951], [16.26038186792724, 56.73487001527864], [16.260469189485182, 56.73453101509898], [16.26059558745064, 56.73419566279463], [16.260636743998518, 56.734092302138265], [16.260801589757776, 56.73376204053849], [16.261004254903252, 56.7334382227069], [16.26124397043277, 56.73312202425221], [16.261314592055157, 56.7330332771735], [16.261590323985455, 56.7327261457341], [16.261901166020813, 56.73242916766076], [16.262245543697272, 56.7321436173951], [16.26234626002236, 56.73206417681685], [16.262722995027488, 56.73179114296982], [16.263130643999688, 56.73153180818144], [16.263567351217493, 56.73128708853686], [16.263694490813094, 56.73121995491871], [16.264158542202416, 56.73099103592676], [16.26464821356432, 56.730778653116424], [16.265161378449527, 56.7305837262472], [16.26530990459281, 56.73053155449992], [16.26558676721771, 56.73044008216489], [16.265659760346747, 56.73029399739108], [16.265675107426915, 56.730269408422735], [16.26587771219677, 56.729945582755576], [16.2661173648708, 56.72962937503181], [16.266136785239482, 56.72960573204893], [16.266412453004467, 56.72929859005945], [16.266723228977657, 56.729001600989896], [16.266746599193826, 56.72897917562937], [16.267091044387364, 56.728693610742866], [16.26711836003611, 56.72867231232004], [16.26749502805778, 56.7283993540384], [16.267902609210456, 56.728140003793996], [16.267933484448236, 56.728120376978175], [16.268370120985484, 56.72787564068612], [16.268404289587362, 56.72785777628912], [16.268868272605737, 56.72762883993302], [16.269357873708895, 56.72741643881717], [16.26939506870187, 56.72740042922166], [16.269908162967383, 56.72720548301663], [16.269947990368394, 56.727191602774774], [16.270482718394902, 56.72701493875102], [16.27103667934673, 56.72685721021768], [16.2710787306093, 56.72684537252761], [16.271649789334184, 56.726707228856846], [16.27169367048996, 56.72669770832559], [16.272279555420507, 56.72657971244014], [16.272877856618667, 56.726482336392905], [16.2729233026128, 56.726475225330695], [16.27353174404352, 56.726398853168874], [16.273578214456457, 56.726394156387634], [16.273976320744612, 56.72635864739082], [16.27419425079879, 56.72633917247076], [16.274815324534078, 56.72630569292717], [16.27486228328818, 56.72630350550739], [16.274993459646414, 56.726300995667245], [16.27507049273971, 56.72626760009663], [16.275583541946677, 56.72607263069163], [16.275609898376064, 56.72606301858167], [16.276144585183587, 56.72588633040767], [16.276308090288392, 56.72583974130484], [16.27633950738741, 56.72582432786002], [16.27653454391588, 56.72573789064316], [16.27702407692937, 56.72552545965075], [16.277069016991693, 56.72550748246969], [16.277554637566666, 56.72532293684794], [16.277707208675327, 56.725212320146255], [16.277737866264843, 56.72519044688655], [16.2781453403445, 56.72493106260275], [16.27817996458566, 56.72491094550687], [16.27861649876414, 56.72466617364043], [16.279080378500364, 56.72443719962089], [16.27911857451297, 56.7244191112012], [16.27960807577802, 56.724206670156015], [16.279649449700496, 56.72419088498481], [16.279704792361162, 56.724169835048336], [16.27979490065273, 56.724069379117104], [16.279820542644824, 56.72404270594932], [16.27982197860863, 56.724041343486924], [16.279859152452378, 56.724005119671354], [16.279885254156465, 56.723976106624555], [16.28016572259041, 56.72369179045265], [16.280207485328486, 56.723651835632154], [16.280240958169117, 56.723617716211926], [16.280246959271608, 56.72361190520646], [16.280273448656242, 56.72358243885192], [16.28049364816326, 56.72335677099313], [16.280686631360222, 56.72315904923302], [16.280895369325147, 56.72294517591882], [16.280913210596, 56.72292693673503], [16.280919208432042, 56.72292103588108], [16.28097724398471, 56.72286429618454], [16.281287852264374, 56.72256727124782], [16.281301434450636, 56.722554555611], [16.281374936572675, 56.72248903221499], [16.281391046363353, 56.72247539210204], [16.28173518562327, 56.72218978860827], [16.281811517571114, 56.72212827899231], [16.281813489416212, 56.7221268211463], [16.281831474877386, 56.72211289213892], [16.281833967497313, 56.72211089074772], [16.281921932833313, 56.72204674566925], [16.282298424339444, 56.72177365332395], [16.2823177740624, 56.721760159445964], [16.282413573906204, 56.72169665217943], [16.282820978166345, 56.721437253675845], [16.28284182139172, 56.721424103732176], [16.28294045999242, 56.721364878625856], [16.28294402901118, 56.7213628661309], [16.282965178359, 56.72135079029061], [16.28296848089859, 56.72134887038604], [16.28340494115366, 56.72110408194934], [16.28351249688533, 56.7210455731793], [16.283536067004565, 56.72103338335881], [16.283999872168792, 56.72080439123021], [16.284115566902823, 56.72074750428314], [16.28414036850588, 56.72073593059191], [16.28425796535718, 56.72068351540662], [16.284747389121748, 56.72047105439669], [16.284751513963148, 56.72046948535826], [16.284768515129446, 56.720462302855566], [16.284779934628414, 56.72045733514099], [16.28490249431928, 56.720408281494365], [16.285415412706083, 56.7202132720206], [16.285441352917804, 56.72020348238111], [16.285571127556416, 56.72015660074295], [16.28559976601457, 56.72014687308401], [16.2861343201552, 56.71997014249005], [16.28626479768398, 56.719928102855725], [16.28627080127731, 56.71992633378096], [16.286295739626812, 56.71991880049952], [16.28629960705289, 56.719917592559135], [16.286433843002943, 56.71987910787062], [16.28698762998125, 56.719721308151584], [16.287017002089552, 56.71971336954479], [16.287157938647972, 56.71967777895167], [16.287728827439057, 56.719539562221456], [16.28775957138216, 56.719532327147796], [16.287900130191446, 56.71950150065316], [16.288129494170278, 56.719455293297806], [16.288108273626204, 56.7192247399205], [16.28809860480652, 56.71911929005329], [16.28810670923162, 56.7187769546818], [16.288154319903644, 56.71843546971007], [16.28816288774712, 56.71840232337939], [16.28816683429623, 56.718379825081804], [16.28825386954828, 56.718040806756406], [16.288280508875708, 56.717941179260755], [16.288406607020775, 56.717605799229894], [16.28857113877087, 56.71727550057264], [16.28877347797855, 56.71695163822608], [16.288823896459398, 56.716873683986364], [16.288839368283032, 56.71676276383273], [16.288860030762287, 56.716657808909396], [16.28894705599143, 56.71631878915538], [16.28907314134523, 56.71598340843202], [16.2892376619999, 56.71565310885119], [16.289290419620826, 56.715560936896615], [16.28949274364131, 56.71523707336351], [16.28973210410334, 56.71492082083287], [16.290007473094388, 56.71461362729767], [16.29009186823641, 56.71452876274171], [16.290402336602156, 56.714231715329035], [16.290746332838026, 56.71394608722506], [16.291122681570943, 56.71367296850617], [16.291235597169166, 56.71359885624899], [16.29164285355787, 56.71333942924057], [16.292079165024553, 56.71309461078517], [16.292542822449864, 56.71286558723097], [16.292679770741437, 56.7128049693063], [16.29316904487695, 56.712592475631475], [16.29368181257555, 56.71239743258182], [16.294216220523378, 56.7122206668546], [16.2943720298235, 56.71217593036509], [16.294925671989578, 56.71201809671928], [16.295496416152346, 56.711879844888806], [16.296081995168006, 56.71176173731423], [16.29667999849929, 56.7116642490158], [16.296848801647155, 56.711637069781915], [16.29745695372477, 56.71156058194315], [16.29807271130249, 56.71150548112404], [16.29869351940755, 56.711471883695154], [16.29888462484181, 56.711462615893964], [16.299508062226174, 56.71145063592397], [16.299679985648883, 56.71145153830222], [16.30030363806624, 56.71146138073829], [16.3009248010928, 56.71149280513388], [16.301115676714282, 56.711504196914966], [16.30173192998388, 56.711557228551165], [16.302340975240575, 56.711631622033046], [16.302451375437204, 56.71164924193571], [16.302612161618637, 56.71167477987332], [16.30294010805291, 56.71172704635666], [16.303107749308015, 56.71175601516427], [16.30334132353819, 56.71180226020351], [16.303361332127597, 56.71180043365307], [16.303982139977915, 56.71176680987718], [16.30417355845961, 56.71175878856537], [16.304797000296908, 56.71174678210317], [16.304878937064636, 56.71174772016892], [16.30550259374941, 56.711757537471556], [16.30577046826989, 56.711771079503905], [16.306123767239466, 56.71178893589073], [16.306314423045002, 56.711801669754], [16.306930688082424, 56.71185467472415], [16.307539748034245, 56.711929042724655], [16.308138898372597, 56.71202444196656], [16.308305910894873, 56.71205457843925], [16.308311881129107, 56.7120557727343], [16.3085991685579, 56.71205024121529], [16.30864633176269, 56.712050644398026], [16.309262309074914, 56.712060253121415], [16.308920500471842, 56.71190394628411], [16.30888607296861, 56.71188625198723], [16.308433205343388, 56.71165071313033], [16.308008511428284, 56.711399964783425], [16.3079772574916, 56.711380529807464], [16.3075823806886, 56.711115453397156], [16.307554709517284, 56.71109445419713], [16.30719117459753, 56.7108162020623], [16.306860631644454, 56.7105258345356], [16.30683682091027, 56.71050344786423], [16.306540526830418, 56.71020221074455], [16.306520583715738, 56.71017870438147], [16.306259653023936, 56.70986766352716], [16.306035075121628, 56.7095482464048], [16.30601954499554, 56.70952379522481], [16.305832439240568, 56.7091971582999], [16.305821058488743, 56.70917194572198], [16.305739155974187, 56.70898910095962], [16.30534998721595, 56.70875926102105], [16.3049551565005, 56.708494175968205], [16.304935021484237, 56.7084806427369], [16.30457153128547, 56.70820238264364], [16.304241031660826, 56.70791200875197], [16.30394477891195, 56.70761076515146], [16.30392228310135, 56.70758737494324], [16.30366139202489, 56.70727632834337], [16.3036419010916, 56.70725021209395], [16.303417361225584, 56.706930789951514], [16.303230291135012, 56.706604147927905], [16.303216632928425, 56.70657922848298], [16.30306775132139, 56.706246707831895], [16.30295750830813, 56.70590973977398], [16.302886485416423, 56.70556948815], [16.302884992900886, 56.70556141920081], [16.302830925396055, 56.705396067870396], [16.302759903018803, 56.70505581525613], [16.302755362698992, 56.70502576981342], [16.30272374867572, 56.704683848131836], [16.302711308585707, 56.70449533434078], [16.30271190256702, 56.70446577430249], [16.302719873129025, 56.70412343870648], [16.30276733314495, 56.70378194716837], [16.302772257224387, 56.70375683337106], [16.30285913077228, 56.70341780389921], [16.302868101860803, 56.70339291732179], [16.302993887751903, 56.70305752398945], [16.303078015420027, 56.702888571919694], [16.303026369924403, 56.70264127061411], [16.303023744443994, 56.70261596531309], [16.302992130334736, 56.70227404357176], [16.303000096553177, 56.70193170787035], [16.303002037236073, 56.70190213283477], [16.303049493862805, 56.70156064197502], [16.303258070724837, 56.70020364113633], [16.30326268187128, 56.70018508861281], [16.303248519582077, 56.700176702954046], [16.303215102322543, 56.70015666051042], [16.302820377502037, 56.69989156785928], [16.302790805345584, 56.69986977887277], [16.302427414837798, 56.699591511701094], [16.302097008106724, 56.69930113131353], [16.3020716924808, 56.699277770248855], [16.30177552585423, 56.698976520696775], [16.30175447707219, 56.69895194785349], [16.30149366462191, 56.69864089594162], [16.30126919525157, 56.69832146918165], [16.301252823076098, 56.69829576832816], [16.30106581404084, 56.69796912324819], [16.30091698648974, 56.69763659933757], [16.30090543847691, 56.69761022002288], [16.300795241158298, 56.697273249392644], [16.300788519987382, 56.69724628057721], [16.30071753249889, 56.696906027108035], [16.300685944819758, 56.69656410346015], [16.300684336891088, 56.69653699140349], [16.30069232362675, 56.69619465545147], [16.30069556080547, 56.69616749280705], [16.300743031858556, 56.695826001557776], [16.30082990649543, 56.69548697397585], [16.300838139503462, 56.695460208400014], [16.30096391640895, 56.695124815855074], [16.30112824441714, 56.69479450127235], [16.30114134367178, 56.69476831378568], [16.30134359220565, 56.69444442950131], [16.301364384135663, 56.69441483723409], [16.301603516757314, 56.69409856189509], [16.301998849671463, 56.69361105465303], [16.30194931569453, 56.69337361213827], [16.301917720289175, 56.69303168864961], [16.301909135531453, 56.692935121119945], [16.30191711087398, 56.69259278494895], [16.301964566843846, 56.69225129311232], [16.302035528281195, 56.69197450347207], [16.302001218103445, 56.69186984980052], [16.301930233628, 56.6915296865542], [16.301898637089522, 56.691187673137506], [16.301891530197036, 56.691091000288054], [16.30189950555925, 56.690748664019814], [16.30191763474124, 56.690618579584765], [16.301832319353718, 56.69059647448448], [16.301790469652307, 56.69058541391801], [16.301244595419085, 56.69041990103247], [16.301204692213833, 56.69040675342111], [16.300679181693397, 56.690222520160376], [16.300175944777592, 56.690020355658866], [16.30013853187982, 56.69000520504916], [16.299659756386816, 56.68978598509374], [16.299624967323957, 56.68976883118682], [16.299172426264647, 56.68953325548148], [16.298748043054434, 56.68928247331836], [16.2987165647254, 56.68926366826808], [16.298321988072335, 56.688998560237195], [16.29829382143944, 56.68897819224115], [16.29793057003585, 56.688699910854034], [16.297600294396364, 56.688409517457686], [16.29757585245595, 56.688387763672274], [16.297279808372814, 56.68808650236992], [16.297259093551215, 56.68806354167624], [16.296998394650455, 56.6877524793149], [16.29677402939036, 56.687433043445445], [16.29675745592969, 56.68740914107039], [16.2965705427255, 56.68708248824799], [16.296558118012708, 56.68705782387393], [16.29640937296363, 56.68672529365196], [16.296299249022212, 56.68638831904201], [16.296289894044268, 56.686358951468684], [16.296182252399145, 56.68589430219117], [16.296111329271437, 56.68555404430832], [16.296106916848693, 56.685523548005065], [16.29607538040542, 56.68518162325993], [16.296083409699285, 56.68483928589913], [16.29608439219921, 56.68481304528771], [16.296131892260206, 56.68447155506179], [16.29613745993509, 56.684445536280755], [16.296224349691343, 56.684106511251954], [16.296350132965323, 56.68377112273464], [16.29636015316146, 56.683745416992615], [16.296524471853974, 56.683415107949735], [16.296539095415923, 56.68339016201169], [16.296741324029842, 56.68306628471574], [16.296980423393755, 56.682750017852534], [16.296999385252843, 56.68272601591278], [16.29727446371245, 56.682418806086], [16.297297634886824, 56.682395837540376], [16.297304669937258, 56.68238902651854], [16.297220028324126, 56.68235460477533], [16.2971780590838, 56.68233581876884], [16.297155904205294, 56.68232571870992], [16.296699263131195, 56.68211658716656], [16.296246831070636, 56.68188100096855], [16.296213910964628, 56.6818631079007], [16.29578963592839, 56.68161231486193], [16.295759887035636, 56.68159268156041], [16.295365410405612, 56.68132756340654], [16.29500225496478, 56.6810492727163], [16.29497595928466, 56.681028256495914], [16.29464577429556, 56.68073785451077], [16.29461944338554, 56.68071189780855], [16.29432348556721, 56.68041062872213], [16.294015368144724, 56.680068702105224], [16.29375475209725, 56.6797576321953], [16.29373591784623, 56.67973438184549], [16.29351163043152, 56.67941493934117], [16.29349627028735, 56.67939093408596], [16.293309425988365, 56.67906427565239], [16.293162888433606, 56.67880223535227], [16.293151594914022, 56.67877899646867], [16.293002913539244, 56.678446461464006], [16.292994973889893, 56.6784229182012], [16.2928849057223, 56.67808593988639], [16.292783597767528, 56.67770602083642], [16.292779285867223, 56.67768621264551], [16.29270840994895, 56.6773459530764], [16.292497226151585, 56.67606051623968], [16.29246573157923, 56.675718589888795], [16.292463453869416, 56.675687442340326], [16.292471515188666, 56.675345104562524], [16.29247436913986, 56.675318396188096], [16.292521889579852, 56.6749769067522], [16.29260879291603, 56.67463788277703], [16.292616367553673, 56.67461148389465], [16.292742150951213, 56.67427609943263], [16.292754455471844, 56.674250280382196], [16.292918767286437, 56.673919974731064], [16.293120975887533, 56.673596102935484], [16.293137885350163, 56.67357113451297], [16.293276410047394, 56.673387879169], [16.293208773109576, 56.6730634856675], [16.293177276598193, 56.67272155843772], [16.293175149268293, 56.67269481101106], [16.293183202294895, 56.67235247397276], [16.29318591866329, 56.67232567624696], [16.29323342929585, 56.67198418642444], [16.293320319773425, 56.6716451627508], [16.29332789334331, 56.671618763817634], [16.293453662430927, 56.67128337763702], [16.293465960809637, 56.67125746871089], [16.29355320170992, 56.6710819325888], [16.290302948321475, 56.671021598950894], [16.290092841433726, 56.67102018269348], [16.289142737903077, 56.671002713116096], [16.284173978251097, 56.6709274795623], [16.283886962107502, 56.67092792318812], [16.282506955158524, 56.670998467283724], [16.28243041468293, 56.6710151551223], [16.28227087013494, 56.67083048984016], [16.282053439030147, 56.67040738181728], [16.28195863279196, 56.67017147568067], [16.281650504705663, 56.670227647143605], [16.281047647346227, 56.67031460788049], [16.281002238538928, 56.67032073455285], [16.280390719784705, 56.67038649067719], [16.28034442406152, 56.6703902901655], [16.279726521418706, 56.67043455039275], [16.27910466018188, 56.670457288154545], [16.27905787306784, 56.67045848750191], [16.278434731999095, 56.670459406362845], [16.278387999543448, 56.670458268836], [16.277766011737103, 56.67043752441349], [16.2771475988785, 56.670395180180115], [16.277101319826155, 56.670391522661774], [16.27648904245076, 56.67032764205078], [16.276443625892203, 56.670321640285806], [16.275840053617145, 56.67023655826687], [16.27524748807084, 56.67013060922095], [16.275203200469626, 56.67012216953614], [16.274624075645587, 56.66999577864688], [16.27458159673846, 56.66998507491662], [16.274018220419453, 56.66983875697536], [16.273472902991884, 56.669673118605694], [16.273432368359067, 56.66966023824133], [16.273029568345923, 56.669518921610184], [16.27277011021133, 56.66948231802383], [16.27272518509433, 56.66947487141464], [16.272132638460246, 56.669368908357775], [16.27155353693214, 56.66924250306102], [16.271502822391792, 56.66923098299936], [16.271214786977165, 56.669156760025466], [16.27086756777325, 56.669067239924836], [16.270520488624687, 56.668977807283724], [16.26998812676195, 56.668840497267325], [16.269424785120016, 56.66869415926342], [16.26937695422832, 56.66868027378711], [16.269261264647373, 56.66864516144719], [16.26932824077486, 56.66870017400095], [16.269353754403557, 56.668722641089964], [16.26966673907736, 56.66901876415245], [16.26994495373762, 56.66932512255959], [16.26996634081929, 56.669348888587045], [16.270208533831237, 56.66966432726329], [16.270225515731852, 56.669689127410926], [16.270430971880074, 56.670012395998874], [16.270598568045134, 56.67034215933872], [16.270611135772768, 56.67036772236118], [16.270740292209123, 56.67070272862451], [16.270748170185243, 56.670728878578174], [16.2708385636245, 56.67106760376498], [16.270889481475006, 56.67140888810334], [16.27089266058068, 56.671435355544624], [16.270904185791974, 56.671777669907364], [16.270903941447486, 56.67178243346704], [16.27090265669664, 56.67180418539562], [16.27087474416307, 56.67214627326915], [16.270807209322253, 56.67248661087996], [16.270800959707007, 56.67251281514001], [16.270694432497017, 56.67285022525847], [16.27068345927856, 56.67287602936396], [16.27053802268797, 56.67320898630124], [16.270372863748637, 56.673503786161], [16.270376322170467, 56.673510578459016], [16.270505486025325, 56.67384558388], [16.270581255500886, 56.674129482800474], [16.270636597719005, 56.674238330997156], [16.27064770516602, 56.67426444799724], [16.2707768741331, 56.67459945397304], [16.270867279237276, 56.67493817887348], [16.270873691906488, 56.67496479300225], [16.270924617477267, 56.675306077075206], [16.270926060009675, 56.67533292071825], [16.270937587259652, 56.67567523575907], [16.270909672691523, 56.676017323442814], [16.270906403478573, 56.676044126215196], [16.27085233026495, 56.67631677377429], [16.2708858735561, 56.6765415455632], [16.270897400940363, 56.67688385964428], [16.27089813503337, 56.67690963322931], [16.270870219387845, 56.677251721741406], [16.270866507716505, 56.67727736099375], [16.270798964263843, 56.677617697467404], [16.270790935852325, 56.67764311121662], [16.270684396402054, 56.6779805219994], [16.270538940805004, 56.678313478756614], [16.270526586537375, 56.67833830857412], [16.27034298058228, 56.67866554545671], [16.27012211974454, 56.678985706350765], [16.270105297838768, 56.67900977214851], [16.26984781094804, 56.67932159252725], [16.26982705100235, 56.679344621154335], [16.269534110358965, 56.67964692079133], [16.26920687950342, 56.67993834079776], [16.26918204257893, 56.67996024282963], [16.268821830572485, 56.680239691343765], [16.268793443360135, 56.68026010204222], [16.26840155511657, 56.680526397436665], [16.267979846948723, 56.680778622117614], [16.26794790899172, 56.680797541344894], [16.26749795198914, 56.681034421926654], [16.26746299014376, 56.68105148588479], [16.266986507840535, 56.68127228482052], [16.266485486237382, 56.68147599431176], [16.26644763391759, 56.68149120145631], [16.26592406899901, 56.68167708197549], [16.26587706649563, 56.68169238104518], [16.26533308534618, 56.68185969276207], [16.26438436113032, 56.682136121447996], [16.26382222220979, 56.68228411734917], [16.263770442369506, 56.68229748832695], [16.263192283929765, 56.68242552150378], [16.26314614001204, 56.68243434445153], [16.262554509726115, 56.68254203038227], [16.261951410681647, 56.682628898663125], [16.261903835807043, 56.68263521989807], [16.26145987560514, 56.68268283512167], [16.26145069524697, 56.682686071883055], [16.26090667992912, 56.68285336439046], [16.26086467723699, 56.682865287449765], [16.260302513460136, 56.68301326755689], [16.25972433208806, 56.68314128472135], [16.259680501358645, 56.68315089071356], [16.259088714290005, 56.683258561632165], [16.259043320590752, 56.68326575819841], [16.2584403371227, 56.683352608185544], [16.257828566635915, 56.68341825537564], [16.257774503969838, 56.683423831906964], [16.257489716502267, 56.683445481127244], [16.257543279389655, 56.683529919535076], [16.25755784953071, 56.68355510418852], [16.25772552912845, 56.683884883022984], [16.257735547552866, 56.6839108332998], [16.25786463793721, 56.684245851596714], [16.25795494999625, 56.68458458577366], [16.25796026785775, 56.68461085214957], [16.25801109098447, 56.68495214143393], [16.258021744717503, 56.68527164842248], [16.25802706664499, 56.685281924499606], [16.258156164510474, 56.68561694328831], [16.258192596165994, 56.68571233351925], [16.25828291486654, 56.68605106735184], [16.258333743038225, 56.68639235640578], [16.258345160858518, 56.68673467159836], [16.258346797986192, 56.686832210230115], [16.258318764089022, 56.687174295903546], [16.258251090922517, 56.68751462561022], [16.258144410939465, 56.687852025766276], [16.25810818084253, 56.68795650395339], [16.257962576855977, 56.68828944614931], [16.25792975731699, 56.68835086163179], [16.257745994358803, 56.6886780801149], [16.257524968908466, 56.688998218885324], [16.257453479029884, 56.689095148870635], [16.257195821191726, 56.68940694333551], [16.25690270030258, 56.68970921358084], [16.25681875472013, 56.68978390030809], [16.25674898198315, 56.68990820986683], [16.256527940988505, 56.69022834687443], [16.25651004320173, 56.69025287170606], [16.256252369737297, 56.6905646633329], [16.256230128263017, 56.690588153750795], [16.255936992192325, 56.69089042172475], [16.255609559506382, 56.69118180637101], [16.255583369697067, 56.69120398874523], [16.25522295022545, 56.6914833983395], [16.255192803421096, 56.69150400323776], [16.25480070452038, 56.69177025627515], [16.25437878013738, 56.69202243540011], [16.254345209898972, 56.69204136744875], [16.253895033669632, 56.69227819942295], [16.253418330339624, 56.69249894702362], [16.25338146320823, 56.6925159362237], [16.252880220514456, 56.69271959157764], [16.252840458779268, 56.692734544124235], [16.25231666909637, 56.6929203681004], [16.251772465715877, 56.69308762036236], [16.251730340085892, 56.693100350106505], [16.251167987920418, 56.69324828956618], [16.25112376525362, 56.69325870501937], [16.250545397205418, 56.6933866801702], [16.249953557121305, 56.69349430697949], [16.24990750222382, 56.69350222464256], [16.249304332182383, 56.69358903197808], [16.24924947105879, 56.693595331499445], [16.248637518029135, 56.69366093333316], [16.24801482287957, 56.69371532163994], [16.247396499992888, 56.693759423093624], [16.247340596753734, 56.69376276722954], [16.246718329371834, 56.69378534583407], [16.24667026825323, 56.693785557261805], [16.24604674040332, 56.69378631571276], [16.245424381608178, 56.69376541054298], [16.24537650519735, 56.69376310478693], [16.244941281691162, 56.69373322922006], [16.244762144058477, 56.69373969047179], [16.24471515574649, 56.693739800578214], [16.24409162850396, 56.69374055013868], [16.243469271408983, 56.693719635193595], [16.243422335686375, 56.693717228551655], [16.242803576961563, 56.69367471541247], [16.24219097684645, 56.69361066869115], [16.242144769548165, 56.69360583021485], [16.24180806550749, 56.69355825327273], [16.24172475067499, 56.693579654379235], [16.241673026757265, 56.69359130924884], [16.241094619304306, 56.69371924069206], [16.240502614188667, 56.69382682405163], [16.24045680982221, 56.693834287371836], [16.23985347819755, 56.69392104949511], [16.23980651649199, 56.6939260982064], [16.239194541053113, 56.69399165464231], [16.23857620267921, 56.69403571148137], [16.23852848423403, 56.69403816254959], [16.2381386005263, 56.69405227805058], [16.237868906965165, 56.69408118918987], [16.23782191399034, 56.69408524913697], [16.23720357075122, 56.6941292991921], [16.236581290513417, 56.69415182631448], [16.2359577557235, 56.69415253519386], [16.235926226243613, 56.69415185967713], [16.23584521315121, 56.69414916022095], [16.23530386631137, 56.69413090395107], [16.23468510937626, 56.69408835048155], [16.234072517389183, 56.694024263796415], [16.234041685737996, 56.694020257428726], [16.233437827923126, 56.69393497142696], [16.23284500381376, 56.69382882212617], [16.23226565472395, 56.69370223567555], [16.23223700650575, 56.6936949736521], [16.231673436358903, 56.693548465522085], [16.23112795642695, 56.69338264305178], [16.230602607028995, 56.69319811436005], [16.230576959388248, 56.69318785734838], [16.23007419299327, 56.69298549684761], [16.22959564457324, 56.692765917713544], [16.229143502508233, 56.692530175904594], [16.228719549293803, 56.692279153499406], [16.228698129877895, 56.69226642941622], [16.228384129106175, 56.69205510404854], [16.22782383334024, 56.692156834638176], [16.22722063409099, 56.69224353517517], [16.227173971239864, 56.69224947375978], [16.226562000140447, 56.69231496813436], [16.226514318045137, 56.69231849152215], [16.225895991412738, 56.69236248627941], [16.225273731135257, 56.6923849568466], [16.225225691989525, 56.69238578872566], [16.22460218535904, 56.692386439747544], [16.223979860073474, 56.69236542729379], [16.22392392025919, 56.69236346207655], [16.223853897096184, 56.692359029617506], [16.223235181381988, 56.69231641908865], [16.223184140341118, 56.69231188970816], [16.222571594370002, 56.692247746262495], [16.222528717530885, 56.6922416998297], [16.221924911841022, 56.69215635688575], [16.2213321490563, 56.692050153396586], [16.221290415290373, 56.69204202884186], [16.22071113176055, 56.691915388341634], [16.220670813556236, 56.69190518321854], [16.22010731444742, 56.691758622421375], [16.219561910654136, 56.691592748937055], [16.21952355129682, 56.691580638371356], [16.21899828321169, 56.69139606034594], [16.218956015984457, 56.691379676069985], [16.218453333888384, 56.691177268263885], [16.217755361002325, 56.690880829516516], [16.21727691051047, 56.690661202574205], [16.21720590599362, 56.6906262341607], [16.216753868233443, 56.690390447753416], [16.216305496228784, 56.69013459156024], [16.21628463405291, 56.690122219316954], [16.216204572618945, 56.69011949695064], [16.216012415391912, 56.690110054797174], [16.215393744919236, 56.69006740511506], [16.2147812497973, 56.690003223115674], [16.214177497046094, 56.68991784326397], [16.21400791602564, 56.68989030104354], [16.213415209075023, 56.68978405961769], [16.212835986257794, 56.689657382195264], [16.212272550798943, 56.689510785637395], [16.212116131426615, 56.68946541733527], [16.211570797188415, 56.68929950760381], [16.21104559783972, 56.68911489569857], [16.210542989728136, 56.68891245557959], [16.21040585599768, 56.68885117804245], [16.20992747378289, 56.68863152161701], [16.20947550359426, 56.688395708449356], [16.20905172718756, 56.68814461820823], [16.208940578692904, 56.68807068972756], [16.208546641795984, 56.68780529470485], [16.20849101756932, 56.6877625360364], [16.208446299870243, 56.68773242806043], [16.20808371991703, 56.687453881919026], [16.207754143795, 56.68716324744162], [16.207670380399406, 56.68707827244055], [16.2073749251723, 56.686776705978296], [16.207114976836124, 56.68646554226577], [16.206891509268377, 56.68614585025223], [16.206705381668385, 56.68581914920959], [16.20665315934417, 56.685726861680756], [16.20650521232308, 56.685394219936875], [16.206395891514724, 56.68505707273771], [16.206325782011916, 56.68471685027291], [16.206305737081813, 56.68461194457345], [16.206275015022303, 56.68426999289836], [16.20627449305074, 56.68423262954315], [16.20628333714129, 56.68389029467318], [16.206331652284966, 56.68354892612565], [16.206349148185147, 56.68344356698494], [16.206436840465166, 56.68310451061281], [16.206563419855993, 56.68276921044321], [16.20672852491377, 56.682439105615536], [16.206778716689907, 56.68234600555481], [16.2069815767684, 56.682022272201884], [16.207221428758835, 56.68170626442008], [16.207497364390328, 56.68139915881403], [16.20757942221943, 56.681313474545185], [16.20789013793568, 56.68101663100833], [16.20823459806176, 56.68073122663634], [16.208611217892656, 56.6804583546948], [16.208722274723527, 56.68038307828275], [16.209129611318012, 56.68012391922958], [16.20956608554317, 56.679879478566114], [16.210029973540884, 56.67965066941254], [16.21016554635082, 56.6795888067162], [16.210654730518172, 56.67937672697598], [16.21116761575595, 56.67918202131352], [16.21170181134272, 56.67900561117294], [16.211856729381577, 56.67895954855446], [16.212410236182013, 56.678802081359116], [16.212820922798286, 56.678702863396666], [16.213077532780705, 56.678629848411695], [16.213648078533858, 56.67849197165707], [16.21386484968831, 56.67844835859071], [16.214159413061218, 56.67828334493336], [16.214562176352178, 56.67808466799446], [16.214573938559113, 56.678061198321174], [16.21458725091922, 56.67803573688358], [16.21479001825996, 56.67771190025698], [16.214807803639246, 56.67768738348748], [16.215047561208188, 56.677371360828765], [16.215323401707135, 56.67706423807864], [16.21534539166741, 56.67704075746993], [16.215656011319034, 56.67674389476745], [16.215682079370143, 56.67672172200412], [16.2160264415212, 56.6764362963053], [16.216402962258265, 56.67616340103839], [16.21643298151636, 56.67614271603085], [16.216840221110214, 56.67588353288783], [16.21687365895853, 56.67586461132152], [16.217310033773497, 56.6756201437774], [16.217773822427283, 56.67539130604916], [16.21781041534088, 56.67537423927619], [16.218299501833545, 56.675162129783146], [16.21881229022252, 56.674967392921424], [16.21885191030849, 56.67495236360546], [16.21938600826641, 56.67477591991377], [16.219427990801435, 56.67476320242133], [16.21998140261407, 56.674605701886186], [16.220551863708884, 56.67446779376789], [16.220595934693375, 56.674457300702514], [16.220968712756143, 56.674382321940534], [16.221005066108937, 56.674241382667816], [16.22101470158793, 56.67421478852527], [16.221141122550055, 56.67387947375065], [16.221306062034582, 56.6735493498465], [16.22132056434645, 56.67352342672944], [16.22132273841279, 56.67351990224729], [16.221317302290238, 56.673493276183706], [16.22131444737483, 56.673463300441995], [16.22128360153288, 56.673121353291585], [16.22128209848173, 56.67280453987937], [16.221290803575855, 56.672462203935225], [16.2212933251968, 56.672431996665736], [16.221341491254375, 56.672090621422754], [16.221348061799254, 56.67206495577658], [16.22143559421746, 56.67172588982213], [16.22156200338005, 56.67139057364152], [16.221573165602656, 56.67136540202559], [16.221582524779922, 56.67134689502979], [16.221568046022938, 56.67118642255883], [16.221568791143792, 56.67115120212758], [16.221577493466555, 56.670808866086624], [16.221625655087514, 56.67046749066589], [16.221646488236484, 56.670362814938116], [16.221734015870176, 56.670023748694874], [16.22186041525874, 56.66968843217268], [16.22202533230245, 56.66935830808406], [16.22207805596775, 56.66926616484373], [16.22228071448592, 56.668942316929765], [16.22250086638655, 56.66865189280056], [16.22223943510704, 56.66850686874418], [16.221791726966792, 56.668268722577956], [16.22132877297181, 56.66806656642385], [16.220850708701278, 56.66790048862773], [16.219654554675436, 56.66771422575103], [16.210161397432316, 56.65942000990395], [16.20360360727227, 56.66001509350551], [16.20355679511024, 56.66001940855396], [16.203519780289632, 56.65987523111901], [16.203395930911373, 56.6596614667589], [16.20333812886264, 56.65956150653548], [16.203182620254772, 56.659316696487615], [16.202991239060687, 56.65908166594623], [16.202851082847346, 56.658959684338356], [16.20274547720389, 56.65878212330569], [16.202548805256203, 56.658629965668524], [16.202155853720875, 56.6583886163152], [16.201844970183963, 56.65822776865231], [16.201583585456213, 56.65813857583202], [16.201305757943746, 56.658031485330866], [16.200962681836376, 56.65791559138516], [16.2006685838643, 56.65780856566722], [16.200341253377577, 56.65762083504567], [16.20006291945108, 56.657450955764304], [16.199653551949197, 56.65719161031811], [16.199407558309545, 56.65697677359503], [16.19911259594143, 56.65675315460532], [16.19893222253555, 56.656600924222374], [16.19866984582038, 56.656395136044544], [16.19842388045872, 56.65618927920588], [16.198272566271754, 56.656083658755506], [16.19812909417414, 56.655983532314366], [16.197720614854422, 56.655831878710245], [16.197247417891017, 56.65574318689759], [16.196839470065463, 56.65566329829504], [16.19661082960856, 56.65559201496769], [16.19640798642013, 56.65553674305704], [16.196121899023286, 56.65558395740707], [16.19591739401159, 56.6556546418588], [16.19565616382207, 56.65538658459698], [16.195442943041815, 56.65513935612843], [16.195200485596803, 56.65483949760653], [16.195102746963226, 56.65468799587815], [16.194985171120948, 56.6543813684961], [16.194886097075294, 56.65406001171321], [16.19483674179346, 56.65390714694073], [16.194797100206443, 56.65378077843421], [16.194767171192375, 56.653659526074094], [16.19475670337822, 56.653575186832214], [16.191433966984107, 56.65343114282939], [16.190060434251603, 56.65337160803897], [16.190267287404716, 56.65267120771721], [16.189450120235225, 56.65250205367793], [16.185898580212637, 56.651766635875475], [16.185290336613377, 56.651640738627655], [16.184333529590173, 56.651516267950974], [16.184387013837917, 56.65136897885249], [16.185444582275014, 56.64845976280833], [16.185489408004468, 56.64835396631632], [16.181722012558875, 56.64806747732967], [16.18090195706989, 56.65045187096935], [16.18050976237776, 56.651591930152456], [16.189789314685367, 56.654179877581505], [16.189279031995337, 56.65565471880909], [16.189153422293025, 56.65565969126599], [16.188757412588334, 56.655680720046796], [16.188415413143158, 56.65570832910168], [16.188187622878083, 56.655727660442], [16.188089690586544, 56.65573596069082], [16.18781260230123, 56.65572755592889], [16.187568241299868, 56.65574605589802], [16.187437733689865, 56.65571936435878], [16.187258404100543, 56.65569286780653], [16.186915736875743, 56.65563073942648], [16.186687302707444, 56.65559536781814], [16.18633553030266, 56.65553449265012], [16.185291472073477, 56.654081657392915], [16.185062850092795, 56.65400137077901], [16.184817675200435, 56.653912168475095], [16.184458560749214, 56.6538052751816], [16.184213692172722, 56.65374292689473], [16.183886980266895, 56.65362701035471], [16.183658399827003, 56.65357357979775], [16.18344587634565, 56.65345738508241], [16.183151704214325, 56.65333235406791], [16.182677754596952, 56.65313590878997], [16.18236716831028, 56.65300195906725], [16.182056877185303, 56.652885971676426], [16.181681392455324, 56.6527970120781], [16.181420080722802, 56.65269879366645], [16.18119132982449, 56.65260951828865], [16.180897340436097, 56.65251142822113], [16.180636058740326, 56.65243126364123], [16.180423571278954, 56.652332939538596], [16.18016195375981, 56.65219887946628], [16.179932885373468, 56.652064779916145], [16.179753082675198, 56.65196641355628], [16.1795080801359, 56.65188618222046], [16.179328302021222, 56.651805781816506], [16.179083140763794, 56.65170749451459], [16.178674783538906, 56.65155577782237], [16.17839721697544, 56.65145761627844], [16.17810324378566, 56.65135952042693], [16.1776464328325, 56.65127976218021], [16.17733666198632, 56.65121837468279], [16.17726476003121, 56.65119848404636], [16.177047722191276, 56.65113918297422], [16.17668828326268, 56.65100307552359], [16.17620444483198, 56.650754778300545], [16.17570921144137, 56.65056794094135], [16.175595304857126, 56.65052500033766], [16.17534312947277, 56.65042982679212], [16.17431518212094, 56.64991402674514], [16.173744592046443, 56.64968621133132], [16.173186234581266, 56.6494839690231], [16.17244992881677, 56.649367480318645], [16.172071980763235, 56.649318579044476], [16.17155817688535, 56.649138815726204], [16.17029430028141, 56.64870568993154], [16.170070093306443, 56.648713726406], [16.169447303034353, 56.648714098447435], [16.169391604640765, 56.648713363783095], [16.169059478192565, 56.64870202123965], [16.16877002640544, 56.648692073228354], [16.168315438281557, 56.6486737929744], [16.168259779256985, 56.64867000352306], [16.168020959282366, 56.64865346990583], [16.167791469119955, 56.64868634432006], [16.16718009601928, 56.64875154407184], [16.16713250856859, 56.64875657153126], [16.166514821379625, 56.648800269229284], [16.1664664815965, 56.64880269791014], [16.165844901049432, 56.64882486989047], [16.16522210699112, 56.648825220818075], [16.16516547992317, 56.64882494219099], [16.164527117575346, 56.648804415570844], [16.16390554023128, 56.64878309982579], [16.16384854738375, 56.648779680262834], [16.163230610043847, 56.64873676826554], [16.1626190050906, 56.64867232506317], [16.162570957326245, 56.64866675489263], [16.16196784761356, 56.64858111955254], [16.161921060724268, 56.64857284284395], [16.161377561559057, 56.648475059785504], [16.161370409962817, 56.64847431877449], [16.161339885415366, 56.64847002221558], [16.160767305943825, 56.648388676694175], [16.160720136142, 56.64838103203769], [16.160128230329722, 56.64827453224363], [16.15954981980788, 56.648147602967434], [16.15950431848267, 56.64813733764051], [16.15894171004042, 56.647990495578625], [16.158898285240525, 56.64797778482507], [16.158353781576423, 56.647811638618386], [16.157829557101046, 56.64762688635724], [16.157788754520773, 56.64761190554975], [16.157286846229404, 56.64740915732224], [16.15724893290877, 56.6473919032999], [16.15695648417003, 56.647257272947144], [16.156512377706584, 56.64714129797355], [16.155967896499025, 56.64697514121874], [16.155925925155994, 56.64696151746921], [16.155401725896812, 56.64677675484946], [16.15489984143964, 56.646573996875375], [16.154860626124435, 56.64655810102194], [16.15438323680749, 56.646338226068245], [16.154347054439572, 56.64632032619027], [16.15389593844077, 56.64608430640185], [16.153472872184295, 56.645833023313905], [16.153440128638003, 56.64581320452119], [16.153047022462758, 56.645547628940335], [16.153017859228527, 56.64552616052481], [16.152656228902366, 56.64524744673694], [16.15232731899169, 56.6449567515969], [16.152302409736084, 56.64493362638909], [16.152007865395046, 56.64463201213755], [16.1519836031279, 56.644603670640144], [16.15172440443585, 56.64429238632469], [16.151501779017018, 56.643994147713414], [16.151418783062443, 56.6438828993006], [16.151196046645275, 56.64356319218459], [16.151178414608623, 56.64353613692571], [16.151170600075005, 56.64352237541606], [16.151114447111055, 56.64348444815983], [16.151085134848845, 56.64346244159351], [16.150723540283963, 56.643183721948674], [16.150394658953005, 56.64289293077056], [16.150369600564378, 56.64286926837526], [16.150075089500028, 56.64256764841235], [16.149815916326684, 56.64225627099506], [16.149795258960012, 56.64223139892212], [16.14957254615757, 56.64191168872352], [16.14955401078858, 56.64188140797869], [16.149368598374718, 56.641554525461615], [16.149207923557764, 56.641240709882865], [16.14919463960937, 56.6412106501446], [16.1491892084436, 56.64120010011005], [16.149167327372698, 56.641161496200596], [16.14915932033935, 56.64114576060277], [16.14903439068508, 56.64090194990305], [16.14889931105634, 56.64063820132029], [16.14888876871562, 56.640614313906184], [16.148882335990358, 56.640601707514506], [16.14886386726587, 56.64056918076977], [16.148675181765462, 56.64020055745149], [16.14852792907129, 56.63986793160107], [16.148515466708297, 56.639838313444784], [16.148406799986734, 56.6395011103948], [16.148400635364112, 56.63947520680937], [16.148331004100612, 56.63913494812519], [16.148300984350488, 56.63879297626693], [16.14829952153641, 56.63876693945248], [16.14830888424371, 56.63842460516195], [16.148311724217905, 56.638398618499096], [16.14836064602192, 56.63805726604273], [16.148448759345115, 56.63771824736903], [16.148456313175878, 56.63769248585019], [16.14858326222179, 56.63735733064913], [16.148595270240584, 56.63733215784732], [16.148760686779788, 56.637002036498934], [16.148963806933978, 56.63667839436634], [16.14898027419695, 56.63665398898551], [16.14902189597856, 56.63659907825519], [16.14905572722426, 56.63636314414342], [16.149059934425146, 56.636346756692554], [16.148999908476885, 56.63626053630465], [16.148984225212143, 56.63623552833003], [16.148798846080656, 56.63590864543926], [16.14865160951814, 56.6355760194462], [16.148638599727363, 56.63554604695211], [16.148550579998474, 56.63528626521142], [16.14844192821568, 56.634949061882544], [16.148440245264958, 56.63494233976202], [16.148436944885564, 56.634931052149945], [16.148436488824036, 56.634929349259274], [16.148434762240633, 56.634921190882984], [16.148365274879417, 56.63458093069176], [16.148364813395503, 56.63457904905469], [16.14836434530086, 56.63457249541896], [16.148363275516868, 56.63456379189782], [16.148362541249288, 56.63455733146362], [16.14833239011717, 56.63421536059947], [16.14831905556528, 56.63391797043859], [16.148328417446766, 56.63357563499076], [16.148328555429682, 56.63357132194511], [16.148329074597722, 56.63354859027706], [16.148329508787402, 56.633545172971715], [16.148378423098215, 56.63320382028659], [16.148380547143553, 56.63319409987386], [16.148381600966502, 56.63318896975193], [16.148383930046784, 56.63317709021318], [16.148450610737907, 56.632920552048844], [16.148314647742815, 56.63292315423568], [16.148142349650318, 56.63292447420682], [16.14765375087266, 56.63299698135186], [16.14757032321141, 56.633003140528764], [16.147443976973094, 56.633012569540966], [16.14744378693836, 56.63299298817299], [16.145509342120945, 56.63283734680576], [16.145507673901903, 56.63283996773064], [16.145283742911143, 56.633049443634015], [16.14494473611456, 56.633418615685706], [16.144665224789236, 56.63367513268903], [16.144219791601085, 56.63393955272354], [16.143745668107126, 56.63418456270859], [16.143691471062013, 56.63421946503056], [16.144431835691133, 56.63463818000968], [16.14406508841083, 56.63533970237249], [16.143533608643075, 56.63588912884667], [16.142547240128433, 56.636538936765085], [16.141461185206055, 56.63702742006421], [16.1412338839982, 56.63710900288198], [16.14047091367108, 56.63734505944516], [16.13956003951846, 56.63748284470543], [16.138957932029275, 56.6375387499497], [16.138177716629155, 56.63770290709195], [16.137511633146925, 56.637875808792906], [16.136000647282494, 56.638257905482064], [16.135514015996833, 56.63844811174809], [16.13476657052005, 56.638621200816466], [16.133937788639535, 56.63882152672522], [16.132947000040296, 56.63910308881611], [16.13220006958733, 56.63933005507874], [16.131566190716182, 56.639475771934634], [16.131188188451016, 56.63943788696738], [16.131157171568663, 56.63943475554192], [16.131056838979, 56.639424707712124], [16.130747189229236, 56.639613196994425], [16.13072586204561, 56.639632883935775], [16.130241894709922, 56.64008004438569], [16.12965510968919, 56.64050190695165], [16.129084726639903, 56.640816182465215], [16.129078884861883, 56.640818660422426], [16.128383774606537, 56.64112139818884], [16.126264896830037, 56.64174989502542], [16.12618013352104, 56.641721018708175], [16.125922718707297, 56.64163324876918], [16.1253196243424, 56.64188465278954], [16.125074985693253, 56.642180873729544], [16.12489726899159, 56.64229970576392], [16.12484677502513, 56.642333488958606], [16.123249253062536, 56.64339271027248], [16.120820060175102, 56.64498157475503], [16.119629874078505, 56.64574459904338], [16.11868421098374, 56.64623826415887], [16.11762451410402, 56.64666009437911], [16.11745316401086, 56.64672289547249], [16.117047038687996, 56.64685921694919], [16.116370510890913, 56.647092372242895], [16.106325614516024, 56.649723286259785], [16.11095388464676, 56.654113931469354], [16.111360053763832, 56.65413572777059], [16.11282504087269, 56.65482878264347], [16.112587511128993, 56.65490672066963], [16.112271554797584, 56.65500718710401], [16.112063929772322, 56.65507749134127], [16.111729447743265, 56.655138148212416], [16.111340933558587, 56.655213927872296], [16.11094329545468, 56.65529966994381], [16.1106087856027, 56.65535035286114], [16.110193094847553, 56.6554261017864], [16.10978338434875, 56.65539409337126], [16.109310860490865, 56.65541249641354], [16.108642614012943, 56.655457972795226], [16.1079746262874, 56.655521498834716], [16.107388120223522, 56.65562076709265], [16.106834295505852, 56.655720011588976], [16.105909252086875, 56.65593510568079], [16.105785944982543, 56.65600994954359], [16.105475555949926, 56.656342914037744], [16.105219853741595, 56.65659589434489], [16.105094771492055, 56.65685840478153], [16.105217067780835, 56.65727753566873], [16.105572010841385, 56.65761618113102], [16.105928340076257, 56.65793765530555], [16.10591495179301, 56.658086798942804], [16.10572490317494, 56.65818873567059], [16.105484930078635, 56.65835902400304], [16.105090392083206, 56.6587775323487], [16.104855601984156, 56.658991879929964], [16.104544969700562, 56.65909227917367], [16.103881159183395, 56.659273511090355], [16.103697794806486, 56.659378977448064], [16.10353465769298, 56.659499984689674], [16.103266577107995, 56.659698813947706], [16.10245601395085, 56.66030963878174], [16.10211427279776, 56.66060765933884], [16.10199616949377, 56.66074174014513], [16.101887083638385, 56.66118025822061], [16.101736865700015, 56.661781459216115], [16.101585640687233, 56.662251429406275], [16.10152079267722, 56.662500377895924], [16.10115621930928, 56.66238538887195], [16.100360022952994, 56.66213039845611], [16.10018978442022, 56.66204997991527], [16.099741387020924, 56.6618373654123], [16.099033682390747, 56.66163152969264], [16.09854956137052, 56.66145758253243], [16.09810438734634, 56.66123496351214], [16.097676161350694, 56.660900985340284], [16.0973934542458, 56.66060713438848], [16.097147202817876, 56.66040566502168], [16.09695404835325, 56.66030460327114], [16.09660947840278, 56.6602380218177], [16.096363364733186, 56.66024494912831], [16.096076528327572, 56.66026714711501], [16.09588793840833, 56.660351089198855], [16.095737892700345, 56.66055802652508], [16.09560660960622, 56.66066517879397], [16.09541110410641, 56.66069169103623], [16.09490868197264, 56.66066502940631], [16.094730927511424, 56.66066811969183], [16.094348900159712, 56.660803704562454], [16.093957764561054, 56.66084325251903], [16.09352594951184, 56.660881000187146], [16.093023329511613, 56.66083367253361], [16.092779455269323, 56.66072289873571], [16.09261703581628, 56.66059578008924], [16.092341618892565, 56.660566398117695], [16.092197696636635, 56.66054852694283], [16.09207334327255, 56.660523477765445], [16.09196862695621, 56.66049834610377], [16.091873815578584, 56.66047142042156], [16.091798354287956, 56.66043911571767], [16.0917524672246, 56.660401430433076], [16.091726136888372, 56.66036546043822], [16.091693140762136, 56.66032227312986], [16.091643803440704, 56.660262970498934], [16.091614151233763, 56.66021445382311], [16.0915844770956, 56.660160547455625], [16.09153833963405, 56.66010480968331], [16.091498886796494, 56.66006167892447], [16.091439828949166, 56.660015036303946], [16.09137758161738, 56.65997911241729], [16.091292235276452, 56.65993054472923], [16.091216720960272, 56.65987308768362], [16.09117071109341, 56.65982642133367], [16.091137819860553, 56.65978682591257], [16.091101470472854, 56.65971132947115], [16.091097809141765, 56.6596358161265], [16.091107237291407, 56.65957105768165], [16.091090445273526, 56.65949736557638], [16.091083673310806, 56.6594632006796], [16.09105392835935, 56.65940210890272], [16.091007832271558, 56.659333794792154], [16.09094547047183, 56.65927990513961], [16.09086666773502, 56.65922957275408], [16.090807639402286, 56.65917924767966], [16.0907712077881, 56.6591055487864], [16.090734722042093, 56.65900669789568], [16.09071139125539, 56.65893477099372], [16.09066542031641, 56.65887543759191], [16.09061916834804, 56.65880173482662], [16.09057295799213, 56.65871545589821], [16.090513785045026, 56.65865075834772], [16.09043502666836, 56.658587940268085], [16.090362605504044, 56.65850701024123], [16.090277180315727, 56.65841361825852], [16.090198232614956, 56.65832556027941], [16.090080013651207, 56.65822850295234], [16.09002417361634, 56.65816736984406], [16.089958381868247, 56.65810632382621], [16.08989604537016, 56.65805782331114], [16.08982726304988, 56.65802366204454], [16.089715852490166, 56.657980621453824], [16.089601387526894, 56.657948296503115], [16.089480343910445, 56.657930402615875], [16.089372410527435, 56.65790529605529], [16.08928397014796, 56.65786582765468], [16.089205369653214, 56.65783166119581], [16.089129946079304, 56.65779576161694], [16.08907755540744, 56.657756246374895], [16.08901519045535, 56.657711338625404], [16.088982305934653, 56.6576718324297], [16.088949232112213, 56.65760708647273], [16.088909701672634, 56.65754239697274], [16.088863497988154, 56.657479471998634], [16.088830582447052, 56.657420203450876], [16.088771517638847, 56.65738245352453], [16.088643527930742, 56.65729617019824], [16.0884600609749, 56.65719384271062], [16.087761965628946, 56.65681664758288], [16.08708348322036, 56.656452122670025], [16.086746654630883, 56.656278730767895], [16.08633310245921, 56.65606594405181], [16.085592661347672, 56.655683446943975], [16.085271013922096, 56.65553237579981], [16.08509046505612, 56.65565746283764], [16.08458042835675, 56.65591576098974], [16.084309296642303, 56.65605304366001], [16.083762478499878, 56.65629090781969], [16.083544068050273, 56.65638587052937], [16.082062734815192, 56.65709617680765], [16.08042460131746, 56.65792756646141], [16.079186836119117, 56.65855568733417], [16.07785409016512, 56.65923204762265], [16.077846665015713, 56.659235794689145], [16.076694188402307, 56.65981500430753], [16.075194983475374, 56.66056831916416], [16.07317486583292, 56.661583373059315], [16.073141708080755, 56.66160009705158], [16.068509440000806, 56.6639958434736], [16.068501352013985, 56.664000044888134], [16.064447022700524, 56.66609424417015], [16.064430356293254, 56.66608531399525], [16.064430089664047, 56.66608540612016], [16.064429161075843, 56.66608586328667], [16.069049144721898, 56.668569814347585], [16.06874096033774, 56.669252274697456], [16.068567811161643, 56.6692912190532], [16.067715971687353, 56.67017757792898], [16.068568727556354, 56.6721521290898], [16.068732102822104, 56.67230460164958], [16.068846469675123, 56.67239434558024], [16.06899350553552, 56.67250195515831], [16.06907544108809, 56.672672462929995], [16.069108592171194, 56.67288794397813], [16.069108878763444, 56.67304055810819], [16.069141969218087, 56.673211126636254], [16.06930562277972, 56.67344444022042], [16.069452965229743, 56.67369568042977], [16.06955135430429, 56.6739290159232], [16.0697150754732, 56.67420724320536], [16.069846095796038, 56.674404726438006], [16.070157366955982, 56.6749790140931], [16.07025567629755, 56.675185491203976], [16.07041943473525, 56.67544566182654], [16.07053413510663, 56.67567005325199], [16.070648943327786, 56.6759124092076], [16.070780006272862, 56.67617267982021], [16.070894771828822, 56.67644189441113], [16.07102589592906, 56.67666623400776], [16.071140728412804, 56.67698036169734], [16.071190206664223, 56.677177825990164], [16.071272304453622, 56.67742917592072], [16.071370823236286, 56.677680474388154], [16.071436771699787, 56.67793178342315], [16.071518936908657, 56.678228045598274], [16.071617486336493, 56.67846137803465], [16.071650719133125, 56.67872168165458], [16.071700438106298, 56.67902693699163], [16.071766116011904, 56.67919740314155], [16.07183178127486, 56.679376942886734], [16.071913902440357, 56.67961930847436], [16.072012352523096, 56.67983467587601], [16.07215963375076, 56.6800680376587], [16.072306983003468, 56.68025639494707], [16.07251945424293, 56.68046278580728], [16.072650416930816, 56.6806332283917], [16.072797546024333, 56.68079472851449], [16.073059372352873, 56.68111773901033], [16.073076359399952, 56.681360126757085], [16.07312599981333, 56.681638433818854], [16.0731428676145, 56.68187183979085], [16.07320871556972, 56.682114165906206], [16.073307734793257, 56.68258095434673], [16.073422488319782, 56.68279635981829], [16.073520912543103, 56.68303867455232], [16.073700964555112, 56.68324498343155], [16.07386443736835, 56.68337957278422], [16.07397890115145, 56.6835231180401], [16.074109978311647, 56.683720596276665], [16.074240849769637, 56.68387307242908], [16.074126916399784, 56.683998825495955], [16.073964135005575, 56.6841156574655], [16.073882828569275, 56.68420546742823], [16.073899557189762, 56.684358119313096], [16.073981515577003, 56.68454658912612], [16.074259826464978, 56.684941406093074], [16.074358114689183, 56.685102876350264], [16.074342269369392, 56.68525554046886], [16.074310189168763, 56.68546206064726], [16.074294191910738, 56.68562361898685], [16.07427807981597, 56.68568654660559], [16.07489786516435, 56.68566817499488], [16.075129700400975, 56.68746424978832], [16.070287400111365, 56.690246490041126], [16.069352859784075, 56.69025379690547], [16.068612316765527, 56.69024182664571], [16.067421594378843, 56.690278444272906], [16.065529091387862, 56.69028853814393], [16.06143445970359, 56.69044359268597], [16.058253609595347, 56.69062488744109], [16.056018946168805, 56.69085952536584], [16.054615912289204, 56.69087814743675], [16.053800100419757, 56.690851635825844], [16.051842443422323, 56.69090653629557], [16.047144737409717, 56.69105920396225], [16.046910883111828, 56.691985938997824], [16.047115532305657, 56.69226726404929], [16.047268787859608, 56.69266624465498], [16.047417835028465, 56.69307837516082], [16.047459442439813, 56.693175487702135], [16.047642334724046, 56.69366198040766], [16.04825857453095, 56.69511450935371], [16.048512246521536, 56.695400089771134], [16.048780960140398, 56.695640450617596], [16.04892108595418, 56.695948724968375], [16.04878649363752, 56.696343030778465], [16.048339433730483, 56.69737441357833], [16.048815743905486, 56.69747226863751], [16.050085975936017, 56.697941784738205], [16.052515804370334, 56.69890838995944], [16.052877335950683, 56.6990228286569], [16.053071592360684, 56.69905918427698], [16.053386258969464, 56.69915416630009], [16.0535138819977, 56.699282976521786], [16.053920910878453, 56.69944948724984], [16.05436008845104, 56.69922443766725], [16.05479294546556, 56.69938991748404], [16.05495059120073, 56.69943637146718], [16.054830477263515, 56.69950404015774], [16.054718508571177, 56.69961251039283], [16.0544353194448, 56.70009934405271], [16.054510849786396, 56.700565805837144], [16.054923020462752, 56.700751761756855], [16.05610510779652, 56.7003129134274], [16.05623015050221, 56.700060697258195], [16.056358776981238, 56.69997004899174], [16.056487652820696, 56.69988838120585], [16.056714898472144, 56.69983300690322], [16.057026218692425, 56.69988489142045], [16.057320625758198, 56.69990988064826], [16.05749973280079, 56.699890754500444], [16.057676158971436, 56.699838414378945], [16.057990789329054, 56.6998258627837], [16.05817583504909, 56.69990315932792], [16.058220450633176, 56.70008216464205], [16.05818852317074, 56.70017774191365], [16.058192377147005, 56.70020950813021], [16.05824311645818, 56.700290011631694], [16.0584069256911, 56.700315927787344], [16.05853690756195, 56.700288144878215], [16.05861725597722, 56.7002336556622], [16.05912049007709, 56.69995495715533], [16.059217124424208, 56.69979954331381], [16.059423184881947, 56.699781173546654], [16.059662032778608, 56.69979863521924], [16.05987959939061, 56.69986379486882], [16.060098035014107, 56.700060454255244], [16.06033894958911, 56.700376391989856], [16.06044788572432, 56.70044786581719], [16.060676563352278, 56.70054886136684], [16.060829330302305, 56.70067996582518], [16.06112385360387, 56.70090022843256], [16.06160320748818, 56.701156014593714], [16.06181014589796, 56.70126905020016], [16.061843370724404, 56.701358504569505], [16.061800445911054, 56.701436300882214], [16.06173874648786, 56.70153599614178], [16.06164915753342, 56.70157790060899], [16.061531453105566, 56.70166396903085], [16.06153646974005, 56.70170821104983], [16.061555772570443, 56.70175763132726], [16.061622340352006, 56.70180691842721], [16.061712636163975, 56.70186660235612], [16.061831272022346, 56.70192361978094], [16.061874152470114, 56.70197813815341], [16.06176681798632, 56.702126369537545], [16.061736472433097, 56.70222525851933], [16.061589080754924, 56.702486294043744], [16.06159579339439, 56.70279164891207], [16.061644155427526, 56.70424616465887], [16.06167412511874, 56.70486562613527], [16.06191346837463, 56.70631007031389], [16.06181975783815, 56.70652169259883], [16.06058387417952, 56.707666912088875], [16.06009577400354, 56.70788350635393], [16.059917935168322, 56.70812629401079], [16.059935646092388, 56.708305887693626], [16.05998551216604, 56.708431490294885], [16.06005171189089, 56.70853907922192], [16.06018375737458, 56.70872740075712], [16.060723576127156, 56.708878835591136], [16.060985954335546, 56.70902194177257], [16.06113409896442, 56.70917419524258], [16.0611017927494, 56.70923716882621], [16.060857564434507, 56.70932745829498], [16.060662245525283, 56.709408707639405], [16.06058149944853, 56.70951664851449], [16.060697184310627, 56.70968337070541], [16.060766765612247, 56.70974350118658], [16.06082480670684, 56.709800406498026], [16.061564142559668, 56.71004293123098], [16.06193324410328, 56.71008658580595], [16.062088949301472, 56.71009576889964], [16.06239844500745, 56.71013220522408], [16.062545397741616, 56.7101319405726], [16.062676271685234, 56.71015858135027], [16.0629055073693, 56.71023881755907], [16.063036792841597, 56.710337315352156], [16.063070050995027, 56.710418055847036], [16.062761480249012, 56.71063429666224], [16.06284386960793, 56.710732852274944], [16.06320441580339, 56.71090269361205], [16.06353113936081, 56.710928829454396], [16.06416742495261, 56.710864561341936], [16.064575452735358, 56.71084571539297], [16.064951105525317, 56.710853824329305], [16.065293806990702, 56.710835174906876], [16.065440672838733, 56.710807869570296], [16.06557086588264, 56.71076265132978], [16.065684899614297, 56.710717571145544], [16.065814780279585, 56.71061845895152], [16.065944098544378, 56.71045656307492], [16.06610638358313, 56.71031252926572], [16.06628549894447, 56.710249195783334], [16.066545912111096, 56.71014088151738], [16.066871205136447, 56.70997856409134], [16.066984783441253, 56.70987950126433], [16.067163553677673, 56.70978032837666], [16.06755306024592, 56.70947418472206], [16.06781325431358, 56.70932984885472], [16.068057241411616, 56.70921260044022], [16.068334283910932, 56.70914015970357], [16.068529809516555, 56.70908584466911], [16.068709139852654, 56.709049453999086], [16.069067894171123, 56.70900379896772], [16.06916504664632, 56.708895801539136], [16.06921341425514, 56.70880591857055], [16.069474244291833, 56.70876038379099], [16.069669900185893, 56.708706065828395], [16.069832572711306, 56.7086428683119], [16.07002765481405, 56.70852567555836], [16.070125135714402, 56.708462588212704], [16.070222934305296, 56.708453394475875], [16.070353580040326, 56.70845308094641], [16.07043544248365, 56.7084708822911], [16.070517273595296, 56.70850655947861], [16.0706323961168, 56.70861408110793], [16.07069817060039, 56.70866777176121], [16.07086174853095, 56.708712357050054], [16.071755709147432, 56.708621401821745], [16.071794997701602, 56.7087382887114], [16.071536192628116, 56.70935726677095], [16.07139502718659, 56.70979800391752], [16.071031829635867, 56.709877119979126], [16.070986256356566, 56.710032014168746], [16.070170953873472, 56.71044180324396], [16.068876616956846, 56.711715969701075], [16.06852070268242, 56.71214785613426], [16.068244953643674, 56.71239984898014], [16.067936172265696, 56.712589156231786], [16.067269237151624, 56.71292291731848], [16.066117109736723, 56.71386832751192], [16.06590680169, 56.714120204341384], [16.065730397385742, 56.71455162409677], [16.065568451150273, 56.71472260249372], [16.065357365255355, 56.714875765782445], [16.06501407043212, 56.71590443271523], [16.062361214844085, 56.715435363745165], [16.061625875322036, 56.71526691632688], [16.061531204507688, 56.71533518298469], [16.06123173864833, 56.71545073527813], [16.060895967852158, 56.715535247145034], [16.060586240420527, 56.71561657157437], [16.060325332703965, 56.71567098094804], [16.059835977153327, 56.715779612743], [16.0592164993581, 56.715951328260005], [16.058858266498188, 56.71610465276989], [16.05846761228606, 56.7163028956213], [16.057946929447724, 56.71658218615497], [16.05769177017826, 56.71676499444727], [16.057617804878, 56.71681296063382], [16.057347547669806, 56.71700999840556], [16.05715573108275, 56.71717933224359], [16.056594123737053, 56.71765757108048], [16.055882814401155, 56.718236784800986], [16.05582472974689, 56.71837084859489], [16.055738215883107, 56.71855303159714], [16.055232860845056, 56.71868872776858], [16.05505364720093, 56.718769831546446], [16.05474429657264, 56.718914106804895], [16.054451440920595, 56.71909426237957], [16.054190293826924, 56.71924244005012], [16.053553179371047, 56.71961036816367], [16.053319129832616, 56.71976415302025], [16.052808505530425, 56.72017502317185], [16.05232111255716, 56.720598001065625], [16.051396969359875, 56.721338068202215], [16.051274737192763, 56.72142910502767], [16.051011519154752, 56.72159579777369], [16.050743821515532, 56.72173243505727], [16.05045592504765, 56.721835737929574], [16.050239117918498, 56.72189846731661], [16.049946866525342, 56.721966502935665], [16.049576962071484, 56.72207660223033], [16.04898137560997, 56.72236169520801], [16.048547662282743, 56.72260015164036], [16.048243859950382, 56.72281029639022], [16.0476537971048, 56.723275349596946], [16.047335318584363, 56.72353960139638], [16.046806798967797, 56.72387801627184], [16.046488175464674, 56.72414226704652], [16.046122417421962, 56.72446107734122], [16.04578673397156, 56.72469852138173], [16.045402010749044, 56.72493646565465], [16.04509233438363, 56.72505269293898], [16.044487764598774, 56.72530343587607], [16.04423536592141, 56.72542007945016], [16.043357506167833, 56.725690623151046], [16.043127072120203, 56.72581723124412], [16.04290281333682, 56.725918725033864], [16.04269114872092, 56.72604679156279], [16.04242382032339, 56.726169754686474], [16.041999178279994, 56.726368947689416], [16.04166957855371, 56.726496560788696], [16.041175230318615, 56.726636239908686], [16.040682801155427, 56.72673341255217], [16.04037313901873, 56.72676824466766], [16.04011648446587, 56.72682437252254], [16.039551942727957, 56.72684300537759], [16.039272911651747, 56.726845242369734], [16.03894755750327, 56.726809599099084], [16.038551069272525, 56.72677957720411], [16.038201419369027, 56.72675715921008], [16.03778590221473, 56.726794573585515], [16.037348518811974, 56.72691400089733], [16.036660413404267, 56.72712417086895], [16.036292970774145, 56.72723887987347], [16.035945423369945, 56.72732243320846], [16.035723707377766, 56.72736056577491], [16.035362988016132, 56.72741117037519], [16.03469876533232, 56.72748576208324], [16.034167204125456, 56.727542811665295], [16.03379328397195, 56.72761337329896], [16.033561914462844, 56.727677990996945], [16.03326938113827, 56.727817042159096], [16.03292046884651, 56.727939762481036], [16.032517665926406, 56.728038494983124], [16.032310979232523, 56.72807946091594], [16.031716428115345, 56.72817924052175], [16.03110470412798, 56.72823271865694], [16.030353680709155, 56.72826345115398], [16.02955728936561, 56.72824173691754], [16.028997921555156, 56.72819416696877], [16.02869944218942, 56.728135997221756], [16.028389033932925, 56.72806535053532], [16.02764279151246, 56.72780202617913], [16.027429881635328, 56.72770389481901], [16.02726863006473, 56.7275924913939], [16.027122697285062, 56.72746955396732], [16.026991566546634, 56.727291431372976], [16.026685566000648, 56.72688766787976], [16.02648963441645, 56.72669525684074], [16.026092920732737, 56.72649326975245], [16.025740746586823, 56.726333223598424], [16.0255151408943, 56.726243457388186], [16.023099078375985, 56.729172424832946], [16.021507219928665, 56.731136954297135], [16.019777233279072, 56.73342210307664], [16.026042394612453, 56.733805901195545], [16.033427021355564, 56.73426041356348], [16.03653095159606, 56.73444735210146], [16.036649874315852, 56.734458579381474], [16.048093774681323, 56.735161804293526], [16.052437125255683, 56.73626942112644], [16.061229103272506, 56.73817960356472], [16.061157280157282, 56.73828576102873], [16.062494172103456, 56.73855023197413], [16.06257446452508, 56.73842423927535], [16.062719896777754, 56.7382801751035], [16.062930816431013, 56.73814480552775], [16.063191241312342, 56.738063178150774], [16.06351749625035, 56.738026170716054], [16.06368074524389, 56.738016693698896], [16.063778737650093, 56.73801639663101], [16.063893513678607, 56.73805188700463], [16.06407354576013, 56.7380782868396], [16.064236659150154, 56.73806880935391], [16.064383017493046, 56.73800549053429], [16.06462574607133, 56.737789181058574], [16.067820967405826, 56.7387215610277], [16.068328311208887, 56.73880964590641], [16.068053558353224, 56.73907986270252], [16.074190240720586, 56.74009221219817], [16.085384329065253, 56.739582592853175], [16.085926012028075, 56.739597458305845], [16.08644788767512, 56.739523833997396], [16.08674248922566, 56.73957677975371], [16.08697086100533, 56.73954900865427], [16.096843480372957, 56.74256390212271], [16.096558457824827, 56.742868856908714], [16.101398767776775, 56.7449054131713], [16.10234502632085, 56.744271316254334], [16.102621119470406, 56.74412299585478], [16.103187763648286, 56.743859910918296], [16.103416512858875, 56.74368811329082], [16.103563732976774, 56.743494760685635], [16.10360795268189, 56.743301510181105], [16.10367845371864, 56.74312177152455], [16.103735975278788, 56.74295463352085], [16.10392312727604, 56.742863418785554], [16.10422581339284, 56.74269842115815], [16.104500167787553, 56.742477710963236], [16.104453872333373, 56.742402396816026], [16.10445587830433, 56.742231797937244], [16.10442212459009, 56.742110651315805], [16.104264544799793, 56.74201943555756], [16.10413243976389, 56.74184993373431], [16.10419557559523, 56.74175020606056], [16.104249466664196, 56.741560553246984], [16.10435621701876, 56.741426483945226], [16.10473552605209, 56.74124059461751], [16.104943705329315, 56.74109906905475], [16.10500636292571, 56.740978594513116], [16.104829339407775, 56.74090003760584], [16.104610460677723, 56.74091581060353], [16.104265095829554, 56.74083398343822], [16.104058887897597, 56.740812903705795], [16.10390279051147, 56.74068933726414], [16.103806653680188, 56.7405324516255], [16.103576897351704, 56.74035186794026], [16.103704678373415, 56.74024078858895], [16.10391125813419, 56.740113740377645], [16.10401487139431, 56.73998769353535], [16.104244502274693, 56.73989286848074], [16.10434808963545, 56.73982574841048], [16.104566735348886, 56.739728684981245], [16.104780274660964, 56.7396644527606], [16.104835249286623, 56.73958078589477], [16.104801456466145, 56.73943987730547], [16.104916689328178, 56.73934705302185], [16.10517147512658, 56.739324043934666], [16.105448148419566, 56.73917876651849], [16.105427525644558, 56.739054898159196], [16.105401398920495, 56.738858318264924], [16.10519659189712, 56.73816819664615], [16.105152116141, 56.73791590723677], [16.105194750564177, 56.737738031736065], [16.105370476790895, 56.737639730068906], [16.105634813674634, 56.737584298146054], [16.105910802989428, 56.737558494807665], [16.106395657995243, 56.73750254233898], [16.10694029531226, 56.73737096081314], [16.107038166273494, 56.73741240081216], [16.11395805590214, 56.73975049025847], [16.116694768685313, 56.74053957129792], [16.118662768669815, 56.74109798900631], [16.119991786820716, 56.74289769135468], [16.12010636807861, 56.74291525638323], [16.121118042396144, 56.74415044879195], [16.121651682231906, 56.74501930783102], [16.123995912253147, 56.74830545148323], [16.128701960106852, 56.750818522417724], [16.13072200737966, 56.751927281065534], [16.130036721345178, 56.75311418195575], [16.119105214569664, 56.7744036435047], [16.118599830197315, 56.77530886907541], [16.118448221201476, 56.775492307494765], [16.118223203572096, 56.775807370825085], [16.118128401240526, 56.776077071811905], [16.118082049892113, 56.776301694471506], [16.117990135279125, 56.77680473898277], [16.117878079422507, 56.77700264383137], [16.11778169745629, 56.77713770803035], [16.11757141287397, 56.777326971002154], [16.117345196828605, 56.77754323365227], [16.117119108783275, 56.77777754995996], [16.116991376717895, 56.77802032811434], [16.11675039868735, 56.77837137236999], [16.116365215741038, 56.77896534010028], [16.116188749961278, 56.77924421380167], [16.115996219066233, 56.77954119633522], [16.11582000862628, 56.779847105094035], [16.11561074939507, 56.780117198691265], [16.11541689838388, 56.78031538336743], [16.115206327665927, 56.780477786443996], [16.114963487600278, 56.78067613789638], [16.114704967594115, 56.780937417938894], [16.114348604596636, 56.78120801599335], [16.114122081734134, 56.78141538235321], [16.113812029295417, 56.781818957808206], [16.11366398788257, 56.78201978352261], [16.11346832575965, 56.782266846872105], [16.113459879007554, 56.78238261902034], [16.113444056429977, 56.78245444112897], [16.11347557233107, 56.7825752463726], [16.112837144222734, 56.78271478496143], [16.119225947806086, 56.784597074576126], [16.122432988481393, 56.785537490736715], [16.12569780078665, 56.78839680755563], [16.126798766304677, 56.7893613973481], [16.13149556650597, 56.789277569581884], [16.132482301336182, 56.789263406604306], [16.13891339945417, 56.78917082044399], [16.138463649634506, 56.782429831887576], [16.146826889801986, 56.78212866046506]]]}}, {"id": "9", "type": "Feature", "properties": {"regsokod": "0880R010", "regsonamn": "Krafsl\u00f6sa-Snurrom-Vimpeltorpet", "kommunkod": "0880", "lanskod": "08"}, "geometry": {"type": "Polygon", "coordinates": [[[16.348379282230745, 56.71500924246044], [16.342236009510284, 56.713695048177826], [16.343243074486264, 56.711083960838344], [16.343312373726942, 56.7109041818078], [16.343604396344965, 56.71025335492592], [16.34421063999915, 56.70890268027669], [16.343728563269465, 56.70880897703466], [16.342633326278314, 56.70859063733512], [16.342179305866704, 56.7084675201687], [16.341149827078503, 56.708177403086424], [16.340707849083287, 56.70804040680636], [16.340937939276486, 56.70779107638981], [16.341145376421743, 56.70757908885775], [16.34120100669586, 56.70752225633356], [16.342224264339475, 56.706476838552426], [16.342876312589585, 56.70581108427806], [16.343029791491286, 56.70565411263389], [16.343572632940422, 56.70509948423952], [16.343852045123157, 56.70481413306989], [16.343955227317227, 56.704708637179365], [16.34400110572882, 56.704661879058584], [16.344087135391867, 56.70457399518319], [16.3439279537411, 56.70452163399959], [16.34381701899465, 56.70448519191711], [16.343521007987846, 56.70438786390125], [16.34349075366255, 56.704377949152786], [16.34314363456321, 56.704244789696524], [16.342878213025244, 56.70413266741759], [16.34263148248307, 56.704008306099304], [16.342405360769884, 56.70387258277999], [16.342201631744345, 56.70372646759097], [16.342021956422997, 56.70357119883786], [16.341867450669042, 56.70340784458951], [16.341739373619795, 56.70323773731517], [16.341667072953204, 56.703117333925945], [16.335941181159743, 56.70179124848829], [16.335935592192765, 56.70179696799956], [16.331572748453016, 56.700791667533665], [16.32927573749943, 56.70026436766578], [16.327464978072634, 56.69984871559959], [16.32731427528184, 56.69981411938374], [16.327202491886332, 56.69978333037982], [16.32716985752726, 56.69977442540037], [16.32660524422081, 56.69961919346658], [16.32650162047294, 56.699590653022184], [16.326083633548645, 56.69946125506308], [16.325765330933105, 56.69934408988662], [16.324776606244264, 56.699018731241914], [16.323694976804305, 56.69866264256023], [16.323602609686517, 56.698632362849146], [16.323646721666915, 56.69859614156487], [16.3236797645644, 56.69856686458162], [16.323666757304995, 56.698533945625655], [16.323643628744104, 56.69846969342657], [16.323624833900734, 56.69841761101732], [16.32355761746873, 56.69839407136478], [16.323458170403836, 56.6983577579496], [16.323337607804945, 56.69831448264737], [16.32318645638066, 56.698259135684154], [16.323023863114994, 56.69820004745112], [16.322860029041525, 56.69814016354496], [16.322707398323548, 56.69808483171511], [16.32254771114882, 56.69802795733381], [16.322471986931944, 56.69799983618325], [16.322368448093133, 56.6979619489648], [16.32222699471362, 56.697910450357796], [16.321943978917147, 56.697808082765896], [16.321793620751084, 56.69775218662299], [16.32123448180438, 56.697551866398726], [16.320962377892506, 56.69744947072617], [16.32084164743791, 56.69741275287598], [16.320661557581904, 56.69743837678781], [16.320299102849376, 56.6973322662079], [16.32003487693752, 56.6972547575947], [16.319672387735203, 56.69713220685224], [16.31925712955363, 56.69701389678172], [16.3189102268416, 56.69693259006217], [16.31774165409885, 56.69670160539733], [16.31761355244802, 56.696677358841406], [16.316782036732196, 56.69634973553117], [16.31660049711991, 56.69627197463433], [16.316426318518094, 56.69617751727888], [16.316274953586355, 56.69610779118467], [16.315473642623413, 56.69578837483906], [16.31523222882957, 56.6957273235188], [16.314952935841298, 56.69564574131764], [16.314682806749467, 56.69568407535647], [16.31435889980148, 56.695639883255915], [16.31379388779914, 56.695578110739355], [16.313250159246653, 56.69552042404488], [16.31225564169557, 56.69540172763963], [16.311677116402976, 56.69541195243587], [16.311370939101103, 56.69543601620033], [16.31122580339573, 56.69543664541106], [16.31084174729772, 56.69542442815916], [16.310736520568728, 56.695422661087235], [16.310556789157598, 56.695419701071245], [16.311116172386615, 56.69414235628704], [16.31288783243903, 56.69015238510763], [16.313352778759665, 56.68897052473374], [16.313499969628186, 56.6884573883242], [16.313791552962154, 56.68703409358218], [16.313872337359626, 56.68607187565652], [16.313854527849916, 56.68509273136924], [16.3137224726151, 56.684114791072524], [16.313686783599827, 56.683940357628565], [16.3134692902885, 56.683945435757835], [16.312759369975634, 56.68379939986654], [16.312199883395106, 56.68370163141367], [16.311544468709165, 56.6838027661681], [16.311415400279294, 56.68389647085557], [16.311064094628442, 56.68332803906078], [16.310580447067963, 56.682545584616136], [16.306605933785978, 56.68240795104053], [16.305368321259888, 56.68239945857034], [16.30494064421086, 56.68242981112219], [16.30457695666324, 56.68248500362895], [16.30429090209545, 56.682539203337186], [16.30381579016954, 56.682607059204436], [16.30339726731521, 56.68262194917702], [16.303155365694597, 56.68263723615964], [16.30220692589836, 56.682641586907174], [16.301721732000228, 56.682600754988734], [16.301600112494555, 56.68259879233694], [16.300519243664034, 56.682408592793], [16.300518815239382, 56.68245081804715], [16.300019569193314, 56.68246689890999], [16.29970990765342, 56.68244165488069], [16.299553252072073, 56.68241903484219], [16.298948373763793, 56.68236183501113], [16.298831638952503, 56.68235317081879], [16.298585385417546, 56.682343701475716], [16.298259336706508, 56.6823154800002], [16.297906841985007, 56.68230891273707], [16.297424361851025, 56.68233495958619], [16.297155904205294, 56.68232571870992], [16.2971780590838, 56.68233581876884], [16.297220028324126, 56.68235460477533], [16.297304669937258, 56.68238902651854], [16.297297634886824, 56.682395837540376], [16.29727446371245, 56.682418806086], [16.296999385252843, 56.68272601591278], [16.296980423393755, 56.682750017852534], [16.296741324029842, 56.68306628471574], [16.296539095415923, 56.68339016201169], [16.296524471853974, 56.683415107949735], [16.29636015316146, 56.683745416992615], [16.296350132965323, 56.68377112273464], [16.296224349691343, 56.684106511251954], [16.29613745993509, 56.684445536280755], [16.296131892260206, 56.68447155506179], [16.29608439219921, 56.68481304528771], [16.296083409699285, 56.68483928589913], [16.29607538040542, 56.68518162325993], [16.296106916848693, 56.685523548005065], [16.296111329271437, 56.68555404430832], [16.296182252399145, 56.68589430219117], [16.296289894044268, 56.686358951468684], [16.296299249022212, 56.68638831904201], [16.29640937296363, 56.68672529365196], [16.296558118012708, 56.68705782387393], [16.2965705427255, 56.68708248824799], [16.29675745592969, 56.68740914107039], [16.29677402939036, 56.687433043445445], [16.296998394650455, 56.6877524793149], [16.297259093551215, 56.68806354167624], [16.297279808372814, 56.68808650236992], [16.29757585245595, 56.688387763672274], [16.297600294396364, 56.688409517457686], [16.29793057003585, 56.688699910854034], [16.29829382143944, 56.68897819224115], [16.298321988072335, 56.688998560237195], [16.2987165647254, 56.68926366826808], [16.298748043054434, 56.68928247331836], [16.299172426264647, 56.68953325548148], [16.299624967323957, 56.68976883118682], [16.299659756386816, 56.68978598509374], [16.30013853187982, 56.69000520504916], [16.300175944777592, 56.690020355658866], [16.300679181693397, 56.690222520160376], [16.301204692213833, 56.69040675342111], [16.301244595419085, 56.69041990103247], [16.301790469652307, 56.69058541391801], [16.301832319353718, 56.69059647448448], [16.30191763474124, 56.690618579584765], [16.30189950555925, 56.690748664019814], [16.301891530197036, 56.691091000288054], [16.301898637089522, 56.691187673137506], [16.301930233628, 56.6915296865542], [16.302001218103445, 56.69186984980052], [16.302035528281195, 56.69197450347207], [16.301964566843846, 56.69225129311232], [16.30191711087398, 56.69259278494895], [16.301909135531453, 56.692935121119945], [16.301917720289175, 56.69303168864961], [16.30194931569453, 56.69337361213827], [16.301998849671463, 56.69361105465303], [16.301603516757314, 56.69409856189509], [16.301364384135663, 56.69441483723409], [16.30134359220565, 56.69444442950131], [16.30114134367178, 56.69476831378568], [16.30112824441714, 56.69479450127235], [16.30096391640895, 56.695124815855074], [16.300838139503462, 56.695460208400014], [16.30082990649543, 56.69548697397585], [16.300743031858556, 56.695826001557776], [16.30069556080547, 56.69616749280705], [16.30069232362675, 56.69619465545147], [16.300684336891088, 56.69653699140349], [16.300685944819758, 56.69656410346015], [16.30071753249889, 56.696906027108035], [16.300788519987382, 56.69724628057721], [16.300795241158298, 56.697273249392644], [16.30090543847691, 56.69761022002288], [16.30091698648974, 56.69763659933757], [16.30106581404084, 56.69796912324819], [16.301252823076098, 56.69829576832816], [16.30126919525157, 56.69832146918165], [16.30149366462191, 56.69864089594162], [16.30175447707219, 56.69895194785349], [16.30177552585423, 56.698976520696775], [16.3020716924808, 56.699277770248855], [16.302097008106724, 56.69930113131353], [16.302427414837798, 56.699591511701094], [16.302790805345584, 56.69986977887277], [16.302820377502037, 56.69989156785928], [16.303215102322543, 56.70015666051042], [16.303248519582077, 56.700176702954046], [16.30326268187128, 56.70018508861281], [16.303258070724837, 56.70020364113633], [16.303049493862805, 56.70156064197502], [16.303002037236073, 56.70190213283477], [16.303000096553177, 56.70193170787035], [16.302992130334736, 56.70227404357176], [16.303023744443994, 56.70261596531309], [16.303026369924403, 56.70264127061411], [16.303078015420027, 56.702888571919694], [16.302993887751903, 56.70305752398945], [16.302868101860803, 56.70339291732179], [16.30285913077228, 56.70341780389921], [16.302772257224387, 56.70375683337106], [16.30276733314495, 56.70378194716837], [16.302719873129025, 56.70412343870648], [16.30271190256702, 56.70446577430249], [16.302711308585707, 56.70449533434078], [16.30272374867572, 56.704683848131836], [16.302755362698992, 56.70502576981342], [16.302759903018803, 56.70505581525613], [16.302830925396055, 56.705396067870396], [16.302884992900886, 56.70556141920081], [16.302886485416423, 56.70556948815], [16.30295750830813, 56.70590973977398], [16.30306775132139, 56.706246707831895], [16.303216632928425, 56.70657922848298], [16.303230291135012, 56.706604147927905], [16.303417361225584, 56.706930789951514], [16.3036419010916, 56.70725021209395], [16.30366139202489, 56.70727632834337], [16.30392228310135, 56.70758737494324], [16.30394477891195, 56.70761076515146], [16.304241031660826, 56.70791200875197], [16.30457153128547, 56.70820238264364], [16.304935021484237, 56.7084806427369], [16.3049551565005, 56.708494175968205], [16.30534998721595, 56.70875926102105], [16.305739155974187, 56.70898910095962], [16.305821058488743, 56.70917194572198], [16.305832439240568, 56.7091971582999], [16.30601954499554, 56.70952379522481], [16.306035075121628, 56.7095482464048], [16.306259653023936, 56.70986766352716], [16.306520583715738, 56.71017870438147], [16.306540526830418, 56.71020221074455], [16.30683682091027, 56.71050344786423], [16.306860631644454, 56.7105258345356], [16.30719117459753, 56.7108162020623], [16.307554709517284, 56.71109445419713], [16.3075823806886, 56.711115453397156], [16.3079772574916, 56.711380529807464], [16.308008511428284, 56.711399964783425], [16.308433205343388, 56.71165071313033], [16.30888607296861, 56.71188625198723], [16.308920500471842, 56.71190394628411], [16.309262309074914, 56.712060253121415], [16.309237891816323, 56.71247031435782], [16.31114646831599, 56.71303737641081], [16.3114628127191, 56.71315433017894], [16.313799153802044, 56.71381682986701], [16.31389453916585, 56.713843941332726], [16.314410364207987, 56.71399013504548], [16.319729748345626, 56.715511150574514], [16.324732520885398, 56.71696640879355], [16.329222353637242, 56.718326689089565], [16.329754560395685, 56.71828840258323], [16.33007744556784, 56.71825944521811], [16.33068964924908, 56.71819344152853], [16.330742919730987, 56.718187214030394], [16.33134642271541, 56.71810001038204], [16.331390884091537, 56.71809234839049], [16.331983004647807, 56.71798433301019], [16.332561464858358, 56.717855890023046], [16.332604364856476, 56.717845998973765], [16.33316676031859, 56.71769778303006], [16.333207828029757, 56.717685575307904], [16.33375201629376, 56.71751796806427], [16.334275603498476, 56.717331804210666], [16.334314307391054, 56.71731755580712], [16.334815429999992, 56.71711357418993], [16.334851504042124, 56.71709737711484], [16.335328034439268, 56.71687631961288], [16.335778118198608, 56.716639105018004], [16.33581116172409, 56.71662105421903], [16.336232812965992, 56.71636869143134], [16.336262700380615, 56.71634905797331], [16.33665433891223, 56.7160825525903], [16.33685049093726, 56.715930251966725], [16.337014514247034, 56.71580281994707], [16.337040841685457, 56.71578160631561], [16.33736785232803, 56.71549001170545], [16.33739413962897, 56.71546385764502], [16.337686810759934, 56.715161491241595], [16.338255812636707, 56.71452567065393], [16.338380912181798, 56.71440637994813], [16.338856992084786, 56.71440548776077], [16.339032712812894, 56.71440288087072], [16.339655257695373, 56.714379839917555], [16.33966076682754, 56.71437942219436], [16.33966002874197, 56.714385178653885], [16.33965239303192, 56.714727515382364], [16.339653203989393, 56.714754096509154], [16.33968516274128, 56.71509600665591], [16.33969068406779, 56.71512244729245], [16.339762059888585, 56.71546267665257], [16.33987265904958, 56.71579960907425], [16.339882881458784, 56.715825639759224], [16.340032126370502, 56.71615811510648], [16.340219564862632, 56.71648469874243], [16.340234340284574, 56.716509961641655], [16.340459249516897, 56.716829316113525], [16.340478574659475, 56.716853721405705], [16.34073983755484, 56.71716468868647], [16.3410364577054, 56.71746584262827], [16.341059918482113, 56.71748903619254], [16.341390785403245, 56.717779310255], [16.341423087669018, 56.71780483360033], [16.341786942005395, 56.71808298405258], [16.34210808593594, 56.718311828016915], [16.342503280083452, 56.718576793218546], [16.342540509653002, 56.71860064592143], [16.342965513401687, 56.71885127482802], [16.34300107643142, 56.71886993592385], [16.343454379590245, 56.71910534691204], [16.34393378226048, 56.71932439458531], [16.343972374330388, 56.71934104606971], [16.344476235697055, 56.71954302978314], [16.345002370096026, 56.719727074487544], [16.34504397991713, 56.719741447753904], [16.345590336235997, 56.71990676649243], [16.345634151530945, 56.71991877968221], [16.346198686152597, 56.720064766195726], [16.34677881755404, 56.7201908184826], [16.346824703027238, 56.72020038296792], [16.347418253677098, 56.72030598593796], [16.347465666666672, 56.72031301880538], [16.34807019713331, 56.72039774938856], [16.348683401650483, 56.720461182455196], [16.348731930672752, 56.72046550819925], [16.349351242270725, 56.72050758221768], [16.349400213966796, 56.72050920744424], [16.35002306389786, 56.720529590741336], [16.350647023683052, 56.720528309820025], [16.35069603120188, 56.72052723958251], [16.351318670810937, 56.72050413992646], [16.351937302076088, 56.72045952229951], [16.351985944918365, 56.72045576094227], [16.352598144162492, 56.720389649664774], [16.35264575086204, 56.72038329457563], [16.353249234955555, 56.720295984982016], [16.353631422666265, 56.72022616824734], [16.353999995615062, 56.719800049664016], [16.357784246016188, 56.71855110354303], [16.35604551608931, 56.71763579688922], [16.355661113002157, 56.71743345778755], [16.351527131786824, 56.71712748308186], [16.35056013928331, 56.7163001167953], [16.350047128069125, 56.71586128298599], [16.349275466106025, 56.71520085212011], [16.348379282230745, 56.71500924246044]]]}}, {"id": "10", "type": "Feature", "properties": {"regsokod": "0880R011", "regsonamn": "Lindsdal", "kommunkod": "0880", "lanskod": "08"}, "geometry": {"type": "Polygon", "coordinates": [[[16.30958127379834, 56.74822374294476], [16.31005834527499, 56.74800278070501], [16.310093176156965, 56.74798462842322], [16.310543789216876, 56.74774750283219], [16.310965958224475, 56.74749522441541], [16.310997487538923, 56.74747522068238], [16.311389626586518, 56.747208793734316], [16.311750154120826, 56.746929224513686], [16.311777853462203, 56.74690764361002], [16.31210545836091, 56.746616022491715], [16.312129332830946, 56.74659304419323], [16.31242244597196, 56.74629073659723], [16.312679894648376, 56.74597883245924], [16.312699413954352, 56.74595473187676], [16.312837133518723, 56.74575520742364], [16.31294094748126, 56.74569312000655], [16.312980163996457, 56.74566935102984], [16.313372267192765, 56.74540282900243], [16.313401964512572, 56.74538059773678], [16.313762462810317, 56.74510111168087], [16.3140900367429, 56.74480948540612], [16.314115366343398, 56.744785773483585], [16.31440844960942, 56.74448346126888], [16.31443277838904, 56.74445427910204], [16.314690198014258, 56.74414237085549], [16.314786907537087, 56.744008313032836], [16.314934547392866, 56.74380383057764], [16.315001422403697, 56.7437112295501], [16.315222404445496, 56.743390901139655], [16.31524128015821, 56.743360070116715], [16.315424668017226, 56.74303277217701], [16.315569831798708, 56.74269976853635], [16.315581016471054, 56.74267261163891], [16.315687466309342, 56.74233525531416], [16.315693511277644, 56.742307613558424], [16.31576061884648, 56.74196716916867], [16.315788299898525, 56.74162507524876], [16.315789182362636, 56.74159245737974], [16.315777218496684, 56.74125015293611], [16.315769242340075, 56.741129954825546], [16.31577822697862, 56.74110928928257], [16.31588467083776, 56.74077193273463], [16.315951772513834, 56.74043148819732], [16.31596266195774, 56.74032645225809], [16.315990340160017, 56.739984357320736], [16.315978375196607, 56.73964205281585], [16.31597532595534, 56.739601122364114], [16.3163944643035, 56.7393506534361], [16.31651998876242, 56.739273960574224], [16.31691200391752, 56.73900751648007], [16.316982034275135, 56.7389553943194], [16.317342445036623, 56.73867589803047], [16.317669937578724, 56.73838426241856], [16.317755209604925, 56.73830547888887], [16.317770097063647, 56.73829175714151], [16.31806310272277, 56.73798943637335], [16.318258116663056, 56.73775309791308], [16.318292986570118, 56.73771715647934], [16.318342425857413, 56.737658423713484], [16.318599765724006, 56.737346507437955], [16.31860027985262, 56.73734578321432], [16.318731665433273, 56.73718656249764], [16.31880912743066, 56.73708890645637], [16.319030038958836, 56.7367685712882], [16.31921336092532, 56.736441267750116], [16.319213739393334, 56.73644054495941], [16.31928262450172, 56.73631746787261], [16.319314697909665, 56.73624409622475], [16.319576921381458, 56.7360104584158], [16.319585897118902, 56.73600120068087], [16.319869893329052, 56.735708132558756], [16.319952380282665, 56.735619405565615], [16.3202096947174, 56.735307485973784], [16.32021303608621, 56.73530286922489], [16.3204339253854, 56.734982531581224], [16.320617226657852, 56.734655225982095], [16.320672503979324, 56.73454792221018], [16.320817589681912, 56.73421491237641], [16.320923969804173, 56.73387755235371], [16.320991016169682, 56.7335371049822], [16.32100375493438, 56.733435282434854], [16.321031381570183, 56.73309318625765], [16.32102409252259, 56.73288539688614], [16.32126330109702, 56.73269978850535], [16.321280714071534, 56.73268514105278], [16.321608122927323, 56.73239349521508], [16.321901052462902, 56.73209116549634], [16.32215832539792, 56.73177924191041], [16.322170159570558, 56.73176312698054], [16.322391011863957, 56.73144278586166], [16.32257427928953, 56.73111547646102], [16.32271933537895, 56.73078246437148], [16.3227282665053, 56.730756588521636], [16.322834620188225, 56.73041922680793], [16.32290164355204, 56.73007877743274], [16.32290628928865, 56.73004989310446], [16.322933898253197, 56.72970779639662], [16.32293351164274, 56.729681480332474], [16.322921488271565, 56.72933917621403], [16.32286987939169, 56.72899792026408], [16.322842885689138, 56.72889705820228], [16.322893515071325, 56.72878064075671], [16.322901903270377, 56.72875467989855], [16.32300825001467, 56.72841731796348], [16.323075266917225, 56.728076869326735], [16.32307892392219, 56.728050510331784], [16.32310521716672, 56.727724776236045], [16.32341339016944, 56.72748561115018], [16.323439422808462, 56.72746323652637], [16.323439419652757, 56.72746314671151], [16.323766771719015, 56.72717158504618], [16.324059642242297, 56.72686925028912], [16.324081450833848, 56.726845572672104], [16.324338670474468, 56.72653364457552], [16.32435626499115, 56.726508934402105], [16.32457706850506, 56.72618858937165], [16.32476029201515, 56.725861276690765], [16.324773273428704, 56.72583571700172], [16.32491829204855, 56.725502702241684], [16.32492799723759, 56.72547214674914], [16.325034316957346, 56.725134782138866], [16.32511312124174, 56.72478908720773], [16.325180113115096, 56.724448636463755], [16.32518430872958, 56.72441849891898], [16.325211893678784, 56.72407640241568], [16.325210980766567, 56.72405045131661], [16.325198939245528, 56.72370814630338], [16.325177175168054, 56.72356447017186], [16.325232052041432, 56.72348492605407], [16.325415258686714, 56.72315761234023], [16.325428358539835, 56.72313160206222], [16.325573359677367, 56.722798586490086], [16.325679666459404, 56.722461222146755], [16.325688027669404, 56.72243463330219], [16.32575501211262, 56.72209418214884], [16.325759027232134, 56.722062789509486], [16.325786605529057, 56.72172069188599], [16.325813626513884, 56.72098370710558], [16.32580158092148, 56.72064140200615], [16.32579980515866, 56.72061007096278], [16.325748181748555, 56.720268815818464], [16.325741990077272, 56.72024220207389], [16.325651111727478, 56.71990343098002], [16.325521162213, 56.71956857858359], [16.325510002998502, 56.71954246690494], [16.32535443578646, 56.71923771111661], [16.325353860891973, 56.71922136749886], [16.32534182031379, 56.71887906313651], [16.325281609062532, 56.71839686566939], [16.325460157692813, 56.71840898042844], [16.325716588993384, 56.7184250275102], [16.326339391786977, 56.71844552941306], [16.32639941911406, 56.718447495234095], [16.327023347001408, 56.71844633274305], [16.327074907454428, 56.718445064901005], [16.327697527329025, 56.71842208425846], [16.328126251601404, 56.71839119568], [16.328243589452132, 56.718386890258266], [16.328290779139188, 56.71838396227329], [16.32881774588028, 56.71834600517678], [16.329082161088362, 56.71833626890686], [16.329135936812595, 56.718332910067474], [16.329222353637242, 56.718326689089565], [16.324732520885398, 56.71696640879355], [16.319729748345626, 56.715511150574514], [16.314410364207987, 56.71399013504548], [16.31389453916585, 56.713843941332726], [16.313799153802044, 56.71381682986701], [16.3114628127191, 56.71315433017894], [16.31114646831599, 56.71303737641081], [16.309237891816323, 56.71247031435782], [16.309262309074914, 56.712060253121415], [16.30864633176269, 56.712050644398026], [16.3085991685579, 56.71205024121529], [16.308311881129107, 56.7120557727343], [16.308305910894873, 56.71205457843925], [16.308138898372597, 56.71202444196656], [16.307539748034245, 56.711929042724655], [16.306930688082424, 56.71185467472415], [16.306314423045002, 56.711801669754], [16.306123767239466, 56.71178893589073], [16.30577046826989, 56.711771079503905], [16.30550259374941, 56.711757537471556], [16.304878937064636, 56.71174772016892], [16.304797000296908, 56.71174678210317], [16.30417355845961, 56.71175878856537], [16.303982139977915, 56.71176680987718], [16.303361332127597, 56.71180043365307], [16.30334132353819, 56.71180226020351], [16.303107749308015, 56.71175601516427], [16.30294010805291, 56.71172704635666], [16.302612161618637, 56.71167477987332], [16.302451375437204, 56.71164924193571], [16.302340975240575, 56.711631622033046], [16.30173192998388, 56.711557228551165], [16.301115676714282, 56.711504196914966], [16.3009248010928, 56.71149280513388], [16.30030363806624, 56.71146138073829], [16.299679985648883, 56.71145153830222], [16.299508062226174, 56.71145063592397], [16.29888462484181, 56.711462615893964], [16.29869351940755, 56.711471883695154], [16.29807271130249, 56.71150548112404], [16.29745695372477, 56.71156058194315], [16.296848801647155, 56.711637069781915], [16.29667999849929, 56.7116642490158], [16.296081995168006, 56.71176173731423], [16.295496416152346, 56.711879844888806], [16.294925671989578, 56.71201809671928], [16.2943720298235, 56.71217593036509], [16.294216220523378, 56.7122206668546], [16.29368181257555, 56.71239743258182], [16.29316904487695, 56.712592475631475], [16.292679770741437, 56.7128049693063], [16.292542822449864, 56.71286558723097], [16.292079165024553, 56.71309461078517], [16.29164285355787, 56.71333942924057], [16.291235597169166, 56.71359885624899], [16.291122681570943, 56.71367296850617], [16.290746332838026, 56.71394608722506], [16.290402336602156, 56.714231715329035], [16.29009186823641, 56.71452876274171], [16.290007473094388, 56.71461362729767], [16.28973210410334, 56.71492082083287], [16.28949274364131, 56.71523707336351], [16.289290419620826, 56.715560936896615], [16.2892376619999, 56.71565310885119], [16.28907314134523, 56.71598340843202], [16.28894705599143, 56.71631878915538], [16.288860030762287, 56.716657808909396], [16.288839368283032, 56.71676276383273], [16.288823896459398, 56.716873683986364], [16.28877347797855, 56.71695163822608], [16.28857113877087, 56.71727550057264], [16.288406607020775, 56.717605799229894], [16.288280508875708, 56.717941179260755], [16.28825386954828, 56.718040806756406], [16.28816683429623, 56.718379825081804], [16.28816288774712, 56.71840232337939], [16.288154319903644, 56.71843546971007], [16.28810670923162, 56.7187769546818], [16.28809860480652, 56.71911929005329], [16.288108273626204, 56.7192247399205], [16.288129494170278, 56.719455293297806], [16.287900130191446, 56.71950150065316], [16.28775957138216, 56.719532327147796], [16.287728827439057, 56.719539562221456], [16.287157938647972, 56.71967777895167], [16.287017002089552, 56.71971336954479], [16.28698762998125, 56.719721308151584], [16.286433843002943, 56.71987910787062], [16.28629960705289, 56.719917592559135], [16.286295739626812, 56.71991880049952], [16.28627080127731, 56.71992633378096], [16.28626479768398, 56.719928102855725], [16.2861343201552, 56.71997014249005], [16.28559976601457, 56.72014687308401], [16.285571127556416, 56.72015660074295], [16.285441352917804, 56.72020348238111], [16.285415412706083, 56.7202132720206], [16.28490249431928, 56.720408281494365], [16.284779934628414, 56.72045733514099], [16.284768515129446, 56.720462302855566], [16.284751513963148, 56.72046948535826], [16.284747389121748, 56.72047105439669], [16.28425796535718, 56.72068351540662], [16.28414036850588, 56.72073593059191], [16.284115566902823, 56.72074750428314], [16.283999872168792, 56.72080439123021], [16.283536067004565, 56.72103338335881], [16.28351249688533, 56.7210455731793], [16.28340494115366, 56.72110408194934], [16.28296848089859, 56.72134887038604], [16.282965178359, 56.72135079029061], [16.28294402901118, 56.7213628661309], [16.28294045999242, 56.721364878625856], [16.28284182139172, 56.721424103732176], [16.282820978166345, 56.721437253675845], [16.282413573906204, 56.72169665217943], [16.2823177740624, 56.721760159445964], [16.282298424339444, 56.72177365332395], [16.281921932833313, 56.72204674566925], [16.281833967497313, 56.72211089074772], [16.281831474877386, 56.72211289213892], [16.281813489416212, 56.7221268211463], [16.281811517571114, 56.72212827899231], [16.28173518562327, 56.72218978860827], [16.281391046363353, 56.72247539210204], [16.281374936572675, 56.72248903221499], [16.281301434450636, 56.722554555611], [16.281287852264374, 56.72256727124782], [16.28097724398471, 56.72286429618454], [16.280919208432042, 56.72292103588108], [16.280913210596, 56.72292693673503], [16.280895369325147, 56.72294517591882], [16.280686631360222, 56.72315904923302], [16.28049364816326, 56.72335677099313], [16.280273448656242, 56.72358243885192], [16.280246959271608, 56.72361190520646], [16.280240958169117, 56.723617716211926], [16.280207485328486, 56.723651835632154], [16.28016572259041, 56.72369179045265], [16.279885254156465, 56.723976106624555], [16.279859152452378, 56.724005119671354], [16.27982197860863, 56.724041343486924], [16.279820542644824, 56.72404270594932], [16.27979490065273, 56.724069379117104], [16.279704792361162, 56.724169835048336], [16.279649449700496, 56.72419088498481], [16.27960807577802, 56.724206670156015], [16.27911857451297, 56.7244191112012], [16.279080378500364, 56.72443719962089], [16.27861649876414, 56.72466617364043], [16.27817996458566, 56.72491094550687], [16.2781453403445, 56.72493106260275], [16.277737866264843, 56.72519044688655], [16.277707208675327, 56.725212320146255], [16.277554637566666, 56.72532293684794], [16.277069016991693, 56.72550748246969], [16.27702407692937, 56.72552545965075], [16.27653454391588, 56.72573789064316], [16.27633950738741, 56.72582432786002], [16.276308090288392, 56.72583974130484], [16.276144585183587, 56.72588633040767], [16.275609898376064, 56.72606301858167], [16.275583541946677, 56.72607263069163], [16.27507049273971, 56.72626760009663], [16.274993459646414, 56.726300995667245], [16.27486228328818, 56.72630350550739], [16.274815324534078, 56.72630569292717], [16.27419425079879, 56.72633917247076], [16.273976320744612, 56.72635864739082], [16.273578214456457, 56.726394156387634], [16.27353174404352, 56.726398853168874], [16.2729233026128, 56.726475225330695], [16.272877856618667, 56.726482336392905], [16.272279555420507, 56.72657971244014], [16.27169367048996, 56.72669770832559], [16.271649789334184, 56.726707228856846], [16.2710787306093, 56.72684537252761], [16.27103667934673, 56.72685721021768], [16.270482718394902, 56.72701493875102], [16.269947990368394, 56.727191602774774], [16.269908162967383, 56.72720548301663], [16.26939506870187, 56.72740042922166], [16.269357873708895, 56.72741643881717], [16.268868272605737, 56.72762883993302], [16.268404289587362, 56.72785777628912], [16.268370120985484, 56.72787564068612], [16.267933484448236, 56.728120376978175], [16.267902609210456, 56.728140003793996], [16.26749502805778, 56.7283993540384], [16.26711836003611, 56.72867231232004], [16.267091044387364, 56.728693610742866], [16.266746599193826, 56.72897917562937], [16.266723228977657, 56.729001600989896], [16.266412453004467, 56.72929859005945], [16.266136785239482, 56.72960573204893], [16.2661173648708, 56.72962937503181], [16.26587771219677, 56.729945582755576], [16.265675107426915, 56.730269408422735], [16.265659760346747, 56.73029399739108], [16.26558676721771, 56.73044008216489], [16.26530990459281, 56.73053155449992], [16.265161378449527, 56.7305837262472], [16.26464821356432, 56.730778653116424], [16.264158542202416, 56.73099103592676], [16.263694490813094, 56.73121995491871], [16.263567351217493, 56.73128708853686], [16.263130643999688, 56.73153180818144], [16.262722995027488, 56.73179114296982], [16.26234626002236, 56.73206417681685], [16.262245543697272, 56.7321436173951], [16.261901166020813, 56.73242916766076], [16.261590323985455, 56.7327261457341], [16.261314592055157, 56.7330332771735], [16.26124397043277, 56.73312202425221], [16.261004254903252, 56.7334382227069], [16.260801589757776, 56.73376204053849], [16.260636743998518, 56.734092302138265], [16.26059558745064, 56.73419566279463], [16.260469189485182, 56.73453101509898], [16.26038186792724, 56.73487001527864], [16.260374745193886, 56.73490287439951], [16.260326863867668, 56.735244349944175], [16.26032322098136, 56.73534894754486], [16.260314862601636, 56.73569128131685], [16.260346123553354, 56.73603321360208], [16.260416823975763, 56.73637349012964], [16.260447080672538, 56.736467954284265], [16.260557037292298, 56.736804958667456], [16.260705804678093, 56.737137528216074], [16.260825938900876, 56.737347591031046], [16.26084276929467, 56.73739934268429], [16.260848739751044, 56.73741257700804], [16.26099154162341, 56.737731911839546], [16.261178404836414, 56.738058616566384], [16.261402642970882, 56.73837811533572], [16.26141410597895, 56.73839434796574], [16.26167486871193, 56.73870548204713], [16.261971033019684, 56.73900682504822], [16.26230161873159, 56.739297308478605], [16.26231869096121, 56.73931195772282], [16.26252001644152, 56.73946631172387], [16.262379556153075, 56.739651613914845], [16.262363288637825, 56.73967711020133], [16.26216060240526, 56.74000093001953], [16.26199574209732, 56.740331194057035], [16.261984350604205, 56.74035735970586], [16.26185794513522, 56.74069271312895], [16.261770622605585, 56.74103171395994], [16.26176396573095, 56.741058370747155], [16.261716089959794, 56.74139984557513], [16.261714297648556, 56.741426812513616], [16.261705953001695, 56.74176914598508], [16.26173723079159, 56.742111077533295], [16.261740286538707, 56.74213790555541], [16.261811013445886, 56.74247818084329], [16.2618190500468, 56.74250477875479], [16.261929037342334, 56.74284178147665], [16.262077841480192, 56.743174349812726], [16.26209071320843, 56.74320035967414], [16.262277613735403, 56.74352706141357], [16.262295040184682, 56.74355221651217], [16.262519321193498, 56.74387171371031], [16.262780131622524, 56.74418284500582], [16.26280210885137, 56.74420696562031], [16.263098326062423, 56.74450830545378], [16.263428969356625, 56.744798785393954], [16.26345521582185, 56.74482151582042], [16.263818625688778, 56.74509989538151], [16.263848868323716, 56.745121147660676], [16.26424379772806, 56.74538636101181], [16.264668724691674, 56.74563725626556], [16.264702546530614, 56.74565667508875], [16.265155555034728, 56.74589237189093], [16.265192952655998, 56.74590986840269], [16.265672247811935, 56.74612921662639], [16.266176055796258, 56.7463315162378], [16.26622304025658, 56.74634936431887], [16.266749173288215, 56.74653373857953], [16.26697246647738, 56.746609980010426], [16.267018382902407, 56.74662415580782], [16.26756492893717, 56.74678981426328], [16.268129434554297, 56.74693615379063], [16.268170763317357, 56.74694615390517], [16.268751052483402, 56.74707256817766], [16.26880085084693, 56.74708185296397], [16.269394614414672, 56.74718782613348], [16.269702200676615, 56.74723634550485], [16.270306996253726, 56.74732145086464], [16.270391610933693, 56.74733154829424], [16.27100513234875, 56.7473954517383], [16.271154405081923, 56.7474075840096], [16.271598106525733, 56.74745381240757], [16.272217780332433, 56.74749617813006], [16.272265074369415, 56.74749910883028], [16.27288833308408, 56.74751987576963], [16.272935679258516, 56.747520380703115], [16.27356009443857, 56.74751948375486], [16.274183231354623, 56.74749676742118], [16.274230625039145, 56.74749466670143], [16.27484979608074, 56.74745042868009], [16.274896566444223, 56.74744590820041], [16.275509344638813, 56.747380174277126], [16.275587171798836, 56.74736895753915], [16.276113446365077, 56.747293235891675], [16.276159189564403, 56.74728621062032], [16.27675192863133, 56.74717845546854], [16.276796240702982, 56.747169018736706], [16.27737520410707, 56.74704083020276], [16.277938390666748, 56.74689285992646], [16.27798073641676, 56.74688110689071], [16.27852546004678, 56.746713740030295], [16.27856557143066, 56.746699764418295], [16.279089972586338, 56.746513828937346], [16.279591785492062, 56.74631006730027], [16.279629264352437, 56.746294051866954], [16.27978086156727, 56.746223866720484], [16.279894954564995, 56.746276054132316], [16.279934332526462, 56.74629208837297], [16.280438218504838, 56.74649432999627], [16.280964420683464, 56.74667864396276], [16.28100655739501, 56.746692494082986], [16.281553163449978, 56.7468580909551], [16.282117725209243, 56.74700436778054], [16.282162073315476, 56.747015858737875], [16.28274241122207, 56.74714220765813], [16.282788699141218, 56.74715125345208], [16.2833825021733, 56.74725715892655], [16.283987326431916, 56.74734219870068], [16.284035007250978, 56.74734853426415], [16.28464854947847, 56.74741237048366], [16.284697218871777, 56.74741609092879], [16.285316905836897, 56.74745839148394], [16.28560579194293, 56.747467988930474], [16.28567323541708, 56.74748840404879], [16.2862378223728, 56.747634661191924], [16.2868181816183, 56.747760991042036], [16.28698288092009, 56.74779423455589], [16.287576705659998, 56.74790012084453], [16.28818154941706, 56.747985139277304], [16.28879511040367, 56.74804895499088], [16.288984453921124, 56.748065412765], [16.289253821867057, 56.748083737301], [16.289359892751463, 56.748094049258796], [16.289979595787344, 56.74813632656155], [16.290092753836415, 56.74814099401902], [16.290582707240496, 56.748174460750796], [16.290770756185555, 56.74818068838971], [16.290771973851477, 56.748180765631034], [16.290902517428503, 56.74818516341492], [16.291525796371648, 56.748205836190294], [16.292150222725066, 56.74820484607399], [16.292342374763713, 56.748200968581095], [16.292697914455566, 56.74818794039332], [16.29274483770759, 56.74818790310885], [16.29291959667617, 56.74818402447332], [16.293243842864857, 56.74822961867948], [16.29385741442179, 56.748293409439285], [16.294048755611524, 56.7483090301812], [16.294668467111418, 56.7483512841378], [16.295291752261406, 56.748371938946136], [16.29540485599347, 56.74837498579425], [16.29545568968775, 56.7483749068613], [16.295632989341627, 56.74843702259121], [16.295676492726795, 56.74845121298091], [16.296223189655453, 56.748616745069405], [16.296787832282238, 56.748762955067654], [16.296833677390822, 56.74877460496607], [16.297414089099835, 56.74890088523272], [16.29746200101774, 56.74890990871004], [16.29805587214322, 56.74901574485823], [16.29866075677845, 56.74910071225257], [16.29871831580775, 56.749107927659026], [16.29933191221731, 56.749171691346156], [16.299726033337773, 56.74920971394071], [16.300176843505685, 56.74925316214693], [16.30062752538033, 56.749296699914844], [16.301078337583835, 56.749340144851594], [16.301537270608822, 56.749384401868284], [16.30159296014713, 56.74938822215274], [16.30221269734379, 56.74943043848625], [16.302667114555597, 56.74944545354327], [16.302836003950155, 56.74945105547786], [16.30288416653914, 56.74945171931944], [16.303508610775708, 56.74945067224341], [16.30413176097077, 56.74942780705616], [16.304179702380168, 56.749425957871246], [16.30479886773506, 56.74938157204895], [16.30484617930822, 56.74937712451099], [16.30530336071252, 56.749327963180384], [16.30545893432425, 56.74931124260959], [16.306062995596616, 56.74922415931411], [16.30610940889322, 56.74921711601624], [16.306702092013357, 56.7491092187485], [16.306747072190646, 56.749099764340095], [16.307325961106933, 56.74897143799557], [16.307889056605525, 56.74882333198444], [16.307932063760468, 56.748811471949566], [16.30847668165934, 56.74864397474891], [16.308517318519655, 56.74862989408735], [16.309041598180052, 56.74844383322447], [16.309543272679846, 56.74823995172523], [16.30958127379834, 56.74822374294476]]]}}, {"id": "11", "type": "Feature", "properties": {"regsokod": "0880R012", "regsonamn": "Norrliden", "kommunkod": "0880", "lanskod": "08"}, "geometry": {"type": "Polygon", "coordinates": [[[16.356353371993333, 56.69918407101308], [16.355273014265084, 56.69898059367019], [16.355154749288975, 56.699178429806], [16.354056779495817, 56.698979355544374], [16.353223822288914, 56.698828327065385], [16.35289776759738, 56.698741319167596], [16.352835399340705, 56.69867327529196], [16.352373016093967, 56.69859996314428], [16.352131901262283, 56.698541944671], [16.352089906260364, 56.698497484849035], [16.351740170184673, 56.698440913995626], [16.351301306720657, 56.698369947427196], [16.350914735579675, 56.6983075751111], [16.350630721724222, 56.69826987110048], [16.350148561133786, 56.69824195029755], [16.34977228758952, 56.69824899171602], [16.349398584873544, 56.69825636354769], [16.34908879975128, 56.698262414065624], [16.348858956822482, 56.69826705829971], [16.34858160460201, 56.6982724868481], [16.348508598493748, 56.69830965792055], [16.34798263666689, 56.69835227078687], [16.347350054643456, 56.698403490246804], [16.34768242911145, 56.698807188371454], [16.34759783552895, 56.69894599306505], [16.34758892602106, 56.69896046259893], [16.3464591604674, 56.698752053517005], [16.346147179923367, 56.69880986270888], [16.346012143086103, 56.698765597547954], [16.3437050019731, 56.69800924479448], [16.34357138805266, 56.697966938349246], [16.34343806028549, 56.69792885068363], [16.343298834075327, 56.69789154526957], [16.34315920858015, 56.69785810661704], [16.343018676540023, 56.69782566502325], [16.342883943535476, 56.69779729381947], [16.34274239253784, 56.69777025384298], [16.342598897440187, 56.697745390136895], [16.342447894099053, 56.69772141491662], [16.342299019059684, 56.697700472348835], [16.342150918995884, 56.697682394627286], [16.34200372623629, 56.69766709227702], [16.341858637599604, 56.69765419211547], [16.34171106929094, 56.69764347486803], [16.341563035804825, 56.69763482808488], [16.340445472594116, 56.69758200021146], [16.33953676360225, 56.69754021177746], [16.3386240734917, 56.697765615592104], [16.3397386592191, 56.698776895820394], [16.339816461709894, 56.69895024127339], [16.34048816265195, 56.70044588290701], [16.341099947467615, 56.70183823217625], [16.341518772981058, 56.702791408003414], [16.34161565291377, 56.70301215697594], [16.341667072953204, 56.703117333925945], [16.341739373619795, 56.70323773731517], [16.341867450669042, 56.70340784458951], [16.342021956422997, 56.70357119883786], [16.342201631744345, 56.70372646759097], [16.342405360769884, 56.70387258277999], [16.34263148248307, 56.704008306099304], [16.342878213025244, 56.70413266741759], [16.34314363456321, 56.704244789696524], [16.34349075366255, 56.704377949152786], [16.343521007987846, 56.70438786390125], [16.34381701899465, 56.70448519191711], [16.3439279537411, 56.70452163399959], [16.344087135391867, 56.70457399518319], [16.34400110572882, 56.704661879058584], [16.343955227317227, 56.704708637179365], [16.34511275157926, 56.70499204828615], [16.34696453217942, 56.70541607568034], [16.348754428685012, 56.70590506501358], [16.350208917528345, 56.70623803462367], [16.350204430284624, 56.706244371784706], [16.35209508721382, 56.706633587118816], [16.354583665349182, 56.7070892181053], [16.355591248094118, 56.70724031449025], [16.356219866653284, 56.70725485331159], [16.35697177367852, 56.7071132677165], [16.357689708368834, 56.7067990342246], [16.357967919627544, 56.706486714619615], [16.358243892734396, 56.70601892129749], [16.358486327758943, 56.70541306414212], [16.35927039886496, 56.70361714713648], [16.359571403067882, 56.70278005131194], [16.36013811344628, 56.70181599835933], [16.36028339933629, 56.70156872478318], [16.360651978227718, 56.700996788838665], [16.36098824445119, 56.70037319182818], [16.361163588668465, 56.70004860316997], [16.36025959511054, 56.69995328466642], [16.358747828205853, 56.69967468696825], [16.35814926279962, 56.69955634837238], [16.356353371993333, 56.69918407101308]]]}}, {"id": "12", "type": "Feature", "properties": {"regsokod": "0880R013", "regsonamn": "P\u00e5ryd", "kommunkod": "0880", "lanskod": "08"}, "geometry": {"type": "Polygon", "coordinates": [[[15.99874203149733, 56.60774195515269], [15.999004162250891, 56.60767221109928], [15.99925641470762, 56.6075743386875], [15.999234522834263, 56.6075389426959], [15.998971790688275, 56.60711257440466], [16.001872137109306, 56.60516146120037], [16.002981383699716, 56.60441521775978], [16.005164246987764, 56.602946523398906], [16.00565012791557, 56.60261966575758], [16.00582676321106, 56.602185177861905], [16.00633605577426, 56.60110267596702], [16.007280826519484, 56.59909429488701], [16.009623126750324, 56.59411393117083], [16.00960971217134, 56.59397345940853], [16.009505013290145, 56.59287723953611], [16.00948802994478, 56.59269853027393], [16.009424535347485, 56.59203449755568], [16.00936973968866, 56.59145986399149], [16.008845658763384, 56.5859716697758], [16.00862202478144, 56.58362897018733], [16.00825376965052, 56.57977060420996], [16.00833636401533, 56.57968127412081], [16.008385946855228, 56.57962760394978], [16.00840392004473, 56.57951113043356], [16.008324459989613, 56.579385296947805], [16.00829889706386, 56.57935289622831], [16.008260556406405, 56.57930434048149], [16.008212373632364, 56.57925927867568], [16.00819717566077, 56.57918753909738], [16.00832896450862, 56.57908047341768], [16.008460258169695, 56.57900027030754], [16.0086558157277, 56.57897416083616], [16.008851312649032, 56.57896601814422], [16.00922722118698, 56.578841969315576], [16.00960254766677, 56.57877173221459], [16.00978306510222, 56.57866489740184], [16.00991484602003, 56.57855783006826], [16.01014548162168, 56.57843783311535], [16.010456190144968, 56.578255113824966], [16.010360702307118, 56.57810228357123], [16.010394557295925, 56.578012808930055], [16.010476786514435, 56.577950339030664], [16.01067315331305, 56.577879396259014], [16.011278386978454, 56.5776576308118], [16.011736993536648, 56.57744433109024], [16.01191662274244, 56.577400201514806], [16.012111782605675, 56.57740993136168], [16.01225546259886, 56.57738684390808], [16.012336877943817, 56.577364442838366], [16.012392349677334, 56.57732051454785], [16.01246875615854, 56.57729653782658], [16.012636675585807, 56.577281426825444], [16.012831908697695, 56.577273818158304], [16.01297619903702, 56.57726860076152], [16.013095879859804, 56.57727166806536], [16.01322827419633, 56.57725325269192], [16.013355629830787, 56.57722715322916], [16.013476286648917, 56.57717640492138], [16.0135695960958, 56.57718220147854], [16.013683400012454, 56.577196455286554], [16.0138024823881, 56.57719225101489], [16.014002953708438, 56.577139593672186], [16.014182387476136, 56.57711342811124], [16.014427472472626, 56.57704262022394], [16.014504622187236, 56.5770515128284], [16.01474805184196, 56.57694397865431], [16.014631395570788, 56.57678315006876], [16.014449890799543, 56.57663165264098], [16.01436720603896, 56.57655139241767], [16.014397532577767, 56.57642574442126], [16.01444457444539, 56.57631783683423], [16.01432723219578, 56.57612117107052], [16.01424228836209, 56.57590636599716], [16.014273412563398, 56.575825535962416], [16.014501157486627, 56.575824307217076], [16.01469631775447, 56.57581427122024], [16.01484238961097, 56.57579556280427], [16.01503877365013, 56.57586627217676], [16.015282893038723, 56.57586499819713], [16.01552586681708, 56.57580094291527], [16.015637753900336, 56.57568370124002], [16.015748950549376, 56.57553071334608], [16.015845049413528, 56.5754404600632], [16.01598220129265, 56.57541454648615], [16.01604922178342, 56.57541615524991], [16.016229329879213, 56.5754205227259], [16.016373316873075, 56.57543928747891], [16.016562594024972, 56.575450136539736], [16.01679458170376, 56.57539200768656], [16.016946928561662, 56.575342164845296], [16.01704903736973, 56.575270904454655], [16.01712842414981, 56.5752531879214], [16.017198214319205, 56.57521300282788], [16.01722918693366, 56.57513181386635], [16.01720096122275, 56.5750353895621], [16.01715333293986, 56.57490112692063], [16.017108068452906, 56.57477492842594], [16.017029326636465, 56.574666610942394], [16.0170572063945, 56.574590208282196], [16.016998620358752, 56.57448774385992], [16.016916758326268, 56.57439813632273], [16.016939280145813, 56.574257101415135], [16.01699913935383, 56.57416202228309], [16.017085842390486, 56.57410696767086], [16.017162391936203, 56.57410364617131], [16.017220253354534, 56.57411916289245], [16.017286985319224, 56.574130114692174], [16.017353793046087, 56.574108907934274], [16.017426189555373, 56.57409088899569], [16.017577398511545, 56.57408884317394], [16.017729531949833, 56.57408625052261], [16.01788728784725, 56.574068161638536], [16.018080683883998, 56.57405274482275], [16.018277760572175, 56.574019421681385], [16.018391570016714, 56.574019208494306], [16.01855192631048, 56.57395303940223], [16.018783254183923, 56.573785949762645], [16.018939068983567, 56.57369574295893], [16.019061053631514, 56.573625216468415], [16.01917634844622, 56.573535521093945], [16.01929230029904, 56.57344528114346], [16.01944106965108, 56.573262877796104], [16.019512809240528, 56.5732155792929], [16.019524377253205, 56.573151705905936], [16.019556008352456, 56.57307527278217], [16.019659452504243, 56.57302906105114], [16.01979881174271, 56.57301579168543], [16.019870992647387, 56.572969925998585], [16.019902286874316, 56.57288100865386], [16.01990246473926, 56.57283276941885], [16.01987988640185, 56.57279172306033], [16.019855386931784, 56.57277907860895], [16.0197478692704, 56.57272372799969], [16.019654391675193, 56.572621550895335], [16.01959502419198, 56.572530053550324], [16.019582837539726, 56.57246125545106], [16.019583067642987, 56.572360017033986], [16.019548158640504, 56.57230963961059], [16.01943739341022, 56.57225323720297], [16.01931378957802, 56.572228469826044], [16.0191929630972, 56.572217153868664], [16.01913406845712, 56.57220308408489], [16.019117230215425, 56.5721608234385], [16.01908928099499, 56.57214461324303], [16.01899648255693, 56.57212246818977], [16.018897762716257, 56.5720747697778], [16.018805346679283, 56.57206187296081], [16.018676973003604, 56.572069301951004], [16.018479695949143, 56.57205977955217], [16.018275633681768, 56.572062439005556], [16.01813232465591, 56.57207349285197], [16.01798909893002, 56.572062628657704], [16.01784871873106, 56.572017785261735], [16.01778039124088, 56.57197729357488], [16.01778377434204, 56.57191339749232], [16.017841034897632, 56.57186666767908], [16.017881139926505, 56.571830767321416], [16.01779441040715, 56.571784676083084], [16.017674502051474, 56.57172753923163], [16.017594949975873, 56.57167384379477], [16.017519749531576, 56.57157223431523], [16.01749181197408, 56.57149646791326], [16.017431761676878, 56.57143425885998], [16.017394689348553, 56.57134814765767], [16.01736356263283, 56.571248513497544], [16.01731301408496, 56.5711352934764], [16.017252651161908, 56.57107147055319], [16.017216896138624, 56.57100439152045], [16.017126511654663, 56.57090200844214], [16.017118255754696, 56.57078943071628], [16.01712557440636, 56.57068705616728], [16.01714790264153, 56.57056892911743], [16.017156219676966, 56.57052879755896], [16.01716917913817, 56.57046662008375], [16.017173822154998, 56.570389599680844], [16.01722915706417, 56.57030623472975], [16.01721976032088, 56.57020112270725], [16.017199957337347, 56.57015834697426], [16.017147123799788, 56.57012491413976], [16.017049984885293, 56.570115827332295], [16.017013253162887, 56.57008235169314], [16.016961720687757, 56.57003741046103], [16.01692300488339, 56.569979967350804], [16.01699366478501, 56.569902496000076], [16.017119526117774, 56.56981172861693], [16.017200340755362, 56.56974764838861], [16.017204182400494, 56.5696507820079], [16.017225868342344, 56.56953373743675], [16.017268245949293, 56.56944760514931], [16.01729507262647, 56.569357107734], [16.017321960458425, 56.569238943320045], [16.017315493889715, 56.5691029961894], [16.0172882419727, 56.569012671644714], [16.017293404162086, 56.56889504435169], [16.01730504247406, 56.568798653248464], [16.01728210558152, 56.56871907320383], [16.017239962621048, 56.56863893150012], [16.017201518733142, 56.5685815760909], [16.017199484267422, 56.56850577739539], [16.017206214469308, 56.5684315242415], [16.01713466514659, 56.568335723781104], [16.017058739139493, 56.56826681785005], [16.016952904079808, 56.568198514972636], [16.01691819920265, 56.568160442343235], [16.016905221252713, 56.56810692077969], [16.01695979272391, 56.5680001175511], [16.01693482122752, 56.567864681108716], [16.016971277208658, 56.567762966691696], [16.017009349313458, 56.567666539100614], [16.01708688020706, 56.56754023457069], [16.017143128521088, 56.56744599427287], [16.017203504522918, 56.567370582599466], [16.01732787891026, 56.56727470672792], [16.01750138025841, 56.567169356013835], [16.017788172940726, 56.566995256088184], [16.017860552947603, 56.56692720310307], [16.01790754343525, 56.56688307206612], [16.018038006480513, 56.56681418319458], [16.01814298950418, 56.56679086643459], [16.018263219049857, 56.56672071431258], [16.01842747123443, 56.566655860062426], [16.018605973984013, 56.56663697124661], [16.018769161185215, 56.5666023982251], [16.018878853862866, 56.5665746406591], [16.01905248764897, 56.566514379832356], [16.019210905784437, 56.56643726603837], [16.019348099894692, 56.566409192781464], [16.019624728611866, 56.56628179423558], [16.019833554038776, 56.56612818134874], [16.019879980437008, 56.56599341765778], [16.0197641429727, 56.56587750044869], [16.01977799219038, 56.56573393033627], [16.01982416390823, 56.56567444506156], [16.019888879567194, 56.56559109261232], [16.019939795387867, 56.565518452547586], [16.02002728425249, 56.56539377148173], [16.02016255854669, 56.56521974169052], [16.020208883065383, 56.56512117884827], [16.020189682467315, 56.56504597111221], [16.02010621030848, 56.56496086935431], [16.02000786812067, 56.564916582030676], [16.01981118204089, 56.564827918217986], [16.019680239069544, 56.564783808171214], [16.01951738873776, 56.56477571144287], [16.019273370363546, 56.56476810020677], [16.01902830689248, 56.564706600675095], [16.018848661274145, 56.564662709197655], [16.018684341532577, 56.56456497431615], [16.018616864146484, 56.56443078482205], [16.01860640350371, 56.56432613074602], [16.018743366179763, 56.56421487896802], [16.01885566526063, 56.564124579247256], [16.018902895546905, 56.564034632956], [16.018916961851176, 56.56390902779181], [16.01891343147103, 56.5637028098397], [16.018910915929307, 56.563559284941334], [16.018908536207977, 56.56341584787507], [16.01885764088038, 56.563299488370824], [16.018856278459513, 56.56321883329053], [16.018817417945943, 56.563100937601845], [16.018906512291675, 56.563046040696264], [16.01890759014141, 56.56297632512741], [16.018908310575068, 56.56293823137067], [16.018797191318384, 56.5628825501162], [16.018771608827592, 56.56281440069824], [16.01872278402006, 56.56272012108916], [16.018605303307325, 56.56264742448943], [16.01847130362891, 56.562584114617025], [16.018259524514605, 56.562567345232345], [16.0180969268275, 56.56256822749903], [16.017933525113037, 56.56252420172562], [16.017899455845573, 56.56243474167115], [16.017897986996253, 56.56234501561969], [16.01784800461515, 56.56228254462484], [16.01776625344029, 56.56225608549791], [16.01763510635132, 56.562194009237906], [16.017544718587686, 56.56213573223038], [16.01721693105573, 56.56213086904016], [16.01682846904269, 56.562124973809], [16.01662618734668, 56.562121956794996], [16.016151955616703, 56.562114873934796], [16.015992759438962, 56.562112492073425], [16.014249524410744, 56.562086301570034], [16.003284165066237, 56.56187703676803], [16.002861300105568, 56.56186885981056], [15.997687622319853, 56.56176981097497], [15.996434412000141, 56.55823128322534], [15.996120117472907, 56.55734962115955], [15.996101724275706, 56.55729802765102], [15.995579640764975, 56.555833965460735], [15.99472731251606, 56.55345395777044], [15.993719796518922, 56.55064014674018], [15.992677887758754, 56.54860747922325], [15.991764422051604, 56.54682529865867], [15.990439248890347, 56.54423937274302], [15.990386261444804, 56.544136132447946], [15.990363574243428, 56.543174699521025], [15.990292606306017, 56.54017355569532], [15.990214598701778, 56.53687639152612], [15.990196307390569, 56.536103562269965], [15.990195224368218, 56.536056950259145], [15.990193294577988, 56.53597782671828], [15.990185664727186, 56.53565459421677], [15.990157426708974, 56.534459380417395], [15.992203308281754, 56.526515952877126], [15.992203040104572, 56.52651595501833], [15.992201978413162, 56.52651632288326], [15.972881847272351, 56.52407105605932], [15.958676416268982, 56.52226604749876], [15.957761285468779, 56.51945204152704], [15.957635883386393, 56.51923589335164], [15.95739971988287, 56.51888450762466], [15.957357443629324, 56.51857914680458], [15.957385197896317, 56.518032147063295], [15.957357953434029, 56.51778074736555], [15.957345519370758, 56.517601185543064], [15.956364605481962, 56.51425777732168], [15.951723808382615, 56.513533283107584], [15.943427171416767, 56.51246498910438], [15.942411233518296, 56.5123747861379], [15.942021607701795, 56.512371004187635], [15.941761050028584, 56.51239543664599], [15.941163994700062, 56.51246742132303], [15.938503274429628, 56.512725952544116], [15.935260235779902, 56.51303678049948], [15.933347297528977, 56.51298442286058], [15.933118057886928, 56.512980395437495], [15.930751899441443, 56.512942899402454], [15.929455171040916, 56.51293706594828], [15.917326807747632, 56.513313485661904], [15.912588386923183, 56.514439791236285], [15.911970531420103, 56.51459227417703], [15.907761445834778, 56.51568684054021], [15.904100733027338, 56.516515246579296], [15.89826681848116, 56.517933452788164], [15.891509985556207, 56.519539550158704], [15.886468700075676, 56.51934368225995], [15.879392678820146, 56.51915016888957], [15.862411362906254, 56.5186534197343], [15.836756426187439, 56.51416876435306], [15.82555039138376, 56.51757649668473], [15.823798787156871, 56.51752578163363], [15.818416752155196, 56.51791131390358], [15.816696323429582, 56.51852519454493], [15.814565911397796, 56.519297229412594], [15.812731264777456, 56.51992806165322], [15.810181211640039, 56.520606649750164], [15.810020408033585, 56.52055137581962], [15.809684613402956, 56.52035998709394], [15.809396639049972, 56.520204845861585], [15.809060008898316, 56.5200493918537], [15.808465683489699, 56.5198197987215], [15.8078863982542, 56.51963528910259], [15.80635674268942, 56.51978382828497], [15.805705303469155, 56.519868000066154], [15.805238506466832, 56.51974814174518], [15.804966019700203, 56.519684064078305], [15.80389906618723, 56.519664921500144], [15.80306798504865, 56.519582085232784], [15.802876164904008, 56.51934591215503], [15.802472516357687, 56.519296240384925], [15.801308162832736, 56.51944325530104], [15.800563986629413, 56.51908937342264], [15.799622469212595, 56.51902447232848], [15.799250732105829, 56.518955990381656], [15.797888070407657, 56.519238989567], [15.795863058007235, 56.518742027715824], [15.794097627256383, 56.518370300552], [15.793283068240621, 56.518081589143506], [15.792958173409883, 56.517553415150374], [15.79201985975357, 56.517267012578216], [15.791642909340842, 56.516696318866295], [15.791316622058991, 56.516697768322665], [15.790655362822642, 56.515865239125354], [15.788166885329481, 56.51569385007634], [15.786284229974687, 56.5162579440639], [15.786140600645359, 56.51634355892478], [15.786026041763307, 56.51644156625441], [15.785943974890367, 56.51654915928977], [15.78592027797662, 56.51659557046886], [15.785618210545492, 56.516932085751456], [15.783942321261904, 56.517019741352456], [15.783657641901488, 56.51668028534124], [15.78123080593351, 56.51664005369473], [15.78076378679313, 56.516705688435046], [15.779910191904703, 56.51659104021634], [15.756094389247455, 56.53018932113304], [15.75605094599506, 56.530276357489136], [15.754257701142263, 56.53373335457836], [15.754182468846393, 56.53387412066812], [15.752758858807802, 56.536744888242175], [15.750080130687918, 56.541999482357085], [15.749845953396003, 56.54269633055139], [15.74246272767396, 56.547832084676166], [15.7424319607197, 56.5479321556288], [15.742373391019562, 56.54806445986555], [15.742451080514504, 56.54846354199283], [15.742834985530987, 56.548808247397815], [15.743359796701096, 56.549806491589415], [15.744534325586843, 56.55143798085102], [15.744421793000207, 56.551704808764605], [15.744234192272385, 56.55259610886285], [15.744110532632256, 56.55309592268049], [15.744164083747041, 56.553500717434254], [15.744089377929933, 56.553904572783196], [15.744026263395627, 56.55405837406067], [15.744206687204713, 56.554666853740905], [15.74404184187738, 56.5563017748661], [15.743949875545404, 56.55638694144251], [15.743886091475524, 56.55647948445657], [15.743852317734945, 56.5565768782734], [15.743847134252004, 56.55664769220454], [15.743981874005748, 56.556971697342966], [15.744005778282704, 56.55702077908253], [15.744013747682413, 56.557071392784174], [15.744005885603073, 56.5571220122762], [15.743982031859018, 56.557171110262765], [15.743943090174874, 56.55721715397441], [15.7438903828068, 56.557258879462765], [15.74385524229378, 56.55727983924141], [15.742041169947802, 56.55853917020365], [15.741600651213359, 56.55878226298356], [15.741701722881222, 56.56007407556025], [15.742042959315746, 56.560858375853044], [15.744479067706562, 56.56248637061407], [15.74476484218327, 56.56254717824128], [15.74501408638323, 56.562688058524024], [15.744936997035461, 56.56288227480521], [15.745485037636836, 56.56366380003672], [15.746929662980044, 56.56383792584697], [15.74808827978826, 56.56391243323212], [15.749206816633949, 56.56364915580751], [15.749233009451483, 56.563643787919226], [15.749260592637306, 56.56364092728576], [15.749288634346685, 56.56364084815566], [15.74931619062098, 56.56364337652864], [15.749342592930091, 56.56364860717653], [15.749366893744316, 56.563656185535045], [15.74938855764832, 56.56366602588648], [15.749406637257124, 56.563677863510854], [15.74942085347455, 56.56369116192491], [15.7494306673091, 56.56370565484583], [15.749435664731717, 56.56372089465046], [15.749435970158508, 56.563736343321025], [15.749431306210196, 56.56375155151132], [15.749422849971333, 56.56376498657153], [15.74940546745559, 56.563815573905835], [15.749404337062971, 56.56386696083299], [15.74941929721171, 56.56391780246103], [15.749450042339745, 56.56396630284317], [15.749495612093563, 56.56401120993746], [15.749554632423365, 56.564051006455735], [15.749625204434773, 56.564084625696076], [15.749715136985715, 56.56411345626764], [15.750057258031026, 56.56416591770201], [15.75041078941446, 56.5641848037307], [15.75076485406506, 56.56416955191598], [15.751108721188428, 56.56412049570419], [15.751431956775598, 56.56403922648123], [15.751471956942433, 56.564026409250424], [15.752895584298562, 56.5636344203632], [15.75413804903159, 56.56337070736006], [15.754691330059972, 56.563273302412945], [15.756630701008234, 56.563804156148095], [15.758309542377656, 56.56579677916683], [15.759843926237401, 56.56683334635559], [15.760566905004728, 56.56723988043548], [15.760732827342103, 56.567303270353506], [15.764016043426354, 56.56851429654443], [15.76487172715643, 56.56885639318456], [15.766789548191282, 56.56957432903378], [15.770278415403142, 56.57087419811599], [15.770896125294048, 56.571268838868704], [15.771393034181067, 56.5744376027123], [15.772177960792177, 56.57951696934554], [15.772195944725135, 56.57951021101715], [15.772248160676343, 56.57997114235531], [15.772467139683714, 56.58134250171914], [15.772372900506612, 56.58138844929232], [15.772294537924981, 56.58144274176528], [15.772234432976777, 56.58150374718959], [15.772194428988136, 56.58156956831865], [15.772175693776898, 56.5816383111945], [15.772178853984713, 56.581707727629734], [15.772203867576689, 56.581775749671614], [15.772249888678667, 56.58184040868332], [15.772315532298755, 56.58189964502961], [15.7731376813051, 56.5825599670611], [15.773827741324345, 56.58312068045536], [15.774836327351133, 56.58353388830656], [15.77505746990638, 56.58374557768992], [15.77496206260775, 56.58462700413314], [15.77492200976418, 56.58524813052497], [15.780108276325588, 56.585510969092006], [15.781029270836223, 56.58579119486967], [15.781945252956984, 56.58597111009536], [15.783740256475776, 56.58635369967569], [15.78463628991462, 56.586599832700195], [15.7856635930547, 56.58673356620325], [15.792433021296253, 56.58812343767272], [15.799455740204523, 56.589594044976565], [15.800214555490802, 56.58978103455185], [15.802157677440452, 56.590945688706555], [15.805230818517948, 56.59277076983514], [15.806100178101007, 56.59324507944788], [15.807839874879642, 56.5943370369467], [15.808660944849668, 56.59489230635981], [15.809121175731208, 56.595232808252455], [15.809367608758327, 56.59540295240271], [15.809940849682452, 56.59567085583709], [15.810351101463661, 56.59592140396868], [15.810893857960526, 56.59635163638952], [15.811125126675263, 56.59660307897886], [15.81327937336534, 56.59627309679499], [15.813874263704225, 56.59618423068569], [15.817282410086614, 56.59568302405607], [15.822709349799313, 56.59496421500744], [15.82323058505841, 56.5949978653497], [15.823669872842732, 56.59498687246814], [15.825085164349556, 56.594926203275044], [15.826841985842377, 56.59485498452808], [15.827217186997085, 56.594916356071685], [15.827346394264351, 56.59484363564953], [15.827915405325468, 56.59479592510321], [15.82833850649612, 56.59479400699177], [15.828694991625387, 56.59467512787853], [15.828907450445048, 56.594737219853315], [15.82942804073158, 56.594716772950264], [15.82993296921008, 56.594741521292086], [15.830307064516932, 56.594721688579675], [15.831022365008447, 56.5946642732928], [15.83150999990845, 56.59461700001513], [15.831981448169072, 56.594578725884595], [15.832762327263222, 56.59454799051266], [15.833705942584963, 56.5945165190904], [15.834194161323966, 56.594514234470644], [15.834779605716708, 56.594475454771874], [15.834842756560615, 56.59433094913386], [15.834938403105534, 56.59418631610266], [15.835195273642622, 56.59392373629889], [15.835630468619787, 56.59360624194705], [15.836098676678791, 56.59332463446486], [15.836806097521661, 56.59268139295259], [15.837110695291903, 56.592337374505824], [15.837384446473742, 56.592128841895956], [15.83744718919974, 56.59194831798906], [15.837411131335397, 56.591696148687696], [15.837205224593525, 56.59090391951299], [15.83706978358864, 56.59051705097932], [15.83833715123199, 56.59037584254623], [15.839556039544897, 56.59025291370035], [15.84090521483849, 56.590138344387576], [15.842238336312219, 56.590032851774176], [15.843700679211413, 56.58986367960923], [15.844508848757933, 56.58977303978271], [15.845130650511578, 56.58971258563588], [15.845768732166922, 56.5895876116232], [15.846007211433507, 56.589546196793194], [15.846445822978058, 56.589490035650634], [15.847892282939426, 56.58935685281232], [15.849257780649216, 56.589242171248316], [15.850216143679209, 56.589120377011454], [15.850801215508634, 56.58906346883898], [15.851322120959667, 56.58907894834109], [15.851713209602314, 56.58911318921745], [15.852396695405384, 56.589109855084125], [15.852479275825129, 56.5891995651671], [15.85277201444559, 56.58918911498851], [15.852950567548445, 56.589152229583085], [15.853112671113529, 56.589106384214844], [15.853390116404553, 56.58916807768722], [15.853358444545558, 56.589222370734205], [15.85420710357809, 56.5893985343842], [15.8550392531778, 56.58953887503444], [15.856773070126318, 56.590143693433546], [15.857934661063585, 56.59055275216614], [15.85868714121067, 56.590819644169734], [15.859357922836349, 56.59105987850524], [15.859849811127605, 56.5913098803038], [15.860096790760672, 56.59150695893675], [15.860212296890777, 56.59161458043484], [15.860638255076951, 56.5918108694208], [15.861048727808337, 56.59205226740316], [15.861738211406433, 56.59246356957203], [15.862309976570897, 56.59260503648081], [15.86310945718433, 56.59272749470654], [15.863859307791648, 56.59280501967693], [15.864641369558742, 56.59284638551611], [15.86535782708192, 56.59286098614522], [15.866448553191528, 56.59286480136551], [15.867299793115633, 56.59319428168902], [15.867967170285352, 56.59318208174869], [15.868520696886026, 56.59318845885138], [15.869334704584931, 56.59319355158871], [15.869986184889687, 56.593208399971516], [15.870458138655158, 56.59320617654086], [15.871189231386005, 56.593103506861446], [15.872200075854408, 56.59320682037624], [15.872264561453033, 56.59316145476936], [15.872395154309974, 56.59318784644083], [15.872273012436203, 56.59373817173842], [15.874252307087993, 56.594386568787236], [15.875430034535096, 56.59475942094784], [15.875805802158343, 56.59484768016996], [15.876784492979883, 56.5949690585413], [15.878138252165892, 56.59512479111321], [15.878350301703671, 56.59515976392371], [15.879591855188398, 56.59543313689488], [15.880947365962092, 56.595714852982795], [15.881339690545735, 56.595821123395574], [15.882942930994517, 56.59633595939629], [15.883173852874494, 56.596114423840774], [15.886624558102119, 56.59228490929714], [15.887491736677987, 56.591322339377555], [15.888140326995362, 56.590602419616665], [15.891925900789218, 56.58640000210576], [15.892435518304321, 56.586472699826956], [15.893597954077412, 56.5866384380874], [15.895694384124786, 56.58693739426021], [15.895764975400674, 56.58694748584676], [15.8960100329644, 56.58698281878113], [15.896156515952265, 56.58693756954659], [15.896498528129513, 56.586882914795545], [15.896955001177671, 56.58683695644922], [15.897199745300432, 56.58683635930686], [15.897395409477257, 56.58682695337567], [15.897673246236772, 56.586880101833245], [15.897934998956915, 56.586951331233074], [15.898180138052137, 56.58699564293406], [15.898262626958859, 56.58709412675615], [15.898410494377504, 56.58723184092154], [15.898220416777663, 56.58773157333966], [15.898367190060695, 56.58781180710324], [15.898596669707077, 56.58793716455611], [15.898907220411747, 56.587999236364205], [15.899266226739382, 56.58799843830767], [15.899852044375951, 56.587835387696245], [15.900193404768206, 56.58769099101247], [15.900599159207152, 56.587465553059076], [15.900760774775149, 56.587294609449934], [15.900857061392406, 56.58711479757362], [15.900953030197467, 56.586899145954945], [15.900984963917946, 56.58683621614487], [15.901098499893049, 56.586755178059164], [15.901293527192562, 56.5866739087831], [15.901668523421533, 56.58664603969192], [15.901799176709114, 56.5866636859814], [15.90196298568154, 56.586726185941906], [15.902078588155677, 56.58687850231078], [15.902076976205183, 56.586901060666655], [15.902064173707211, 56.58708502900208], [15.902097593053226, 56.58717470375606], [15.902261721233968, 56.58727304207978], [15.902523747373163, 56.58738908367495], [15.90294972447915, 56.58756762236616], [15.903130023638951, 56.587656948382175], [15.90321167568533, 56.587674680339546], [15.903456184344051, 56.587647124432564], [15.90373315886835, 56.58760163624275], [15.903896278256903, 56.58760116884246], [15.904059534927223, 56.58760079097414], [15.904304764606543, 56.587654072716525], [15.904583260313126, 56.58777906283945], [15.904747718539115, 56.587913325528724], [15.904894995276194, 56.58795779675767], [15.905123449900072, 56.58796628528514], [15.905433689706648, 56.587992412185486], [15.905907751245143, 56.58808103302318], [15.906038572560309, 56.5881166400188], [15.90629997109483, 56.588160817341866], [15.906610914088454, 56.58824981530557], [15.90679114408391, 56.58833024457074], [15.906824171165482, 56.58837500639592], [15.906891493035232, 56.58859027990181], [15.90697497909795, 56.58879654352029], [15.907073743575442, 56.58889508169803], [15.907303062083006, 56.588984224827996], [15.907842474473382, 56.589081703764094], [15.908022304505803, 56.5891171297838], [15.90821948680625, 56.58914829776274], [15.908414377764318, 56.58917903293769], [15.908904545367434, 56.589249649184794], [15.909035261845201, 56.589258215776496], [15.909377899254924, 56.58925741746169], [15.909753077732537, 56.589247488219755], [15.909850386332437, 56.58918443643098], [15.90996393757213, 56.58912126574193], [15.910338546412103, 56.58904854960894], [15.910614869545366, 56.588931189012264], [15.91072849960935, 56.588876999770925], [15.911020739893354, 56.588723680626224], [15.91134559893306, 56.58857021254215], [15.911524615468696, 56.58851599270463], [15.911801092723325, 56.58841650392759], [15.9120210321347, 56.58829982299455], [15.912158246301884, 56.588227134647724], [15.912255463261063, 56.58815500903029], [15.912466554109425, 56.588055728743896], [15.912661861249083, 56.587992405006595], [15.912873609191665, 56.587964981094416], [15.913004570072097, 56.5880005797649], [15.913266963043343, 56.58815252712648], [15.91344717492989, 56.58821489161746], [15.91352822806341, 56.58826316235086], [15.913676657750603, 56.58826584476093], [15.91372576207724, 56.58829216273375], [15.913917780853401, 56.58833180238212], [15.914243362195688, 56.58835348384309], [15.914793462544983, 56.588353840908376], [15.915010116000841, 56.588268348864844], [15.915225308706747, 56.588183496104314], [15.915483485957028, 56.5880883555687], [15.915720505785513, 56.58800675451592], [15.915984020996676, 56.587915975155425], [15.916206257241535, 56.58783942262928], [15.916685213114455, 56.58767438503953], [15.916770714382269, 56.58764563867591], [15.917240311395426, 56.587487943581195], [15.91729177419723, 56.5874674431983], [15.917358484873052, 56.58744449435912], [15.917401362511676, 56.587429805555054], [15.917985290981278, 56.58723111150565], [15.918408618698523, 56.58710923516502], [15.918460956709156, 56.587108219791226], [15.918587638778124, 56.58710566708147], [15.91881228950061, 56.58713454896579], [15.919079033274945, 56.58719393101192], [15.919433797162927, 56.587273141250996], [15.91957695582662, 56.587362987651936], [15.91975253500579, 56.587494184504344], [15.919928187976911, 56.58758406065933], [15.920097327475037, 56.58763796302734], [15.920289252451802, 56.587756552398496], [15.92048438006599, 56.58791293461006], [15.920608062920346, 56.587947051790664], [15.920858632291004, 56.58797591786059], [15.921145154775294, 56.587981432297546], [15.921454306435752, 56.58801749838664], [15.921665944388046, 56.58803551309585], [15.921870832684121, 56.58811825180232], [15.922147407521994, 56.58822794694937], [15.922459847043074, 56.588310696814304], [15.922814606435107, 56.58835037359864], [15.923227953835813, 56.588463632796774], [15.923511105471139, 56.588506893816756], [15.92372264223829, 56.588553650043046], [15.923908230853042, 56.588582453463935], [15.924162043568353, 56.58858434057143], [15.92439004843294, 56.588552105184164], [15.924744916455705, 56.5884750906916], [15.927856720691558, 56.58839945826902], [15.934236982443036, 56.58849299953966], [15.940658584856177, 56.59007640534628], [15.949074452286558, 56.59215072918335], [15.954900283206447, 56.59416058577451], [15.95741121058223, 56.59502671432692], [15.957574546149822, 56.59504414144273], [15.957770330310284, 56.59504362251242], [15.958081913397038, 56.59517740139246], [15.958800382370537, 56.595220192975084], [15.959323442246278, 56.59529943029387], [15.959617998380958, 56.59537045814181], [15.959847571397445, 56.595468484909844], [15.959963712536318, 56.595647692530214], [15.95658131819564, 56.60135775340548], [15.958126546154155, 56.602252579047935], [15.959738642284986, 56.6031859455249], [15.95986991084521, 56.60297033572242], [15.960017442792207, 56.602781637512], [15.960050855497087, 56.602610887759575], [15.960035335712545, 56.60244913807659], [15.960036027459289, 56.602296336799654], [15.96006010741695, 56.60225015901254], [15.960146698177066, 56.602020790560374], [15.96022906950194, 56.60181570842717], [15.960205393496603, 56.60177717488617], [15.96007564708712, 56.601491357532225], [15.960286259815986, 56.6013381040792], [15.960529092004101, 56.60115792184515], [15.960559042078893, 56.60112077123802], [15.960601880762399, 56.6010676220235], [15.9606740142037, 56.60097795703468], [15.96079463642422, 56.600830157572986], [15.960931634701957, 56.60064504348852], [15.961044199928509, 56.600492095850996], [15.961305092287688, 56.60047337250821], [15.961566587674344, 56.60049955690023], [15.961666222707416, 56.60065194306159], [15.961830990829204, 56.60080400439556], [15.962175740968217, 56.600982520431714], [15.962388503249656, 56.60103584861634], [15.962600794474753, 56.60104417729315], [15.962959407087814, 56.60100717804966], [15.9632202510808, 56.60097057538428], [15.96328608629938, 56.60102423090294], [15.96343385913536, 56.60110456047403], [15.96390789619723, 56.60117499600357], [15.96428388000268, 56.60121879313021], [15.964462079805369, 56.601101534237536], [15.964558853705784, 56.60099352980186], [15.964496967381553, 56.600920980336085], [15.9644595863745, 56.60087716488805], [15.964434803412146, 56.6008480727109], [15.964360452512034, 56.60076070811685], [15.964326873552123, 56.60067105174385], [15.964455863947736, 56.60053602903116], [15.964455402337942, 56.60048626798408], [15.964454259320943, 56.60038342509926], [15.964469566632653, 56.60029365840516], [15.96450125650414, 56.6002037646989], [15.964597650009301, 56.60005983296601], [15.964678318852888, 56.599978811748294], [15.964644739832323, 56.59988915455181], [15.96456157721912, 56.599745806362385], [15.964421956754931, 56.599579450566516], [15.9643961922592, 56.59954874966453], [15.964296173785911, 56.59936052825271], [15.964262407381884, 56.59925290685711], [15.964310631963448, 56.5991899231875], [15.96431014820434, 56.599049706547596], [15.964264252071457, 56.59895619240391], [15.964242397927624, 56.59892079008218], [15.964172921618546, 56.598787396468154], [15.964125755884076, 56.59869676627627], [15.964025836231324, 56.598517526645566], [15.96405761927669, 56.59843661507724], [15.964071416802886, 56.59820313661654], [15.964118885978214, 56.5980683874087], [15.964133436471933, 56.597906764390096], [15.964147799718216, 56.59772717816473], [15.96421221595569, 56.597646193316166], [15.964226767559815, 56.597484571163314], [15.964372169535963, 56.59734052828858], [15.96433779829708, 56.59718799859346], [15.964286708319555, 56.59699068459994], [15.964136927689829, 56.5967308068309], [15.96408672720679, 56.59660525732333], [15.964069402489619, 56.59651556471804], [15.964096240291113, 56.59648310839996], [15.96416607073324, 56.5963985785055], [15.964311428241984, 56.59626342893612], [15.964587728780291, 56.59615493103646], [15.964831358481094, 56.59605548899643], [15.965141514899294, 56.59606350338341], [15.965385465420306, 56.595982023316324], [15.965432831715535, 56.595838291546684], [15.965480101460832, 56.59568548698001], [15.96551055392398, 56.59547891713768], [15.965558393493911, 56.595380094631615], [15.965655526466934, 56.595307927655256], [15.965817734209804, 56.595217739051265], [15.96611045940501, 56.59512707663822], [15.966338019126205, 56.59504563210419], [15.966489058897617, 56.594981040174304], [15.966549234604852, 56.5949552415142], [15.966770632256264, 56.59494813124779], [15.96685919455408, 56.59494537649203], [15.966893639004262, 56.5949479838393], [15.967087795894015, 56.59496264323347], [15.967267802685118, 56.595006966225895], [15.967692798721624, 56.59506860593537], [15.967750095887675, 56.595082622684814], [15.967872808344694, 56.59511292803484], [15.968022958720017, 56.59515020562205], [15.96815130869752, 56.595180466829596], [15.968401522517887, 56.59523933227216], [15.968725273115858, 56.59534846742506], [15.969000443954243, 56.59544836845794], [15.969486419057102, 56.59559405489239], [15.970150489426322, 56.59580329570334], [15.970535531276504, 56.595982283068196], [15.970646709257437, 56.596033964653614], [15.97081293450959, 56.59611126646018], [15.971168605831135, 56.596265329649924], [15.97142770947271, 56.59635618831272], [15.971557128224337, 56.59640161803331], [15.971687411304483, 56.596402217689615], [15.972030173193948, 56.596340972120714], [15.972372514914559, 56.59631566002866], [15.972861082673244, 56.59629998323271], [15.97330037945034, 56.596311009458354], [15.973575324318928, 56.59631784078791], [15.973739674132444, 56.596321943405776], [15.97413056082902, 56.596314840971054], [15.97453880433765, 56.59623600857092], [15.974584990019851, 56.59620420788805], [15.974966620091857, 56.595942064319644], [15.975116266368213, 56.595745516179136], [15.975297647687706, 56.595602885320005], [15.975348024937833, 56.59550448917111], [15.975398401905599, 56.59540609210291], [15.975497151927259, 56.59533489298483], [15.975610280860131, 56.59538915949363], [15.975769611790007, 56.59560511311409], [15.975849725727437, 56.59568613840884], [15.976109044265758, 56.59575902009443], [15.976332905138571, 56.59577954063267], [15.976417847051433, 56.595787407507686], [15.976906578193262, 56.59576272981135], [15.978097360583867, 56.59560677493977], [15.97822602697846, 56.59570601057681], [15.978289343670127, 56.59582282714316], [15.97822254939935, 56.59593006776083], [15.977974003496238, 56.59620689468088], [15.977528204532984, 56.5965993521335], [15.977492601344151, 56.596796443773385], [15.97752252088393, 56.59696697063587], [15.977683521589789, 56.59707529581792], [15.97790945606088, 56.59720179382192], [15.978200366530658, 56.59733766086668], [15.97857195349461, 56.59751870595639], [15.9789598313896, 56.59769081775256], [15.979268613320707, 56.597728091268614], [15.97973950093052, 56.597801904486204], [15.980454754100915, 56.597867952069116], [15.980909737625671, 56.597923831684554], [15.98154380404332, 56.59797155925791], [15.981835997119884, 56.598026653354715], [15.982180006758957, 56.5981532889755], [15.982624676393394, 56.598354854334964], [15.982992137670179, 56.59856717810508], [15.98318595043863, 56.598779706190975], [15.983554049569697, 56.59911966825326], [15.983902465582045, 56.599353249231164], [15.984115463003857, 56.59952322587249], [15.984096930741272, 56.59970410558941], [15.984233808062784, 56.60008703582259], [15.984466967462858, 56.600448453221844], [15.98477704944944, 56.60075662329915], [15.985338827837774, 56.60123463954288], [15.985802756546908, 56.60143613009272], [15.986324889315878, 56.601690785615816], [15.98667337278453, 56.60195624739011], [15.986993050900443, 56.60221403208276], [15.987179964198132, 56.602330312810636], [15.98739157877226, 56.602456368319], [15.987456313803046, 56.60260029708518], [15.987422918753172, 56.60290597618091], [15.987357328317609, 56.60305884481614], [15.987308162179568, 56.603166758061874], [15.987307854515528, 56.60324769547412], [15.98742168697334, 56.60337362841242], [15.987698215437582, 56.60359860782285], [15.988007556981925, 56.60377868163131], [15.988235437707827, 56.60390478624076], [15.988518319266264, 56.60396128559065], [15.988880536625015, 56.60401068663481], [15.989362943620558, 56.603976669456976], [15.98969467661522, 56.60395956942082], [15.98996659508616, 56.604059000208416], [15.990359730715236, 56.60425807410213], [15.990692825546454, 56.60452373708319], [15.991086667186124, 56.60487254475724], [15.991480316596109, 56.60518811693385], [15.991903893828585, 56.605420358895955], [15.992508042198391, 56.605602471603], [15.9931726763855, 56.60580107676085], [15.993747219730553, 56.60608303916755], [15.994654203612724, 56.60648100392163], [15.995167979411049, 56.60666319823463], [15.995892757801824, 56.60682852042344], [15.996648003491044, 56.60704362866439], [15.997221700625518, 56.60715922142124], [15.99758444164685, 56.60730839216214], [15.997887244715924, 56.60750753691901], [15.998099210002184, 56.607690252696486], [15.998341014189817, 56.60775640246458], [15.99874203149733, 56.60774195515269]]]}}, {"id": "13", "type": "Feature", "properties": {"regsokod": "0880R014", "regsonamn": "Tegelviken-V\u00e4stra Malmen", "kommunkod": "0880", "lanskod": "08"}, "geometry": {"type": "Polygon", "coordinates": [[[16.345633575912093, 56.67066929753272], [16.348487899177023, 56.67027801910084], [16.348545746003456, 56.67027002591654], [16.351049839269823, 56.669926677605474], [16.351887560573186, 56.6698117647887], [16.351978617502333, 56.66979927817871], [16.3520910871417, 56.66971217794145], [16.352483175858197, 56.66899771397726], [16.35285132212683, 56.66830264309638], [16.353319359361535, 56.66754935181878], [16.354029514723926, 56.66632163188024], [16.35436145590049, 56.66583032789874], [16.35445842732256, 56.66559669998604], [16.35450958969955, 56.66555266520544], [16.354505112933676, 56.66554786291998], [16.354382917396446, 56.66541588214572], [16.353790840136966, 56.665267810755886], [16.353108860689964, 56.66514892005102], [16.353067562590173, 56.66514164354678], [16.352491870801778, 56.66504126795376], [16.35187202856851, 56.66491774399524], [16.3498023537761, 56.66450541285776], [16.34973873185908, 56.66449460446609], [16.348486545332, 56.66428062838047], [16.3479289332411, 56.66413197728435], [16.347538928150055, 56.66364293425964], [16.347524293286963, 56.66362494661811], [16.347485990387977, 56.66363362639394], [16.347295002396447, 56.663676835205905], [16.345698063944536, 56.66404525518781], [16.345478543496323, 56.664095866758565], [16.344186344881102, 56.66438192154892], [16.34408359403769, 56.66439443891381], [16.342566916296622, 56.66473248758582], [16.342133704349216, 56.6648164786968], [16.341969590268068, 56.664851484633246], [16.34174997603498, 56.66488457351935], [16.34152812865586, 56.66491544073633], [16.34108144293867, 56.66496112493138], [16.340799625700736, 56.665015813383064], [16.339042657437446, 56.665386049053595], [16.338916301750878, 56.6654122017307], [16.338237748806346, 56.66483828801799], [16.338040316072327, 56.66446850854609], [16.337979847415575, 56.66409096944754], [16.33792232958225, 56.66409284537604], [16.33774364349164, 56.66388743493411], [16.336885297299393, 56.66393411273436], [16.336686958159344, 56.663944865809825], [16.33609915406477, 56.66387302167504], [16.335840877119615, 56.66390094523635], [16.33586473711851, 56.66374249678604], [16.336097191867538, 56.66346395203151], [16.33663380570171, 56.66293744168166], [16.33665642344161, 56.66291510041493], [16.33696752181285, 56.66262753427136], [16.33703364342655, 56.66255334270117], [16.337196949427067, 56.662370309656595], [16.33752711430469, 56.66210472559886], [16.33755223266163, 56.662080830756146], [16.338102182043567, 56.66155587670866], [16.338507260675424, 56.66127107017845], [16.33946849055182, 56.660610804094105], [16.338729042179953, 56.66052928466402], [16.338117436920264, 56.660467767574296], [16.33808220199755, 56.66046428271267], [16.337793710095642, 56.6604398950802], [16.337127407237098, 56.66038363120424], [16.336918877940196, 56.66035685535725], [16.336233694586394, 56.66026880931975], [16.33503217185012, 56.66013841797495], [16.33382993841263, 56.65995717779664], [16.33040765366404, 56.659395606796714], [16.329394030752198, 56.659285790952474], [16.32885995497169, 56.659262655958265], [16.327986594521374, 56.659327220731484], [16.32675488962632, 56.65943880602074], [16.326065832785492, 56.65952277285925], [16.325487244227705, 56.659611308459056], [16.325249054104905, 56.65969343425881], [16.32463527388554, 56.65989867192876], [16.32424270346272, 56.66012841356466], [16.323622390004612, 56.660531433479946], [16.32299435722661, 56.6610408921911], [16.321011743740396, 56.66256346693524], [16.320989075154852, 56.66255005304495], [16.32097639816203, 56.6625606980973], [16.320573579598456, 56.662898872173315], [16.31997925108617, 56.66340104095531], [16.31935844967714, 56.66387761520014], [16.319186766993372, 56.6641354522232], [16.319039152117682, 56.664442980285905], [16.319388177735135, 56.66495940316812], [16.317794397613806, 56.66512288456607], [16.317743831655072, 56.66559386436565], [16.31600530064063, 56.66558530095827], [16.315268232411075, 56.665870755477265], [16.31527580477417, 56.666435711242364], [16.314279353268624, 56.666502466187644], [16.30989750094436, 56.66117253633573], [16.30750654667777, 56.65765105710144], [16.30744252259248, 56.65767849907656], [16.306954038289902, 56.657891047018865], [16.306491005550676, 56.658120125016815], [16.306055416634713, 56.65836499186398], [16.30594050560049, 56.65843806207664], [16.305534068492303, 56.65869753352035], [16.30515836840073, 56.6589706951521], [16.304814842796223, 56.659256364148334], [16.30479934814677, 56.659271259072334], [16.30474698850086, 56.659309356576046], [16.304403456725314, 56.65959502445016], [16.30409367573452, 56.65989210626286], [16.304078322076865, 56.659907178415246], [16.303803460464753, 56.660214403362446], [16.303564558332994, 56.66053068353935], [16.303362506227067, 56.660854572250145], [16.303352581912417, 56.6608710259559], [16.303188416625808, 56.66120134448062], [16.30306276802773, 56.66153674046212], [16.30297598703362, 56.66187577096933], [16.30297200254355, 56.6618928803755], [16.302924588280504, 56.66223428418104], [16.302916625843046, 56.66257671181654], [16.302948202314536, 56.662918636749275], [16.302950410310498, 56.66293586105025], [16.30302134948815, 56.66327611616372], [16.303131462847684, 56.66361308609033], [16.303162664559775, 56.66368291719975], [16.303210054794686, 56.663909962781304], [16.30264646512308, 56.664046653161535], [16.302488233402304, 56.664089271429816], [16.301935323341645, 56.66424713654697], [16.30140162950516, 56.6644239334649], [16.301140810540115, 56.66452331678546], [16.301122137597467, 56.664528093299644], [16.300569081587426, 56.66468595379185], [16.300526904497374, 56.66469968925364], [16.299993331329542, 56.66487647788671], [16.29948123852507, 56.665071545308315], [16.299441692187425, 56.66508749916438], [16.298953065522554, 56.66530001612194], [16.29848989358378, 56.66552906382875], [16.298453651525254, 56.665547228230835], [16.29801792676785, 56.66579206817593], [16.297984978684852, 56.66581208402876], [16.29757840790013, 56.666071529806146], [16.297202575686153, 56.666344667722], [16.297173451664055, 56.66636635064386], [16.29682979726454, 56.666651998767236], [16.296804894480413, 56.666675164169085], [16.29649499616049, 56.66697222727628], [16.296220022017124, 56.66727943565062], [16.296199337131053, 56.66730399459961], [16.295960327107412, 56.66762026032178], [16.295944245021268, 56.66764567070899], [16.295742090191933, 56.667969547156325], [16.295577829861944, 56.668299855698855], [16.29556648579425, 56.66832611432608], [16.29544074660204, 56.66866150265072], [16.29535388165855, 56.66900052784639], [16.29534726357758, 56.669027276380824], [16.29533615455504, 56.66910743101383], [16.295068316636982, 56.66932131822462], [16.294724619624894, 56.669606959700026], [16.29469471818214, 56.669633590873474], [16.294384780870804, 56.669930648757806], [16.294109768294327, 56.67023785250345], [16.294088388225305, 56.670261879204844], [16.293849342096912, 56.67057814089177], [16.293832440574565, 56.67060328904799], [16.293630253776456, 56.67092716295006], [16.29355320170992, 56.6710819325888], [16.294574142874893, 56.671100877480285], [16.295024692470083, 56.671109218330166], [16.295194880436416, 56.671115892386716], [16.297983023711634, 56.67116384813761], [16.29855648546791, 56.671169727019404], [16.299900611932287, 56.67118714465127], [16.30069269279407, 56.67119531288306], [16.301113771357603, 56.671203580130886], [16.301234214859544, 56.67120762185426], [16.301619473944896, 56.67120736843013], [16.302149477423818, 56.671225093999155], [16.30256435950346, 56.6712331515913], [16.30269223246639, 56.671238012684], [16.307541455531915, 56.671344395058114], [16.307788702015316, 56.6713456614122], [16.30947264406805, 56.67136353884069], [16.310121248996133, 56.671378545757605], [16.31059730253025, 56.6713887183592], [16.31067045603845, 56.67139109227002], [16.3107235583402, 56.67118805516223], [16.31156751901143, 56.67118653522181], [16.31155150373129, 56.67139951296016], [16.312324643258567, 56.67141229827423], [16.31264089712392, 56.67141273882228], [16.313423249535287, 56.671380864095575], [16.313646617593033, 56.67136880615917], [16.3139937317294, 56.67134735756415], [16.314588456227668, 56.6713105385389], [16.314903327152376, 56.671275234317534], [16.315296317507443, 56.67122643820931], [16.31621326695675, 56.6710758955033], [16.316416453691215, 56.67104087022328], [16.316755975952603, 56.67097547710745], [16.317295864947493, 56.6708714921955], [16.317780094808935, 56.67104656939269], [16.318293220039937, 56.67123202908563], [16.318516330240833, 56.67132048556392], [16.319590569500086, 56.67175475757814], [16.320818565776378, 56.67220589508117], [16.32120880898496, 56.672359229482794], [16.321603350649106, 56.672523744602046], [16.32188805022091, 56.67265277413322], [16.32222973329481, 56.67281793910955], [16.322585414717775, 56.673002358308004], [16.3229263937268, 56.673189536516986], [16.32325210669178, 56.67339026173721], [16.323568124583687, 56.673594592376695], [16.324165580736683, 56.67399930711588], [16.325161726193425, 56.67353919797045], [16.326003569114235, 56.67315025259978], [16.327502390909675, 56.67297573317111], [16.328273706724744, 56.672885852019824], [16.328794123020486, 56.67282514447372], [16.329623860489594, 56.67272825404103], [16.330151261473915, 56.67266728562348], [16.33153021782142, 56.67250639420216], [16.332567953240464, 56.67238552090727], [16.333397946515376, 56.67228878216246], [16.338766233348974, 56.6715880867072], [16.340778148822135, 56.671325424074745], [16.34161773356969, 56.67121577106449], [16.34196605513207, 56.67116818043984], [16.344359409503195, 56.670840712783], [16.345633575912093, 56.67066929753272]]]}}, {"id": "14", "type": "Feature", "properties": {"regsokod": "0880R015", "regsonamn": "V\u00e4stra Smedby", "kommunkod": "0880", "lanskod": "08"}, "geometry": {"type": "Polygon", "coordinates": [[[16.2364377489093, 56.69333427746693], [16.236301485268598, 56.6926195101306], [16.236227347009777, 56.692612790316055], [16.23267450903738, 56.6917473680191], [16.23108514524543, 56.68743007839863], [16.23106429049611, 56.687413934933154], [16.23352380176447, 56.685138748351534], [16.233544681087505, 56.68504035781558], [16.2340624931791, 56.68449948661987], [16.233023606158827, 56.68246256255824], [16.233741629510508, 56.68198591358299], [16.233700087263752, 56.68164578144887], [16.233661162213135, 56.68148034219608], [16.2335596029719, 56.681198295314175], [16.23326201712471, 56.680737632327066], [16.23286838945061, 56.68040637557498], [16.232568175588582, 56.6803798822034], [16.23037874895631, 56.68101874843586], [16.230232480089185, 56.68092102114694], [16.229689130621168, 56.680310786202966], [16.229322608039734, 56.68031054087521], [16.228424092441756, 56.6801141462415], [16.22827511541104, 56.679647604218815], [16.228656093079362, 56.6789593462511], [16.229078730685572, 56.67849273452234], [16.22933285307343, 56.678212114520434], [16.229247409202266, 56.67789047007248], [16.227964233998748, 56.67760543295339], [16.227717846749673, 56.67718898738083], [16.2276116867488, 56.674860396853234], [16.22765587643329, 56.674845318774224], [16.227534673490702, 56.67434212161075], [16.22747797149846, 56.67385661304554], [16.227318764552003, 56.67339708694163], [16.227243110901142, 56.67306115129976], [16.226947658792056, 56.672798347535895], [16.226830687480287, 56.6721764423636], [16.226883551080682, 56.67200183160957], [16.22604902419323, 56.67236451773912], [16.22540831953583, 56.67263357456835], [16.22538635681394, 56.672346695626686], [16.225425119657906, 56.67192824805497], [16.22545386607252, 56.67171111669072], [16.225475870283734, 56.67145210172985], [16.22544835511009, 56.67118072761097], [16.225372881710516, 56.67089940573312], [16.225238034383164, 56.670500991635585], [16.22514067900469, 56.67013409732322], [16.22481586816102, 56.670014585451256], [16.224205542014047, 56.669746337157015], [16.2239949956912, 56.66963558129947], [16.223747973938288, 56.66947056686528], [16.223280958921865, 56.66923935248434], [16.22290467233066, 56.668913553974846], [16.22262130636274, 56.66871871077954], [16.22250086638655, 56.66865189280056], [16.22228071448592, 56.668942316929765], [16.22207805596775, 56.66926616484373], [16.22202533230245, 56.66935830808406], [16.22186041525874, 56.66968843217268], [16.221734015870176, 56.670023748694874], [16.221646488236484, 56.670362814938116], [16.221625655087514, 56.67046749066589], [16.221577493466555, 56.670808866086624], [16.221568791143792, 56.67115120212758], [16.221568046022938, 56.67118642255883], [16.221582524779922, 56.67134689502979], [16.221573165602656, 56.67136540202559], [16.22156200338005, 56.67139057364152], [16.22143559421746, 56.67172588982213], [16.221348061799254, 56.67206495577658], [16.221341491254375, 56.672090621422754], [16.2212933251968, 56.672431996665736], [16.221290803575855, 56.672462203935225], [16.22128209848173, 56.67280453987937], [16.22128360153288, 56.673121353291585], [16.22131444737483, 56.673463300441995], [16.221317302290238, 56.673493276183706], [16.22132273841279, 56.67351990224729], [16.22132056434645, 56.67352342672944], [16.221306062034582, 56.6735493498465], [16.221141122550055, 56.67387947375065], [16.22101470158793, 56.67421478852527], [16.221005066108937, 56.674241382667816], [16.220968712756143, 56.674382321940534], [16.220595934693375, 56.674457300702514], [16.220551863708884, 56.67446779376789], [16.21998140261407, 56.674605701886186], [16.219427990801435, 56.67476320242133], [16.21938600826641, 56.67477591991377], [16.21885191030849, 56.67495236360546], [16.21881229022252, 56.674967392921424], [16.218299501833545, 56.675162129783146], [16.21781041534088, 56.67537423927619], [16.217773822427283, 56.67539130604916], [16.217310033773497, 56.6756201437774], [16.21687365895853, 56.67586461132152], [16.216840221110214, 56.67588353288783], [16.21643298151636, 56.67614271603085], [16.216402962258265, 56.67616340103839], [16.2160264415212, 56.6764362963053], [16.215682079370143, 56.67672172200412], [16.215656011319034, 56.67674389476745], [16.21534539166741, 56.67704075746993], [16.215323401707135, 56.67706423807864], [16.215047561208188, 56.677371360828765], [16.214807803639246, 56.67768738348748], [16.21479001825996, 56.67771190025698], [16.21458725091922, 56.67803573688358], [16.214573938559113, 56.678061198321174], [16.214562176352178, 56.67808466799446], [16.214159413061218, 56.67828334493336], [16.21386484968831, 56.67844835859071], [16.213648078533858, 56.67849197165707], [16.213077532780705, 56.678629848411695], [16.212820922798286, 56.678702863396666], [16.212410236182013, 56.678802081359116], [16.211856729381577, 56.67895954855446], [16.21170181134272, 56.67900561117294], [16.21116761575595, 56.67918202131352], [16.210654730518172, 56.67937672697598], [16.21016554635082, 56.6795888067162], [16.210029973540884, 56.67965066941254], [16.20956608554317, 56.679879478566114], [16.209129611318012, 56.68012391922958], [16.208722274723527, 56.68038307828275], [16.208611217892656, 56.6804583546948], [16.20823459806176, 56.68073122663634], [16.20789013793568, 56.68101663100833], [16.20757942221943, 56.681313474545185], [16.207497364390328, 56.68139915881403], [16.207221428758835, 56.68170626442008], [16.2069815767684, 56.682022272201884], [16.206778716689907, 56.68234600555481], [16.20672852491377, 56.682439105615536], [16.206563419855993, 56.68276921044321], [16.206436840465166, 56.68310451061281], [16.206349148185147, 56.68344356698494], [16.206331652284966, 56.68354892612565], [16.20628333714129, 56.68389029467318], [16.20627449305074, 56.68423262954315], [16.206275015022303, 56.68426999289836], [16.206305737081813, 56.68461194457345], [16.206325782011916, 56.68471685027291], [16.206395891514724, 56.68505707273771], [16.20650521232308, 56.685394219936875], [16.20665315934417, 56.685726861680756], [16.206705381668385, 56.68581914920959], [16.206891509268377, 56.68614585025223], [16.207114976836124, 56.68646554226577], [16.2073749251723, 56.686776705978296], [16.207670380399406, 56.68707827244055], [16.207754143795, 56.68716324744162], [16.20808371991703, 56.687453881919026], [16.208446299870243, 56.68773242806043], [16.20849101756932, 56.6877625360364], [16.208546641795984, 56.68780529470485], [16.208940578692904, 56.68807068972756], [16.20905172718756, 56.68814461820823], [16.20947550359426, 56.688395708449356], [16.20992747378289, 56.68863152161701], [16.21040585599768, 56.68885117804245], [16.210542989728136, 56.68891245557959], [16.21104559783972, 56.68911489569857], [16.211570797188415, 56.68929950760381], [16.212116131426615, 56.68946541733527], [16.212272550798943, 56.689510785637395], [16.212835986257794, 56.689657382195264], [16.213415209075023, 56.68978405961769], [16.21400791602564, 56.68989030104354], [16.214177497046094, 56.68991784326397], [16.2147812497973, 56.690003223115674], [16.215393744919236, 56.69006740511506], [16.216012415391912, 56.690110054797174], [16.216204572618945, 56.69011949695064], [16.21628463405291, 56.690122219316954], [16.216305496228784, 56.69013459156024], [16.216753868233443, 56.690390447753416], [16.21720590599362, 56.6906262341607], [16.21727691051047, 56.690661202574205], [16.217755361002325, 56.690880829516516], [16.218453333888384, 56.691177268263885], [16.218956015984457, 56.691379676069985], [16.21899828321169, 56.69139606034594], [16.21952355129682, 56.691580638371356], [16.219561910654136, 56.691592748937055], [16.22010731444742, 56.691758622421375], [16.220670813556236, 56.69190518321854], [16.22071113176055, 56.691915388341634], [16.221290415290373, 56.69204202884186], [16.2213321490563, 56.692050153396586], [16.221924911841022, 56.69215635688575], [16.222528717530885, 56.6922416998297], [16.222571594370002, 56.692247746262495], [16.223184140341118, 56.69231188970816], [16.223235181381988, 56.69231641908865], [16.223853897096184, 56.692359029617506], [16.22392392025919, 56.69236346207655], [16.223979860073474, 56.69236542729379], [16.22460218535904, 56.692386439747544], [16.225225691989525, 56.69238578872566], [16.225273731135257, 56.6923849568466], [16.225895991412738, 56.69236248627941], [16.226514318045137, 56.69231849152215], [16.226562000140447, 56.69231496813436], [16.227173971239864, 56.69224947375978], [16.22722063409099, 56.69224353517517], [16.22782383334024, 56.692156834638176], [16.228384129106175, 56.69205510404854], [16.228698129877895, 56.69226642941622], [16.228719549293803, 56.692279153499406], [16.229143502508233, 56.692530175904594], [16.22959564457324, 56.692765917713544], [16.23007419299327, 56.69298549684761], [16.230576959388248, 56.69318785734838], [16.230602607028995, 56.69319811436005], [16.23112795642695, 56.69338264305178], [16.231673436358903, 56.693548465522085], [16.23223700650575, 56.6936949736521], [16.23226565472395, 56.69370223567555], [16.23284500381376, 56.69382882212617], [16.233437827923126, 56.69393497142696], [16.234041685737996, 56.694020257428726], [16.234072517389183, 56.694024263796415], [16.23468510937626, 56.69408835048155], [16.23530386631137, 56.69413090395107], [16.23584521315121, 56.69414916022095], [16.2364377489093, 56.69333427746693]]]}}, {"id": "15", "type": "Feature", "properties": {"regsokod": "0880R016", "regsonamn": "\u00d6stra Norrg\u00e5rd-\u00d6stra Malmen", "kommunkod": "0880", "lanskod": "08"}, "geometry": {"type": "Polygon", "coordinates": [[[16.362101056474703, 56.675556305945335], [16.365459195584744, 56.67364726537137], [16.364855693482635, 56.672786108940194], [16.36265708255849, 56.67170723605514], [16.362538469726392, 56.671664696234906], [16.362541121460097, 56.67163376521492], [16.362861977662607, 56.67079994224527], [16.365147174583697, 56.66920259128156], [16.365216568423737, 56.669048937650544], [16.36523162856974, 56.66904490989821], [16.36623119539662, 56.66872259068276], [16.36657830985279, 56.66859104145624], [16.36741033218244, 56.66817227616422], [16.367609108231594, 56.668050617219556], [16.367697374738075, 56.667411664591675], [16.367709829677953, 56.66732088728094], [16.366813048550846, 56.66714711870217], [16.365921421657546, 56.66697427462162], [16.364556499279328, 56.66666521774867], [16.36120239257828, 56.66609529608574], [16.35937247458127, 56.66583312606207], [16.359155612172323, 56.665658345622745], [16.35887805646635, 56.66543464000928], [16.358704563524288, 56.665365657062786], [16.358331308400047, 56.66490143796014], [16.358147284782913, 56.66450971389854], [16.35840962598894, 56.66416504312197], [16.35881409309054, 56.6635451950998], [16.358453652691423, 56.662815923470745], [16.358431498977044, 56.662798468358744], [16.358412921854967, 56.662790676200096], [16.357667370754072, 56.662156422442365], [16.35732666910591, 56.661990266095835], [16.356951189612495, 56.661807149543975], [16.356592468089993, 56.66186944908089], [16.355500445014286, 56.662049506706275], [16.35551444177367, 56.662075854608304], [16.355447973521738, 56.662086908224055], [16.355017220600036, 56.66216283311563], [16.353848284433536, 56.66236329676647], [16.3516751175039, 56.662735991718584], [16.351543272089515, 56.66275862293743], [16.35128244378018, 56.662808704870564], [16.35124088915699, 56.66281670140647], [16.35116434930227, 56.66283585773626], [16.350631470397705, 56.662942070358355], [16.35052570863853, 56.66294546377214], [16.35042801046455, 56.66294858904442], [16.35034741756846, 56.66295224843159], [16.350221700551902, 56.66296196597622], [16.349742836618383, 56.66301737386258], [16.349780156069155, 56.66308281561222], [16.34975654497552, 56.66310732557011], [16.349736932039672, 56.66313071488636], [16.349144669449643, 56.66325831556029], [16.34835657361578, 56.663436633839794], [16.347524293286963, 56.66362494661811], [16.347538928150055, 56.66364293425964], [16.3479289332411, 56.66413197728435], [16.348486545332, 56.66428062838047], [16.34973873185908, 56.66449460446609], [16.3498023537761, 56.66450541285776], [16.35187202856851, 56.66491774399524], [16.352491870801778, 56.66504126795376], [16.353067562590173, 56.66514164354678], [16.353108860689964, 56.66514892005102], [16.353790840136966, 56.665267810755886], [16.354382917396446, 56.66541588214572], [16.354505112933676, 56.66554786291998], [16.35450958969955, 56.66555266520544], [16.35445842732256, 56.66559669998604], [16.35436145590049, 56.66583032789874], [16.354029514723926, 56.66632163188024], [16.353319359361535, 56.66754935181878], [16.35285132212683, 56.66830264309638], [16.352483175858197, 56.66899771397726], [16.3520910871417, 56.66971217794145], [16.351978617502333, 56.66979927817871], [16.35198745305319, 56.66979801420747], [16.351497216110754, 56.670571752473485], [16.351535810670317, 56.67064616300526], [16.350675590625816, 56.67202075163331], [16.349978146350857, 56.673350180009045], [16.349839680685132, 56.673613988416726], [16.349547000890325, 56.674024993511935], [16.34957343532469, 56.67403036666666], [16.349799558030142, 56.674076334984434], [16.349954484585005, 56.674077081625484], [16.350017148683648, 56.67397031166366], [16.35009935541588, 56.673947142300236], [16.350495115023957, 56.67401759069957], [16.350527086154138, 56.674079856505635], [16.350657650365036, 56.67408050617101], [16.352152950873315, 56.67405008628037], [16.355135213640814, 56.67457812762859], [16.35560709483898, 56.67466165552155], [16.355931250145385, 56.67464519095391], [16.356111863378803, 56.67464160794216], [16.35617655001414, 56.674640274587105], [16.358065051940812, 56.674974617782496], [16.358183117211855, 56.67491952111311], [16.358835489524246, 56.67502559273976], [16.359316749113315, 56.67510379394655], [16.36195674087258, 56.675532820721074], [16.362101056474703, 56.675556305945335]]]}}, {"id": "16", "type": "Feature", "properties": {"regsokod": "0880R017", "regsonamn": "\u00d6stra Smedby", "kommunkod": "0880", "lanskod": "08"}, "geometry": {"type": "Polygon", "coordinates": [[[16.23720357075122, 56.6941292991921], [16.23782191399034, 56.69408524913697], [16.237868906965165, 56.69408118918987], [16.2381386005263, 56.69405227805058], [16.23852848423403, 56.69403816254959], [16.23857620267921, 56.69403571148137], [16.239194541053113, 56.69399165464231], [16.23980651649199, 56.6939260982064], [16.23985347819755, 56.69392104949511], [16.24045680982221, 56.693834287371836], [16.240502614188667, 56.69382682405163], [16.241094619304306, 56.69371924069206], [16.241673026757265, 56.69359130924884], [16.24172475067499, 56.693579654379235], [16.24180806550749, 56.69355825327273], [16.242144769548165, 56.69360583021485], [16.24219097684645, 56.69361066869115], [16.242803576961563, 56.69367471541247], [16.243422335686375, 56.693717228551655], [16.243469271408983, 56.693719635193595], [16.24409162850396, 56.69374055013868], [16.24471515574649, 56.693739800578214], [16.244762144058477, 56.69373969047179], [16.244941281691162, 56.69373322922006], [16.24537650519735, 56.69376310478693], [16.245424381608178, 56.69376541054298], [16.24604674040332, 56.69378631571276], [16.24667026825323, 56.693785557261805], [16.246718329371834, 56.69378534583407], [16.247340596753734, 56.69376276722954], [16.247396499992888, 56.693759423093624], [16.24801482287957, 56.69371532163994], [16.248637518029135, 56.69366093333316], [16.24924947105879, 56.693595331499445], [16.249304332182383, 56.69358903197808], [16.24990750222382, 56.69350222464256], [16.249953557121305, 56.69349430697949], [16.250545397205418, 56.6933866801702], [16.25112376525362, 56.69325870501937], [16.251167987920418, 56.69324828956618], [16.251730340085892, 56.693100350106505], [16.251772465715877, 56.69308762036236], [16.25231666909637, 56.6929203681004], [16.252840458779268, 56.692734544124235], [16.252880220514456, 56.69271959157764], [16.25338146320823, 56.6925159362237], [16.253418330339624, 56.69249894702362], [16.253895033669632, 56.69227819942295], [16.254345209898972, 56.69204136744875], [16.25437878013738, 56.69202243540011], [16.25480070452038, 56.69177025627515], [16.255192803421096, 56.69150400323776], [16.25522295022545, 56.6914833983395], [16.255583369697067, 56.69120398874523], [16.255609559506382, 56.69118180637101], [16.255936992192325, 56.69089042172475], [16.256230128263017, 56.690588153750795], [16.256252369737297, 56.6905646633329], [16.25651004320173, 56.69025287170606], [16.256527940988505, 56.69022834687443], [16.25674898198315, 56.68990820986683], [16.25681875472013, 56.68978390030809], [16.25690270030258, 56.68970921358084], [16.257195821191726, 56.68940694333551], [16.257453479029884, 56.689095148870635], [16.257524968908466, 56.688998218885324], [16.257745994358803, 56.6886780801149], [16.25792975731699, 56.68835086163179], [16.257962576855977, 56.68828944614931], [16.25810818084253, 56.68795650395339], [16.258144410939465, 56.687852025766276], [16.258251090922517, 56.68751462561022], [16.258318764089022, 56.687174295903546], [16.258346797986192, 56.686832210230115], [16.258345160858518, 56.68673467159836], [16.258333743038225, 56.68639235640578], [16.25828291486654, 56.68605106735184], [16.258192596165994, 56.68571233351925], [16.258156164510474, 56.68561694328831], [16.25802706664499, 56.685281924499606], [16.258021744717503, 56.68527164842248], [16.25801109098447, 56.68495214143393], [16.25796026785775, 56.68461085214957], [16.25795494999625, 56.68458458577366], [16.25786463793721, 56.684245851596714], [16.257735547552866, 56.6839108332998], [16.25772552912845, 56.683884883022984], [16.25755784953071, 56.68355510418852], [16.257543279389655, 56.683529919535076], [16.257489716502267, 56.683445481127244], [16.257774503969838, 56.683423831906964], [16.257828566635915, 56.68341825537564], [16.2584403371227, 56.683352608185544], [16.259043320590752, 56.68326575819841], [16.259088714290005, 56.683258561632165], [16.259680501358645, 56.68315089071356], [16.25972433208806, 56.68314128472135], [16.260302513460136, 56.68301326755689], [16.26086467723699, 56.682865287449765], [16.26090667992912, 56.68285336439046], [16.26145069524697, 56.682686071883055], [16.26145987560514, 56.68268283512167], [16.261903835807043, 56.68263521989807], [16.261951410681647, 56.682628898663125], [16.262554509726115, 56.68254203038227], [16.26314614001204, 56.68243434445153], [16.263192283929765, 56.68242552150378], [16.263770442369506, 56.68229748832695], [16.26382222220979, 56.68228411734917], [16.26438436113032, 56.682136121447996], [16.26533308534618, 56.68185969276207], [16.26587706649563, 56.68169238104518], [16.26592406899901, 56.68167708197549], [16.26644763391759, 56.68149120145631], [16.266485486237382, 56.68147599431176], [16.266986507840535, 56.68127228482052], [16.26746299014376, 56.68105148588479], [16.26749795198914, 56.681034421926654], [16.26794790899172, 56.680797541344894], [16.267979846948723, 56.680778622117614], [16.26840155511657, 56.680526397436665], [16.268793443360135, 56.68026010204222], [16.268821830572485, 56.680239691343765], [16.26918204257893, 56.67996024282963], [16.26920687950342, 56.67993834079776], [16.269534110358965, 56.67964692079133], [16.26982705100235, 56.679344621154335], [16.26984781094804, 56.67932159252725], [16.270105297838768, 56.67900977214851], [16.27012211974454, 56.678985706350765], [16.27034298058228, 56.67866554545671], [16.270526586537375, 56.67833830857412], [16.270538940805004, 56.678313478756614], [16.270684396402054, 56.6779805219994], [16.270790935852325, 56.67764311121662], [16.270798964263843, 56.677617697467404], [16.270866507716505, 56.67727736099375], [16.270870219387845, 56.677251721741406], [16.27089813503337, 56.67690963322931], [16.270897400940363, 56.67688385964428], [16.2708858735561, 56.6765415455632], [16.27085233026495, 56.67631677377429], [16.270906403478573, 56.676044126215196], [16.270909672691523, 56.676017323442814], [16.270937587259652, 56.67567523575907], [16.270926060009675, 56.67533292071825], [16.270924617477267, 56.675306077075206], [16.270873691906488, 56.67496479300225], [16.270867279237276, 56.67493817887348], [16.2707768741331, 56.67459945397304], [16.27064770516602, 56.67426444799724], [16.270636597719005, 56.674238330997156], [16.270581255500886, 56.674129482800474], [16.270505486025325, 56.67384558388], [16.270376322170467, 56.673510578459016], [16.270372863748637, 56.673503786161], [16.27053802268797, 56.67320898630124], [16.27068345927856, 56.67287602936396], [16.270694432497017, 56.67285022525847], [16.270800959707007, 56.67251281514001], [16.270807209322253, 56.67248661087996], [16.27087474416307, 56.67214627326915], [16.27090265669664, 56.67180418539562], [16.270903941447486, 56.67178243346704], [16.26991239035291, 56.6718491413845], [16.26889429053681, 56.67192284962476], [16.268151072667504, 56.67199132475088], [16.267545624154927, 56.67205893233619], [16.266713200913436, 56.67218013847458], [16.266400519871542, 56.67222607825338], [16.26564270924001, 56.672337265850594], [16.264413499380886, 56.67252905342413], [16.261973016345063, 56.672914924131575], [16.261923352813138, 56.67292279314069], [16.259707670473418, 56.67325954000705], [16.25737469021598, 56.67362734469289], [16.256416859080954, 56.67378334460197], [16.25502731356516, 56.673992466073514], [16.253218137321976, 56.67427047250178], [16.251459068095368, 56.674554595942624], [16.249738912859428, 56.6748482761177], [16.24817900402645, 56.67510493260453], [16.24755632080682, 56.675207379200366], [16.244974073853538, 56.67561023500758], [16.242665179928753, 56.67595380618545], [16.242027477408296, 56.67604649423856], [16.240852657951702, 56.676217382982756], [16.23910416583231, 56.67647257019811], [16.23755525248294, 56.67669520774454], [16.23702954281026, 56.676776875697776], [16.236634508949276, 56.676841882684826], [16.236210482743143, 56.676917596740516], [16.23570398632734, 56.67701901007955], [16.235026023506624, 56.677161556882005], [16.234061488882947, 56.67737323400336], [16.23250171485592, 56.677731020013844], [16.23175921855788, 56.677892962067354], [16.230893366157336, 56.678081809907944], [16.229078730685572, 56.67849273452234], [16.228656093079362, 56.6789593462511], [16.22827511541104, 56.679647604218815], [16.228424092441756, 56.6801141462415], [16.229322608039734, 56.68031054087521], [16.229689130621168, 56.680310786202966], [16.230232480089185, 56.68092102114694], [16.23037874895631, 56.68101874843586], [16.232568175588582, 56.6803798822034], [16.23286838945061, 56.68040637557498], [16.23326201712471, 56.680737632327066], [16.2335596029719, 56.681198295314175], [16.233661162213135, 56.68148034219608], [16.233700087263752, 56.68164578144887], [16.233741629510508, 56.68198591358299], [16.233023606158827, 56.68246256255824], [16.2340624931791, 56.68449948661987], [16.233544681087505, 56.68504035781558], [16.23352380176447, 56.685138748351534], [16.23106429049611, 56.687413934933154], [16.23108514524543, 56.68743007839863], [16.23267450903738, 56.6917473680191], [16.236227347009777, 56.692612790316055], [16.236301485268598, 56.6926195101306], [16.2364377489093, 56.69333427746693], [16.23584521315121, 56.69414916022095], [16.235926226243613, 56.69415185967713], [16.2359577557235, 56.69415253519386], [16.236581290513417, 56.69415182631448], [16.23720357075122, 56.6941292991921]]]}}]}