{"type":"FeatureCollection","features":[{"type":"Feature","properties":{"id":30480018,"osm_type":"node","name":"Tabeilu Sushi","category":"restaurant","tags":{"amenity":"restaurant","name":"Tabeilu Sushi","payment:cryptocurrencies":"no","smoking":"no"}},"geometry":{"type":"Point","coordinates":[11.9680665,57.6962043]}},{"type":"Feature","properties":{"id":30480028,"osm_type":"node","name":"Japan House","category":"restaurant","tags":{"amenity":"restaurant","check_date":"2026-04-04","email":"contact@supersushigb.se","name":"Japan House","opening_hours":"Mo-Fr 11:00-20:30; Sa 11:30-20:30; Su off","payment:cash":"yes","payment:credit_cards":"yes","payment:cryptocurrencies":"no","payment:debit_cards":"yes","phone":"+46 31-711 11 04","reservation":"yes","smoking":"no","website":"https://www.japanhouse.se/","website:menu":"https://www.japanhouse.se/meny/"}},"geometry":{"type":"Point","coordinates":[11.9660551,57.6975579]}},{"type":"Feature","properties":{"id":246008324,"osm_type":"node","name":"Max","category":"restaurant","tags":{"amenity":"fast_food","brand":"Max","brand:wikidata":"Q1912172","brand:wikipedia":"sv:Max Hamburgerrestauranger","contact:address":"Max i Göteborg, Box 252, 433 35 Partille.","contact:phone":"+46 31-3360650.","cuisine":"burger","drive_in":"no","drive_through":"no","indoor_seating":"yes","name":"Max","operator":"Max","outdoor_seating":"no","smoking":"no","source":"Max Resturanger AB","takeaway":"yes","wheelchair":"yes"}},"geometry":{"type":"Point","coordinates":[12.105371,57.7374972]}},{"type":"Feature","properties":{"id":271281758,"osm_type":"node","name":"Paddingtons","category":"restaurant","tags":{"addr:city":"Göteborg","addr:country":"SE","addr:housenumber":"1","addr:postcode":"416 60","addr:street":"Sankt Pauligatan","amenity":"pub","check_date":"2025-09-30","email":"drink@paddingtons.com","indoor_seating":"yes","name":"Paddingtons","opening_hours":"Mo-Th 16:00-23:00; Fr 16:00-01:00; Sa 13:00-01:00; Su 14:00-22:00","outdoor_seating":"veranda","payment:mastercard":"yes","payment:visa":"yes","phone":"+46 31 191 94 7","smoking":"no","website":"http://www.paddingtons.com/"}},"geometry":{"type":"Point","coordinates":[12.0043292,57.7137003]}},{"type":"Feature","properties":{"id":285734367,"osm_type":"node","name":"The Golden Days","category":"restaurant","tags":{"addr:city":"Göteborg","addr:country":"SE","addr:housenumber":"31","addr:postcode":"41114","addr:street":"Södra Hamngatan","air_conditioning":"yes","amenity":"pub","check_date":"2026-04-17","food":"yes","indoor_seating":"yes","name":"The Golden Days","opening_hours":"Mo 11:00-21:00; Tu-Th 11:00-22:00; Fr 11:00-24:00; Sa 12:00-24:00; Su 13:00-20:00","outdoor_seating":"no","payment:credit_cards":"yes","payment:debit_cards":"yes","smoking":"no","website":"https://www.golden-days.se/","wheelchair":"no"}},"geometry":{"type":"Point","coordinates":[11.9668666,57.7061357]}},{"type":"Feature","properties":{"id":287500096,"osm_type":"node","name":"Al Forno","category":"restaurant","tags":{"addr:city":"Göteborg","addr:country":"SE","addr:housenumber":"6","addr:street":"Januarigatan","amenity":"fast_food","cuisine":"pizza","name":"Al Forno","opening_hours":"Mo-Fr 11:00-22:00; Sa,Su 12:00-22:00"}},"geometry":{"type":"Point","coordinates":[12.0413312,57.7621696]}},{"type":"Feature","properties":{"id":287500515,"osm_type":"node","name":"Pizzeria Il Vagabondo","category":"restaurant","tags":{"addr:city":"Göteborg","addr:country":"SE","addr:housenumber":"5","addr:street":"Förstamajgatan","amenity":"fast_food","contact:phone":"+46 31 48 78 90","cuisine":"pizza","name":"Pizzeria Il Vagabondo","opening_hours":"Mo-Fr 11:00-22:00; Sa-Su 12:00-22:00"}},"geometry":{"type":"Point","coordinates":[12.036878,57.7575617]}},{"type":"Feature","properties":{"id":289691029,"osm_type":"node","name":"Triumf Glasscafé","category":"restaurant","tags":{"addr:city":"Sävedalen","addr:country":"SE","addr:housenumber":"28","addr:postcode":"43360","addr:street":"Göteborgsvägen","amenity":"ice_cream","cuisine":"ice_cream","indoor_seating":"yes","name":"Triumf Glasscafé","outdoor_seating":"yes","smoking":"no"}},"geometry":{"type":"Point","coordinates":[12.06205,57.731448]}},{"type":"Feature","properties":{"id":290776872,"osm_type":"node","name":"Nordgården","category":"restaurant","tags":{"amenity":"restaurant","name":"Nordgården"}},"geometry":{"type":"Point","coordinates":[11.9468344,57.5615404]}},{"type":"Feature","properties":{"id":291025748,"osm_type":"node","name":"Bärnarps","category":"restaurant","tags":{"addr:city":"Billdal","addr:housenumber":"1A","addr:postcode":"42737","addr:street":"Billdals Hagenväg","amenity":"cafe","name":"Bärnarps","phone":"+46 31-910068","website":"https://www.bärnarps.se/"}},"geometry":{"type":"Point","coordinates":[11.9412302,57.5750811]}},{"type":"Feature","properties":{"id":291051778,"osm_type":"node","name":"Skafferiet","category":"restaurant","tags":{"amenity":"cafe","created_by":"Potlatch 0.10b","name":"Skafferiet"}},"geometry":{"type":"Point","coordinates":[11.9411189,57.5791032]}},{"type":"Feature","properties":{"id":293646246,"osm_type":"node","name":"","category":"restaurant","tags":{"amenity":"restaurant"}},"geometry":{"type":"Point","coordinates":[11.9959794,57.8646818]}},{"type":"Feature","properties":{"id":299837499,"osm_type":"node","name":"Wingårds Wok & Sushi","category":"restaurant","tags":{"amenity":"restaurant","check_date":"2026-01-08","name":"Wingårds Wok & Sushi","opening_hours":"12:00-20:00","payment:cryptocurrencies":"no","smoking":"no","website":"https://www.wingardswoksushi.com"}},"geometry":{"type":"Point","coordinates":[12.0250747,57.7063984]}},{"type":"Feature","properties":{"id":303063611,"osm_type":"node","name":"Masala Kitchen","category":"restaurant","tags":{"addr:city":"Göteborg","addr:country":"SE","addr:housenumber":"2","addr:postcode":"41667","addr:street":"Ånäsvägen","air_conditioning":"yes","amenity":"restaurant","contact:facebook":"https://www.facebook.com/MasalaKitchenGbg/","contact:instagram":"https://www.instagram.com/masalakitchensweden","contact:phone":"+46 31190920","contact:website":"http://masalakitchen.se","contact:website:menu":"https://masalakitchen.se/alacarte/","cuisine":"indian","indoor_seating":"yes","name":"Masala Kitchen","name:en":"Masala kitchen & bar","opening_hours":"Mo-Th 11:00-23:00; Sa 13:00-23:00; Su 13:00-22:00; Fr 11:00-00:00","outdoor_seating":"yes","payment:cash":"yes","payment:credit_cards":"yes","payment:cryptocurrencies":"no","payment:debit_cards":"yes","reservation":"yes","smoking":"no","takeaway":"yes","toilets":"yes","toilets:menstrual_products":"no","wheelchair":"no"}},"geometry":{"type":"Point","coordinates":[12.0037682,57.7158388]}},{"type":"Feature","properties":{"id":305677054,"osm_type":"node","name":"Panos panos tavern","category":"restaurant","tags":{"addr:city":"Göteborg","addr:country":"SE","addr:housenumber":"3","addr:postcode":"411 32","addr:street":"Teknologgatan","amenity":"restaurant","contact:email":"reservations@panospanos.se","contact:facebook":"https://www.facebook.com/panospanostavern/","contact:instagram":"https://www.instagram.com/panospanos.tavern","contact:phone":"+46 31 127 57 3","contact:website":"https://panostavern.se/","contact:website:menu":"https://panostavern.se/meny/","cuisine":"greek","diet:vegetarian":"yes","indoor_seating":"yes","name":"Panos panos tavern","opening_hours":"Mo,Su off; Tu-Th 17:00-22:00; Fr-Sa 17:00-23:00","outdoor_seating":"yes","payment:cash":"yes","payment:credit_cards":"yes","payment:cryptocurrencies":"no","payment:debit_cards":"yes","reservation":"yes","smoking":"no","toilets":"yes","toilets:menstrual_products":"no","wikidata":"Q10697539"}},"geometry":{"type":"Point","coordinates":[11.9778123,57.6940423]}},{"type":"Feature","properties":{"id":309483273,"osm_type":"node","name":"Ölstugan Tullen","category":"restaurant","tags":{"addr:city":"Göteborg","addr:country":"SE","addr:housenumber":"15","addr:postcode":"414 71","addr:street":"Mariagatan","amenity":"restaurant","changing_table":"no","cuisine":"swedish","indoor_seating":"yes","life_cycle":"reopened","name":"Ölstugan Tullen","old_name":"Götas Kök och Bar","opening_hours":"Mo-Th 16:00-01:00, Fr 15:00-01:00, Sa,Su 13:00-01:00","outdoor_seating":"yes","payment:cash":"no","payment:credit_cards":"yes","payment:cryptocurrencies":"no","payment:debit_cards":"yes","smoking":"no","toilets":"yes","toilets:wheelchair":"limited","wheelchair":"limited"}},"geometry":{"type":"Point","coordinates":[11.9187128,57.685789]}},{"type":"Feature","properties":{"id":310205468,"osm_type":"node","name":"Ölstugan Tullen Kville","category":"restaurant","tags":{"addr:city":"Göteborg","addr:country":"SE","addr:housenumber":"3A","addr:street":"Herkulesgatan","amenity":"pub","contact:email":"info@olstugan.se","contact:phone":"+46-31-165616","contact:website":"https://www.olstugan.se/kville/","name":"Ölstugan Tullen Kville","opening_hours":"Mo-Th 16:00-01:00, Fr 15:00-01:00, Sa-Su 13:00-01:00","smoking":"no","toilets:wheelchair":"no","wheelchair":"yes"}},"geometry":{"type":"Point","coordinates":[11.949499,57.719868]}},{"type":"Feature","properties":{"id":313420229,"osm_type":"node","name":"Ölrepubliken","category":"restaurant","tags":{"amenity":"pub","name":"Ölrepubliken","opening_hours":"Tu-Th 14:00-00:00; Fr 11:00-01:00; Sa 13:00-01:00; Mo 14:00-22:00","opening_hours:url":"http://olrepubliken.se/","smoking":"no","website":"http://olrepubliken.se/","wheelchair":"limited"}},"geometry":{"type":"Point","coordinates":[11.9618657,57.7077494]}},{"type":"Feature","properties":{"id":320215118,"osm_type":"node","name":"Restaurang Afamia","category":"restaurant","tags":{"addr:city":"Göteborg","addr:housenumber":"2","addr:postcode":"413 20","addr:street":"Reutersgatan","air_conditioning":"yes","amenity":"restaurant","contact:instagram":"https://www.instagram.com/afamia-restaurang-bar","contact:phone":"+46 31 180 48 6","diet:vegetarian":"yes","indoor_seating":"yes","microbrewery":"no","name":"Restaurang Afamia","opening_hours":"Mo-Th,Su 12:00-23:00; Fr-Sa 12:00-24:00","outdoor_seating":"yes","payment:credit_cards":"yes","payment:cryptocurrencies":"no","smoking":"no"}},"geometry":{"type":"Point","coordinates":[11.9672701,57.6888458]}},{"type":"Feature","properties":{"id":340472915,"osm_type":"node","name":"Jungfruplatsens Pizzeria","category":"restaurant","tags":{"addr:country":"SE","addr:housenumber":"2","addr:street":"Jungfruplatsen","amenity":"restaurant","contact:phone":"+46 876464","cuisine":"kebab","name":"Jungfruplatsens Pizzeria","note":"Kebab Sallader","opening_hours":"Mo-Fr 10:00-21:00; Sa,Su 11:00-21:00","payment:cryptocurrencies":"no"}},"geometry":{"type":"Point","coordinates":[12.0011497,57.6596152]}},{"type":"Feature","properties":{"id":375614721,"osm_type":"node","name":"Långedrags Värdshus","category":"restaurant","tags":{"amenity":"restaurant","name":"Långedrags Värdshus","payment:cryptocurrencies":"no","website":"https://www.langedragvardshus.se/"}},"geometry":{"type":"Point","coordinates":[11.8487907,57.6693584]}},{"type":"Feature","properties":{"id":413469908,"osm_type":"node","name":"Sing Sing Karaoke","category":"restaurant","tags":{"amenity":"bar","check_date":"2025-09-25","indoor_seating":"yes","name":"Sing Sing Karaoke","opening_hours":"We-Th 16:00-24:00; Fr-Sa 16:00-03:00","outdoor_seating":"no","payment:cash":"yes","payment:credit_cards":"yes","payment:debit_cards":"yes","smoking":"no"}},"geometry":{"type":"Point","coordinates":[11.9635515,57.7038774]}},{"type":"Feature","properties":{"id":441273633,"osm_type":"node","name":"Pizza La Casa","category":"restaurant","tags":{"addr:city":"Göteborg","addr:country":"SE","addr:housenumber":"22","addr:postcode":"41871","addr:street":"Toredalsgatan","amenity":"fast_food","cuisine":"pizza","name":"Pizza La Casa","opening_hours":"Mo-Th 11:00-21:00; Fr-Sa 11:00-22:00; Su 11:00-21:00"}},"geometry":{"type":"Point","coordinates":[11.9166611,57.7207987]}},{"type":"Feature","properties":{"id":441273730,"osm_type":"node","name":"Takumi sushi house","category":"restaurant","tags":{"amenity":"restaurant","cuisine":"sushi","name":"Takumi sushi house","payment:cryptocurrencies":"no","smoking":"no"}},"geometry":{"type":"Point","coordinates":[11.9265209,57.7200357]}},{"type":"Feature","properties":{"id":441309293,"osm_type":"node","name":"Foodie Neo Asian Gourmet Kitchen","category":"restaurant","tags":{"addr:city":"Göteborg","addr:country":"SE","addr:housenumber":"5","addr:street":"Östra Hamngatan","amenity":"restaurant","cuisine":"asian","indoor_seating":"yes","name":"Foodie Neo Asian Gourmet Kitchen","opening_hours":"Mo-Th 11:00-21:00; Fr 11:00-22:00; Sa 12:00-22:00; Su 12:00-21:00","outdoor_seating":"no","payment:cryptocurrencies":"no","phone":"+4631135152","smoking":"no","website":"https://foodierestaurang.se/"}},"geometry":{"type":"Point","coordinates":[11.9664218,57.7092142]}},{"type":"Feature","properties":{"id":441309295,"osm_type":"node","name":"Lilla Hanoi","category":"restaurant","tags":{"amenity":"restaurant","diet:vegetarian":"yes","name":"Lilla Hanoi","opening_hours":"Mo-Th 11:00-21:00; Fr 11:00-22:00; Sa 14:00-22:00","payment:cryptocurrencies":"no","smoking":"no","wheelchair":"no"}},"geometry":{"type":"Point","coordinates":[11.9650047,57.7092098]}},{"type":"Feature","properties":{"id":441309297,"osm_type":"node","name":"Café green & rum","category":"restaurant","tags":{"amenity":"cafe","level":"0","name":"Café green & rum","smoking":"no","wheelchair":"yes"}},"geometry":{"type":"Point","coordinates":[11.9668704,57.7095808]}},{"type":"Feature","properties":{"id":441309305,"osm_type":"node","name":"Komo - Korean and Mongolian steakhouse","category":"restaurant","tags":{"amenity":"restaurant","name":"Komo - Korean and Mongolian steakhouse"}},"geometry":{"type":"Point","coordinates":[11.9653534,57.7096994]}},{"type":"Feature","properties":{"id":441309311,"osm_type":"node","name":"Bommen","category":"restaurant","tags":{"amenity":"restaurant","name":"Bommen","opening_hours":"\"Temporarily closed during the construction of västlänken\"","payment:cryptocurrencies":"no","smoking":"no"}},"geometry":{"type":"Point","coordinates":[11.9645998,57.7096371]}},{"type":"Feature","properties":{"id":441309313,"osm_type":"node","name":"Simba","category":"restaurant","tags":{"addr:country":"SE","addr:housenumber":"3","addr:street":"Sankt Eriksgatan","amenity":"restaurant","contact:email":"info@restaurangsimba.se","contact:phone":"+46 31 130 002","contact:website":"https://restaurangsimba.se","cuisine":"ethiopian","diet:gluten_free":"yes","name":"Simba","opening_hours":"Mo off; Tu-Th 16:00-22:00; Fr-Sa 16:00-22:00+, Su 16:00-21:30","payment:cryptocurrencies":"no","smoking":"no"}},"geometry":{"type":"Point","coordinates":[11.9640223,57.7096001]}},{"type":"Feature","properties":{"id":441314426,"osm_type":"node","name":"Göteborgsoperans Restaurang","category":"restaurant","tags":{"amenity":"restaurant","contact:website":"http://sv.opera.se/restaurang/","name":"Göteborgsoperans Restaurang","payment:cryptocurrencies":"no","smoking":"no","wheelchair":"yes"}},"geometry":{"type":"Point","coordinates":[11.963037,57.7109165]}},{"type":"Feature","properties":{"id":441905234,"osm_type":"node","name":"Mia sushi","category":"restaurant","tags":{"amenity":"restaurant","cuisine":"sushi","name":"Mia sushi"}},"geometry":{"type":"Point","coordinates":[12.0498737,57.6104503]}},{"type":"Feature","properties":{"id":441905237,"osm_type":"node","name":"Nisses Pizzeria","category":"restaurant","tags":{"amenity":"restaurant","check_date":"2023-04-20","cuisine":"pizza","name":"Nisses Pizzeria","payment:mastercard":"yes","payment:visa":"yes"}},"geometry":{"type":"Point","coordinates":[12.0500846,57.6104439]}},{"type":"Feature","properties":{"id":452813530,"osm_type":"node","name":"I Love Pizza","category":"restaurant","tags":{"access":"yes","addr:city":"Göteborg","addr:housenumber":"13","addr:postcode":"413 14","addr:street":"Övre Husargatan","air_conditioning":"yes","amenity":"restaurant","contact:facebook":"https://www.facebook.com/ilovepizza.se/","contact:instagram":"https://www.instagram.com/ilovepizzase","contact:phone":"+46 31 220 01 9","contact:website":"https://ilovepizza.se/restauranger/ovre-husargatan/","cuisine":"pizza","entrance":"yes","level":"0","name":"I Love Pizza","opening_hours":"Mo-Th 11:00-21:00; Fr 11:00-22:00; Sa 12:00-22:00; Su 12:00-21:00","payment:cash":"yes","payment:credit_cards":"yes","payment:cryptocurrencies":"no","payment:debit_cards":"yes","smoking":"no","wheelchair":"no"}},"geometry":{"type":"Point","coordinates":[11.9570034,57.6940575]}},{"type":"Feature","properties":{"id":456027887,"osm_type":"node","name":"Björngårdsvillan","category":"restaurant","tags":{"addr:city":"Göteborg","addr:housenumber":"3","addr:postcode":"413 11","addr:street":"Dufvas Backe","amenity":"cafe","contact:email":"info@bjorngardsvillan.se","contact:phone":"+46 73 650 05 98","contact:website":"https://bjorngardsvillan.se/","contact:website:menu":"https://bjorngardsvillan.se/assets/menu.jpg","cuisine":"pizza;burger;salad","diet:gluten_free":"yes","diet:vegan":"yes","diet:vegetarian":"yes","drive_through":"no","name":"Björngårdsvillan","opening_hours":"Mo-Fr 11:00-17:00; Sa-Su 11:00-18:00","outdoor_seating":"yes","payment:cash":"yes","payment:credit_cards":"yes","payment:debit_cards":"yes","smoking":"no"}},"geometry":{"type":"Point","coordinates":[11.9441982,57.6858686]}},{"type":"Feature","properties":{"id":456027888,"osm_type":"node","name":"Villa Belparc","category":"restaurant","tags":{"addr:city":"Göteborg","addr:country":"SE","addr:housenumber":"10","addr:postcode":"41311","addr:street":"A O Elliots Väg","air_conditioning":"yes","amenity":"restaurant","bar":"yes","brewery":"yes","changing_table":"yes","contact:email":"info@villabelparc.se","contact:facebook":"https://www.facebook.com/villabelparc","contact:instagram":"https://www.instagram.com/villabelparc","contact:phone":"+46 31 829 28 2","contact:website":"https://villabelparc.se/","cuisine":"pizza;burger;fish;sandwich;fish_and_chips;salad","diet:vegetarian":"yes","indoor_seating":"yes","name":"Villa Belparc","opening_hours":"11:00-20:00","outdoor_seating":"yes","payment:credit_cards":"yes","payment:cryptocurrencies":"no","payment:debit_cards":"yes","payment:mastercard":"yes","payment:visa":"yes","reservation":"yes","smoking":"no","toilets":"yes","toilets:wheelchair":"yes","wheelchair":"limited"}},"geometry":{"type":"Point","coordinates":[11.9469969,57.6833219]}},{"type":"Feature","properties":{"id":456027889,"osm_type":"node","name":"Café Bräket","category":"restaurant","tags":{"addr:city":"Göteborg","addr:country":"SE","addr:housenumber":"50","addr:street":"Dovhjortsstigen","air_conditioning":"no","amenity":"cafe","bar":"no","contact:email":"cafebraket@gmail.com","contact:facebook":"https://www.facebook.com/slottsskogenfika","contact:phone":"+46 76 241 26 94","cuisine":"burger;hot_dog;ice_cream;fish_and_chips;pancake","delivery":"no","drive_through":"no","highchair":"no","indoor_seating":"no","internet_access":"no","name":"Café Bräket","outdoor_seating":"yes","payment:mastercard":"yes","payment:visa":"yes","reservation":"no","smoking":"no","wheelchair":"yes"}},"geometry":{"type":"Point","coordinates":[11.9423693,57.6873072]}},{"type":"Feature","properties":{"id":456027890,"osm_type":"node","name":"Solterrassen","category":"restaurant","tags":{"addr:city":"Göteborg","addr:housenumber":"1","addr:postcode":"414 76","addr:street":"Slottsskogspromenaden","amenity":"cafe","contact:email":"slottsskogen@starsnstripes.se","contact:phone":"+46 31 365 58 23","drive_through":"no","indoor_seating":"yes","name":"Solterrassen","outdoor_seating":"yes","payment:cash":"yes","payment:credit_cards":"yes","payment:debit_cards":"yes","smoking":"no","wheelchair":"limited"}},"geometry":{"type":"Point","coordinates":[11.9516126,57.6888776]}},{"type":"Feature","properties":{"id":457039386,"osm_type":"node","name":"Peperoni","category":"restaurant","tags":{"addr:city":"Göteborg","addr:country":"SE","addr:housenumber":"1","addr:postcode":"412 58","addr:street":"Rosensköldsgatan","amenity":"fast_food","check_date":"2025-10-09","check_date:opening_hours":"2022-04-24","cuisine":"pizza","diet:vegan":"yes","diet:vegetarian":"yes","name":"Peperoni","opening_hours":"Mo-Su 11:00-22:00","phone":"+46 31 202 87 1","website":"https://www.pizzeriapeperoni.se","wheelchair":"no"}},"geometry":{"type":"Point","coordinates":[11.982264,57.6902158]}},{"type":"Feature","properties":{"id":461715113,"osm_type":"node","name":"Encounter Asian Cuisine","category":"restaurant","tags":{"amenity":"fast_food","contact:phone":"+46317880665","cuisine":"sushi","name":"Encounter Asian Cuisine","opening_hours":"Mo-Fr 10:00-17:30","was:name":"Asienköket","was:phone":"+46317192600"}},"geometry":{"type":"Point","coordinates":[11.937264,57.709112]}},{"type":"Feature","properties":{"id":461973846,"osm_type":"node","name":"Hagabions Café","category":"restaurant","tags":{"addr:city":"Göteborg","addr:country":"SE","addr:housenumber":"21","addr:postcode":"413 04","addr:street":"Linnégatan","air_conditioning":"yes","amenity":"restaurant","contact:email":"info@hagabionscafe.se","contact:phone":"+46-31-428810","contact:website":"http://www.hagabionscafe.se/","cuisine":"coffee_shop","diet:vegetarian":"only","microbrewery":"yes","name":"Hagabions Café","payment:cash":"yes","payment:credit_cards":"yes","payment:cryptocurrencies":"no","payment:debit_cards":"yes","reservation":"yes","smoking":"no","toilets":"yes","wheelchair":"limited"}},"geometry":{"type":"Point","coordinates":[11.950582,57.6966366]}},{"type":"Feature","properties":{"id":462002877,"osm_type":"node","name":"Oh My Coffe","category":"restaurant","tags":{"addr:city":"Göteborg","addr:country":"SE","addr:housenumber":"53","addr:postcode":"41308","addr:street":"Linnégatan","amenity":"cafe","check_date":"2025-09-13","cuisine":"coffee_shop;thai","name":"Oh My Coffe","old_name":"Cake Center","opening_hours":"11:00-20:00","outdoor_seating":"yes","payment:cash":"yes","payment:credit_cards":"yes","payment:debit_cards":"yes","phone":"+46 31-485 38 7","smoking":"no","website":"https://m.facebook.com/OhmycoffeeGbg/","wheelchair":"yes"}},"geometry":{"type":"Point","coordinates":[11.9522201,57.6929046]}},{"type":"Feature","properties":{"id":462692505,"osm_type":"node","name":"Pizzeria Marcus","category":"restaurant","tags":{"amenity":"restaurant","cuisine":"pizza","name":"Pizzeria Marcus","payment:cryptocurrencies":"no","phone":"+46 31-87 50 90","website":"https://www.pizzamarcus.nu/"}},"geometry":{"type":"Point","coordinates":[12.0114308,57.663892]}},{"type":"Feature","properties":{"id":462692506,"osm_type":"node","name":"Portens Pizza","category":"restaurant","tags":{"amenity":"restaurant","cuisine":"pizza;kebab","indoor_seating":"yes","name":"Portens Pizza","outdoor_seating":"no","payment:cryptocurrencies":"no","smoking":"no","website":"https://portenspizza.se/"}},"geometry":{"type":"Point","coordinates":[12.0167788,57.6560438]}},{"type":"Feature","properties":{"id":463908955,"osm_type":"node","name":"Dalens grill","category":"restaurant","tags":{"amenity":"fast_food","indoor_seating":"yes","name":"Dalens grill","outdoor_seating":"yes","smoking":"no"}},"geometry":{"type":"Point","coordinates":[11.996603,57.6629876]}},{"type":"Feature","properties":{"id":463940794,"osm_type":"node","name":"Phuket Thai Kitchen","category":"restaurant","tags":{"amenity":"fast_food","cuisine":"thai","name":"Phuket Thai Kitchen","opening_hours":"Mo-Fr 11:00-20:00; Su 13:00-20:00"}},"geometry":{"type":"Point","coordinates":[12.0272102,57.6569865]}},{"type":"Feature","properties":{"id":463940899,"osm_type":"node","name":"Kråkans Krog","category":"restaurant","tags":{"amenity":"restaurant","name":"Kråkans Krog","opening_hours":"Mo-Th 16:00-23:00; Fr 17:00-24:00; Sa 00:00-01:00,17:00-24:00; Su 00:00-01:00","payment:cryptocurrencies":"no"}},"geometry":{"type":"Point","coordinates":[12.0281029,57.6566238]}},{"type":"Feature","properties":{"id":463940910,"osm_type":"node","name":"Corpus Pizzeria","category":"restaurant","tags":{"amenity":"fast_food","name":"Corpus Pizzeria","opening_hours":"Mo-Fr 11:00-21:00; Sa 12:00-21:00; Su 13:00-21:00","website":"https://corpuspizzeria.se"}},"geometry":{"type":"Point","coordinates":[12.0276394,57.6570508]}},{"type":"Feature","properties":{"id":465210433,"osm_type":"node","name":"Pizza for you","category":"restaurant","tags":{"addr:city":"Göteborg","addr:country":"SE","addr:housenumber":"146","addr:postcode":"412 67","addr:street":"Sankt Sigfridsgatan","amenity":"fast_food","name":"Pizza for you","opening_hours":"Mo-Fr 11:00-21:00; Sa,Su 12:00-21:00"}},"geometry":{"type":"Point","coordinates":[12.0054364,57.6905821]}},{"type":"Feature","properties":{"id":465211083,"osm_type":"node","name":"Max","category":"restaurant","tags":{"air_conditioning":"yes","amenity":"fast_food","branch":"hamburgerrestaurang","brand":"Max","brand:wikidata":"Q1912172","brand:wikipedia":"sv:Max Hamburgerrestauranger","changing_table":"yes","check_date":"2026-04-02","cuisine":"burger","drive_through":"no","highchair":"yes","indoor_seating":"yes","internet_access":"wlan","internet_access:fee":"no","internet_access:ssid":"MAX Guest","name":"Max","opening_hours":"Su-Th 10:00-02:00, Fr,Sa 10:00-06:00","operator":"Max","organic":"yes","outdoor_seating":"yes","payment:cash":"yes","payment:credit_cards":"yes","payment:debit_cards":"yes","smoking":"no","stroller":"yes","takeaway":"yes","toilets":"yes","toilets:menstrual_products":"no","wheelchair":"yes"}},"geometry":{"type":"Point","coordinates":[11.979259,57.7065896]}},{"type":"Feature","properties":{"id":465590181,"osm_type":"node","name":"Noodle Master","category":"restaurant","tags":{"amenity":"restaurant","cuisine":"noodle","name":"Noodle Master","opening_hours":"Mo-Su 11:00-21:00","payment:cryptocurrencies":"no","phone":"+46 31 180 184"}},"geometry":{"type":"Point","coordinates":[12.0073851,57.6751987]}},{"type":"Feature","properties":{"id":465590184,"osm_type":"node","name":"Toui's Thai","category":"restaurant","tags":{"amenity":"fast_food","cuisine":"thai","name":"Toui's Thai","website":"https://www.touisthaigoteborg.se/"}},"geometry":{"type":"Point","coordinates":[12.0064177,57.6749615]}},{"type":"Feature","properties":{"id":466204350,"osm_type":"node","name":"Le pain Francais","category":"restaurant","tags":{"addr:city":"Göteborg","addr:country":"SE","addr:housenumber":"26","addr:postcode":"413 14","addr:street":"Övre Husargatan","air_conditioning":"yes","amenity":"cafe","bar":"no","check_date":"2026-04-05","cuisine":"french","drive_through":"no","highchair":"no","indoor_seating":"yes","internet_access":"wlan","internet_access:fee":"customers","level":"0","name":"Le pain Francais","outdoor_seating":"yes","payment:mastercard":"yes","payment:visa":"yes","smoking":"no","toilets":"yes","toilets:menstrual_products":"no","wheelchair":"limited"}},"geometry":{"type":"Point","coordinates":[11.9560732,57.6924921]}},{"type":"Feature","properties":{"id":482667408,"osm_type":"node","name":"Restaurant Landala","category":"restaurant","tags":{"air_conditioning":"yes","amenity":"restaurant","indoor_seating":"yes","name":"Restaurant Landala","outdoor_seating":"no","payment:cryptocurrencies":"no","smoking":"no"}},"geometry":{"type":"Point","coordinates":[11.9709267,57.6930686]}},{"type":"Feature","properties":{"id":495985841,"osm_type":"node","name":"Raffes","category":"restaurant","tags":{"addr:city":"Göteborg","addr:country":"SE","addr:street":"Tuve Torg","amenity":"pub","name":"Raffes","smoking":"no"}},"geometry":{"type":"Point","coordinates":[11.9271515,57.7550024]}},{"type":"Feature","properties":{"id":508739745,"osm_type":"node","name":"Dino's Pizza","category":"restaurant","tags":{"amenity":"fast_food","cuisine":"pizza","name":"Dino's Pizza"}},"geometry":{"type":"Point","coordinates":[11.893278,57.7332648]}},{"type":"Feature","properties":{"id":508739750,"osm_type":"node","name":"Jerkstrands Konditori","category":"restaurant","tags":{"amenity":"cafe","name":"Jerkstrands Konditori","opening_hours":"Mo-Fr 10:00-18:00; Sa 10:00-14:00","smoking":"no"}},"geometry":{"type":"Point","coordinates":[11.8928739,57.7333425]}},{"type":"Feature","properties":{"id":522516082,"osm_type":"node","name":"Subway","category":"restaurant","tags":{"addr:city":"Göteborg","addr:country":"SE","addr:housenumber":"55","addr:postcode":"41308","addr:street":"Linnégatan","air_conditioning":"yes","amenity":"fast_food","brand":"Subway","brand:wikidata":"Q244457","brand:wikipedia":"sv:Subway","cuisine":"sandwich","indoor_seating":"yes","level":"0","name":"Subway","opening_hours":"Mo-Fr 10:00-19:00; Sa 11:00-18:00; Su 11:00-17:00","operator":"Subway","outdoor_seating":"yes","payment:cash":"yes","payment:mastercard":"yes","payment:visa":"yes","phone":"+46 73 565 23 98","smoking":"no","takeaway":"yes","website":"https://restaurants.subway.com/sv/sverige/goteborg/linnegatan-55","wheelchair":"limited"}},"geometry":{"type":"Point","coordinates":[11.9522201,57.6928416]}},{"type":"Feature","properties":{"id":531792946,"osm_type":"node","name":"Pizzeria Mötet","category":"restaurant","tags":{"amenity":"fast_food","name":"Pizzeria Mötet"}},"geometry":{"type":"Point","coordinates":[11.9265866,57.7199085]}},{"type":"Feature","properties":{"id":550178182,"osm_type":"node","name":"Coffee N' Bakeshop","category":"restaurant","tags":{"addr:country":"SE","addr:housenumber":"91","addr:street":"Danska Vägen","amenity":"cafe","check_date:opening_hours":"2021-05-29","contact:email":"info@coffeeandbakeshop.se","contact:phone":"+46 31847349","contact:website":"http://coffeeandbakeshop.se","cuisine":"coffee_shop","name":"Coffee N' Bakeshop","opening_hours":"Mo-Fr 07:00-18:00, Sa,Su 09:00-15:00","payment:mastercard":"yes","payment:visa":"yes","smoking":"no"}},"geometry":{"type":"Point","coordinates":[12.0071607,57.7133557]}},{"type":"Feature","properties":{"id":550178415,"osm_type":"node","name":"Lunden's Thaikök","category":"restaurant","tags":{"addr:city":"Göteborg","addr:country":"SE","addr:housenumber":"29","addr:street":"Nobelgatan","amenity":"restaurant","name":"Lunden's Thaikök"}},"geometry":{"type":"Point","coordinates":[12.0139259,57.7131836]}},{"type":"Feature","properties":{"id":550189962,"osm_type":"node","name":"Injera","category":"restaurant","tags":{"addr:city":"Göteborg","addr:country":"SE","addr:housenumber":"1C","addr:postcode":"41647","addr:street":"Kobbarnas Väg","amenity":"restaurant","contact:email":"kontakt@injera.se","contact:phone":"+46 31 252595","contact:website":"http://www.injera.se/","contact:website:menu":"https://injera.se/meny","cuisine":"ethiopian","diet:vegetarian":"yes","name":"Injera","opening_hours":"Mo-Th 15:00-23:00; Fr 15:00-01:00; Sa 14:00-01:00; Su 14:00-23:00","payment:cryptocurrencies":"no","reservation":"yes","smoking":"no","toilets":"yes"}},"geometry":{"type":"Point","coordinates":[11.9966929,57.7137222]}},{"type":"Feature","properties":{"id":550190593,"osm_type":"node","name":"Cyrano","category":"restaurant","tags":{"amenity":"restaurant","contact:phone":"+4631-84 25 00","contact:website":"https://www.cyrano.se/Restaurant/Detail?Url=cyrano-olskroken","cuisine":"pizza","name":"Cyrano","payment:cryptocurrencies":"no","smoking":"no"}},"geometry":{"type":"Point","coordinates":[11.9974202,57.7133569]}},{"type":"Feature","properties":{"id":550197224,"osm_type":"node","name":"The Joint","category":"restaurant","tags":{"addr:city":"Göteborg","addr:country":"SE","addr:housenumber":"110","addr:postcode":"41659","addr:street":"Danska Vägen","amenity":"restaurant","contact:phone":"+4631847325","cuisine":"burger","delivery":"yes","name":"The Joint","opening_hours":"Mo-Th 16:00-21:00, Fr 15:00-23:00, Sa 13:00-23:00, Su 13:00-22:00","payment:cryptocurrencies":"no","smoking":"no","takeaway":"yes"}},"geometry":{"type":"Point","coordinates":[12.0043897,57.7149788]}},{"type":"Feature","properties":{"id":565429963,"osm_type":"node","name":"Konditori Brogyllen","category":"restaurant","tags":{"addr:city":"Göteborg","addr:housenumber":"2","addr:postcode":"411 17","addr:street":"Västra Hamngatan","air_conditioning":"yes","amenity":"cafe","contact:email":"konditori@brogyllen.se","contact:facebook":"https://www.facebook.com/brogyllen","contact:instagram":"https://www.instagram.com/brogyllen","contact:phone":"+46 31 138 71 3","drive_through":"no","indoor_seating":"yes","name":"Konditori Brogyllen","opening_hours":"Mo-Fr 07:00-19:00; Sa,Su 08:00-18:00","outdoor_seating":"yes","payment:cash":"yes","payment:credit_cards":"yes","payment:debit_cards":"yes","smoking":"no","toilets":"yes","wheelchair":"limited"}},"geometry":{"type":"Point","coordinates":[11.9633005,57.7055712]}},{"type":"Feature","properties":{"id":565431720,"osm_type":"node","name":"","category":"restaurant","tags":{"amenity":"cafe","smoking":"no"}},"geometry":{"type":"Point","coordinates":[11.9372572,57.7068126]}},{"type":"Feature","properties":{"id":565431722,"osm_type":"node","name":"Kapten Nemos","category":"restaurant","tags":{"amenity":"fast_food","contact:phone":"+4631232464","contact:website":"http://kaptennemos.se/","cuisine":"pizza","name":"Kapten Nemos","opening_hours":"Mo-Fr 11:00-21:00; Sa-Su 12:00-21:00","toilets:wheelchair":"yes","wheelchair":"limited"}},"geometry":{"type":"Point","coordinates":[11.9344352,57.7079793]}},{"type":"Feature","properties":{"id":570763494,"osm_type":"node","name":"Eklanda krog","category":"restaurant","tags":{"amenity":"restaurant","cuisine":"pizza","name":"Eklanda krog","website":"https://www.eklandakrog.se/"}},"geometry":{"type":"Point","coordinates":[11.9648787,57.650924]}},{"type":"Feature","properties":{"id":572585732,"osm_type":"node","name":"La Perla","category":"restaurant","tags":{"amenity":"restaurant","name":"La Perla"}},"geometry":{"type":"Point","coordinates":[12.049734,57.6092072]}},{"type":"Feature","properties":{"id":572585748,"osm_type":"node","name":"","category":"restaurant","tags":{"amenity":"cafe"}},"geometry":{"type":"Point","coordinates":[12.0747362,57.6113819]}},{"type":"Feature","properties":{"id":577403980,"osm_type":"node","name":"Rosenkaféet","category":"restaurant","tags":{"addr:city":"Göteborg","addr:country":"SE","addr:housenumber":"1","addr:postcode":"411 06","addr:street":"Slussgatan","amenity":"cafe","contact:email":"info@rosenkafeet.se","contact:phone":"+46 31 80 29 70","contact:website":"https://rosenkafeet.se/","contact:website:menu":"https://rosenkafeet.se/pa-meny/","cuisine":"coffee_shop","diet:vegan":"yes","name":"Rosenkaféet","opening_hours":"Mo-Fr 10:00-19:30; Sa-Su 10:00-18:30","outdoor_seating":"yes","payment:cash":"yes","payment:credit_cards":"yes","payment:debit_cards":"yes","reservation":"yes","smoking":"no","takeaway":"yes","toilets":"yes","toilets:menstrual_products":"no"}},"geometry":{"type":"Point","coordinates":[11.9760631,57.706602]}},{"type":"Feature","properties":{"id":577403982,"osm_type":"node","name":"Trädgår'n","category":"restaurant","tags":{"amenity":"restaurant","name":"Trädgår'n","payment:cryptocurrencies":"no","smoking":"no","wikidata":"Q26703507"}},"geometry":{"type":"Point","coordinates":[11.9757305,57.7044491]}},{"type":"Feature","properties":{"id":589002637,"osm_type":"node","name":"Soppa & Sunt","category":"restaurant","tags":{"amenity":"restaurant","check_date:opening_hours":"2025-09-01","diet:vegan":"yes","diet:vegetarian":"yes","indoor_seating":"yes","name":"Soppa & Sunt","opening_hours":"Mo-Fr 11:00-16:00, Sa 12:00-16:00","outdoor_seating":"yes","payment:credit_cards":"yes","payment:cryptocurrencies":"no","payment:debit_cards":"yes","smoking":"no","wheelchair":"no"}},"geometry":{"type":"Point","coordinates":[11.9625563,57.7033214]}},{"type":"Feature","properties":{"id":595458484,"osm_type":"node","name":"20+","category":"restaurant","tags":{"amenity":"pub","name":"20+","smoking":"no"}},"geometry":{"type":"Point","coordinates":[12.0363611,57.7579009]}},{"type":"Feature","properties":{"id":595737832,"osm_type":"node","name":"Folkets Hus","category":"restaurant","tags":{"amenity":"fast_food","name":"Folkets Hus","note":"pizza, kebab"}},"geometry":{"type":"Point","coordinates":[12.0347343,57.780016]}},{"type":"Feature","properties":{"id":597787249,"osm_type":"node","name":"Karuizawa Sushi Bar","category":"restaurant","tags":{"addr:city":"Göteborg","addr:country":"SE","addr:housenumber":"8","addr:postcode":"41312","addr:street":"Brunnsgatan","air_conditioning":"yes","amenity":"fast_food","check_date":"2025-12-12","cuisine":"sushi","drive_through":"no","highchair":"no","indoor_seating":"yes","level":"0","name":"Karuizawa Sushi Bar","opening_hours":"Mo-Fr 11:00-22:00; Sa-Su 12:00-22:00","outdoor_seating":"yes","payment:mastercard":"yes","payment:visa":"yes","phone":"+46 31 414123","smoking":"no","takeaway":"yes","website":"https://sushibar.n.nu/"}},"geometry":{"type":"Point","coordinates":[11.9585924,57.693876]}},{"type":"Feature","properties":{"id":598180589,"osm_type":"node","name":"Rannebergens Pizzeria","category":"restaurant","tags":{"amenity":"fast_food","cuisine":"pizza","name":"Rannebergens Pizzeria"}},"geometry":{"type":"Point","coordinates":[12.0682435,57.8040823]}},{"type":"Feature","properties":{"id":600477214,"osm_type":"node","name":"Zaika Flavour of India","category":"restaurant","tags":{"addr:city":"Göteborg","addr:country":"SE","addr:housenumber":"32","addr:postcode":"411 35","addr:street":"Teatergatan","amenity":"restaurant","contact:phone":"+46-31165077","contact:website":"www.zaika.se","cuisine":"indian","description":"Äldsta indiska restaurang i Göteborg","description:en":"Oldest indian restaurant in Gothenburg","name":"Zaika Flavour of India","opening_hours":"Su-Th 11:00-23:00; Fr-Sa 11:00-24:00","payment:cryptocurrencies":"no","smoking":"no"}},"geometry":{"type":"Point","coordinates":[11.9762,57.698797]}},{"type":"Feature","properties":{"id":603168816,"osm_type":"node","name":"Angereds Naan & Kebab","category":"restaurant","tags":{"amenity":"fast_food","name":"Angereds Naan & Kebab"}},"geometry":{"type":"Point","coordinates":[12.0500457,57.7970726]}},{"type":"Feature","properties":{"id":608451660,"osm_type":"node","name":"Mr. Gatsby","category":"restaurant","tags":{"addr:city":"Askim","addr:country":"SE","addr:housenumber":"12","addr:postcode":"436 43","addr:street":"Långlyckevägen","amenity":"fast_food","contact:phone":"+46 31 282421","contact:website":"http://pizza-meny.se/gatsby-pizzeria/","cuisine":"pizza","name":"Mr. Gatsby","opening_hours":"Mo-Fr 11:00-21:00; Sa-Su 12:00-21:00","takeaway":"yes"}},"geometry":{"type":"Point","coordinates":[11.9368458,57.6337129]}},{"type":"Feature","properties":{"id":608470311,"osm_type":"node","name":"Pizzeria Vivaldi","category":"restaurant","tags":{"addr:city":"Askim","addr:country":"SE","addr:housenumber":"1","addr:postcode":"43639","addr:street":"Gamla Särövägen","amenity":"fast_food","contact:phone":"+46 31 286610","contact:website":"http://www.vivaldipizza.se/","cuisine":"pizza;indian","name":"Pizzeria Vivaldi","opening_hours":"Mo-Fr 11:00-21:00; Sa-Su 12:00-21:00","takeaway":"yes"}},"geometry":{"type":"Point","coordinates":[11.9418478,57.6351711]}},{"type":"Feature","properties":{"id":609732097,"osm_type":"node","name":"Lilla London","category":"restaurant","tags":{"addr:city":"Göteborg","addr:country":"SE","addr:housenumber":"19","addr:postcode":"411 36","addr:street":"Kungsportsavenyen","amenity":"restaurant","diet:vegan":"no","diet:vegetarian":"yes","name":"Lilla London","payment:cryptocurrencies":"no","smoking":"no"}},"geometry":{"type":"Point","coordinates":[11.9744806,57.7003592]}},{"type":"Feature","properties":{"id":609787529,"osm_type":"node","name":"Café Cava","category":"restaurant","tags":{"addr:city":"Göteborg","addr:country":"SE","addr:housenumber":"7,9","addr:place":"Esperantoplatsen","addr:postcode":"41120","amenity":"cafe","contact:email":"sprakcafeet@hotmail.com","contact:facebook":"https://www.facebook.com/Cafe-Cava-G%C3%B6teborg-624593890913729/","contact:phone":"+46-31-774 21 50","cuisine":"coffee_shop","name":"Café Cava","old_name":"Språkcafeet","opening_hours":"Mo-Th 09:00-21:00; Fr 09:00-21:00; Sa 10:00-21:00; Su 10:00-17:00","smoking":"no","wheelchair":"yes"}},"geometry":{"type":"Point","coordinates":[11.9557343,57.7024164]}},{"type":"Feature","properties":{"id":611512871,"osm_type":"node","name":"Lindholmen Pizzeria","category":"restaurant","tags":{"amenity":"fast_food","name":"Lindholmen Pizzeria","opening_hours":"Mo-Fr 10:30-21:00; Sa,Su 12:00-21:00"}},"geometry":{"type":"Point","coordinates":[11.9338013,57.7054711]}},{"type":"Feature","properties":{"id":611512873,"osm_type":"node","name":"","category":"restaurant","tags":{"amenity":"restaurant","payment:cryptocurrencies":"no","smoking":"no"}},"geometry":{"type":"Point","coordinates":[11.9334902,57.7055628]}},{"type":"Feature","properties":{"id":618852716,"osm_type":"node","name":"Swedish Pizza House","category":"restaurant","tags":{"addr:country":"SE","addr:housenumber":"64","addr:street":"Smörslottsgatan","amenity":"fast_food","contact:facebook":"https://www.facebook.com/Swedish-Pizza-House-363048847593314","contact:instagram":"https://www.instagram.com/swedishpizzahouse_","contact:phone":"+46 31 192 45 6","contact:website":"https://www.swedishpizzahouse.se/","cuisine":"pizza","name":"Swedish Pizza House","payment:mastercard":"yes","payment:visa":"yes"}},"geometry":{"type":"Point","coordinates":[12.0565141,57.7156162]}},{"type":"Feature","properties":{"id":619388156,"osm_type":"node","name":"","category":"restaurant","tags":{"amenity":"cafe","smoking":"no"}},"geometry":{"type":"Point","coordinates":[11.9101297,57.6632718]}},{"type":"Feature","properties":{"id":619563244,"osm_type":"node","name":"Delsjögrillen","category":"restaurant","tags":{"addr:city":"Göteborg","addr:housenumber":"53","addr:postcode":"412 70","addr:street":"Delsjövägen","amenity":"fast_food","contact:email":"info@stegetvidare.com","contact:facebook":"https://www.facebook.com/Delsjogrillen/","contact:phone":"+46 31 403803","contact:website":"http://www.delsjogrillen.se/","contact:website:menu":"https://www.delsjogrillen.se/page4.html","cuisine":"pizza;burger;hot_dog","diet:vegetarian":"yes","name":"Delsjögrillen","opening_hours":"Mo-Fr 11:00-21:00; Sa,Su 12:00-21:00","payment:cash":"yes","payment:credit_cards":"yes","payment:debit_cards":"yes","takeaway":"yes"}},"geometry":{"type":"Point","coordinates":[12.0128335,57.6996241]}},{"type":"Feature","properties":{"id":620040520,"osm_type":"node","name":"Råda Pizzeria och Gatukök","category":"restaurant","tags":{"amenity":"fast_food","cuisine":"pizza","name":"Råda Pizzeria och Gatukök","website":"http://www.radapizzeria.nu"}},"geometry":{"type":"Point","coordinates":[12.0968718,57.6687042]}},{"type":"Feature","properties":{"id":620092387,"osm_type":"node","name":"Golfkrogen Hovås","category":"restaurant","tags":{"amenity":"restaurant","name":"Golfkrogen Hovås"}},"geometry":{"type":"Point","coordinates":[11.9324538,57.6139864]}},{"type":"Feature","properties":{"id":623872662,"osm_type":"node","name":"Restaurang Gigi","category":"restaurant","tags":{"addr:country":"SE","addr:housenumber":"1","addr:street":"Radiotorget","amenity":"restaurant","name":"Restaurang Gigi","payment:cryptocurrencies":"no","smoking":"no"}},"geometry":{"type":"Point","coordinates":[11.9323179,57.6571827]}},{"type":"Feature","properties":{"id":625870774,"osm_type":"node","name":"Café Näckrosen","category":"restaurant","tags":{"amenity":"cafe","indoor_seating":"yes","internet_access":"wlan","name":"Café Näckrosen","opening_hours":"Mo-Th 08:00-16:00; Fr 08:00-15:30","operator":"Nordrest","outdoor_seating":"yes","smoking":"no","takeaway":"yes","toilets:access":"yes","wheelchair":"yes"}},"geometry":{"type":"Point","coordinates":[11.9848193,57.6947989]}},{"type":"Feature","properties":{"id":630689754,"osm_type":"node","name":"Mekong","category":"restaurant","tags":{"amenity":"restaurant","cuisine":"thai","indoor_seating":"yes","name":"Mekong","outdoor_seating":"yes"}},"geometry":{"type":"Point","coordinates":[12.0488411,57.6127293]}},{"type":"Feature","properties":{"id":631461990,"osm_type":"node","name":"Sun Wall","category":"restaurant","tags":{"amenity":"restaurant","cuisine":"asian","name":"Sun Wall","name:zh":"新華","opening_hours":"Mo-Th 11:00-20:00; Fr 11:00-21:00; Sa 12:00-21:00; Su 12:00-17:00","payment:cryptocurrencies":"no","phone":"+46 31 15 60 20","smoking":"no","website":"https://sunwall.se/"}},"geometry":{"type":"Point","coordinates":[11.9718221,57.7058373]}},{"type":"Feature","properties":{"id":631464127,"osm_type":"node","name":"Klang Market","category":"restaurant","tags":{"addr:city":"Göteborg","addr:country":"SE","addr:housenumber":"2","addr:postcode":"411 08","addr:street":"Bastionsplatsen","amenity":"restaurant","brand":"Klang Market","email":"goteborg@klangmarket.se","name":"Klang Market","opening_hours":"closed","payment:cryptocurrencies":"no","phone":"+46 31 7971990","smoking":"no","website":"https://klangmarket.se/restaurang-goteborg/"}},"geometry":{"type":"Point","coordinates":[11.9722537,57.7044494]}},{"type":"Feature","properties":{"id":631465250,"osm_type":"node","name":"Masaki","category":"restaurant","tags":{"addr:city":"Göteborg","addr:housenumber":"9","addr:postcode":"41107","addr:street":"Östra Larmgatan","amenity":"fast_food","contact:instagram":"masaki.gbg","cuisine":"sushi","drive_through":"no","indoor_seating":"yes","name":"Masaki","opening_hours":"Mo-Fr 11:00-20:00; Sa-Su12:00-20:00; ","outdoor_seating":"yes","phone":"+46 76 3465505","takeaway":"yes","website":"https://www.masaki.se/","website:menu":"https://www.masaki.se/meny"}},"geometry":{"type":"Point","coordinates":[11.9714921,57.7056971]}},{"type":"Feature","properties":{"id":631465357,"osm_type":"node","name":"Super Sushi","category":"restaurant","tags":{"addr:city":"Göteborg","addr:country":"SE","addr:postcode":"41107","addr:street":"Drottninggatan","amenity":"fast_food","cuisine":"sushi","delivery":"no","name":"Super Sushi","opening_hours":"Mo-Fr 11:00-21:00; Sa 11:00-20:00; Su 11:00-19:30","smoking":"no","takeaway":"yes"}},"geometry":{"type":"Point","coordinates":[11.9705667,57.7062272]}},{"type":"Feature","properties":{"id":631466117,"osm_type":"node","name":"Cappuccino","category":"restaurant","tags":{"addr:city":"Göteborg","addr:country":"SE","addr:housenumber":"19","addr:street":"Östra Larmgatan","amenity":"cafe","brand":"Cappuccino","cuisine":"coffee_shop","name":"Cappuccino","opening_hours":"Mo-Th 08:00-22:00; Fr 08:00-23:00; Sa 09:00-23:00; Su 10:00-22:00","smoking":"no","takeaway":"yes","wheelchair":"no"}},"geometry":{"type":"Point","coordinates":[11.9699811,57.7047262]}},{"type":"Feature","properties":{"id":631466180,"osm_type":"node","name":"Plaza","category":"restaurant","tags":{"amenity":"restaurant","cuisine":"american","diet:vegan":"yes","diet:vegetarian":"yes","name":"Plaza"}},"geometry":{"type":"Point","coordinates":[11.968594,57.705056]}},{"type":"Feature","properties":{"id":631635332,"osm_type":"node","name":"Trebello","category":"restaurant","tags":{"amenity":"restaurant","name":"Trebello","payment:cash":"no","payment:cryptocurrencies":"no","payment:mastercard":"yes","payment:visa":"yes","smoking":"no","wheelchair":"yes"}},"geometry":{"type":"Point","coordinates":[11.9938241,57.6946558]}},{"type":"Feature","properties":{"id":631635338,"osm_type":"node","name":"Lisebergs Wärdshus","category":"restaurant","tags":{"air_conditioning":"yes","amenity":"restaurant","check_date":"2022-12-04","name":"Lisebergs Wärdshus","payment:cash":"no","payment:cryptocurrencies":"no","payment:mastercard":"yes","payment:visa":"yes","smoking":"no","website":"https://www.liseberg.se/parken/mat-dryck/lisebergs-wardshus/","wheelchair":"yes"}},"geometry":{"type":"Point","coordinates":[11.9921876,57.6960493]}},{"type":"Feature","properties":{"id":631635345,"osm_type":"node","name":"Järnvägsrestaurangen","category":"restaurant","tags":{"amenity":"restaurant","check_date":"2024-06-12","name":"Järnvägsrestaurangen","payment:cash":"no","payment:credit_cards":"yes","payment:cryptocurrencies":"no","payment:debit_cards":"yes","payment:mastercard":"yes","payment:visa":"yes","smoking":"no","website":"https://www.liseberg.se/mat-dryck/jarnvagsrestaurangen/"}},"geometry":{"type":"Point","coordinates":[11.9929065,57.6947907]}},{"type":"Feature","properties":{"id":631687804,"osm_type":"node","name":"Mattorget","category":"restaurant","tags":{"amenity":"fast_food","check_date":"2022-12-04","name":"Mattorget","payment:cash":"no","payment:mastercard":"yes","payment:visa":"yes","website":"https://www.liseberg.se/mat-dryck/mattorget/","wheelchair":"limited"}},"geometry":{"type":"Point","coordinates":[11.993806,57.6941655]}},{"type":"Feature","properties":{"id":631687807,"osm_type":"node","name":"Skeppsmagasinet","category":"restaurant","tags":{"amenity":"restaurant","check_date":"2022-12-04","name":"Skeppsmagasinet","payment:cash":"no","payment:cryptocurrencies":"no","payment:mastercard":"yes","payment:visa":"yes","smoking":"no","website":"https://www.liseberg.se/mat-dryck/skeppsmagasinet/"}},"geometry":{"type":"Point","coordinates":[11.9954388,57.695035]}},{"type":"Feature","properties":{"id":631687810,"osm_type":"node","name":"Korvhallen","category":"restaurant","tags":{"amenity":"fast_food","check_date":"2022-12-04","name":"Korvhallen","payment:cash":"no","payment:mastercard":"yes","payment:visa":"yes","website":"https://www.liseberg.se/mat-dryck/korv/"}},"geometry":{"type":"Point","coordinates":[11.993382,57.6946735]}},{"type":"Feature","properties":{"id":631687813,"osm_type":"node","name":"Systrarna Olsons Våffelbageri","category":"restaurant","tags":{"amenity":"cafe","check_date":"2022-12-04","name":"Systrarna Olsons Våffelbageri","payment:cash":"no","payment:mastercard":"yes","payment:visa":"yes","smoking":"no","website":"https://www.liseberg.se/mat-dryck/systrarna-olsons-vaffelbageri/"}},"geometry":{"type":"Point","coordinates":[11.9937222,57.6948775]}},{"type":"Feature","properties":{"id":631687815,"osm_type":"node","name":"Bergs Bistro","category":"restaurant","tags":{"amenity":"cafe","contact:facebook":"https://www.facebook.com/100066918551129","contact:phone":"+46 31 400 10 0","name":"Bergs Bistro","payment:cash":"no","payment:mastercard":"yes","payment:visa":"yes","smoking":"no","wheelchair":"yes"}},"geometry":{"type":"Point","coordinates":[11.9929551,57.6958639]}},{"type":"Feature","properties":{"id":631687823,"osm_type":"node","name":"Max","category":"restaurant","tags":{"amenity":"fast_food","branch":"Tornet","brand":"Max","brand:wikidata":"Q1912172","brand:wikipedia":"sv:Max Hamburgerrestauranger","check_date":"2022-12-04","cuisine":"burger","name":"Max","payment:cash":"no","payment:mastercard":"yes","payment:visa":"yes","takeaway":"yes"}},"geometry":{"type":"Point","coordinates":[11.9909756,57.6951633]}},{"type":"Feature","properties":{"id":631759530,"osm_type":"node","name":"Pizzeria 13","category":"restaurant","tags":{"amenity":"restaurant","cuisine":"pizza","name":"Pizzeria 13","payment:cryptocurrencies":"no","smoking":"no"}},"geometry":{"type":"Point","coordinates":[11.9722297,57.7001729]}},{"type":"Feature","properties":{"id":631760732,"osm_type":"node","name":"El Corazón","category":"restaurant","tags":{"amenity":"restaurant","cuisine":"tapas","name":"El Corazón","opening_hours":"Mo-Fr 16:00+; Sa-Su 12:00+","payment:cryptocurrencies":"no","smoking":"no","wheelchair":"limited"}},"geometry":{"type":"Point","coordinates":[11.973038,57.70198]}},{"type":"Feature","properties":{"id":642996335,"osm_type":"node","name":"Zaza Bistro","category":"restaurant","tags":{"amenity":"restaurant","check_date":"2025-11-16","name":"Zaza Bistro","opening_hours":"Mo-Th 14:00-23:00; Fr 14:00-; Sa 12:00-; Su 12:00-22:00","website":"https://zazabistro.se/"}},"geometry":{"type":"Point","coordinates":[11.9854853,57.6971081]}},{"type":"Feature","properties":{"id":643026410,"osm_type":"node","name":"Project","category":"restaurant","tags":{"amenity":"restaurant","check_date":"2025-08-08","name":"Project","payment:cryptocurrencies":"no","smoking":"no"}},"geometry":{"type":"Point","coordinates":[11.9827142,57.6978355]}},{"type":"Feature","properties":{"id":656256338,"osm_type":"node","name":"NJN Café","category":"restaurant","tags":{"amenity":"cafe","name":"NJN Café","smoking":"no","source":"survey"}},"geometry":{"type":"Point","coordinates":[12.0117017,57.7294288]}},{"type":"Feature","properties":{"id":656256365,"osm_type":"node","name":"Cederleüfs & Svenheimers","category":"restaurant","tags":{"amenity":"cafe","indoor_seating":"yes","name":"Cederleüfs & Svenheimers","opening_hours":"Mo-Fr 08:00-18:00; Sa 08:00-14:00","outdoor_seating":"yes","payment:cash":"no","shop":"bakery","smoking":"no"}},"geometry":{"type":"Point","coordinates":[12.0128532,57.7304308]}},{"type":"Feature","properties":{"id":656256412,"osm_type":"node","name":"Roshani","category":"restaurant","tags":{"addr:city":"Göteborg","addr:country":"SE","addr:housenumber":"2B","addr:postcode":"41503","addr:street":"Lars Kaggsgatan","amenity":"restaurant","contact:phone":"+4631215962","contact:website":"http://www.roshani-indiskrestaurang.se","cuisine":"indian","name":"Roshani","opening_hours":"Mo-Th 11:00-15:00; Fr 11:00-21:00; Sa 16:00-21:00","payment:cryptocurrencies":"no","smoking":"no"}},"geometry":{"type":"Point","coordinates":[12.0077784,57.730047]}},{"type":"Feature","properties":{"id":656487836,"osm_type":"node","name":"Old Corner","category":"restaurant","tags":{"addr:city":"Göteborg","addr:country":"SE","addr:housenumber":"14","addr:postcode":"415 03","addr:street":"Artillerigatan","amenity":"pub","contact:email":"oldcorner.goteborg@gmail.com","contact:phone":"+46 31 84 17 00","contact:website":"https://oldcorner.net/","diet:vegan":"yes","diet:vegetarian":"yes","indoor_seating":"yes","name":"Old Corner","opening_hours":"Mo-Th 14:00-01:00, Fr 12:00-02:00, Sa 12:00-02:00, Su 12:00-01:00","outdoor_seating":"yes","payment:cash":"yes","reservation":"yes","smoking":"outside"}},"geometry":{"type":"Point","coordinates":[12.011907,57.729092]}},{"type":"Feature","properties":{"id":664017989,"osm_type":"node","name":"Juventus 3 Pizzeria","category":"restaurant","tags":{"amenity":"fast_food","cuisine":"pizza","name":"Juventus 3 Pizzeria","opening_hours":"Mo-Fr 11:00-22:00; Sa,Su 12:00-22:00"}},"geometry":{"type":"Point","coordinates":[12.052172,57.7972804]}},{"type":"Feature","properties":{"id":664019315,"osm_type":"node","name":"Subway","category":"restaurant","tags":{"amenity":"fast_food","brand":"Subway","brand:wikidata":"Q244457","brand:wikipedia":"sv:Subway","cuisine":"sandwich","diet:vegan":"yes","diet:vegetarian":"yes","indoor_seating":"yes","level":"0","name":"Subway","opening_hours":"Mo-Th 05:30-23:00; Fr 05:00-24:00; Sa 07:00-24:00; Su 07:00-23:00","operator":"Subway","outdoor_seating":"no","smoking":"no","takeaway":"yes","wheelchair":"limited"}},"geometry":{"type":"Point","coordinates":[11.9729041,57.7095806]}},{"type":"Feature","properties":{"id":667022714,"osm_type":"node","name":"Trattoria da Pasquale","category":"restaurant","tags":{"addr:city":"Göteborg","addr:country":"SE","addr:housenumber":"17","addr:postcode":"412 52","addr:street":"Sten Sturegatan","amenity":"restaurant","cuisine":"pizza","name":"Trattoria da Pasquale","payment:cryptocurrencies":"no","smoking":"no","website":"https://www.trattoriadapasquale.se/","wheelchair":"yes"}},"geometry":{"type":"Point","coordinates":[11.9845678,57.7000034]}},{"type":"Feature","properties":{"id":668770699,"osm_type":"node","name":"Restaurang Äran","category":"restaurant","tags":{"addr:city":"Göteborg","addr:country":"SE","addr:housenumber":"6","addr:postcode":"417 56","addr:street":"Diagonalen","amenity":"restaurant","contact:phone":"+46317792320","contact:website":"https://lyp.se/vara-restauranger/restaurang-aran/","cuisine":"regional","name":"Restaurang Äran","opening_hours":"Mo-Fr 11:00-13:00","payment:cryptocurrencies":"no","smoking":"no"}},"geometry":{"type":"Point","coordinates":[11.9374468,57.7047056]}},{"type":"Feature","properties":{"id":668770700,"osm_type":"node","name":"Esters Salutorg","category":"restaurant","tags":{"alt_name":"Esters café","amenity":"restaurant","cuisine":"coffee_shop","name":"Esters Salutorg","opening_hours":"Mo-Fr 09:30-14:30","payment:cryptocurrencies":"no","shop":"deli","smoking":"no"}},"geometry":{"type":"Point","coordinates":[11.9367709,57.7055311]}},{"type":"Feature","properties":{"id":668770701,"osm_type":"node","name":"L's Kitchen","category":"restaurant","tags":{"amenity":"restaurant","contact:phone":"+46 31 7223950","contact:website":"http://lskitchen.se/","cuisine":"international","name":"L's Kitchen","opening_hours":"Mo-Fr 07:30-17:00","payment:cryptocurrencies":"no","smoking":"no"}},"geometry":{"type":"Point","coordinates":[11.9394842,57.7065751]}},{"type":"Feature","properties":{"id":668770702,"osm_type":"node","name":"Bistrot","category":"restaurant","tags":{"amenity":"restaurant","contact:email":"catering@bistrot.se","contact:phone":"+46 31 223323","contact:website":"http://bistrot.se/","name":"Bistrot","opening_hours":"Mo-Fr 11:00-14:00","payment:cryptocurrencies":"no","smoking":"no"}},"geometry":{"type":"Point","coordinates":[11.9387128,57.70611]}},{"type":"Feature","properties":{"id":670109452,"osm_type":"node","name":"Angereds Palace","category":"restaurant","tags":{"amenity":"fast_food","cuisine":"pizza","name":"Angereds Palace"}},"geometry":{"type":"Point","coordinates":[12.0513174,57.7967803]}},{"type":"Feature","properties":{"id":672999277,"osm_type":"node","name":"11:ans Gatukök","category":"restaurant","tags":{"amenity":"fast_food","cuisine":"burger","name":"11:ans Gatukök"}},"geometry":{"type":"Point","coordinates":[12.0363204,57.7576998]}},{"type":"Feature","properties":{"id":673855805,"osm_type":"node","name":"Burger King","category":"restaurant","tags":{"air_conditioning":"yes","amenity":"fast_food","brand":"Burger King","brand:wikidata":"Q177054","brand:wikipedia":"sv:Burger King","changing_table":"yes","cuisine":"burger","diet:vegetarian":"yes","indoor_seating":"yes","name":"Burger King","opening_hours":";Mo-Su 10:00-24:00","operator":"Burger King","outdoor_seating":"yes","smoking":"no","takeaway":"yes","wheelchair":"yes"}},"geometry":{"type":"Point","coordinates":[11.9331689,57.6466965]}},{"type":"Feature","properties":{"id":674439120,"osm_type":"node","name":"Koka","category":"restaurant","tags":{"amenity":"restaurant","cuisine":"swedish;local;fish;organic","diet:vegan":"yes","diet:vegetarian":"yes","email":"info@restaurangkoka.se","name":"Koka","opening_hours":"Mo-Th 18:00-22:00+; Fr-Sa 17:00-22:00+; Su off","payment:cryptocurrencies":"no","phone":"+46-31 – 701 79 79","smoking":"no","website":"https://restaurangkoka.se/","wheelchair":"no"}},"geometry":{"type":"Point","coordinates":[11.965551,57.6984956]}},{"type":"Feature","properties":{"id":676845018,"osm_type":"node","name":"Portofino","category":"restaurant","tags":{"amenity":"restaurant","name":"Portofino","payment:cryptocurrencies":"no","smoking":"no"}},"geometry":{"type":"Point","coordinates":[11.8892726,57.6794509]}},{"type":"Feature","properties":{"id":676845665,"osm_type":"node","name":"Malins skafferi","category":"restaurant","tags":{"addr:city":"Västra Frölunda","addr:country":"SE","addr:housenumber":"3","addr:postcode":"42671","addr:street":"Sven Källfelts Gata","amenity":"restaurant","contact:email":"malin@malins-skafferi.se","contact:phone":"+46-31-69 19 39","contact:website":"http://www.malins-skafferi.se/","name":"Malins skafferi","opening_hours":"Mo-Fr 11:00-13:30","payment:cryptocurrencies":"no"}},"geometry":{"type":"Point","coordinates":[11.8899188,57.6837775]}},{"type":"Feature","properties":{"id":676846001,"osm_type":"node","name":"Thai Samila","category":"restaurant","tags":{"addr:country":"SE","addr:housenumber":"18","addr:postcode":"42671","addr:street":"Långedragsvägen","amenity":"fast_food","name":"Thai Samila","opening_hours":"Mo-Fr 11:00-20:30; Sa,Su 12:00-20:30","website":"https://www.thaisamila.nu/"}},"geometry":{"type":"Point","coordinates":[11.9000029,57.6800293]}},{"type":"Feature","properties":{"id":683055078,"osm_type":"node","name":"Café Con Leche","category":"restaurant","tags":{"addr:city":"Göteborg","addr:country":"SE","addr:housenumber":"15","addr:postcode":"413 05","addr:street":"Plantagegatan","amenity":"cafe","name":"Café Con Leche","smoking":"no","wheelchair":"no"}},"geometry":{"type":"Point","coordinates":[11.9481683,57.6972148]}},{"type":"Feature","properties":{"id":709070790,"osm_type":"node","name":"Burger King","category":"restaurant","tags":{"amenity":"fast_food","brand":"Burger King","brand:wikidata":"Q177054","brand:wikipedia":"sv:Burger King","cuisine":"burger","name":"Burger King","operator":"Burger King","takeaway":"yes"}},"geometry":{"type":"Point","coordinates":[11.9214118,57.7094378]}},{"type":"Feature","properties":{"id":710681559,"osm_type":"node","name":"Manfred's Brasserie","category":"restaurant","tags":{"addr:city":"Göteborg","addr:country":"SE","addr:housenumber":"28","addr:postcode":"413 09","addr:street":"Nordenskiöldsgatan","amenity":"restaurant","check_date":"2026-04-05","contact:facebook":"https://www.facebook.com/manfredsbrasserie/","contact:instagram":"https://www.instagram.com/manfredsbrasserie","contact:phone":"+46-31-144553","contact:website":"http://www.manfreds.com/","contact:website:menu":"https://manfreds.com/var-meny/","indoor_seating":"yes","microbrewery":"no","name":"Manfred's Brasserie","opening_hours":"Mo 11:00-14:30; Tu-Fr 11:00-14:30; 18:00-23:00; Sa 17:00-23:00; Su 13:00-22:00","outdoor_seating":"yes","payment:cash":"yes","payment:credit_cards":"yes","payment:cryptocurrencies":"no","payment:debit_cards":"yes","smoking":"no","takeaway":"yes","wheelchair":"no"}},"geometry":{"type":"Point","coordinates":[11.9489359,57.6925734]}},{"type":"Feature","properties":{"id":710681892,"osm_type":"node","name":"Buenos Aires","category":"restaurant","tags":{"addr:city":"Göteborg","addr:country":"SE","addr:housenumber":"21A","addr:postcode":"41309","addr:street":"Nordenskiöldsgatan","amenity":"restaurant","contact:website":"https://buenosairesgbg.se/","entrance":"yes","fixme":"taggar delvis från förra restaurangen","indoor_seating":"yes","microbrewery":"no","name":"Buenos Aires","outdoor_seating":"yes","payment:cash":"yes","payment:credit_cards":"yes","payment:cryptocurrencies":"no","payment:debit_cards":"yes","reservation":"yes","smoking":"no","wheelchair":"no"}},"geometry":{"type":"Point","coordinates":[11.9501471,57.692714]}},{"type":"Feature","properties":{"id":710682156,"osm_type":"node","name":"Pasta Haus","category":"restaurant","tags":{"access":"yes","addr:city":"Göteborg","addr:country":"SE","addr:housenumber":"25","addr:postcode":"413 09","addr:street":"Nordenskiöldsgatan","amenity":"restaurant","contact:facebook":"https://www.facebook.com/pasta.haus.goteborg/","contact:instagram":"https://www.instagram.com/pastahausgbg","contact:phone":"+46-31-24 27 11","contact:website":"http://www.pastahaus.se/","entrance":"yes","microbrewery":"no","name":"Pasta Haus","opening_hours":"Mo-Th 11:00-22:00; Fr 11:00-23:00; Sa 12:00-23:00; Su 12:00-22:00","payment:cash":"yes","payment:credit_cards":"yes","payment:cryptocurrencies":"no","payment:debit_cards":"yes","reservation":"yes","smoking":"no","takeaway":"yes","toilets":"yes","toilets:menstrual_products":"no","wheelchair":"limited"}},"geometry":{"type":"Point","coordinates":[11.9491846,57.6927103]}},{"type":"Feature","properties":{"id":710682286,"osm_type":"node","name":"Da Vinci","category":"restaurant","tags":{"access":"yes","addr:city":"Göteborg","addr:country":"SE","addr:housenumber":"23","addr:postcode":"41309","addr:street":"Nordenskiöldsgatan","amenity":"restaurant","contact:facebook":"https://www.facebook.com/RestaurangDaVinci/","contact:phone":"+46 31-24 33 00","contact:website":"http://www.restaurangdavinci.se","cuisine":"italian","entrance":"yes","indoor_seating":"yes","microbrewery":"no","name":"Da Vinci","opening_hours":"Mo-Th 11:00-22:00; Fr 11:00-23:00; Sa 12:00-23:00; Su 12:00-22:00","outdoor_seating":"yes","payment:cash":"yes","payment:credit_cards":"yes","payment:cryptocurrencies":"no","payment:debit_cards":"yes","smoking":"no","wheelchair":"limited"}},"geometry":{"type":"Point","coordinates":[11.9492935,57.6927095]}},{"type":"Feature","properties":{"id":710683102,"osm_type":"node","name":"Thai Samila-ISAAN","category":"restaurant","tags":{"access":"yes","addr:city":"Göteborg","addr:country":"SE","addr:housenumber":"22","addr:postcode":"41309","addr:street":"Nordenskiöldsgatan","amenity":"restaurant","contact:phone":"+46-31-42 10 31","cuisine":"thai","entrance":"yes","microbrewery":"no","name":"Thai Samila-ISAAN","payment:cryptocurrencies":"no","smoking":"no","wheelchair":"limited"}},"geometry":{"type":"Point","coordinates":[11.9499044,57.6925687]}},{"type":"Feature","properties":{"id":727537164,"osm_type":"node","name":"Espresso House","category":"restaurant","tags":{"addr:city":"Göteborg","addr:country":"SE","addr:housenumber":"30","addr:postcode":"413 04","addr:street":"Linnégatan","air_conditioning":"yes","amenity":"cafe","brand":"Espresso House","brand:wikidata":"Q10489162","brand:wikipedia":"sv:Espresso House","contact:phone":"+46 765219382","contact:website":"https://espressohouse.com/","cuisine":"coffee_shop","indoor_seating":"yes","name":"Espresso House","opening_hours":"Mo-Fr 07:00-20:00; Sa 08:00-20:00; Su 09:00-19:00","outdoor_seating":"yes","payment:mastercard":"yes","payment:visa":"yes","smoking":"no","takeaway":"yes","wheelchair":"yes"}},"geometry":{"type":"Point","coordinates":[11.9517563,57.6964417]}},{"type":"Feature","properties":{"id":737259993,"osm_type":"node","name":"Utby Pizzeria","category":"restaurant","tags":{"amenity":"restaurant","contact:phone":"+46-31-265109","contact:website":"https://www.ilovepizza.se/","cuisine":"pizza","name":"Utby Pizzeria","smoking":"no","takeaway":"yes"}},"geometry":{"type":"Point","coordinates":[12.0595354,57.7371863]}},{"type":"Feature","properties":{"id":740552139,"osm_type":"node","name":"Harry's Gatukök","category":"restaurant","tags":{"addr:city":"Göteborg","addr:country":"SE","addr:housenumber":"145","addr:postcode":"417 27","addr:street":"Gamla Björlandavägen","amenity":"fast_food","cuisine":"pizza","delivery":"yes","name":"Harry's Gatukök","opening_hours":"Mo-Su 10:30-22:00","takeaway":"yes","website":"http://www.harryspizzeria.se"}},"geometry":{"type":"Point","coordinates":[11.919008,57.7303462]}},{"type":"Feature","properties":{"id":743154958,"osm_type":"node","name":"Stålstugans Kiosk","category":"restaurant","tags":{"addr:city":"Göteborg","addr:country":"SE","addr:housenumber":"7","addr:postcode":"41319","addr:street":"Margretebergsgatan","amenity":"cafe","name":"Stålstugans Kiosk","smoking":"no"}},"geometry":{"type":"Point","coordinates":[11.9411138,57.6810727]}},{"type":"Feature","properties":{"id":756635658,"osm_type":"node","name":"Sannegårdens Pizzeria","category":"restaurant","tags":{"addr:city":"Göteborg","addr:country":"SE","addr:housenumber":"9","addr:place":"Kortedala Torg","addr:postcode":"41510","amenity":"restaurant","contact:phone":"+46722509665","contact:website":"https://sannegardens.se/","cuisine":"kebab;pizza","email":"kortedala@sannegardens.se","name":"Sannegårdens Pizzeria","opening_hours":"Fr-Sa 10:00-22:00; Su-Th 11:00-22:00","payment:cryptocurrencies":"no","smoking":"no"}},"geometry":{"type":"Point","coordinates":[12.0316706,57.7519978]}},{"type":"Feature","properties":{"id":763220985,"osm_type":"node","name":"Burger King","category":"restaurant","tags":{"addr:housenumber":"6","addr:street":"Järntorget","air_conditioning":"yes","amenity":"fast_food","brand":"Burger King","brand:wikidata":"Q177054","brand:wikipedia":"sv:Burger King","changing_table":"yes","check_date":"2026-04-05","contact:phone":"+46 (0) 31242770","contact:website":"https://burgerking.se/restauranger/jarntorget","cuisine":"burger","drive_through":"no","indoor_seating":"yes","name":"Burger King","opening_hours":"Mo-Tu 09:00-02:00, We-Th 09:00-03:00, Fr-Sa 09:00-05:00, Su 10:00-02:00","operator":"Burger King","outdoor_seating":"no","payment:mastercard":"yes","payment:visa":"yes","smoking":"no","stroller":"yes","takeaway":"yes","toilets":"yes","toilets:menstrual_products":"no","wheelchair":"yes"}},"geometry":{"type":"Point","coordinates":[11.9528303,57.6995234]}},{"type":"Feature","properties":{"id":763220987,"osm_type":"node","name":"The Bishops Arms","category":"restaurant","tags":{"addr:housenumber":"6","addr:street":"Järntorget","amenity":"pub","brand":"The Bishops Arms","brand:wikidata":"Q10430084","brewery":"Kwak;Guiness","check_date":"2026-04-05","contact:facebook":"https://www.facebook.com/126204407377/","contact:instagram":"https://www.instagram.com/thebishopsarmsjarntorget","contact:phone":"+46 31 240 05 0","contact:website":"https://www.bishopsarms.com/vara-pubar/goteborg/jarntorget/","contact:website:menu":"https://www.bishopsarms.com/media/50jjw2ty/meny-j%C3%A4rntorget.pdf","indoor_seating":"yes","name":"The Bishops Arms","opening_hours":"Mo-Tu,Su 16:00-22:00; We-Th 16:00-23:00; Fr 15:00-01:00; Sa 12:00-01:00","outdoor_seating":"yes","payment:cash":"yes","payment:credit_cards":"yes","payment:debit_cards":"yes","smoking":"no","toilets":"yes","toilets:menstrual_products":"no","wheelchair":"limited"}},"geometry":{"type":"Point","coordinates":[11.9532143,57.6994621]}},{"type":"Feature","properties":{"id":765326723,"osm_type":"node","name":"Lejonet & Björnen","category":"restaurant","tags":{"addr:city":"Göteborg","addr:country":"SE","addr:housenumber":"74","addr:postcode":"41659","addr:street":"Danska Vägen","amenity":"cafe","cuisine":"ice_cream","diet:vegan":"yes","diet:vegetarian":"yes","fair_trade":"yes","name":"Lejonet & Björnen","opening_hours":"Mo-Su 10:00-20:00","outdoor_seating":"yes","payment:cards":"yes","payment:cash":"no","shop":"ice_cream","smoking":"no","website":"https://www.lejonetochbjornen.se/glasscafe#page-section-60c718bff5c2833ef88e6ced","wheelchair":"yes"}},"geometry":{"type":"Point","coordinates":[12.006883,57.7110324]}},{"type":"Feature","properties":{"id":767142830,"osm_type":"node","name":"Gaos Sushi and Coffee","category":"restaurant","tags":{"addr:city":"Göteborg","addr:country":"SE","addr:housenumber":"2","addr:street":"Reutersgatan","air_conditioning":"yes","amenity":"restaurant","check_date:opening_hours":"2025-09-24","contact:email":"gaosushi@gmail.com","contact:facebook":"https://www.facebook.com/100054272811197","contact:phone":"+46 31 189 68 8","contact:website":"https://www.gaosushi.se","diet:vegetarian":"yes","indoor_seating":"yes","internet_access":"no","microbrewery":"no","name":"Gaos Sushi and Coffee","opening_hours":"Mo-Th 09:00-19:00; Fr 09:00-20:00; Sa,Su off","outdoor_seating":"no","payment:credit_cards":"yes","payment:cryptocurrencies":"no","smoking":"no","takeaway":"yes","wheelchair":"no"}},"geometry":{"type":"Point","coordinates":[11.9669687,57.6889439]}},{"type":"Feature","properties":{"id":778573442,"osm_type":"node","name":"Triumf Glass & Godis","category":"restaurant","tags":{"addr:postcode":"42132","amenity":"ice_cream","contact:instagram":"triumfglassochgodis","contact:website":"https://triumfglassgodis.se","email":"butiken@triumfglassgodis.se","name":"Triumf Glass & Godis","opening_hours":"Mo-Sa 10:00-20:00; Su 11:00-20:00","phone":"+46 31 45 44 42","takeaway":"yes"}},"geometry":{"type":"Point","coordinates":[11.9342098,57.6469982]}},{"type":"Feature","properties":{"id":791091070,"osm_type":"node","name":"Färjenäs Café","category":"restaurant","tags":{"amenity":"cafe","name":"Färjenäs Café","opening_hours":"Mo-Th 05:00-14:00","smoking":"no","wheelchair":"no"}},"geometry":{"type":"Point","coordinates":[11.9009557,57.6954276]}},{"type":"Feature","properties":{"id":792901493,"osm_type":"node","name":"Pannrummet","category":"restaurant","tags":{"amenity":"restaurant","cuisine":"regional","name":"Pannrummet","opening_hours":"Mo-Fr 11:00-14:00","payment:cryptocurrencies":"no","smoking":"no"}},"geometry":{"type":"Point","coordinates":[12.0056725,57.7259877]}},{"type":"Feature","properties":{"id":794680306,"osm_type":"node","name":"Lasse Maja Bageri & Café","category":"restaurant","tags":{"addr:city":"Västra Frölunda","addr:housenumber":"1D","addr:postcode":"42676","addr:street":"Göta Älvsgatan","amenity":"cafe","contact:website":"http://www.lassemajabageri.com/","name":"Lasse Maja Bageri & Café","opening_hours":"Mo-Fr 07:00-18:00; Sa 07:30-15:00; Su 08:00-15:00"}},"geometry":{"type":"Point","coordinates":[11.8717008,57.6703326]}},{"type":"Feature","properties":{"id":794686909,"osm_type":"node","name":"Izgara Kök & Bar Långedrag","category":"restaurant","tags":{"addr:city":"Västra Frölunda","addr:country":"SE","addr:housenumber":"164","addr:postcode":"42674","addr:street":"Långedragsvägen","amenity":"restaurant","cuisine":"mediterranean","name":"Izgara Kök & Bar Långedrag","opening_hours":"Tu-Th 15:00-21:30; Fr 15:00-22:30; Sa 14:00-22:30; Su 14:00-21:30","payment:cryptocurrencies":"no","smoking":"no","website":"https://izgara.nu/"}},"geometry":{"type":"Point","coordinates":[11.862206,57.6674309]}},{"type":"Feature","properties":{"id":799454668,"osm_type":"node","name":"","category":"restaurant","tags":{"amenity":"restaurant","cuisine":"sushi","payment:cryptocurrencies":"no","smoking":"no"}},"geometry":{"type":"Point","coordinates":[12.032034,57.7511636]}},{"type":"Feature","properties":{"id":799454670,"osm_type":"node","name":"Torgkrogen","category":"restaurant","tags":{"addr:city":"Göteborg","addr:country":"SE","addr:housenumber":"1","addr:place":"Kortedala Torg","addr:postcode":"41510","amenity":"restaurant","contact:phone":"+46 31 48 54 30","contact:website":"http://www.torgkrogen.se/","cuisine":"chinese;thai;indonesian","name":"Torgkrogen","opening_hours":"Mo-Th 11:00-22:00; Fr 11:00-24:00; Sa 12:00-24:00; Su 12:00-24:00","payment:cryptocurrencies":"no","smoking":"no","takeaway":"yes"}},"geometry":{"type":"Point","coordinates":[12.0326026,57.7522399]}},{"type":"Feature","properties":{"id":799480008,"osm_type":"node","name":"Pizza Service","category":"restaurant","tags":{"amenity":"fast_food","check_date":"2024-08-15","cuisine":"pizza","name":"Pizza Service","phone":"+4631463722"}},"geometry":{"type":"Point","coordinates":[12.030934,57.7471849]}},{"type":"Feature","properties":{"id":810705387,"osm_type":"node","name":"Reveljen","category":"restaurant","tags":{"amenity":"restaurant","name":"Reveljen","payment:credit_cards":"yes","payment:cryptocurrencies":"no","website":"https://www.reveljen.se/"}},"geometry":{"type":"Point","coordinates":[11.8921101,57.6851825]}},{"type":"Feature","properties":{"id":813118796,"osm_type":"node","name":"Tomas Pizzeria","category":"restaurant","tags":{"addr:city":"Göteborg","addr:housenumber":"39","addr:postcode":"416 60","addr:street":"Sankt Pauligatan","amenity":"fast_food","contact:facebook":"https://www.facebook.com/tomaspizzeria.se/","contact:instagram":"https://www.instagram.com/pizzeriatomas","contact:phone":"+46 31 841 70 1","contact:website":"https://tomaspizzeria.se/","cuisine":"pizza;kebab","diet:vegetarian":"yes","drive_through":"no","name":"Tomas Pizzeria","opening_hours":"11:00-21:00","operator":"Tomas pizzeria AB","payment:cash":"yes","payment:credit_cards":"yes","payment:debit_cards":"yes","website:menu":"https://tomaspizzeria.se/meny"}},"geometry":{"type":"Point","coordinates":[12.0030473,57.7092063]}},{"type":"Feature","properties":{"id":829475258,"osm_type":"node","name":"Pizzeria Viktoria","category":"restaurant","tags":{"addr:city":"Göteborg","addr:country":"SE","addr:housenumber":"46","addr:street":"Södra Viktoriagatan","amenity":"fast_food","check_date":"2026-04-06","contact:facebook":"https://www.facebook.com/profile.php/","contact:phone":"+46 31 20 32 40","contact:website":"https://viktoriagbg.se/","cuisine":"kebab;pizza","diet:vegan":"yes","diet:vegetarian":"yes","name":"Pizzeria Viktoria","opening_hours":"Mo-Fr 11:00-21:00; Sa,Su 12:00-21:00","payment:mastercard":"yes","payment:visa":"yes","smoking":"no","takeaway":"yes","website:menu":"https://viktoriagbg.se/meny/"}},"geometry":{"type":"Point","coordinates":[11.9669727,57.6938957]}},{"type":"Feature","properties":{"id":829488245,"osm_type":"node","name":"Krakow","category":"restaurant","tags":{"addr:city":"Göteborg","addr:country":"SE","addr:housenumber":"28","addr:postcode":"411 25","addr:street":"Karl Gustavsgatan","air_conditioning":"yes","amenity":"restaurant","name":"Krakow","outdoor_seating":"no","payment:cash":"yes","payment:credit_cards":"yes","payment:cryptocurrencies":"no","payment:debit_cards":"yes","phone":"+46 76 720 19 98","reservation":"yes","smoking":"no","takeaway":"yes","toilets":"yes","toilets:menstrual_products":"no","website":"https://krakowgbg.se/","website:menu":"https://krakowgbg.se/menu/"}},"geometry":{"type":"Point","coordinates":[11.968668,57.6954528]}},{"type":"Feature","properties":{"id":830350033,"osm_type":"node","name":"Salsa & Salsa","category":"restaurant","tags":{"addr:city":"Göteborg","addr:country":"SE","addr:housenumber":"1","addr:postcode":"411 24","addr:street":"Storgatan","amenity":"restaurant","cuisine":"mexican","email":"contact@salsa-salsa.se","indoor_seating":"yes","name":"Salsa & Salsa","opening_hours":"Mo-Th 16:00-22:00; Fr 16:00-24:00; Sa 12:00-24:00; Su 12:00-22:00","outdoor_seating":"yes","payment:cryptocurrencies":"no","phone":"+4631131080","smoking":"no","website":"https://salsa-salsa.se/","wheelchair":"no"}},"geometry":{"type":"Point","coordinates":[11.963092,57.698904]}},{"type":"Feature","properties":{"id":830350611,"osm_type":"node","name":"Burger King","category":"restaurant","tags":{"amenity":"fast_food","brand":"Burger King","brand:wikidata":"Q177054","brand:wikipedia":"sv:Burger King","cuisine":"burger","name":"Burger King","opening_hours":"Mo-Tu 09:00-20:00; We 09:00-24:00; Th-Fr 00:00-04:00,09:00-24:00; Sa 00:00-05:00,10:00-24:00; Su 00:00-06:00,10:00-24:00","operator":"Burger King","takeaway":"yes","wheelchair":"limited"}},"geometry":{"type":"Point","coordinates":[11.9744888,57.7010718]}},{"type":"Feature","properties":{"id":831298686,"osm_type":"node","name":"Familjen","category":"restaurant","tags":{"amenity":"restaurant","cuisine":"regional","name":"Familjen","payment:cryptocurrencies":"no","smoking":"no"}},"geometry":{"type":"Point","coordinates":[11.9762559,57.6975246]}},{"type":"Feature","properties":{"id":831301198,"osm_type":"node","name":"Café Kronhuset","category":"restaurant","tags":{"amenity":"cafe","name":"Café Kronhuset","smoking":"no"}},"geometry":{"type":"Point","coordinates":[11.9643542,57.7077152]}},{"type":"Feature","properties":{"id":831302508,"osm_type":"node","name":"Café Konditori Johnséns","category":"restaurant","tags":{"amenity":"cafe","name":"Café Konditori Johnséns","wheelchair":"yes"}},"geometry":{"type":"Point","coordinates":[12.1164433,57.6578593]}},{"type":"Feature","properties":{"id":831408483,"osm_type":"node","name":"Old Town","category":"restaurant","tags":{"addr:city":"Göteborg","addr:country":"SE","addr:housenumber":"7","addr:postcode":"41468","addr:street":"Godhemsgatan","amenity":"restaurant","name":"Old Town","payment:cryptocurrencies":"no","smoking":"no","website":"https://www.oldtown.se/"}},"geometry":{"type":"Point","coordinates":[11.9278363,57.6871935]}},{"type":"Feature","properties":{"id":831408491,"osm_type":"node","name":"Godhems Pizzabutik","category":"restaurant","tags":{"amenity":"fast_food","name":"Godhems Pizzabutik","opening_hours":"Mo-Th 11:00-21:00; Fr,Sa 12:00-22:00; Su 12:00-21:00","website":"https://www.godhemspizzabutik.se/"}},"geometry":{"type":"Point","coordinates":[11.9259695,57.6853353]}},{"type":"Feature","properties":{"id":831512614,"osm_type":"node","name":"Espresso House","category":"restaurant","tags":{"addr:city":"Göteborg","addr:country":"SE","addr:housenumber":"20","addr:street":"Södra Larmgatan","amenity":"cafe","brand":"Espresso House","brand:wikidata":"Q10489162","brand:wikipedia":"sv:Espresso House","check_date":"2025-08-09","contact:phone":"+46 40 25 89 60","contact:website":"https://www.espressohouse.com/","cuisine":"coffee_shop","diet:vegetarian":"yes","name":"Espresso House","opening_hours":"Mo-Fr 08:00-21:00; Sa 09:00-21:00; Su 10:00-21:00","payment:credit_cards":"yes","payment:debit_cards":"yes","smoking":"no","takeaway":"yes"}},"geometry":{"type":"Point","coordinates":[11.966426,57.703462]}},{"type":"Feature","properties":{"id":832458191,"osm_type":"node","name":"Café Nöller","category":"restaurant","tags":{"addr:city":"Göteborg","addr:country":"SE","addr:housenumber":"28","addr:postcode":"411 22","addr:street":"Haga Nygata","amenity":"cafe","contact:phone":"+46-31-123 53 61","contact:website":"http://www.noller.se/","indoor_seating":"yes","name":"Café Nöller","official_name":"Nöller Espressobar","outdoor_seating":"yes","smoking":"no","wheelchair":"no"}},"geometry":{"type":"Point","coordinates":[11.9600487,57.6983637]}},{"type":"Feature","properties":{"id":857509988,"osm_type":"node","name":"Råda Säteri & Gästgifveri","category":"restaurant","tags":{"amenity":"restaurant","name":"Råda Säteri & Gästgifveri"}},"geometry":{"type":"Point","coordinates":[12.0905196,57.6600661]}},{"type":"Feature","properties":{"id":883397809,"osm_type":"node","name":"Högsbo Pizza","category":"restaurant","tags":{"amenity":"fast_food","cuisine":"pizza","name":"Högsbo Pizza","opening_hours":"Mo-Fr 11:00-21:00; Sa-Su 12:00-21:00"}},"geometry":{"type":"Point","coordinates":[11.9281341,57.6773801]}},{"type":"Feature","properties":{"id":897611233,"osm_type":"node","name":"Moo Waan","category":"restaurant","tags":{"amenity":"restaurant","cuisine":"thai","name":"Moo Waan"}},"geometry":{"type":"Point","coordinates":[12.0459177,57.6193386]}},{"type":"Feature","properties":{"id":907494676,"osm_type":"node","name":"Flintston","category":"restaurant","tags":{"addr:country":"SE","addr:housenumber":"1","addr:street":"Swedenborgsgatan","amenity":"fast_food","check_date":"2024-06-02","cuisine":"kebab","drive_through":"no","indoor_seating":"yes","name":"Flintston","opening_hours":"Mo-Fr 10:30-21:00; Sa 11:00-21:00; Su 11:00-20:00","outdoor_seating":"yes","payment:mastercard":"yes","payment:visa":"yes","smoking":"no","takeaway":"yes"}},"geometry":{"type":"Point","coordinates":[11.954353,57.721476]}},{"type":"Feature","properties":{"id":916842938,"osm_type":"node","name":"Café Skåne","category":"restaurant","tags":{"addr:city":"Mölndal","addr:housenumber":"1","addr:postcode":"431 33","addr:street":"Nämndemansgatan","amenity":"cafe","name":"Café Skåne","phone":"+4631270516","smoking":"no","website":"https://www.cafeskane.com/"}},"geometry":{"type":"Point","coordinates":[12.0194371,57.6563075]}},{"type":"Feature","properties":{"id":916850488,"osm_type":"node","name":"Stensjöns restaurang & pizzeria","category":"restaurant","tags":{"addr:country":"SE","addr:housenumber":"1","addr:street":"Tallkottegatan","amenity":"fast_food","contact:phone":"+46 31 877150","name":"Stensjöns restaurang & pizzeria"}},"geometry":{"type":"Point","coordinates":[12.0418162,57.6634035]}},{"type":"Feature","properties":{"id":922426986,"osm_type":"node","name":"Pomodoro","category":"restaurant","tags":{"addr:city":"Göteborg","addr:country":"SE","addr:housenumber":"1","addr:postcode":"41726","addr:street":"Bjurslätts Torg","amenity":"fast_food","cuisine":"pizza","name":"Pomodoro"}},"geometry":{"type":"Point","coordinates":[11.9275212,57.7295384]}},{"type":"Feature","properties":{"id":922445544,"osm_type":"node","name":"Grand Pizza","category":"restaurant","tags":{"addr:country":"SE","addr:housenumber":"22","addr:street":"Fredåsgatan","amenity":"fast_food","name":"Grand Pizza"}},"geometry":{"type":"Point","coordinates":[12.0074952,57.6739605]}},{"type":"Feature","properties":{"id":922445545,"osm_type":"node","name":"Krokslättstorgs Sushi","category":"restaurant","tags":{"addr:country":"SE","addr:housenumber":"18","addr:street":"Fredåsgatan","amenity":"cafe","cuisine":"sushi","name":"Krokslättstorgs Sushi"}},"geometry":{"type":"Point","coordinates":[12.0071626,57.6743793]}},{"type":"Feature","properties":{"id":928058277,"osm_type":"node","name":"Thai Nisa","category":"restaurant","tags":{"amenity":"restaurant","contact:phone":"+46 31 842639","cuisine":"thai","name":"Thai Nisa","payment:cryptocurrencies":"no","smoking":"no"}},"geometry":{"type":"Point","coordinates":[12.0018787,57.7142641]}},{"type":"Feature","properties":{"id":929002236,"osm_type":"node","name":"Masala Kitchen","category":"restaurant","tags":{"addr:city":"Göteborg","addr:country":"SE","addr:housenumber":"6","addr:postcode":"41755","addr:street":"Theres Svenssons Gata","amenity":"restaurant","contact:email":"lindholmen@masalakitchen.se","contact:fax":"+46 31 255505","contact:phone":"+46 31 190920","contact:website":"https://masalakitchen.se/","cuisine":"indian","name":"Masala Kitchen","opening_hours":"Mo-Fr 11:00-14:00","payment:cryptocurrencies":"no","smoking":"no"}},"geometry":{"type":"Point","coordinates":[11.9453508,57.7065735]}},{"type":"Feature","properties":{"id":929004562,"osm_type":"node","name":"Picadeli Lindholmen","category":"restaurant","tags":{"addr:country":"SE","addr:housenumber":"9","addr:street":"Theres Svenssons Gata","amenity":"restaurant","contact:email":"lindholmen@picadeli.se","contact:phone":"+4631516015","contact:website":"https://www.picadeli.se/restaurang-picadeli/","name":"Picadeli Lindholmen","opening_hours":"Mo-Fr 11:00-14:00","payment:cryptocurrencies":"no","smoking":"no"}},"geometry":{"type":"Point","coordinates":[11.9435483,57.7075336]}},{"type":"Feature","properties":{"id":929004567,"osm_type":"node","name":"District One","category":"restaurant","tags":{"addr:city":"Göteborg","addr:country":"SE","addr:housenumber":"4","addr:postcode":"41755","addr:street":"Götaverksgatan","amenity":"restaurant","contact:phone":"+46 733 123535","contact:website":"https://www.districtone.se/","name":"District One","payment:cryptocurrencies":"no","smoking":"no","wheelchair":"yes"}},"geometry":{"type":"Point","coordinates":[11.9427705,57.7096901]}},{"type":"Feature","properties":{"id":947045407,"osm_type":"node","name":"Sokrates taverna","category":"restaurant","tags":{"amenity":"restaurant","cuisine":"greek","name":"Sokrates taverna","payment:cryptocurrencies":"no","smoking":"no"}},"geometry":{"type":"Point","coordinates":[11.9895669,57.6768467]}},{"type":"Feature","properties":{"id":966329055,"osm_type":"node","name":"Basen","category":"restaurant","tags":{"access":"private","addr:city":"Göteborg","addr:country":"SE","addr:housenumber":"6","addr:postcode":"412 58","addr:street":"Rännvägen","amenity":"pub","description:en":"Student pub organized by the computer science section (Data). Pubs commonly hosted by Delta.","indoor_seating":"yes","name":"Basen","operator":"Delta","outdoor_seating":"no","smoking":"no","website":"https://dtek.se/","wheelchair":"limited","wikidata":"Q19977595","wikipedia":"sv:Datateknologsektionen (Chalmers)"}},"geometry":{"type":"Point","coordinates":[11.9786248,57.6874876]}},{"type":"Feature","properties":{"id":967108323,"osm_type":"node","name":"","category":"restaurant","tags":{"amenity":"cafe","smoking":"no"}},"geometry":{"type":"Point","coordinates":[11.9116473,57.6525253]}},{"type":"Feature","properties":{"id":967108334,"osm_type":"node","name":"Da Mario","category":"restaurant","tags":{"amenity":"restaurant","cuisine":"pizza","level":"1","name":"Da Mario","opening_hours":"Mo-Th 11:00-22:00, Fr,Sa 11:00-23:00, Su 12:00-22:00","payment:cryptocurrencies":"no","smoking":"no"}},"geometry":{"type":"Point","coordinates":[11.9109226,57.6521391]}},{"type":"Feature","properties":{"id":969641375,"osm_type":"node","name":"Café Olof","category":"restaurant","tags":{"amenity":"cafe","name":"Café Olof","operator":"Council of Trustees at Olofshöjd","smoking":"no","toilets:wheelchair":"no","website":"https://www.olofshojd.se/cafe-olof/","wheelchair":"yes"}},"geometry":{"type":"Point","coordinates":[11.9944396,57.6866112]}},{"type":"Feature","properties":{"id":971343594,"osm_type":"node","name":"Johannebar","category":"restaurant","tags":{"amenity":"pub","contact:email":"bokning@johannebar.se","contact:phone":"+46 31163189","contact:website":"http://www.johannebar.se/","diet:vegan":"yes","diet:vegetarian":"yes","food":"yes","indoor_seating":"yes","name":"Johannebar","opening_hours":"Mo-Th 16:00-23:00; Fr 16:00-24:00; Sa 14:00-24:00; Su 14:00-22:00","outdoor_seating":"yes","smoking":"no"}},"geometry":{"type":"Point","coordinates":[11.9830842,57.686017]}},{"type":"Feature","properties":{"id":971343596,"osm_type":"node","name":"Baan Thai","category":"restaurant","tags":{"addr:city":"Göteborg","addr:country":"SE","addr:postcode":"412 61","addr:street":"Eklandagatan","amenity":"restaurant","contact:phone":"+46 31181318","contact:website":"http://www.baanthaigbg.se/","cuisine":"thai","entrance":"main","name":"Baan Thai","opening_hours":"Mo-Fr 11:00-21:00; Sa,Su 12:00-21:00","payment:cryptocurrencies":"no","smoking":"no"}},"geometry":{"type":"Point","coordinates":[11.9860947,57.6864359]}},{"type":"Feature","properties":{"id":971343610,"osm_type":"node","name":"Grab & Go Burger","category":"restaurant","tags":{"addr:city":"Göteborg","addr:country":"SE","addr:housenumber":"54","addr:postcode":"412 58","addr:street":"Gibraltargatan","amenity":"restaurant","cuisine":"burger","diet:vegan":"yes","diet:vegetarian":"yes","indoor_seating":"yes","name":"Grab & Go Burger","opening_hours":"Mo-Fr 11:30-20:00; Sa 12:00-17:00","outdoor_seating":"yes","payment:cryptocurrencies":"no","phone":"+4631168500","smoking":"no","website":"https://grabandgo.se/","wheelchair":"no"}},"geometry":{"type":"Point","coordinates":[11.9825338,57.6876008]}},{"type":"Feature","properties":{"id":971343611,"osm_type":"node","name":"Wokie","category":"restaurant","tags":{"amenity":"restaurant","check_date":"2026-04-27","indoor_seating":"yes","name":"Wokie","opening_hours":"Mo-Fr 11:00-19:45; Sa-Su 12:00-19:45","outdoor_seating":"yes","payment:cryptocurrencies":"no","smoking":"no"}},"geometry":{"type":"Point","coordinates":[11.9829891,57.6870845]}},{"type":"Feature","properties":{"id":973627933,"osm_type":"node","name":"Student Pizza Bar","category":"restaurant","tags":{"amenity":"restaurant","contact:phone":"+4631182212","contact:website":"http://www.studentpizzabar.se/","cuisine":"pizza","delivery":"no","description:en":"Also serves kebab and persian food.","name":"Student Pizza Bar","opening_hours":"11:00-23:00","payment:cryptocurrencies":"no","smoking":"no","takeaway":"yes"}},"geometry":{"type":"Point","coordinates":[11.9918788,57.6874365]}},{"type":"Feature","properties":{"id":1006109811,"osm_type":"node","name":"","category":"restaurant","tags":{"amenity":"cafe","cuisine":"sandwich;coffee","smoking":"no"}},"geometry":{"type":"Point","coordinates":[11.9519286,57.7597873]}},{"type":"Feature","properties":{"id":1006110385,"osm_type":"node","name":"Aschebergska eken","category":"restaurant","tags":{"amenity":"restaurant","name":"Aschebergska eken","payment:cryptocurrencies":"no","smoking":"no"}},"geometry":{"type":"Point","coordinates":[11.950448,57.7607374]}},{"type":"Feature","properties":{"id":1007231203,"osm_type":"node","name":"Pizzeria Venedig","category":"restaurant","tags":{"amenity":"restaurant","cuisine":"pizza","name":"Pizzeria Venedig","payment:cryptocurrencies":"no","smoking":"no"}},"geometry":{"type":"Point","coordinates":[11.9250354,57.6965095]}},{"type":"Feature","properties":{"id":1020181630,"osm_type":"node","name":"Tim's Thai Kök","category":"restaurant","tags":{"amenity":"restaurant","contact:phone":"+46-31-408001","cuisine":"thai","name":"Tim's Thai Kök","opening_hours":"Mo-Fr 11:00-22:00; Sa,Su 12:00-22:00","payment:cryptocurrencies":"no","smoking":"no"}},"geometry":{"type":"Point","coordinates":[11.9917879,57.6916272]}},{"type":"Feature","properties":{"id":1020181708,"osm_type":"node","name":"Spoton","category":"restaurant","tags":{"amenity":"bar","name":"Spoton","payment:cryptocurrencies":"no","smoking":"no","tourism":"hostel"}},"geometry":{"type":"Point","coordinates":[11.9922757,57.6910256]}},{"type":"Feature","properties":{"id":1020181803,"osm_type":"node","name":"Ichi Ban","category":"restaurant","tags":{"amenity":"restaurant","cuisine":"sushi","indoor_seating":"yes","name":"Ichi Ban","opening_hours":"Mo-Th 11:00-20:00; Fr 11:00-20:30; Sa 12:00-20:30; Su 13:00-20:00","outdoor_seating":"no","payment:cryptocurrencies":"no","smoking":"no"}},"geometry":{"type":"Point","coordinates":[11.9914058,57.6919238]}},{"type":"Feature","properties":{"id":1020182011,"osm_type":"node","name":"Gowri","category":"restaurant","tags":{"addr:city":"Göteborg","addr:housenumber":"14","addr:postcode":"412 61","addr:street":"Utlandagatan","amenity":"restaurant","cuisine":"indian","diet:vegan":"yes","diet:vegetarian":"yes","indoor_seating":"yes","lunch:menu":"Mo-Fr 11:00-14:00","name":"Gowri","opening_hours":"Mo-Fr 11:00-20:00; Sa 12:00-21:00","outdoor_seating":"yes","payment:cryptocurrencies":"no","phone":"+4631-20 53 20","smoking":"no","website":"https://gowrirestaurang.se/"}},"geometry":{"type":"Point","coordinates":[11.9905445,57.6888708]}},{"type":"Feature","properties":{"id":1020182282,"osm_type":"node","name":"Pasta ETC.","category":"restaurant","tags":{"amenity":"restaurant","contact:phone":"+46-31-40 67 20","contact:website":"http://www.pasta-etc.se","cuisine":"italian","name":"Pasta ETC.","opening_hours":"Mo 11:00-14:30; Tu-Fr 11:00-22:00; Sa 12:00-22:00; Su 12:00-21:00","payment:cryptocurrencies":"no","smoking":"no"}},"geometry":{"type":"Point","coordinates":[11.9934257,57.6899943]}},{"type":"Feature","properties":{"id":1021142142,"osm_type":"node","name":"Fröken Olssons Kafe","category":"restaurant","tags":{"amenity":"cafe","check_date":"2025-09-28","check_date:opening_hours":"2025-09-28","cuisine":"coffee_shop","diet:vegetarian":"yes","internet_access":"wlan","internet_access:fee":"no","name":"Fröken Olssons Kafe","opening_hours":"Mo-Fr 09:00-19:00; Sa,Su 09:00-18:00","smoking":"no","website":"https://www.frokenolsson.se/"}},"geometry":{"type":"Point","coordinates":[11.9715225,57.7054308]}},{"type":"Feature","properties":{"id":1022505577,"osm_type":"node","name":"Danilo Restaurang & Bar","category":"restaurant","tags":{"addr:city":"Göteborg","addr:country":"SE","addr:housenumber":"16 B","addr:postcode":"411 40","addr:street":"Skånegatan","amenity":"restaurant","indoor_seating":"yes","name":"Danilo Restaurang & Bar","outdoor_seating":"yes","payment:credit_cards":"yes","payment:cryptocurrencies":"no","payment:debit_cards":"yes","smoking":"no","website":"https://danilorestaurang.se/"}},"geometry":{"type":"Point","coordinates":[11.9860502,57.7023016]}},{"type":"Feature","properties":{"id":1029187425,"osm_type":"node","name":"EAT","category":"restaurant","tags":{"amenity":"restaurant","cuisine":"regional","name":"EAT","payment:cryptocurrencies":"no","smoking":"no"}},"geometry":{"type":"Point","coordinates":[11.9894654,57.6936764]}},{"type":"Feature","properties":{"id":1029187456,"osm_type":"node","name":"San souan","category":"restaurant","tags":{"amenity":"restaurant","cuisine":"regional","name":"San souan","opening_hours":"Mo-Fr 11:00-15:00","payment:cryptocurrencies":"no","smoking":"no","wheelchair":"limited"}},"geometry":{"type":"Point","coordinates":[11.9954607,57.6891455]}},{"type":"Feature","properties":{"id":1029187466,"osm_type":"node","name":"Hatsukoi Sushi","category":"restaurant","tags":{"amenity":"restaurant","cuisine":"sushi","name":"Hatsukoi Sushi","payment:cryptocurrencies":"no","smoking":"no"}},"geometry":{"type":"Point","coordinates":[11.9883573,57.6947261]}},{"type":"Feature","properties":{"id":1029187506,"osm_type":"node","name":"Restaurang Kejsaren","category":"restaurant","tags":{"amenity":"restaurant","cuisine":"chinese","name":"Restaurang Kejsaren","payment:cryptocurrencies":"no","smoking":"no","wheelchair":"limited"}},"geometry":{"type":"Point","coordinates":[11.9895193,57.6936305]}},{"type":"Feature","properties":{"id":1029187511,"osm_type":"node","name":"Tabla","category":"restaurant","tags":{"amenity":"restaurant","capacity":"350","cuisine":"regional","name":"Tabla","opening_hours":"Tu-Fr 11:00-19:00; Sa,Su 11:00-17:00","payment:cryptocurrencies":"no","smoking":"outside","wheelchair":"yes"}},"geometry":{"type":"Point","coordinates":[11.9896991,57.6947002]}},{"type":"Feature","properties":{"id":1035762838,"osm_type":"node","name":"Rimini","category":"restaurant","tags":{"amenity":"restaurant","cuisine":"italian","diet:vegetarian":"yes","indoor_seating":"yes","name":"Rimini","outdoor_seating":"yes","payment:cryptocurrencies":"no","smoking":"no"}},"geometry":{"type":"Point","coordinates":[11.9885719,57.6907816]}},{"type":"Feature","properties":{"id":1035762858,"osm_type":"node","name":"Sushi Today","category":"restaurant","tags":{"amenity":"restaurant","check_date":"2026-03-14","cuisine":"sushi","name":"Sushi Today","opening_hours":"Tu-Fr 11:00-20:30; Sa-Su,PH 12:30-20:30","payment:cryptocurrencies":"no","smoking":"no"}},"geometry":{"type":"Point","coordinates":[11.9875373,57.6948901]}},{"type":"Feature","properties":{"id":1035762896,"osm_type":"node","name":"Thai Mums","category":"restaurant","tags":{"amenity":"restaurant","contact:phone":"+46-31-208009","cuisine":"thai","diet:vegan":"yes","diet:vegetarian":"yes","indoor_seating":"yes","name":"Thai Mums","opening_hours":"Mo-Fr 11:00-20:00; Su 12:00-20:30","outdoor_seating":"yes","payment:cryptocurrencies":"no","smoking":"no","wheelchair":"no"}},"geometry":{"type":"Point","coordinates":[11.9889314,57.6902553]}},{"type":"Feature","properties":{"id":1035762933,"osm_type":"node","name":"Levant","category":"restaurant","tags":{"access":"yes","addr:city":"Göteborg","addr:country":"SE","addr:housenumber":"73","addr:postcode":"41254","addr:street":"Södra Vägen","amenity":"restaurant","cuisine":"mediterranean","name":"Levant","payment:cryptocurrencies":"no","smoking":"no","website":"http://www.levant1.se/","wheelchair":"yes"}},"geometry":{"type":"Point","coordinates":[11.9893069,57.6939088]}},{"type":"Feature","properties":{"id":1035762953,"osm_type":"node","name":"Domi Café","category":"restaurant","tags":{"addr:city":"Göteborg","addr:country":"SE","addr:housenumber":"11","addr:postcode":"412 55","addr:street":"Eklandagatan","amenity":"cafe","check_date":"2026-03-28","description":"Pinsa, pasta, mackor och fika.","name":"Domi Café","opening_hours":"Mo,We-Th,Su 11:00-20:00; Tu off; Fr-Sa 11:00-23:00","outdoor_seating":"yes","phone":"+46 720187777","short_name":"Domi","smoking":"no"}},"geometry":{"type":"Point","coordinates":[11.9870809,57.6940531]}},{"type":"Feature","properties":{"id":1035762979,"osm_type":"node","name":"Svennepizzan","category":"restaurant","tags":{"addr:city":"Göteborg","addr:housenumber":"41B","addr:postcode":"412 61","addr:street":"Eklandagatan","amenity":"restaurant","check_date":"2026-03-28","cuisine":"pizza","indoor_seating":"yes","name":"Svennepizzan","opening_hours":"Mo-Fr 16:00-21:00; Sa-Su 12:00-21:00","outdoor_seating":"yes","payment:cryptocurrencies":"no","phone":"+4631932400","smoking":"no","website":"https://svennepizzan.se/"}},"geometry":{"type":"Point","coordinates":[11.9877772,57.6909987]}},{"type":"Feature","properties":{"id":1035763064,"osm_type":"node","name":"Sushi Wong","category":"restaurant","tags":{"amenity":"restaurant","check_date":"2026-05-09","check_date:opening_hours":"2026-05-09","cuisine":"sushi","diet:vegan":"yes","diet:vegetarian":"yes","indoor_seating":"yes","name":"Sushi Wong","opening_hours":"Mo-Fr 11:00-20:45; Sa,Su 12:00-20:45","outdoor_seating":"yes","payment:cryptocurrencies":"no","smoking":"no"}},"geometry":{"type":"Point","coordinates":[11.9873799,57.6916627]}},{"type":"Feature","properties":{"id":1035763095,"osm_type":"node","name":"Smörgåsnisse","category":"restaurant","tags":{"amenity":"cafe","check_date":"2026-03-14","cuisine":"sandwich","name":"Smörgåsnisse","opening_hours":"Mo-Th 07:30-16:00; Fr 07:30-15:00; Sa 09:00-12:00","smoking":"no"}},"geometry":{"type":"Point","coordinates":[11.9876111,57.6938282]}},{"type":"Feature","properties":{"id":1035763264,"osm_type":"node","name":"Indya","category":"restaurant","tags":{"addr:city":"Göteborg","addr:country":"SE","addr:housenumber":"1","addr:postcode":"412 55","addr:street":"Eklandagatan","amenity":"restaurant","check_date":"2026-03-28","cuisine":"indian","indoor_seating":"yes","internet_access":"no","name":"Indya","outdoor_seating":"yes","payment:cryptocurrencies":"no","smoking":"no","website":"https://indya.se/"}},"geometry":{"type":"Point","coordinates":[11.9870244,57.6949302]}},{"type":"Feature","properties":{"id":1035763342,"osm_type":"node","name":"La Sultana","category":"restaurant","tags":{"amenity":"restaurant","check_date":"2026-03-14","cuisine":"pizza","indoor_seating":"yes","name":"La Sultana","opening_hours":"Mo-Fr 16:00-23:00; Sa 13:00-23:00; Su 13:00-22:00","outdoor_seating":"yes","payment:cryptocurrencies":"no","phone":"+46 31 161 53 0","smoking":"no","website":"https://lasultana.se","wheelchair":"no","wheelchair:description":"Uteserveringen är inte tillgänglig för personer i rullstol."}},"geometry":{"type":"Point","coordinates":[11.9875654,57.6944424]}},{"type":"Feature","properties":{"id":1035763395,"osm_type":"node","name":"Tugget","category":"restaurant","tags":{"amenity":"fast_food","cuisine":"pizza","name":"Tugget"}},"geometry":{"type":"Point","coordinates":[11.9892936,57.6938461]}},{"type":"Feature","properties":{"id":1042339576,"osm_type":"node","name":"Gillestugan","category":"restaurant","tags":{"amenity":"restaurant","check_date":"2026-04-23","diet:vegan":"no","diet:vegetarian":"yes","indoor_seating":"yes","name":"Gillestugan","outdoor_seating":"yes","smoking":"no"}},"geometry":{"type":"Point","coordinates":[11.9535721,57.6995797]}},{"type":"Feature","properties":{"id":1052384760,"osm_type":"node","name":"Hemkört Pizzeria","category":"restaurant","tags":{"amenity":"fast_food","cuisine":"pizza","name":"Hemkört Pizzeria"}},"geometry":{"type":"Point","coordinates":[11.9748546,57.6812505]}},{"type":"Feature","properties":{"id":1052384783,"osm_type":"node","name":"Mook Thai","category":"restaurant","tags":{"amenity":"fast_food","cuisine":"thai","name":"Mook Thai","opening_hours":"Mo-Th 11:00-20:00; Fr 11:00-21:00; Sa,Su 12:00-21:00"}},"geometry":{"type":"Point","coordinates":[11.9748701,57.6811563]}},{"type":"Feature","properties":{"id":1069834399,"osm_type":"node","name":"lou lou","category":"restaurant","tags":{"amenity":"restaurant","cuisine":"international","diet:vegan":"yes","diet:vegetarian":"yes","indoor_seating":"yes","name":"lou lou","opening_hours":"Mo-Fr 16:00-24:00, Sa 15:00-01:00, Su 13:00-01:00","outdoor_seating":"yes","payment:cryptocurrencies":"no","smoking":"no","wheelchair":"limited"}},"geometry":{"type":"Point","coordinates":[11.961733,57.70468]}},{"type":"Feature","properties":{"id":1078622907,"osm_type":"node","name":"Pizzeria Pomodoro","category":"restaurant","tags":{"addr:housenumber":"58","addr:street":"Welandergatan","amenity":"restaurant","check_date":"2026-01-08","contact:phone":"+46 31 191701","name":"Pizzeria Pomodoro","opening_hours":"Mo-Fr 11:00-22:00; Sa-Su 12:00-22:00","payment:cryptocurrencies":"no","smoking":"no","website":"https://www.pizzeria-pomodoro.se"}},"geometry":{"type":"Point","coordinates":[12.0227597,57.7059185]}},{"type":"Feature","properties":{"id":1080638927,"osm_type":"node","name":"Pizzeria Sera","category":"restaurant","tags":{"amenity":"fast_food","cuisine":"pizza","name":"Pizzeria Sera"}},"geometry":{"type":"Point","coordinates":[11.9451294,57.7278484]}},{"type":"Feature","properties":{"id":1080638931,"osm_type":"node","name":"Pizzeria Villagio","category":"restaurant","tags":{"addr:city":"Göteborg","addr:country":"SE","addr:housenumber":"15","addr:postcode":"417 20","addr:street":"Harald Hjärnesgatan","amenity":"fast_food","cuisine":"pizza","name":"Pizzeria Villagio","website":"http://www.pizzeriavillagio.se"}},"geometry":{"type":"Point","coordinates":[11.9450153,57.7266096]}},{"type":"Feature","properties":{"id":1092302786,"osm_type":"node","name":"Pizzeria Pärlan","category":"restaurant","tags":{"amenity":"fast_food","contact:phone":"+4631537766","cuisine":"pizza","name":"Pizzeria Pärlan","opening_hours":"Mo-Su 12:00-21:00"}},"geometry":{"type":"Point","coordinates":[11.8939865,57.7255285]}},{"type":"Feature","properties":{"id":1095694758,"osm_type":"node","name":"McDonald's","category":"restaurant","tags":{"amenity":"fast_food","brand":"McDonald's","brand:wikidata":"Q38076","brand:wikipedia":"sv:McDonald's","cuisine":"burger","name":"McDonald's","takeaway":"yes"}},"geometry":{"type":"Point","coordinates":[11.9921345,57.7469621]}},{"type":"Feature","properties":{"id":1097876741,"osm_type":"node","name":"Örn2","category":"restaurant","tags":{"amenity":"fast_food","cuisine":"pizza","name":"Örn2"}},"geometry":{"type":"Point","coordinates":[11.9824276,57.7529938]}},{"type":"Feature","properties":{"id":1104465906,"osm_type":"node","name":"Cozy Corner Café","category":"restaurant","tags":{"amenity":"cafe","indoor_seating":"yes","name":"Cozy Corner Café","opening_hours":"Mo-Th 07:30-22:00; Fr-Su 09:00-23:00","outdoor_seating":"yes","smoking":"no"}},"geometry":{"type":"Point","coordinates":[11.943234,57.720905]}},{"type":"Feature","properties":{"id":1104465908,"osm_type":"node","name":"Resturant Bosna","category":"restaurant","tags":{"addr:city":"Göteborg","addr:country":"SE","addr:housenumber":"21","addr:postcode":"41703","addr:street":"Hisingsgatan","amenity":"restaurant","contact:phone":"+46-31-235500","contact:website":"http://www.momentofood.se","cuisine":"balkan","name":"Resturant Bosna","payment:cryptocurrencies":"no","smoking":"no"}},"geometry":{"type":"Point","coordinates":[11.945373,57.7181]}},{"type":"Feature","properties":{"id":1108893940,"osm_type":"node","name":"Smedjan grillen","category":"restaurant","tags":{"amenity":"fast_food","name":"Smedjan grillen"}},"geometry":{"type":"Point","coordinates":[11.9439263,57.707929]}},{"type":"Feature","properties":{"id":1118791438,"osm_type":"node","name":"Restaurang 28+","category":"restaurant","tags":{"addr:city":"Göteborg","addr:country":"SE","addr:housenumber":"28","addr:postcode":"411 34","addr:street":"Götabergsgatan","amenity":"restaurant","contact:email":"info@28plus.se","contact:facebook":"https://www.facebook.com/restaurang28plus/","contact:phone":"+46 31 202 16 1","contact:website":"https://www.28plus.se/","contact:website:menu":"https://28plus.se/#menu","name":"Restaurang 28+","payment:cash":"yes","payment:credit_cards":"yes","payment:cryptocurrencies":"no","payment:debit_cards":"yes","reservation":"yes","smoking":"no","wheelchair":"no","wikidata":"Q10651264","wikipedia":"sv:Restaurang 28+"}},"geometry":{"type":"Point","coordinates":[11.9739369,57.6981094]}},{"type":"Feature","properties":{"id":1118800869,"osm_type":"node","name":"The bishops arms","category":"restaurant","tags":{"amenity":"restaurant","name":"The bishops arms","payment:cryptocurrencies":"no","smoking":"no"}},"geometry":{"type":"Point","coordinates":[11.96252,57.7051627]}},{"type":"Feature","properties":{"id":1170673480,"osm_type":"node","name":"","category":"restaurant","tags":{"amenity":"cafe","smoking":"no"}},"geometry":{"type":"Point","coordinates":[11.9360768,57.7201142]}},{"type":"Feature","properties":{"id":1184106552,"osm_type":"node","name":"Café Rosa-Mi","category":"restaurant","tags":{"addr:city":"Göteborg","addr:country":"SE","addr:housenumber":"2","addr:postcode":"417 19","addr:street":"Nansensgatan","amenity":"cafe","cuisine":"sandwich","indoor_seating":"yes","name":"Café Rosa-Mi","opening_hours":"Mo-Fr 05:00-15:00; Sa-Su 07:00-14:00","outdoor_seating":"yes","smoking":"no","start_date":"1956","website":"https://www.caferosami.se/"}},"geometry":{"type":"Point","coordinates":[11.9450394,57.7275886]}},{"type":"Feature","properties":{"id":1187591734,"osm_type":"node","name":"Pizzeria Gibraltar","category":"restaurant","tags":{"amenity":"fast_food","check_date":"2025-10-09","check_date:opening_hours":"2025-02-23","cuisine":"pizza","diet:vegan":"yes","diet:vegetarian":"yes","indoor_seating":"yes","name":"Pizzeria Gibraltar","opening_hours":"Mo-Th,Su 11:00-21:00; Fr-Sa 11:00-22:00","outdoor_seating":"no","phone":"+46 31 188 67 4"}},"geometry":{"type":"Point","coordinates":[11.9807204,57.6895754]}},{"type":"Feature","properties":{"id":1187591749,"osm_type":"node","name":"Alpa Baguetteria","category":"restaurant","tags":{"amenity":"fast_food","cuisine":"sandwich","entrance":"yes","name":"Alpa Baguetteria","opening_hours":"Mo-Fr 08:00-19:00; Sa 09:00-17:00; Su 10:00-17:00","shop":"kiosk","website":"http://www.alpabaguetter.se/"}},"geometry":{"type":"Point","coordinates":[11.9809618,57.6869904]}},{"type":"Feature","properties":{"id":1190829590,"osm_type":"node","name":"Pizzeria Livia","category":"restaurant","tags":{"addr:city":"Göteborg","addr:country":"SE","addr:housenumber":"43","addr:street":"Ostindiefararen","amenity":"restaurant","contact:phone":"+4631650100","name":"Pizzeria Livia","payment:cryptocurrencies":"no","smoking":"no","wheelchair":"yes"}},"geometry":{"type":"Point","coordinates":[11.9097107,57.6986753]}},{"type":"Feature","properties":{"id":1198645438,"osm_type":"node","name":"Palermo Pizzeria","category":"restaurant","tags":{"amenity":"fast_food","contact:phone":"+4631546285","cuisine":"pizza","name":"Palermo Pizzeria","outdoor_seating":"yes","smoking":"no","takeaway":"yes"}},"geometry":{"type":"Point","coordinates":[11.9054947,57.7184702]}},{"type":"Feature","properties":{"id":1201390952,"osm_type":"node","name":"Šnyt pilsnercafé","category":"restaurant","tags":{"addr:city":"Göteborg","addr:country":"SE","addr:housenumber":"29","addr:postcode":"41314","addr:street":"Sveagatan","amenity":"restaurant","contact:facebook":"https://www.facebook.com/snytpilsnerkafe","contact:phone":"+46 73 992 05 33","contact:website":"https://snytpilsnerkafe.se/","indoor_seating":"yes","level":"0","name":"Šnyt pilsnercafé","opening_hours":"Tu-Fr 16:00+; Sa 14:00+; Su 14:00-21:00; Mo off","outdoor_seating":"yes","payment:cash":"yes","payment:credit_cards":"yes","payment:cryptocurrencies":"no","payment:debit_cards":"yes","smoking":"no","start_date":"2022","toilets":"yes","toilets:menstrual_products":"no"}},"geometry":{"type":"Point","coordinates":[11.9545122,57.6920182]}},{"type":"Feature","properties":{"id":1201390957,"osm_type":"node","name":"Ramen Ya","category":"restaurant","tags":{"access":"yes","addr:city":"Göteborg","addr:country":"SE","addr:housenumber":"4","addr:postcode":"41310","addr:street":"Linnéplatsen","air_conditioning":"yes","amenity":"restaurant","brewery":"various","check_date":"2025-12-12","contact:facebook":"https://www.facebook.com/Ramen-Ya-522932071208624","contact:instagram":"https://www.instagram.com/ramenya.se","contact:phone":"+46 31 133 01 3","contact:website":"https://ramenya.se/","contact:website:menu":"https://ramenya.se/ramen-ya-meny-rekommendationer-for-bordsbokning-och-take-away/","entrance":"yes","indoor_seating":"yes","level":"0","name":"Ramen Ya","opening_hours":"Mo,Su off; Tu-Th 17:00-22:00; Fr 17:00-23:00; Sa 13:00-23:00","outdoor_seating":"yes","payment:credit_cards":"yes","payment:cryptocurrencies":"no","payment:debit_cards":"yes","payment:mastercard":"yes","payment:visa":"yes","reservation":"yes","smoking":"no","takeaway":"yes","toilets":"yes","toilets:menstrual_products":"no","toilets:wheelchair":"yes","wheelchair":"limited"}},"geometry":{"type":"Point","coordinates":[11.952468,57.6907661]}},{"type":"Feature","properties":{"id":1205498639,"osm_type":"node","name":"Nymåne livs & pizzeria","category":"restaurant","tags":{"amenity":"restaurant","cuisine":"pizza","name":"Nymåne livs & pizzeria"}},"geometry":{"type":"Point","coordinates":[12.0271453,57.7445636]}},{"type":"Feature","properties":{"id":1211788640,"osm_type":"node","name":"","category":"restaurant","tags":{"addr:city":"Göteborg","addr:country":"SE","addr:housenumber":"12","addr:postcode":"413 10","addr:street":"Olivedalsgatan","amenity":"restaurant","disused:name":"Mr Lac","fixme":"har annat namn vid survey","payment:cryptocurrencies":"no","smoking":"no","wheelchair":"no"}},"geometry":{"type":"Point","coordinates":[11.9515733,57.6918493]}},{"type":"Feature","properties":{"id":1211789201,"osm_type":"node","name":"Björns Bar","category":"restaurant","tags":{"amenity":"restaurant","contact:email":"erika@bjornsbar.se","contact:facebook":"https://www.facebook.com/bjornsbar/","contact:instagram":"https://www.instagram.com/bjornsbar","contact:phone":"+46 31 701 79 79","contact:twitter":"https://twitter.com/bjornsbar","contact:website":"https://www.bjornsbar.se/","contact:website:menu":"https://www.bjornsbar.se/wp-content/uploads/BB-meny.pdf","name":"Björns Bar","opening_hours":"Mo,Su off; Tu-Th 18:00-01:00; Fr-Sa 17:00-03:00","payment:cash":"yes","payment:credit_cards":"yes","payment:cryptocurrencies":"no","payment:debit_cards":"yes","smoking":"no","takeaway":"yes"}},"geometry":{"type":"Point","coordinates":[11.9655314,57.6985355]}},{"type":"Feature","properties":{"id":1211867313,"osm_type":"node","name":"The Bishop's Arms","category":"restaurant","tags":{"amenity":"pub","brand":"The Bishops Arms","brand:wikidata":"Q10430084","level":"-1","name":"The Bishop's Arms","opening_hours":"Mo-Fr 16:00-23:00; Sa-Su 00:00-01:00, 17:00-24:00","smoking":"no","website":"https://www.bishopsarms.com/vara-pubar/goteborg/park-avenue/","wheelchair":"no"}},"geometry":{"type":"Point","coordinates":[11.9780227,57.6985978]}},{"type":"Feature","properties":{"id":1211867699,"osm_type":"node","name":"Texas Long Horn Steakhouse","category":"restaurant","tags":{"amenity":"restaurant","name":"Texas Long Horn Steakhouse","payment:cryptocurrencies":"no","smoking":"no"}},"geometry":{"type":"Point","coordinates":[11.974825,57.701764]}},{"type":"Feature","properties":{"id":1244310718,"osm_type":"node","name":"Burger King","category":"restaurant","tags":{"amenity":"fast_food","brand":"Burger King","brand:wikidata":"Q177054","brand:wikipedia":"sv:Burger King","cuisine":"burger","name":"Burger King","opening_hours":"Mo-Su 10:00-20:00","takeaway":"yes"}},"geometry":{"type":"Point","coordinates":[11.9499597,57.6407231]}},{"type":"Feature","properties":{"id":1255322752,"osm_type":"node","name":"Marklands Grill House & Pizza","category":"restaurant","tags":{"addr:city":"Västra Frölunda","addr:housenumber":"5","addr:postcode":"414 76","addr:street":"Prickskyttestigen","amenity":"restaurant","indoor_seating":"yes","name":"Marklands Grill House & Pizza","outdoor_seating":"yes","payment:cryptocurrencies":"no","smoking":"no"}},"geometry":{"type":"Point","coordinates":[11.9366876,57.6737762]}},{"type":"Feature","properties":{"id":1258108072,"osm_type":"node","name":"Da Matteo i viktoriapassagen","category":"restaurant","tags":{"addr:city":"Göteborg","addr:country":"SE","addr:housenumber":"14","addr:postcode":"41134","addr:street":"Södra Larmgatan","amenity":"cafe","contact:phone":"+46-31 - 774 28 81","contact:website":"https://damatteo.se/","diet:vegetarian":"yes","name":"Da Matteo i viktoriapassagen","opening_hours":"Mo-Fr 08:00-18:00; Sa 10:00-17:00; Su 11:00-16:00","smoking":"no","wheelchair":"limited"}},"geometry":{"type":"Point","coordinates":[11.9654205,57.7033703]}},{"type":"Feature","properties":{"id":1270656143,"osm_type":"node","name":"","category":"restaurant","tags":{"amenity":"fast_food","cuisine":"indian;italian"}},"geometry":{"type":"Point","coordinates":[11.947647,57.5621226]}},{"type":"Feature","properties":{"id":1272239252,"osm_type":"node","name":"Alysa Pub","category":"restaurant","tags":{"amenity":"pub","level":"0","name":"Alysa Pub","smoking":"no"}},"geometry":{"type":"Point","coordinates":[11.9708383,57.7075573]}},{"type":"Feature","properties":{"id":1286941975,"osm_type":"node","name":"Albeek Restaurang","category":"restaurant","tags":{"amenity":"fast_food","contact:phone":"+46 31-47 93 95","name":"Albeek Restaurang","smoking":"no"}},"geometry":{"type":"Point","coordinates":[11.9197703,57.6592172]}},{"type":"Feature","properties":{"id":1286950546,"osm_type":"node","name":"La Cucina","category":"restaurant","tags":{"amenity":"restaurant","cuisine":"pizza","name":"La Cucina","opening_hours":"Mo-Fr 10:00-19:00; Sa-Su 10:00-14:00","payment:cryptocurrencies":"no","smoking":"no"}},"geometry":{"type":"Point","coordinates":[11.8484214,57.7193067]}},{"type":"Feature","properties":{"id":1300365560,"osm_type":"node","name":"Sannegårdens Pizzeria","category":"restaurant","tags":{"addr:city":"Göteborg","addr:country":"SE","addr:housenumber":"52","addr:postcode":"412 58","addr:street":"Gibraltargatan","amenity":"restaurant","cuisine":"pizza","diet:vegan":"yes","diet:vegetarian":"yes","indoor_seating":"yes","name":"Sannegårdens Pizzeria","opening_hours":"Mo-Fr 10:00-22:00; Sa,Su 11:00-22:00","outdoor_seating":"yes","payment:cryptocurrencies":"no","phone":"+4631162613","smoking":"no","website":"https://sannegardens.se/","wheelchair":"no"}},"geometry":{"type":"Point","coordinates":[11.9822874,57.6878708]}},{"type":"Feature","properties":{"id":1305251805,"osm_type":"node","name":"Meet","category":"restaurant","tags":{"addr:city":"Göteborg","addr:country":"SE","addr:housenumber":"12","addr:postcode":"411 34","addr:street":"Geijersgatan","amenity":"restaurant","cuisine":"steak_house","name":"Meet","payment:cryptocurrencies":"no","smoking":"no","website":"https://www.restaurangmeet.se/"}},"geometry":{"type":"Point","coordinates":[11.9776019,57.6975239]}},{"type":"Feature","properties":{"id":1305253885,"osm_type":"node","name":"Gezana","category":"restaurant","tags":{"amenity":"restaurant","diet:vegan":"yes","diet:vegetarian":"yes","indoor_seating":"yes","name":"Gezana","outdoor_seating":"no"}},"geometry":{"type":"Point","coordinates":[11.976534,57.700409]}},{"type":"Feature","properties":{"id":1306015032,"osm_type":"node","name":"Resturang Dragongården","category":"restaurant","tags":{"amenity":"restaurant","contact:phone":"+4631929110","name":"Resturang Dragongården","smoking":"no"}},"geometry":{"type":"Point","coordinates":[11.8639285,57.7433733]}},{"type":"Feature","properties":{"id":1317031303,"osm_type":"node","name":"Eatery","category":"restaurant","tags":{"amenity":"restaurant","name":"Eatery","smoking":"no"}},"geometry":{"type":"Point","coordinates":[11.9678453,57.7123013]}},{"type":"Feature","properties":{"id":1346825065,"osm_type":"node","name":"Pizzeria Bella Napoli","category":"restaurant","tags":{"addr:city":"Västra Frölunda","addr:country":"SE","addr:housenumber":"98","addr:postcode":"42152","addr:street":"Grevegårdsvägen","amenity":"restaurant","cuisine":"pizza","name":"Pizzeria Bella Napoli","opening_hours:signed":"no","smoking":"no"}},"geometry":{"type":"Point","coordinates":[11.8966828,57.6448403]}},{"type":"Feature","properties":{"id":1407035008,"osm_type":"node","name":"Fashion House","category":"restaurant","tags":{"addr:country":"SE","addr:housenumber":"89","addr:street":"Göteborgsvägen","alt_name":"El Amri Lunchrestaurang","amenity":"restaurant","cuisine":"international","name":"Fashion House","payment:cryptocurrencies":"no"}},"geometry":{"type":"Point","coordinates":[12.0105526,57.6664494]}},{"type":"Feature","properties":{"id":1450588526,"osm_type":"node","name":"Divan Orientalisk grill & kök","category":"restaurant","tags":{"addr:city":"Göteborg","addr:country":"SE","addr:housenumber":"2","addr:postcode":"417 17","addr:street":"Nordanvindsgatan","amenity":"restaurant","contact:phone":"+4631232334","contact:website":"http://restaurangdivan.se/","cuisine":"turkish","name":"Divan Orientalisk grill & kök","opening_hours":"Mo-Sa 10:00-22:00, Su 11:00-21:00","payment:cryptocurrencies":"no","smoking":"no"}},"geometry":{"type":"Point","coordinates":[11.9328618,57.7219069]}},{"type":"Feature","properties":{"id":1450868580,"osm_type":"node","name":"Regementet","category":"restaurant","tags":{"air_conditioning":"no","amenity":"restaurant","diet:vegan":"yes","diet:vegetarian":"yes","indoor_seating":"yes","name":"Regementet","opening_hours":"Mo-Su 11:00-21:00","outdoor_seating":"yes","payment:credit_cards":"yes","payment:debit_cards":"yes","smoking":"no"}},"geometry":{"type":"Point","coordinates":[12.0297713,57.738117]}},{"type":"Feature","properties":{"id":1477723481,"osm_type":"node","name":"Mariaplans korvkiosk","category":"restaurant","tags":{"amenity":"fast_food","cuisine":"sausage","name":"Mariaplans korvkiosk"}},"geometry":{"type":"Point","coordinates":[11.9204643,57.6862787]}},{"type":"Feature","properties":{"id":1481199130,"osm_type":"node","name":"Kaffepåsen","category":"restaurant","tags":{"addr:city":"Göteborg","addr:country":"SE","addr:housenumber":"9","addr:postcode":"41102","addr:street":"Odinsplatsen","amenity":"cafe","contact:phone":"+46 31 15 33 70","contact:website":"http://www.caricon.se","name":"Kaffepåsen","opening_hours":"Mo-Fr 10:00-18:00; Sa 11:00-15:00","shop":"appliance","smoking":"no"}},"geometry":{"type":"Point","coordinates":[11.983979,57.709807]}},{"type":"Feature","properties":{"id":1484918499,"osm_type":"node","name":"Texas Longhorn","category":"restaurant","tags":{"access":"yes","air_conditioning":"yes","amenity":"restaurant","contact:email":"linnegatan@texaslonghorn.se","contact:facebook":"https://www.facebook.com/texaslonghornlinnegatan","contact:instagram":"https://www.instagram.com/texaslonghornlinnegatan","contact:phone":"+46 31-711 15 40; +46 31 333 15 15","contact:website":"https://www.texaslonghorn.se/restaurang/linnegatan/","indoor_seating":"yes","name":"Texas Longhorn","opening_hours":"Mo-Th 16:00-21:30; Fr 16:00-22:30; Sa 13:00-22:30; Su 13:00-21:30","outdoor_seating":"yes","payment:cash":"yes","payment:credit_cards":"yes","payment:cryptocurrencies":"no","payment:debit_cards":"yes","reservation":"yes","smoking":"no","toilets":"yes","wheelchair":"limited"}},"geometry":{"type":"Point","coordinates":[11.9524268,57.6909977]}},{"type":"Feature","properties":{"id":1501395789,"osm_type":"node","name":"Chao Thai","category":"restaurant","tags":{"amenity":"fast_food","cuisine":"thai","name":"Chao Thai"}},"geometry":{"type":"Point","coordinates":[11.9443966,57.7276941]}},{"type":"Feature","properties":{"id":1501519977,"osm_type":"node","name":"Vår Krog & Bar","category":"restaurant","tags":{"amenity":"pub","name":"Vår Krog & Bar","smoking":"no"}},"geometry":{"type":"Point","coordinates":[11.8919128,57.7123775]}},{"type":"Feature","properties":{"id":1501725046,"osm_type":"node","name":"Indiska Hörnet","category":"restaurant","tags":{"amenity":"restaurant","cuisine":"indian","name":"Indiska Hörnet","opening_hours":"Mo-Fr 11:00-22:00; Sa 13:00-22:00; Su 13:00-21:00","payment:cryptocurrencies":"no","smoking":"no","wheelchair":"no"}},"geometry":{"type":"Point","coordinates":[11.9602565,57.702508]}},{"type":"Feature","properties":{"id":1562704163,"osm_type":"node","name":"Faro Restaurang","category":"restaurant","tags":{"amenity":"restaurant","contact:phone":"+4631508270","name":"Faro Restaurang","opening_hours":"Mo-Th 17:00-23:00; Fr 17:00-01:00, Sa-Su 13:00-01:00","payment:cryptocurrencies":"no","smoking":"no","wheelchair":"yes"}},"geometry":{"type":"Point","coordinates":[11.913746,57.699923]}},{"type":"Feature","properties":{"id":1574975223,"osm_type":"node","name":"Lahori Masala","category":"restaurant","tags":{"addr:city":"Göteborg","addr:country":"SE","addr:housenumber":"54","addr:postcode":"412 58","addr:street":"Gibraltargatan","alt_name":"Lahori Masala Chalmers","amenity":"restaurant","cuisine":"indian","description":"Indisk.","diet:vegan":"yes","diet:vegetarian":"yes","indoor_seating":"yes","lunch:menu":"yes","name":"Lahori Masala","opening_hours":"Mo-Fr 11:00-21:00; Sa-Su 13:00-21:00","outdoor_seating":"no","payment:cryptocurrencies":"no","phone":"+46 031 14 00 99","smoking":"no","takeaway":"yes","website":"https://www.lahorimasala.se/"}},"geometry":{"type":"Point","coordinates":[11.9826227,57.68749]}},{"type":"Feature","properties":{"id":1574976343,"osm_type":"node","name":"Johannebergs Glass","category":"restaurant","tags":{"amenity":"cafe","cuisine":"ice_cream","name":"Johannebergs Glass","opening_hours":"Mo-Su 12:00-18:00","smoking":"no"}},"geometry":{"type":"Point","coordinates":[11.9830729,57.6869966]}},{"type":"Feature","properties":{"id":1574976385,"osm_type":"node","name":"Sushi me","category":"restaurant","tags":{"amenity":"restaurant","cuisine":"sushi","name":"Sushi me","opening_hours":"Mo-Fr 11:00-19:00","payment:cryptocurrencies":"no","smoking":"no"}},"geometry":{"type":"Point","coordinates":[11.9815728,57.6886533]}},{"type":"Feature","properties":{"id":1574976397,"osm_type":"node","name":"Yuko Sushi","category":"restaurant","tags":{"amenity":"restaurant","cuisine":"sushi","name":"Yuko Sushi","payment:cryptocurrencies":"no","smoking":"no"}},"geometry":{"type":"Point","coordinates":[11.9827584,57.6873485]}},{"type":"Feature","properties":{"id":1594527021,"osm_type":"node","name":"Yanking","category":"restaurant","tags":{"addr:country":"SE","addr:housenumber":"17","addr:street":"Redbergsvägen","amenity":"restaurant","cuisine":"chinese","indoor_seating":"yes","name":"Yanking","opening_hours":"Mo 11:00-21:30, We,Th 11:00-21:30, Fr 10:00-22:00, Sa 12:00-22:00, Su 12:00-21:30","outdoor_seating":"yes","payment:credit_cards":"yes","payment:cryptocurrencies":"no","payment:debit_cards":"yes","smoking":"no"}},"geometry":{"type":"Point","coordinates":[12.0011767,57.7144978]}},{"type":"Feature","properties":{"id":1594728626,"osm_type":"node","name":"Le Pain Francais","category":"restaurant","tags":{"addr:country":"SE","addr:housenumber":"13","addr:street":"Redbergsvägen","air_conditioning":"yes","amenity":"cafe","check_date":"2025-07-02","cuisine":"coffee_shop","drive_through":"no","indoor_seating":"yes","name":"Le Pain Francais","opening_hours":"Mo-Fr 07:00-22:00; Sa 08:00-21:00; Su 09:00-21:00","outdoor_seating":"yes","payment:credit_cards":"yes","payment:debit_cards":"yes","payment:mastercard":"yes","payment:visa":"yes","smoking":"no","toilets":"yes","wheelchair":"no"}},"geometry":{"type":"Point","coordinates":[11.9996494,57.7145316]}},{"type":"Feature","properties":{"id":1594729684,"osm_type":"node","name":"Krokens Gatukök","category":"restaurant","tags":{"addr:city":"Göteborg","addr:postcode":"416 65","air_conditioning":"yes","amenity":"fast_food","changing_table":"no","contact:facebook":"https://www.facebook.com/krokenskiosk.gatukok","contact:phone":"+46 31 259 09 0; +46 73 987 77 86","cuisine":"burger;hot_dog","drive_through":"no","indoor_seating":"yes","name":"Krokens Gatukök","opening_hours":"Mo-Fr 07:00-19:30; Sa 10:00-19:00; Su 10:00-18:00","outdoor_seating":"no","payment:cash":"yes","payment:credit_cards":"yes","payment:debit_cards":"yes","smoking":"no","takeaway":"yes","wheelchair":"yes"}},"geometry":{"type":"Point","coordinates":[11.9995081,57.714831]}},{"type":"Feature","properties":{"id":1618162900,"osm_type":"node","name":"Sushi Bräcke","category":"restaurant","tags":{"amenity":"fast_food","cuisine":"sushi","name":"Sushi Bräcke","opening_hours":"Mo-Fr 11:00-20:30; Sa-Su 12:00-20:30","payment:mastercard":"yes","payment:visa":"yes","takeaway":"yes","wheelchair":"no"}},"geometry":{"type":"Point","coordinates":[11.906697,57.707872]}},{"type":"Feature","properties":{"id":1618882341,"osm_type":"node","name":"Reataurang Himalaya","category":"restaurant","tags":{"amenity":"restaurant","name":"Reataurang Himalaya","payment:cryptocurrencies":"no","smoking":"no"}},"geometry":{"type":"Point","coordinates":[11.9620402,57.7074657]}},{"type":"Feature","properties":{"id":1619157602,"osm_type":"node","name":"Ölkompaniet","category":"restaurant","tags":{"addr:city":"Göteborg","addr:country":"SE","addr:housenumber":"110","addr:street":"Danska Vägen","amenity":"pub","diet:vegetarian":"yes","name":"Ölkompaniet","opening_hours":"Mo-Th 16:00-24:00; Fr 15:00-01:00, Sa 13:00-01:00, Su 13:00-23:00","smoking":"no","source":"Local Knowledge and Bing","website":"http://olkompanietgbg.se/"}},"geometry":{"type":"Point","coordinates":[12.0045018,57.7149053]}},{"type":"Feature","properties":{"id":1619157642,"osm_type":"node","name":"Sannegårdens Pizzeria","category":"restaurant","tags":{"amenity":"fast_food","cuisine":"pizza","name":"Sannegårdens Pizzeria","opening_hours":"Mo-Fr 10:00-22:00; Sa, Su 11:00-22:00","phone":"+46 313150100","source":"Local Knowledge and Bing","website":"https://sannegardens.se/"}},"geometry":{"type":"Point","coordinates":[12.0074621,57.7127268]}},{"type":"Feature","properties":{"id":1619210708,"osm_type":"node","name":"Sofra","category":"restaurant","tags":{"addr:country":"SE","addr:housenumber":"79","addr:street":"Danska Vägen","amenity":"restaurant","cuisine":"turkish","name":"Sofra","opening_hours":"Mo-Th 11:00-22:00, Fr,Sa 11:00-23:00, Su 11:00-22:00","payment:cryptocurrencies":"no","smoking":"no","website":"https://www.restaurangsofra.com/"}},"geometry":{"type":"Point","coordinates":[12.0075812,57.7120593]}},{"type":"Feature","properties":{"id":1619210711,"osm_type":"node","name":"Pizzeria Antica Roma","category":"restaurant","tags":{"addr:city":"Göteborg","addr:country":"SE","addr:housenumber":"18","addr:postcode":"41660","addr:street":"Sankt Pauligatan","amenity":"fast_food","cuisine":"pizza","drive_through":"no","name":"Pizzeria Antica Roma","phone":"+46 31 84 35 22","source":"Local Knowledge","website":"https://antica-roma.se/"}},"geometry":{"type":"Point","coordinates":[12.0058951,57.7122445]}},{"type":"Feature","properties":{"id":1619210714,"osm_type":"node","name":"Mikado","category":"restaurant","tags":{"addr:city":"Göteborg","addr:country":"SE","addr:housenumber":"14","addr:postcode":"41663","addr:street":"Norra Gubberogatan","amenity":"restaurant","contact:phone":"+46 31208650","contact:website":"http://mikado.kvartersmenyn.se/","cuisine":"japanese;chinese;asian;sushi","name":"Mikado","opening_hours":"Mo-Th 11:00-21:30; Fr 11:00-22:00; Sa 13:00-22:00; Su 13:00-21:00","payment:cash":"yes","payment:credit_cards":"yes","payment:cryptocurrencies":"no","payment:debit_cards":"yes","shop":"bakery","smoking":"no","source":"Local Knowledge","takeaway":"yes"}},"geometry":{"type":"Point","coordinates":[12.0005296,57.7134501]}},{"type":"Feature","properties":{"id":1619210722,"osm_type":"node","name":"S:t Pauli Pizzeria","category":"restaurant","tags":{"addr:city":"Göteborg","addr:housenumber":"19","addr:postcode":"416 61","addr:street":"Karlagatan","air_conditioning":"yes","amenity":"fast_food","contact:phone":"+46 70 781 12 53; +46 31 191 20 0","contact:website":"https://stpaulipizzeria.se","cuisine":"pizza","diet:vegetarian":"yes","name":"S:t Pauli Pizzeria","opening_hours":"Mo-Th 11:00-23:45; Fr-Sa 11:00-02:00; Su 11:00-21:00","payment:cash":"yes","payment:credit_cards":"yes","payment:debit_cards":"yes","short_name":"Pizzeria S:t Pauli","smoking":"no","takeaway":"yes","website:menu":"https://stpaulipizzeria.se/home/?page_id=4004"}},"geometry":{"type":"Point","coordinates":[12.0038513,57.7111642]}},{"type":"Feature","properties":{"id":1619232904,"osm_type":"node","name":"Gubbero bar","category":"restaurant","tags":{"addr:country":"SE","addr:street":"Norra Gubberogatan","amenity":"restaurant","contact:phone":"+46 31 197337","cuisine":"pizza","name":"Gubbero bar","opening_hours":"Mo 15:00-22:00; Tu-Th 12:00-22:00; Fr-Sa 12:00-01:00, Su 12:00-22:00","payment:cryptocurrencies":"no","smoking":"no"}},"geometry":{"type":"Point","coordinates":[12.000215,57.713156]}},{"type":"Feature","properties":{"id":1629179161,"osm_type":"node","name":"Andrum","category":"restaurant","tags":{"access":"yes","addr:city":"Göteborg","addr:country":"SE","addr:housenumber":"19","addr:postcode":"41109","addr:street":"Östra Hamngatan","air_conditioning":"yes","amenity":"restaurant","changing_table":"yes","contact:phone":"+46 31138504","cuisine":"european","diet:vegan":"yes","diet:vegetarian":"only","entrance":"yes","indoor_seating":"yes","name":"Andrum","opening_hours":"Mo-Fr 11:00-22:00; Sa 12:00-22:00; Su 12:00-21:00","outdoor_seating":"veranda","payment:cash":"no","payment:credit_cards":"yes","payment:cryptocurrencies":"no","payment:debit_cards":"yes","smoking":"no","wheelchair":"yes"}},"geometry":{"type":"Point","coordinates":[11.9670556,57.7080532]}},{"type":"Feature","properties":{"id":1629179163,"osm_type":"node","name":"Café Vasnova","category":"restaurant","tags":{"amenity":"cafe","indoor_seating":"yes","name":"Café Vasnova","opening_hours":"Mo-Th 11:00-23:00+, Fr 13:00-01:00, Sa 13:00-01:00","outdoor_seating":"no","smoking":"no"}},"geometry":{"type":"Point","coordinates":[11.9711487,57.6995141]}},{"type":"Feature","properties":{"id":1629179164,"osm_type":"node","name":"Champagnerian","category":"restaurant","tags":{"amenity":"pub","name":"Champagnerian","smoking":"no"}},"geometry":{"type":"Point","coordinates":[11.9680802,57.7001719]}},{"type":"Feature","properties":{"id":1629179165,"osm_type":"node","name":"Viva","category":"restaurant","tags":{"addr:city":"Göteborg","addr:country":"SE","addr:housenumber":"1","addr:postcode":"411 26","addr:street":"Vasaplatsen","amenity":"pub","check_date":"2024-06-16","contact:phone":"+46 (0) 31 991089","contact:website":"http://www.vivabar.se","food":"yes","indoor_seating":"yes","name":"Viva","opening_hours":"Mo-Th 16:00-02:00, Fr 16:00-03:00, Sa 15:00-03:00, Su 15:00-02:00","outdoor_seating":"yes","smoking":"no"}},"geometry":{"type":"Point","coordinates":[11.968429,57.700192]}},{"type":"Feature","properties":{"id":1629179166,"osm_type":"node","name":"Vasaplatsens Brygghus","category":"restaurant","tags":{"amenity":"restaurant","name":"Vasaplatsens Brygghus"}},"geometry":{"type":"Point","coordinates":[11.969112,57.700374]}},{"type":"Feature","properties":{"id":1629179173,"osm_type":"node","name":"Garbo Café","category":"restaurant","tags":{"addr:city":"Göteborg","addr:country":"SE","addr:housenumber":"40","addr:postcode":"411 37","addr:street":"Vasagatan","amenity":"cafe","contact:facebook":"https://www.facebook.com/Cafegarbo/","contact:phone":"+46 31 774 19 25","indoor_seating":"yes","name":"Garbo Café","opening_hours":"Mo-Th 09:00-22:00; Fr-Sa 11:00-24:00; Su off","outdoor_seating":"no","payment:mastercard":"yes","payment:visa":"yes","smoking":"no","wheelchair":"no"}},"geometry":{"type":"Point","coordinates":[11.9708772,57.6994005]}},{"type":"Feature","properties":{"id":1629179187,"osm_type":"node","name":"Indian Bistro","category":"restaurant","tags":{"air_conditioning":"yes","amenity":"restaurant","contact:phone":"+46 317115710","contact:website":"https://indianbistro.se/","cuisine":"indian","diet:vegan":"yes","diet:vegetarian":"yes","indoor_seating":"yes","name":"Indian Bistro","opening_hours":"Mo-Th 11:00-22:00; Fr 11:00-23:00; Sa 12:00-23:00; Su 12:00-22:00","outdoor_seating":"veranda","payment:cash":"no","payment:cryptocurrencies":"no","smoking":"no"}},"geometry":{"type":"Point","coordinates":[11.9669163,57.7082578]}},{"type":"Feature","properties":{"id":1629179193,"osm_type":"node","name":"Skål","category":"restaurant","tags":{"amenity":"pub","indoor_seating":"yes","name":"Skål","outdoor_seating":"sidewalk","smoking":"no","wheelchair":"no","wheelchair:description":"Uteserveringen är inte tillgänglig för personer i rullstol."}},"geometry":{"type":"Point","coordinates":[11.9684345,57.6999465]}},{"type":"Feature","properties":{"id":1629179194,"osm_type":"node","name":"Fabel","category":"restaurant","tags":{"amenity":"restaurant","name":"Fabel","smoking":"no"}},"geometry":{"type":"Point","coordinates":[11.9687882,57.6998046]}},{"type":"Feature","properties":{"id":1632019489,"osm_type":"node","name":"Amanda Boman","category":"restaurant","tags":{"amenity":"restaurant","name":"Amanda Boman","payment:cryptocurrencies":"no","smoking":"no","wheelchair":"yes"}},"geometry":{"type":"Point","coordinates":[11.9673812,57.703534]}},{"type":"Feature","properties":{"id":1632019492,"osm_type":"node","name":"Bee Kök & Bar","category":"restaurant","tags":{"amenity":"restaurant","indoor_seating":"yes","internet_access":"yes","internet_access:fee":"no","lgbtq":"welcome","name":"Bee Kök & Bar","opening_hours":"Mo-Th 11:30-23:00; Fr 11:30-02:00, Sa 11:30-03:00, Su 13:00-23:00","outdoor_seating":"yes","payment:cash":"no","payment:credit_cards":"yes","payment:cryptocurrencies":"no","payment:debit_cards":"yes","smoking":"no","website":"https://www.beebar.se/","wheelchair":"yes"}},"geometry":{"type":"Point","coordinates":[11.9679293,57.7037168]}},{"type":"Feature","properties":{"id":1632019502,"osm_type":"node","name":"Condeco","category":"restaurant","tags":{"amenity":"cafe","bar":"yes","check_date":"2025-09-01","check_date:opening_hours":"2025-09-01","cuisine":"coffee_shop","diet:vegan":"yes","diet:vegetarian":"yes","ice_cream":"yes","indoor_seating":"yes","internet_access":"wlan","internet_access:fee":"no","name":"Condeco","opening_hours":"Mo-Th 08:00-21:00; Fr 08:00-22:00; Sa 09:00-22:00; Su 09:00-21:00","outdoor_seating":"patio","smoking":"no","toilets":"yes","toilets:access":"customers","toilets:wheelchair":"limited","website":"https://www.condeco.com/","wheelchair":"yes"}},"geometry":{"type":"Point","coordinates":[11.9709144,57.7052015]}},{"type":"Feature","properties":{"id":1632019516,"osm_type":"node","name":"Gretas","category":"restaurant","tags":{"addr:city":"Göteborg","addr:country":"SE","addr:housenumber":"35","addr:postcode":"41114","addr:street":"Drottninggatan","amenity":"pub","contact:email":"gretas1@live.se","contact:phone":"+46-31136949","lgbtq":"welcome","name":"Gretas","opening_hours":"Fr,Sa 22:00-05:00","smoking":"no"}},"geometry":{"type":"Point","coordinates":[11.967519,57.705616]}},{"type":"Feature","properties":{"id":1632019518,"osm_type":"node","name":"The Doner Factory","category":"restaurant","tags":{"amenity":"restaurant","name":"The Doner Factory"}},"geometry":{"type":"Point","coordinates":[11.9692813,57.7034919]}},{"type":"Feature","properties":{"id":1632019545,"osm_type":"node","name":"Joe & The Juice","category":"restaurant","tags":{"amenity":"cafe","brand":"Joe & The Juice","brand:wikidata":"Q26221514","brand:wikipedia":"en:Joe & The Juice","check_date":"2025-11-28","check_date:diet:vegan":"2025-11-28","check_date:diet:vegetarian":"2025-11-28","cuisine":"coffee_shop","diet:vegan":"yes","diet:vegetarian":"yes","name":"Joe & The Juice","smoking":"no","takeaway":"yes"}},"geometry":{"type":"Point","coordinates":[11.968355,57.7055038]}},{"type":"Feature","properties":{"id":1632019556,"osm_type":"node","name":"Kungstorget","category":"restaurant","tags":{"addr:city":"Göteborg","addr:country":"SE","addr:housenumber":"7","addr:street":"Kungstorget","amenity":"restaurant","contact:phone":"+46-31139290","contact:website":"http://gastrogate.com/restaurang/kungstorget","cuisine":"regional","name":"Kungstorget","opening_hours":"Mo 11:30-22:00, Tu-Th 11:30-22:30, Fr,Sa 11:30-01:00, Su 11:30-18:00","payment:cryptocurrencies":"no","smoking":"no","wheelchair":"yes"}},"geometry":{"type":"Point","coordinates":[11.9679591,57.703921]}},{"type":"Feature","properties":{"id":1632019577,"osm_type":"node","name":"S.P.I.C.E","category":"restaurant","tags":{"alt_name":"Spice","amenity":"restaurant","cuisine":"thai","name":"S.P.I.C.E","opening_hours":"Mo-Th 11:30-23:00; Fr 11:00-24:00; Sa 12:00-24:00; Su 12:00-22:00","payment:cryptocurrencies":"no","smoking":"no","website":"https://www.spiceitrestaurang.com/"}},"geometry":{"type":"Point","coordinates":[11.969144,57.703449]}},{"type":"Feature","properties":{"id":1632019578,"osm_type":"node","name":"Bastard Burgers","category":"restaurant","tags":{"air_conditioning":"yes","amenity":"restaurant","brand":"Bastard Burgers","brand:wikidata":"Q76873807","check_date":"2025-11-24","cuisine":"burger","indoor_seating":"yes","level":"0","name":"Bastard Burgers","opening_hours":"Mo-Th 11:00-21:00; Fr 11:00-22:00; Sa 12:00-22:00; Su 12:00-20:00","outdoor_seating":"yes","payment:credit_cards":"yes","payment:cryptocurrencies":"no","payment:debit_cards":"yes","smoking":"no","takeaway":"yes"}},"geometry":{"type":"Point","coordinates":[11.967969,57.707476]}},{"type":"Feature","properties":{"id":1632019583,"osm_type":"node","name":"Sushi Kaze","category":"restaurant","tags":{"amenity":"restaurant","name":"Sushi Kaze"}},"geometry":{"type":"Point","coordinates":[11.9693131,57.7035526]}},{"type":"Feature","properties":{"id":1632019591,"osm_type":"node","name":"The Bishops Arms","category":"restaurant","tags":{"amenity":"pub","brand":"The Bishops Arms","brand:wikidata":"Q10430084","contact:phone":"+46-317204045","contact:website":"https://www.bishopsarms.com/vara-pubar/goteborg/plaza/","name":"The Bishops Arms","opening_hours":"Mo 16:00-22:00; Tu-Th 16:00-23:00; Su 14:00-21:00; Fr 14:00-24:00; Sa 13:00-24:00","smoking":"no","wheelchair":"no"}},"geometry":{"type":"Point","coordinates":[11.9629144,57.7050461]}},{"type":"Feature","properties":{"id":1632019592,"osm_type":"node","name":"Irish Embassy","category":"restaurant","tags":{"addr:city":"Göteborg","addr:country":"SE","addr:housenumber":"50B","addr:postcode":"41109","addr:street":"Östra Hamngatan","amenity":"pub","check_date":"2024-06-02","contact:fax":"+46317740741","contact:phone":"+4631139020","contact:website":"http://www.irishembassypub.se/downtown/","indoor_seating":"yes","name":"Irish Embassy","opening_hours":"Mo-Th 11:00-03:00, Fr-Sa 11:00-05:00, Su 12:00-01:00","outdoor_seating":"pedestrian_zone","payment:cash":"yes","payment:credit_cards":"yes","payment:debit_cards":"yes","smoking":"no","wheelchair":"no"}},"geometry":{"type":"Point","coordinates":[11.9693154,57.7049394]}},{"type":"Feature","properties":{"id":1632019598,"osm_type":"node","name":"Subway","category":"restaurant","tags":{"addr:city":"Göteborg","addr:country":"SE","addr:housenumber":"18","addr:postcode":"411 06","addr:street":"Norra Hamngatan","air_conditioning":"yes","amenity":"fast_food","brand":"Subway","brand:wikidata":"Q244457","cuisine":"sandwich","diet:vegan":"yes","diet:vegetarian":"yes","indoor_seating":"yes","level":"0","name":"Subway","opening_hours":"Mo-Th 08:00-22:00; Fr-Su 08:30-22:00","outdoor_seating":"no","payment:cash":"no","smoking":"no","takeaway":"yes","wheelchair":"yes"}},"geometry":{"type":"Point","coordinates":[11.968598,57.707129]}},{"type":"Feature","properties":{"id":1632019600,"osm_type":"node","name":"La Piccola Gondola","category":"restaurant","tags":{"amenity":"restaurant","cuisine":"italian","name":"La Piccola Gondola","payment:cryptocurrencies":"no","smoking":"no","website":"https://piccola.gondola.se/","wheelchair":"limited"}},"geometry":{"type":"Point","coordinates":[11.9684116,57.7035097]}},{"type":"Feature","properties":{"id":1632019745,"osm_type":"node","name":"Ölhallen 7:an","category":"restaurant","tags":{"amenity":"pub","check_date":"2026-05-08","check_date:opening_hours":"2026-05-08","name":"Ölhallen 7:an","opening_hours":"Su-Tu 11:00-24:00, We-Sa 11:00-01:00","outdoor_seating":"yes","smoking":"no","wikidata":"Q10727279","wikipedia":"sv:Ölhallen 7:an"}},"geometry":{"type":"Point","coordinates":[11.9676985,57.7038482]}},{"type":"Feature","properties":{"id":1632019747,"osm_type":"node","name":"14m2 Bao","category":"restaurant","tags":{"addr:city":"Göteborg","addr:housenumber":"18","addr:postcode":"411 10","addr:street":"Kungstorget","amenity":"restaurant","cuisine":"chinese","name":"14m2 Bao","opening_hours":"Mo-Fr 09:00-18:00; Sa 11:00-17:00","payment:cryptocurrencies":"no","phone":"+46 760250800","smoking":"no","website":"https://14m2bao.se/"}},"geometry":{"type":"Point","coordinates":[11.9678451,57.7033345]}},{"type":"Feature","properties":{"id":1632081169,"osm_type":"node","name":"Brunnsbo Pizzeria","category":"restaurant","tags":{"amenity":"restaurant","cuisine":"pizza","name":"Brunnsbo Pizzeria","opening_hours":"May-Sep,Dec Mo-Su 11:00-22:00; Jan-Apr,Oct-Nov Mo-Su 11:00-21:00","payment:cryptocurrencies":"no","smoking":"no"}},"geometry":{"type":"Point","coordinates":[11.9712306,57.7284085]}},{"type":"Feature","properties":{"id":1641947823,"osm_type":"node","name":"Restaurant Kometen","category":"restaurant","tags":{"amenity":"restaurant","cuisine":"regional","diet:vegan":"no","diet:vegetarian":"yes","name":"Restaurant Kometen","opening_hours":"Tu-Sa 17:00-23:00","payment:cryptocurrencies":"no","smoking":"no","wheelchair":"no"}},"geometry":{"type":"Point","coordinates":[11.9751388,57.7011593]}},{"type":"Feature","properties":{"id":1644946515,"osm_type":"node","name":"Star Steakhouse","category":"restaurant","tags":{"amenity":"restaurant","name":"Star Steakhouse","payment:cryptocurrencies":"no","smoking":"no"}},"geometry":{"type":"Point","coordinates":[11.980152,57.709071]}},{"type":"Feature","properties":{"id":1644946543,"osm_type":"node","name":"Restaurang Vällagat","category":"restaurant","tags":{"addr:housenumber":"6","addr:street":"Johan Willins Gata","amenity":"restaurant","contact:email":"info@vallagat.se","contact:facebook":"https://www.facebook.com/vallagatGBG","contact:phone":"+46 31 154 80 4","contact:website":"http://vallagat.com/","name":"Restaurang Vällagat","opening_hours":"Mo-Fr 10:45-13:30","payment:cash":"yes","payment:credit_cards":"yes","payment:cryptocurrencies":"no","payment:debit_cards":"yes","smoking":"no"}},"geometry":{"type":"Point","coordinates":[11.990661,57.707839]}},{"type":"Feature","properties":{"id":1648799618,"osm_type":"node","name":"Axel Thai","category":"restaurant","tags":{"amenity":"restaurant","cuisine":"thai","name":"Axel Thai","opening_hours":"Mo-Fr 11:00-20:00; Sa,Su 12:00-20:00","payment:cryptocurrencies":"no","smoking":"no","source":"survey"}},"geometry":{"type":"Point","coordinates":[11.928643,57.6713438]}},{"type":"Feature","properties":{"id":1648799631,"osm_type":"node","name":"Sushi Mi","category":"restaurant","tags":{"amenity":"restaurant","cuisine":"sushi","name":"Sushi Mi","opening_hours":"Mo-Fr 11:00-20:00","payment:cryptocurrencies":"no","smoking":"no","source":"survey"}},"geometry":{"type":"Point","coordinates":[11.9277483,57.671384]}},{"type":"Feature","properties":{"id":1648799640,"osm_type":"node","name":"Viking Kök & Bar","category":"restaurant","tags":{"amenity":"restaurant","name":"Viking Kök & Bar","opening_hours":"Mo-Th 11:00-21:00; Fr 11:00-22:00; Sa 12:00-22:00; Su 12:00-21:00","payment:cryptocurrencies":"no","smoking":"no","source":"survey"}},"geometry":{"type":"Point","coordinates":[11.9274413,57.6706386]}},{"type":"Feature","properties":{"id":1657464702,"osm_type":"node","name":"O's streetfood","category":"restaurant","tags":{"air_conditioning":"yes","amenity":"fast_food","cuisine":"burger","drive_through":"no","name":"O's streetfood","opening_hours":"Mo-Th 11:00-20:00; Fr 11:00-21:00; Sa 15:00-22:00; Su 14:00-20:00","source":"survey","website":"https://osstreetfood.se/","wheelchair":"yes"}},"geometry":{"type":"Point","coordinates":[11.9706626,57.6933489]}},{"type":"Feature","properties":{"id":1664697858,"osm_type":"node","name":"Haiku Sushi","category":"restaurant","tags":{"amenity":"restaurant","name":"Haiku Sushi","opening_hours":"Mo-Fr 11:00-21:00, Sa 12:00-21:00, Su 12:00-17:00","payment:cryptocurrencies":"no","smoking":"no"}},"geometry":{"type":"Point","coordinates":[11.9669295,57.7056686]}},{"type":"Feature","properties":{"id":1691294619,"osm_type":"node","name":"Egg & Milk","category":"restaurant","tags":{"addr:city":"Göteborg","addr:housenumber":"23","addr:postcode":"413 14","addr:street":"Övre Husargatan","air_conditioning":"yes","amenity":"cafe","bar":"no","check_date":"2026-05-04","check_date:diet:gluten_free":"2026-05-04","contact:email":"info@eggandmilk.se","contact:facebook":"eggandmilk","contact:instagram":"egg.and.milk","contact:phone":"+460317010350","contact:website":"https://www.eggandmilk.se/","cuisine":"american_diner","delivery":"yes","diet:gluten_free":"no","diet:vegan":"yes","diet:vegetarian":"yes","dog":"yes","drive_through":"no","highchair":"yes","indoor_seating":"yes","level":"0","name":"Egg & Milk","opening_hours":"Mo-Su 07:00-15:00","operator":"Mis En Place HB","outdoor_seating":"yes","payment:credit_cards":"yes","payment:debit_cards":"yes","payment:mastercard":"yes","payment:visa":"yes","reservation":"no","smoking":"no","source":"survey","start_date":"2005","takeaway":"yes","toilets":"yes","toilets:menstrual_products":"no","wheelchair":"limited"}},"geometry":{"type":"Point","coordinates":[11.9555297,57.6927493]}},{"type":"Feature","properties":{"id":1691294622,"osm_type":"node","name":"Hops","category":"restaurant","tags":{"addr:city":"Göteborg","addr:country":"SE","addr:housenumber":"3","addr:postcode":"413 27","addr:street":"Masthuggstorget","amenity":"restaurant","name":"Hops","opening_hours":"Mo-Th 11:00-23:00+, Fr 11:00-02:00, Sa 15:00-02:00, Su 15:00-23:00+","payment:cryptocurrencies":"no","smoking":"no","website":"https://www.hopsbar.se/","wheelchair":"limited"}},"geometry":{"type":"Point","coordinates":[11.9435998,57.6985576]}},{"type":"Feature","properties":{"id":1691294624,"osm_type":"node","name":"Golden Lee","category":"restaurant","tags":{"addr:city":"Göteborg","addr:postcode":"41455","addr:street":"Kusttorget","amenity":"restaurant","diet:vegetarian":"yes","name":"Golden Lee","payment:cryptocurrencies":"no","smoking":"no","source":"survey","website":"https://www.goldenlee.se/","wheelchair":"no"}},"geometry":{"type":"Point","coordinates":[11.9185272,57.694276]}},{"type":"Feature","properties":{"id":1691294625,"osm_type":"node","name":"Govindas","category":"restaurant","tags":{"access":"yes","addr:city":"Göteborg","addr:country":"SE","addr:housenumber":"57","addr:postcode":"414 55","addr:street":"Karl Johansgatan","air_conditioning":"no","amenity":"restaurant","contact:phone":"+46-31-421642","contact:website":"https://www.govindas-goteborg.com","diet:vegan":"yes","diet:vegetarian":"only","indoor_seating":"yes","name":"Govindas","official_name":"Govindas vegetarisk restaurant & catering","opening_hours":"Mo-Fr 11:30-15:00","outdoor_seating":"no","payment:cryptocurrencies":"no","smoking":"no","source":"survey","wheelchair":"yes"}},"geometry":{"type":"Point","coordinates":[11.918391,57.6937892]}},{"type":"Feature","properties":{"id":1691294630,"osm_type":"node","name":"Haket","category":"restaurant","tags":{"addr:city":"Göteborg","addr:country":"SE","addr:housenumber":"32","addr:postcode":"413 27","addr:street":"Första Långgatan","amenity":"pub","check_date":"2025-05-13","contact:email":"haket@telia.com","contact:phone":"+46-31145888","contact:website":"http://www.haketpub.se/","name":"Haket","opening_hours":"Mo-Th 16:00-01:00; Fr 15:00-01:00; Sa 14:00-01:00","payment:cash":"yes","payment:credit_cards":"yes","payment:debit_cards":"yes","smoking":"no","wheelchair":"limited"}},"geometry":{"type":"Point","coordinates":[11.9422503,57.6990919]}},{"type":"Feature","properties":{"id":1691294702,"osm_type":"node","name":"Olssons gatukök","category":"restaurant","tags":{"addr:city":"Göteborg","addr:country":"SE","addr:housenumber":"13","addr:postcode":"413 04","addr:street":"Linnégatan","amenity":"fast_food","check_date":"2026-04-02","cuisine":"burger","diet:vegan":"yes","diet:vegetarian":"yes","indoor_seating":"yes","name":"Olssons gatukök","opening_hours":"Mo-Th 11:00-21:00; Fr,Sa 11:00-03:00","outdoor_seating":"yes","payment:cash":"yes","payment:credit_cards":"yes","payment:debit_cards":"yes","smoking":"no","takeaway":"yes","toilets:menstrual_products":"no","wheelchair":"no"}},"geometry":{"type":"Point","coordinates":[11.9507794,57.6972531]}},{"type":"Feature","properties":{"id":1691294705,"osm_type":"node","name":"Majornas Krog","category":"restaurant","tags":{"amenity":"pub","indoor_seating":"yes","name":"Majornas Krog","outdoor_seating":"yes","smoking":"no","source":"survey"}},"geometry":{"type":"Point","coordinates":[11.9210063,57.6949134]}},{"type":"Feature","properties":{"id":1691294736,"osm_type":"node","name":"Spröd","category":"restaurant","tags":{"access":"yes","amenity":"fast_food","cuisine":"pizza","entrance":"yes","name":"Spröd","opening_hours":"Mo-Su 12:00-21:00"}},"geometry":{"type":"Point","coordinates":[11.9422902,57.6956718]}},{"type":"Feature","properties":{"id":1691294758,"osm_type":"node","name":"Crippas Café","category":"restaurant","tags":{"addr:city":"Göteborg","addr:country":"SE","addr:housenumber":"1","addr:postcode":"41455","addr:street":"Kusttorget","air_conditioning":"no","amenity":"cafe","check_date":"2024-08-07","contact:phone":"+4670-313 16 30","cuisine":"pizza;burger","description:en":"Cosy, music(ian)-friendly. Sells also local beers.","diet:vegan":"only","indoor_seating":"yes","name":"Crippas Café","opening_hours":"Tu-Th 15:00-23:00; Fr-Sa 13:00-01:00, Su 11:00-21:00","outdoor_seating":"yes","smoking":"no","source":"survey"}},"geometry":{"type":"Point","coordinates":[11.9188408,57.6944656]}},{"type":"Feature","properties":{"id":1691294759,"osm_type":"node","name":"The Old Beefeater Inn","category":"restaurant","tags":{"addr:city":"Göteborg","addr:country":"SE","addr:housenumber":"1","addr:postcode":"413 05","addr:street":"Plantagegatan","air_conditioning":"yes","amenity":"restaurant","bar":"yes","check_date":"2026-04-05","contact:facebook":"https://www.facebook.com/oldbeafeaterinn/","contact:instagram":"https://www.instagram.com/DVL9HCRCMF1","cuisine":"fish_and_chips;burger","diet:vegetarian":"yes","email":"kontakt@beefeaterinn.com","indoor_seating":"yes","loc_name":"Beefan","name":"The Old Beefeater Inn","opening_hours":"Mo-Th,Su 11:00-24:00; Fr-Sa 11:00-01:00","outdoor_seating":"yes","payment:cash":"yes","payment:credit_cards":"yes","payment:cryptocurrencies":"no","payment:debit_cards":"yes","phone":"+46 31 426 09 2","reservation":"no","smoking":"no","start_date":"1991","takeaway":"yes","toilets":"yes","toilets:menstrual_products":"no","website":"https://www.beefeaterinn.com/","website:menu":"https://www.beefeaterinn.se/meny/","wheelchair":"no"}},"geometry":{"type":"Point","coordinates":[11.950725,57.697472]}},{"type":"Feature","properties":{"id":1691318994,"osm_type":"node","name":"Park Lane","category":"restaurant","tags":{"amenity":"bar","check_date":"2024-12-09","check_date:opening_hours":"2024-12-09","name":"Park Lane","opening_hours:signed":"no","smoking":"no","website":"https://www.parklane.se/"}},"geometry":{"type":"Point","coordinates":[11.9784778,57.6983096]}},{"type":"Feature","properties":{"id":1702963578,"osm_type":"node","name":"Burger King","category":"restaurant","tags":{"air_conditioning":"yes","amenity":"fast_food","brand":"Burger King","brand:wikidata":"Q177054","brand:wikipedia":"sv:Burger King","check_date":"2026-04-02","cuisine":"burger","diet:vegetarian":"yes","indoor_seating":"yes","level":"0","name":"Burger King","opening_hours":"Mo-Sa 07:00-24:00; Mo-Th 00:00-00:30; Fr-Sa 00:00-01:00; Su 08:00-24:00","outdoor_seating":"no","payment:mastercard":"yes","payment:visa":"yes","smoking":"no","stroller":"yes","takeaway":"yes","toilets":"yes","toilets:menstrual_products":"no","toilets:wheelchair":"yes","wheelchair":"limited"}},"geometry":{"type":"Point","coordinates":[11.9727668,57.7090876]}},{"type":"Feature","properties":{"id":1740293221,"osm_type":"node","name":"Tre Indier","category":"restaurant","tags":{"addr:city":"Göteborg","addr:country":"SE","addr:housenumber":"7","addr:postcode":"411 22","addr:street":"Skanstorget","amenity":"restaurant","bar":"yes","brewery":"yes","contact:facebook":"Tre-Indier-110968267252765","contact:instagram":"treindiergbg.se","contact:phone":"+46 (0) 31 133218","contact:website":"https://treindiergbg.se/","contact:website:menu":"https://treindiergbg.se/alacarte/","cuisine":"indian","diet:vegan":"yes","diet:vegetarian":"yes","indoor_seating":"yes","microbrewery":"no","name":"Tre Indier","opening_hours":"Mo-Fr 11:00-22:00; Sa 13:00-22:00; Su 13:00-21:00","outdoor_seating":"yes","payment:cryptocurrencies":"no","payment:mastercard":"yes","payment:visa":"yes","reservation":"yes","smoking":"no","takeaway":"yes","toilets":"yes","toilets:menstrual_products":"no"}},"geometry":{"type":"Point","coordinates":[11.958461,57.695268]}},{"type":"Feature","properties":{"id":1740293222,"osm_type":"node","name":"The master thai kitchen","category":"restaurant","tags":{"amenity":"fast_food","contact:facebook":"https://www.facebook.com/The-Master-Thai-Kitchen-107245684676299/","contact:phone":"+46 31 108 80 0","contact:website":"https://themasterthai.se/","cuisine":"thai","name":"The master thai kitchen","opening_hours":"Mo-Fr 11:00-21:00; Sa 11:00-23:00; Su 16:00-23:00","payment:cash":"yes","payment:credit_cards":"yes","payment:debit_cards":"yes","takeaway":"yes"}},"geometry":{"type":"Point","coordinates":[11.958373,57.6958987]}},{"type":"Feature","properties":{"id":1752791579,"osm_type":"node","name":"River","category":"restaurant","tags":{"amenity":"restaurant","contact:website":"http://www.riverrestaurant.se/","cuisine":"international","name":"River","payment:cryptocurrencies":"no","smoking":"no","wheelchair":"yes"}},"geometry":{"type":"Point","coordinates":[11.9157277,57.6997057]}},{"type":"Feature","properties":{"id":1756536861,"osm_type":"node","name":"Änggården Kolgrill & Pizzeria","category":"restaurant","tags":{"addr:city":"Göteborg","addr:country":"SE","addr:housenumber":"2","addr:postcode":"41319","addr:street":"Storängsgatan","amenity":"restaurant","name":"Änggården Kolgrill & Pizzeria","opening_hours":"Mo-Su 11:00-22:00","payment:cryptocurrencies":"no","smoking":"no"}},"geometry":{"type":"Point","coordinates":[11.9465465,57.6804657]}},{"type":"Feature","properties":{"id":1762906604,"osm_type":"node","name":"Café Villan","category":"restaurant","tags":{"amenity":"cafe","name":"Café Villan","smoking":"no","wheelchair":"no"}},"geometry":{"type":"Point","coordinates":[11.915337,57.7009544]}},{"type":"Feature","properties":{"id":1762908736,"osm_type":"node","name":"Kvarnpirens konditori & café","category":"restaurant","tags":{"addr:country":"SE","addr:housenumber":"7","addr:street":"Belegatan","amenity":"cafe","name":"Kvarnpirens konditori & café","smoking":"no","wheelchair":"yes"}},"geometry":{"type":"Point","coordinates":[11.9171271,57.7014096]}},{"type":"Feature","properties":{"id":1762909438,"osm_type":"node","name":"SeaCup Cafe","category":"restaurant","tags":{"addr:city":"Göteborg","addr:country":"SE","addr:housenumber":"16A","addr:postcode":"417 63","addr:street":"Sörhallskajen","amenity":"cafe","cuisine":"swedish","diet:vegan":"yes","diet:vegetarian":"yes","name":"SeaCup Cafe","opening_hours":"Mo-Su 10:00-19:30","outdoor_seating":"yes","smoking":"no","wheelchair":"yes"}},"geometry":{"type":"Point","coordinates":[11.9204128,57.7019805]}},{"type":"Feature","properties":{"id":1762925998,"osm_type":"node","name":"Sushi Eriksberg","category":"restaurant","tags":{"addr:city":"Göteborg","addr:country":"SE","addr:housenumber":"25","addr:postcode":"41764","addr:street":"Maskinkajen","amenity":"restaurant","cuisine":"sushi","name":"Sushi Eriksberg","payment:cryptocurrencies":"no","smoking":"no","toilets:wheelchair":"yes","website":"https://www.sushieriksberg.se/","wheelchair":"yes"}},"geometry":{"type":"Point","coordinates":[11.911988,57.6987194]}},{"type":"Feature","properties":{"id":1763601678,"osm_type":"node","name":"Pizzeria Cyrano","category":"restaurant","tags":{"addr:city":"Göteborg","addr:country":"SE","addr:housenumber":"1","addr:street":"Danagatan","amenity":"restaurant","cuisine":"pizza","name":"Pizzeria Cyrano","payment:cryptocurrencies":"no","smoking":"no"}},"geometry":{"type":"Point","coordinates":[11.9126382,57.7057324]}},{"type":"Feature","properties":{"id":1763609784,"osm_type":"node","name":"Domino's","category":"restaurant","tags":{"addr:country":"SE","addr:housenumber":"32","addr:street":"Sannegårdsgatan","amenity":"fast_food","brand":"Domino's","brand:wikidata":"Q839466","brand:wikipedia":"en:Domino's Pizza","cuisine":"pizza","name":"Domino's","opening_hours":"Su-Th 11:00-22:00; Fr,Sa 11:00-23:00","takeaway":"yes","website":"https://www.dominos.se/","wheelchair":"yes"}},"geometry":{"type":"Point","coordinates":[11.9230254,57.7072598]}},{"type":"Feature","properties":{"id":1763634908,"osm_type":"node","name":"Café Elena","category":"restaurant","tags":{"addr:city":"Göteborg","addr:country":"SE","addr:housenumber":"8","addr:postcode":"41760","addr:street":"Västra Sannegårdskajen","amenity":"cafe","contact:facebook":"https://sv-se.facebook.com/pages/Caf%C3%A9-Elena/184102594936008","contact:phone":"+46-31-23 00 14","internet_access":"wlan","name":"Café Elena","opening_hours":"Mo off; Tu-Sa 11:00-19:00; Su 11:00-18:00","smoking":"no","wheelchair":"yes"}},"geometry":{"type":"Point","coordinates":[11.925015,57.705013]}},{"type":"Feature","properties":{"id":1763685224,"osm_type":"node","name":"Snövit konditori","category":"restaurant","tags":{"addr:city":"Göteborg","addr:country":"SE","addr:housenumber":"12","addr:postcode":"417 60","addr:street":"Ångaren Ernas Gata","amenity":"cafe","cuisine":"coffee_shop","internet_access":"wlan","name":"Snövit konditori","smoking":"no","wheelchair":"yes"}},"geometry":{"type":"Point","coordinates":[11.925719,57.70752]}},{"type":"Feature","properties":{"id":1763691225,"osm_type":"node","name":"Sannegårdens pizzeria","category":"restaurant","tags":{"addr:city":"Göteborg","addr:country":"SE","addr:housenumber":"24","addr:postcode":"41763","addr:street":"Östra Eriksbergsgatan","amenity":"restaurant","cuisine":"pizza","name":"Sannegårdens pizzeria","payment:cryptocurrencies":"no","smoking":"no"}},"geometry":{"type":"Point","coordinates":[11.9195855,57.7053228]}},{"type":"Feature","properties":{"id":1765638615,"osm_type":"node","name":"Café Italia","category":"restaurant","tags":{"amenity":"cafe","cuisine":"italian","name":"Café Italia","opening_hours":"Mo-Fr 10:00-20:00; Sa 11:00-20:00; Su 11:00-19:00","smoking":"no","wheelchair":"limited","wheelchair:description":"The ramp to the toilet is too steep. The ramp to the café is around the corner of the building."}},"geometry":{"type":"Point","coordinates":[11.9132029,57.6995194]}},{"type":"Feature","properties":{"id":1765639620,"osm_type":"node","name":"Eriksbergs pizzeria","category":"restaurant","tags":{"addr:country":"SE","addr:housenumber":"72","addr:street":"Östra Eriksbergsgatan","amenity":"restaurant","cuisine":"pizza","name":"Eriksbergs pizzeria","payment:cryptocurrencies":"no","smoking":"no"}},"geometry":{"type":"Point","coordinates":[11.9197904,57.7025693]}},{"type":"Feature","properties":{"id":1765640698,"osm_type":"node","name":"Harmoni Sushibar","category":"restaurant","tags":{"addr:country":"SE","addr:housenumber":"16","addr:street":"Norra Skeppspromenaden","amenity":"restaurant","cuisine":"sushi;japanese","name":"Harmoni Sushibar","outdoor_seating":"no","payment:cryptocurrencies":"no","smoking":"no","takeaway":"yes"}},"geometry":{"type":"Point","coordinates":[11.9197435,57.7039017]}},{"type":"Feature","properties":{"id":1773701528,"osm_type":"node","name":"Masthuggsgrillen","category":"restaurant","tags":{"amenity":"fast_food","cuisine":"burger","diet:vegan":"yes","diet:vegetarian":"yes","name":"Masthuggsgrillen","opening_hours":"Mo-Th 11:00-20:00; Fr,Sa 11:00-03:00","source":"bing","toilets:wheelchair":"no","wheelchair":"yes"}},"geometry":{"type":"Point","coordinates":[11.9433215,57.6991901]}},{"type":"Feature","properties":{"id":1775890108,"osm_type":"node","name":"Kajskjul 8","category":"restaurant","tags":{"addr:city":"Göteborg","addr:country":"SE","addr:place":"Packhuskajen","addr:postcode":"411 13","amenity":"restaurant","contact:phone":"+46-31-107550","contact:website":"https://www.kajskjul8.se/","name":"Kajskjul 8","payment:cryptocurrencies":"no","smoking":"no","wikidata":"Q10542515"}},"geometry":{"type":"Point","coordinates":[11.9601502,57.7086744]}},{"type":"Feature","properties":{"id":1775890109,"osm_type":"node","name":"Lilla Restaurangen","category":"restaurant","tags":{"addr:city":"Göteborg","addr:housenumber":"8","addr:postcode":"416 65","addr:street":"Redbergsvägen","air_conditioning":"yes","amenity":"restaurant","brewery":"yes","check_date":"2024-06-07","contact:email":"info@lillarestaurangen.se","contact:phone":"+4631211404","contact:website":"http://www.lillarestaurangen.se/","cuisine":"pizza","delivery":"no","indoor_seating":"yes","mobile":"0735-352512","name":"Lilla Restaurangen","opening_hours":"Mo-Th 11:00-23:00; Fr 11:00-24:00; Sa 12:00-24:00; Su 12:00-23:00","outdoor_seating":"yes","payment:credit_cards":"yes","payment:cryptocurrencies":"no","payment:debit_cards":"yes","payment:mastercard":"yes","payment:visa":"yes","smoking":"no","takeaway":"yes","toilets":"yes","toilets:menstrual_products":"no","wheelchair":"limited"}},"geometry":{"type":"Point","coordinates":[11.9981,57.714741]}},{"type":"Feature","properties":{"id":1778390719,"osm_type":"node","name":"Jaipur","category":"restaurant","tags":{"amenity":"restaurant","cuisine":"indian","name":"Jaipur","payment:cryptocurrencies":"no"}},"geometry":{"type":"Point","coordinates":[11.9953952,57.6805336]}},{"type":"Feature","properties":{"id":1780484585,"osm_type":"node","name":"Asian Corner","category":"restaurant","tags":{"addr:city":"Göteborg","addr:country":"SE","addr:housenumber":"11","addr:postcode":"411 01","addr:street":"Friggagatan","amenity":"restaurant","contact:phone":"+46 31 713 43 75","contact:website":"http://www.asian-corner.se/","cuisine":"asian","name":"Asian Corner","opening_hours":"Mo-Fr 11:00-20:00, Su 12:00-18:00","payment:cryptocurrencies":"no","smoking":"no","wheelchair":"no"}},"geometry":{"type":"Point","coordinates":[11.9869611,57.7105262]}},{"type":"Feature","properties":{"id":1780484590,"osm_type":"node","name":"Frigga Pizzeria","category":"restaurant","tags":{"amenity":"restaurant","cuisine":"pizza","name":"Frigga Pizzeria","opening_hours":"Mo-Fr 11:00-22:00; Sa,Su 12:00-22:00","payment:cryptocurrencies":"no","smoking":"no"}},"geometry":{"type":"Point","coordinates":[11.9887183,57.7114282]}},{"type":"Feature","properties":{"id":1780484623,"osm_type":"node","name":"Pizzeria Monaco","category":"restaurant","tags":{"amenity":"restaurant","cuisine":"pizza","name":"Pizzeria Monaco","opening_hours":"Mo-Th 11:00-22:00; Fr,Sa 12:00-23:00; Su 12:00-22:00","payment:cryptocurrencies":"no","smoking":"no","wheelchair":"no"}},"geometry":{"type":"Point","coordinates":[11.989441,57.71177]}},{"type":"Feature","properties":{"id":1780484631,"osm_type":"node","name":"Monaco Restaurang","category":"restaurant","tags":{"amenity":"restaurant","cuisine":"pizza","name":"Monaco Restaurang","opening_hours":"Su-Th 11:00-22:00; Fr,Sa 11:00-23:00","panoramax":"2afc60fe-972e-4677-b946-623f39d04e6c","payment:cards":"yes","payment:cash":"no","payment:qr_code":"no","phone":"+46 31-15 25 00","smoking":"no","takeaway":"yes","website":"https://www.monaco-restaurang.se/","wheelchair":"no"}},"geometry":{"type":"Point","coordinates":[11.989506,57.71181]}},{"type":"Feature","properties":{"id":1780484632,"osm_type":"node","name":"Sideroad café","category":"restaurant","tags":{"amenity":"cafe","contact:phone":"+46 31 15 90 40","name":"Sideroad café","opening_hours":"Mo-Fr 06:00-18:00; Sa 10:00-16:00","smoking":"no"}},"geometry":{"type":"Point","coordinates":[11.989757,57.711895]}},{"type":"Feature","properties":{"id":1780484633,"osm_type":"node","name":"Odins Parkgrill","category":"restaurant","tags":{"addr:city":"Göteborg","addr:country":"SE","addr:housenumber":"11","addr:postcode":"41102","addr:street":"Odinsplatsen","amenity":"fast_food","contact:phone":"+4631150292","contact:website":"https://www.odinsparkgrill.se/","cuisine":"burger","delivery":"no","drive_through":"no","name":"Odins Parkgrill","opening_hours":"Su-Th 10:00-01:00; Fr-Sa 10:00-04:00","takeaway":"yes"}},"geometry":{"type":"Point","coordinates":[11.9847371,57.7098631]}},{"type":"Feature","properties":{"id":1780484636,"osm_type":"node","name":"Tandoori Kitchen","category":"restaurant","tags":{"addr:city":"Göteborg","addr:country":"SE","addr:housenumber":"15","addr:postcode":"411 01","addr:street":"Friggagatan","amenity":"restaurant","check_date:opening_hours":"2024-08-24","contact:phone":"+46 31 23 09 19","contact:website":"http://www.tandoorikitchen.se","cuisine":"asian","name":"Tandoori Kitchen","opening_hours":"Mo-Th 11:00-21:00; Fr 11:00-22:00; Sa 13:00-22:00; Su 13:00-21:00","opening_hours:signed":"no","payment:cryptocurrencies":"no","smoking":"no"}},"geometry":{"type":"Point","coordinates":[11.9876584,57.710883]}},{"type":"Feature","properties":{"id":1780484893,"osm_type":"node","name":"I Love Pizza","category":"restaurant","tags":{"addr:city":"Göteborg","addr:country":"SE","addr:housenumber":"14D","addr:postcode":"411 01","addr:street":"Friggagatan","amenity":"restaurant","contact:phone":"+46 31 154 154","contact:website":"https://ilovepizza.se/","cuisine":"pizza","name":"I Love Pizza","opening_hours":"Mo-Th 11:00-21:00; Fr 11:00-22:00; Sa 12:00-22:00; Su 12:00-21:00","payment:cryptocurrencies":"no","smoking":"no","takeaway":"yes"}},"geometry":{"type":"Point","coordinates":[11.9883791,57.7116135]}},{"type":"Feature","properties":{"id":1781742696,"osm_type":"node","name":"Tako sushi","category":"restaurant","tags":{"access":"yes","addr:city":"Göteborg","addr:country":"SE","addr:housenumber":"37","addr:postcode":"413 14","addr:street":"Övre Husargatan","amenity":"fast_food","check_date":"2026-04-05","contact:instagram":"https://www.instagram.com/takosushibar_goteborg","cuisine":"sushi","entrance":"yes","indoor_seating":"yes","name":"Tako sushi","opening_hours":"Mo-Fr 11:00-14:00; Sa,Su 11:00-21:00","operator":"Tako Sushi HB","outdoor_seating":"no","payment:cash":"yes","payment:credit_cards":"yes","payment:debit_cards":"yes","phone":"+46 31 102 02 1","smoking":"no","start_date":"2021","takeaway":"yes","website":"https://www.takosushi.se/","website:menu":"https://www.takosushi.se/tako_meny.pdf"}},"geometry":{"type":"Point","coordinates":[11.9532632,57.6909449]}},{"type":"Feature","properties":{"id":1781742703,"osm_type":"node","name":"Cuisine Libanaise","category":"restaurant","tags":{"addr:housenumber":"7","addr:street":"Övre Husargatan","air_conditioning":"yes","amenity":"restaurant","bar":"yes","check_date":"2026-04-05","contact:email":"info@cuisinelibanaise.se","contact:facebook":"https://www.facebook.com/Cuisinelibanaise2022/","contact:instagram":"https://www.instagram.com/cuisinelibanaise_2022","contact:phone":"+46 31 133 10 2","contact:website":"https://cuisinelibanaise.se/","contact:website:menu":"https://cuisinelibanaise.se/meny","highchair":"yes","level":"0","name":"Cuisine Libanaise","opening_hours":"Mo off; Tu-Th 16:00-22:00; Fr 16:00-23:00; Sa 12:00-23:00; Su 12:00-22:00","outdoor_seating":"yes","payment:cash":"yes","payment:credit_cards":"yes","payment:cryptocurrencies":"no","payment:debit_cards":"yes","reservation":"yes","smoking":"no","takeaway":"yes","toilets":"yes","toilets:menstrual_products":"no","website:menu":"https://cuisinelibanaise.se/meny","wheelchair":"yes"}},"geometry":{"type":"Point","coordinates":[11.957545,57.6946643]}},{"type":"Feature","properties":{"id":1781742706,"osm_type":"node","name":"Yoshi","category":"restaurant","tags":{"addr:city":"Göteborg","addr:housenumber":"17","addr:postcode":"413 14","addr:street":"Övre Husargatan","air_conditioning":"yes","amenity":"restaurant","bar":"no","changing_table":"no","cuisine":"sushi","indoor_seating":"yes","microbrewery":"no","name":"Yoshi","opening_hours":"Mo-Fr 11:00-20:00, Sa,Su 12:00-20:00","outdoor_seating":"yes","payment:credit_cards":"yes","payment:cryptocurrencies":"no","payment:debit_cards":"yes","payment:mastercard":"yes","payment:visa":"yes","phone":"+46 31 13 60 07","reservation":"no","smoking":"no","takeaway":"yes","toilets:wheelchair":"no","website":"https://www.yoshisushi.se/","website:menu":"https://www.yoshisushi.se/#meny","wheelchair":"no"}},"geometry":{"type":"Point","coordinates":[11.9566567,57.6938104]}},{"type":"Feature","properties":{"id":1786040044,"osm_type":"node","name":"Sibylla","category":"restaurant","tags":{"amenity":"fast_food","brand":"Sibylla","brand:wikidata":"Q488643","brand:wikipedia":"sv:Sibylla (snabbmatskedja)","cuisine":"sausage","name":"Sibylla","takeaway":"yes"}},"geometry":{"type":"Point","coordinates":[12.1203376,57.6586754]}},{"type":"Feature","properties":{"id":1799596615,"osm_type":"node","name":"Shawarma House","category":"restaurant","tags":{"amenity":"fast_food","name":"Shawarma House"}},"geometry":{"type":"Point","coordinates":[12.0506355,57.7965149]}},{"type":"Feature","properties":{"id":1799596616,"osm_type":"node","name":"Angered Sushi","category":"restaurant","tags":{"amenity":"fast_food","cuisine":"sushi","name":"Angered Sushi"}},"geometry":{"type":"Point","coordinates":[12.0503425,57.7964922]}},{"type":"Feature","properties":{"id":1799615791,"osm_type":"node","name":"Bordet","category":"restaurant","tags":{"amenity":"restaurant","name":"Bordet","smoking":"no"}},"geometry":{"type":"Point","coordinates":[12.0503968,57.7969364]}},{"type":"Feature","properties":{"id":1799615792,"osm_type":"node","name":"Chung HWA","category":"restaurant","tags":{"amenity":"restaurant","name":"Chung HWA","smoking":"no"}},"geometry":{"type":"Point","coordinates":[12.0505771,57.7972297]}},{"type":"Feature","properties":{"id":1802539277,"osm_type":"node","name":"La Vacca","category":"restaurant","tags":{"amenity":"restaurant","name":"La Vacca","opening_hours":"Mo-Th 11:00-22:00, Fr 11:00-23:00, Sa 12:00-23:00","payment:cryptocurrencies":"no","smoking":"no"}},"geometry":{"type":"Point","coordinates":[11.9844311,57.7083742]}},{"type":"Feature","properties":{"id":1809420023,"osm_type":"node","name":"Traktör Mikael Sande","category":"restaurant","tags":{"amenity":"restaurant","diet:vegan":"no","diet:vegetarian":"yes","indoor_seating":"yes","name":"Traktör Mikael Sande","opening_hours":"Tu-Fr 11:00-15:00, Fr 17:00-20:00","outdoor_seating":"yes"}},"geometry":{"type":"Point","coordinates":[11.9811891,57.6914949]}},{"type":"Feature","properties":{"id":1812416408,"osm_type":"node","name":"Curry Nam Nam","category":"restaurant","tags":{"amenity":"restaurant","cuisine":"indian","name":"Curry Nam Nam","payment:cryptocurrencies":"no","smoking":"no"}},"geometry":{"type":"Point","coordinates":[11.9109253,57.6522481]}},{"type":"Feature","properties":{"id":1812416410,"osm_type":"node","name":"McDonald's","category":"restaurant","tags":{"amenity":"fast_food","brand":"McDonald's","brand:wikidata":"Q38076","brand:wikipedia":"sv:McDonald's","cuisine":"burger","internet_access":"wlan","internet_access:fee":"customers","internet_access:ssid":"McD-Guest","level":"1","name":"McDonald's","opening_hours":"Mo-Su 09:00-22:00","outdoor_seating":"no","payment:mastercard":"yes","payment:visa":"yes","takeaway":"yes","wheelchair":"yes"}},"geometry":{"type":"Point","coordinates":[11.911411,57.652597]}},{"type":"Feature","properties":{"id":1812416412,"osm_type":"node","name":"Adams Café","category":"restaurant","tags":{"amenity":"cafe","cuisine":"coffee_shop","level":"1","name":"Adams Café","opening_hours":"Mo-Th 08:00-21:00, Fr 08:00-20:00, Sa 09:00-20:00, Su 10:00-20:00","smoking":"no","wheelchair":"limited"}},"geometry":{"type":"Point","coordinates":[11.9109173,57.6518319]}},{"type":"Feature","properties":{"id":1812416415,"osm_type":"node","name":"Barista","category":"restaurant","tags":{"amenity":"cafe","brand":"Barista","cuisine":"coffee_shop","name":"Barista","smoking":"no"}},"geometry":{"type":"Point","coordinates":[11.913536,57.6508608]}},{"type":"Feature","properties":{"id":1812419397,"osm_type":"node","name":"Tims Thai","category":"restaurant","tags":{"addr:city":"Göteborg","addr:country":"SE","addr:housenumber":"5","addr:postcode":"414 77","addr:street":"Marklandsgatan","amenity":"restaurant","cuisine":"thai","name":"Tims Thai","opening_hours":"Mo-Fr 11:00-21:00; Sa,Su 13:00-21:00","payment:cryptocurrencies":"no","smoking":"no"}},"geometry":{"type":"Point","coordinates":[11.9347429,57.6738021]}},{"type":"Feature","properties":{"id":1825428790,"osm_type":"node","name":"En Deli","category":"restaurant","tags":{"access":"yes","addr:city":"Göteborg","addr:country":"SE","addr:housenumber":"15","addr:postcode":"413 01","addr:street":"Haga Nygata","amenity":"cafe","contact:facebook":"endelihaga","contact:instagram":"endelihaga","contact:phone":"+46 31 711 57 95","diet:vegan":"yes","diet:vegetarian":"only","entrance":"yes","indoor_seating":"yes","name":"En Deli","opening_hours":"Mo-Fr 10:00-19:00; Sa,Su 10:00-17:00","outdoor_seating":"yes","smoking":"no","wheelchair":"limited"}},"geometry":{"type":"Point","coordinates":[11.9562765,57.698491]}},{"type":"Feature","properties":{"id":1825429025,"osm_type":"node","name":"Jacob's Cafè","category":"restaurant","tags":{"amenity":"cafe","diet:vegan":"yes","diet:vegetarian":"yes","indoor_seating":"yes","name":"Jacob's Cafè","opening_hours":"Mo-Su 10:00-19:00","outdoor_seating":"yes","smoking":"no"}},"geometry":{"type":"Point","coordinates":[11.95722,57.698496]}},{"type":"Feature","properties":{"id":1829079772,"osm_type":"node","name":"Norda Bar & Grill","category":"restaurant","tags":{"addr:city":"Göteborg","addr:country":"SE","addr:housenumber":"10","addr:postcode":"41103","addr:street":"Drottningtorget","amenity":"restaurant","cuisine":"international","name":"Norda Bar & Grill","payment:cryptocurrencies":"no","smoking":"no"}},"geometry":{"type":"Point","coordinates":[11.9745333,57.7082873]}},{"type":"Feature","properties":{"id":1850048453,"osm_type":"node","name":"Indian Barbeque","category":"restaurant","tags":{"addr:city":"Göteborg","addr:country":"SE","addr:housenumber":"1","addr:postcode":"411 31","addr:street":"Kapellplatsen","addr:unit":"C","amenity":"restaurant","contact:phone":"+46 31 132 222","contact:website":"https://www.indianbarbeque.se/","cuisine":"indian","name":"Indian Barbeque","opening_hours":"Mo-Th 11:00-22:00; Fr 11:00-23:00; Sa 12:00-23:00; Su 12:00-21:00","payment:cryptocurrencies":"no","smoking":"no","takeaway":"yes","wheelchair":"no"}},"geometry":{"type":"Point","coordinates":[11.970766,57.6936114]}},{"type":"Feature","properties":{"id":1852178971,"osm_type":"node","name":"Aladdin mixed food","category":"restaurant","tags":{"amenity":"fast_food","cuisine":"pizza;burger","name":"Aladdin mixed food","opening_hours":"Mo-Fr 11:00-22:00; Sa-Su 12:00-22:00"}},"geometry":{"type":"Point","coordinates":[11.945576,57.717921]}},{"type":"Feature","properties":{"id":1852178975,"osm_type":"node","name":"Tildas","category":"restaurant","tags":{"amenity":"restaurant","name":"Tildas","payment:cryptocurrencies":"no","smoking":"no"}},"geometry":{"type":"Point","coordinates":[11.9496717,57.7181705]}},{"type":"Feature","properties":{"id":1852479729,"osm_type":"node","name":"Miwan Kolgrill","category":"restaurant","tags":{"addr:city":"Partille","addr:housenumber":"61","addr:postcode":"433 30","addr:street":"Järnstångsvägen","amenity":"restaurant","cuisine":"grill;turkish;kurdisk;kolgrill;kebab","name":"Miwan Kolgrill","opening_hours":"Mo-Fr 11:00-20:00","phone":"+4631448060","takeaway":"yes","website":"https://www.miwan.se/"}},"geometry":{"type":"Point","coordinates":[12.0847717,57.7409382]}},{"type":"Feature","properties":{"id":1854220705,"osm_type":"node","name":"Bar Centro","category":"restaurant","tags":{"addr:city":"Göteborg","addr:country":"SE","addr:housenumber":"31","addr:street":"Kyrkogatan","amenity":"cafe","cuisine":"italian","name":"Bar Centro","smoking":"no"}},"geometry":{"type":"Point","coordinates":[11.9697273,57.7054509]}},{"type":"Feature","properties":{"id":1879180144,"osm_type":"node","name":"Bizen Sushi","category":"restaurant","tags":{"amenity":"restaurant","cuisine":"sushi","name":"Bizen Sushi","payment:cryptocurrencies":"no","smoking":"no"}},"geometry":{"type":"Point","coordinates":[11.9290771,57.7170899]}},{"type":"Feature","properties":{"id":1879180146,"osm_type":"node","name":"Ida´s Café & Konditori","category":"restaurant","tags":{"amenity":"cafe","name":"Ida´s Café & Konditori","smoking":"no"}},"geometry":{"type":"Point","coordinates":[11.9327536,57.7212637]}},{"type":"Feature","properties":{"id":1879180163,"osm_type":"node","name":"Whoopsi Daisy","category":"restaurant","tags":{"addr:city":"Göteborg","addr:country":"SE","addr:housenumber":"11","addr:postcode":"417 17","addr:street":"Wieselgrensplatsen","amenity":"pub","check_date:opening_hours":"2025-09-28","name":"Whoopsi Daisy","opening_hours:signed":"no","smoking":"no"}},"geometry":{"type":"Point","coordinates":[11.9362266,57.721671]}},{"type":"Feature","properties":{"id":1879180165,"osm_type":"node","name":"Wieselgren Pizzeria","category":"restaurant","tags":{"amenity":"restaurant","cuisine":"pizza","name":"Wieselgren Pizzeria","payment:cryptocurrencies":"no","smoking":"no"}},"geometry":{"type":"Point","coordinates":[11.9327847,57.7216322]}},{"type":"Feature","properties":{"id":1879180220,"osm_type":"node","name":"Nikolinas grill & bar","category":"restaurant","tags":{"addr:city":"Göteborg","addr:country":"SE","addr:housenumber":"9","addr:postcode":"41717","addr:street":"Wieselgrensplatsen","amenity":"restaurant","cuisine":"pizza","name":"Nikolinas grill & bar","opening_hours":"Mo-Fr 11:00-21:00; Sa,Su 12:00-21:00","payment:cryptocurrencies":"no","smoking":"no"}},"geometry":{"type":"Point","coordinates":[11.9365538,57.7216622]}},{"type":"Feature","properties":{"id":1879188038,"osm_type":"node","name":"La Cuisine","category":"restaurant","tags":{"amenity":"cafe","check_date:opening_hours":"2025-09-28","name":"La Cuisine","opening_hours":"Mo-Fr 08:30-18:00; Sa 09:00-15:00","smoking":"no"}},"geometry":{"type":"Point","coordinates":[11.9368026,57.7214676]}},{"type":"Feature","properties":{"id":1880278994,"osm_type":"node","name":"Mimolett","category":"restaurant","tags":{"amenity":"restaurant","contact:email":"info@mimolett.se","contact:phone":"+46 31 224466","contact:website":"http://www.mimolett.se/","cuisine":"italian","name":"Mimolett","opening_hours":"Mo 11:00-15:00; Tu-Th 11:00-22:00; Fr 11:00-23:00","payment:cryptocurrencies":"no","smoking":"no","toilets:wheelchair":"no","wheelchair":"yes"}},"geometry":{"type":"Point","coordinates":[11.9353462,57.7080059]}},{"type":"Feature","properties":{"id":1880285287,"osm_type":"node","name":"Bombay Bistro","category":"restaurant","tags":{"addr:city":"Göteborg","addr:housenumber":"35","addr:postcode":"417 53","addr:street":"Lindholmsallén","amenity":"restaurant","contact:email":"info@bombaybistro.se","contact:phone":"+46 31 508890","contact:website":"https://www.bombaybistro.se/","cuisine":"indian","diet:chicken":"yes","diet:meat":"yes","diet:vegetarian":"yes","name":"Bombay Bistro","opening_hours":"Mo-Fr 11:00-21:00; Sa-Su 13:00-21:00","outdoor_seating":"yes","payment:contactless":"yes","payment:debit_cards":"yes","payment:mastercard":"yes","payment:visa":"yes","smoking":"no","wheelchair":"yes"}},"geometry":{"type":"Point","coordinates":[11.937699,57.708413]}},{"type":"Feature","properties":{"id":1880732610,"osm_type":"node","name":"Denis Pizzeria","category":"restaurant","tags":{"amenity":"restaurant","cuisine":"pizza","name":"Denis Pizzeria","payment:cryptocurrencies":"no","smoking":"no"}},"geometry":{"type":"Point","coordinates":[12.026956,57.7193258]}},{"type":"Feature","properties":{"id":1897903244,"osm_type":"node","name":"Munkebäcks Grillhouse","category":"restaurant","tags":{"addr:city":"Göteborg","addr:housenumber":"11","addr:postcode":"41673","addr:street":"Munkebäckstorget","amenity":"fast_food","contact:facebook":"https://www.facebook.com/Munkebacksgrill","contact:phone":"+46 31 198 60 0","cuisine":"kebab","name":"Munkebäcks Grillhouse","opening_hours":"Mo-Th 10:00-21:00, Fr 10:00-22:00, Sa 11:00-22:00, Su 11:00-21:00","payment:cash":"yes","payment:credit_cards":"yes","payment:debit_cards":"yes"}},"geometry":{"type":"Point","coordinates":[12.0259076,57.7185078]}},{"type":"Feature","properties":{"id":1899998860,"osm_type":"node","name":"YiLi Kitchen","category":"restaurant","tags":{"amenity":"restaurant","contact:phone":"+46 31 25 25 93","contact:website":"https://www.yilikitchen.se/","cuisine":"asian","name":"YiLi Kitchen","payment:cryptocurrencies":"no","smoking":"no"}},"geometry":{"type":"Point","coordinates":[12.0259785,57.7194547]}},{"type":"Feature","properties":{"id":1904057570,"osm_type":"node","name":"Lindholmens Matsal","category":"restaurant","tags":{"addr:country":"SE","addr:housenumber":"15","addr:street":"Theres Svenssons Gata","amenity":"restaurant","cuisine":"regional","name":"Lindholmens Matsal","opening_hours":"Mo-Fr 11:00-14:00","payment:cryptocurrencies":"no","smoking":"no","website":"http://lindholmensmatsal.se/"}},"geometry":{"type":"Point","coordinates":[11.9444837,57.7060099]}},{"type":"Feature","properties":{"id":1911608251,"osm_type":"node","name":"Lilla Rancho","category":"restaurant","tags":{"addr:city":"Göteborg","addr:housenumber":"1","addr:postcode":"41674","addr:street":"Kaggeledstorget","amenity":"restaurant","cuisine":"mexican","name":"Lilla Rancho","payment:cryptocurrencies":"no","smoking":"no","website":"https://www.lillarancho.com/"}},"geometry":{"type":"Point","coordinates":[12.0347313,57.7231407]}},{"type":"Feature","properties":{"id":1915695891,"osm_type":"node","name":"Pizzeria Sommar","category":"restaurant","tags":{"amenity":"fast_food","contact:phone":"+4631549960","cuisine":"pizza","name":"Pizzeria Sommar","opening_hours":"Mo-Su 12:00-22:00"}},"geometry":{"type":"Point","coordinates":[11.8959622,57.7168892]}},{"type":"Feature","properties":{"id":1922547897,"osm_type":"node","name":"Odin Pizza","category":"restaurant","tags":{"addr:city":"Göteborg","addr:country":"SE","addr:housenumber":"23","addr:street":"Odinsgatan","amenity":"fast_food","contact:phone":"+46 31 15 74 74","cuisine":"pizza;kebab;falafel","name":"Odin Pizza","opening_hours":"Mo-Fr 11:00-21:45; Sa-Su 12:00-21:45","phone":"+46 31-15 74 74","website":"https://www.odinspizzeria.se/"}},"geometry":{"type":"Point","coordinates":[11.9837116,57.7093074]}},{"type":"Feature","properties":{"id":1922547911,"osm_type":"node","name":"Het Amsterdammertje","category":"restaurant","tags":{"addr:city":"Göteborg","addr:country":"SE","addr:housenumber":"21","addr:postcode":"411 03","addr:street":"Odinsgatan","amenity":"pub","contact:phone":"+46 31 15 57 09","contact:website":"https://www.amsterdamgbg.com/","name":"Het Amsterdammertje","opening_hours":"Mo-Th 15:00-24:00; Sa 13:30-02:00, Su 14:00-20:00","smoking":"no"}},"geometry":{"type":"Point","coordinates":[11.9831734,57.7092416]}},{"type":"Feature","properties":{"id":1924177752,"osm_type":"node","name":"Ullevibaren","category":"restaurant","tags":{"addr:city":"Göteborg","addr:country":"SE","addr:housenumber":"44","addr:street":"Stampgatan","amenity":"restaurant","name":"Ullevibaren","opening_hours":"Mo,Tu 10:30-16:00; We-Fr 10:30-19:00; Sa 12:00-19:00; Su 12:00-18:00","payment:cryptocurrencies":"no","smoking":"no"}},"geometry":{"type":"Point","coordinates":[11.9859571,57.7080873]}},{"type":"Feature","properties":{"id":1924177753,"osm_type":"node","name":"Neptune Sushi","category":"restaurant","tags":{"addr:city":"Göteborg","addr:country":"SE","addr:housenumber":"40","addr:street":"Stampgatan","amenity":"fast_food","check_date:opening_hours":"2022-04-21","name":"Neptune Sushi","opening_hours":"Mo-Fr 11:00-20:00, Sa,Su 12:00-19:00"}},"geometry":{"type":"Point","coordinates":[11.9858483,57.7079789]}},{"type":"Feature","properties":{"id":1924177755,"osm_type":"node","name":"Stampen cafe konditori","category":"restaurant","tags":{"amenity":"cafe","name":"Stampen cafe konditori","smoking":"no"}},"geometry":{"type":"Point","coordinates":[11.9858075,57.707919]}},{"type":"Feature","properties":{"id":1924177756,"osm_type":"node","name":"Lebanes Grillhouse","category":"restaurant","tags":{"addr:city":"Göteborg","addr:country":"SE","addr:housenumber":"48","addr:postcode":"411 01","addr:street":"Stampgatan","amenity":"fast_food","check_date":"2024-09-24","check_date:smoking":"2024-09-24","drive_through":"no","indoor_seating":"yes","name":"Lebanes Grillhouse","opening_hours":"Mo-Fr 11:00-21:00; Sa 12:00-21:00; Su 13:00-20:00","outdoor_seating":"no","payment:cash":"yes","payment:credit_cards":"yes","payment:debit_cards":"yes","phone":"+46 31 151 60 1","smoking":"no","website":"https://lebanesgrillhouse.se/"}},"geometry":{"type":"Point","coordinates":[11.9865339,57.708655]}},{"type":"Feature","properties":{"id":1924201343,"osm_type":"node","name":"Steamy PHO","category":"restaurant","tags":{"addr:city":"Göteborg","addr:country":"SE","addr:housenumber":"5","addr:postcode":"41102","addr:street":"Odinsplatsen","amenity":"restaurant","contact:phone":"+46 767 866 866","cuisine":"vietnamese","name":"Steamy PHO","opening_hours":"Mo-Tu 11:00-14:30; We-Fr 11:00-14:30,16:00-20:00; Sa 13:00-20:00; Su off","payment:cryptocurrencies":"no","smoking":"no","takeaway":"yes"}},"geometry":{"type":"Point","coordinates":[11.9856227,57.7094293]}},{"type":"Feature","properties":{"id":1924201385,"osm_type":"node","name":"TomToms","category":"restaurant","tags":{"addr:city":"Göteborg","addr:country":"SE","addr:housenumber":"5","addr:street":"Odinsplatsen","amenity":"restaurant","brand":"TomToms","brand:email":"tom@tomtoms.se","brand:facebook":"https://www.facebook.com/tomtomsburrito","brand:instagram":"https://www.instagram.com/tomtomsburritos/","brand:website":"https://www.tomtoms.se/","contact:phone":"+46 31 153811","cuisine":"coffee_shop","name":"TomToms","note:name":"Namnet taget från butikens egen skylt.","opening_hours":"Mo-Fr 11:00-20:00; Sa 13:00-20:00","payment:cryptocurrencies":"no","smoking":"no"}},"geometry":{"type":"Point","coordinates":[11.985656,57.709516]}},{"type":"Feature","properties":{"id":1931093961,"osm_type":"node","name":"Vi Viet","category":"restaurant","tags":{"addr:city":"Göteborg","addr:country":"SE","addr:housenumber":"20","addr:postcode":"411 26","addr:street":"Erik Dahlbergsgatan","amenity":"restaurant","contact:email":"info@viviet.se","contact:instagram":"https://www.instagram.com/restaurangviviet","contact:phone":"+46 31 132 88 8","contact:website":"https://www.viviet.se/","contact:website:menu":"https://www.viviet.se/meny","cuisine":"vietnamese","name":"Vi Viet","opening_hours":"Mo,Su off; Tu-Th 17:00-22:00; Fr-Sa 17:00-23:00","payment:cash":"yes","payment:credit_cards":"yes","payment:cryptocurrencies":"no","payment:debit_cards":"yes","reservation":"yes","smoking":"no","toilets":"yes"}},"geometry":{"type":"Point","coordinates":[11.9688342,57.6978992]}},{"type":"Feature","properties":{"id":1931250746,"osm_type":"node","name":"da Matteo Panetteria","category":"restaurant","tags":{"addr:city":"Göteborg","addr:country":"SE","addr:housenumber":"17A","addr:street":"Magasinsgatan","amenity":"cafe","cuisine":"coffee_shop","indoor_seating":"yes","name":"da Matteo Panetteria","outdoor_seating":"yes","smoking":"no","website":"https://damatteo.se/"}},"geometry":{"type":"Point","coordinates":[11.9623711,57.7031754]}},{"type":"Feature","properties":{"id":1932609754,"osm_type":"node","name":"Evas Paley","category":"restaurant","tags":{"amenity":"cafe","check_date":"2022-12-11","cuisine":"coffee_shop","name":"Evas Paley","opening_hours":"Mo-Th 08:00-21:00; Fr 08:00-22:00; Sa 09:00-22:00; Su 09:00-21:00","smoking":"no","wheelchair":"limited"}},"geometry":{"type":"Point","coordinates":[11.9774394,57.6983585]}},{"type":"Feature","properties":{"id":1932719075,"osm_type":"node","name":"Armans Coffee","category":"restaurant","tags":{"addr:city":"Göteborg","addr:country":"SE","addr:housenumber":"17","addr:postcode":"413 05","addr:street":"Plantagegatan","amenity":"cafe","cuisine":"coffee_shop","name":"Armans Coffee","smoking":"no"}},"geometry":{"type":"Point","coordinates":[11.9478804,57.697193]}},{"type":"Feature","properties":{"id":1932719080,"osm_type":"node","name":"Bar Italia","category":"restaurant","tags":{"access":"yes","addr:city":"Göteborg","addr:country":"SE","addr:housenumber":"7","addr:postcode":"413 05","addr:street":"Prinsgatan","amenity":"cafe","contact:facebook":"https://www.facebook.com/100063645576296/","contact:instagram":"https://www.instagram.com/baritaliagbg","cuisine":"coffee_shop","entrance":"yes","name":"Bar Italia","opening_hours":"Mo-Su 08:00-18:00","payment:cash":"yes","payment:credit_cards":"yes","payment:debit_cards":"yes","smoking":"no"}},"geometry":{"type":"Point","coordinates":[11.9496757,57.696441]}},{"type":"Feature","properties":{"id":1932729464,"osm_type":"node","name":"Tre Små Rum","category":"restaurant","tags":{"addr:city":"Göteborg","addr:country":"SE","addr:housenumber":"4","addr:postcode":"411 35","addr:street":"Kristinelundsgatan","amenity":"bar","contact:email":"3smarumgoteborg@gmail.com","contact:instagram":"https://www.instagram.com/3smarum","name":"Tre Små Rum","opening_hours":"Mo-Sa 16:00-23:00; Su off","payment:cash":"yes","payment:credit_cards":"yes","payment:debit_cards":"yes","smoking":"no"}},"geometry":{"type":"Point","coordinates":[11.9735996,57.6989075]}},{"type":"Feature","properties":{"id":1932729470,"osm_type":"node","name":"Svarta Oliver","category":"restaurant","tags":{"amenity":"restaurant","name":"Svarta Oliver","payment:cryptocurrencies":"no","smoking":"no"}},"geometry":{"type":"Point","coordinates":[11.9738088,57.6990021]}},{"type":"Feature","properties":{"id":1932729475,"osm_type":"node","name":"The Flying Barrel","category":"restaurant","tags":{"addr:city":"Göteborg","addr:housenumber":"3","addr:postcode":"411 37","addr:street":"Kristinelundsgatan","amenity":"pub","contact:email":"info@flyingbarrel.se","contact:facebook":"Flying-Barrel-170743089630843","contact:instagram":"flyingbarrel07","contact:phone":"+46 31 18 13 00","contact:website":"https://flyingbarrel.se/","cuisine":"burger;fish_and_chips","name":"The Flying Barrel","opening_hours":"Mo-Tu 16:00-23:00; We-Th 16:00-00:00; Fr 16:00-01:00; Sa 13:00-01:00; Su 13:00-01:00","payment:cryptocurrencies":"no","smoking":"no"}},"geometry":{"type":"Point","coordinates":[11.9737337,57.6987456]}},{"type":"Feature","properties":{"id":1933606398,"osm_type":"node","name":"Sunset Falafel","category":"restaurant","tags":{"access":"yes","addr:city":"Göteborg","addr:country":"SE","addr:housenumber":"4","addr:postcode":"41126","addr:street":"Erik Dahlbergsgatan","amenity":"fast_food","check_date":"2026-04-20","contact:facebook":"https://www.facebook.com/pages/Sunset-Falafel/116724708401304","contact:phone":"+46 31 13 29 60","diet:vegetarian":"only","entrance":"yes","name":"Sunset Falafel","opening_hours":"Mo-Fr 11:00-18:00; Sa 12:00-18:00; Su off"}},"geometry":{"type":"Point","coordinates":[11.967932,57.6996178]}},{"type":"Feature","properties":{"id":1933610182,"osm_type":"node","name":"Pita","category":"restaurant","tags":{"amenity":"restaurant","contact:website":"https://restaurangpita.se/","cuisine":"sandwich","indoor_seating":"yes","name":"Pita","opening_hours":"Mo-Th 10:00-18:00; Fr 10:00-15:00","outdoor_seating":"no","payment:cryptocurrencies":"no","payment:mastercard":"yes","payment:visa":"yes","smoking":"no"}},"geometry":{"type":"Point","coordinates":[11.9691203,57.6992381]}},{"type":"Feature","properties":{"id":1934164684,"osm_type":"node","name":"Thai Samila","category":"restaurant","tags":{"addr:city":"Göteborg","addr:country":"SE","addr:street":"Delsjövägen","amenity":"restaurant","check_date":"2025-09-27","cuisine":"thai","name":"Thai Samila","opening_hours":"Mo-Th 11:00-20:00; Fr 11:00-20:30; Sa,Su 12:00-20:30","payment:cryptocurrencies":"no","phone":"+46 31 403 00 9","smoking":"no","wheelchair":"no","wheelchair:description":"Jättegod mat men fullständigt omöjlig att ta sig i in."}},"geometry":{"type":"Point","coordinates":[12.0009812,57.6983083]}},{"type":"Feature","properties":{"id":1945260353,"osm_type":"node","name":"Restaurang Linsen","category":"restaurant","tags":{"amenity":"restaurant","check_date":"2023-04-19","cuisine":"husmanskost","name":"Restaurang Linsen","payment:cash":"no","payment:chalmers":"yes","payment:cryptocurrencies":"no","payment:mastercard":"yes","payment:visa":"yes","smoking":"no"}},"geometry":{"type":"Point","coordinates":[11.9788651,57.687814]}},{"type":"Feature","properties":{"id":1952450776,"osm_type":"node","name":"W.O.K. Eriksberg","category":"restaurant","tags":{"addr:city":"Göteborg","addr:country":"SE","addr:housenumber":"1","addr:street":"Toriniusgatan","amenity":"restaurant","name":"W.O.K. Eriksberg","payment:cryptocurrencies":"no","smoking":"no","website":"https://www.wok-eriksberg.se/"}},"geometry":{"type":"Point","coordinates":[11.9127269,57.7060849]}},{"type":"Feature","properties":{"id":1982753674,"osm_type":"node","name":"le Petit Café","category":"restaurant","tags":{"addr:city":"Göteborg","addr:country":"SE","addr:housenumber":"2","addr:postcode":"413 01","addr:street":"Haga Nygata","amenity":"cafe","breakfast":"yes","check_date":"2026-04-23","contact:email":"haga@lepetitcafe.se","contact:instagram":"https://www.instagram.com/cafe_le_petit_","contact:phone":"+46 31132085; +46 73 677 48 55","contact:website":"https://lepetitcafe.se/","cuisine":"french","entrance":"yes","indoor_seating":"yes","name":"le Petit Café","opening_hours":"08:00-20:00","outdoor_seating":"yes","payment:cash":"yes","payment:credit_cards":"yes","payment:debit_cards":"yes","smoking":"no","toilets":"yes","wheelchair":"no"}},"geometry":{"type":"Point","coordinates":[11.9532832,57.6989508]}},{"type":"Feature","properties":{"id":1992977043,"osm_type":"node","name":"Grimmereds Pizzeria","category":"restaurant","tags":{"addr:housenumber":"99","addr:postcode":"42669","addr:street":"Grimmeredsvägen","alt_name":"Grimmereds Kök & Bar","amenity":"fast_food","contact:phone":"+46-31 29 55 89","contact:website":"http://www.grimmeredskrog.se/","cuisine":"burger;friture;kebab;pasta;pizza;thai","diet:vegetarian":"yes","loc_name":"Grimmereds Krog","name":"Grimmereds Pizzeria","opening_hours":"Sa-Su 12:00-21:00; Mo-Fr 11:00-21:00","takeaway":"yes"}},"geometry":{"type":"Point","coordinates":[11.8967975,57.6698617]}},{"type":"Feature","properties":{"id":1998924082,"osm_type":"node","name":"Primavera Pizzeria","category":"restaurant","tags":{"amenity":"fast_food","cuisine":"pizza","name":"Primavera Pizzeria"}},"geometry":{"type":"Point","coordinates":[11.8924776,57.7244387]}},{"type":"Feature","properties":{"id":2019000505,"osm_type":"node","name":"Hello Monkey","category":"restaurant","tags":{"amenity":"restaurant","cuisine":"asian","name":"Hello Monkey","payment:cryptocurrencies":"no","smoking":"no","wheelchair":"limited","wheelchair:description":"Man kan gå in på innergården och åka hiss ner till deras nedre våning. Fungerar bra med elektrisk rullstol."}},"geometry":{"type":"Point","coordinates":[11.9630934,57.702794]}},{"type":"Feature","properties":{"id":2019693201,"osm_type":"node","name":"Blackbird","category":"restaurant","tags":{"addr:city":"Göteborg","addr:country":"SE","addr:housenumber":"3","addr:postcode":"414 63","addr:street":"Stigbergsliden","amenity":"restaurant","apartheid_free_zone":"yes","changing_table":"no","diet:vegan":"only","diet:vegetarian":"only","email":"hej@blackbirdvegan.se","indoor_seating":"yes","name":"Blackbird","opening_hours":"Tu-Th 17:00-21:30; Fr-Sa 17:00-23:00","outdoor_seating":"no","payment:cryptocurrencies":"no","phone":"+46 31 122202","smoking":"no","toilets:wheelchair":"yes","website":"https://blackbirdvegan.se","wheelchair":"limited"}},"geometry":{"type":"Point","coordinates":[11.9378522,57.6994295]}},{"type":"Feature","properties":{"id":2027240721,"osm_type":"node","name":"Olympia Pizzeria","category":"restaurant","tags":{"addr:housenumber":"2","addr:street":"Lagerströmsplatsen","amenity":"fast_food","check_date":"2024-05-22","cuisine":"pizza","name":"Olympia Pizzeria","opening_hours":"Mo-Fr 11:00-22:00, PH,Sa,Su 12:00-22:00","payment:cash":"yes","payment:credit_cards":"yes","payment:debit_cards":"yes","phone":"+46 31 218 31 3"}},"geometry":{"type":"Point","coordinates":[11.998203,57.7121374]}},{"type":"Feature","properties":{"id":2027288099,"osm_type":"node","name":"Wasabi sushibar","category":"restaurant","tags":{"addr:country":"SE","addr:housenumber":"8","addr:street":"Norra Gubberogatan","amenity":"restaurant","contact:phone":"+46 720283869","name":"Wasabi sushibar","opening_hours":"Mo-Fr 11:00-20:00; Sa 12:00-20:00","payment:cryptocurrencies":"no","shop":"herbalist","smoking":"no"}},"geometry":{"type":"Point","coordinates":[12.0014939,57.7141352]}},{"type":"Feature","properties":{"id":2032342785,"osm_type":"node","name":"Grace","category":"restaurant","tags":{"addr:city":"Göteborg","addr:country":"SE","addr:housenumber":"9","addr:postcode":"411 36","addr:street":"Kungsportsavenyen","amenity":"bar","indoor_seating":"yes","name":"Grace","outdoor_seating":"yes","smoking":"no"}},"geometry":{"type":"Point","coordinates":[11.9734192,57.7011054]}},{"type":"Feature","properties":{"id":2033520016,"osm_type":"node","name":"Brasserie Lipp","category":"restaurant","tags":{"amenity":"restaurant","name":"Brasserie Lipp","payment:cryptocurrencies":"no","smoking":"no"}},"geometry":{"type":"Point","coordinates":[11.9739738,57.7014148]}},{"type":"Feature","properties":{"id":2033520019,"osm_type":"node","name":"Espresso House Avenyn","category":"restaurant","tags":{"amenity":"cafe","brand":"Espresso House","brand:wikidata":"Q10489162","brand:wikipedia":"sv:Espresso House","check_date":"2025-06-04","check_date:diet:vegan":"2025-06-04","check_date:diet:vegetarian":"2025-06-04","cuisine":"coffee_shop","diet:vegan":"yes","diet:vegetarian":"yes","indoor_seating":"yes","name":"Espresso House Avenyn","opening_hours":"Mo 08:00-21:00; Tu-Th 08:00-22:00; Fr 08:00-24:00; Sa 09:00-24:00; Su 10:00-21:00","outdoor_seating":"yes","smoking":"no","takeaway":"yes"}},"geometry":{"type":"Point","coordinates":[11.9735907,57.701689]}},{"type":"Feature","properties":{"id":2033520033,"osm_type":"node","name":"Joe & The Juice","category":"restaurant","tags":{"addr:city":"Göteborg","addr:country":"SE","addr:housenumber":"22","addr:postcode":"411 36","addr:street":"Kungsportsavenyen","amenity":"cafe","brand":"Joe & The Juice","brand:wikidata":"Q26221514","brand:wikipedia":"en:Joe & The Juice","cuisine":"coffee_shop","name":"Joe & The Juice","opening_hours":"Mo-Fr 08:00-19:00; Sa 10:00-18:00; Su 11:00-17:00","smoking":"no","takeaway":"yes","website":"https://www.joejuice.com"}},"geometry":{"type":"Point","coordinates":[11.97582,57.700121]}},{"type":"Feature","properties":{"id":2033520050,"osm_type":"node","name":"Hard Rock Cafe","category":"restaurant","tags":{"addr:city":"Göteborg","addr:country":"SE","addr:housenumber":"10","addr:postcode":"411 36","addr:street":"Kungsportsavenyen","amenity":"restaurant","brand":"Hard Rock Cafe","brand:wikidata":"Q918151","brand:wikipedia":"en:Hard Rock Cafe","contact:email":"gothenburg@hardrock.se","contact:facebook":"https://www.facebook.com/hardrock.gothenburg/","contact:instagram":"https://www.instagram.com/hrcgothenburg","contact:phone":"+46 31 102 33 0","contact:website":"https://cafe.hardrock.com/gothenburg/","cuisine":"american","diet:vegan":"yes","diet:vegetarian":"yes","indoor_seating":"yes","name":"Hard Rock Cafe","opening_hours":"Mo 11:30-24:00, Tu-Th 11:30-01:00, Fr 11:30-03:00, Sa 12:00-04:00, Su 12:00-24:00","outdoor_seating":"yes","payment:cash":"yes","payment:credit_cards":"yes","payment:cryptocurrencies":"no","payment:debit_cards":"yes","reservation":"yes","smoking":"no","toilets":"yes","wheelchair":"no"}},"geometry":{"type":"Point","coordinates":[11.974252,57.701228]}},{"type":"Feature","properties":{"id":2033520088,"osm_type":"node","name":"Wärdshuset Tullen","category":"restaurant","tags":{"amenity":"pub","name":"Wärdshuset Tullen","opening_hours":"Mo-Su 11:00-03:00","smoking":"no"}},"geometry":{"type":"Point","coordinates":[11.977159,57.699192]}},{"type":"Feature","properties":{"id":2033520090,"osm_type":"node","name":"Joe Farelli's","category":"restaurant","tags":{"addr:city":"Göteborg","addr:country":"SE","addr:housenumber":"12","addr:postcode":"411 36","addr:street":"Kungsportsavenyen","amenity":"restaurant","contact:email":"booking@joefarelli.com","contact:facebook":"joefarellis","contact:instagram":"joefarellis","contact:phone":"+46 31 10 58 26","contact:website":"https://www.joefarelli.com/","cuisine":"american;italian","diet:vegan":"yes","diet:vegetarian":"yes","indoor_seating":"yes","name":"Joe Farelli's","opening_hours":"Mo-We 11:30-23:00; Th 11:30-00:00; Fr 11:30-01:00; Sa 12:00-01:00; Su 12:00-21:00","outdoor_seating":"yes","payment:cryptocurrencies":"no","smoking":"no"}},"geometry":{"type":"Point","coordinates":[11.9743696,57.7011495]}},{"type":"Feature","properties":{"id":2033520096,"osm_type":"node","name":"La Gondola Trattoria","category":"restaurant","tags":{"amenity":"restaurant","check_date":"2025-11-29","check_date:diet:vegan":"2025-11-29","check_date:diet:vegetarian":"2025-06-04","cuisine":"italian","diet:vegan":"no","diet:vegetarian":"yes","name":"La Gondola Trattoria","payment:cryptocurrencies":"no","smoking":"no"}},"geometry":{"type":"Point","coordinates":[11.973741,57.70158]}},{"type":"Feature","properties":{"id":2033520100,"osm_type":"node","name":"McDonald's","category":"restaurant","tags":{"amenity":"fast_food","brand":"McDonald's","brand:wikidata":"Q38076","brand:wikipedia":"sv:McDonald's","cuisine":"burger","name":"McDonald's","opening_hours":"24/7","takeaway":"yes"}},"geometry":{"type":"Point","coordinates":[11.977103,57.69923]}},{"type":"Feature","properties":{"id":2033520138,"osm_type":"node","name":"Bellora","category":"restaurant","tags":{"amenity":"pub","check_date:smoking":"2024-02-14","diet:vegetarian":"yes","food":"yes","internet_access":"no","name":"Bellora","smoking":"no"}},"geometry":{"type":"Point","coordinates":[11.973906,57.701464]}},{"type":"Feature","properties":{"id":2039167837,"osm_type":"node","name":"Tandoori kitchen","category":"restaurant","tags":{"addr:city":"Göteborg","addr:country":"SE","addr:housenumber":"25","addr:postcode":"411 19","addr:street":"Kungsgatan","amenity":"restaurant","check_date":"2025-09-26;2023-05-23","check_date:diet:vegan":"2025-09-26","check_date:diet:vegetarian":"2025-09-26","cuisine":"indian","diet:vegan":"yes","diet:vegetarian":"yes","indoor_seating":"yes","name":"Tandoori kitchen","outdoor_seating":"yes","payment:credit_cards":"yes","payment:cryptocurrencies":"no","payment:debit_cards":"yes","smoking":"no"}},"geometry":{"type":"Point","coordinates":[11.9632588,57.7038683]}},{"type":"Feature","properties":{"id":2039167839,"osm_type":"node","name":"Espresso House","category":"restaurant","tags":{"amenity":"cafe","brand":"Espresso House","brand:wikidata":"Q10489162","brand:wikipedia":"sv:Espresso House","check_date":"2025-08-27","check_date:opening_hours":"2025-08-27","cuisine":"coffee_shop","diet:vegan":"yes","diet:vegetarian":"yes","indoor_seating":"yes","internet_access":"wlan","name":"Espresso House","opening_hours":"Mo-Fr 08:00-19:00; Sa 10:00-18:00; Su 11:00-17:00","outdoor_seating":"yes","payment:credit_cards":"yes","payment:debit_cards":"yes","smoking":"no","takeaway":"yes","wheelchair":"limited"}},"geometry":{"type":"Point","coordinates":[11.962327,57.703713]}},{"type":"Feature","properties":{"id":2039167846,"osm_type":"node","name":"Yomo","category":"restaurant","tags":{"addr:city":"Göteborg","addr:housenumber":"25","addr:postcode":"411 19","addr:street":"Kungsgatan","amenity":"restaurant","check_date":"2025-09-25","cuisine":"asian","name":"Yomo","opening_hours":"Mo-Fr 11:00-19:00; Sa 12:00-17:00; Su 12:00-16:00"}},"geometry":{"type":"Point","coordinates":[11.9634369,57.7038924]}},{"type":"Feature","properties":{"id":2039206497,"osm_type":"node","name":"Condeco","category":"restaurant","tags":{"addr:city":"Göteborg","addr:country":"SE","addr:housenumber":"45","addr:postcode":"41115","addr:street":"Kungsgatan","amenity":"cafe","check_date":"2025-09-01","check_date:opening_hours":"2025-09-01","diet:vegetarian":"yes","name":"Condeco","opening_hours":"Mo-Fr 09:00-19:00; Sa 10:00-18:00; Su 10:00-18:00","outdoor_seating":"yes","payment:credit_cards":"yes","payment:debit_cards":"yes","smoking":"no"}},"geometry":{"type":"Point","coordinates":[11.9665902,57.7043704]}},{"type":"Feature","properties":{"id":2061370474,"osm_type":"node","name":"Jerkstrand","category":"restaurant","tags":{"air_conditioning":"yes","amenity":"cafe","indoor_seating":"yes","name":"Jerkstrand","opening_hours":"Mo-Fr 07:30-18:00; Sa 10:00-16:00; Su 11:00-16:00","outdoor_seating":"no","smoking":"no"}},"geometry":{"type":"Point","coordinates":[11.9527934,57.640364]}},{"type":"Feature","properties":{"id":2073292877,"osm_type":"node","name":"Wing Wah","category":"restaurant","tags":{"addr:city":"Göteborg","addr:country":"SE","addr:housenumber":"42","addr:postcode":"41251","addr:street":"Åvägen","amenity":"restaurant","check_date":"2024-12-01","check_date:diet:vegan":"2024-12-01","cuisine":"chinese","delivery":"no","diet:vegan":"yes","diet:vegetarian":"yes","indoor_seating":"yes","name":"Wing Wah","opening_hours":"Mo-Su 11:00-21:00","outdoor_seating":"no","payment:cryptocurrencies":"no","phone":"+46 31 409 51 8","smoking":"no","takeaway":"yes"}},"geometry":{"type":"Point","coordinates":[11.992505,57.698294]}},{"type":"Feature","properties":{"id":2073302696,"osm_type":"node","name":"Focusresturangen","category":"restaurant","tags":{"amenity":"restaurant","cuisine":"diner","internet_access":"wlan","name":"Focusresturangen","opening_hours":"Mo-Fr 08:00-18:00","outdoor_seating":"yes","payment:cryptocurrencies":"no","smoking":"outside","toilets:wheelchair":"yes","wheelchair":"yes"}},"geometry":{"type":"Point","coordinates":[11.992556,57.698667]}},{"type":"Feature","properties":{"id":2073313714,"osm_type":"node","name":"Incontro Restaurant & Bar","category":"restaurant","tags":{"addr:city":"Göteborg","addr:country":"SE","addr:housenumber":"16","addr:postcode":"412 51","addr:street":"Mässans Gata","air_conditioning":"yes","amenity":"restaurant","cuisine":"mediterranean","name":"Incontro Restaurant & Bar","outdoor_seating":"yes","payment:cryptocurrencies":"no","smoking":"no","website":"https://incontro.se/","wheelchair":"yes"}},"geometry":{"type":"Point","coordinates":[11.987355,57.697584]}},{"type":"Feature","properties":{"id":2073316031,"osm_type":"node","name":"Heaven 23","category":"restaurant","tags":{"addr:city":"Göteborg","addr:country":"SE","addr:housenumber":"22","addr:postcode":"412 51","addr:street":"Mässans Gata","air_conditioning":"yes","amenity":"restaurant","name":"Heaven 23","opening_hours":"Mo-Th 11:30-24:00, Fr 11:30-01:00, Sa 12:00-01:00, Su 12:00-24:00","outdoor_seating":"no","payment:cryptocurrencies":"no","smoking":"separated","takeaway":"yes","website":"https://heaven23.se/"}},"geometry":{"type":"Point","coordinates":[11.988597,57.697466]}},{"type":"Feature","properties":{"id":2078806780,"osm_type":"node","name":"Convendum","category":"restaurant","tags":{"amenity":"restaurant","name":"Convendum"}},"geometry":{"type":"Point","coordinates":[11.974895,57.700081]}},{"type":"Feature","properties":{"id":2078806783,"osm_type":"node","name":"Bryggeriet","category":"restaurant","tags":{"amenity":"pub","check_date":"2022-12-18","indoor_seating":"yes","name":"Bryggeriet","outdoor_seating":"yes","smoking":"no"}},"geometry":{"type":"Point","coordinates":[11.9730546,57.7013562]}},{"type":"Feature","properties":{"id":2078806858,"osm_type":"node","name":"Ljunggrens Café","category":"restaurant","tags":{"amenity":"cafe","check_date":"2024-12-09","name":"Ljunggrens Café","smoking":"no"}},"geometry":{"type":"Point","coordinates":[11.9766735,57.6988553]}},{"type":"Feature","properties":{"id":2078806888,"osm_type":"node","name":"John Scotts","category":"restaurant","tags":{"alt_name":"John Scott's Avenyn","amenity":"restaurant","contact:phone":"+46 31 131380","indoor_seating":"yes","name":"John Scotts","opening_hours":"Mo-Th 15:00-01:00, Fr,Sa 12:00-02:00, Su 12:00-01:00","outdoor_seating":"yes","payment:credit_cards":"yes","payment:debit_cards":"yes","smoking":"no","wheelchair":"limited"}},"geometry":{"type":"Point","coordinates":[11.9739581,57.7007181]}},{"type":"Feature","properties":{"id":2078806891,"osm_type":"node","name":"JOS","category":"restaurant","tags":{"addr:city":"Göteborg","addr:country":"SE","addr:housenumber":"23","addr:postcode":"411 36","addr:street":"Kungsportsavenyen","amenity":"cafe","indoor_seating":"yes","name":"JOS","opening_hours":"Mo-Fr 10:00-19:00; Sa-Su 10:00-17:00","outdoor_seating":"yes","smoking":"no","takeaway":"yes","website":"https://www.joshalsocafe.se/avenyn-1"}},"geometry":{"type":"Point","coordinates":[11.974955,57.700042]}},{"type":"Feature","properties":{"id":2078806902,"osm_type":"node","name":"Tvåkanten","category":"restaurant","tags":{"addr:city":"Göteborg","addr:country":"SE","addr:housenumber":"27","addr:postcode":"411 36","addr:street":"Kungsportsavenyen","amenity":"bar","email":"restaurang@tvakanten.se","name":"Tvåkanten","opening_hours":"Mo,Su 13:00-23:00; Tu-We 12:00-23:00; Th 12:00-24:00; Fr-Sa 13:00-01:00","payment:cash":"yes","payment:credit_cards":"yes","payment:debit_cards":"yes","phone":"+46 31 313 33 36","smoking":"no","website":"https://www.tvakanten.se/","wheelchair":"yes"}},"geometry":{"type":"Point","coordinates":[11.975696,57.699519]}},{"type":"Feature","properties":{"id":2097460275,"osm_type":"node","name":"Cederleüfs & Svenheimers","category":"restaurant","tags":{"addr:city":"Göteborg","addr:country":"SE","addr:housenumber":"16C","addr:postcode":"411 01","addr:street":"Friggagatan","amenity":"cafe","contact:phone":"+46 31 802012","contact:website":"http://cederleufssvenheimers.se/","name":"Cederleüfs & Svenheimers","opening_hours":"Mo-Fr 07:00-19:00; Sa 08:00-16:00; Su 11:00-16:00","shop":"bakery","smoking":"no"}},"geometry":{"type":"Point","coordinates":[11.9887392,57.7117972]}},{"type":"Feature","properties":{"id":2097460347,"osm_type":"node","name":"Gelato Station","category":"restaurant","tags":{"addr:housenumber":"14A","addr:street":"Friggagatan","amenity":"ice_cream","name":"Gelato Station","website":"https://gelatostation.se"}},"geometry":{"type":"Point","coordinates":[11.98799,57.7114177]}},{"type":"Feature","properties":{"id":2118506357,"osm_type":"node","name":"Brödernas","category":"restaurant","tags":{"amenity":"fast_food","check_date":"2025-10-25","cuisine":"burger","drive_through":"no","name":"Brödernas","opening_hours":"Mo-Fr 11:00-20:00; Sa 12:00-21:00; Su 12:00-20:00","payment:mastercard":"yes","payment:visa":"yes","takeaway":"yes","website":"https://brodernas.nu","wikidata":"Q136644088"}},"geometry":{"type":"Point","coordinates":[11.9537339,57.7213379]}},{"type":"Feature","properties":{"id":2118506358,"osm_type":"node","name":"Burger King","category":"restaurant","tags":{"air_conditioning":"yes","amenity":"fast_food","brand":"Burger King","brand:wikidata":"Q177054","brand:wikipedia":"sv:Burger King","check_date":"2025-06-04","check_date:smoking":"2025-06-04","cuisine":"burger","diet:vegetarian":"yes","drive_through":"no","highchair":"yes","indoor_seating":"yes","internet_access":"wlan","internet_access:fee":"no","name":"Burger King","opening_hours":"Mo-Fr 10:00-22:00; Sa-Su 10:00-21:00","outdoor_seating":"no","payment:mastercard":"yes","payment:visa":"yes","smoking":"no","takeaway":"yes","wheelchair":"no"}},"geometry":{"type":"Point","coordinates":[11.9522157,57.721898]}},{"type":"Feature","properties":{"id":2118507478,"osm_type":"node","name":"Mr. Tomato Pastabar","category":"restaurant","tags":{"amenity":"restaurant","cuisine":"italian","name":"Mr. Tomato Pastabar","opening_hours":"Mo-Th 11:00-21:00; Fr-Sa 12:00-22:00; Su 12:00-20:00","payment:cryptocurrencies":"no","smoking":"no"}},"geometry":{"type":"Point","coordinates":[11.94983,57.718773]}},{"type":"Feature","properties":{"id":2118508652,"osm_type":"node","name":"Silver Draken","category":"restaurant","tags":{"amenity":"restaurant","cuisine":"chinese","name":"Silver Draken","opening_hours":"Mo-Fr 11:00-22:00; Sa 12:00-22:00; Su 12:00-21:00","outdoor_seating":"no","payment:cryptocurrencies":"no","smoking":"no","takeaway":"yes"}},"geometry":{"type":"Point","coordinates":[11.948312,57.716846]}},{"type":"Feature","properties":{"id":2118526611,"osm_type":"node","name":"Johanssons Krog","category":"restaurant","tags":{"amenity":"restaurant","cuisine":"international","name":"Johanssons Krog","smoking":"no"}},"geometry":{"type":"Point","coordinates":[11.9808628,57.7316263]}},{"type":"Feature","properties":{"id":2118529840,"osm_type":"node","name":"Hildedals Kök","category":"restaurant","tags":{"amenity":"restaurant","name":"Hildedals Kök","smoking":"no"}},"geometry":{"type":"Point","coordinates":[11.9468629,57.7355012]}},{"type":"Feature","properties":{"id":2120515831,"osm_type":"node","name":"Matshopen Pizzeria","category":"restaurant","tags":{"amenity":"restaurant","cuisine":"pizza","name":"Matshopen Pizzeria","payment:cryptocurrencies":"no","smoking":"no"}},"geometry":{"type":"Point","coordinates":[12.0271857,57.7171387]}},{"type":"Feature","properties":{"id":2137607151,"osm_type":"node","name":"Bombay Palace","category":"restaurant","tags":{"amenity":"restaurant","cuisine":"indian","name":"Bombay Palace","payment:cryptocurrencies":"no","smoking":"no","wheelchair":"no"}},"geometry":{"type":"Point","coordinates":[11.9768054,57.7007903]}},{"type":"Feature","properties":{"id":2137607190,"osm_type":"node","name":"Resturang Mandarin","category":"restaurant","tags":{"amenity":"restaurant","cuisine":"chinese","name":"Resturang Mandarin","opening_hours":"Mo-Th 11:00-22:00; Fr 11:00-23:00; Sa 12:00-23:00; Su 13:00-22:00","payment:cryptocurrencies":"no","smoking":"no"}},"geometry":{"type":"Point","coordinates":[11.9838216,57.6972984]}},{"type":"Feature","properties":{"id":2137607192,"osm_type":"node","name":"Steinbrenner & Nyberg","category":"restaurant","tags":{"amenity":"cafe","check_date":"2025-08-08","name":"Steinbrenner & Nyberg","opening_hours":"Mo-Fr 09:00-18:30; Sa 09:00-16:00","smoking":"no"}},"geometry":{"type":"Point","coordinates":[11.9830261,57.697665]}},{"type":"Feature","properties":{"id":2137607194,"osm_type":"node","name":"DolceVia","category":"restaurant","tags":{"amenity":"ice_cream","name":"DolceVia"}},"geometry":{"type":"Point","coordinates":[11.975029,57.701683]}},{"type":"Feature","properties":{"id":2137719408,"osm_type":"node","name":"Baguetten","category":"restaurant","tags":{"amenity":"fast_food","cuisine":"sandwich","name":"Baguetten","payment:cash":"yes","payment:credit_cards":"yes","payment:debit_cards":"yes"}},"geometry":{"type":"Point","coordinates":[11.9850615,57.6968428]}},{"type":"Feature","properties":{"id":2137719411,"osm_type":"node","name":"Berzelius Bar & Matsal","category":"restaurant","tags":{"amenity":"restaurant","check_date":"2026-02-19","contact:phone":"+46 31 16 00 30","contact:website":"http://www.berzeliusbar.se","name":"Berzelius Bar & Matsal","opening_hours":"Mo-Th 11:30-24:00; Fr 11:30-02:00, Sa 12:00-02:00, Su 12:00-24:00","payment:cryptocurrencies":"no","smoking":"no"}},"geometry":{"type":"Point","coordinates":[11.9825339,57.6984431]}},{"type":"Feature","properties":{"id":2137719417,"osm_type":"node","name":"Patogh","category":"restaurant","tags":{"amenity":"restaurant","check_date":"2025-11-16","name":"Patogh","smoking":"no"}},"geometry":{"type":"Point","coordinates":[11.98495,57.6973111]}},{"type":"Feature","properties":{"id":2137719420,"osm_type":"node","name":"Dinner 22","category":"restaurant","tags":{"amenity":"restaurant","name":"Dinner 22","opening_hours":"Mo-Su 17:00-22:00+","payment:cryptocurrencies":"no","smoking":"no"}},"geometry":{"type":"Point","coordinates":[11.9829953,57.6982177]}},{"type":"Feature","properties":{"id":2137719426,"osm_type":"node","name":"Drinks 20","category":"restaurant","tags":{"amenity":"bar","name":"Drinks 20","smoking":"no"}},"geometry":{"type":"Point","coordinates":[11.9827692,57.6983168]}},{"type":"Feature","properties":{"id":2137719454,"osm_type":"node","name":"Samara Lounge","category":"restaurant","tags":{"addr:city":"Göteborg","addr:country":"SE","addr:housenumber":"30","addr:street":"Södra Vägen","amenity":"restaurant","cuisine":"arab;lebanese","name":"Samara Lounge","payment:cryptocurrencies":"no","smoking":"no","website":"http://samaralounge.se"}},"geometry":{"type":"Point","coordinates":[11.9843064,57.6976111]}},{"type":"Feature","properties":{"id":2137719475,"osm_type":"node","name":"Bistro Södra 32","category":"restaurant","tags":{"amenity":"restaurant","check_date":"2025-11-16","name":"Bistro Södra 32","opening_hours":"Mo-Fr 16:00-01:00; Sa 12:00-01:00; Su 13:00-01:00","payment:cryptocurrencies":"no","smoking":"no","toilets:wheelchair":"yes","website":"https://www.bistrosodra32.se/","wheelchair":"limited","wheelchair:description":"Det finns en sidoentré med ett ca 5-6 cm trappsteg där man kan komma in med elrullstol utan problem."}},"geometry":{"type":"Point","coordinates":[11.98469,57.697425]}},{"type":"Feature","properties":{"id":2137719485,"osm_type":"node","name":"Wrapped Burrito Bar","category":"restaurant","tags":{"addr:city":"Göteborg","addr:country":"SE","addr:housenumber":"55","addr:street":"Södra Vägen","amenity":"restaurant","contact:facebook":"https://www.facebook.com/WrappedBurritoBar","contact:instagram":"https://www.instagram.com/wrappedburritobar","contact:website":"https://www.wrapped.se/hem/sodra-vagen/","name":"Wrapped Burrito Bar","payment:cryptocurrencies":"no","smoking":"no","takeaway":"yes","wheelchair":"no","wheelchair:description":"Uteserveringen är inte tillgänglig för personer i rullstol."}},"geometry":{"type":"Point","coordinates":[11.9845416,57.6970614]}},{"type":"Feature","properties":{"id":2137719498,"osm_type":"node","name":"Quick Food","category":"restaurant","tags":{"amenity":"fast_food","name":"Quick Food"}},"geometry":{"type":"Point","coordinates":[11.9852242,57.696784]}},{"type":"Feature","properties":{"id":2137719504,"osm_type":"node","name":"Tara's","category":"restaurant","tags":{"amenity":"restaurant","contact:phone":"+46 31 778 18 95","cuisine":"turkish","name":"Tara's","opening_hours":"Mo-Th 16:00-23:00; Fr 16:00-01:00, Sa 12:00-01:00, Su 13:00-22:00","payment:cryptocurrencies":"no","smoking":"no"}},"geometry":{"type":"Point","coordinates":[11.9832354,57.6980893]}},{"type":"Feature","properties":{"id":2137719505,"osm_type":"node","name":"Pergola Trattoria e Vino","category":"restaurant","tags":{"addr:city":"Göteborg","addr:country":"SE","addr:housenumber":"26","addr:postcode":"412 54","addr:street":"Södra Vägen","amenity":"restaurant","cuisine":"italian","name":"Pergola Trattoria e Vino","opening_hours":"Mo-Tu 16:00-22:00; We-Fr 16:00-01:00, Sa 12:00-01:00, Su 12:00-23:00","payment:cryptocurrencies":"no","phone":"+46 31 188980","smoking":"no","website":"https://www.lapergola.se/"}},"geometry":{"type":"Point","coordinates":[11.983653,57.6979271]}},{"type":"Feature","properties":{"id":2137719506,"osm_type":"node","name":"Vino bar","category":"restaurant","tags":{"amenity":"bar","name":"Vino bar","opening_hours":"Mo-Fr 17:00-01:00, Sa 14:00-02:00, Su 14:00-23:00","smoking":"no"}},"geometry":{"type":"Point","coordinates":[11.9837791,57.6978368]}},{"type":"Feature","properties":{"id":2139221245,"osm_type":"node","name":"Athena","category":"restaurant","tags":{"addr:city":"Göteborg","addr:country":"SE","addr:housenumber":"53","addr:postcode":"412 54","addr:street":"Engelbrektsgatan","amenity":"restaurant","cuisine":"greek","name":"Athena","opening_hours":"Mo-Th 16:30-22:00, Fr 16:30-23:00, Sa 14:30-23:00","payment:cryptocurrencies":"no","smoking":"no","website":"https://www.restaurangathena.se/"}},"geometry":{"type":"Point","coordinates":[11.9805687,57.6999785]}},{"type":"Feature","properties":{"id":2139221279,"osm_type":"node","name":"Hyaku - Sushi Heden","category":"restaurant","tags":{"amenity":"restaurant","name":"Hyaku - Sushi Heden","opening_hours":"Mo-Th 11:30-21:00; Fr 11:30-22:00; Sa 13:00-22:00; Su 14:00-21:00"}},"geometry":{"type":"Point","coordinates":[11.9824415,57.7007638]}},{"type":"Feature","properties":{"id":2139221280,"osm_type":"node","name":"Mr. Antipasti","category":"restaurant","tags":{"addr:city":"Göteborg","addr:country":"SE","addr:postcode":"412 52","addr:street":"Engelbrektsgatan","amenity":"restaurant","cuisine":"italian","name":"Mr. Antipasti","payment:cryptocurrencies":"no","smoking":"no"}},"geometry":{"type":"Point","coordinates":[11.9809702,57.7001405]}},{"type":"Feature","properties":{"id":2139221285,"osm_type":"node","name":"Noodle Master","category":"restaurant","tags":{"addr:city":"Göteborg","addr:country":"SE","addr:housenumber":"55","addr:postcode":"412 52","addr:street":"Engelbrektsgatan","amenity":"restaurant","check_date":"2026-02-19","check_date:opening_hours":"2026-02-19","cuisine":"asian;ramen","name":"Noodle Master","opening_hours":"Tu-Su 11:30-21:00","payment:cryptocurrencies":"no","smoking":"no"}},"geometry":{"type":"Point","coordinates":[11.980728,57.70005]}},{"type":"Feature","properties":{"id":2139221290,"osm_type":"node","name":"Scandic Opalens restaurang","category":"restaurant","tags":{"addr:city":"Göteborg","addr:country":"SE","addr:housenumber":"73","addr:postcode":"41252","addr:street":"Engelbrektsgatan","amenity":"restaurant","name":"Scandic Opalens restaurang","payment:cryptocurrencies":"no","smoking":"no","website":"https://www.scandichotels.se/hotell/sverige/goteborg/scandic-opalen/restaurang-bar/restaurang","wheelchair":"yes"}},"geometry":{"type":"Point","coordinates":[11.9852625,57.7014074]}},{"type":"Feature","properties":{"id":2139221292,"osm_type":"node","name":"Pasta Plus","category":"restaurant","tags":{"addr:city":"Göteborg","addr:country":"SE","addr:housenumber":"2","addr:postcode":"412 54","addr:street":"Södra Vägen","amenity":"restaurant","cuisine":"italian","name":"Pasta Plus","payment:cryptocurrencies":"no","smoking":"no","website":"https://www.pastaplus.se/","wheelchair":"no"}},"geometry":{"type":"Point","coordinates":[11.9803365,57.6995446]}},{"type":"Feature","properties":{"id":2139221294,"osm_type":"node","name":"Restaurang Söder","category":"restaurant","tags":{"addr:city":"Göteborg","addr:housenumber":"8","addr:postcode":"412 54","addr:street":"Södra Vägen","amenity":"restaurant","cuisine":"mediterranean","name":"Restaurang Söder","payment:cash":"yes","payment:credit_cards":"yes","payment:cryptocurrencies":"no","payment:debit_cards":"yes","smoking":"no"}},"geometry":{"type":"Point","coordinates":[11.9806925,57.6993439]}},{"type":"Feature","properties":{"id":2139221297,"osm_type":"node","name":"Samui Thai Kitchen","category":"restaurant","tags":{"addr:city":"Göteborg","addr:country":"SE","addr:housenumber":"51","addr:postcode":"412 52","addr:street":"Engelbrektsgatan","amenity":"restaurant","cuisine":"thai","name":"Samui Thai Kitchen","payment:cryptocurrencies":"no","smoking":"no","website":"https://samuithaiexpress.gastrogate.com/"}},"geometry":{"type":"Point","coordinates":[11.980438,57.6999282]}},{"type":"Feature","properties":{"id":2139221301,"osm_type":"node","name":"Restaurant Humm","category":"restaurant","tags":{"addr:city":"Göteborg","addr:country":"SE","addr:housenumber":"2","addr:postcode":"412 54","addr:street":"Södra Vägen","air_conditioning":"yes","amenity":"restaurant","contact:facebook":"https://www.facebook.com/hummrestaurang/","contact:instagram":"https://www.instagram.com/restaurang_humm","contact:phone":"+46 31 132 23 5","contact:website":"https://humm.gastrogate.com/","contact:website:menu":"https://www.restauranghumm.se/menu","cuisine":"asian","diet:vegetarian":"yes","name":"Restaurant Humm","opening_hours":"Mo-Fr 15:00-24:00+, Sa 13:00-24:00+, Su 15:00-24:00+","outdoor_seating":"yes","payment:cash":"yes","payment:credit_cards":"yes","payment:cryptocurrencies":"no","payment:debit_cards":"yes","reservation":"yes","smoking":"no","toilets":"yes","toilets:menstrual_products":"no","wheelchair":"yes"}},"geometry":{"type":"Point","coordinates":[11.9800772,57.6996793]}},{"type":"Feature","properties":{"id":2141492048,"osm_type":"node","name":"Kaffe-Majas","category":"restaurant","tags":{"addr:city":"Göteborg","addr:country":"SE","addr:housenumber":"23","addr:street":"Drottninggatan","amenity":"cafe","check_date":"2026-04-17","check_date:opening_hours":"2025-05-04","name":"Kaffe-Majas","opening_hours":"Mo-Fr 07:00-18:00; Sa 09:30-18:00; Su 10:00-18:00"}},"geometry":{"type":"Point","coordinates":[11.9658002,57.7053782]}},{"type":"Feature","properties":{"id":2141492054,"osm_type":"node","name":"Hasselsson","category":"restaurant","tags":{"amenity":"restaurant","cuisine":"fish_and_chips;fish","indoor_seating":"yes","name":"Hasselsson","opening_hours":"Tu 11:00-15:00; We,Th 11:00-20:00; Fr,Sa 11:00-21:00; Su 11:30-16:00","outdoor_seating":"yes"}},"geometry":{"type":"Point","coordinates":[11.9662863,57.7055499]}},{"type":"Feature","properties":{"id":2141492056,"osm_type":"node","name":"Diné Burgers","category":"restaurant","tags":{"amenity":"restaurant","cuisine":"burger","name":"Diné Burgers","opening_hours":"Mo-Sa 11:00-22:00; Su 11:00-20:00","website":"https://www.dineburgers.se"}},"geometry":{"type":"Point","coordinates":[11.966786,57.705519]}},{"type":"Feature","properties":{"id":2141492106,"osm_type":"node","name":"Latteria","category":"restaurant","tags":{"amenity":"cafe","name":"Latteria","opening_hours":"Mo-Fr 07:30-18:00; Sa 08:30-17:00","smoking":"no"}},"geometry":{"type":"Point","coordinates":[11.963565,57.70515]}},{"type":"Feature","properties":{"id":2141492109,"osm_type":"node","name":"Zaffran","category":"restaurant","tags":{"amenity":"restaurant","cuisine":"persian","indoor_seating":"yes","name":"Zaffran","outdoor_seating":"yes","payment:cryptocurrencies":"no","smoking":"no"}},"geometry":{"type":"Point","coordinates":[11.973948,57.707027]}},{"type":"Feature","properties":{"id":2141492114,"osm_type":"node","name":"Deg","category":"restaurant","tags":{"amenity":"restaurant","name":"Deg"}},"geometry":{"type":"Point","coordinates":[11.966572,57.705496]}},{"type":"Feature","properties":{"id":2141492123,"osm_type":"node","name":"Steinbrenner & Nyberg","category":"restaurant","tags":{"addr:city":"Göteborg","addr:housenumber":"6","addr:postcode":"411 07","addr:street":"Östra Larmgatan","air_conditioning":"yes","amenity":"cafe","changing_table":"yes","cuisine":"cake;soup;pizza;sandwich","email":"ostra@steinbrenner-nyberg.se","indoor_seating":"yes","internet_access":"no","name":"Steinbrenner & Nyberg","opening_hours":"Mo-Fr 06:30-18:30; Sa 09:00-17:00; Su 11:00-18:00","outdoor_seating":"no","payment:credit_cards":"yes","payment:debit_cards":"yes","payment:mastercard":"yes","payment:visa":"yes","phone":"+46 31-80 20 28","smoking":"no","stroller":"yes","takeaway":"yes","toilets":"yes","website":"https://www.steinbrenner-nyberg.se/butiker-bageriet/ostra-larmgatan/","wheelchair":"yes"}},"geometry":{"type":"Point","coordinates":[11.9723302,57.7065234]}},{"type":"Feature","properties":{"id":2141492128,"osm_type":"node","name":"Sushi Delux","category":"restaurant","tags":{"amenity":"restaurant","cuisine":"sushi","name":"Sushi Delux","payment:cryptocurrencies":"no","smoking":"no"}},"geometry":{"type":"Point","coordinates":[11.971119,57.706179]}},{"type":"Feature","properties":{"id":2141492133,"osm_type":"node","name":"Tugg Burgers","category":"restaurant","tags":{"addr:city":"Göteborg","addr:country":"SE","addr:housenumber":"21","addr:postcode":"41114","addr:street":"Drottninggatan","amenity":"restaurant","check_date":"2026-04-17","cuisine":"burger","delivery":"yes","indoor_seating":"yes","name":"Tugg Burgers","opening_hours":"Mo-Th 11:00-21:00; Fr 11:00-22:00; Sa 12:00-22:00; Su 12:00-20:00","outdoor_seating":"yes","payment:cryptocurrencies":"no","smoking":"no","takeaway":"yes","website":"https://gbg.tuggburgers.se/"}},"geometry":{"type":"Point","coordinates":[11.9657062,57.7053677]}},{"type":"Feature","properties":{"id":2141492138,"osm_type":"node","name":"Zozaki","category":"restaurant","tags":{"amenity":"restaurant","cuisine":"japanese","indoor_seating":"yes","name":"Zozaki","outdoor_seating":"yes","payment:cryptocurrencies":"no","smoking":"no"}},"geometry":{"type":"Point","coordinates":[11.9739775,57.7069647]}},{"type":"Feature","properties":{"id":2141492140,"osm_type":"node","name":"a","category":"restaurant","tags":{"amenity":"restaurant","name":"a","payment:cryptocurrencies":"no","smoking":"no"}},"geometry":{"type":"Point","coordinates":[11.9729318,57.7070445]}},{"type":"Feature","properties":{"id":2144014540,"osm_type":"node","name":"John Scott's Stable","category":"restaurant","tags":{"amenity":"pub","name":"John Scott's Stable","opening_hours":"Mo-Fr 10:00-19:00; Sa 10:00-17:00; Su 12:00-16:00","smoking":"no"}},"geometry":{"type":"Point","coordinates":[11.9700713,57.7055188]}},{"type":"Feature","properties":{"id":2144014640,"osm_type":"node","name":"Restaurang Collage","category":"restaurant","tags":{"addr:city":"Göteborg","addr:housenumber":"34","addr:postcode":"41115","addr:street":"Kyrkogatan","amenity":"restaurant","bar":"yes","check_date":"2026-05-07","check_date:diet:vegetarian":"2026-05-07","contact:facebook":"https://www.facebook.com/restaurangcollage","cuisine":"french","diet:vegetarian":"yes","name":"Restaurang Collage","opening_hours":"Mo 17:00-23:00; Tu-Th 11:30-23:00; Fr 11:30-24:00; Sa 12:00-24:00; Su off","phone":"+46317879806","website":"https://restaurangcollage.se/"}},"geometry":{"type":"Point","coordinates":[11.9662489,57.7050172]}},{"type":"Feature","properties":{"id":2144014641,"osm_type":"node","name":"Kafé Vanilj","category":"restaurant","tags":{"amenity":"cafe","name":"Kafé Vanilj","smoking":"no"}},"geometry":{"type":"Point","coordinates":[11.9670522,57.7051355]}},{"type":"Feature","properties":{"id":2144014644,"osm_type":"node","name":"Khoki Sushi","category":"restaurant","tags":{"amenity":"restaurant","cuisine":"sushi","name":"Khoki Sushi","opening_hours":"Mo-Fr 11:00-20:00; Sa,Su 12:00-18:00","outdoor_seating":"yes","payment:cryptocurrencies":"no","smoking":"no"}},"geometry":{"type":"Point","coordinates":[11.967883,57.705294]}},{"type":"Feature","properties":{"id":2144014651,"osm_type":"node","name":"Ma Cuisine","category":"restaurant","tags":{"amenity":"restaurant","check_date":"2025-09-25","name":"Ma Cuisine","outdoor_seating":"yes","payment:cryptocurrencies":"no","smoking":"no"}},"geometry":{"type":"Point","coordinates":[11.9658468,57.7049517]}},{"type":"Feature","properties":{"id":2144014663,"osm_type":"node","name":"MG5","category":"restaurant","tags":{"addr:city":"Göteborg","addr:country":"SE","addr:housenumber":"5","addr:postcode":"411 18","addr:street":"Magasinsgatan","amenity":"bar","email":"bokning@magasinsgatan5.se","name":"MG5","opening_hours":"Mo-Th 16:00-00:00; Fr 16:00-02:00; Sa 13:00-02:00","phone":"+46 73 093 86 13","website":"https://magasinsgatan5.se/"}},"geometry":{"type":"Point","coordinates":[11.9619594,57.7043528]}},{"type":"Feature","properties":{"id":2144014666,"osm_type":"node","name":"de Lorenzi","category":"restaurant","tags":{"amenity":"cafe","name":"de Lorenzi","opening_hours":"Tu 10:00-20:00; We,Th 10:00-22:00; Fr 10:00-22:00+; Sa 11:00-22:00+; Su 13:00-20:00","smoking":"no"}},"geometry":{"type":"Point","coordinates":[11.9679036,57.7051677]}},{"type":"Feature","properties":{"id":2144107194,"osm_type":"node","name":"Miya","category":"restaurant","tags":{"amenity":"restaurant","cuisine":"japanese","name":"Miya"}},"geometry":{"type":"Point","coordinates":[11.9631733,57.7039842]}},{"type":"Feature","properties":{"id":2144107211,"osm_type":"node","name":"Kopps","category":"restaurant","tags":{"addr:country":"SE","addr:housenumber":"40","addr:street":"Kungsgatan","air_conditioning":"yes","amenity":"cafe","bar":"yes","breakfast":"Mo-Fr 08:00-11:00; Sa-Su 09:00-11:00","changing_table":"yes","check_date":"2026-05-02","contact:email":"info@kopps.se","contact:facebook":"https://www.facebook.com/koppsgbg","contact:instagram":"https://www.instagram.com/koppsgbg","contact:phone":"+46 31 339 19 00","contact:website":"https://www.kopps.se/","contact:website:menu":"https://www.kopps.se/meny","cuisine":"pizza;burger;pasta;salad;sandwich","diet:gluten_free":"yes","diet:lactose_free":"yes","diet:raw":"yes","diet:vegan":"yes","diet:vegetarian":"yes","dog":"yes","drive_through":"no","highchair":"yes","indoor_seating":"yes","internet_access":"wlan","internet_access:fee":"customers","internet_access:ssid":"Kopps_Guest_Wifi","name":"Kopps","opening_hours":"Mo-Th 08:00-22:30; Fr 08:00-23:30; Sa 09:00-23:30; Su 09:00-22:30","opening_hours:kitchen":"Mo-Th 08:00-22:00; Fr 08:00-23:00; Sa 09:00-23:00; Su 09:00-22:00","organic":"yes","outdoor_seating":"yes","payment:credit_cards":"yes","payment:debit_cards":"yes","reservation":"no","smoking":"no","takeaway":"yes","toilets":"yes","toilets:menstrual_products":"no","website:menu":"https://www.kopps.se/meny/","wheelchair":"no"}},"geometry":{"type":"Point","coordinates":[11.9634657,57.7040307]}},{"type":"Feature","properties":{"id":2144107227,"osm_type":"node","name":"Sweet Bakery","category":"restaurant","tags":{"amenity":"cafe","name":"Sweet Bakery","opening_hours":"Mo-Th 07:00-18:00; Fr 07:00-17:00; Sa 10:00-15:00","smoking":"no"}},"geometry":{"type":"Point","coordinates":[11.961463,57.7037203]}},{"type":"Feature","properties":{"id":2144107230,"osm_type":"node","name":"Targaz","category":"restaurant","tags":{"addr:city":"Göteborg","addr:housenumber":"34","addr:postcode":"411 19","addr:street":"Kungsgatan","air_conditioning":"yes","amenity":"restaurant","bar":"yes","check_date":"2024-06-07","cuisine":"greek;persian","diet:vegetarian":"yes","email":"info@targaz.se","highchair":"no","indoor_seating":"yes","internet_access":"no","microbrewery":"no","name":"Targaz","opening_hours":"Mo-Th 11:00-21:00; Fr 11:00-23:00+; Sa 12:00-23:00+; Su 12:00-21:00","outdoor_seating":"yes","payment:cryptocurrencies":"no","payment:mastercard":"yes","payment:visa":"yes","phone":"+46 31 711 03 02","smoking":"no","toilets":"yes","toilets:menstrual_products":"no","website":"https://www.targaz.se/","website:menu":"https://www.targaz.se/meny/"}},"geometry":{"type":"Point","coordinates":[11.9626113,57.7038988]}},{"type":"Feature","properties":{"id":2146579366,"osm_type":"node","name":"Pizzeria Class","category":"restaurant","tags":{"amenity":"restaurant","cuisine":"pizza","name":"Pizzeria Class","payment:cryptocurrencies":"no","smoking":"no"}},"geometry":{"type":"Point","coordinates":[11.925348,57.7066281]}},{"type":"Feature","properties":{"id":2146680103,"osm_type":"node","name":"Espresso House","category":"restaurant","tags":{"amenity":"cafe","brand":"Espresso House","brand:wikidata":"Q10489162","brand:wikipedia":"sv:Espresso House","cuisine":"coffee_shop","name":"Espresso House","smoking":"no","takeaway":"yes"}},"geometry":{"type":"Point","coordinates":[11.9663336,57.7037978]}},{"type":"Feature","properties":{"id":2146680206,"osm_type":"node","name":"Le Pain Francais","category":"restaurant","tags":{"amenity":"cafe","check_date:opening_hours":"2026-05-09","diet:vegetarian":"yes","name":"Le Pain Francais","opening_hours":"Mo-Fr 07:00-23:00; Sa 08:00-23:00; Su 09:00-23:00","smoking":"no"}},"geometry":{"type":"Point","coordinates":[11.9677202,57.7040217]}},{"type":"Feature","properties":{"id":2146680222,"osm_type":"node","name":"Löfqvist","category":"restaurant","tags":{"amenity":"restaurant","check_date":"2025-09-29","check_date:opening_hours":"2025-09-29","indoor_seating":"yes","name":"Löfqvist","opening_hours":"Mo-Fr 12:00-15:00, Th-Sa 17:00-21:00+","outdoor_seating":"yes","smoking":"no"}},"geometry":{"type":"Point","coordinates":[11.96367,57.7034849]}},{"type":"Feature","properties":{"id":2146680266,"osm_type":"node","name":"","category":"restaurant","tags":{"amenity":"restaurant","cuisine":"seafood"}},"geometry":{"type":"Point","coordinates":[11.9619351,57.7030811]}},{"type":"Feature","properties":{"id":2151827024,"osm_type":"node","name":"Aldardo","category":"restaurant","tags":{"amenity":"restaurant","cuisine":"italian","name":"Aldardo","payment:cryptocurrencies":"no","shop":"deli","smoking":"no","wheelchair":"no"}},"geometry":{"type":"Point","coordinates":[11.9687074,57.7037954]}},{"type":"Feature","properties":{"id":2151827036,"osm_type":"node","name":"Deli and Coffee","category":"restaurant","tags":{"amenity":"restaurant","cuisine":"salad","layer":"-1","name":"Deli and Coffee","payment:cryptocurrencies":"no","smoking":"no"}},"geometry":{"type":"Point","coordinates":[11.968641,57.703752]}},{"type":"Feature","properties":{"id":2151827043,"osm_type":"node","name":"Dorsia","category":"restaurant","tags":{"amenity":"restaurant","name":"Dorsia","payment:cryptocurrencies":"no","smoking":"no"}},"geometry":{"type":"Point","coordinates":[11.9716425,57.7046183]}},{"type":"Feature","properties":{"id":2151827049,"osm_type":"node","name":"Swedish Match","category":"restaurant","tags":{"amenity":"cafe","name":"Swedish Match","note":"Specialty caf'e with snus","opening_hours":"Mo-Fr 10:00-18:00; Sa 10:00-17:00; Su 12:00-16:00","shop":"tobacco","smoking":"no"}},"geometry":{"type":"Point","coordinates":[11.96901,57.703919]}},{"type":"Feature","properties":{"id":2151827319,"osm_type":"node","name":"Le Pain Francais","category":"restaurant","tags":{"amenity":"cafe","name":"Le Pain Francais","opening_hours":"Mo-Th 07:00-01:00, Fr 07:00-03:00, Sa 09:00-03:00, Su 09:00-24:00","smoking":"no"}},"geometry":{"type":"Point","coordinates":[11.9709489,57.7047886]}},{"type":"Feature","properties":{"id":2151827325,"osm_type":"node","name":"Sirtaki","category":"restaurant","tags":{"amenity":"restaurant","cuisine":"greek","name":"Sirtaki","opening_hours":"Mo-Th 11:00-22:00; Fr-Sa 11:00-23:30; Su 13:00-22:00","payment:cryptocurrencies":"no","smoking":"no"}},"geometry":{"type":"Point","coordinates":[11.9718054,57.7052442]}},{"type":"Feature","properties":{"id":2151827349,"osm_type":"node","name":"Poké Corner","category":"restaurant","tags":{"amenity":"restaurant","check_date:opening_hours":"2026-05-08","name":"Poké Corner","opening_hours":"We-Fr 11:00-19:00; Sa,Su 12:00-18:00"}},"geometry":{"type":"Point","coordinates":[11.9701117,57.7044026]}},{"type":"Feature","properties":{"id":2151827361,"osm_type":"node","name":"Jesper","category":"restaurant","tags":{"addr:city":"Göteborg","addr:country":"SE","addr:housenumber":"13","addr:postcode":"411 10","addr:street":"Kungstorget","amenity":"restaurant","cuisine":"regional","email":"info@restaurangjesper.se","name":"Jesper","opening_hours":"Tu-Fr 11:30-23:00; Sa 12:00-23:00","payment:cryptocurrencies":"no","phone":"+46 31 106065","smoking":"no","website":"https://restaurangjesper.se/"}},"geometry":{"type":"Point","coordinates":[11.96878,57.7037]}},{"type":"Feature","properties":{"id":2152022659,"osm_type":"node","name":"Subway","category":"restaurant","tags":{"amenity":"fast_food","brand":"Subway","brand:wikidata":"Q244457","brand:wikipedia":"sv:Subway","cuisine":"sandwich","name":"Subway","opening_hours":"Mo-Fr 08:00-21:00; Sa 10:00-21:00; Su 10:00-19:00","takeaway":"yes"}},"geometry":{"type":"Point","coordinates":[11.9704946,57.7048285]}},{"type":"Feature","properties":{"id":2152022682,"osm_type":"node","name":"KFC","category":"restaurant","tags":{"addr:city":"Göteborg","addr:country":"SE","addr:housenumber":"16","addr:postcode":"41107","addr:street":"Östra Larmgatan","alt_name":"Kentucky Fried Chicken","amenity":"fast_food","brand":"KFC","brand:wikidata":"Q524757","brand:wikipedia":"en:KFC","check_date":"2025-09-01","check_date:opening_hours":"2025-09-01","contact:phone":"+46 31 303 04 23","cuisine":"chicken","drive_through":"no","name":"KFC","opening_hours":"Fr,Sa 10:00-04:00, Su-Th 10:00-01:00","takeaway":"yes"}},"geometry":{"type":"Point","coordinates":[11.9713767,57.7052627]}},{"type":"Feature","properties":{"id":2152022683,"osm_type":"node","name":"Källarkrogen","category":"restaurant","tags":{"amenity":"restaurant","name":"Källarkrogen","opening_hours":"Mo-Th 11:30-21:00; Fr 11:30-22:00; Sa 12:00-22:00; Su 12:00-20:00","payment:cryptocurrencies":"no","smoking":"no"}},"geometry":{"type":"Point","coordinates":[11.9708713,57.7047518]}},{"type":"Feature","properties":{"id":2152022684,"osm_type":"node","name":"Le Pain Francais","category":"restaurant","tags":{"amenity":"restaurant","name":"Le Pain Francais","payment:cryptocurrencies":"no","smoking":"no"}},"geometry":{"type":"Point","coordinates":[11.9707959,57.7047195]}},{"type":"Feature","properties":{"id":2152022685,"osm_type":"node","name":"In Between","category":"restaurant","tags":{"addr:city":"Göteborg","addr:country":"SE","addr:housenumber":"16","addr:postcode":"411 07","addr:street":"Östra Larmgatan","amenity":"restaurant","cuisine":"seafood;fish","name":"In Between","opening_hours":"Mo-Su 12:00-22:00","payment:cryptocurrencies":"no","phone":"+4631133326","smoking":"no","website":"https://www.inbetween.world/"}},"geometry":{"type":"Point","coordinates":[11.9712241,57.7050455]}},{"type":"Feature","properties":{"id":2152041688,"osm_type":"node","name":"Avalon Resturang","category":"restaurant","tags":{"amenity":"restaurant","check_date":"2025-08-09","name":"Avalon Resturang","payment:cryptocurrencies":"no","smoking":"no"}},"geometry":{"type":"Point","coordinates":[11.9685174,57.7041228]}},{"type":"Feature","properties":{"id":2152041751,"osm_type":"node","name":"Jerkstrands","category":"restaurant","tags":{"amenity":"cafe","name":"Jerkstrands","shop":"bakery","smoking":"no"}},"geometry":{"type":"Point","coordinates":[11.9675378,57.7036096]}},{"type":"Feature","properties":{"id":2152041760,"osm_type":"node","name":"Hedlunds havsbar","category":"restaurant","tags":{"amenity":"restaurant","name":"Hedlunds havsbar","smoking":"no"}},"geometry":{"type":"Point","coordinates":[11.967689,57.7032896]}},{"type":"Feature","properties":{"id":2152041779,"osm_type":"node","name":"Södra Larm","category":"restaurant","tags":{"addr:country":"SE","addr:street":"Södra Larmgatan","amenity":"restaurant","check_date":"2025-08-09","name":"Södra Larm","outdoor_seating":"yes","payment:credit_cards":"yes","payment:cryptocurrencies":"no","payment:debit_cards":"yes","smoking":"no"}},"geometry":{"type":"Point","coordinates":[11.965221,57.7030034]}},{"type":"Feature","properties":{"id":2152041812,"osm_type":"node","name":"Oscar & den lille","category":"restaurant","tags":{"amenity":"restaurant","name":"Oscar & den lille","opening_hours":"Tu-Sa 11:00-16:00"}},"geometry":{"type":"Point","coordinates":[11.9675338,57.7032724]}},{"type":"Feature","properties":{"id":2154571385,"osm_type":"node","name":"Ahlströms Konditori","category":"restaurant","tags":{"amenity":"cafe","check_date":"2026-04-17","diet:vegan":"yes","diet:vegetarian":"yes","indoor_seating":"yes","name":"Ahlströms Konditori","opening_hours":"Mo-Fr 07:00-19:00; Sa,Su 09:00-18:00","outdoor_seating":"yes","payment:cash":"yes","shop":"bakery","smoking":"no"}},"geometry":{"type":"Point","coordinates":[11.965831,57.705788]}},{"type":"Feature","properties":{"id":2154571395,"osm_type":"node","name":"Yalla Habibi","category":"restaurant","tags":{"addr:city":"Göteborg","addr:country":"SE","addr:housenumber":"2","addr:postcode":"411 06","addr:street":"Hotellplatsen","amenity":"fast_food","contact:facebook":"yallahabibi.se","contact:instagram":"yallahabibi.se","contact:phone":"+46 31 151 52 5","contact:website":"https://yallahabibi.se/","diet:vegan":"yes","diet:vegetarian":"yes","name":"Yalla Habibi","opening_hours":"Mo-Th 11:00-21:00; Fr 11:00-22:00; Sa 12:00-22:00; Su 12:00-20:00","payment:mastercard":"yes","payment:visa":"yes"}},"geometry":{"type":"Point","coordinates":[11.971894,57.707075]}},{"type":"Feature","properties":{"id":2154571556,"osm_type":"node","name":"Yubi","category":"restaurant","tags":{"amenity":"restaurant","cuisine":"asian","diet:vegan":"yes","diet:vegetarian":"yes","name":"Yubi","payment:cryptocurrencies":"no","smoking":"no"}},"geometry":{"type":"Point","coordinates":[11.9670152,57.7031319]}},{"type":"Feature","properties":{"id":2154571586,"osm_type":"node","name":"Café du Nord","category":"restaurant","tags":{"amenity":"restaurant","cuisine":"swedish","diet:vegetarian":"yes","loc_name":"Köttbullekällaren","name":"Café du Nord","opening_hours":"Mo-Th 08:00-21:00; Fr-Sa 08:00-22:00; Su 11:00-19:30","payment:cryptocurrencies":"no","smoking":"no","website":"https://www.cafedunord.se/"}},"geometry":{"type":"Point","coordinates":[11.9669521,57.7032457]}},{"type":"Feature","properties":{"id":2157588159,"osm_type":"node","name":"Papa Joe's Pasta & Pizza","category":"restaurant","tags":{"addr:city":"Göteborg","addr:country":"SE","addr:housenumber":"28","addr:postcode":"411 39","addr:street":"Sten Sturegatan","amenity":"fast_food","cuisine":"pizza","name":"Papa Joe's Pasta & Pizza","opening_hours":"Mo-Th 11:00-21:00; Fr 11:00-22:00; Sa 12:00-22:00; Su 12:00-21:00","outdoor_seating":"yes","smoking":"no","website":"https://pizza-meny.se/papa-joes/","wheelchair":"yes"}},"geometry":{"type":"Point","coordinates":[11.983045,57.7015336]}},{"type":"Feature","properties":{"id":2158131827,"osm_type":"node","name":"Titanic Pizzeria","category":"restaurant","tags":{"amenity":"fast_food","contact:fax":"+46739497426","contact:phone":"+4631516106","contact:website":"http://www.pizzeriatitanic.nu","cuisine":"pizza","name":"Titanic Pizzeria","opening_hours":"Su-Th 11:00-24:00; Fr-Sa 11:00-04:00"}},"geometry":{"type":"Point","coordinates":[11.919269,57.71056]}},{"type":"Feature","properties":{"id":2161635857,"osm_type":"node","name":"Majornas matfabrik","category":"restaurant","tags":{"addr:city":"Göteborg","addr:housenumber":"10","addr:postcode":"414 74","addr:street":"Orustgatan","amenity":"restaurant","name":"Majornas matfabrik","opening_hours":"Mo-Fr 07:30-16:30","payment:cryptocurrencies":"no","smoking":"no","website":"https://majornasmatfabrik.se/"}},"geometry":{"type":"Point","coordinates":[11.9095509,57.6839016]}},{"type":"Feature","properties":{"id":2162572731,"osm_type":"node","name":"Ringö Konditori","category":"restaurant","tags":{"amenity":"cafe","contact:phone":"+4631511830","name":"Ringö Konditori","opening_hours":"Mo-Fr 07:00-16:00","smoking":"no","wheelchair":"no"}},"geometry":{"type":"Point","coordinates":[11.975196,57.722675]}},{"type":"Feature","properties":{"id":2163840833,"osm_type":"node","name":"Gumman Elvira","category":"restaurant","tags":{"amenity":"bar","name":"Gumman Elvira"}},"geometry":{"type":"Point","coordinates":[11.9649622,57.7027369]}},{"type":"Feature","properties":{"id":2163840841,"osm_type":"node","name":"Miya","category":"restaurant","tags":{"amenity":"restaurant","cuisine":"asian;sushi;thai;korean","indoor_seating":"yes","name":"Miya","opening_hours":"Mo-Th 11:00-21:00; Fr,Sa 11:00-22:00; Su 12:00-20:00","outdoor_seating":"no","website":"https://www.miyasushi.se"}},"geometry":{"type":"Point","coordinates":[11.963369,57.7042243]}},{"type":"Feature","properties":{"id":2163840882,"osm_type":"node","name":"Gelaterian","category":"restaurant","tags":{"addr:housenumber":"1","addr:street":"Grönsakstorget","air_conditioning":"yes","amenity":"ice_cream","contact:email":"gelaterian@gmail.com","contact:facebook":"https://www.facebook.com/gelaterian/","contact:instagram":"https://www.instagram.com/gelateriangoteborg","contact:phone":"+46 31 130 05 8","contact:website":"https://gelaterian-goteborg.business.site/","cuisine":"dessert","delivery":"no","diet:gluten_free":"yes","diet:halal":"no","diet:lactose_free":"yes","diet:vegan":"yes","drive_through":"no","indoor_seating":"yes","name":"Gelaterian","name:sv":"Gelaterian","opening_hours":"Mo-Sa 12:00-18:00; Su 12:00-17:00","outdoor_seating":"yes","payment:credit_cards":"yes","payment:debit_cards":"yes","reservation":"no","smoking":"no"}},"geometry":{"type":"Point","coordinates":[11.96506,57.7026777]}},{"type":"Feature","properties":{"id":2163840883,"osm_type":"node","name":"Sorellina","category":"restaurant","tags":{"addr:city":"Göteborg","addr:country":"SE","addr:housenumber":"20","addr:street":"Västra Hamngatan","amenity":"restaurant","cuisine":"italian","indoor_seating":"yes","name":"Sorellina","outdoor_seating":"yes","smoking":"no","website":"https://sorellina.se"}},"geometry":{"type":"Point","coordinates":[11.9645081,57.7032968]}},{"type":"Feature","properties":{"id":2163840885,"osm_type":"node","name":"Le Pain Francais","category":"restaurant","tags":{"amenity":"cafe","check_date":"2025-09-25","drive_through":"no","name":"Le Pain Francais","payment:cash":"yes","payment:credit_cards":"yes","payment:debit_cards":"yes","shop":"bakery","smoking":"no","toilets":"yes"}},"geometry":{"type":"Point","coordinates":[11.9639359,57.703213]}},{"type":"Feature","properties":{"id":2163840888,"osm_type":"node","name":"Subway","category":"restaurant","tags":{"amenity":"fast_food","brand":"Subway","brand:wikidata":"Q244457","brand:wikipedia":"sv:Subway","check_date":"2025-09-25","cuisine":"sandwich","name":"Subway","opening_hours":"Mo-Fr 08:00-21:00; Sa 10:00-21:00; Su 11:00-18:00","payment:cash":"no","payment:credit_cards":"yes","payment:debit_cards":"yes","takeaway":"yes"}},"geometry":{"type":"Point","coordinates":[11.9636017,57.7037857]}},{"type":"Feature","properties":{"id":2163974588,"osm_type":"node","name":"Kon Thai","category":"restaurant","tags":{"amenity":"restaurant","cuisine":"thai","name":"Kon Thai","payment:cryptocurrencies":"no","smoking":"no"}},"geometry":{"type":"Point","coordinates":[11.9763595,57.7224001]}},{"type":"Feature","properties":{"id":2165234233,"osm_type":"node","name":"Cofee Corner","category":"restaurant","tags":{"amenity":"cafe","name":"Cofee Corner","smoking":"no"}},"geometry":{"type":"Point","coordinates":[11.9529316,57.7226496]}},{"type":"Feature","properties":{"id":2165234242,"osm_type":"node","name":"Köket","category":"restaurant","tags":{"amenity":"fast_food","name":"Köket"}},"geometry":{"type":"Point","coordinates":[11.95389,57.723556]}},{"type":"Feature","properties":{"id":2165234253,"osm_type":"node","name":"Restaurang Global","category":"restaurant","tags":{"amenity":"restaurant","name":"Restaurang Global","name:zh":"大利","opening_hours":"Mo-Su 11:00-19:00","payment:cryptocurrencies":"no","smoking":"no"}},"geometry":{"type":"Point","coordinates":[11.9543821,57.7227181]}},{"type":"Feature","properties":{"id":2165497386,"osm_type":"node","name":"Espresso House","category":"restaurant","tags":{"amenity":"cafe","brand":"Espresso House","brand:wikidata":"Q10489162","brand:wikipedia":"sv:Espresso House","cuisine":"coffee_shop","level":"0","name":"Espresso House","smoking":"no","takeaway":"yes"}},"geometry":{"type":"Point","coordinates":[11.9111495,57.6518629]}},{"type":"Feature","properties":{"id":2168909607,"osm_type":"node","name":"Vasa Bar","category":"restaurant","tags":{"addr:city":"Göteborg","addr:country":"SE","addr:housenumber":"13","addr:postcode":"41124","addr:street":"Vasagatan","amenity":"restaurant","contact:facebook":"https://www.facebook.com/vasabargbg/","contact:instagram":"https://www.instagram.com/vasabar","contact:phone":"+46 31 13 33 05","contact:website":"https://www.vasabar.nu/","contact:website:menu":"https://www.vasabar.nu/menyer.html","diet:vegetarian":"yes","indoor_seating":"yes","name":"Vasa Bar","outdoor_seating":"street","payment:cash":"yes","payment:credit_cards":"yes","payment:cryptocurrencies":"no","payment:debit_cards":"yes","smoking":"no"}},"geometry":{"type":"Point","coordinates":[11.965898,57.697884]}},{"type":"Feature","properties":{"id":2168909612,"osm_type":"node","name":"Café Berlin","category":"restaurant","tags":{"amenity":"cafe","diet:vegan":"yes","diet:vegetarian":"yes","indoor_seating":"yes","name":"Café Berlin","outdoor_seating":"no","smoking":"no","wheelchair":"no"}},"geometry":{"type":"Point","coordinates":[11.9716607,57.6997333]}},{"type":"Feature","properties":{"id":2168909625,"osm_type":"node","name":"Charlieś","category":"restaurant","tags":{"alt_name":"Flygarns Haga","amenity":"pub","name":"Charlieś","smoking":"no"}},"geometry":{"type":"Point","coordinates":[11.9727655,57.6997223]}},{"type":"Feature","properties":{"id":2168909638,"osm_type":"node","name":"Mon","category":"restaurant","tags":{"amenity":"restaurant","cuisine":"asian","name":"Mon"}},"geometry":{"type":"Point","coordinates":[11.963599,57.697472]}},{"type":"Feature","properties":{"id":2168909648,"osm_type":"node","name":"Havana Espresso & Juice Bar","category":"restaurant","tags":{"addr:city":"Göteborg","addr:country":"SE","addr:housenumber":"11","addr:postcode":"411 24","addr:street":"Vasagatan","amenity":"cafe","indoor_seating":"yes","name":"Havana Espresso & Juice Bar","outdoor_seating":"yes","smoking":"no"}},"geometry":{"type":"Point","coordinates":[11.96537,57.697763]}},{"type":"Feature","properties":{"id":2168909655,"osm_type":"node","name":"Espresso House","category":"restaurant","tags":{"amenity":"cafe","brand":"Espresso House","brand:wikidata":"Q10489162","brand:wikipedia":"sv:Espresso House","cuisine":"coffee_shop","diet:vegan":"no","diet:vegetarian":"yes","indoor_seating":"yes","name":"Espresso House","opening_hours":"Mo-Fr 07:00-18:00; Sa 10:00-18:00; Su 10:00-18:00","outdoor_seating":"yes","smoking":"no","takeaway":"yes"}},"geometry":{"type":"Point","coordinates":[11.9664828,57.6983429]}},{"type":"Feature","properties":{"id":2168909821,"osm_type":"node","name":"Italienska Skafferiet","category":"restaurant","tags":{"amenity":"bar","brewery":"yes","indoor_seating":"yes","min_age":"18","name":"Italienska Skafferiet","opening_hours":"Su-Th 15:00-01:00, Fr 11:00-02:00, Sa 12:00-02:00","outdoor_seating":"yes","smoking":"no"}},"geometry":{"type":"Point","coordinates":[11.9661742,57.6982948]}},{"type":"Feature","properties":{"id":2168909824,"osm_type":"node","name":"Jallajalla","category":"restaurant","tags":{"addr:city":"Göteborg","addr:country":"SE","addr:housenumber":"32","addr:postcode":"411 24","addr:street":"Vasagatan","amenity":"restaurant","cuisine":"mediterranean","name":"Jallajalla","payment:cryptocurrencies":"no","smoking":"no"}},"geometry":{"type":"Point","coordinates":[11.9686688,57.6986899]}},{"type":"Feature","properties":{"id":2168909831,"osm_type":"node","name":"Kebaberia","category":"restaurant","tags":{"amenity":"fast_food","cuisine":"kebab","diet:vegan":"yes","diet:vegetarian":"yes","indoor_seating":"yes","name":"Kebaberia","opening_hours":"Mo-Tu 11:00-21:00; We-Th 11:00-04:00; Fr 11:00-06:00; Sa 12:00-06:00; Su 12:00-21:00","outdoor_seating":"yes","website":"https://kebaberia.se/"}},"geometry":{"type":"Point","coordinates":[11.975203,57.7007382]}},{"type":"Feature","properties":{"id":2168909856,"osm_type":"node","name":"Vasa Vibe","category":"restaurant","tags":{"addr:city":"Göteborg","addr:housenumber":"8","addr:postcode":"411 24","addr:street":"Vasagatan","amenity":"bar","indoor_seating":"yes","name":"Vasa Vibe","outdoor_seating":"sidewalk","smoking":"no"}},"geometry":{"type":"Point","coordinates":[11.9640278,57.6979568]}},{"type":"Feature","properties":{"id":2168909861,"osm_type":"node","name":"Le Pain Francais","category":"restaurant","tags":{"amenity":"cafe","diet:vegan":"no","diet:vegetarian":"yes","indoor_seating":"yes","name":"Le Pain Francais","opening_hours":"Mo-Fr 07:00-21:00; Sa 08:00-21:00; Su 09:00-21:00","outdoor_seating":"yes","smoking":"no","toilets:wheelchair":"yes","wheelchair":"yes"}},"geometry":{"type":"Point","coordinates":[11.967518,57.698554]}},{"type":"Feature","properties":{"id":2168909870,"osm_type":"node","name":"ThaiHouse","category":"restaurant","tags":{"amenity":"restaurant","cuisine":"thai","name":"ThaiHouse","smoking":"no"}},"geometry":{"type":"Point","coordinates":[11.9638732,57.6979336]}},{"type":"Feature","properties":{"id":2168909871,"osm_type":"node","name":"Muchacho","category":"restaurant","tags":{"amenity":"restaurant","cuisine":"spanish","indoor_seating":"yes","name":"Muchacho","outdoor_seating":"no","payment:cryptocurrencies":"no","smoking":"no"}},"geometry":{"type":"Point","coordinates":[11.9631869,57.6974093]}},{"type":"Feature","properties":{"id":2168909873,"osm_type":"node","name":"New Delhi","category":"restaurant","tags":{"addr:city":"Göteborg","addr:housenumber":"4","addr:postcode":"411 24","addr:street":"Vasagatan","air_conditioning":"yes","amenity":"restaurant","contact:phone":"+46 31 131 87 8","contact:website":"https://newdelhigbg.se/","contact:website:menu":"https://newdelhigbg.se/#alacartemeny","cuisine":"indian","diet:vegetarian":"yes","indoor_seating":"yes","name":"New Delhi","opening_hours":"Mo-Th 11:00-22:00; Fr 11:00-23:00; Sa 12:00-23:00; Su 13:00-22:00","outdoor_seating":"yes","payment:cash":"yes","payment:credit_cards":"yes","payment:cryptocurrencies":"no","payment:debit_cards":"yes","smoking":"no","toilets":"yes","wheelchair":"no"}},"geometry":{"type":"Point","coordinates":[11.9635177,57.6978762]}},{"type":"Feature","properties":{"id":2168909894,"osm_type":"node","name":"Pinchos","category":"restaurant","tags":{"amenity":"restaurant","brand":"Pinchos","brand:wikidata":"Q42298558","cuisine":"tapas","name":"Pinchos","payment:cryptocurrencies":"no","smoking":"no"}},"geometry":{"type":"Point","coordinates":[11.9755114,57.7008408]}},{"type":"Feature","properties":{"id":2168909918,"osm_type":"node","name":"Thai Prayook","category":"restaurant","tags":{"amenity":"fast_food","contact:phone":"+46 31 711 15 99","cuisine":"thai","name":"Thai Prayook","opening_hours":"Mo-Fr 11:00-15:00,16:00-20:00, Sa,Su 12:00-20:00","payment:cash":"yes","payment:credit_cards":"yes","payment:debit_cards":"yes"}},"geometry":{"type":"Point","coordinates":[11.963842,57.6975104]}},{"type":"Feature","properties":{"id":2168909948,"osm_type":"node","name":"Frank's Coffee","category":"restaurant","tags":{"amenity":"cafe","name":"Frank's Coffee","smoking":"no"}},"geometry":{"type":"Point","coordinates":[11.96897,57.698381]}},{"type":"Feature","properties":{"id":2168909950,"osm_type":"node","name":"Happy Me Kitchen","category":"restaurant","tags":{"addr:city":"Göteborg","addr:country":"SE","addr:housenumber":"24","addr:postcode":"41124","addr:street":"Vasagatan","amenity":"restaurant","contact:email":"info@happymkitchen.se","contact:instagram":"https://www.instagram.com/happyme.gothenburg","contact:phone":"+4631131370","contact:website":"https://happymekitchen.se/","cuisine":"juice;local","diet:dairy_free":"yes","diet:gluten_free":"yes","diet:lacto_vegetarian":"yes","diet:lactose_free":"yes","diet:vegan":"yes","diet:vegetarian":"yes","indoor_seating":"yes","name":"Happy Me Kitchen","opening_hours":"Mo-Fr 11:00-18:00; Sa 11:00-16:00; Su off","outdoor_seating":"yes","payment:cryptocurrencies":"no","payment:mastercard":"yes","payment:visa":"yes","smoking":"no"}},"geometry":{"type":"Point","coordinates":[11.966696,57.698377]}},{"type":"Feature","properties":{"id":2168910028,"osm_type":"node","name":"11:ans Gatukök","category":"restaurant","tags":{"amenity":"fast_food","cuisine":"burger","name":"11:ans Gatukök"}},"geometry":{"type":"Point","coordinates":[11.965288,57.697749]}},{"type":"Feature","properties":{"id":2180297899,"osm_type":"node","name":"Desingcafe","category":"restaurant","tags":{"amenity":"cafe","name":"Desingcafe","opening_hours":"Mo-Su 10:00-18:00","smoking":"no"}},"geometry":{"type":"Point","coordinates":[11.9314691,57.7219937]}},{"type":"Feature","properties":{"id":2203092182,"osm_type":"node","name":"Fontana di trevi","category":"restaurant","tags":{"amenity":"restaurant","check_date":"2022-12-11","cuisine":"italian","name":"Fontana di trevi","payment:cryptocurrencies":"no","smoking":"no","wheelchair":"no"}},"geometry":{"type":"Point","coordinates":[11.9575829,57.7029365]}},{"type":"Feature","properties":{"id":2203092192,"osm_type":"node","name":"HälsoSushi","category":"restaurant","tags":{"amenity":"restaurant","check_date":"2022-12-11","cuisine":"sushi","name":"HälsoSushi","payment:cryptocurrencies":"no","smoking":"no","wheelchair":"no"}},"geometry":{"type":"Point","coordinates":[11.9593324,57.7030273]}},{"type":"Feature","properties":{"id":2203092201,"osm_type":"node","name":"Nonna","category":"restaurant","tags":{"amenity":"restaurant","check_date":"2026-03-05","check_date:opening_hours":"2026-03-05","indoor_seating":"yes","name":"Nonna","opening_hours":"Mo-Th 11:00-23:00, Fr 11:00-01:00, Sa 12:00-01:00, Su 13:00-22:00","outdoor_seating":"yes","payment:cryptocurrencies":"no","smoking":"no"}},"geometry":{"type":"Point","coordinates":[11.9595456,57.7032484]}},{"type":"Feature","properties":{"id":2203092203,"osm_type":"node","name":"Shiraz","category":"restaurant","tags":{"amenity":"restaurant","check_date":"2022-12-11","cuisine":"persian","indoor_seating":"yes","name":"Shiraz","outdoor_seating":"no","payment:cryptocurrencies":"no","smoking":"no"}},"geometry":{"type":"Point","coordinates":[11.9571354,57.7028805]}},{"type":"Feature","properties":{"id":2203092204,"osm_type":"node","name":"Södra Liden","category":"restaurant","tags":{"addr:city":"Göteborg","addr:country":"SE","addr:housenumber":"8","addr:postcode":"411 19","addr:street":"Kungsgatan","amenity":"pub","name":"Södra Liden","smoking":"no","wheelchair":"no","wheelchair:description":"Uteserveringen är inte tillgänglig för personer i rullstol."}},"geometry":{"type":"Point","coordinates":[11.9581598,57.7030213]}},{"type":"Feature","properties":{"id":2203092212,"osm_type":"node","name":"Kungsbaren","category":"restaurant","tags":{"amenity":"pub","check_date":"2022-12-11","name":"Kungsbaren","opening_hours":"Mo-Tu 15:00-23:00; We-Th 15:00-24:00; Fr 16:00-02:00, Sa 15:00-02:00","smoking":"no","wheelchair":"no","wheelchair:description":"Uteserveringen är inte tillgänglig för personer i rullstol."}},"geometry":{"type":"Point","coordinates":[11.9580028,57.7029989]}},{"type":"Feature","properties":{"id":2214741146,"osm_type":"node","name":"Takame","category":"restaurant","tags":{"addr:city":"Göteborg","addr:country":"SE","addr:housenumber":"8","addr:street":"Sankt Eriksgatan","amenity":"restaurant","indoor_seating":"yes","name":"Takame","opening_hours":"Mo-Th 11:00-22:00; Fr 11:00-23:00; Sa 12:00-23:00; Su 13:00-22:00","outdoor_seating":"yes","payment:cryptocurrencies":"no","smoking":"no","toilets":"yes","toilets:wheelchair":"no","website":"https://www.takame.se/","wheelchair":"limited"}},"geometry":{"type":"Point","coordinates":[11.965996,57.709766]}},{"type":"Feature","properties":{"id":2214756319,"osm_type":"node","name":"Tasty Bake","category":"restaurant","tags":{"addr:country":"SE","addr:housenumber":"10","addr:street":"Olskrokstorget","amenity":"cafe","check_date":"2024-06-20","indoor_seating":"yes","name":"Tasty Bake","opening_hours":"Mo-Fr 09:00-20:00; Sa 10:00-20:00","outdoor_seating":"yes","payment:credit_cards":"yes","payment:debit_cards":"yes","smoking":"no","wheelchair":"limited"}},"geometry":{"type":"Point","coordinates":[11.9988138,57.7150508]}},{"type":"Feature","properties":{"id":2217489482,"osm_type":"node","name":"Kooperativet Pagoden","category":"restaurant","tags":{"amenity":"restaurant","check_date":"2023-10-20","level":"0","name":"Kooperativet Pagoden","opening_hours":"Mo-Fr 11:00-14:00","payment:credit_cards":"yes","payment:cryptocurrencies":"no","payment:mastercard":"yes","payment:visa":"yes","smoking":"no","website":"https://www.pagoden.nu"}},"geometry":{"type":"Point","coordinates":[11.9737989,57.7156596]}},{"type":"Feature","properties":{"id":2229290045,"osm_type":"node","name":"Levadura","category":"restaurant","tags":{"amenity":"fast_food","check_date":"2025-08-31","check_date:opening_hours":"2025-08-31","cuisine":"pizza","drive_through":"no","internet_access":"no","name":"Levadura","opening_hours":"Mo-Su 10:00-20:00","payment:cash":"yes","payment:credit_cards":"yes","payment:debit_cards":"yes","wheelchair":"yes"}},"geometry":{"type":"Point","coordinates":[11.9534899,57.725761]}},{"type":"Feature","properties":{"id":2244597608,"osm_type":"node","name":"Doris","category":"restaurant","tags":{"amenity":"restaurant","name":"Doris","payment:cryptocurrencies":"no","smoking":"no"}},"geometry":{"type":"Point","coordinates":[11.8853827,57.7066892]}},{"type":"Feature","properties":{"id":2246839031,"osm_type":"node","name":"Fiskekrogen","category":"restaurant","tags":{"addr:floor":"0","amenity":"restaurant","check_date":"2026-05-05","cuisine":"fish","indoor_seating":"yes","level":"0","name":"Fiskekrogen","opening_hours":"Mo-Th 17:30-22:30; Fr 16:00-24:00; Sa 12:00-24:00; Su off","outdoor_seating":"no","payment:cash":"yes","payment:credit_cards":"yes","payment:cryptocurrencies":"no","payment:debit_cards":"yes","smoking":"no"}},"geometry":{"type":"Point","coordinates":[11.9613519,57.7055335]}},{"type":"Feature","properties":{"id":2249151714,"osm_type":"node","name":"Espresso House","category":"restaurant","tags":{"amenity":"cafe","brand":"Espresso House","brand:wikidata":"Q10489162","brand:wikipedia":"sv:Espresso House","cuisine":"coffee_shop","level":"0","name":"Espresso House","smoking":"no","takeaway":"yes"}},"geometry":{"type":"Point","coordinates":[11.969254,57.7062686]}},{"type":"Feature","properties":{"id":2252647801,"osm_type":"node","name":"La Luna","category":"restaurant","tags":{"addr:country":"SE","addr:housenumber":"22","addr:street":"Biblioteksgatan","amenity":"restaurant","cuisine":"italian","name":"La Luna","opening_hours":"Mo-Fr 11:00-21:00; Sa, Su 12:00-21:00","phone":"+46 31 88 10 12","website":"https://www.lalunarestaurang.com/"}},"geometry":{"type":"Point","coordinates":[12.1149515,57.6580163]}},{"type":"Feature","properties":{"id":2258645831,"osm_type":"node","name":"Cuckoo's Nest","category":"restaurant","tags":{"amenity":"restaurant","capacity:indoors":"130","capacity:outdoors":"60","contact:email":"cuckoosnest@radissonblu.com","contact:phone":"+46 31 3834030","name":"Cuckoo's Nest","payment:cryptocurrencies":"no","smoking":"no","wheelchair":"yes"}},"geometry":{"type":"Point","coordinates":[11.9409213,57.7077154]}},{"type":"Feature","properties":{"id":2260766678,"osm_type":"node","name":"Thai Corner","category":"restaurant","tags":{"addr:city":"Lindome","addr:country":"SE","addr:housenumber":"207","addr:postcode":"437 42","addr:street":"Gamla Riksvägen","amenity":"restaurant","cuisine":"thai","name":"Thai Corner"}},"geometry":{"type":"Point","coordinates":[12.0787932,57.5746814]}},{"type":"Feature","properties":{"id":2260767301,"osm_type":"node","name":"Bella Ciao Pizzeria Lindome","category":"restaurant","tags":{"addr:city":"Lindome","addr:housenumber":"1","addr:postcode":"437 40","addr:street":"Almvägen","amenity":"restaurant","cuisine":"pizza;kebab","name":"Bella Ciao Pizzeria Lindome","opening_hours":"Mo-Fr 11:00-21:00; Sa-Su 12:00-21:00","phone":"+46 31993300","website":"https://app.ordine.se/r/bella-ciao-pizzeria","wheelchair":"yes"}},"geometry":{"type":"Point","coordinates":[12.0776539,57.5762498]}},{"type":"Feature","properties":{"id":2266996809,"osm_type":"node","name":"Lucky burger","category":"restaurant","tags":{"addr:city":"Göteborg","addr:country":"SE","addr:housenumber":"12","addr:postcode":"41328","addr:street":"Andra Långgatan","amenity":"restaurant","contact:facebook":"https://www.facebook.com/100065032149494/","contact:phone":"+46 72 748 43 19","name":"Lucky burger","payment:cash":"yes","payment:credit_cards":"yes","payment:cryptocurrencies":"no","payment:debit_cards":"yes","smoking":"no"}},"geometry":{"type":"Point","coordinates":[11.949163,57.699126]}},{"type":"Feature","properties":{"id":2266996810,"osm_type":"node","name":"Ölstugan 1892 Tullen","category":"restaurant","tags":{"addr:city":"Göteborg","addr:housenumber":"20","addr:postcode":"413 06","addr:street":"Nordhemsgatan","amenity":"pub","contact:email":"tullen@olstugan.se","contact:phone":"+46 (0) 76 040 42 90; +46 31 348 20 00","contact:website":"http://www.olstugan.se/andralang/","contact:website:menu":"https://www.olstugan.se/wp-content/uploads/2024/05/A-la-carte-Andra-Lang-1.png","indoor_seating":"yes","name":"Ölstugan 1892 Tullen","opening_hours":"Mo-Th 15:00-01:00; Fr 13:00-01:00; Sa-Su 12:00-01:00","outdoor_seating":"parklet","payment:cash":"yes","payment:credit_cards":"yes","payment:debit_cards":"yes","smoking":"no","wheelchair":"no"}},"geometry":{"type":"Point","coordinates":[11.9494588,57.6993141]}},{"type":"Feature","properties":{"id":2268389063,"osm_type":"node","name":"Rawfoodbaren","category":"restaurant","tags":{"access":"yes","addr:city":"Göteborg","addr:country":"SE","addr:housenumber":"18","addr:postcode":"411 25","addr:street":"Viktoriagatan","amenity":"restaurant","contact:phone":"+46-31-137383","contact:website":"http://rawfoodbaren.se/","diet:gluten_free":"yes","diet:raw":"only","diet:vegan":"only","entrance":"yes","name":"Rawfoodbaren","opening_hours":"Mo-Fr 11:00-15:00","payment:cryptocurrencies":"no","smoking":"no"}},"geometry":{"type":"Point","coordinates":[11.9660921,57.6974818]}},{"type":"Feature","properties":{"id":2288918074,"osm_type":"node","name":"Mackasinet","category":"restaurant","tags":{"amenity":"fast_food","check_date":"2022-12-04","cuisine":"sandwich","name":"Mackasinet","payment:cash":"no","payment:mastercard":"yes","payment:visa":"yes","website":"https://www.liseberg.se/mat-dryck/mackasinet/"}},"geometry":{"type":"Point","coordinates":[11.9943394,57.6951037]}},{"type":"Feature","properties":{"id":2288918075,"osm_type":"node","name":"Plättlagat","category":"restaurant","tags":{"amenity":"fast_food","cuisine":"pancake","name":"Plättlagat","payment:cash":"no","payment:mastercard":"yes","payment:visa":"yes","wheelchair":"yes"}},"geometry":{"type":"Point","coordinates":[11.9943723,57.6952578]}},{"type":"Feature","properties":{"id":2288918077,"osm_type":"node","name":"Max","category":"restaurant","tags":{"air_conditioning":"yes","amenity":"fast_food","branch":"Storgatan","brand":"Max","brand:wikidata":"Q1912172","brand:wikipedia":"sv:Max Hamburgerrestauranger","check_date":"2022-12-04","cuisine":"burger","delivery":"no","name":"Max","payment:cash":"no","payment:mastercard":"yes","payment:visa":"yes","phone":"+46 31 400 10 0","smoking":"no","takeaway":"yes","website":"https://www.liseberg.se/mat-dryck/max/"}},"geometry":{"type":"Point","coordinates":[11.9939317,57.6950908]}},{"type":"Feature","properties":{"id":2294894528,"osm_type":"node","name":"Isa's Pizzeria","category":"restaurant","tags":{"addr:city":"Göteborg","addr:country":"SE","addr:housenumber":"1","addr:street":"Godemansgatan","amenity":"restaurant","contact:phone":"+46-31-223154","cuisine":"pizza","name":"Isa's Pizzeria","opening_hours":"Mo-Su 12:00-22:00","payment:cryptocurrencies":"no","smoking":"no","wheelchair":"no"}},"geometry":{"type":"Point","coordinates":[11.9432282,57.7210578]}},{"type":"Feature","properties":{"id":2294910216,"osm_type":"node","name":"Pizzeria Carola","category":"restaurant","tags":{"amenity":"restaurant","cuisine":"pizza","name":"Pizzeria Carola","payment:cryptocurrencies":"no"}},"geometry":{"type":"Point","coordinates":[11.8268364,57.6983583]}},{"type":"Feature","properties":{"id":2294910220,"osm_type":"node","name":"Rak siam","category":"restaurant","tags":{"addr:city":"Göteborg","addr:country":"SE","addr:housenumber":"21","addr:postcode":"41703","addr:street":"Hisingsgatan","amenity":"restaurant","contact:phone":"+46-31-222830","contact:website":"http://www.simplythai.se","cuisine":"thai","name":"Rak siam","opening_hours":"Mo 11:00-14:30; Tu-Fr 11:00-20:00; Sa 13:00-20:00","payment:cryptocurrencies":"no","smoking":"no"}},"geometry":{"type":"Point","coordinates":[11.945295,57.718172]}},{"type":"Feature","properties":{"id":2294915507,"osm_type":"node","name":"Thai Spice Take Away","category":"restaurant","tags":{"addr:city":"Göteborg","addr:country":"SE","addr:housenumber":"17","addr:street":"Hjalmar Brantingsgatan","amenity":"restaurant","contact:phone":"+46-31-514191","cuisine":"thai","name":"Thai Spice Take Away","opening_hours":"Tu-Fr 11:00-20:20; Sa-Su 13:00-20:20","payment:cryptocurrencies":"no","smoking":"no"}},"geometry":{"type":"Point","coordinates":[11.9396663,57.7209758]}},{"type":"Feature","properties":{"id":2294926118,"osm_type":"node","name":"Restaurang Nanking","category":"restaurant","tags":{"addr:city":"Göteborg","addr:country":"SE","addr:housenumber":"12","addr:postcode":"41706","addr:street":"Lantmätaregatan","amenity":"restaurant","contact:phone":"+46-31-230391","cuisine":"chinese","name":"Restaurang Nanking","opening_hours":"Mo,We-Fr 11:00-21:00; Tu off; Sa-Su 12:00-21:00","payment:cryptocurrencies":"no","smoking":"no"}},"geometry":{"type":"Point","coordinates":[11.942017,57.7224106]}},{"type":"Feature","properties":{"id":2294993817,"osm_type":"node","name":"Dockside","category":"restaurant","tags":{"amenity":"restaurant","name":"Dockside","payment:cryptocurrencies":"no"}},"geometry":{"type":"Point","coordinates":[11.81726,57.6955809]}},{"type":"Feature","properties":{"id":2298138775,"osm_type":"node","name":"Red Lion","category":"restaurant","tags":{"amenity":"bar","name":"Red Lion","opening_hours":"Mo-Th 16:00-24:00, Fr 15:00-01:00, Sa 13:00-01:00, Su 13:00-23:00","smoking":"no"}},"geometry":{"type":"Point","coordinates":[11.9196715,57.6864082]}},{"type":"Feature","properties":{"id":2298474152,"osm_type":"node","name":"Folkteaterns Kafé & Restaurang","category":"restaurant","tags":{"addr:housenumber":"3","addr:place":"Olof Palmes Plats","amenity":"restaurant","contact:email":"hej@folkgbg.se","contact:phone":"+46-31-60 75 54","contact:website":"https://www.folkteatern.se/servering","name":"Folkteaterns Kafé & Restaurang","payment:cash":"yes","payment:credit_cards":"yes","payment:cryptocurrencies":"no","payment:debit_cards":"yes","smoking":"no","wheelchair":"yes"}},"geometry":{"type":"Point","coordinates":[11.9520346,57.7006428]}},{"type":"Feature","properties":{"id":2298474167,"osm_type":"node","name":"Restaurang Trappan","category":"restaurant","tags":{"amenity":"restaurant","email":"info@folketshusgoteborg.se","name":"Restaurang Trappan","operator":"Folkets Hus","payment:cryptocurrencies":"no","smoking":"no","website":"https://www.folketshusgoteborg.se/restaurang/"}},"geometry":{"type":"Point","coordinates":[11.9522761,57.7007487]}},{"type":"Feature","properties":{"id":2304749815,"osm_type":"node","name":"Intill","category":"restaurant","tags":{"addr:country":"SE","addr:housenumber":"13","addr:street":"Kyrkåsgatan","amenity":"restaurant","email":"info@intill.se","name":"Intill","opening_hours":"Tu-Th 17:00-22:00; Fr-Sa 16:00-23:00","phone":"+46 31 383 46 40","website":"https://www.intill.se/"}},"geometry":{"type":"Point","coordinates":[12.0230844,57.7113291]}},{"type":"Feature","properties":{"id":2304749821,"osm_type":"node","name":"Torps Café","category":"restaurant","tags":{"addr:country":"SE","addr:housenumber":"13","addr:street":"Kyrkåsgatan","amenity":"cafe","diet:vegetarian":"yes","name":"Torps Café","smoking":"no","website":"http://torpscafe.se"}},"geometry":{"type":"Point","coordinates":[12.0231756,57.711193]}},{"type":"Feature","properties":{"id":2313335879,"osm_type":"node","name":"Beerista Avenyn","category":"restaurant","tags":{"addr:city":"Göteborg","addr:country":"SE","addr:housenumber":"13","addr:postcode":"411 37","addr:street":"Kristinelundsgatan","amenity":"pub","contact:email":"info@beerista.se","contact:phone":"+46313890599","contact:website":"https://www.beerista.se/","indoor_seating":"yes","name":"Beerista Avenyn","outdoor_seating":"yes","smoking":"no"}},"geometry":{"type":"Point","coordinates":[11.9771343,57.7001393]}},{"type":"Feature","properties":{"id":2315926219,"osm_type":"node","name":"Biljardpalatset","category":"restaurant","tags":{"amenity":"pub","contact:phone":"+46 31 132480","contact:website":"https://palatset.com/","name":"Biljardpalatset","opening_hours":"Mo-Th 16:00-24:00; Fr 16:00-02:00, Sa 15:00-02:00, Su 15:00-24:00","smoking":"no","wheelchair":"no"}},"geometry":{"type":"Point","coordinates":[11.9610434,57.7038712]}},{"type":"Feature","properties":{"id":2315926225,"osm_type":"node","name":"Helena's","category":"restaurant","tags":{"amenity":"cafe","cuisine":"salad","name":"Helena's","smoking":"no","wheelchair":"yes"}},"geometry":{"type":"Point","coordinates":[11.9607132,57.7050546]}},{"type":"Feature","properties":{"id":2315926256,"osm_type":"node","name":"Xin Cháo","category":"restaurant","tags":{"addr:city":"Göteborg","addr:housenumber":"6","addr:postcode":"411 18","addr:street":"Kaserntorget","amenity":"restaurant","contact:facebook":"https://www.facebook.com/xinchaorestaurang/","contact:instagram":"https://www.instagram.com/xinchaorestaurang","contact:phone":"+46 31 137 98 0","contact:website":"https://xinchao.se/","contact:website:menu":"https://xinchao.se/meny/","cuisine":"vietnamese","diet:vegetarian":"yes","name":"Xin Cháo","opening_hours":"Mo-Fr 11:00-22:00; Sa 12:00-22:00; Su 12:00-20:00","payment:cash":"yes","payment:credit_cards":"yes","payment:cryptocurrencies":"no","payment:debit_cards":"yes","smoking":"no"}},"geometry":{"type":"Point","coordinates":[11.9618026,57.7028373]}},{"type":"Feature","properties":{"id":2315926271,"osm_type":"node","name":"Sandwich","category":"restaurant","tags":{"amenity":"fast_food","cuisine":"pizza","name":"Sandwich"}},"geometry":{"type":"Point","coordinates":[11.961482,57.703407]}},{"type":"Feature","properties":{"id":2315968128,"osm_type":"node","name":"Mañana","category":"restaurant","tags":{"amenity":"restaurant","contact:phone":"+46 31 7117290","contact:website":"http://www.restaurangmanana.se/","name":"Mañana","opening_hours":"Mo-Th 17:00-23:00; Fr-Sa 17:00-24:00; Su 17:00-23:00","payment:cryptocurrencies":"no","smoking":"no"}},"geometry":{"type":"Point","coordinates":[11.9576056,57.7032295]}},{"type":"Feature","properties":{"id":2315968133,"osm_type":"node","name":"Bar Bez Mleczny","category":"restaurant","tags":{"addr:city":"Göteborg","addr:country":"SE","addr:housenumber":"10B","addr:postcode":"411 19","addr:street":"Kungsgatan","amenity":"restaurant","cuisine":"polish","diet:vegan":"only","diet:vegetarian":"only","indoor_seating":"yes","name":"Bar Bez Mleczny","opening_hours":"Tu-Fr 11:00-13:30,16:00-21:00; Sa 11:00-21:00","outdoor_seating":"parklet"}},"geometry":{"type":"Point","coordinates":[11.9588849,57.7032204]}},{"type":"Feature","properties":{"id":2315995913,"osm_type":"node","name":"Espresso House","category":"restaurant","tags":{"amenity":"cafe","brand":"Espresso House","brand:wikidata":"Q10489162","brand:wikipedia":"sv:Espresso House","contact:website":"http://www.espressohouse.se","cuisine":"coffee_shop","diet:vegetarian":"yes","level":"0","name":"Espresso House","opening_hours":"Mo-Fr 08:00-19:00; Su 10:00-18:00; Sa 09:00-19:00","smoking":"no","takeaway":"yes"}},"geometry":{"type":"Point","coordinates":[11.9677347,57.704728]}},{"type":"Feature","properties":{"id":2316044903,"osm_type":"node","name":"","category":"restaurant","tags":{"amenity":"cafe","smoking":"no"}},"geometry":{"type":"Point","coordinates":[11.9414722,57.720936]}},{"type":"Feature","properties":{"id":2318390716,"osm_type":"node","name":"Bhoga","category":"restaurant","tags":{"addr:city":"Göteborg","addr:country":"SE","addr:housenumber":"10","addr:street":"Norra Hamngatan","amenity":"restaurant","name":"Bhoga","opening_hours":"Tu-Sa 17:00-21:00+","smoking":"no","wikidata":"Q16502039","wikipedia":"sv:Bhoga"}},"geometry":{"type":"Point","coordinates":[11.9626117,57.7062328]}},{"type":"Feature","properties":{"id":2318390718,"osm_type":"node","name":"Ching Palace","category":"restaurant","tags":{"addr:city":"Göteborg","addr:housenumber":"2","addr:postcode":"411 06","addr:street":"Södra Hamngatan","air_conditioning":"yes","amenity":"restaurant","contact:phone":"+46 31 15 80 86","contact:website":"http://www.chingpalace.se/","cuisine":"chinese","diet:vegetarian":"no","indoor_seating":"yes","name":"Ching Palace","opening_hours":"Mo-Fr 11:00-22:00, Sa-Su 12:00-22:00","outdoor_seating":"yes","payment:credit_cards":"yes","payment:cryptocurrencies":"no","payment:debit_cards":"yes","smoking":"no"}},"geometry":{"type":"Point","coordinates":[11.9710894,57.7070049]}},{"type":"Feature","properties":{"id":2318390720,"osm_type":"node","name":"Göteborgs Vinkällare","category":"restaurant","tags":{"access":"private","amenity":"bar","name":"Göteborgs Vinkällare","smoking":"no","website":"https://www.gbgvin.se/"}},"geometry":{"type":"Point","coordinates":[11.9730174,57.6987816]}},{"type":"Feature","properties":{"id":2318390755,"osm_type":"node","name":"Pinchos","category":"restaurant","tags":{"addr:city":"Göteborg","addr:country":"SE","addr:housenumber":"3","addr:postcode":"411 18","addr:street":"Lilla Torget","amenity":"restaurant","indoor_seating":"yes","name":"Pinchos","opening_hours":"Mo-Fr 15:30-20:00+; Sa 12:00-21:00+; Su 14:00-21:00+","outdoor_seating":"yes","payment:cryptocurrencies":"no","smoking":"no","source":"survey"}},"geometry":{"type":"Point","coordinates":[11.9617638,57.7053567]}},{"type":"Feature","properties":{"id":2321220200,"osm_type":"node","name":"Baguetteria No1","category":"restaurant","tags":{"amenity":"fast_food","cuisine":"sandwich","diet:vegan":"yes","diet:vegetarian":"yes","name":"Baguetteria No1","opening_hours":"Mo-Th 06:30-18:00; Fr 06:30-17:00; Sa,Su 11:00-15:00"}},"geometry":{"type":"Point","coordinates":[11.9782738,57.6919664]}},{"type":"Feature","properties":{"id":2321220201,"osm_type":"node","name":"Bombay Express","category":"restaurant","tags":{"amenity":"restaurant","cuisine":"indian","diet:vegan":"yes","diet:vegetarian":"yes","indoor_seating":"yes","name":"Bombay Express","opening_hours":"Mo-Fr 11:00-21:00; Sa,Su 13:00-21:00","outdoor_seating":"yes","payment:cryptocurrencies":"no","payment:mastercard":"yes","payment:visa":"yes","smoking":"no"}},"geometry":{"type":"Point","coordinates":[11.9774986,57.6926648]}},{"type":"Feature","properties":{"id":2321220204,"osm_type":"node","name":"Foxes","category":"restaurant","tags":{"amenity":"pub","check_date:opening_hours":"2026-04-22","indoor_seating":"yes","name":"Foxes","opening_hours":"Mo-Th 16:00-24:00+; Fr 15:00-24:00; Sa 13:00-24:00; Su 14:00-24:00+","outdoor_seating":"sidewalk","smoking":"no","website":"https://www.foxes.se/"}},"geometry":{"type":"Point","coordinates":[11.976963,57.6932822]}},{"type":"Feature","properties":{"id":2321220205,"osm_type":"node","name":"Kizuna","category":"restaurant","tags":{"amenity":"restaurant","cuisine":"asian","diet:vegan":"yes","diet:vegetarian":"yes","indoor_seating":"yes","name":"Kizuna","opening_hours":"Tu-Th 11:00-14:30, Fr 11:00-14:30, Sa 12:00-22:00, Su 12:00-21:30, Fr 16:30-22:00, Mo 11:00-14:30, Tu-Th 16:30-21:30","outdoor_seating":"yes","payment:cryptocurrencies":"no","smoking":"no"}},"geometry":{"type":"Point","coordinates":[11.9768475,57.6934042]}},{"type":"Feature","properties":{"id":2321220206,"osm_type":"node","name":"Gunillas Baguetter","category":"restaurant","tags":{"amenity":"fast_food","cuisine":"sandwich","name":"Gunillas Baguetter","opening_hours:signed":"no"}},"geometry":{"type":"Point","coordinates":[11.9787187,57.6915438]}},{"type":"Feature","properties":{"id":2321220220,"osm_type":"node","name":"Kamari Coffee","category":"restaurant","tags":{"addr:city":"Göteborg","addr:housenumber":"4","addr:postcode":"411 32","addr:street":"Gibraltargatan","amenity":"cafe","name":"Kamari Coffee"}},"geometry":{"type":"Point","coordinates":[11.9764877,57.6938346]}},{"type":"Feature","properties":{"id":2340634387,"osm_type":"node","name":"Masala Kitchen","category":"restaurant","tags":{"amenity":"restaurant","contact:phone":"+46 (0) 31 20220530","contact:website":"https://www.masalakitchen.se/berzeliigatan/","cuisine":"indian","name":"Masala Kitchen","opening_hours":"Mo-Fr 11:00-22:00; Sa 12:00-22:00; Su 12:00-21:00","payment:cryptocurrencies":"no","smoking":"no"}},"geometry":{"type":"Point","coordinates":[11.981644,57.698163]}},{"type":"Feature","properties":{"id":2352733318,"osm_type":"node","name":"Espresso House","category":"restaurant","tags":{"addr:city":"Göteborg","addr:country":"SE","addr:housenumber":"2","addr:street":"Nils Ericsonsplatsen","air_conditioning":"yes","amenity":"cafe","brand":"Espresso House","brand:wikidata":"Q10489162","brand:wikipedia":"sv:Espresso House","check_date":"2026-04-02","contact:phone":"+46 31 333 09 35","contact:website":"https://www.espressohouse.com/","cuisine":"coffee_shop","diet:vegan":"yes","diet:vegetarian":"yes","drive_through":"no","indoor_seating":"yes","level":"0","name":"Espresso House","opening_hours":"Mo-Fr 05:15-22:00; Sa 06:00-21:30; Su 07:00-21:30","outdoor_seating":"no","payment:cash":"yes","payment:credit_cards":"yes","payment:debit_cards":"yes","smoking":"no","takeaway":"yes","toilets:menstrual_products":"no","wheelchair":"limited"}},"geometry":{"type":"Point","coordinates":[11.9728526,57.7089615]}},{"type":"Feature","properties":{"id":2352733320,"osm_type":"node","name":"Espresso House","category":"restaurant","tags":{"amenity":"cafe","brand":"Espresso House","brand:wikidata":"Q10489162","brand:wikipedia":"sv:Espresso House","check_date:opening_hours":"2024-08-10","cuisine":"coffee_shop","diet:vegan":"yes","diet:vegetarian":"yes","level":"0","name":"Espresso House","opening_hours:signed":"no","smoking":"no","takeaway":"yes","wheelchair":"yes"}},"geometry":{"type":"Point","coordinates":[11.973255,57.709349]}},{"type":"Feature","properties":{"id":2352733325,"osm_type":"node","name":"Brödernas","category":"restaurant","tags":{"air_conditioning":"yes","amenity":"restaurant","branch":"hamburgare","brand":"Brödernas","brand:wikidata":"Q136644088","check_date":"2023-05-23","cuisine":"burger","diet:vegan":"yes","diet:vegetarian":"yes","level":"0","name":"Brödernas","opening_hours":"Mo-Fr 11:00-21:00; Sa 12:00-21:00; Su 12:00-21:00","payment:cryptocurrencies":"no","payment:mastercard":"yes","payment:visa":"yes","smoking":"no","wheelchair":"yes"}},"geometry":{"type":"Point","coordinates":[11.972478,57.708725]}},{"type":"Feature","properties":{"id":2352733328,"osm_type":"node","name":"SUN SUSHI & ASIAN WOK","category":"restaurant","tags":{"amenity":"restaurant","check_date":"2024-09-11","cuisine":"sushi","diet:vegan":"yes","diet:vegetarian":"yes","level":"0","name":"SUN SUSHI & ASIAN WOK","smoking":"no"}},"geometry":{"type":"Point","coordinates":[11.972642,57.708749]}},{"type":"Feature","properties":{"id":2354535893,"osm_type":"node","name":"Råda säteri Kaffestuga","category":"restaurant","tags":{"amenity":"cafe","cuisine":"coffee_shop","internet_access":"wlan","internet_access:fee":"no","name":"Råda säteri Kaffestuga"}},"geometry":{"type":"Point","coordinates":[12.0903792,57.6603149]}},{"type":"Feature","properties":{"id":2354536663,"osm_type":"node","name":"Råda Gelato","category":"restaurant","tags":{"amenity":"cafe","cuisine":"ice_cream","internet_access":"wlan","internet_access:fee":"no","name":"Råda Gelato"}},"geometry":{"type":"Point","coordinates":[12.090416,57.6603974]}},{"type":"Feature","properties":{"id":2357051554,"osm_type":"node","name":"Enoteca Maglia","category":"restaurant","tags":{"addr:city":"Göteborg","addr:country":"SE","addr:housenumber":"46","addr:postcode":"414 70","addr:street":"Slottsskogsgatan","amenity":"restaurant","contact:phone":"+46 31 142400","contact:website":"http://www.enotecamaglia.se/","cuisine":"italian","name":"Enoteca Maglia","opening_hours":"Mo 17:00-22:00, Tu-Th 17:00-23:00, Fr,Sa 11:30-01:00, Su 11:30-22:00","payment:cryptocurrencies":"no","smoking":"no"}},"geometry":{"type":"Point","coordinates":[11.9213639,57.6874024]}},{"type":"Feature","properties":{"id":2360369855,"osm_type":"node","name":"Linkai Sushi","category":"restaurant","tags":{"amenity":"restaurant","cuisine":"sushi","indoor_seating":"yes","name":"Linkai Sushi","outdoor_seating":"yes","payment:cryptocurrencies":"no","smoking":"no"}},"geometry":{"type":"Point","coordinates":[11.93499,57.6982886]}},{"type":"Feature","properties":{"id":2360896753,"osm_type":"node","name":"Cupcake Time","category":"restaurant","tags":{"addr:city":"Göteborg","addr:country":"SE","addr:housenumber":"25","addr:postcode":"413 04","addr:street":"Lilla Risåsgatan","amenity":"cafe","cuisine":"cake","name":"Cupcake Time","opening_hours":"Mo-Fr 11:00-19:00; Sa 11:00-16:00; Su 12:00-16:00","operator":"Heidi","smoking":"no","website":"https://cupcaketime.se/"}},"geometry":{"type":"Point","coordinates":[11.9523974,57.696699]}},{"type":"Feature","properties":{"id":2365117027,"osm_type":"node","name":"Café Våfflan","category":"restaurant","tags":{"amenity":"cafe","check_date":"2025-07-30","name":"Café Våfflan","smoking":"no","source":"survey"}},"geometry":{"type":"Point","coordinates":[11.9602986,57.7094837]}},{"type":"Feature","properties":{"id":2371753178,"osm_type":"node","name":"Provianten","category":"restaurant","tags":{"addr:city":"Göteborg","addr:country":"SE","addr:housenumber":"2","addr:postcode":"411 04","addr:street":"Lilla Bommens Torg","amenity":"bar","indoor_seating":"yes","name":"Provianten","outdoor_seating":"yes","smoking":"no"}},"geometry":{"type":"Point","coordinates":[11.9663402,57.7114622]}},{"type":"Feature","properties":{"id":2373084084,"osm_type":"node","name":"Café ONE","category":"restaurant","tags":{"addr:city":"Göteborg","addr:country":"SE","addr:housenumber":"1-3","addr:postcode":"414 59","addr:street":"Karl Johansgatan","amenity":"cafe","check_date":"2026-04-18","diet:vegan":"yes","diet:vegetarian":"yes","email":"maria@utsoktmat.se","indoor_seating":"yes","internet_access":"wlan","name":"Café ONE","opening_hours":"Mo off; Tu-We 10:00-18:00; Th 10:00-20:00; Fr-Su 10:00-17:00","outdoor_seating":"garden","payment:cash":"yes","payment:credit_cards":"yes","payment:debit_cards":"yes","phone":"+46 70 747 78 88","smoking":"no","source":"https://www.sjofartsmuseetakvariet.se/","website":"https://www.sjofartsmuseetakvariet.se/besok/bistro/","website:menu":"https://www.sjofartsmuseetakvariet.se/uploads/2025/09/Meny-cafeone-2025.pdf","wheelchair":"yes"}},"geometry":{"type":"Point","coordinates":[11.9322986,57.699228]}},{"type":"Feature","properties":{"id":2390624617,"osm_type":"node","name":"Mr Singh","category":"restaurant","tags":{"addr:country":"SE","addr:housenumber":"27","addr:street":"Göteborgsvägen","amenity":"restaurant","cuisine":"indian","email":"savedalen@mrsingh.se","name":"Mr Singh","opening_hours":"Mo-Fr 11:00-22:00; Sa-Su 11:00-21:00","payment:cryptocurrencies":"no","phone":"+46 705 100 820","smoking":"no","website":"https://www.mrsingh.se/savedalen/"}},"geometry":{"type":"Point","coordinates":[12.0624513,57.7310902]}},{"type":"Feature","properties":{"id":2393734182,"osm_type":"node","name":"J.A. Pripps Pub & Café","category":"restaurant","tags":{"air_conditioning":"yes","amenity":"pub","indoor_seating":"yes","name":"J.A. Pripps Pub & Café","opening_hours":"Mo-Th 11:00-22:00; Fr 11:00-23:00; Sa 11:00-18:00","outdoor_seating":"yes","payment:cash":"no","payment:chalmers":"yes","payment:credit_cards":"yes","payment:debit_cards":"yes","payment:mastercard":"yes","payment:visa":"yes","real_fire":"no","short_name":"J.A.","smoking":"no","website":"https://www.chalmerskonferens.se/restauranger/johanneberg/j-a-pripps-pub-cafe/","wheelchair":"yes"}},"geometry":{"type":"Point","coordinates":[11.9746308,57.688755]}},{"type":"Feature","properties":{"id":2394138643,"osm_type":"node","name":"Sushi Bar Kobe","category":"restaurant","tags":{"amenity":"restaurant","name":"Sushi Bar Kobe","opening_hours":"Mo-Th 11:00-20:00; Fr 11:00-20:00; Sa 15:00-20:00","smoking":"no"}},"geometry":{"type":"Point","coordinates":[11.9577796,57.704538]}},{"type":"Feature","properties":{"id":2394138645,"osm_type":"node","name":"Kobe","category":"restaurant","tags":{"amenity":"restaurant","check_date":"2026-05-07","cuisine":"japanese","fixme":"merge with duplicate","indoor_seating":"yes","name":"Kobe","opening_hours":"Mo-Fr 11:00-20:00","outdoor_seating":"no","payment:cryptocurrencies":"no","smoking":"no","website":"https://www.kobesushi.se/"}},"geometry":{"type":"Point","coordinates":[11.957772,57.7045294]}},{"type":"Feature","properties":{"id":2394138648,"osm_type":"node","name":"Nöjds Konditori","category":"restaurant","tags":{"addr:city":"Göteborg","addr:housenumber":"12","addr:postcode":"411 21","addr:street":"Stora Badhusgatan","air_conditioning":"yes","amenity":"cafe","changing_table":"no","check_date":"2026-05-07","drive_through":"no","highchair":"yes","indoor_seating":"yes","internet_access":"no","name":"Nöjds Konditori","opening_hours":"Mo-Fr 08:00-17:00; PH off","outdoor_seating":"no","payment:cash":"no","payment:credit_cards":"yes","payment:debit_cards":"yes","phone":"+46 31 138 40 2","shop":"bakery","smoking":"no","takeaway":"yes","toilets:wheelchair":"yes","wheelchair":"yes"}},"geometry":{"type":"Point","coordinates":[11.9580234,57.7046687]}},{"type":"Feature","properties":{"id":2394138650,"osm_type":"node","name":"Pizzeria Barolo","category":"restaurant","tags":{"addr:city":"Göteborg","addr:country":"SE","addr:housenumber":"30","addr:postcode":"411 21","addr:street":"Stora Badhusgatan","amenity":"restaurant","contact:phone":"+46 31 13 26 80","contact:website":"https://mat-meny.se/pizzeria-barolo/","cuisine":"pizza","indoor_seating":"yes","name":"Pizzeria Barolo","opening_hours":"Mo-Fr 11:00-21:00; Sa,Su 13:00-21:00","outdoor_seating":"no","payment:cryptocurrencies":"no","smoking":"no"}},"geometry":{"type":"Point","coordinates":[11.9559582,57.7033443]}},{"type":"Feature","properties":{"id":2397035751,"osm_type":"node","name":"Mr Thaifood","category":"restaurant","tags":{"amenity":"restaurant","cuisine":"thai","name":"Mr Thaifood","opening_hours":"Mo-Fr 11:00-20:00; Sa-Su 12:00-20:00","outdoor_seating":"yes","payment:cryptocurrencies":"no","phone":"+46 31 227 022","smoking":"no","takeaway":"yes","website":"https://www.mrthaisweden.com/"}},"geometry":{"type":"Point","coordinates":[11.9331667,57.7079083]}},{"type":"Feature","properties":{"id":2402713346,"osm_type":"node","name":"Kwok Wang","category":"restaurant","tags":{"addr:city":"Göteborg","addr:country":"SE","addr:housenumber":"8","addr:postcode":"417 17","addr:street":"Wieselgrensgatan","amenity":"restaurant","contact:phone":"+46 31 510035","cuisine":"cantonese","name":"Kwok Wang","opening_hours":"Mo-Th 14:00-22:00; Fr,Sa 12:00-23:00; Su 12:00-22:00","outdoor_seating":"no","payment:cryptocurrencies":"no","smoking":"separated","takeaway":"yes","website":"https://www.kwokwang.se/"}},"geometry":{"type":"Point","coordinates":[11.9350432,57.7211455]}},{"type":"Feature","properties":{"id":2409240808,"osm_type":"node","name":"Franke's Bar","category":"restaurant","tags":{"addr:city":"Göteborg","addr:country":"SE","addr:housenumber":"3B","addr:postcode":"411 01","addr:street":"Alströmergatan","amenity":"pub","check_date":"2024-05-22","contact:facebook":"https://www.facebook.com/frankesgbg","contact:phone":"+46 31 25 01 00","contact:website":"http://www.frankesbar.se","indoor_seating":"yes","internet_access":"wlan","name":"Franke's Bar","opening_hours":"Mo-Th 16:00-23:00; Fr 15:00-01:00, Sa 13:00-01:00, Su 13:00-22:00","outdoor_seating":"no","smoking":"no"}},"geometry":{"type":"Point","coordinates":[11.9882808,57.7108657]}},{"type":"Feature","properties":{"id":2409240811,"osm_type":"node","name":"Yoshi","category":"restaurant","tags":{"amenity":"restaurant","contact:phone":"+46 31 78 81 06","cuisine":"sushi","name":"Yoshi","opening_hours":"Mo-Th 11:30-19:00; Fr 11:30-20:00; Sa 12:30-20:00","payment:cryptocurrencies":"no","smoking":"no","takeaway":"yes"}},"geometry":{"type":"Point","coordinates":[11.9880876,57.7109202]}},{"type":"Feature","properties":{"id":2410369343,"osm_type":"node","name":"Restaurang Röda Sten","category":"restaurant","tags":{"addr:city":"Göteborg","addr:country":"SE","addr:housenumber":"1","addr:place":"Röda Sten","addr:postcode":"41451","amenity":"restaurant","check_date":"2025-08-03","contact:email":"restaurang@rodasten.com","contact:phone":"+46-31-12 00 12","contact:website":"http://rödasten.se/","diet:vegetarian":"yes","indoor_seating":"yes","name":"Restaurang Röda Sten","opening_hours":"Tu-Fr 11:30-18:00; Sa 12:00-03:00","outdoor_seating":"yes","payment:cryptocurrencies":"no","smoking":"no","wheelchair":"yes"}},"geometry":{"type":"Point","coordinates":[11.901386,57.689152]}},{"type":"Feature","properties":{"id":2420952581,"osm_type":"node","name":"Eriksberg's Gastronomia","category":"restaurant","tags":{"amenity":"restaurant","cuisine":"italian","name":"Eriksberg's Gastronomia","payment:cryptocurrencies":"no","smoking":"no","toilets:wheelchair":"no","wheelchair":"yes"}},"geometry":{"type":"Point","coordinates":[11.9136445,57.7016526]}},{"type":"Feature","properties":{"id":2420952593,"osm_type":"node","name":"Kök & Bar 67","category":"restaurant","tags":{"amenity":"restaurant","name":"Kök & Bar 67","opening_hours":"Mo-Th 17:30-24:00; Fr-Sa 17:30-01:00, Su 17:30-23:00","payment:cryptocurrencies":"no","smoking":"no","toilets:wheelchair":"yes","wheelchair":"yes"}},"geometry":{"type":"Point","coordinates":[11.914038,57.7007476]}},{"type":"Feature","properties":{"id":2425923878,"osm_type":"node","name":"Gasquen","category":"restaurant","tags":{"amenity":"bar","name":"Gasquen","opening_hours":"\"event based\"","payment:cash":"no","payment:chalmers":"yes","payment:credit_cards":"yes","payment:debit_cards":"yes","smoking":"no","website":"https://gasquen.se/"}},"geometry":{"type":"Point","coordinates":[11.9751724,57.6886634]}},{"type":"Feature","properties":{"id":2440412348,"osm_type":"node","name":"Triumf Glasscafé","category":"restaurant","tags":{"addr:city":"Göteborg","addr:country":"SE","addr:housenumber":"13","addr:street":"Bruksgatan","amenity":"ice_cream","contact:phone":"+46-31-24 84 62","contact:website":"http://www.triumfglasscafe.se/","cuisine":"ice_cream","name":"Triumf Glasscafé","opening_hours":"Mo-Fr 11:00-18:00; Sa,Su 11:00-18:00"}},"geometry":{"type":"Point","coordinates":[11.9087126,57.6872052]}},{"type":"Feature","properties":{"id":2440489914,"osm_type":"node","name":"Sävedalens Gårdscafé & Inredning","category":"restaurant","tags":{"addr:housenumber":"85","addr:postcode":"43363","addr:street":"Göteborgsvägen","amenity":"cafe","bar":"no","check_date":"2025-05-08","cuisine":"sandwich;coffee_shop;cake;pancake;breakfast;salad;regional","drive_through":"no","email":"info@savedalensgardscafe.se","highchair":"yes","name":"Sävedalens Gårdscafé & Inredning","opening_hours":"Mo-Fr 08:30-16:00; Sa 11:00-15:00; Su off","payment:cash":"yes","payment:credit_cards":"yes","payment:debit_cards":"yes","phone":"+46 79 358 80 26","shop":"interior_decoration","source":"survey","toilets":"yes","toilets:wheelchair":"limited","website":"https://www.savedalensgardscafe.se","wheelchair":"limited"}},"geometry":{"type":"Point","coordinates":[12.0760577,57.7325339]}},{"type":"Feature","properties":{"id":2440489917,"osm_type":"node","name":"Sushibiten","category":"restaurant","tags":{"amenity":"fast_food","cuisine":"sushi","name":"Sushibiten"}},"geometry":{"type":"Point","coordinates":[12.075624,57.732548]}},{"type":"Feature","properties":{"id":2466513476,"osm_type":"node","name":"Indiska Köket","category":"restaurant","tags":{"amenity":"restaurant","cuisine":"indian","name":"Indiska Köket","opening_hours":"Mo-Fr 11:00-21:00; Sa,Su 13:00-21:00","payment:cryptocurrencies":"no","smoking":"no"}},"geometry":{"type":"Point","coordinates":[11.946767,57.7240438]}},{"type":"Feature","properties":{"id":2466525279,"osm_type":"node","name":"Mevlana Kebab","category":"restaurant","tags":{"amenity":"fast_food","cuisine":"kebab","name":"Mevlana Kebab","opening_hours":"Mo-Th 11:00-21:00; Sa-Su 12:00-21:00"}},"geometry":{"type":"Point","coordinates":[11.928987,57.717091]}},{"type":"Feature","properties":{"id":2466525280,"osm_type":"node","name":"Siam","category":"restaurant","tags":{"amenity":"fast_food","cuisine":"thai","name":"Siam","opening_hours":"Mo-Fr 11:00-19:00; Su 13:00-19:00"}},"geometry":{"type":"Point","coordinates":[11.928886,57.717085]}},{"type":"Feature","properties":{"id":2466676052,"osm_type":"node","name":"Lilla London","category":"restaurant","tags":{"air_conditioning":"yes","amenity":"pub","check_date":"2023-08-07","indoor_seating":"yes","level":"0","name":"Lilla London","opening_hours":"11:00-19:00","outdoor_seating":"no","smoking":"no"}},"geometry":{"type":"Point","coordinates":[11.972869,57.709027]}},{"type":"Feature","properties":{"id":2466676055,"osm_type":"node","name":"Mr Shou Wok & Sushi","category":"restaurant","tags":{"amenity":"restaurant","diet:vegan":"yes","diet:vegetarian":"yes","indoor_seating":"yes","level":"0","name":"Mr Shou Wok & Sushi","opening_hours":"Mo-Fr 10:30-20:00; Sa 11:00-19:00; Su 11:00-20:00","outdoor_seating":"no","smoking":"no"}},"geometry":{"type":"Point","coordinates":[11.97257,57.708565]}},{"type":"Feature","properties":{"id":2466676056,"osm_type":"node","name":"Taco Bar","category":"restaurant","tags":{"amenity":"fast_food","brand":"Taco Bar","brand:wikidata":"Q10689652","cuisine":"tex-mex","diet:vegetarian":"yes","level":"0","name":"Taco Bar","opening_hours":"Mo-Su 11:00-20:00","takeaway":"yes"}},"geometry":{"type":"Point","coordinates":[11.9738217,57.7087774]}},{"type":"Feature","properties":{"id":2466676059,"osm_type":"node","name":"Sausage haus","category":"restaurant","tags":{"amenity":"restaurant","diet:vegetarian":"no","indoor_seating":"yes","name":"Sausage haus","opening_hours":"Mo-Fr 11:00-18:00; Sa 11:00-18:00; Su 11:00-18:00","outdoor_seating":"no","payment:cryptocurrencies":"no","smoking":"no"}},"geometry":{"type":"Point","coordinates":[11.97246,57.710078]}},{"type":"Feature","properties":{"id":2466676061,"osm_type":"node","name":"Café Bistro Niwa","category":"restaurant","tags":{"amenity":"fast_food","diet:vegan":"no","diet:vegetarian":"yes","fast_food":"cafeteria","indoor_seating":"yes","level":"0","name":"Café Bistro Niwa","outdoor_seating":"no"}},"geometry":{"type":"Point","coordinates":[11.9726273,57.7093799]}},{"type":"Feature","properties":{"id":2466676065,"osm_type":"node","name":"NFC Fried Chicken","category":"restaurant","tags":{"amenity":"fast_food","check_date:opening_hours":"2023-08-01","cuisine":"chicken","diet:vegetarian":"no","indoor_seating":"yes","name":"NFC Fried Chicken","opening_hours":"Mo-Fr 11:30-18:30","opening_hours:signed":"no","outdoor_seating":"no","smoking":"no"}},"geometry":{"type":"Point","coordinates":[11.9723649,57.710262]}},{"type":"Feature","properties":{"id":2466676066,"osm_type":"node","name":"Nils Coffee House","category":"restaurant","tags":{"amenity":"cafe","diet:vegan":"no","diet:vegetarian":"yes","indoor_seating":"yes","name":"Nils Coffee House","opening_hours":"Mo-Fr 06:00-20:00; Sa 07:00-20:00; Su 07:00-21:00","outdoor_seating":"no","smoking":"no"}},"geometry":{"type":"Point","coordinates":[11.972414,57.710178]}},{"type":"Feature","properties":{"id":2466676067,"osm_type":"node","name":"O'Learys","category":"restaurant","tags":{"air_conditioning":"yes","amenity":"restaurant","brand":"O'Learys","brand:wikidata":"Q10605590","cuisine":"american","level":"0","name":"O'Learys","opening_hours":"Mo-Su 11:00-23:00","smoking":"no"}},"geometry":{"type":"Point","coordinates":[11.9735309,57.7087278]}},{"type":"Feature","properties":{"id":2466676080,"osm_type":"node","name":"Metropolitan Brew Grill","category":"restaurant","tags":{"amenity":"cafe","diet:vegan":"no","diet:vegetarian":"yes","indoor_seating":"yes","level":"0","name":"Metropolitan Brew Grill","opening_hours":"Mo-Fr 05:30-01:00, Sa 06:00-03:00, Su 08:00-03:00","outdoor_seating":"no","smoking":"no"}},"geometry":{"type":"Point","coordinates":[11.97375,57.708906]}},{"type":"Feature","properties":{"id":2466927534,"osm_type":"node","name":"Hayat Döner","category":"restaurant","tags":{"amenity":"restaurant","cuisine":"kebab;chicken","indoor_seating":"yes","name":"Hayat Döner","outdoor_seating":"yes","payment:credit_cards":"yes","payment:cryptocurrencies":"no","payment:debit_cards":"yes","smoking":"no"}},"geometry":{"type":"Point","coordinates":[11.9349306,57.7216956]}},{"type":"Feature","properties":{"id":2466992929,"osm_type":"node","name":"Linnéterrassen","category":"restaurant","tags":{"addr:city":"Göteborg","addr:country":"SE","addr:housenumber":"32","addr:postcode":"413 04","addr:street":"Linnégatan","air_conditioning":"yes","amenity":"restaurant","bar":"yes","contact:email":"info@linneterrassen.se","contact:instagram":"https://www.instagram.com/linneterrassen","contact:phone":"+46 31 240 89 0","contact:website":"https://www.linneterrassen.se/","contact:website:menu":"https://www.linneterrassen.se/meny","cuisine":"regional","diet:vegan":"yes","indoor_seating":"yes","name":"Linnéterrassen","opening_hours":"Mo-Th 15:00-24:00; Fr 15:00-02:00; Sa 13:00-02:00; Su 13:00-24:00","outdoor_seating":"yes","payment:cash":"yes","payment:credit_cards":"yes","payment:cryptocurrencies":"no","payment:debit_cards":"yes","reservation":"yes","smoking":"no","toilets":"yes","toilets:menstrual_products":"no","wheelchair":"no"}},"geometry":{"type":"Point","coordinates":[11.951989,57.696019]}},{"type":"Feature","properties":{"id":2468969552,"osm_type":"node","name":"Café Lorensberg","category":"restaurant","tags":{"amenity":"cafe","name":"Café Lorensberg","smoking":"no"}},"geometry":{"type":"Point","coordinates":[11.9756936,57.6982186]}},{"type":"Feature","properties":{"id":2468969553,"osm_type":"node","name":"John Scott's","category":"restaurant","tags":{"amenity":"restaurant","cuisine":"burger","name":"John Scott's","payment:cryptocurrencies":"no","smoking":"no"}},"geometry":{"type":"Point","coordinates":[11.9763444,57.6981672]}},{"type":"Feature","properties":{"id":2468969554,"osm_type":"node","name":"Chopstia","category":"restaurant","tags":{"amenity":"restaurant","cuisine":"japanese","name":"Chopstia","payment:cryptocurrencies":"no","smoking":"no"}},"geometry":{"type":"Point","coordinates":[11.9739424,57.69883]}},{"type":"Feature","properties":{"id":2468969556,"osm_type":"node","name":"Visage Dinner Club","category":"restaurant","tags":{"amenity":"restaurant","diet:vegetarian":"yes","name":"Visage Dinner Club"}},"geometry":{"type":"Point","coordinates":[11.9767677,57.7002471]}},{"type":"Feature","properties":{"id":2468969602,"osm_type":"node","name":"Le Pain Français Cosmopolitan","category":"restaurant","tags":{"addr:city":"Göteborg","addr:housenumber":"32","addr:postcode":"411 37","addr:street":"Engelbrektsgatan","amenity":"restaurant","bar":"yes","branch":"Cosmopolitan","cuisine":"burger;sandwich;salad;french","diet:vegetarian":"yes","name":"Le Pain Français Cosmopolitan","opening_hours":"Mo-Su 11:00-22:00","payment:cryptocurrencies":"no","payment:mastercard":"yes","payment:visa":"yes","smoking":"no","website":"https://lepainfrancais.se/cosmopolitan/"}},"geometry":{"type":"Point","coordinates":[11.9779721,57.6991412]}},{"type":"Feature","properties":{"id":2468969605,"osm_type":"node","name":"Locatelli","category":"restaurant","tags":{"amenity":"bar","check_date":"2025-08-08","name":"Locatelli","smoking":"no"}},"geometry":{"type":"Point","coordinates":[11.9780371,57.698703]}},{"type":"Feature","properties":{"id":2468969607,"osm_type":"node","name":"Merlot","category":"restaurant","tags":{"amenity":"bar","name":"Merlot","smoking":"no"}},"geometry":{"type":"Point","coordinates":[11.9786685,57.6994376]}},{"type":"Feature","properties":{"id":2468969608,"osm_type":"node","name":"Mikado","category":"restaurant","tags":{"amenity":"restaurant","cuisine":"japanese","name":"Mikado","payment:cryptocurrencies":"no","smoking":"no"}},"geometry":{"type":"Point","coordinates":[11.9767316,57.6986445]}},{"type":"Feature","properties":{"id":2468969609,"osm_type":"node","name":"Moon","category":"restaurant","tags":{"addr:city":"Göteborg","addr:country":"SE","addr:housenumber":"9","addr:postcode":"411 37","addr:street":"Kristinelundsgatan","air_conditioning":"yes","amenity":"restaurant","contact:email":"info@moonthai.se","contact:instagram":"https://www.instagram.com/moon_thai_kitchen","contact:phone":"+46 31 774 28 28","contact:website":"https://moonthai.se/","contact:website:menu":"https://moonthai.se/meny/","cuisine":"thai","name":"Moon","outdoor_seating":"yes","payment:cryptocurrencies":"no","payment:mastercard":"yes","payment:visa":"yes","smoking":"outside","takeaway":"yes","toilets":"yes"}},"geometry":{"type":"Point","coordinates":[11.9752344,57.6993436]}},{"type":"Feature","properties":{"id":2468969610,"osm_type":"node","name":"Nakayoshi","category":"restaurant","tags":{"amenity":"restaurant","cuisine":"japanese","name":"Nakayoshi","opening_hours":"Mo-Fr 10:30-20:30; Sa 12:00-19:00","payment:cryptocurrencies":"no","smoking":"no"}},"geometry":{"type":"Point","coordinates":[11.9771981,57.7004014]}},{"type":"Feature","properties":{"id":2468969615,"osm_type":"node","name":"Rockbaren","category":"restaurant","tags":{"amenity":"bar","indoor_seating":"yes","name":"Rockbaren","opening_hours":"Mo-Sa 17:00-03:00; Su 19:00-03:00","outdoor_seating":"yes","smoking":"no","website":"https://rockbaren.com"}},"geometry":{"type":"Point","coordinates":[11.9765627,57.7001445]}},{"type":"Feature","properties":{"id":2468969616,"osm_type":"node","name":"Ruby","category":"restaurant","tags":{"amenity":"bar","name":"Ruby","smoking":"no"}},"geometry":{"type":"Point","coordinates":[11.9763813,57.6997864]}},{"type":"Feature","properties":{"id":2468969618,"osm_type":"node","name":"Tien Tsin","category":"restaurant","tags":{"amenity":"restaurant","cuisine":"chinese","name":"Tien Tsin","payment:cryptocurrencies":"no","smoking":"no"}},"geometry":{"type":"Point","coordinates":[11.9788424,57.6995036]}},{"type":"Feature","properties":{"id":2468969619,"osm_type":"node","name":"Café Tintin","category":"restaurant","tags":{"addr:city":"Göteborg","addr:country":"SE","addr:housenumber":"22","addr:postcode":"411 37","addr:street":"Engelbrektsgatan","air_conditioning":"yes","amenity":"cafe","contact:email":"info@tintin.coffee","contact:phone":"+46 73 529 08 64","contact:website":"http://www.tintin.coffee/","contact:website:menu":"https://tintin.coffee/meny/","cuisine":"regional","drive_through":"no","name":"Café Tintin","opening_hours":"Mo-We 08:00-02:00; Th 08:00-03:00; Fr 08:00-04:00; Sa 07:30-04:00; Su 07:30-02:00","payment:cash":"yes","payment:credit_cards":"yes","payment:debit_cards":"yes","smoking":"no","takeaway":"yes","toilets":"yes","toilets:menstrual_products":"no","wheelchair":"no","wheelchair:description":"Uteserveringen är inte tillgänglig för personer i rullstol."}},"geometry":{"type":"Point","coordinates":[11.974657,57.697789]}},{"type":"Feature","properties":{"id":2470649322,"osm_type":"node","name":"PILS","category":"restaurant","tags":{"addr:city":"Göteborg","addr:country":"SE","addr:housenumber":"3A","addr:postcode":"413 05","addr:street":"Plantagegatan","amenity":"bar","contact:email":"hello@duggespils.se","contact:facebook":"https://www.facebook.com/duggespils/","contact:phone":"+46 31 387 70 00","contact:website":"https://duggespils.se/","contact:website:menu":"https://duggespils.se/menu/","name":"PILS","opening_hours":"Mo,Su off; Tu-Th 16:00-23:00; Fr 15:00-01:00; Sa 13:00-01:00","payment:cash":"yes","payment:credit_cards":"yes","payment:debit_cards":"yes","reservation":"yes","smoking":"no","takeaway":"yes"}},"geometry":{"type":"Point","coordinates":[11.9501397,57.6974356]}},{"type":"Feature","properties":{"id":2515672690,"osm_type":"node","name":"Biscotti","category":"restaurant","tags":{"amenity":"cafe","name":"Biscotti","smoking":"no","source":"survey"}},"geometry":{"type":"Point","coordinates":[11.9284181,57.6962035]}},{"type":"Feature","properties":{"id":2515672692,"osm_type":"node","name":"Cafe Asti","category":"restaurant","tags":{"amenity":"cafe","name":"Cafe Asti","smoking":"no","source":"survey","survey:date":"2013-08-01"}},"geometry":{"type":"Point","coordinates":[11.9272798,57.6969009]}},{"type":"Feature","properties":{"id":2515672693,"osm_type":"node","name":"Café Hängmattan","category":"restaurant","tags":{"addr:city":"Göteborg","addr:country":"SE","addr:housenumber":"16","addr:postcode":"414 59","addr:street":"Karl Johansgatan","amenity":"cafe","check_date":"2024-08-23","contact:phone":"+46-31-428820","diet:vegan":"yes","diet:vegetarian":"only","indoor_seating":"yes","name":"Café Hängmattan","opening_hours":"Su-Tu 11:30-20:00; We-Th 11:30-22:00; Sa 11:30-17:00","outdoor_seating":"veranda","smoking":"no","source":"survey","toilets:wheelchair":"yes","wheelchair":"yes"}},"geometry":{"type":"Point","coordinates":[11.9305722,57.6978025]}},{"type":"Feature","properties":{"id":2515672694,"osm_type":"node","name":"Konditori/Bageri Kampanilen","category":"restaurant","tags":{"addr:city":"Göteborg","addr:country":"SE","addr:housenumber":"5","addr:postcode":"414 59","addr:street":"Karl Johansgatan","amenity":"cafe","diet:vegan":"yes","diet:vegetarian":"yes","email":"order@kampanilen.se","name":"Konditori/Bageri Kampanilen","opening_hours":"Mo off; Tu-Fr 8:00-18:00, Sa-Su 9:00-16:00","payment:cryptocurrencies":"no","phone":"+4631144811","shop":"bakery","smoking":"no","website":"https://kampanilen.se/","wikidata":"Q112308855"}},"geometry":{"type":"Point","coordinates":[11.9320211,57.6985507]}},{"type":"Feature","properties":{"id":2515672696,"osm_type":"node","name":"Chateau Beirut","category":"restaurant","tags":{"amenity":"restaurant","check_date":"2024-07-27","name":"Chateau Beirut","opening_hours":"Tu-Th 17:00-22:00; Fr,Sa 17:00-24:00","payment:cryptocurrencies":"no","smoking":"no","source":"survey","survey:date":"2013-08-01"}},"geometry":{"type":"Point","coordinates":[11.930996,57.6982646]}},{"type":"Feature","properties":{"id":2515672697,"osm_type":"node","name":"We & Deli","category":"restaurant","tags":{"amenity":"restaurant","name":"We & Deli","payment:cryptocurrencies":"no","shop":"deli","smoking":"no"}},"geometry":{"type":"Point","coordinates":[11.9296392,57.6966896]}},{"type":"Feature","properties":{"id":2515672699,"osm_type":"node","name":"Majornas böcker & kaffe","category":"restaurant","tags":{"addr:city":"Göteborg","addr:country":"SE","addr:housenumber":"22","addr:postcode":"414 60","addr:street":"Allmänna Vägen","amenity":"cafe","entrance":"yes","name":"Majornas böcker & kaffe","opening_hours":"Tu-Fr 11:00-18:00; Sa 11:00-15:00","payment:cryptocurrencies":"no","phone":"+46 763414000","shop":"books"}},"geometry":{"type":"Point","coordinates":[11.9303498,57.696996]}},{"type":"Feature","properties":{"id":2515672701,"osm_type":"node","name":"Bollywood Masala","category":"restaurant","tags":{"addr:city":"Göteborg","addr:country":"SE","addr:housenumber":"8A","addr:postcode":"414 63","addr:street":"Bangatan","amenity":"restaurant","cuisine":"indian","name":"Bollywood Masala","payment:cryptocurrencies":"no","smoking":"no","source":"survey"}},"geometry":{"type":"Point","coordinates":[11.9351461,57.6978659]}},{"type":"Feature","properties":{"id":2515672706,"osm_type":"node","name":"Restaurang Oceanen","category":"restaurant","tags":{"amenity":"cafe","name":"Restaurang Oceanen","smoking":"no","source":"survey","survey:date":"2013-08-01"}},"geometry":{"type":"Point","coordinates":[11.9337111,57.6984451]}},{"type":"Feature","properties":{"id":2515672707,"osm_type":"node","name":"Plankan","category":"restaurant","tags":{"amenity":"restaurant","name":"Plankan","payment:cryptocurrencies":"no","smoking":"no","source":"survey","survey:date":"2013-08-01"}},"geometry":{"type":"Point","coordinates":[11.9305659,57.6972318]}},{"type":"Feature","properties":{"id":2515672708,"osm_type":"node","name":"Restaurang Evergreen","category":"restaurant","tags":{"amenity":"restaurant","check_date":"2024-08-23","diet:vegan":"yes","diet:vegetarian":"yes","name":"Restaurang Evergreen","opening_hours":"We-Fr 14:00-22:00; Sa,Su,PH 12:00-22:00; Mo,Tu off","payment:cryptocurrencies":"no","smoking":"no","source":"survey"}},"geometry":{"type":"Point","coordinates":[11.9289767,57.697397]}},{"type":"Feature","properties":{"id":2515672709,"osm_type":"node","name":"Ruffino","category":"restaurant","tags":{"amenity":"restaurant","check_date":"2024-07-27","cuisine":"italian","name":"Ruffino","payment:cryptocurrencies":"no","smoking":"no","source":"survey","survey:date":"2013-08-01"}},"geometry":{"type":"Point","coordinates":[11.9308086,57.6973172]}},{"type":"Feature","properties":{"id":2515672711,"osm_type":"node","name":"Triumf glass","category":"restaurant","tags":{"addr:city":"Göteborg","addr:country":"SE","addr:housenumber":"4","addr:postcode":"414 60","addr:street":"Allmänna Vägen","amenity":"ice_cream","contact:phone":"+46 31 14 38 90","contact:website":"http://www.triumfglasscafe.se","name":"Triumf glass","source":"survey"}},"geometry":{"type":"Point","coordinates":[11.9326013,57.6981015]}},{"type":"Feature","properties":{"id":2515672712,"osm_type":"node","name":"Zenit","category":"restaurant","tags":{"addr:housenumber":"11","addr:postcode":"41460","addr:street":"Allmänna Vägen","amenity":"cafe","check_date":"2024-07-27","cuisine":"coffee_shop","name":"Zenit","opening_hours":"Mo-Su 09:00-19:00","smoking":"no","source":"survey","website":"https://kafezenit.se/","wikidata":"Q113004897"}},"geometry":{"type":"Point","coordinates":[11.9316042,57.6977019]}},{"type":"Feature","properties":{"id":2526622534,"osm_type":"node","name":"Napoli Pizzeria","category":"restaurant","tags":{"addr:city":"Göteborg","addr:country":"SE","addr:housenumber":"46","addr:postcode":"41272","addr:street":"Bögatan","amenity":"restaurant","contact:phone":"+46 31 408354","cuisine":"pizza","name":"Napoli Pizzeria","payment:cryptocurrencies":"no","smoking":"no"}},"geometry":{"type":"Point","coordinates":[12.0142105,57.7021323]}},{"type":"Feature","properties":{"id":2557145957,"osm_type":"node","name":"Cheers Pub","category":"restaurant","tags":{"amenity":"pub","name":"Cheers Pub","smoking":"no","website":"https://www.cheerspub.nu/"}},"geometry":{"type":"Point","coordinates":[11.9654758,57.6986575]}},{"type":"Feature","properties":{"id":2560448415,"osm_type":"node","name":"Lai Wa","category":"restaurant","tags":{"amenity":"restaurant","contact:facebook":"https://www.facebook.com/Laiwa.se/","contact:phone":"+46 31 711 02 39; +46 31 131 29 8","contact:website":"http://lai-wa.se/","contact:website:menu":"http://lai-wa.se/?page_id=11","cuisine":"chinese","indoor_seating":"yes","name":"Lai Wa","opening_hours":"Mo-Tu,Th 15:00-21:00; We off; Fr 15:00-21:30; Sa 12:00-21:30; Su 12:00-21:00","outdoor_seating":"no","payment:cash":"yes","payment:credit_cards":"yes","payment:cryptocurrencies":"no","payment:debit_cards":"yes","smoking":"no","start_date":"1975-11","toilets":"yes"}},"geometry":{"type":"Point","coordinates":[11.9655454,57.6992948]}},{"type":"Feature","properties":{"id":2609119145,"osm_type":"node","name":"Rakhang Thai Kitchen","category":"restaurant","tags":{"addr:city":"Göteborg","addr:country":"SE","addr:housenumber":"40 E","addr:postcode":"414 60","addr:street":"Allmänna Vägen","amenity":"restaurant","capacity":"20","contact:phone":"+4631421310","contact:website":"http://www.pizzeriacontessa.se","cuisine":"pizza","name":"Rakhang Thai Kitchen","payment:cryptocurrencies":"no","smoking":"no"}},"geometry":{"type":"Point","coordinates":[11.9256866,57.6956564]}},{"type":"Feature","properties":{"id":2609131553,"osm_type":"node","name":"Il chiosco","category":"restaurant","tags":{"amenity":"bar","capacity":"5","contact:phone":"+4631141414","contact:website":"http://www.saigonzoo.se/","cuisine":"vietnamese_wok;vietnamese;asian","description":"Enkel bar med uteservering","name":"Il chiosco","opening_hours":"We-Sa 16:00-23:00","smoking":"no"}},"geometry":{"type":"Point","coordinates":[11.9335587,57.6988002]}},{"type":"Feature","properties":{"id":2609137719,"osm_type":"node","name":"Sunset Falafel","category":"restaurant","tags":{"addr:city":"Göteborg","addr:country":"SE","addr:housenumber":"11","addr:postcode":"414 63","addr:street":"Stigbergstorget","amenity":"fast_food","diet:vegan":"yes","diet:vegetarian":"only","name":"Sunset Falafel"}},"geometry":{"type":"Point","coordinates":[11.933379,57.6987443]}},{"type":"Feature","properties":{"id":2617145765,"osm_type":"node","name":"Bentoya","category":"restaurant","tags":{"amenity":"restaurant","cuisine":"sushi","name":"Bentoya","opening_hours":"Mo 11:30-15:00, Tu-Fr 11:30-19:00, Sa 13:00-18:00","payment:cryptocurrencies":"no","smoking":"no","website":"https://www.bentoya.se/"}},"geometry":{"type":"Point","coordinates":[12.0069373,57.712689]}},{"type":"Feature","properties":{"id":2637968963,"osm_type":"node","name":"Karibia","category":"restaurant","tags":{"amenity":"restaurant","name":"Karibia"}},"geometry":{"type":"Point","coordinates":[11.9764244,57.7004832]}},{"type":"Feature","properties":{"id":2637968978,"osm_type":"node","name":"Sjöbaren","category":"restaurant","tags":{"amenity":"restaurant","name":"Sjöbaren","opening_hours":"Mo-Th 11:00-14:00; Tu-Th 17:00-23:00; Fr 11:00-24:00; Sa 17:00-24:00","payment:cryptocurrencies":"no","smoking":"no","website":"https://sjobaren.se/lorensberg/"}},"geometry":{"type":"Point","coordinates":[11.9775206,57.699705]}},{"type":"Feature","properties":{"id":2638431215,"osm_type":"node","name":"Butcher's Market","category":"restaurant","tags":{"amenity":"restaurant","cuisine":"burger","name":"Butcher's Market","payment:cryptocurrencies":"no","smoking":"no"}},"geometry":{"type":"Point","coordinates":[11.9726962,57.7013313]}},{"type":"Feature","properties":{"id":2638431223,"osm_type":"node","name":"Crowbar","category":"restaurant","tags":{"amenity":"restaurant","diet:vegan":"yes","diet:vegetarian":"yes","name":"Crowbar","opening_hours":"We,Th 17:00-18:00+; Fr,Sa 17:00-02:00","website":"http://www.crowbar.se"}},"geometry":{"type":"Point","coordinates":[11.9693609,57.700204]}},{"type":"Feature","properties":{"id":2638431242,"osm_type":"node","name":"Stockyard","category":"restaurant","tags":{"amenity":"restaurant","cuisine":"burger","name":"Stockyard","payment:cryptocurrencies":"no","smoking":"no","takeaway":"yes","wheelchair":"no"}},"geometry":{"type":"Point","coordinates":[11.973779,57.701794]}},{"type":"Feature","properties":{"id":2638431582,"osm_type":"node","name":"Noba","category":"restaurant","tags":{"amenity":"restaurant","bar":"yes","cuisine":"regional","indoor_seating":"yes","name":"Noba","opening_hours":"Tu-Th 16:00-01:00, Fr 15:00-01:00, Sa 14:00-01:00","outdoor_seating":"yes","payment:cryptocurrencies":"no","smoking":"outside","wheelchair":"limited"}},"geometry":{"type":"Point","coordinates":[11.964533,57.699324]}},{"type":"Feature","properties":{"id":2638431615,"osm_type":"node","name":"Victorian Steampunk Lab","category":"restaurant","tags":{"addr:city":"Göteborg","addr:country":"SE","addr:housenumber":"2B","addr:postcode":"411 25","addr:street":"Viktoriagatan","amenity":"restaurant","bar":"yes","email":"victorian@atsteampunkbar.se","indoor_seating":"yes","name":"Victorian Steampunk Lab","note":"Cocktailbar with separate seating for dinner guests and a full menu, thus tagged as restaurant.","opening_hours":"Mo 16:00-22:00; Tu-Th 16:00-23:00; Fr 16:00-25:00; Sa 14:00-25:00","outdoor_seating":"veranda","payment:cash":"yes","payment:credit_cards":"yes","payment:cryptocurrencies":"no","payment:debit_cards":"yes","phone":"+46317742055","reservation":"yes","smoking":"no","toilets":"yes","website":"https://steampunkbar.se/victorian/"}},"geometry":{"type":"Point","coordinates":[11.9651565,57.6994308]}},{"type":"Feature","properties":{"id":2638431674,"osm_type":"node","name":"Teo's Dolce Vita","category":"restaurant","tags":{"amenity":"restaurant","cuisine":"italian","name":"Teo's Dolce Vita","payment:cryptocurrencies":"no","smoking":"no","website":"http://www.teositalienskakok.se/"}},"geometry":{"type":"Point","coordinates":[11.964335,57.699077]}},{"type":"Feature","properties":{"id":2638431722,"osm_type":"node","name":"Yaki-Da","category":"restaurant","tags":{"amenity":"restaurant","name":"Yaki-Da","payment:cryptocurrencies":"no","smoking":"no"}},"geometry":{"type":"Point","coordinates":[11.9727872,57.7013688]}},{"type":"Feature","properties":{"id":2638582169,"osm_type":"node","name":"Espresso House","category":"restaurant","tags":{"amenity":"cafe","brand":"Espresso House","brand:wikidata":"Q10489162","brand:wikipedia":"sv:Espresso House","cuisine":"coffee_shop","diet:vegan":"yes","diet:vegetarian":"yes","internet_access":"wlan","name":"Espresso House","opening_hours":"Mo-Fr 08:00-21:00; Sa 09:00-22:00; Su 10:00-21:00","smoking":"no","takeaway":"yes"}},"geometry":{"type":"Point","coordinates":[11.97705,57.699363]}},{"type":"Feature","properties":{"id":2640849131,"osm_type":"node","name":"Next Level Gelato & Juice Bar","category":"restaurant","tags":{"access":"yes","addr:city":"Göteborg","addr:country":"SE","addr:housenumber":"40","addr:postcode":"413 08","addr:street":"Linnégatan","amenity":"cafe","bar":"no","changing_table":"no","contact:email":"info@nextlevelgelato.se","contact:facebook":"https://www.facebook.com/nextlevelgelato/","contact:instagram":"https://www.instagram.com/nextlevel_gelato","contact:phone":"+46 72 169 84 48","contact:website":"https://nextlevelgelato.se/","contact:website:menu":"https://nextlevelgelato.se/#menu","drive_through":"no","entrance":"yes","highchair":"yes","internet_access":"wlan","internet_access:fee":"no","level":"0","name":"Next Level Gelato & Juice Bar","outdoor_seating":"yes","payment:cash":"yes","payment:credit_cards":"yes","payment:debit_cards":"yes","reservation":"yes","smoking":"no","takeaway":"yes","toilets":"no","toilets:menstrual_products":"no","toilets:wheelchair":"no","wheelchair":"limited"}},"geometry":{"type":"Point","coordinates":[11.9523714,57.6949103]}},{"type":"Feature","properties":{"id":2641463587,"osm_type":"node","name":"Tapasbaren","category":"restaurant","tags":{"amenity":"restaurant","name":"Tapasbaren","opening_hours":"Mo-Fr 17:00-22:00+; Sa 13:00-22:00+; Su 15:00-22:00+","payment:cryptocurrencies":"no","smoking":"no","wheelchair":"limited"}},"geometry":{"type":"Point","coordinates":[11.918372,57.6856388]}},{"type":"Feature","properties":{"id":2654279524,"osm_type":"node","name":"Kville Biljard","category":"restaurant","tags":{"addr:city":"Göteborg","addr:country":"SE","addr:housenumber":"2","addr:postcode":"41704","addr:street":"Kvilletorget","amenity":"restaurant","name":"Kville Biljard","opening_hours":"Mo-We 12:00-24:00, Th-Sa 12:00-01:00; Su 12:00-23:00","payment:cryptocurrencies":"no","smoking":"no","website":"https://www.kvillebiljard.com/","wheelchair":"yes"}},"geometry":{"type":"Point","coordinates":[11.9470417,57.7190439]}},{"type":"Feature","properties":{"id":2654584757,"osm_type":"node","name":"Kvilles Pastahouse","category":"restaurant","tags":{"amenity":"restaurant","bar":"yes","cuisine":"italian","name":"Kvilles Pastahouse","payment:cryptocurrencies":"no","smoking":"no"}},"geometry":{"type":"Point","coordinates":[11.94644,57.7186869]}},{"type":"Feature","properties":{"id":2654584770,"osm_type":"node","name":"Kville's Pizzeria","category":"restaurant","tags":{"amenity":"restaurant","name":"Kville's Pizzeria","payment:cryptocurrencies":"no","smoking":"no"}},"geometry":{"type":"Point","coordinates":[11.9466415,57.7186851]}},{"type":"Feature","properties":{"id":2663641419,"osm_type":"node","name":"Holy Moly","category":"restaurant","tags":{"addr:city":"Göteborg","addr:housenumber":"31","addr:postcode":"413 27","addr:street":"Andra Långgatan","amenity":"pub","contact:facebook":"https://www.facebook.com/holymolygbg","contact:instagram":"https://www.instagram.com/holymolygbg","contact:phone":"+46 31 147 02 5","contact:website":"http://www.holy-moly.se/","indoor_seating":"yes","name":"Holy Moly","outdoor_seating":"no","payment:cash":"yes","payment:credit_cards":"yes","payment:debit_cards":"yes","smoking":"no"}},"geometry":{"type":"Point","coordinates":[11.9458638,57.6989575]}},{"type":"Feature","properties":{"id":2663644957,"osm_type":"node","name":"Sejdeln","category":"restaurant","tags":{"amenity":"pub","check_date:opening_hours":"2025-09-25","name":"Sejdeln","opening_hours":"Su-Th 16:00-01:00, Fr,Sa 16:00-02:00","smoking":"no","toilets:wheelchair":"yes","wheelchair":"yes"}},"geometry":{"type":"Point","coordinates":[11.9458368,57.6987922]}},{"type":"Feature","properties":{"id":2663748001,"osm_type":"node","name":"King's Head","category":"restaurant","tags":{"addr:city":"Göteborg","addr:country":"SE","addr:housenumber":"32","addr:postcode":"413 27","addr:street":"Andra Långgatan","amenity":"pub","food":"yes","name":"King's Head","opening_hours":"Su-Th 16:00-01:00, Fr-Sa 16:00-02:00","outdoor_seating":"no","smoking":"outside","toilets:wheelchair":"limited","website":"https://kingshead.se/","wheelchair":"limited"}},"geometry":{"type":"Point","coordinates":[11.9448115,57.698674]}},{"type":"Feature","properties":{"id":2663748926,"osm_type":"node","name":"Queen's Head","category":"restaurant","tags":{"addr:city":"Göteborg","addr:country":"SE","addr:housenumber":"32","addr:postcode":"413 27","addr:street":"Andra Långgatan","amenity":"pub","food":"yes","name":"Queen's Head","opening_hours":"Mo-Th 18:00-01:00, Fr 17:00-02:00, Sa 18:00-02:00","outdoor_seating":"no","payment:cash":"yes","payment:credit_cards":"yes","payment:debit_cards":"yes","smoking":"outside","wheelchair":"limited"}},"geometry":{"type":"Point","coordinates":[11.944659,57.6986613]}},{"type":"Feature","properties":{"id":2663781617,"osm_type":"node","name":"The Abyss","category":"restaurant","tags":{"addr:city":"Göteborg","addr:country":"SE","addr:housenumber":"35","addr:postcode":"413 27","addr:street":"Andra Långgatan","amenity":"pub","contact:facebook":"https://www.facebook.com/theabyssgbg","contact:instagram":"https://www.instagram.com/theabyssgbg","contact:website":"https://theabyss.se/","description":"Heavy metal bar","name":"The Abyss","opening_hours":"Su-Th 16:00-01:00, Fr-Sa 15:00-02:00","outdoor_seating":"summer","payment:cash":"yes","payment:credit_cards":"yes","payment:debit_cards":"yes","smoking":"outside","wheelchair":"limited"}},"geometry":{"type":"Point","coordinates":[11.944408,57.698784]}},{"type":"Feature","properties":{"id":2677240093,"osm_type":"node","name":"Pizza Roma","category":"restaurant","tags":{"addr:city":"Göteborg","addr:country":"SE","addr:housenumber":"15","addr:postcode":"41653","addr:street":"Sanatoriegatan","amenity":"restaurant","brand":"Pizza Roma","cuisine":"pizza","name":"Pizza Roma","opening_hours":"Mo-Su 11:00-21:00","payment:cryptocurrencies":"no","smoking":"no","wheelchair":"no"}},"geometry":{"type":"Point","coordinates":[12.0249316,57.7132845]}},{"type":"Feature","properties":{"id":2689842340,"osm_type":"node","name":"Sandberg Månsson","category":"restaurant","tags":{"addr:city":"Göteborg","addr:country":"SE","addr:housenumber":"26","addr:postcode":"41118","addr:street":"Magasinsgatan","amenity":"restaurant","contact:phone":"+46 31-13 55 50","contact:website":"http://www.sandbergmansson.se","cuisine":"regional","name":"Sandberg Månsson","outdoor_seating":"yes","payment:cryptocurrencies":"no","smoking":"no"}},"geometry":{"type":"Point","coordinates":[11.963152,57.7025945]}},{"type":"Feature","properties":{"id":2689844040,"osm_type":"node","name":"Gourmet Korv","category":"restaurant","tags":{"addr:city":"Göteborg","addr:country":"SE","addr:housenumber":"6","addr:postcode":"41116","addr:street":"Södra Larmgatan","amenity":"restaurant","contact:facebook":"https://www.facebook.com/Gourmetkorv-Gr%C3%B6nsakstorget-1039198132955995/","contact:instagram":"https://www.instagram.com/gourmetkorvgronsakstorget","contact:phone":"+46 31 136 23 3","contact:website":"https://www.gourmetkorv.se/restauranger#rest-1","contact:website:menu":"https://www.gourmetkorv.se/#meny-section","cuisine":"hot_dog","indoor_seating":"yes","name":"Gourmet Korv","opening_hours":"Mo-Fr 10:00-18:00; Sa 11:00-17:00; Su 11:00-16:00","outdoor_seating":"yes","payment:cash":"yes","payment:credit_cards":"yes","payment:cryptocurrencies":"no","payment:debit_cards":"yes","smoking":"no"}},"geometry":{"type":"Point","coordinates":[11.9637326,57.7027061]}},{"type":"Feature","properties":{"id":2694347664,"osm_type":"node","name":"Burger Mission","category":"restaurant","tags":{"addr:country":"SE","addr:housenumber":"10","addr:street":"J Sigfrid Edströms Gata","amenity":"restaurant","name":"Burger Mission","opening_hours":"Mo-Su 11:00-21:00","smoking":"no"}},"geometry":{"type":"Point","coordinates":[11.9932911,57.7096346]}},{"type":"Feature","properties":{"id":2694384584,"osm_type":"node","name":"Bistro Odette","category":"restaurant","tags":{"access":"yes","addr:city":"Göteborg","addr:country":"SE","addr:housenumber":"14B","addr:postcode":"413 10","addr:street":"Olivedalsgatan","amenity":"restaurant","contact:email":"info@bistroodette.se","contact:instagram":"https://www.instagram.com/bistroodette","contact:phone":"+46 31 125 33 0","contact:website":"https://bistroodette.se/","entrance":"yes","name":"Bistro Odette","payment:cash":"yes","payment:credit_cards":"yes","payment:debit_cards":"yes","smoking":"no"}},"geometry":{"type":"Point","coordinates":[11.9510087,57.6918625]}},{"type":"Feature","properties":{"id":2696442302,"osm_type":"node","name":"Dup Hälso Sushi","category":"restaurant","tags":{"addr:city":"Göteborg","addr:country":"SE","addr:housenumber":"2","addr:postcode":"413 01","addr:street":"Södra Allégatan","amenity":"restaurant","cuisine":"sushi","name":"Dup Hälso Sushi","opening_hours":"Mo-Fr 11:00-21:00; Sa,Su 12:00-19:00"}},"geometry":{"type":"Point","coordinates":[11.9556453,57.6997253]}},{"type":"Feature","properties":{"id":2696450898,"osm_type":"node","name":"Hemma Hos…","category":"restaurant","tags":{"amenity":"pub","check_date":"2026-04-26","indoor_seating":"yes","name":"Hemma Hos…","opening_hours":"PH,Mo-Su 12:00-24:00","outdoor_seating":"yes","smoking":"no"}},"geometry":{"type":"Point","coordinates":[11.957454,57.698489]}},{"type":"Feature","properties":{"id":2696470794,"osm_type":"node","name":"Caféva","category":"restaurant","tags":{"addr:city":"Göteborg","addr:country":"SE","addr:housenumber":"5E","addr:postcode":"413 01","addr:street":"Haga Nygata","amenity":"cafe","check_date":"2026-04-23","contact:email":"cafevahaga@gmail.com","contact:facebook":"https://www.facebook.com/cafevahaganygata/","contact:instagram":"https://www.instagram.com/cafeva_haganygata","contact:phone":"+46 31 711 63 64","cuisine":"coffee_shop","diet:vegan":"yes","diet:vegetarian":"yes","drive_through":"no","indoor_seating":"yes","name":"Caféva","opening_hours":"Mo-Fr 11:00-18:00; Sa 11:00-16:00; Su 11:00-15:00","outdoor_seating":"no","smoking":"no","wheelchair":"no"}},"geometry":{"type":"Point","coordinates":[11.9544517,57.6987163]}},{"type":"Feature","properties":{"id":2696735443,"osm_type":"node","name":"Creperiet","category":"restaurant","tags":{"addr:city":"Göteborg","addr:country":"SE","addr:housenumber":"32","addr:postcode":"413 04","addr:street":"Linnégatan","amenity":"fast_food","changing_table":"no","check_date":"2025-12-12","drive_through":"no","highchair":"no","indoor_seating":"no","level":"0","name":"Creperiet","outdoor_seating":"no","payment:mastercard":"yes","payment:visa":"yes","smoking":"no","stroller":"yes","takeaway":"only","toilets":"no","toilets:menstrual_products":"no","toilets:wheelchair":"yes"}},"geometry":{"type":"Point","coordinates":[11.9519878,57.6961479]}},{"type":"Feature","properties":{"id":2696735454,"osm_type":"node","name":"Kastello","category":"restaurant","tags":{"addr:city":"Göteborg","addr:country":"SE","addr:housenumber":"38","addr:postcode":"413 04","addr:street":"Landsvägsgatan","amenity":"cafe","check_date":"2026-04-04","contact:facebook":"https://www.facebook.com/kastello.se/","contact:instagram":"https://www.instagram.com/kastellogbg","cuisine":"coffee_shop","indoor_seating":"yes","name":"Kastello","opening_hours":"Mo-Fr 08:00-18:00, Sa,Su 09:00-17:00","outdoor_seating":"yes","payment:cash":"yes","payment:credit_cards":"yes","payment:debit_cards":"yes","smoking":"no"}},"geometry":{"type":"Point","coordinates":[11.9520498,57.6962691]}},{"type":"Feature","properties":{"id":2696788654,"osm_type":"node","name":"Meat the Greek","category":"restaurant","tags":{"addr:housenumber":"3","addr:postcode":"411 22","addr:street":"Skanstorget","amenity":"restaurant","check_date":"2026-04-04","contact:facebook":"https://www.facebook.com/@meatthegreek.se/","contact:instagram":"https://www.instagram.com/meatthegreek.se","cuisine":"greek","email":"info@meetthegreek.se","level":"0","name":"Meat the Greek","opening_hours":"Mo-Fr 11:00-20:00; Sa-Su 12:00-20:00","payment:cash":"yes","payment:credit_cards":"yes","payment:cryptocurrencies":"no","payment:debit_cards":"yes","phone":"+46 31-812 60 6","smoking":"no","takeaway":"yes","website":"https://meatthegreek.se/"}},"geometry":{"type":"Point","coordinates":[11.959144,57.69562]}},{"type":"Feature","properties":{"id":2696793556,"osm_type":"node","name":"Lovely sushi","category":"restaurant","tags":{"amenity":"restaurant","contact:phone":"+46 (0) 31 131375","name":"Lovely sushi","payment:cryptocurrencies":"no","smoking":"no"}},"geometry":{"type":"Point","coordinates":[11.958601,57.695264]}},{"type":"Feature","properties":{"id":2700145722,"osm_type":"node","name":"Balkan B.K. Express","category":"restaurant","tags":{"addr:city":"Göteborg","addr:country":"SE","addr:housenumber":"6","addr:street":"Januarigatan","amenity":"pub","name":"Balkan B.K. Express","smoking":"no"}},"geometry":{"type":"Point","coordinates":[12.041221,57.7624989]}},{"type":"Feature","properties":{"id":2719443303,"osm_type":"node","name":"Vivian","category":"restaurant","tags":{"amenity":"restaurant","name":"Vivian","opening_hours":"Mo-Fr 07:00-15:00","payment:cryptocurrencies":"no","smoking":"no"}},"geometry":{"type":"Point","coordinates":[11.9658675,57.7176648]}},{"type":"Feature","properties":{"id":2719985643,"osm_type":"node","name":"Restaurang Bombay","category":"restaurant","tags":{"air_conditioning":"yes","amenity":"restaurant","cuisine":"indian","indoor_seating":"yes","name":"Restaurang Bombay","opening_hours":"Mo-Fr 11:00-23:00; Sa 13:00-23:00; Su 13:00-22:00","outdoor_seating":"yes","payment:credit_cards":"yes","payment:cryptocurrencies":"no","payment:debit_cards":"yes","smoking":"no","wheelchair":"no"}},"geometry":{"type":"Point","coordinates":[11.9517398,57.6994111]}},{"type":"Feature","properties":{"id":2725164096,"osm_type":"node","name":"Wrapped","category":"restaurant","tags":{"amenity":"restaurant","check_date":"2026-04-02","cuisine":"mexican","name":"Wrapped","opening_hours":"Mo-Fr 11:00-20:00; Sa 11:00-19:00; Su 12:00-17:00","payment:cash":"yes","payment:credit_cards":"yes","payment:cryptocurrencies":"no","payment:debit_cards":"yes","smoking":"no","toilets:menstrual_products":"no"}},"geometry":{"type":"Point","coordinates":[11.9632662,57.7044269]}},{"type":"Feature","properties":{"id":2727005259,"osm_type":"node","name":"Dubbel Dubbel Kolibri","category":"restaurant","tags":{"addr:city":"Göteborg","addr:country":"SE","addr:housenumber":"8","addr:postcode":"411 19","addr:street":"Surbrunnsgatan","amenity":"restaurant","cuisine":"asian","name":"Dubbel Dubbel Kolibri","opening_hours":"Mo-Su 17:00-24:00","payment:cryptocurrencies":"no","smoking":"no","website":"https://www.dubbeldubbel.se/","wheelchair":"no"}},"geometry":{"type":"Point","coordinates":[11.9560557,57.702963]}},{"type":"Feature","properties":{"id":2727038758,"osm_type":"node","name":"Cigarren","category":"restaurant","tags":{"amenity":"cafe","contact:facebook":"https://www.facebook.com/100063781158990","contact:phone":"+46 31-141560","name":"Cigarren","opening_hours":"Mo-Fr 09:00-19:00, Sa,Su 10:00-19:00","payment:credit_cards":"yes","payment:debit_cards":"yes","payment:mastercard":"yes","payment:visa":"yes","smoking":"no"}},"geometry":{"type":"Point","coordinates":[11.9529639,57.6995178]}},{"type":"Feature","properties":{"id":2727042225,"osm_type":"node","name":"Steinbrenner & Nyberg","category":"restaurant","tags":{"air_conditioning":"yes","amenity":"cafe","bar":"no","contact:phone":"+4631127128","drive_through":"no","indoor_seating":"yes","name":"Steinbrenner & Nyberg","opening_hours":"Mo-Fr 07:00-18:30; Sa 09:00-15:00","outdoor_seating":"yes","payment:cash":"yes","payment:credit_cards":"yes","payment:debit_cards":"yes","shop":"bakery","smoking":"no"}},"geometry":{"type":"Point","coordinates":[11.9525613,57.6994801]}},{"type":"Feature","properties":{"id":2727242146,"osm_type":"node","name":"Pizzeria Capri","category":"restaurant","tags":{"amenity":"fast_food","cuisine":"pizza","name":"Pizzeria Capri"}},"geometry":{"type":"Point","coordinates":[12.0415863,57.7590409]}},{"type":"Feature","properties":{"id":2749347064,"osm_type":"node","name":"Ölstugan Tullen Lejonet","category":"restaurant","tags":{"addr:city":"Göteborg","addr:country":"SE","addr:housenumber":"27","addr:postcode":"416 64","addr:street":"Friggagatan","air_conditioning":"yes","amenity":"bar","contact:email":"lejonet@olstugan.se","contact:phone":"+46 31 348 20 01","contact:website":"https://www.olstugan.se/varaolstugor/friggagatan-lejonet/","indoor_seating":"yes","internet_access":"no","name":"Ölstugan Tullen Lejonet","opening_hours":"Mo-Tu 15:00-23:30; We-Fr 15:00-24:30; Sa 13:00-24:30; Su 13:00-23:30","outdoor_seating":"yes","payment:cash":"no","payment:credit_cards":"yes","payment:debit_cards":"yes","smoking":"no","toilets":"yes","toilets:wheelchair":"yes","wheelchair":"limited"}},"geometry":{"type":"Point","coordinates":[11.9909991,57.7125346]}},{"type":"Feature","properties":{"id":2751980768,"osm_type":"node","name":"Via Luna pizzeria","category":"restaurant","tags":{"addr:city":"Göteborg","addr:country":"SE","addr:housenumber":"7","addr:postcode":"41517","addr:street":"Astronomgatan","amenity":"fast_food","contact:phone":"+46 31 46 42 46","contact:website":"https://onlinepizza.se/goteborg/via-luna-pizzeria-1/","cuisine":"pizza","delivery":"yes","drive_through":"no","name":"Via Luna pizzeria","opening_hours":"Mo-Su 12:00-22:00","takeaway":"yes"}},"geometry":{"type":"Point","coordinates":[12.057384,57.7605369]}},{"type":"Feature","properties":{"id":2755099375,"osm_type":"node","name":"Kafé Marmelad","category":"restaurant","tags":{"addr:city":"Göteborg","addr:postcode":"414 71","addr:street":"Mariagatan","amenity":"cafe","name":"Kafé Marmelad","opening_hours":"Mo-Fr 09:00-18:00; Sa,Su 10:00-18:00","smoking":"no"}},"geometry":{"type":"Point","coordinates":[11.9184767,57.685684]}},{"type":"Feature","properties":{"id":2759249903,"osm_type":"node","name":"Ai Sushi","category":"restaurant","tags":{"addr:city":"Göteborg","addr:country":"SE","addr:housenumber":"4","addr:postcode":"41120","addr:street":"Rosenlundsgatan","amenity":"restaurant","contact:phone":"+46 (0)31 - 320 64 88","contact:website":"http://www.aisushi.se/","cuisine":"sushi","name":"Ai Sushi","opening_hours":"Mo-Fr 11:00-20:00; Sa 12:00-20:00","outdoor_seating":"yes","payment:cryptocurrencies":"no","smoking":"no","wheelchair":"yes"}},"geometry":{"type":"Point","coordinates":[11.957385,57.701284]}},{"type":"Feature","properties":{"id":2790373045,"osm_type":"node","name":"New California Taco Shop","category":"restaurant","tags":{"addr:city":"Göteborg","addr:country":"SE","addr:housenumber":"17","addr:postcode":"413 14","addr:street":"Övre Husargatan","amenity":"restaurant","check_date":"2026-04-04","contact:instagram":"new_cali_tacos","contact:phone":"+46 31 22 00 23","cuisine":"american;mexican","name":"New California Taco Shop","name:en":"New California Taco Shop","name:sv":"New California Taco Shop","opening_hours":"We-Fr 17:00-22:00; Sa 12:00-22:00; Su 12:00-16:00","payment:cash":"yes","payment:credit_cards":"yes","payment:cryptocurrencies":"no","payment:debit_cards":"yes","smoking":"no","toilets":"yes","toilets:menstrual_products":"no"}},"geometry":{"type":"Point","coordinates":[11.9564639,57.6936252]}},{"type":"Feature","properties":{"id":2793200982,"osm_type":"node","name":"Café Kvillebäcken","category":"restaurant","tags":{"amenity":"cafe","name":"Café Kvillebäcken","smoking":"no"}},"geometry":{"type":"Point","coordinates":[11.9476525,57.7231705]}},{"type":"Feature","properties":{"id":2793200988,"osm_type":"node","name":"Fusion Sushi","category":"restaurant","tags":{"amenity":"restaurant","contact:email":"fusionsushi.se@gmail.com","contact:phone":"+46-768799699","cuisine":"sushi","name":"Fusion Sushi","opening_hours":"Mo-Fr 11:00-20:00; Sa-Su 12:00-19:30","payment:cryptocurrencies":"no","smoking":"no"}},"geometry":{"type":"Point","coordinates":[11.9474837,57.7232869]}},{"type":"Feature","properties":{"id":2793201063,"osm_type":"node","name":"Tooty Coffee","category":"restaurant","tags":{"addr:city":"Göteborg","addr:country":"SE","addr:housenumber":"7F","addr:street":"Gustaf Dalénsgatan","amenity":"cafe","check_date:opening_hours":"2026-01-13","name":"Tooty Coffee","opening_hours:signed":"no"}},"geometry":{"type":"Point","coordinates":[11.9456145,57.7229829]}},{"type":"Feature","properties":{"id":2820784001,"osm_type":"node","name":"Fresh Café","category":"restaurant","tags":{"amenity":"cafe","name":"Fresh Café","opening_hours":"Mo-Th 11:00-18:00; Fr 11:00-16:00","smoking":"no","wheelchair":"no"}},"geometry":{"type":"Point","coordinates":[11.9569497,57.7001873]}},{"type":"Feature","properties":{"id":2824868301,"osm_type":"node","name":"Burgersson","category":"restaurant","tags":{"addr:city":"Göteborg","addr:country":"SE","addr:housenumber":"4","addr:postcode":"411 22","addr:street":"Skanstorget","air_conditioning":"yes","amenity":"restaurant","brewery":"yes","cuisine":"burger","diet:halal":"no","diet:kosher":"no","diet:vegan":"yes","diet:vegetarian":"yes","indoor_seating":"yes","name":"Burgersson","opening_hours":"Tu-Th 16:30-22:00; Fr 16:30-24:00; Sa 12:00-24:00; Su 12:00-21:00","outdoor_seating":"yes","payment:credit_cards":"yes","payment:cryptocurrencies":"no","payment:debit_cards":"yes","payment:mastercard":"yes","payment:visa":"yes","smoking":"no","website":"https://www.burgersson.se/","wheelchair":"no"}},"geometry":{"type":"Point","coordinates":[11.9589706,57.6955757]}},{"type":"Feature","properties":{"id":2836034239,"osm_type":"node","name":"Condeco","category":"restaurant","tags":{"addr:city":"Göteborg","addr:country":"SE","addr:housenumber":"16","addr:postcode":"411 07","addr:street":"Västra Hamngatan","amenity":"cafe","contact:phone":"+46 31 135350","internet_access":"yes","name":"Condeco","opening_hours":"Mo-Fr 08:00-20:00, Sa 10:00-19:00, Su 11:00-19:00","smoking":"no"}},"geometry":{"type":"Point","coordinates":[11.9644618,57.7034118]}},{"type":"Feature","properties":{"id":2868454571,"osm_type":"node","name":"Barabicu","category":"restaurant","tags":{"addr:city":"Göteborg","addr:country":"SE","addr:housenumber":"4","addr:postcode":"41120","addr:street":"Rosenlundsgatan","amenity":"restaurant","check_date:opening_hours":"2025-09-25","contact:phone":"+46 31 13 58 00","cuisine":"american","indoor_seating":"yes","name":"Barabicu","opening_hours":"Mo-Sa 16:00-01:00","opening_hours:signed":"no","outdoor_seating":"yes","payment:cryptocurrencies":"no","smoking":"outside","toilets:wheelchair":"yes","website":"https://barabicu.se/","wheelchair":"yes"}},"geometry":{"type":"Point","coordinates":[11.9559048,57.7018975]}},{"type":"Feature","properties":{"id":2868463292,"osm_type":"node","name":"Tranquilo","category":"restaurant","tags":{"addr:city":"Göteborg","addr:country":"SE","addr:housenumber":"14","addr:postcode":"41110","addr:street":"Kungstorget","amenity":"restaurant","name":"Tranquilo","payment:cryptocurrencies":"no","smoking":"no","wheelchair":"no"}},"geometry":{"type":"Point","coordinates":[11.9689143,57.7035746]}},{"type":"Feature","properties":{"id":2876347241,"osm_type":"node","name":"Roots","category":"restaurant","tags":{"addr:city":"Göteborg","addr:country":"SE","addr:housenumber":"3","addr:postcode":"41256","addr:street":"Götaplatsen","amenity":"cafe","name":"Roots","opening_hours":"Mo-Fr 08:00-20:00; Sa,Su 10:00-18:00","smoking":"no","website":"https://www.rootscafe.se/"}},"geometry":{"type":"Point","coordinates":[11.979057,57.6980064]}},{"type":"Feature","properties":{"id":2886228000,"osm_type":"node","name":"Sushi Munkebäck","category":"restaurant","tags":{"addr:city":"Göteborg","addr:country":"SE","addr:housenumber":"6","addr:postcode":"41673","addr:street":"Ahrenbergsgatan","amenity":"restaurant","contact:phone":"+4631212805","contact:website":"http://sushimunkeback.se/","cuisine":"sushi","name":"Sushi Munkebäck","opening_hours":"Mo-Fr 11:00-20:00; Sa-Su 13:00-20:00","payment:cryptocurrencies":"no","smoking":"no","takeaway":"yes"}},"geometry":{"type":"Point","coordinates":[12.0260102,57.7220604]}},{"type":"Feature","properties":{"id":2886231056,"osm_type":"node","name":"Sannegårdens Pizzeria","category":"restaurant","tags":{"addr:city":"Göteborg","addr:country":"SE","addr:housenumber":"8","addr:postcode":"41673","addr:street":"Ahrenbergsgatan","amenity":"restaurant","cuisine":"pizza","name":"Sannegårdens Pizzeria","opening_hours":"Mo-Fr 10:00-22:00; Sa-Su 11:00-22:00","payment:cryptocurrencies":"no","smoking":"no","takeaway":"yes"}},"geometry":{"type":"Point","coordinates":[12.0267229,57.7221164]}},{"type":"Feature","properties":{"id":2892247324,"osm_type":"node","name":"Coop Kök & Kafé","category":"restaurant","tags":{"air_conditioning":"yes","amenity":"cafe","cuisine":"regional;sandwich;cake;salad","indoor_seating":"yes","name":"Coop Kök & Kafé","opening_hours":"Mo-Fr 08:00-18:00; Sa-Su 08:00-17:00","outdoor_seating":"no","smoking":"no","website":"https://coopforum-goteborg.gastrogate.com/"}},"geometry":{"type":"Point","coordinates":[12.0006347,57.7693497]}},{"type":"Feature","properties":{"id":2894418946,"osm_type":"node","name":"Backside","category":"restaurant","tags":{"addr:city":"Göteborg","addr:country":"SE","addr:housenumber":"5","addr:postcode":"415 26","addr:street":"Rullagergatan","amenity":"restaurant","capacity":"100","contact:phone":"+46 31-337 10 81","contact:website":"http://www.backside.se/","cuisine":"regional","name":"Backside","opening_hours":"Mo-Fr 11:00-14:00","payment:cryptocurrencies":"no","smoking":"no"}},"geometry":{"type":"Point","coordinates":[12.013382,57.7285863]}},{"type":"Feature","properties":{"id":2917212397,"osm_type":"node","name":"Solsidan","category":"restaurant","tags":{"addr:city":"Mölnlycke","addr:country":"SE","addr:housenumber":"2A","addr:postcode":"43533","addr:street":"Metodvägen","amenity":"restaurant","cuisine":"pizza","name":"Solsidan","smoking":"no","website":"https://sv-se.facebook.com/Solsidan","wheelchair":"yes"}},"geometry":{"type":"Point","coordinates":[12.0938851,57.679421]}},{"type":"Feature","properties":{"id":2923394047,"osm_type":"node","name":"Hedens Pizza Butik","category":"restaurant","tags":{"addr:city":"Göteborg","addr:country":"SE","addr:housenumber":"4","addr:postcode":"412 53","addr:street":"Wadmansgatan","amenity":"fast_food","contact:phone":"+46-31207095","contact:website":"https://www.pizzeriaheden.se/","cuisine":"pizza","diet:gluten_free":"yes","diet:vegetarian":"yes","name":"Hedens Pizza Butik","opening_hours":"Mo-Su 11:00-22:00","wheelchair":"no"}},"geometry":{"type":"Point","coordinates":[11.9815778,57.700011]}},{"type":"Feature","properties":{"id":2923394055,"osm_type":"node","name":"McDonald's","category":"restaurant","tags":{"air_conditioning":"yes","amenity":"fast_food","brand":"McDonald's","brand:wikidata":"Q38076","brand:wikipedia":"sv:McDonald's","changing_table":"yes","cuisine":"burger","indoor_seating":"yes","name":"McDonald's","opening_hours":"Mo-Su 00:00-00:00","outdoor_seating":"yes","smoking":"no","takeaway":"yes","wheelchair":"yes"}},"geometry":{"type":"Point","coordinates":[11.9879904,57.699827]}},{"type":"Feature","properties":{"id":2930989814,"osm_type":"node","name":"Panda Sushi","category":"restaurant","tags":{"amenity":"restaurant","cuisine":"sushi","name":"Panda Sushi","opening_hours":"Mo-Fr 11:00-21:00; Sa-Su 12:00-20:00","payment:cryptocurrencies":"no","smoking":"no"}},"geometry":{"type":"Point","coordinates":[11.984398,57.699708]}},{"type":"Feature","properties":{"id":2930989901,"osm_type":"node","name":"Stage Door","category":"restaurant","tags":{"addr:city":"Göteborg","addr:housenumber":"12","addr:postcode":"41253","addr:street":"Berzeliigatan","amenity":"restaurant","bar":"yes","name":"Stage Door","opening_hours":"Mo-Th,Su 16:00-01:00, Fr 15:00-02:00, Sa 14:00-02:00","payment:cryptocurrencies":"no","phone":"+46 31-161252","smoking":"no","website":"https://www.stagedoor.se/"}},"geometry":{"type":"Point","coordinates":[11.9822729,57.6987967]}},{"type":"Feature","properties":{"id":2930995601,"osm_type":"node","name":"Barrique","category":"restaurant","tags":{"amenity":"restaurant","name":"Barrique","opening_hours":"Mo-Fr 17:00-24:00","payment:cryptocurrencies":"no","smoking":"no"}},"geometry":{"type":"Point","coordinates":[11.983338,57.699239]}},{"type":"Feature","properties":{"id":2930998802,"osm_type":"node","name":"La Terrazza","category":"restaurant","tags":{"addr:city":"Göteborg","addr:country":"SE","addr:housenumber":"19","addr:postcode":"412 52","addr:street":"Sten Sturegatan","amenity":"restaurant","cuisine":"italian","indoor_seating":"yes","name":"La Terrazza","opening_hours":"Mo-Fr 16:30-24:00; Sa-Su 12:00-24:00","outdoor_seating":"yes","payment:cryptocurrencies":"no","smoking":"no","website":"http://www.laterrazza.se/engelska/","wheelchair":"yes"}},"geometry":{"type":"Point","coordinates":[11.984655,57.699851]}},{"type":"Feature","properties":{"id":2931001101,"osm_type":"node","name":"Ristorante Angelo's","category":"restaurant","tags":{"addr:city":"Göteborg","addr:country":"SE","addr:housenumber":"17","addr:postcode":"412 52","addr:street":"Sten Sturegatan","amenity":"restaurant","cuisine":"spanish","name":"Ristorante Angelo's","payment:cryptocurrencies":"no","smoking":"no","website":"https://www.restaurangangelos.se/","wheelchair":"limited"}},"geometry":{"type":"Point","coordinates":[11.984603,57.699919]}},{"type":"Feature","properties":{"id":2931010901,"osm_type":"node","name":"Mikado","category":"restaurant","tags":{"addr:city":"Göteborg","addr:country":"SE","addr:housenumber":"42","addr:postcode":"412 52","addr:street":"Sten Sturegatan","amenity":"restaurant","contact:phone":"+46 31 814103","contact:website":"http://www.mikadogoteborg.se/","cuisine":"japanese","indoor_seating":"yes","name":"Mikado","outdoor_seating":"yes","payment:cryptocurrencies":"no","smoking":"no","toilets:wheelchair":"yes","wheelchair":"yes"}},"geometry":{"type":"Point","coordinates":[11.985027,57.700209]}},{"type":"Feature","properties":{"id":2931016903,"osm_type":"node","name":"Vivaldi","category":"restaurant","tags":{"amenity":"restaurant","name":"Vivaldi","payment:cryptocurrencies":"no","smoking":"no"}},"geometry":{"type":"Point","coordinates":[11.9838482,57.6989675]}},{"type":"Feature","properties":{"id":2931018802,"osm_type":"node","name":"Antonio bar","category":"restaurant","tags":{"amenity":"bar","internet_access":"wlan","name":"Antonio bar","smoking":"no"}},"geometry":{"type":"Point","coordinates":[11.983609,57.69886]}},{"type":"Feature","properties":{"id":2931021301,"osm_type":"node","name":"Helenes Smörrebröd","category":"restaurant","tags":{"addr:city":"Göteborg","addr:country":"SE","addr:housenumber":"13","addr:postcode":"412 53","addr:street":"Berzeliigatan","amenity":"restaurant","contact:phone":"+4631-20 20 80","contact:website":"www.helenes-smorrebrod.se/","cuisine":"danish","name":"Helenes Smörrebröd","opening_hours":"Mo-Fr 11:00-15:00 Sa 12:00-15:00","payment:cryptocurrencies":"no","smoking":"no","takeaway":"yes"}},"geometry":{"type":"Point","coordinates":[11.982956,57.698618]}},{"type":"Feature","properties":{"id":2931022501,"osm_type":"node","name":"Grytan","category":"restaurant","tags":{"amenity":"fast_food","name":"Grytan","takeaway":"only"}},"geometry":{"type":"Point","coordinates":[11.983602,57.698206]}},{"type":"Feature","properties":{"id":2931024101,"osm_type":"node","name":"Fratelli Gridelli","category":"restaurant","tags":{"addr:city":"Göteborg","addr:country":"SE","addr:housenumber":"26","addr:postcode":"412 52","addr:street":"Tegnérsgatan","amenity":"cafe","indoor_seating":"yes","name":"Fratelli Gridelli","opening_hours":"Mo-Fr 08:00-19:00; Sa 08:00-15:00","outdoor_seating":"yes","shop":"deli","smoking":"no","website":"https://www.facebook.com/fgridelli/"}},"geometry":{"type":"Point","coordinates":[11.98571,57.69908]}},{"type":"Feature","properties":{"id":2931027001,"osm_type":"node","name":"Trattoria @ Hotell Onyxen","category":"restaurant","tags":{"addr:city":"Göteborg","addr:country":"SE","addr:housenumber":"23","addr:postcode":"412 52","addr:street":"Sten Sturegatan","amenity":"restaurant","cuisine":"italian","name":"Trattoria @ Hotell Onyxen","opening_hours":"Mo-Sa 17:00-22:00","payment:cryptocurrencies":"no","smoking":"no","website":"http://hotellonyxen.se/trattoria/#trattoria-restaurang"}},"geometry":{"type":"Point","coordinates":[11.985482,57.699306]}},{"type":"Feature","properties":{"id":2931038401,"osm_type":"node","name":"La Cucina italiana","category":"restaurant","tags":{"amenity":"restaurant","cuisine":"italian","indoor_seating":"yes","name":"La Cucina italiana","opening_hours":"Tu-Sa 17:00-23:00","outdoor_seating":"yes","payment:cryptocurrencies":"no","smoking":"no","website":"https://lacucinaitaliana.nu/"}},"geometry":{"type":"Point","coordinates":[11.986228,57.697513]}},{"type":"Feature","properties":{"id":2931039101,"osm_type":"node","name":"Tony's Coffeebar","category":"restaurant","tags":{"amenity":"bar","indoor_seating":"yes","name":"Tony's Coffeebar","outdoor_seating":"yes"}},"geometry":{"type":"Point","coordinates":[11.9862266,57.6974652]}},{"type":"Feature","properties":{"id":2931041901,"osm_type":"node","name":"La Baron","category":"restaurant","tags":{"addr:city":"Göteborg","addr:country":"SE","addr:housenumber":"39","addr:street":"Skånegatan","amenity":"restaurant","contact:facebook":"https://www.facebook.com/137092899682895","contact:phone":"+46 31 164 16 0","contact:website":"https://restauranglebaron.com/","cuisine":"lebanese","diet:vegetarian":"yes","indoor_seating":"yes","name":"La Baron","opening_hours":"Tu-Th 16:00-22:00; Fr 16:00-23:00; Sa 12:00-23:00; Su 13:00-21:00","outdoor_seating":"no","payment:cryptocurrencies":"no","payment:mastercard":"yes","payment:visa":"yes","smoking":"no"}},"geometry":{"type":"Point","coordinates":[11.986291,57.697243]}},{"type":"Feature","properties":{"id":2931104210,"osm_type":"node","name":"Café Vi","category":"restaurant","tags":{"amenity":"cafe","level":"1","name":"Café Vi","opening_hours":"Mo-Fr 08:00-19:00; Sa 10:00-17:00; Su 11:00-17:00","smoking":"no","wheelchair":"limited"}},"geometry":{"type":"Point","coordinates":[11.952141,57.722025]}},{"type":"Feature","properties":{"id":2931115301,"osm_type":"node","name":"Paprika","category":"restaurant","tags":{"air_conditioning":"yes","amenity":"fast_food","cuisine":"salad","indoor_seating":"yes","name":"Paprika","opening_hours":"Mo-Fr 10:00-19:00, Sa 10:00-17:00, Su 11:00-17:00","outdoor_seating":"no","payment:credit_cards":"yes","payment:debit_cards":"yes","smoking":"no"}},"geometry":{"type":"Point","coordinates":[11.951447,57.7217]}},{"type":"Feature","properties":{"id":2931428601,"osm_type":"node","name":"Duy-tan","category":"restaurant","tags":{"amenity":"restaurant","cuisine":"vietnamese","name":"Duy-tan","opening_hours":"Mo-Fr 11:00-21:00; Sa 12:00-21:00","payment:cryptocurrencies":"no","smoking":"no"}},"geometry":{"type":"Point","coordinates":[11.948271,57.719471]}},{"type":"Feature","properties":{"id":2931433701,"osm_type":"node","name":"East Africa","category":"restaurant","tags":{"amenity":"restaurant","cuisine":"african","diet:vegan":"yes","diet:vegetarian":"yes","name":"East Africa","opening_hours":"Mo-Th 11:00-21:00, Fr 11:00-01:00, Sa 13:00-01:00, Su 13:00-21:00","payment:cryptocurrencies":"no","smoking":"no"}},"geometry":{"type":"Point","coordinates":[11.94776,57.719512]}},{"type":"Feature","properties":{"id":2932569201,"osm_type":"node","name":"Go Sushi","category":"restaurant","tags":{"amenity":"restaurant","cuisine":"sushi","name":"Go Sushi","opening_hours":"Mo-Fr 11:00-20:00; Sa 11:00-18:00","payment:cryptocurrencies":"no","smoking":"no"}},"geometry":{"type":"Point","coordinates":[11.947306,57.718673]}},{"type":"Feature","properties":{"id":2932575701,"osm_type":"node","name":"Thai Family Kitchen","category":"restaurant","tags":{"amenity":"restaurant","cuisine":"thai","name":"Thai Family Kitchen","opening_hours":"Mo-Fr 11:00-20:00; Sa,Su 12:00-20:00","payment:cryptocurrencies":"no","smoking":"no"}},"geometry":{"type":"Point","coordinates":[11.949594,57.718768]}},{"type":"Feature","properties":{"id":2932668307,"osm_type":"node","name":"Zen Cuisine","category":"restaurant","tags":{"amenity":"restaurant","cuisine":"sushi;japanese","name":"Zen Cuisine","payment:cryptocurrencies":"no","smoking":"no"}},"geometry":{"type":"Point","coordinates":[11.945848,57.718857]}},{"type":"Feature","properties":{"id":2932676504,"osm_type":"node","name":"Sultan Grill","category":"restaurant","tags":{"amenity":"restaurant","check_date":"2023-01-06","cuisine":"turkish","indoor_seating":"yes","internet_access":"wlan","name":"Sultan Grill","opening_hours":"Mo-Th 11:00-23:00; Fr 11:00-02:00, Sa 12:00-22:00; Su 12:00-22:00","outdoor_seating":"yes","payment:cryptocurrencies":"no","smoking":"no"}},"geometry":{"type":"Point","coordinates":[11.944849,57.719196]}},{"type":"Feature","properties":{"id":2932694101,"osm_type":"node","name":"Lundgrens","category":"restaurant","tags":{"amenity":"cafe","name":"Lundgrens","smoking":"no"}},"geometry":{"type":"Point","coordinates":[11.944841,57.71903]}},{"type":"Feature","properties":{"id":2935625501,"osm_type":"node","name":"Pizzabutik gigante","category":"restaurant","tags":{"addr:city":"Göteborg","addr:country":"SE","addr:housenumber":"13","addr:street":"Byalagsgatan","amenity":"fast_food","contact:phone":"+46-31-233744","cuisine":"pizza","delivery":"yes","drive_through":"no","internet_access":"no","name":"Pizzabutik gigante","opening_hours":"Mo-Th 11:00-21:00; Fr 11:00-22:00; Sa 12:00-22:00; Su 12:00-21:00","outdoor_seating":"yes","smoking":"no","takeaway":"yes","wheelchair":"yes"}},"geometry":{"type":"Point","coordinates":[11.908656,57.711943]}},{"type":"Feature","properties":{"id":2937407201,"osm_type":"node","name":"Subway","category":"restaurant","tags":{"air_conditioning":"yes","amenity":"fast_food","brand":"Subway","brand:wikidata":"Q244457","brand:wikipedia":"sv:Subway","check_date":"2025-02-15","check_date:opening_hours":"2025-02-15","cuisine":"sandwich","diet:vegetarian":"yes","name":"Subway","opening_hours:signed":"no","takeaway":"yes"}},"geometry":{"type":"Point","coordinates":[11.9728685,57.708793]}},{"type":"Feature","properties":{"id":2940348002,"osm_type":"node","name":"Cherry's thai kitchen","category":"restaurant","tags":{"amenity":"restaurant","cuisine":"thai","name":"Cherry's thai kitchen","payment:cryptocurrencies":"no","smoking":"no"}},"geometry":{"type":"Point","coordinates":[11.991972,57.705733]}},{"type":"Feature","properties":{"id":2940355401,"osm_type":"node","name":"Venus","category":"restaurant","tags":{"amenity":"restaurant","cuisine":"pizza","name":"Venus","opening_hours":"Su-Th 11:00-21:00; Fr,Sa 11:00-22:00","payment:cryptocurrencies":"no","smoking":"no","takeaway":"yes"}},"geometry":{"type":"Point","coordinates":[11.993646,57.71101]}},{"type":"Feature","properties":{"id":2940356502,"osm_type":"node","name":"Sushibaren Gårda","category":"restaurant","tags":{"amenity":"restaurant","cuisine":"sushi","name":"Sushibaren Gårda","opening_hours":"Mo-Fr 11:00-20:00","payment:cryptocurrencies":"no","smoking":"no","takeaway":"yes"}},"geometry":{"type":"Point","coordinates":[11.994555,57.710469]}},{"type":"Feature","properties":{"id":2940357801,"osm_type":"node","name":"Snono Pizzeria","category":"restaurant","tags":{"amenity":"restaurant","name":"Snono Pizzeria","opening_hours":"Mo-Fr 11:00-20:00; Sa 12:00-20:00"}},"geometry":{"type":"Point","coordinates":[11.995247,57.711096]}},{"type":"Feature","properties":{"id":2940359401,"osm_type":"node","name":"Gårda Resturang & café","category":"restaurant","tags":{"amenity":"restaurant","name":"Gårda Resturang & café","opening_hours":"Mo-Fr 11:00-14:00","payment:cryptocurrencies":"no","smoking":"no"}},"geometry":{"type":"Point","coordinates":[11.995711,57.710418]}},{"type":"Feature","properties":{"id":2947515433,"osm_type":"node","name":"Sushi hama","category":"restaurant","tags":{"amenity":"restaurant","cuisine":"sushi","name":"Sushi hama","opening_hours":"Mo-Fr 11:00-18:00+","payment:cryptocurrencies":"no","smoking":"no"}},"geometry":{"type":"Point","coordinates":[11.991854,57.705369]}},{"type":"Feature","properties":{"id":2947519433,"osm_type":"node","name":"Aptitgården","category":"restaurant","tags":{"amenity":"restaurant","name":"Aptitgården","payment:cryptocurrencies":"no","smoking":"no"}},"geometry":{"type":"Point","coordinates":[11.99365,57.703415]}},{"type":"Feature","properties":{"id":2947520033,"osm_type":"node","name":"Restaurang MVG","category":"restaurant","tags":{"addr:housenumber":"1","addr:street":"Gårdatorget","amenity":"restaurant","contact:phone":"+46 31 402 21 9","name":"Restaurang MVG","opening_hours":"Mo-Fr 11:00-14:00; Sa-Su off","payment:cash":"yes","payment:credit_cards":"yes","payment:cryptocurrencies":"no","payment:debit_cards":"yes","smoking":"no"}},"geometry":{"type":"Point","coordinates":[11.993155,57.704686]}},{"type":"Feature","properties":{"id":2947522933,"osm_type":"node","name":"Hildas","category":"restaurant","tags":{"amenity":"restaurant","name":"Hildas","opening_hours":"Mo-Fr 11:00-14:00","payment:cryptocurrencies":"no","smoking":"no","website":"https://hildasrestaurang.se/"}},"geometry":{"type":"Point","coordinates":[11.99413,57.704893]}},{"type":"Feature","properties":{"id":2956191489,"osm_type":"node","name":"Pizzeria Napoli","category":"restaurant","tags":{"addr:city":"Surte","addr:country":"SE","addr:housenumber":"76","addr:postcode":"44557","addr:street":"Göteborgsvägen","amenity":"restaurant","cuisine":"pizza","name":"Pizzeria Napoli"}},"geometry":{"type":"Point","coordinates":[12.0147468,57.8279231]}},{"type":"Feature","properties":{"id":2956191490,"osm_type":"node","name":"Köpmans Hytta","category":"restaurant","tags":{"addr:city":"Surte","addr:country":"SE","addr:housenumber":"99","addr:postcode":"44557","addr:street":"Göteborgsvägen","amenity":"restaurant","cuisine":"regional","name":"Köpmans Hytta","phone":"+46 31 98 1517","website":"https://www.facebook.com/KopmansHytta"}},"geometry":{"type":"Point","coordinates":[12.015071,57.8283119]}},{"type":"Feature","properties":{"id":2956191491,"osm_type":"node","name":"Koh lanta Thaikök","category":"restaurant","tags":{"addr:city":"Surte","addr:country":"SE","addr:housenumber":"49","addr:postcode":"44557","addr:street":"Göteborgsvägen","amenity":"restaurant","cuisine":"thai","name":"Koh lanta Thaikök","phone":"+46 31 98 03 00"}},"geometry":{"type":"Point","coordinates":[12.015116,57.8281978]}},{"type":"Feature","properties":{"id":2956191492,"osm_type":"node","name":"Kalles Gatukök","category":"restaurant","tags":{"addr:city":"Surte","addr:country":"SE","addr:housenumber":"109","addr:postcode":"44557","addr:street":"Göteborgsvägen","amenity":"restaurant","cuisine":"burger","name":"Kalles Gatukök"}},"geometry":{"type":"Point","coordinates":[12.0139373,57.8288082]}},{"type":"Feature","properties":{"id":2957033033,"osm_type":"node","name":"Herkulesgatan 5","category":"restaurant","tags":{"amenity":"cafe","cuisine":"ice_cream","name":"Herkulesgatan 5","smoking":"no"}},"geometry":{"type":"Point","coordinates":[11.949809,57.718297]}},{"type":"Feature","properties":{"id":2957036833,"osm_type":"node","name":"Café Amadeus","category":"restaurant","tags":{"addr:city":"Göteborg","addr:country":"SE","addr:housenumber":"11","addr:postcode":"417 01","addr:street":"Herkulesgatan","amenity":"cafe","contact:facebook":"https://www.facebook.com/CaffeAmadeus11/","contact:website":"https://www.caffeamadeus.se/","drive_through":"no","name":"Café Amadeus","payment:cash":"yes","payment:credit_cards":"yes","payment:debit_cards":"yes","smoking":"no"}},"geometry":{"type":"Point","coordinates":[11.948401,57.717177]}},{"type":"Feature","properties":{"id":3059758382,"osm_type":"node","name":"Paradiset","category":"restaurant","tags":{"addr:city":"Västra Frölunda","addr:country":"SE","addr:housenumber":"60","addr:postcode":"42676","addr:street":"Saltholmsgatan","amenity":"cafe","contact:email":"saltholmen@paradisetgbg.se","contact:facebook":"https://www.facebook.com/Paradiset-Saltholmen-1182760901928762","contact:instagram":"paradisetgbg","contact:website":"https://www.paradisetgbg.se/saltholmen","cuisine":"pizza","diet:gluten_free":"yes","diet:vegan":"yes","diet:vegetarian":"yes","indoor_seating":"yes","name":"Paradiset","opening_hours":"Jun-Aug Mo-Su,PH 12:00+","outdoor_seating":"yes","payment:credit_cards":"yes","payment:debit_cards":"yes","smoking":"no","wheelchair":"limited"}},"geometry":{"type":"Point","coordinates":[11.8443423,57.6600211]}},{"type":"Feature","properties":{"id":3065138072,"osm_type":"node","name":"Robb","category":"restaurant","tags":{"addr:city":"Göteborg","addr:country":"SE","addr:housenumber":"16","addr:postcode":"414 71","addr:street":"Mariagatan","amenity":"restaurant","indoor_seating":"yes","name":"Robb","outdoor_seating":"yes"}},"geometry":{"type":"Point","coordinates":[11.9184794,57.685064]}},{"type":"Feature","properties":{"id":3065140526,"osm_type":"node","name":"Thai Tanic","category":"restaurant","tags":{"addr:city":"Göteborg","addr:country":"SE","addr:housenumber":"29","addr:postcode":"414 71","addr:street":"Mariagatan","amenity":"restaurant","cuisine":"thai","name":"Thai Tanic","opening_hours":"Mo,Tu,Th,Fr 11:00-20:00; Sa,Su 12:00-20:00"}},"geometry":{"type":"Point","coordinates":[11.9161622,57.6842902]}},{"type":"Feature","properties":{"id":3065187595,"osm_type":"node","name":"Hasselssons Majorna","category":"restaurant","tags":{"addr:city":"Göteborg","addr:country":"SE","addr:housenumber":"27","addr:postcode":"414 71","addr:street":"Mariagatan","amenity":"restaurant","cuisine":"fish_and_chips;seafood","indoor_seating":"yes","name":"Hasselssons Majorna","opening_hours":"Th-Sa 11:00-20:00; Su 12:00-16:00+","outdoor_seating":"yes","payment:cryptocurrencies":"no","smoking":"no"}},"geometry":{"type":"Point","coordinates":[11.9165899,57.6845434]}},{"type":"Feature","properties":{"id":3084530581,"osm_type":"node","name":"Baka","category":"restaurant","tags":{"amenity":"cafe","name":"Baka","opening_hours":"Mo-Fr 08:00-19:00; Sa-Su 08:00-17:00","smoking":"no","wheelchair":"yes"}},"geometry":{"type":"Point","coordinates":[11.9096466,57.6992527]}},{"type":"Feature","properties":{"id":3089705109,"osm_type":"node","name":"Cafe Leyman","category":"restaurant","tags":{"amenity":"cafe","name":"Cafe Leyman","opening_hours":"Fr-Su 09:00-16:00","smoking":"no","wheelchair":"yes"}},"geometry":{"type":"Point","coordinates":[11.9084313,57.6983715]}},{"type":"Feature","properties":{"id":3089705110,"osm_type":"node","name":"Tapas by River","category":"restaurant","tags":{"amenity":"restaurant","name":"Tapas by River","payment:cryptocurrencies":"no","smoking":"no","website":"http://www.tapasbyriver.se/","wheelchair":"yes"}},"geometry":{"type":"Point","coordinates":[11.909876,57.6980531]}},{"type":"Feature","properties":{"id":3092108575,"osm_type":"node","name":"Bombay","category":"restaurant","tags":{"amenity":"restaurant","cuisine":"indian","name":"Bombay","opening_hours":"Mo-Fr 10:00-19:30; Sa-Su 11:00-19:00","payment:cryptocurrencies":"no","smoking":"no"}},"geometry":{"type":"Point","coordinates":[11.848449,57.719172]}},{"type":"Feature","properties":{"id":3104126472,"osm_type":"node","name":"City's Lunchcafé & Konditori","category":"restaurant","tags":{"amenity":"cafe","name":"City's Lunchcafé & Konditori","opening_hours":"Mo-Fr 07:00-17:00","smoking":"no"}},"geometry":{"type":"Point","coordinates":[11.8486805,57.7195607]}},{"type":"Feature","properties":{"id":3104126473,"osm_type":"node","name":"Greenroom","category":"restaurant","tags":{"amenity":"fast_food","cuisine":"salad","name":"Greenroom","opening_hours":"Mo 07:30-17:00; Tu-Fr 07:30-18:00; Sa 08:00-17:00; Su 09:00-17:30"}},"geometry":{"type":"Point","coordinates":[11.8499852,57.7199098]}},{"type":"Feature","properties":{"id":3104126475,"osm_type":"node","name":"Okki dokki","category":"restaurant","tags":{"amenity":"restaurant","cuisine":"asian","name":"Okki dokki","opening_hours":"Mo-Fr 10:30-15:00","payment:cryptocurrencies":"no","smoking":"no"}},"geometry":{"type":"Point","coordinates":[11.8486178,57.7191644]}},{"type":"Feature","properties":{"id":3104819062,"osm_type":"node","name":"Pizzeria Gula Villan","category":"restaurant","tags":{"amenity":"fast_food","cuisine":"pizza","name":"Pizzeria Gula Villan","opening_hours":"Mo-Fr 11:00-21:00; Sa,Su 12:00-21:00"}},"geometry":{"type":"Point","coordinates":[12.0770923,57.725554]}},{"type":"Feature","properties":{"id":3121665346,"osm_type":"node","name":"","category":"restaurant","tags":{"amenity":"restaurant","payment:cryptocurrencies":"no","smoking":"no"}},"geometry":{"type":"Point","coordinates":[12.0609135,57.759828]}},{"type":"Feature","properties":{"id":3123485837,"osm_type":"node","name":"Guldhedens kvarterskrog","category":"restaurant","tags":{"amenity":"restaurant","cuisine":"regional","diet:vegan":"yes","diet:vegetarian":"yes","indoor_seating":"yes","name":"Guldhedens kvarterskrog","opening_hours":"Mo 16:00-21:00; We-Fr 16:00-22:00; Sa 14:00-22:00; Su 14:00-21:00; Tu off","outdoor_seating":"yes","payment:cryptocurrencies":"no","payment:mastercard":"yes","payment:visa":"yes","smoking":"no","toilets":"yes","toilets:menstrual_products":"no"}},"geometry":{"type":"Point","coordinates":[11.9724696,57.6840198]}},{"type":"Feature","properties":{"id":3123877029,"osm_type":"node","name":"Kajsabaren","category":"restaurant","tags":{"addr:city":"Göteborg","addr:country":"SE","addr:housenumber":"2","addr:street":"Maskingränd","amenity":"pub","check_date:opening_hours":"2025-05-27","name":"Kajsabaren","opening_hours:signed":"no","smoking":"no"}},"geometry":{"type":"Point","coordinates":[11.9787105,57.6882303]}},{"type":"Feature","properties":{"id":3123890666,"osm_type":"node","name":"Ät & Njut","category":"restaurant","tags":{"addr:city":"Göteborg","addr:country":"SE","addr:housenumber":"80","addr:postcode":"412 79","addr:street":"Gibraltargatan","amenity":"pub","email":"boka@atonjut.se","name":"Ät & Njut","opening_hours":"Mo-Th 11:00-22:00; Fr 11:00-24:00; Sa 12:00-24:00; Su 12:00-22:00","phone":"+46 31 160 298","smoking":"no","website":"http://atonjut.se/"}},"geometry":{"type":"Point","coordinates":[11.9860602,57.6807527]}},{"type":"Feature","properties":{"id":3127350920,"osm_type":"node","name":"Pizzeria Cyrano","category":"restaurant","tags":{"amenity":"restaurant","cuisine":"pizza","diet:vegan":"yes","diet:vegetarian":"yes","indoor_seating":"yes","name":"Pizzeria Cyrano","opening_hours":"Mo,Tu 11:00-22:00; We,Th 11:00-23:00; Sa 12:00-23:00; Su 12:00-22:00","outdoor_seating":"yes","payment:cash":"yes","payment:credit_cards":"yes","payment:cryptocurrencies":"no","payment:debit_cards":"yes","smoking":"no","wheelchair":"yes"}},"geometry":{"type":"Point","coordinates":[11.9885844,57.6945229]}},{"type":"Feature","properties":{"id":3142603791,"osm_type":"node","name":"Li Jin","category":"restaurant","tags":{"amenity":"restaurant","cuisine":"chinese","name":"Li Jin","opening_hours":"Mo-Fr 11:00-21:00; Sa-Su 12:00-21:00"}},"geometry":{"type":"Point","coordinates":[11.9182374,57.7303292]}},{"type":"Feature","properties":{"id":3148895030,"osm_type":"node","name":"Steinbrenner & Nyberg","category":"restaurant","tags":{"amenity":"cafe","name":"Steinbrenner & Nyberg","opening_hours":"Mo-Fr 08:00-18:30; Sa 10:00-16:00; Su 11:00-15:00","smoking":"no"}},"geometry":{"type":"Point","coordinates":[11.9296603,57.7099281]}},{"type":"Feature","properties":{"id":3148912129,"osm_type":"node","name":"Subway","category":"restaurant","tags":{"amenity":"fast_food","brand":"Subway","brand:wikidata":"Q244457","brand:wikipedia":"sv:Subway","cuisine":"sandwich","name":"Subway","opening_hours":"Mo-Fr 07:00-21:00; Sa-Su 09:00-21:00","takeaway":"yes"}},"geometry":{"type":"Point","coordinates":[11.939386,57.708243]}},{"type":"Feature","properties":{"id":3149058377,"osm_type":"node","name":"La Baracca Rossa","category":"restaurant","tags":{"amenity":"restaurant","cuisine":"italian","name":"La Baracca Rossa","opening_hours":"Mo-Th 11:00-23:00; Fr-Sa 13:00-24:00; Su 13:00-23:00","payment:cryptocurrencies":"no","smoking":"no","wheelchair":"limited","wheelchair:description":"Bara höga bord med barstolar i restaurangen"}},"geometry":{"type":"Point","coordinates":[11.9276864,57.709121]}},{"type":"Feature","properties":{"id":3149058378,"osm_type":"node","name":"Sushi Sannegården","category":"restaurant","tags":{"amenity":"fast_food","cuisine":"sushi","name":"Sushi Sannegården","opening_hours":"Mo 11:00-15:00; Tu-Fr 11:00-20:00; Sa,Su 12:00-20:00"}},"geometry":{"type":"Point","coordinates":[11.92852,57.7084877]}},{"type":"Feature","properties":{"id":3150511661,"osm_type":"node","name":"Anki's kaffestuga","category":"restaurant","tags":{"amenity":"cafe","name":"Anki's kaffestuga","opening_hours":"Tu-Fr 11:00-18:00","outdoor_seating":"yes","smoking":"no"}},"geometry":{"type":"Point","coordinates":[11.918731,57.710618]}},{"type":"Feature","properties":{"id":3150519261,"osm_type":"node","name":"Hawaii pizzeria","category":"restaurant","tags":{"amenity":"fast_food","name":"Hawaii pizzeria","opening_hours":"Mo-Fr 11:00-22:00; Sa-Su 12:00-22:00","takeaway":"yes","wheelchair":"no"}},"geometry":{"type":"Point","coordinates":[11.917513,57.709532]}},{"type":"Feature","properties":{"id":3156078461,"osm_type":"node","name":"Moccado","category":"restaurant","tags":{"amenity":"cafe","name":"Moccado","opening_hours":"Mo-Th 07:30-18:00; Fr 07:30-15:00","smoking":"no"}},"geometry":{"type":"Point","coordinates":[11.85885,57.728982]}},{"type":"Feature","properties":{"id":3167841606,"osm_type":"node","name":"Thai Nisa","category":"restaurant","tags":{"addr:city":"Hisings Backa","addr:country":"SE","addr:housenumber":"2 A","addr:postcode":"42246","addr:street":"Backa Bergögata","amenity":"restaurant","cuisine":"thai","name":"Thai Nisa","payment:cryptocurrencies":"no","smoking":"no"}},"geometry":{"type":"Point","coordinates":[11.9965499,57.748181]}},{"type":"Feature","properties":{"id":3167841607,"osm_type":"node","name":"Mr Johanssons Restaurang","category":"restaurant","tags":{"addr:city":"Hisings Backa","addr:country":"SE","addr:housenumber":"2","addr:postcode":"42246","addr:street":"Importgatan","amenity":"restaurant","cuisine":"regional","level":"1","name":"Mr Johanssons Restaurang","payment:cryptocurrencies":"no","smoking":"no"}},"geometry":{"type":"Point","coordinates":[11.993354,57.7478214]}},{"type":"Feature","properties":{"id":3167841608,"osm_type":"node","name":"Papa Bruno","category":"restaurant","tags":{"amenity":"restaurant","cuisine":"regional","name":"Papa Bruno","payment:cryptocurrencies":"no","smoking":"no"}},"geometry":{"type":"Point","coordinates":[11.9936848,57.7529343]}},{"type":"Feature","properties":{"id":3167841609,"osm_type":"node","name":"Subway","category":"restaurant","tags":{"addr:city":"Hisings Backa","addr:country":"SE","addr:housenumber":"2","addr:postcode":"42246","addr:street":"Importgatan","amenity":"fast_food","brand":"Subway","brand:wikidata":"Q244457","brand:wikipedia":"sv:Subway","cuisine":"sandwich","name":"Subway","takeaway":"yes"}},"geometry":{"type":"Point","coordinates":[11.9945107,57.7473734]}},{"type":"Feature","properties":{"id":3167879610,"osm_type":"node","name":"Hsin Hsin","category":"restaurant","tags":{"addr:city":"Hisings Backa","addr:country":"SE","addr:housenumber":"10","addr:postcode":"42246","addr:street":"Importgatan","amenity":"restaurant","cuisine":"chinese","name":"Hsin Hsin","payment:cryptocurrencies":"no","smoking":"no"}},"geometry":{"type":"Point","coordinates":[11.9954387,57.748175]}},{"type":"Feature","properties":{"id":3167879611,"osm_type":"node","name":"Izabellas Restaurang","category":"restaurant","tags":{"addr:city":"Hisings Backa","addr:country":"SE","addr:housenumber":"10","addr:postcode":"42246","addr:street":"Exportgatan","amenity":"restaurant","cuisine":"regional","name":"Izabellas Restaurang","smoking":"no"}},"geometry":{"type":"Point","coordinates":[11.9899564,57.7382565]}},{"type":"Feature","properties":{"id":3167911145,"osm_type":"node","name":"Restaurang Mozart","category":"restaurant","tags":{"addr:city":"Sävedalen","addr:country":"SE","addr:housenumber":"42","addr:postcode":"43360","addr:street":"Göteborgsvägen","amenity":"restaurant","cuisine":"regional","name":"Restaurang Mozart"}},"geometry":{"type":"Point","coordinates":[12.0651645,57.731561]}},{"type":"Feature","properties":{"id":3172709709,"osm_type":"node","name":"Pizza 4 You","category":"restaurant","tags":{"amenity":"restaurant","cuisine":"pizza","name":"Pizza 4 You","opening_hours":"Mo-Su 11:00-22:00","payment:cryptocurrencies":"no"}},"geometry":{"type":"Point","coordinates":[11.9927232,57.6758423]}},{"type":"Feature","properties":{"id":3173671090,"osm_type":"node","name":"","category":"restaurant","tags":{"amenity":"restaurant","cuisine":"vietnamese","level":"1"}},"geometry":{"type":"Point","coordinates":[11.970248,57.708566]}},{"type":"Feature","properties":{"id":3177687247,"osm_type":"node","name":"Götas pizzabutik","category":"restaurant","tags":{"amenity":"restaurant","cuisine":"pizza","name":"Götas pizzabutik","opening_hours":"Mo-Th 11:30-21:00; Fr 11:30-22:00; Sa 12:00-22:00; Su 12:00-21:00","payment:cryptocurrencies":"no","smoking":"no"}},"geometry":{"type":"Point","coordinates":[11.9185361,57.685919]}},{"type":"Feature","properties":{"id":3182552961,"osm_type":"node","name":"Mat 4 U","category":"restaurant","tags":{"air_conditioning":"yes","amenity":"fast_food","check_date":"2024-08-25","contact:facebook":"https://www.facebook.com/photos","cuisine":"pizza;burger;kebab;salad;lebanese","drive_through":"no","highchair":"no","indoor_seating":"yes","level":"0","name":"Mat 4 U","outdoor_seating":"yes","payment:mastercard":"yes","payment:visa":"yes","smoking":"no","takeaway":"yes","wheelchair":"limited"}},"geometry":{"type":"Point","coordinates":[12.04904,57.722405]}},{"type":"Feature","properties":{"id":3183271563,"osm_type":"node","name":"Gansu Köket","category":"restaurant","tags":{"amenity":"restaurant","cuisine":"asian","name":"Gansu Köket","opening_hours":"Mo-Su 11:00-20:00","payment:cryptocurrencies":"no","smoking":"no"}},"geometry":{"type":"Point","coordinates":[11.965116,57.708626]}},{"type":"Feature","properties":{"id":3183357561,"osm_type":"node","name":"Paprika","category":"restaurant","tags":{"amenity":"fast_food","cuisine":"salad","level":"1","name":"Paprika"}},"geometry":{"type":"Point","coordinates":[11.9692959,57.7076508]}},{"type":"Feature","properties":{"id":3183385161,"osm_type":"node","name":"Espresso House","category":"restaurant","tags":{"amenity":"cafe","brand":"Espresso House","brand:wikidata":"Q10489162","brand:wikipedia":"sv:Espresso House","cuisine":"coffee_shop","diet:vegan":"yes","diet:vegetarian":"yes","indoor_seating":"yes","level":"0","name":"Espresso House","note":"not a duplicate with the café 1 story up.","opening_hours":"Mo-Fr 08:00-21:00; Sa 09:00-19:00; Su 10:00-19:00","outdoor_seating":"no","smoking":"no","takeaway":"yes"}},"geometry":{"type":"Point","coordinates":[11.969457,57.708499]}},{"type":"Feature","properties":{"id":3183389861,"osm_type":"node","name":"Cristal Bar","category":"restaurant","tags":{"amenity":"bar","level":"0","name":"Cristal Bar","opening_hours":"Mo-We 15:00-22:00; Th 15:00-23:00; Fr 15:00-23:00+; Sa 13:00-23:00+","smoking":"no"}},"geometry":{"type":"Point","coordinates":[11.972163,57.709277]}},{"type":"Feature","properties":{"id":3183932558,"osm_type":"node","name":"John Scott's","category":"restaurant","tags":{"addr:housenumber":"2","addr:street":"Södra Hamngatan","amenity":"pub","contact:email":"palace@johnscotts.se","contact:facebook":"https://www.facebook.com/johnscottspalace/","contact:instagram":"https://www.instagram.com/johnscottspalace","contact:phone":"+46 31 807 55 0","contact:website":"https://johnscotts.se/palace/","indoor_seating":"yes","name":"John Scott's","opening_hours":"Mo-Tu 11:30-21:00; We-Th 11:30-23:00; Fr 11:30-02:00; Sa 11:00-02:00; Su 12:00-18:00","outdoor_seating":"pedestrian_zone","payment:cash":"yes","payment:credit_cards":"yes","payment:debit_cards":"yes","smoking":"no"}},"geometry":{"type":"Point","coordinates":[11.9703368,57.70701]}},{"type":"Feature","properties":{"id":3184357561,"osm_type":"node","name":"Fräntorp pizzeria","category":"restaurant","tags":{"addr:city":"Göteborg","addr:housenumber":"69","addr:postcode":"41676","addr:street":"Småstugevägen","amenity":"restaurant","cuisine":"pizza","name":"Fräntorp pizzeria","opening_hours":"Mo 15:00-21:15; Tu-Th 11:00-21:15; Fr 11:00-22:00; Sa 12:00-22:00; Su 12:00-21:15","payment:cryptocurrencies":"no","phone":"+46 31 26 10 53","smoking":"no","website":"https://xn--frntorpspizza-cfb.se/"}},"geometry":{"type":"Point","coordinates":[12.051495,57.728808]}},{"type":"Feature","properties":{"id":3186231269,"osm_type":"node","name":"Lilla thaiköket","category":"restaurant","tags":{"amenity":"restaurant","name":"Lilla thaiköket","opening_hours:signed":"no","payment:cryptocurrencies":"no","smoking":"no"}},"geometry":{"type":"Point","coordinates":[12.0619844,57.7311288]}},{"type":"Feature","properties":{"id":3186312261,"osm_type":"node","name":"Dumplings m.m.","category":"restaurant","tags":{"addr:city":"Göteborg","addr:housenumber":"15","addr:postcode":"411 10","addr:street":"Kungstorget","amenity":"restaurant","cuisine":"chinese","name":"Dumplings m.m.","opening_hours":"Mo-Fr 11:00-20:00; Sa 11:00-18:00","payment:cryptocurrencies":"no","phone":"+46 31 7118887","takeaway":"only"}},"geometry":{"type":"Point","coordinates":[11.967302,57.703521]}},{"type":"Feature","properties":{"id":3186329261,"osm_type":"node","name":"Vapiano","category":"restaurant","tags":{"amenity":"restaurant","brand":"Vapiano","brand:wikidata":"Q506252","brand:wikipedia":"en:Vapiano","cuisine":"italian","indoor_seating":"yes","level":"1","name":"Vapiano","opening_hours":"Su-Th 11:00-22:00; Fr,Sa 11:00-23:00","outdoor_seating":"no","payment:cryptocurrencies":"no","smoking":"no"}},"geometry":{"type":"Point","coordinates":[11.968514,57.70522]}},{"type":"Feature","properties":{"id":3187746202,"osm_type":"node","name":"Höglunds Kiosk & Grill","category":"restaurant","tags":{"addr:city":"Göteborg","addr:housenumber":"2","addr:postcode":"411 03","addr:street":"Drottningtorget","amenity":"fast_food","check_date":"2025-07-11","check_date:smoking":"2025-07-11","contact:facebook":"https://www.facebook.com/100054299629229/","contact:phone":"+46 31 802 52 3","cuisine":"burger","drive_through":"no","indoor_seating":"yes","name":"Höglunds Kiosk & Grill","opening_hours":"Mo-Tu 07:00-01:00, Fr 07:00-04:00, Sa 09:00-04:00, Su 09:00-24:00","outdoor_seating":"yes","payment:cash":"yes","payment:credit_cards":"yes","payment:debit_cards":"yes","smoking":"no"}},"geometry":{"type":"Point","coordinates":[11.97195,57.7079065]}},{"type":"Feature","properties":{"id":3187799678,"osm_type":"node","name":"Espresso House","category":"restaurant","tags":{"amenity":"cafe","brand":"Espresso House","brand:wikidata":"Q10489162","brand:wikipedia":"sv:Espresso House","check_date":"2025-11-24","cuisine":"coffee_shop","diet:vegan":"yes","diet:vegetarian":"yes","indoor_seating":"yes","level":"1","name":"Espresso House","note":"not a duplicate with the café downstairs","opening_hours":"Mo-Fr 07:00-20:00; Sa 10:00-18:00; Su 10:00-18:00","outdoor_seating":"no","smoking":"no","takeaway":"yes"}},"geometry":{"type":"Point","coordinates":[11.9693886,57.7084703]}},{"type":"Feature","properties":{"id":3188516761,"osm_type":"node","name":"Cappuccino","category":"restaurant","tags":{"amenity":"cafe","brand":"Cappuccino","cuisine":"coffee_shop","name":"Cappuccino","opening_hours":"Mo-Fr 10:00-20:00; Sa-Su 10:00-18:00","smoking":"no","takeaway":"yes"}},"geometry":{"type":"Point","coordinates":[11.9680248,57.7081426]}},{"type":"Feature","properties":{"id":3188518561,"osm_type":"node","name":"slimfood","category":"restaurant","tags":{"amenity":"fast_food","diet:vegan":"yes","diet:vegetarian":"yes","indoor_seating":"yes","level":"0","name":"slimfood","outdoor_seating":"no"}},"geometry":{"type":"Point","coordinates":[11.968546,57.70822]}},{"type":"Feature","properties":{"id":3189203062,"osm_type":"node","name":"Espresso House","category":"restaurant","tags":{"air_conditioning":"yes","amenity":"cafe","brand":"Espresso House","brand:wikidata":"Q10489162","brand:wikipedia":"sv:Espresso House","cuisine":"coffee_shop","diet:vegan":"yes","diet:vegetarian":"yes","indoor_seating":"yes","internet_access":"wlan","internet_access:fee":"customers","internet_access:ssid":"espressohouse","name":"Espresso House","outdoor_seating":"no","smoking":"no","takeaway":"yes"}},"geometry":{"type":"Point","coordinates":[11.973521,57.70896]}},{"type":"Feature","properties":{"id":3191380361,"osm_type":"node","name":"Restaurang Olivedal","category":"restaurant","tags":{"addr:city":"Göteborg","addr:country":"SE","addr:housenumber":"8","addr:postcode":"416 64","addr:street":"Ranängsgatan","amenity":"restaurant","indoor_seating":"yes","name":"Restaurang Olivedal","opening_hours":"Tu 15:00-23:00; We-Th 14:00-23:30; Fr 14:00-00:00; Mo, Sa 13:00-00:00; Su 13:45-23:00","outdoor_seating":"yes","payment:cryptocurrencies":"no","smoking":"no","website":"https://olivedal.se"}},"geometry":{"type":"Point","coordinates":[11.991694,57.712267]}},{"type":"Feature","properties":{"id":3192039862,"osm_type":"node","name":"Smedjecaféet","category":"restaurant","tags":{"addr:city":"Göteborg","addr:country":"SE","addr:housenumber":"5","addr:street":"Smedjegatan","amenity":"cafe","contact:phone":"+46 31 13 84 32","cuisine":"breakfast;local;sandwich","name":"Smedjecaféet","opening_hours":"Mo-Th 07:30-15:00; Fr 07:30-14:00","smoking":"no"}},"geometry":{"type":"Point","coordinates":[11.962425,57.706785]}},{"type":"Feature","properties":{"id":3192073364,"osm_type":"node","name":"Amano","category":"restaurant","tags":{"amenity":"restaurant","check_date":"2025-07-18","cuisine":"mexican","name":"Amano","wheelchair":"yes"}},"geometry":{"type":"Point","coordinates":[11.967685,57.70566]}},{"type":"Feature","properties":{"id":3196418272,"osm_type":"node","name":"Blue Sky","category":"restaurant","tags":{"amenity":"cafe","check_date:opening_hours":"2024-08-24","name":"Blue Sky","opening_hours:signed":"no"}},"geometry":{"type":"Point","coordinates":[11.9922993,57.7121128]}},{"type":"Feature","properties":{"id":3196418273,"osm_type":"node","name":"Tsuki Hana","category":"restaurant","tags":{"amenity":"restaurant","cuisine":"sushi","name":"Tsuki Hana","opening_hours":"Mo-Fr 11:00-20:00"}},"geometry":{"type":"Point","coordinates":[11.9925884,57.7120051]}},{"type":"Feature","properties":{"id":3196715138,"osm_type":"node","name":"Frati","category":"restaurant","tags":{"amenity":"bar","name":"Frati"}},"geometry":{"type":"Point","coordinates":[11.979936,57.709446]}},{"type":"Feature","properties":{"id":3196738866,"osm_type":"node","name":"Daime","category":"restaurant","tags":{"addr:country":"SE","addr:street":"Burggreveplatsen","amenity":"restaurant","name":"Daime","payment:cryptocurrencies":"no","smoking":"no"}},"geometry":{"type":"Point","coordinates":[11.981934,57.70981]}},{"type":"Feature","properties":{"id":3196800861,"osm_type":"node","name":"Mr Shou","category":"restaurant","tags":{"addr:city":"Göteborg","addr:country":"SE","addr:housenumber":"4","addr:postcode":"411 17","addr:street":"Kungstorget","amenity":"restaurant","contact:phone":"+46 31 7116570","contact:website":"https://www.mrshou.se/","cuisine":"japanese","name":"Mr Shou","opening_hours":"Mo-Th 11:30-21:00; Fr-Sa 11:30-22:00; Su 11:00-18:00","payment:cryptocurrencies":"no","smoking":"no"}},"geometry":{"type":"Point","coordinates":[11.967082,57.703668]}},{"type":"Feature","properties":{"id":3205987561,"osm_type":"node","name":"Subway","category":"restaurant","tags":{"amenity":"fast_food","brand":"Subway","brand:wikidata":"Q244457","brand:wikipedia":"sv:Subway","check_date:opening_hours":"2024-05-10","cuisine":"sandwich","drive_through":"no","level":"0","name":"Subway","opening_hours":"Mo-Fr 08:00-21:00; Sa,Su 10:00-19:00","outdoor_seating":"no","takeaway":"yes"}},"geometry":{"type":"Point","coordinates":[11.952879,57.72157]}},{"type":"Feature","properties":{"id":3207276853,"osm_type":"node","name":"Tiger Deli","category":"restaurant","tags":{"addr:city":"Göteborg","addr:country":"SE","addr:housenumber":"1-3","addr:street":"Vädursgatan","amenity":"restaurant","contact:phone":"+46 31 202 02 5","name":"Tiger Deli","opening_hours":"Mo-Fr 11:00-15:00","payment:cash":"yes","payment:credit_cards":"yes","payment:cryptocurrencies":"no","payment:debit_cards":"yes","smoking":"no"}},"geometry":{"type":"Point","coordinates":[11.9920305,57.7033909]}},{"type":"Feature","properties":{"id":3208825561,"osm_type":"node","name":"Yoghurt bar","category":"restaurant","tags":{"amenity":"ice_cream","name":"Yoghurt bar"}},"geometry":{"type":"Point","coordinates":[11.966984,57.709573]}},{"type":"Feature","properties":{"id":3212501561,"osm_type":"node","name":"Magazzino","category":"restaurant","tags":{"amenity":"restaurant","name":"Magazzino","payment:cryptocurrencies":"no","smoking":"no"}},"geometry":{"type":"Point","coordinates":[11.96177,57.704646]}},{"type":"Feature","properties":{"id":3212502161,"osm_type":"node","name":"Puta Madre","category":"restaurant","tags":{"amenity":"restaurant","contact:phone":"+46 31-711 88 38","contact:website":"http://www.putamadre.se/","cuisine":"mexican","name":"Puta Madre","opening_hours":"Tu-Th 18:00-24:00, Fr-Sa 17:00-24:00","payment:cryptocurrencies":"no","smoking":"no"}},"geometry":{"type":"Point","coordinates":[11.961785,57.704592]}},{"type":"Feature","properties":{"id":3212503161,"osm_type":"node","name":"Basque","category":"restaurant","tags":{"amenity":"bar","check_date":"2024-05-02","name":"Basque","smoking":"no"}},"geometry":{"type":"Point","coordinates":[11.961811,57.704539]}},{"type":"Feature","properties":{"id":3212504461,"osm_type":"node","name":"2112","category":"restaurant","tags":{"amenity":"restaurant","check_date":"2026-04-30","name":"2112","opening_hours":"Mo-Th,Su 16:00-01:00; Fr 16:00-02:00; Sa 14:00-02:00","payment:cryptocurrencies":"no","smoking":"no"}},"geometry":{"type":"Point","coordinates":[11.961935,57.704443]}},{"type":"Feature","properties":{"id":3222691361,"osm_type":"node","name":"Brödernas","category":"restaurant","tags":{"air_conditioning":"yes","amenity":"restaurant","branch":"Järntorget","brand":"Brödernas","check_date":"2026-04-23","cuisine":"burger","email":"jarntorget.gbg@brodernas.nu","indoor_seating":"yes","name":"Brödernas","opening_hours":"Mo-We 11:00-20:00; Th-Fr 11:00-21:00; Sa 12:00-21:00; Su 12:00-20:00","outdoor_seating":"yes","payment:cash":"yes","payment:credit_cards":"yes","payment:cryptocurrencies":"no","payment:debit_cards":"yes","phone":"+46313501702","smoking":"no","takeaway":"yes","website":"https://www.brodernas.nu/restauranger/jarntorget/"}},"geometry":{"type":"Point","coordinates":[11.9537053,57.6997901]}},{"type":"Feature","properties":{"id":3225398069,"osm_type":"node","name":"Glenn","category":"restaurant","tags":{"amenity":"pub","name":"Glenn","opening_hours":"Tu-Th 17:00+ \"until late\", Fr 16:00-01:00, Su 13:30+ \"until late\"","smoking":"no","wheelchair":"no"}},"geometry":{"type":"Point","coordinates":[11.9868672,57.7104804]}},{"type":"Feature","properties":{"id":3227144361,"osm_type":"node","name":"Dubbel Dubbel","category":"restaurant","tags":{"addr:city":"Göteborg","addr:housenumber":"5","addr:postcode":"411 03","addr:street":"Polhemsplatsen","air_conditioning":"yes","amenity":"restaurant","contact:email":"polhemsplatsen@dubbeldubbel.se","contact:facebook":"https://www.facebook.com/dubbeldubbelkastellgatan/","contact:instagram":"https://www.instagram.com/dubbeldubbelswe","contact:phone":"+46 72 215 14 99","contact:website":"https://dubbeldubbel.se/polhemsplatsen/","name":"Dubbel Dubbel","opening_hours":"Mo-Th 11:30-13:30,17:00-23:00; Fr 11:30-13:30,16:00-23:00; Sa 17:00-23:00; Su off","payment:cryptocurrencies":"no","payment:mastercard":"yes","payment:visa":"yes","reservation":"yes","smoking":"no","takeaway":"yes"}},"geometry":{"type":"Point","coordinates":[11.977578,57.708912]}},{"type":"Feature","properties":{"id":3228631661,"osm_type":"node","name":"Fornello","category":"restaurant","tags":{"addr:city":"Göteborg","addr:country":"SE","addr:housenumber":"3","addr:postcode":"41102","addr:street":"Odinsplatsen","amenity":"restaurant","contact:phone":"+46317805796","cuisine":"italian;pasta","name":"Fornello","opening_hours":"Mo-Th 17:00-23:00; Fr-Sa 16:00-24:00; Su 14:00-23:00","payment:cryptocurrencies":"no","smoking":"no","toilets:wheelchair":"yes","wheelchair":"yes"}},"geometry":{"type":"Point","coordinates":[11.985579,57.7098156]}},{"type":"Feature","properties":{"id":3228642161,"osm_type":"node","name":"Indian Village","category":"restaurant","tags":{"addr:city":"Göteborg","addr:country":"SE","addr:housenumber":"12","addr:postcode":"41102","addr:street":"Folkungagatan","amenity":"restaurant","contact:instagram":"indianvillage_restaurant","contact:phone":"+46 31 387 37 32","contact:website":"https://indianvillagegbg.se/","cuisine":"indian","name":"Indian Village","opening_hours":"Mo-Th 11:00-22:00; Fr 11:00-22:00; Sa 13:00-22:30; Su 13:00-21:30","payment:cryptocurrencies":"no","smoking":"no"}},"geometry":{"type":"Point","coordinates":[11.9851821,57.7085261]}},{"type":"Feature","properties":{"id":3228645365,"osm_type":"node","name":"Citrus","category":"restaurant","tags":{"amenity":"cafe","name":"Citrus","shop":"bakery","smoking":"no"}},"geometry":{"type":"Point","coordinates":[11.9844445,57.7086149]}},{"type":"Feature","properties":{"id":3234359387,"osm_type":"node","name":"happy mango","category":"restaurant","tags":{"amenity":"ice_cream","name":"happy mango"}},"geometry":{"type":"Point","coordinates":[11.971384,57.706221]}},{"type":"Feature","properties":{"id":3269397339,"osm_type":"node","name":"Arojj Dii","category":"restaurant","tags":{"amenity":"restaurant","check_date:opening_hours":"2022-05-01","cuisine":"thai","name":"Arojj Dii","opening_hours":"Mo-Fr 11:00-21:00; Sa,Su 12:00-21:00","payment:cryptocurrencies":"no","smoking":"no","website":"https://www.facebook.com/pages/Arojj-Dii/1408583946027718"}},"geometry":{"type":"Point","coordinates":[11.980841,57.691768]}},{"type":"Feature","properties":{"id":3273905903,"osm_type":"node","name":"Café Hebbe Lelle","category":"restaurant","tags":{"addr:city":"Göteborg","addr:country":"SE","addr:housenumber":"23B","addr:postcode":"413 01","addr:street":"Haga Nygata","amenity":"cafe","cuisine":"coffee_shop","indoor_seating":"yes","name":"Café Hebbe Lelle","opening_hours":"PH,Mo-Su 06:30-18:30","outdoor_seating":"yes","smoking":"no"}},"geometry":{"type":"Point","coordinates":[11.958273,57.6983272]}},{"type":"Feature","properties":{"id":3273912091,"osm_type":"node","name":"Sushi Today","category":"restaurant","tags":{"addr:city":"Göteborg","addr:country":"SE","addr:housenumber":"8","addr:street":"Magasinsgatan","amenity":"restaurant","cuisine":"sushi","diet:vegan":"yes","diet:vegetarian":"yes","indoor_seating":"yes","name":"Sushi Today","opening_hours":"Mo-Fr 11:00-19:00; Sa 11:00-17:00","outdoor_seating":"yes","payment:cryptocurrencies":"no","smoking":"no","wheelchair":"no"}},"geometry":{"type":"Point","coordinates":[11.9620213,57.7046708]}},{"type":"Feature","properties":{"id":3315198890,"osm_type":"node","name":"Café Bulten","category":"restaurant","tags":{"amenity":"cafe","contact:email":"info@cafebulten.se","contact:phone":"+46 (0)31 410999","contact:website":"https://www.chalmerskonferens.se/restauranger/johanneberg/cafe-bulten/","diet:vegetarian":"yes","internet_access":"yes","name":"Café Bulten","opening_hours":"Mo-Th 07:45-17:00; Fr 07:45-16:15","payment:cash":"no","payment:chalmers":"yes","payment:mastercard":"yes","payment:visa":"yes","smoking":"no","wheelchair":"yes"}},"geometry":{"type":"Point","coordinates":[11.9786925,57.6889826]}},{"type":"Feature","properties":{"id":3323259361,"osm_type":"node","name":"Herkules pizzeria","category":"restaurant","tags":{"amenity":"restaurant","cuisine":"pizza","disused":"yes","name":"Herkules pizzeria"}},"geometry":{"type":"Point","coordinates":[11.947896,57.716317]}},{"type":"Feature","properties":{"id":3323264568,"osm_type":"node","name":"T&W","category":"restaurant","tags":{"amenity":"restaurant","cuisine":"sushi","name":"T&W","opening_hours":"Mo-Su 11:00-15:00; Mo-Su 16:30-21:00","payment:cryptocurrencies":"no","smoking":"no"}},"geometry":{"type":"Point","coordinates":[11.945191,57.716193]}},{"type":"Feature","properties":{"id":3323265163,"osm_type":"node","name":"Belmonte","category":"restaurant","tags":{"amenity":"cafe","name":"Belmonte","opening_hours":"We-Th 13:00-20:00; Fr-Sa 13:00-23:00; Su 12:00-20:00","smoking":"no"}},"geometry":{"type":"Point","coordinates":[11.946227,57.715707]}},{"type":"Feature","properties":{"id":3323287070,"osm_type":"node","name":"Asu Mare!","category":"restaurant","tags":{"amenity":"restaurant","cuisine":"peruvian","name":"Asu Mare!","smoking":"no"}},"geometry":{"type":"Point","coordinates":[11.9451771,57.7171392]}},{"type":"Feature","properties":{"id":3334662398,"osm_type":"node","name":"Pinchos","category":"restaurant","tags":{"access":"yes","addr:city":"Göteborg","addr:country":"SE","addr:housenumber":"4","addr:postcode":"41308","addr:street":"Övre Majorsgatan","air_conditioning":"yes","amenity":"restaurant","brand":"Pinchos","brand:wikidata":"Q42298558","contact:facebook":"https://www.facebook.com/319291024784019/","contact:instagram":"https://www.instagram.com/eatpinchos","contact:website":"https://pinchos.se/restaurant/se-gbg-linne","contact:website:menu":"https://pinchos.se/restaurant/se-gbg-linne/menu","cuisine":"tapas","entrance":"yes","internet_access":"wlan","name":"Pinchos","opening_hours":"Tu-Th 17:00-24:00; Fr 16:00-01:00; Su 16:00-24:00","payment:cash":"yes","payment:credit_cards":"yes","payment:cryptocurrencies":"no","payment:debit_cards":"yes","reservation":"yes","smoking":"no","wheelchair":"no"}},"geometry":{"type":"Point","coordinates":[11.9514864,57.6936283]}},{"type":"Feature","properties":{"id":3337850193,"osm_type":"node","name":"Royal gatukök & kebab","category":"restaurant","tags":{"amenity":"fast_food","cuisine":"burger","drive_through":"no","name":"Royal gatukök & kebab","opening_hours":"Mo-Su 11:00-20:00","takeaway":"yes"}},"geometry":{"type":"Point","coordinates":[11.892042,57.713062]}},{"type":"Feature","properties":{"id":3355033263,"osm_type":"node","name":"Cafe Linné","category":"restaurant","tags":{"access":"yes","addr:city":"Göteborg","addr:country":"SE","addr:housenumber":"57","addr:postcode":"41308","addr:street":"Linnégatan","air_conditioning":"yes","amenity":"cafe","contact:facebook":"https://www.facebook.com/cafelinne1","contact:phone":"+46 76 754 57 06","drive_through":"no","entrance":"yes","indoor_seating":"yes","name":"Cafe Linné","old_name":"Café Tintin","opening_hours":"Mo-We,Fr 08:30-19:00; Th 08:30-20:00; Sa-Su 09:00-19:00","outdoor_seating":"yes","payment:cash":"yes","payment:credit_cards":"yes","payment:debit_cards":"yes","smoking":"no","toilets":"yes","wheelchair":"yes"}},"geometry":{"type":"Point","coordinates":[11.9522188,57.6924805]}},{"type":"Feature","properties":{"id":3357977490,"osm_type":"node","name":"Notello Rolls","category":"restaurant","tags":{"access":"yes","addr:city":"Göteborg","addr:country":"SE","addr:housenumber":"47","addr:postcode":"41308","addr:street":"Linnégatan","amenity":"cafe","entrance":"yes","name":"Notello Rolls","outdoor_seating":"no","payment:cash":"yes","payment:credit_cards":"yes","payment:debit_cards":"yes","smoking":"no"}},"geometry":{"type":"Point","coordinates":[11.9521039,57.6936348]}},{"type":"Feature","properties":{"id":3361953741,"osm_type":"node","name":"Lilla Tokyo","category":"restaurant","tags":{"access":"yes","addr:city":"Göteborg","addr:country":"SE","addr:housenumber":"53","addr:postcode":"41308","addr:street":"Linnégatan","amenity":"restaurant","contact:email":"info@lillatokyo.se","contact:phone":"+46 31-12 28 20","contact:website":"http://www.lillatokyo.se","cuisine":"japanese","entrance":"yes","name":"Lilla Tokyo","opening_hours":"Mo-Fr 11:00-20:00; Sa-Su 12:00-20:00","payment:cash":"yes","payment:cryptocurrencies":"no","payment:mastercard":"yes","payment:visa":"yes","smoking":"no","wheelchair":"yes"}},"geometry":{"type":"Point","coordinates":[11.9522065,57.693095]}},{"type":"Feature","properties":{"id":3363337764,"osm_type":"node","name":"Restaurang Bellini","category":"restaurant","tags":{"access":"yes","addr:city":"Göteborg","addr:country":"SE","addr:housenumber":"14","addr:postcode":"41309","addr:street":"Nordenskiöldsgatan","amenity":"restaurant","contact:email":"restaurang.bellini@telia.com","contact:facebook":"https://www.facebook.com/100058734412644","contact:phone":"+46 31-24 61 24","contact:website":"http://www.restaurangbellini.se/","contact:website:menu":"https://restaurangbellini.se/#meny","cuisine":"pasta;italian","entrance":"yes","microbrewery":"no","name":"Restaurang Bellini","opening_hours":"Mo-Tu 17:00-22:00; Fr 17:00-24:00; Sa 15:00-24:00; Su 13:00-22:00","payment:cash":"yes","payment:credit_cards":"yes","payment:cryptocurrencies":"no","payment:debit_cards":"yes","reservation":"yes","smoking":"no","takeaway":"yes","toilets":"yes","wheelchair":"limited"}},"geometry":{"type":"Point","coordinates":[11.9516354,57.6925516]}},{"type":"Feature","properties":{"id":3375222946,"osm_type":"node","name":"Kafé Frilagret","category":"restaurant","tags":{"addr:city":"Göteborg","addr:country":"SE","addr:housenumber":"1","addr:postcode":"41301","addr:street":"Heurlins Plats","amenity":"cafe","contact:email":"frilagret@kultur.goteborg.se","contact:instagram":"https://www.instagram.com/kafe-frilagret","contact:phone":"+46-31-3683250; +46 31 368 36 91","contact:website":"https://www.frilagret.se/att-gora/besoka-kafeet/","cuisine":"salad;sandwich","diet:vegan":"yes","diet:vegetarian":"only","drive_through":"no","internet_access":"wlan","internet_access:fee":"no","name":"Kafé Frilagret","opening_hours":"Tu,We 09:00-20:00; Sa 11:00-16:00; Th,Fr 09:00-17:00; PH,Mo,Su off","operator":"Göteborgs Stad","payment:cash":"yes","payment:credit_cards":"yes","payment:debit_cards":"yes","smoking":"no","takeaway":"yes","wheelchair":"yes"}},"geometry":{"type":"Point","coordinates":[11.9536691,57.7020378]}},{"type":"Feature","properties":{"id":3375281509,"osm_type":"node","name":"Ostindiska ölkompaniet","category":"restaurant","tags":{"addr:city":"Göteborg","addr:country":"SE","addr:housenumber":"18 B","addr:postcode":"413 27","addr:street":"Värmlandsgatan","amenity":"bar","contact:email":"info@olkompaniet.com","contact:facebook":"https://www.facebook.com/%C3%96lkompaniet-1778458372372622/","contact:instagram":"https://www.instagram.com/olkompanietgbg","contact:phone":"+46 31 140 31 0","contact:website":"https://olkompaniet.com/varmlandsgatan18b/","indoor_seating":"yes","name":"Ostindiska ölkompaniet","opening_hours":"Tu-Th 16:00-24:00, Fr,Sa 13:00-01:30, Su 16:00-24:00","outdoor_seating":"no","payment:cash":"yes","payment:credit_cards":"yes","payment:debit_cards":"yes","smoking":"no","wheelchair":"no"}},"geometry":{"type":"Point","coordinates":[11.946656,57.6987815]}},{"type":"Feature","properties":{"id":3381465240,"osm_type":"node","name":"","category":"restaurant","tags":{"amenity":"restaurant","cuisine":"pizza","payment:cryptocurrencies":"no","smoking":"no"}},"geometry":{"type":"Point","coordinates":[11.8740431,57.6647079]}},{"type":"Feature","properties":{"id":3385616244,"osm_type":"node","name":"Bar Robusta","category":"restaurant","tags":{"access":"yes","addr:city":"Göteborg","addr:country":"SE","addr:housenumber":"26","addr:postcode":"413 10","addr:street":"Olivedalsgatan","amenity":"cafe","check_date":"2026-04-04","contact:instagram":"https://www.instagram.com/barrobusta","cuisine":"italian","drive_through":"no","email":"info@barrobusta.se","entrance":"yes","name":"Bar Robusta","opening_hours":"Mo,Su off; Tu-Th 17:00-22:00; Fr-Sa 12:00-22:00","payment:cash":"yes","payment:credit_cards":"yes","payment:debit_cards":"yes","phone":"+46 31 713 38 29","reservation":"yes","smoking":"no","website":"https://barrobusta.se/"}},"geometry":{"type":"Point","coordinates":[11.9483577,57.691877]}},{"type":"Feature","properties":{"id":3389885115,"osm_type":"node","name":"Ölstugan Tullen","category":"restaurant","tags":{"amenity":"pub","name":"Ölstugan Tullen","opening_hours":"Mo-Th 16:00-01:00; Fr 15:00-01:00; Sa,Su 13:00-01:00","smoking":"no","website":"https://www.olstugan.se/johanneberg/"}},"geometry":{"type":"Point","coordinates":[11.9905087,57.6890186]}},{"type":"Feature","properties":{"id":3390499570,"osm_type":"node","name":"Restaurang Husette","category":"restaurant","tags":{"addr:city":"Göteborg","addr:country":"SE","addr:housenumber":"6","addr:postcode":"413 14","addr:street":"Konstepidemins Väg","amenity":"restaurant","contact:email":"hello@husette.se","contact:instagram":"https://www.instagram.com/husettegbg","contact:phone":"+46 31 551 43 8","contact:website":"https://www.husette.se/","contact:website:menu":"https://www.husette.se/meny","cuisine":"regional","name":"Restaurang Husette","opening_hours":"Mo-Fr 10:00-16:00","payment:cash":"yes","payment:credit_cards":"yes","payment:cryptocurrencies":"no","payment:debit_cards":"yes","reservation":"yes","smoking":"no","toilets":"yes","toilets:menstrual_products":"no"}},"geometry":{"type":"Point","coordinates":[11.9571317,57.6908596]}},{"type":"Feature","properties":{"id":3390503498,"osm_type":"node","name":"Café Ärtan","category":"restaurant","tags":{"addr:city":"Göteborg","addr:country":"SE","addr:housename":"Vegahusen","addr:housenumber":"55","addr:postcode":"41311","addr:street":"Vegagatan","amenity":"restaurant","contact:phone":"+46-31-70 42 610","contact:website":"http://www.trestiftelser.se/matsedel-artan","cuisine":"regional","name":"Café Ärtan","operator":"Tre Stiftelser","payment:cryptocurrencies":"no","smoking":"no"}},"geometry":{"type":"Point","coordinates":[11.9471637,57.6906639]}},{"type":"Feature","properties":{"id":3390626991,"osm_type":"node","name":"pico'eat","category":"restaurant","tags":{"addr:city":"Göteborg","addr:country":"SE","addr:housenumber":"39","addr:postcode":"41308","addr:street":"Linnégatan","amenity":"fast_food","contact:website":"http://www.picoeat.se/","name":"pico'eat"}},"geometry":{"type":"Point","coordinates":[11.9517691,57.6944603]}},{"type":"Feature","properties":{"id":3390634059,"osm_type":"node","name":"Bōru Bowl Bar","category":"restaurant","tags":{"access":"yes","addr:city":"Göteborg","addr:country":"SE","addr:housenumber":"44","addr:postcode":"413 08","addr:street":"Linnégatan","amenity":"restaurant","contact:email":"info.got@borubowlbar.com","contact:phone":"+4673416176","contact:website":"https://www.borubowlbar.com/","contact:website:menu":"https://www.borubowlbar.com/menu/","entrance":"yes","level":"0","name":"Bōru Bowl Bar","opening_hours":"Mo,Su off; Tu-Th 11:00-19:00; Fr-Sa 11:00-21:00","smoking":"no","takeaway":"yes","toilets":"yes"}},"geometry":{"type":"Point","coordinates":[11.9525476,57.6945013]}},{"type":"Feature","properties":{"id":3390634060,"osm_type":"node","name":"Magic Flamingo","category":"restaurant","tags":{"access":"yes","addr:city":"Göteborg","addr:housenumber":"42","addr:postcode":"413 08","addr:street":"Linnégatan","amenity":"restaurant","contact:email":"info@magicflamingo.se","contact:instagram":"https://www.instagram.com/magic_flamingo_gbg","contact:phone":"+46 31 142 59 0","contact:website":"https://www.magicflamingo.se/","entrance":"yes","indoor_seating":"yes","level":"0","name":"Magic Flamingo","outdoor_seating":"yes","payment:cash":"yes","payment:credit_cards":"yes","payment:cryptocurrencies":"no","payment:debit_cards":"yes","reservation":"yes","smoking":"no","toilets":"yes"}},"geometry":{"type":"Point","coordinates":[11.9524818,57.6946548]}},{"type":"Feature","properties":{"id":3390634061,"osm_type":"node","name":"Bönor & Bagles","category":"restaurant","tags":{"access":"yes","addr:city":"Göteborg","addr:country":"SE","addr:housenumber":"48","addr:postcode":"41308","addr:street":"Linnégatan","amenity":"cafe","changing_table":"no","contact:email":"hej@bonorbagels.com","contact:facebook":"https://www.facebook.com/100064972154119/","contact:instagram":"https://www.instagram.com/bonorbagels","contact:phone":"+46-31-14 35 55","contact:website":"http://www.bonorbagels.com/","contact:website:menu":"https://bonorbagels.com/meny","diet:vegan":"yes","diet:vegetarian":"yes","drive_through":"no","entrance":"yes","indoor_seating":"yes","name":"Bönor & Bagles","opening_hours":"Mo-Fr 10:00-16:00; Sa-Su 09:00-17:00","outdoor_seating":"yes","payment:cash":"yes","payment:credit_cards":"yes","payment:debit_cards":"yes","smoking":"no","start_date":"1995"}},"geometry":{"type":"Point","coordinates":[11.9526442,57.6942784]}},{"type":"Feature","properties":{"id":3393432592,"osm_type":"node","name":"Café Artisten","category":"restaurant","tags":{"addr:city":"Göteborg","addr:country":"SE","addr:housenumber":"5","addr:postcode":"40530","addr:street":"Olof Wijksgatan","amenity":"cafe","contact:email":"artisten@eurest.se","contact:phone":"+46-31-786 41 76","contact:website":"http://www.compass-group.se/restauranger/Goteborgs-Universitet/Artisten-/","name":"Café Artisten","opening_hours":"Mo-Th 08:45-17:00; Fr 08:45-16:00","operator":"Eurest","smoking":"no"}},"geometry":{"type":"Point","coordinates":[11.9829921,57.6964645]}},{"type":"Feature","properties":{"id":3396224086,"osm_type":"node","name":"Mahogany","category":"restaurant","tags":{"addr:city":"Göteborg","addr:country":"SE","addr:housenumber":"10","addr:postcode":"411 33","addr:street":"Kapellgatan","amenity":"cafe","name":"Mahogany","smoking":"no"}},"geometry":{"type":"Point","coordinates":[11.9722377,57.6941091]}},{"type":"Feature","properties":{"id":3396224301,"osm_type":"node","name":"GG-Bar","category":"restaurant","tags":{"addr:city":"Göteborg","addr:country":"SE","addr:housenumber":"12","addr:postcode":"411 33","addr:street":"Kapellgatan","amenity":"pub","cuisine":"italian","dog":"no","email":"info@ggbar.se","indoor_seating":"yes","name":"GG-Bar","opening_hours":"Mo,Su off; Tu-Th 16:00-23:00; Fr-Sa 16:00-01:00","outdoor_seating":"no","payment:mastercard":"yes","payment:visa":"yes","reservation":"yes","smoking":"no","toilets":"yes","website":"https://www.ggbar.se","wheelchair":"no"}},"geometry":{"type":"Point","coordinates":[11.97294,57.694663]}},{"type":"Feature","properties":{"id":3396782569,"osm_type":"node","name":"Fatima","category":"restaurant","tags":{"addr:city":"Göteborg","addr:country":"SE","addr:housenumber":"4","addr:postcode":"414 63","addr:street":"Oskarsgatan","amenity":"restaurant","contact:phone":"+46 31 42 52 05","cuisine":"moroccan","name":"Fatima","opening_hours":"Mo-Fr 11:30-18:00","payment:cryptocurrencies":"no","smoking":"no"}},"geometry":{"type":"Point","coordinates":[11.9381973,57.699632]}},{"type":"Feature","properties":{"id":3396793872,"osm_type":"node","name":"Taj Mahal","category":"restaurant","tags":{"addr:city":"Göteborg","addr:country":"SE","addr:housenumber":"24","addr:postcode":"413 28","addr:street":"Första Långgatan","amenity":"restaurant","cuisine":"indian","diet:vegan":"yes","diet:vegetarian":"yes","name":"Taj Mahal","opening_hours":"Mo-Fr 11:00-21:00; Sa 13:00-22:00; Su 13:00-21:00","payment:cryptocurrencies":"no","smoking":"no","wheelchair":"no"}},"geometry":{"type":"Point","coordinates":[11.9471068,57.6996011]}},{"type":"Feature","properties":{"id":3399967952,"osm_type":"node","name":"Nöjds konditori","category":"restaurant","tags":{"amenity":"cafe","cuisine":"cake","name":"Nöjds konditori","opening_hours":"Mo-Fr 06:00-18:00; Sa 08:00-16:00; Su 10:00-16:00","smoking":"no"}},"geometry":{"type":"Point","coordinates":[11.9705643,57.7285401]}},{"type":"Feature","properties":{"id":3422239185,"osm_type":"node","name":"Dorado Pizzeria","category":"restaurant","tags":{"addr:city":"Göteborg","addr:country":"SE","addr:housenumber":"20A","addr:street":"Fridkullagatan","amenity":"fast_food","check_date:opening_hours":"2021-07-03","cuisine":"pizza","name":"Dorado Pizzeria","opening_hours":"Mo-Fr 11:00-21:00; Sa-Su 12:00-21:00","website":"http://doradopizzeria.se"}},"geometry":{"type":"Point","coordinates":[11.9884355,57.6808105]}},{"type":"Feature","properties":{"id":3422239187,"osm_type":"node","name":"Mossens Pizzeria","category":"restaurant","tags":{"amenity":"fast_food","contact:phone":"+46 31184442","contact:website":"http://mossenspizzeria.se/","cuisine":"pizza","name":"Mossens Pizzeria","opening_hours":"11:00-22:00"}},"geometry":{"type":"Point","coordinates":[11.9840633,57.6824181]}},{"type":"Feature","properties":{"id":3431315351,"osm_type":"node","name":"Schnitzelplatz Lagerhuset","category":"restaurant","tags":{"addr:city":"Göteborg","addr:country":"SE","addr:housenumber":"1","addr:postcode":"41301","addr:street":"Heurlins Plats","air_conditioning":"yes","amenity":"restaurant","contact:email":"eskil@schnitzelplatz.se","contact:facebook":"https://www.facebook.com/schnitzelplatzlagerhuset/","contact:instagram":"https://www.instagram.com/schnitzelplatz_lagerhuset","contact:phone":"+46 31 135 91 4","contact:website":"https://schnitzelplatz.se/","contact:website:menu":"https://schnitzelplatz.se/meny/","name":"Schnitzelplatz Lagerhuset","outdoor_seating":"yes","payment:cash":"yes","payment:credit_cards":"yes","payment:cryptocurrencies":"no","payment:debit_cards":"yes","reservation":"yes","smoking":"no","toilets":"yes"}},"geometry":{"type":"Point","coordinates":[11.9539655,57.7019445]}},{"type":"Feature","properties":{"id":3450176827,"osm_type":"node","name":"Mido Sushi","category":"restaurant","tags":{"addr:housenumber":"5","addr:street":"Landsvägsgatan","amenity":"restaurant","check_date":"2026-04-05","contact:phone":"+46 73 659 22 25","cuisine":"sushi","indoor_seating":"yes","name":"Mido Sushi","name:ja":"仙台","opening_hours":"Mo-Fr 11:00-20:00; Sa 12:00-18:00","outdoor_seating":"yes","payment:cash":"yes","payment:credit_cards":"yes","payment:cryptocurrencies":"no","payment:debit_cards":"yes","smoking":"no","takeaway":"yes","website":"https://midosushi.se/","website:menu":"https://midosushi.se/#meny"}},"geometry":{"type":"Point","coordinates":[11.9530898,57.6991446]}},{"type":"Feature","properties":{"id":3468007394,"osm_type":"node","name":"Triumf","category":"restaurant","tags":{"amenity":"ice_cream","name":"Triumf","opening_hours:signed":"no","seasonal":"yes"}},"geometry":{"type":"Point","coordinates":[11.969555,57.704579]}},{"type":"Feature","properties":{"id":3493091993,"osm_type":"node","name":"Verona","category":"restaurant","tags":{"addr:country":"SE","addr:housenumber":"2B","addr:street":"Näverlursgatan","amenity":"restaurant","contact:phone":"+46-31452060","contact:website":"http://facebook.com/frolundapizzeriaverona","cuisine":"pizza","name":"Verona","opening_hours":"Mo-Fr 11:00-22:00; Sa 12:00-22:00; Su 12:00-21:00","payment:cryptocurrencies":"no","smoking":"no","takeaway":"yes"}},"geometry":{"type":"Point","coordinates":[11.90818,57.652506]}},{"type":"Feature","properties":{"id":3493092393,"osm_type":"node","name":"Frölunda sushibar","category":"restaurant","tags":{"amenity":"restaurant","cuisine":"sushi","name":"Frölunda sushibar","opening_hours":"Mo-Fr 10:00-19:00","payment:cash":"yes","payment:credit_cards":"yes","payment:cryptocurrencies":"no","payment:debit_cards":"yes","smoking":"no"}},"geometry":{"type":"Point","coordinates":[11.90837,57.652497]}},{"type":"Feature","properties":{"id":3493094993,"osm_type":"node","name":"Torggrillen","category":"restaurant","tags":{"amenity":"restaurant","cuisine":"burger","name":"Torggrillen","opening_hours":"Mo-Sa 11:00-21:00; Su 12:00-21:00","payment:cryptocurrencies":"no","smoking":"no"}},"geometry":{"type":"Point","coordinates":[11.909335,57.652467]}},{"type":"Feature","properties":{"id":3517190293,"osm_type":"node","name":"Sushi mamaya","category":"restaurant","tags":{"air_conditioning":"yes","amenity":"restaurant","email":"sushimamaya@gmail.com","indoor_seating":"yes","name":"Sushi mamaya","opening_hours":"Mo-Th 11:00-21:00; Fr 11:00-22:00; Sa 12:00-22:00; Su 12:00-21:00","outdoor_seating":"no","payment:credit_cards":"yes","payment:cryptocurrencies":"no","payment:debit_cards":"yes","payment:mastercard":"yes","payment:visa":"yes","phone":"+46 31 130 66 6","smoking":"no","takeaway":"yes","website":"https://www.sushimamaya.se/","wheelchair":"no"}},"geometry":{"type":"Point","coordinates":[11.969847,57.697953]}},{"type":"Feature","properties":{"id":3517193293,"osm_type":"node","name":"Mindstage","category":"restaurant","tags":{"addr:city":"Göteborg","addr:country":"SE","addr:housenumber":"11","addr:postcode":"411 27","addr:street":"Aschebergsgatan","alt_name":"Vasa gaming","amenity":"cafe","name":"Mindstage","opening_hours":"Mo-Su 12:00-22:00; We 12:00-23:00","phone":"+46317010809","smoking":"no","toilets":"yes","website":"https://mindstage.se/","wheelchair":"no"}},"geometry":{"type":"Point","coordinates":[11.969984,57.69765]}},{"type":"Feature","properties":{"id":3525875204,"osm_type":"node","name":"Nergiz Kebab","category":"restaurant","tags":{"addr:city":"Göteborg","addr:country":"SE","addr:housenumber":"23","addr:postcode":"415 05","addr:street":"Artillerigatan","amenity":"restaurant","contact:phone":"+46 70 - 787 47 57","cuisine":"arab","indoor_seating":"yes","name":"Nergiz Kebab","outdoor_seating":"no","payment:cryptocurrencies":"no","smoking":"no"}},"geometry":{"type":"Point","coordinates":[12.0196638,57.7302547]}},{"type":"Feature","properties":{"id":3525875245,"osm_type":"node","name":"","category":"restaurant","tags":{"amenity":"fast_food","cuisine":"turkish"}},"geometry":{"type":"Point","coordinates":[12.0240637,57.7301591]}},{"type":"Feature","properties":{"id":3526000754,"osm_type":"node","name":"Al Habesha","category":"restaurant","tags":{"amenity":"restaurant","contact:email":"info@alhabesha.se","contact:phone":"+46-31-212080","contact:website":"http://www.alhabesha.se/","cuisine":"ethiopian","diet:vegan":"yes","diet:vegetarian":"yes","microbrewery":"no","name":"Al Habesha","opening_hours":"Mo-We 11:00-21:00; Th 07:00-10:00,11:00-21:00; Fr-Sa 11:00-21:00; Su 13:00-21:00","outdoor_seating":"no","payment:cryptocurrencies":"no","smoking":"no"}},"geometry":{"type":"Point","coordinates":[12.0135245,57.7295179]}},{"type":"Feature","properties":{"id":3526000755,"osm_type":"node","name":"Mumbai Lounge","category":"restaurant","tags":{"amenity":"restaurant","cuisine":"indian","indoor_seating":"yes","name":"Mumbai Lounge","opening_hours":"Mo-Fr 11:00-21:00; Sa,Su 12:00-21:00","outdoor_seating":"no","smoking":"no"}},"geometry":{"type":"Point","coordinates":[12.0128173,57.7298202]}},{"type":"Feature","properties":{"id":3526000767,"osm_type":"node","name":"Matstuga i Gamlestaden","category":"restaurant","tags":{"amenity":"fast_food","contact:phone":"+46-31 21 88 55","cuisine":"pizza","diet:vegetarian":"yes","name":"Matstuga i Gamlestaden","opening_hours":"Mo-Fr 11:00-22:00; Sa,Su 12:00-22:00"}},"geometry":{"type":"Point","coordinates":[12.0099115,57.7325908]}},{"type":"Feature","properties":{"id":3526000771,"osm_type":"node","name":"Sorento","category":"restaurant","tags":{"amenity":"restaurant","cuisine":"middle_eastern","name":"Sorento","payment:cryptocurrencies":"no","smoking":"no"}},"geometry":{"type":"Point","coordinates":[12.012534,57.730199]}},{"type":"Feature","properties":{"id":3526000772,"osm_type":"node","name":"Namfon","category":"restaurant","tags":{"amenity":"restaurant","cuisine":"thai","name":"Namfon"}},"geometry":{"type":"Point","coordinates":[12.0109635,57.7324988]}},{"type":"Feature","properties":{"id":3526000773,"osm_type":"node","name":"Usagi","category":"restaurant","tags":{"amenity":"restaurant","cuisine":"asian","diet:vegan":"yes","diet:vegetarian":"yes","indoor_seating":"yes","name":"Usagi","name:ja":"和","opening_hours":"Mo-Su 11:00-21:00","outdoor_seating":"yes","payment:cryptocurrencies":"no","smoking":"no"}},"geometry":{"type":"Point","coordinates":[12.0126992,57.7299666]}},{"type":"Feature","properties":{"id":3526001600,"osm_type":"node","name":"1000 och en natt","category":"restaurant","tags":{"amenity":"fast_food","check_date":"2025-04-13","check_date:diet:vegetarian":"2025-04-13","check_date:smoking":"2024-09-24","cuisine":"arab;middle_eastern","diet:vegetarian":"yes","indoor_seating":"yes","name":"1000 och en natt","opening_hours":"Mo-Sa 11:00-22:00; Su 12:00-22:00","outdoor_seating":"no","smoking":"no"}},"geometry":{"type":"Point","coordinates":[12.013166,57.7293467]}},{"type":"Feature","properties":{"id":3530676803,"osm_type":"node","name":"Hing Wa","category":"restaurant","tags":{"amenity":"restaurant","cuisine":"chinese","name":"Hing Wa","payment:cryptocurrencies":"no","smoking":"no","wheelchair":"no"}},"geometry":{"type":"Point","coordinates":[12.0114795,57.7292153]}},{"type":"Feature","properties":{"id":3530676805,"osm_type":"node","name":"Lai-Thai","category":"restaurant","tags":{"amenity":"restaurant","cuisine":"thai","indoor_seating":"yes","name":"Lai-Thai","outdoor_seating":"no","payment:cryptocurrencies":"no","smoking":"no","wheelchair":"no"}},"geometry":{"type":"Point","coordinates":[12.0107144,57.7288161]}},{"type":"Feature","properties":{"id":3530676806,"osm_type":"node","name":"Old Corner Luckan","category":"restaurant","tags":{"addr:country":"SE","addr:housenumber":"14","addr:street":"Artillerigatan","amenity":"fast_food","contact:phone":"+46 31 84 17 00","contact:website":"https://oldcorner.net/","cuisine":"burger;pizza","diet:vegan":"yes","indoor_seating":"yes","name":"Old Corner Luckan","outdoor_seating":"yes","wheelchair":"no"}},"geometry":{"type":"Point","coordinates":[12.0120307,57.7291104]}},{"type":"Feature","properties":{"id":3530676807,"osm_type":"node","name":"Yamall Al Sham","category":"restaurant","tags":{"addr:housenumber":"8C","addr:street":"Artillerigatan","amenity":"restaurant","cuisine":"shawarma","indoor_seating":"yes","name":"Yamall Al Sham","name:ar":"يامال الشام","opening_hours":"Mo-Th 11:00-21:00; Fr-Sa 11:00-22:00","outdoor_seating":"no","payment:cryptocurrencies":"no","phone":"+46 31-20 00 54","smoking":"no","website":"https://www.yamallalsham.se/"}},"geometry":{"type":"Point","coordinates":[12.0103094,57.728731]}},{"type":"Feature","properties":{"id":3550855858,"osm_type":"node","name":"Träffpunkten","category":"restaurant","tags":{"amenity":"restaurant","name":"Träffpunkten","payment:cryptocurrencies":"no","smoking":"no"}},"geometry":{"type":"Point","coordinates":[11.8403716,57.7235403]}},{"type":"Feature","properties":{"id":3560472051,"osm_type":"node","name":"Sunes fik","category":"restaurant","tags":{"addr:city":"Göteborg","addr:country":"SE","addr:housenumber":"20","addr:postcode":"41653","addr:street":"Munkebäcksgatan","amenity":"cafe","contact:phone":"+46 31 254055","contact:website":"http://www.sunesfik.se/","cuisine":"ethiopian;cake;coffee_shop;breakfast","diet:vegan":"yes","indoor_seating":"yes","name":"Sunes fik","opening_hours":"Mo-Th 09:00-16:00; Fr-Su 09:30-15:00","outdoor_seating":"yes","smoking":"no"}},"geometry":{"type":"Point","coordinates":[12.0252618,57.7148507]}},{"type":"Feature","properties":{"id":3574071597,"osm_type":"node","name":"Jerntorgets Brygghus","category":"restaurant","tags":{"addr:city":"Göteborg","addr:country":"SE","addr:housenumber":"4","addr:postcode":"413 04","addr:street":"Järntorget","air_conditioning":"yes","amenity":"pub","check_date":"2024-06-12","cuisine":"sandwich;burger;fish_and_chips;salad","email":"jerntorget@brygghuset.eu","indoor_seating":"yes","name":"Jerntorgets Brygghus","opening_hours":"Su-Th 11:00-02:00, Fr,Sa 11:00-03:00","outdoor_seating":"yes","payment:credit_cards":"yes","payment:debit_cards":"yes","payment:mastercard":"yes","payment:visa":"yes","phone":"+46 31 147 77 4","smoking":"no","website":"https://jerntorget.brygghuset.eu/","website:menu":"https://jerntorget.brygghuset.eu/meny/","wheelchair":"no"}},"geometry":{"type":"Point","coordinates":[11.951908,57.699604]}},{"type":"Feature","properties":{"id":3574071799,"osm_type":"node","name":"9:ans Ölhall","category":"restaurant","tags":{"addr:city":"Göteborg","addr:country":"SE","addr:housenumber":"9","addr:postcode":"413 03","addr:street":"Andra Långgatan","air_conditioning":"yes","amenity":"pub","brewery":"yes","contact:email":"info@9ansolhall.se","contact:facebook":"https://www.facebook.com/9ansolhall","contact:instagram":"https://www.instagram.com/9ansolhall","contact:phone":"+46 31 24 23 30","contact:website":"http://9ansolhall.se/","contact:website:menu":"https://www.9ansolhall.se/matmeny","name":"9:ans Ölhall","opening_hours":"Mo-Th 15:00-01:00, Fr,Sa 14:00-02:00, Su 14:00-01:00","payment:cash":"yes","payment:credit_cards":"yes","payment:debit_cards":"yes","smoking":"no","toilets:wheelchair":"no","wheelchair":"limited","wheelchair:description":"Anpassad toalett finns. Den ligger dock nedanför en trapp"}},"geometry":{"type":"Point","coordinates":[11.950202,57.699415]}},{"type":"Feature","properties":{"id":3574162494,"osm_type":"node","name":"Le Pub","category":"restaurant","tags":{"addr:city":"Göteborg","addr:housenumber":"22-24","addr:postcode":"413 03","addr:street":"Nordhemsgatan","amenity":"pub","contact:email":"info@lepub.se","contact:facebook":"https://www.facebook.com/lepubgbg/","contact:instagram":"https://www.instagram.com/lepub_gbg","contact:phone":"+46 31 141 06 0","contact:website":"https://lepub.se/","contact:website:menu":"https://thatsup.website/storage/260/35965/A-la-carte-sommar-2024.pdf","name":"Le Pub","opening_hours":"Tu 16:00-23:00, We,Th 16:00-24:00, Fr 15:00-02:00, Sa 15:00-02:00","payment:cash":"yes","payment:credit_cards":"yes","payment:debit_cards":"yes","smoking":"no","toilets":"yes","toilets:menstrual_products":"no"}},"geometry":{"type":"Point","coordinates":[11.949575,57.698997]}},{"type":"Feature","properties":{"id":3588285394,"osm_type":"node","name":"Alladin","category":"restaurant","tags":{"amenity":"cafe","name":"Alladin","smoking":"no"}},"geometry":{"type":"Point","coordinates":[11.983031,57.709142]}},{"type":"Feature","properties":{"id":3588302793,"osm_type":"node","name":"Niyom Thai","category":"restaurant","tags":{"amenity":"fast_food","contact:phone":"+46 31 15 10 09","cuisine":"thai","name":"Niyom Thai","opening_hours":"Mo-Fr 11:00-20:00; Sa 12:00-20:00","takeaway":"yes"}},"geometry":{"type":"Point","coordinates":[11.983028,57.709073]}},{"type":"Feature","properties":{"id":3588303793,"osm_type":"node","name":"Top Sushi","category":"restaurant","tags":{"amenity":"fast_food","cuisine":"japanese","name":"Top Sushi","opening_hours":"Mo-Fr 11:00-21:00; Sa 12:00-21:00"}},"geometry":{"type":"Point","coordinates":[11.98304,57.708981]}},{"type":"Feature","properties":{"id":3590440674,"osm_type":"node","name":"Frid & Fröjd Café","category":"restaurant","tags":{"amenity":"cafe","check_date":"2024-06-11","indoor_seating":"yes","name":"Frid & Fröjd Café","outdoor_seating":"yes","payment:cash":"yes","payment:credit_cards":"yes","payment:debit_cards":"yes","smoking":"no"}},"geometry":{"type":"Point","coordinates":[11.951618,57.698892]}},{"type":"Feature","properties":{"id":3590440977,"osm_type":"node","name":"Taverna Averna","category":"restaurant","tags":{"amenity":"restaurant","contact:email":"bokabord@tavernaaverna.se","contact:facebook":"https://www.facebook.com/tavernaavernagbg/","contact:instagram":"https://www.instagram.com/tavernaaverna","contact:phone":"+46 31 309 52 70","contact:website":"https://tavernaaverna.se/","contact:website:menu":"https://tavernaaverna.se/meny","indoor_seating":"yes","name":"Taverna Averna","opening_hours":"Mo-Th 11:30-14:30,17:00-23:00+; Fr 11:30-23:00+; Sa,Su 12:30-23:00+","outdoor_seating":"yes","payment:cash":"yes","payment:credit_cards":"yes","payment:cryptocurrencies":"no","payment:debit_cards":"yes","reservation":"yes","smoking":"no","toilets":"yes","toilets:menstrual_products":"no","wheelchair":"limited"}},"geometry":{"type":"Point","coordinates":[11.951054,57.698841]}},{"type":"Feature","properties":{"id":3590441079,"osm_type":"node","name":"Dahls Bageributik","category":"restaurant","tags":{"amenity":"cafe","name":"Dahls Bageributik","smoking":"no"}},"geometry":{"type":"Point","coordinates":[11.949343,57.69869]}},{"type":"Feature","properties":{"id":3590441130,"osm_type":"node","name":"Notting Hill","category":"restaurant","tags":{"amenity":"pub","name":"Notting Hill","opening_hours":"Mo-Th 14:00-01:00, Fr 14:00-02:00, Sa 13:00-02:00, Su 13:00-01:00","smoking":"no","wheelchair":"no","wheelchair:description":"Uteserveringen är inte tillgänglig för personer i rullstol."}},"geometry":{"type":"Point","coordinates":[11.949274,57.698903]}},{"type":"Feature","properties":{"id":3590459097,"osm_type":"node","name":"Byns Bistro","category":"restaurant","tags":{"addr:city":"Göteborg","addr:country":"SE","addr:housenumber":"13","addr:postcode":"413 03","addr:street":"Tredje Långgatan","amenity":"restaurant","contact:email":"bokabyns@gmail.com","contact:phone":"+46 31 242 00 3","contact:website":"https://www.bynsbistro.se/","contact:website:menu":"https://www.bynsbistro.se/_files/ugd/1d40e7_453c15d78bb14e34a8aee1b454295df9.pdf","indoor_seating":"yes","name":"Byns Bistro","opening_hours":"Tu 16:00-24:00+, We,Th 16:00-24:00+, Fr 15:00-02:00, Sa 13:00-02:00","outdoor_seating":"yes","payment:cash":"yes","payment:credit_cards":"yes","payment:cryptocurrencies":"no","payment:debit_cards":"yes","reservation":"yes","smoking":"no","toilets":"yes","wheelchair":"limited"}},"geometry":{"type":"Point","coordinates":[11.949715,57.69873]}},{"type":"Feature","properties":{"id":3590459671,"osm_type":"node","name":"Brewers Beer Bar","category":"restaurant","tags":{"addr:city":"Göteborg","addr:country":"SE","addr:housenumber":"8","addr:postcode":"413 03","addr:street":"Tredje Långgatan","amenity":"pub","contact:email":"tredjelanggatan@brewersbeerbar.se","contact:facebook":"https://www.facebook.com/brewersbeerbar/","contact:instagram":"https://www.instagram.com/brewersbeerbar","contact:phone":"+46 31 147 78 8","contact:website":"https://tredjelanggatan.brewersbeerbar.se/","cuisine":"pizza","diet:vegan":"yes","diet:vegetarian":"yes","food":"yes","happycow:id":"55064","indoor_seating":"yes","name":"Brewers Beer Bar","opening_hours":"Mo-Th 16:00-24:00; Fr 16:00-01:00; Sa 13:00-01:00","outdoor_seating":"yes","payment:cash":"yes","payment:credit_cards":"yes","payment:debit_cards":"yes","reservation":"yes","smoking":"no","takeaway":"yes","toilets":"yes","toilets:menstrual_products":"no","wheelchair":"no"}},"geometry":{"type":"Point","coordinates":[11.950947,57.69865]}},{"type":"Feature","properties":{"id":3590462334,"osm_type":"node","name":"Made in China","category":"restaurant","tags":{"addr:city":"Göteborg","addr:country":"SE","addr:housenumber":"9","addr:postcode":"413 03","addr:street":"Tredje Långgatan","amenity":"restaurant","contact:email":"bokabord@madeinchina.nu","contact:facebook":"https://www.facebook.com/madeinchinagbg/","contact:instagram":"https://www.instagram.com/madeinchinagbg","contact:phone":"+46 31 309 52 10","contact:website":"https://madeinchina.se/","indoor_seating":"yes","name":"Made in China","opening_hours":"Mo-Fr 11:30-14:30,17:00-23:00+; Sa 13:00-23:00+; Su 16:00-23:00+","outdoor_seating":"yes","payment:cash":"yes","payment:credit_cards":"yes","payment:cryptocurrencies":"no","payment:debit_cards":"yes","reservation":"yes","smoking":"no","toilets":"yes","toilets:wheelchair":"no","wheelchair":"limited"}},"geometry":{"type":"Point","coordinates":[11.950622,57.69879]}},{"type":"Feature","properties":{"id":3590540393,"osm_type":"node","name":"Blackstone Steakhouse","category":"restaurant","tags":{"addr:housenumber":"25","addr:postcode":"413 04","addr:street":"Linnégatan","amenity":"restaurant","check_date":"2026-04-04","contact:facebook":"https://www.facebook.com/blackstonesteakhousegbglinnegatan/","contact:instagram":"https://www.instagram.com/blackstonegbglinnegatan","email":"linnegbg@blackstonesteakhouse.se","name":"Blackstone Steakhouse","opening_hours":"Mo-Th 16:00-22:00; Fr 16:00-23:00; Sa 15:00-23:00; Su 15:00-22:00","payment:credit_cards":"yes","payment:debit_cards":"yes","reservation":"yes","smoking":"no","start_date":"2019","website":"https://www.blackstonesteakhouse.se/restauranger/linnegatan/","website:menu":"https://www.blackstonesteakhouse.se/wp-content/uploads/2026/01/BS_SV_Host_Vinter_Var_STANDARD_2025-2026.pdf"}},"geometry":{"type":"Point","coordinates":[11.951212,57.695801]}},{"type":"Feature","properties":{"id":3590628867,"osm_type":"node","name":"Storköket | The Barn","category":"restaurant","tags":{"amenity":"restaurant","name":"Storköket | The Barn","outdoor_seating":"yes","payment:cryptocurrencies":"no","smoking":"no"}},"geometry":{"type":"Point","coordinates":[11.970335,57.702701]}},{"type":"Feature","properties":{"id":3592047494,"osm_type":"node","name":"Bar Solo","category":"restaurant","tags":{"amenity":"cafe","name":"Bar Solo","opening_hours":"Mo-Sa 15:00-01:00, Su 17:00-01:00","smoking":"no","wheelchair":"yes"}},"geometry":{"type":"Point","coordinates":[11.946194,57.699065]}},{"type":"Feature","properties":{"id":3592057495,"osm_type":"node","name":"Mae Krua","category":"restaurant","tags":{"addr:city":"Göteborg","addr:housenumber":"24","addr:postcode":"413 28","addr:street":"Andra Långgatan","amenity":"restaurant","contact:phone":"+46 31 242 51 8","contact:website":"https://maekrua.se/","contact:website:menu":"https://maekrua.se/meny/","name":"Mae Krua","opening_hours":"Mo-Fr 11:00-21:00; Sa 12:00-21:00; Su off","payment:cash":"yes","payment:credit_cards":"yes","payment:cryptocurrencies":"no","payment:debit_cards":"yes","smoking":"no"}},"geometry":{"type":"Point","coordinates":[11.946731,57.698889]}},{"type":"Feature","properties":{"id":3592057496,"osm_type":"node","name":"Minibaren","category":"restaurant","tags":{"amenity":"restaurant","name":"Minibaren"}},"geometry":{"type":"Point","coordinates":[11.949752,57.699362]}},{"type":"Feature","properties":{"id":3592057497,"osm_type":"node","name":"Dansken","category":"restaurant","tags":{"addr:city":"Göteborg","addr:housenumber":"8","addr:postcode":"413 03","addr:street":"Andra Långgatan","amenity":"pub","contact:facebook":"https://www.facebook.com/dansken2longstreet/","contact:website":"https://danskengbg.se/","name":"Dansken","opening_hours":"Su-Th 14:00-01:00, Fr,Sa 14:00-02:00","payment:cash":"yes","payment:credit_cards":"yes","payment:debit_cards":"yes","smoking":"no","toilets":"yes","toilets:menstrual_products":"no","wheelchair":"limited"}},"geometry":{"type":"Point","coordinates":[11.95001,57.699198]}},{"type":"Feature","properties":{"id":3592072893,"osm_type":"node","name":"Republik","category":"restaurant","tags":{"amenity":"bar","name":"Republik","opening_hours":"Mo-Th 16:00-01:00, Fr,Sa 16:00-02:00"}},"geometry":{"type":"Point","coordinates":[11.947551,57.698966]}},{"type":"Feature","properties":{"id":3592073997,"osm_type":"node","name":"The Northern Quarter","category":"restaurant","tags":{"amenity":"restaurant","name":"The Northern Quarter"}},"geometry":{"type":"Point","coordinates":[11.951068,57.699308]}},{"type":"Feature","properties":{"id":3592076093,"osm_type":"node","name":"Bangkok Kitchen","category":"restaurant","tags":{"amenity":"restaurant","check_date:opening_hours":"2025-09-25","name":"Bangkok Kitchen","opening_hours":"Mo-Th 11:00-21:00; Fr 11:00-22:00; Sa 12:00-22:00; Su 12:00-21:00","payment:cryptocurrencies":"no","smoking":"no","wheelchair":"no"}},"geometry":{"type":"Point","coordinates":[11.947775,57.699159]}},{"type":"Feature","properties":{"id":3592076096,"osm_type":"node","name":"Vink","category":"restaurant","tags":{"amenity":"bar","name":"Vink","smoking":"no"}},"geometry":{"type":"Point","coordinates":[11.950882,57.699459]}},{"type":"Feature","properties":{"id":3592078693,"osm_type":"node","name":"The Burger","category":"restaurant","tags":{"amenity":"restaurant","name":"The Burger","opening_hours":"Tu,We 15:00-22:00+; Th,Fr 11:00-22:00+; Sa 12:00-22:00+","payment:cryptocurrencies":"no","smoking":"no"}},"geometry":{"type":"Point","coordinates":[11.948774,57.699084]}},{"type":"Feature","properties":{"id":3592078694,"osm_type":"node","name":"Cello Café Restaurang","category":"restaurant","tags":{"amenity":"cafe","name":"Cello Café Restaurang","smoking":"no","wheelchair":"no"}},"geometry":{"type":"Point","coordinates":[11.950523,57.699259]}},{"type":"Feature","properties":{"id":3592084593,"osm_type":"node","name":"Street Life","category":"restaurant","tags":{"addr:city":"Göteborg","addr:postcode":"413 04","addr:street":"Andra Långgatan","amenity":"pub","contact:facebook":"https://www.facebook.com/100054614281758/","contact:phone":"+46 31 144 51 5","name":"Street Life","payment:cash":"yes","payment:credit_cards":"yes","payment:debit_cards":"yes","smoking":"no","wheelchair":"limited"}},"geometry":{"type":"Point","coordinates":[11.950816,57.699301]}},{"type":"Feature","properties":{"id":3592088293,"osm_type":"node","name":"Yammy Kitchen","category":"restaurant","tags":{"addr:city":"Göteborg","addr:housenumber":"5","addr:postcode":"413 03","addr:street":"Andra Långgatan","air_conditioning":"yes","amenity":"restaurant","contact:email":"yammykitchen.al5@gmail.com","contact:phone":"+4631-12 73 55","contact:website":"http://www.yammykitchen.se","cuisine":"korean","diet:vegan":"yes","diet:vegetarian":"yes","highchair":"no","name":"Yammy Kitchen","name:sv":"Yammy Kitchen","opening_hours":"Mo, We-Th 15:00-22:00; Fr 15:00-23:00; Sa 12:00-23:00; Su 12:00-22:00","payment:cryptocurrencies":"no","payment:mastercard":"yes","payment:visa":"yes","reservation":"yes","smoking":"no","toilets":"yes","wheelchair":"no"}},"geometry":{"type":"Point","coordinates":[11.950944,57.69948]}},{"type":"Feature","properties":{"id":3593139197,"osm_type":"node","name":"Seglarkrogen","category":"restaurant","tags":{"amenity":"restaurant","contact:phone":"+46 31 7610360","contact:website":"http://seglarkrogen.se/","indoor":"level","level":"1","name":"Seglarkrogen","outdoor_seating":"yes","payment:cryptocurrencies":"no"}},"geometry":{"type":"Point","coordinates":[11.8485035,57.667862]}},{"type":"Feature","properties":{"id":3593342138,"osm_type":"node","name":"Kafé Magasinet","category":"restaurant","tags":{"addr:city":"Göteborg","addr:country":"SE","addr:housenumber":"9","addr:postcode":"413 03","addr:street":"Tredje Långgatan","amenity":"cafe","contact:email":"info@kafemagasinet.se","contact:facebook":"https://www.facebook.com/kafemagasinet/","contact:instagram":"https://www.instagram.com/kafemagasinet","contact:website":"http://kafemagnasinet.se","diet:vegan":"yes","diet:vegetarian":"yes","drive_through":"no","name":"Kafé Magasinet","opening_hours":"Mo-Th 07:00-24:00, Fr 07:00-02:00, Sa 09:00-02:00, Su 09:00-24:00","payment:cash":"yes","payment:credit_cards":"yes","payment:debit_cards":"yes","smoking":"no","wheelchair":"limited"}},"geometry":{"type":"Point","coordinates":[11.950996,57.698995]}},{"type":"Feature","properties":{"id":3593342139,"osm_type":"node","name":"Tacos & Tequila","category":"restaurant","tags":{"addr:city":"Göteborg","addr:country":"SE","addr:housenumber":"9","addr:postcode":"413 03","addr:street":"Tredje Långgatan","amenity":"restaurant","contact:email":"info@tacosandtequila.se","contact:facebook":"https://www.facebook.com/tacosandtequilagbg/","contact:instagram":"https://www.instagram.com/tacos_tequila","contact:phone":"+46 31 3095220","contact:website":"http://www.tacosandtequila.se","contact:website:menu":"https://tacosandtequila.se/home-1","cuisine":"tacos","name":"Tacos & Tequila","opening_hours":"Mo-Fr 11:30-14:00, Mo-Fr 17:00-23:00, Sa-Su 13:00-23:00","payment:cash":"yes","payment:credit_cards":"yes","payment:cryptocurrencies":"no","payment:debit_cards":"yes","smoking":"no","toilets":"yes"}},"geometry":{"type":"Point","coordinates":[11.9505766,57.6989576]}},{"type":"Feature","properties":{"id":3593394526,"osm_type":"node","name":"Market@Rosenlund","category":"restaurant","tags":{"addr:city":"Göteborg","addr:country":"SE","addr:housenumber":"8","addr:postcode":"41120","addr:street":"Rosenlundsgatan","amenity":"restaurant","contact:phone":"+4631131211","contact:website":"http://marketrosenlund.se/","cuisine":"komex","name":"Market@Rosenlund","payment:cryptocurrencies":"no","smoking":"no","toilets:wheelchair":"yes","wheelchair":"yes"}},"geometry":{"type":"Point","coordinates":[11.9582899,57.7011964]}},{"type":"Feature","properties":{"id":3593394528,"osm_type":"node","name":"Boulebar","category":"restaurant","tags":{"addr:city":"Göteborg","addr:country":"SE","addr:housenumber":"8","addr:postcode":"41120","addr:street":"Rosenlundsgatan","amenity":"bar","name":"Boulebar","opening_hours":"Mo-Th 16:00-23:00; Fr 15:00-24:00; Sa 00:00-01:00,10:00-24:00; Su 00:00-01:00,10:00-22:00","smoking":"no"}},"geometry":{"type":"Point","coordinates":[11.9587861,57.7011491]}},{"type":"Feature","properties":{"id":3600454062,"osm_type":"node","name":"Seaside Thai Food","category":"restaurant","tags":{"addr:city":"Västra Frölunda","addr:country":"SE","addr:housenumber":"61","addr:postcode":"42671","addr:street":"Hästeviksgatan","amenity":"restaurant","name":"Seaside Thai Food","payment:cryptocurrencies":"no","phone":"+46 31 69 82 75","smoking":"no","website":"https://seasidethaifood.se/"}},"geometry":{"type":"Point","coordinates":[11.8737945,57.6801861]}},{"type":"Feature","properties":{"id":3621699294,"osm_type":"node","name":"Trattoria Strega","category":"restaurant","tags":{"addr:city":"Göteborg","addr:country":"SE","addr:housenumber":"23B","addr:postcode":"411 27","addr:street":"Aschebergsgatan","amenity":"restaurant","contact:facebook":"Trattoria-La-Strega-195100250562398","contact:instagram":"trattorialastrega","contact:phone":"+46 31 181501","contact:website":"https://trattorialastrega.se/","cuisine":"italian","name":"Trattoria Strega","opening_hours":"We-Sa 17:00-24:00+, Su 16:00-21:00","payment:cryptocurrencies":"no","smoking":"no"}},"geometry":{"type":"Point","coordinates":[11.970995,57.696096]}},{"type":"Feature","properties":{"id":3621713694,"osm_type":"node","name":"Ottomania","category":"restaurant","tags":{"amenity":"restaurant","cuisine":"turkish","name":"Ottomania","opening_hours":"Mo-Th 16:00-23:00; Fr 16:00-01:00, Sa 14:00-01:00, Su 14:00-23:00","payment:cryptocurrencies":"no","smoking":"no"}},"geometry":{"type":"Point","coordinates":[11.97085,57.696273]}},{"type":"Feature","properties":{"id":3621716494,"osm_type":"node","name":"Levantine","category":"restaurant","tags":{"addr:city":"Göteborg","addr:country":"SE","addr:housenumber":"22","addr:postcode":"411 27","addr:street":"Aschebergsgatan","air_conditioning":"yes","amenity":"pub","check_date":"2026-05-07","check_date:diet:vegetarian":"2026-05-07","contact:email":"bokabord@levantine.se","contact:facebook":"levantinebistro","contact:instagram":"levantinebistro","contact:phone":"+46 31 20 15 95","contact:website":"https://levantine.se/","diet:vegetarian":"yes","food":"yes","indoor_seating":"yes","name":"Levantine","opening_hours":"Mo-Su 15:00-24:00","outdoor_seating":"yes","smoking":"no","toilets":"yes","toilets:menstrual_products":"no","website:menu":"https://levantine.se/meny"}},"geometry":{"type":"Point","coordinates":[11.971268,57.696494]}},{"type":"Feature","properties":{"id":3621783193,"osm_type":"node","name":"Suber","category":"restaurant","tags":{"amenity":"bar","indoor_seating":"yes","name":"Suber","opening_hours":"Tu-Th,Su 16:00-24:00+; Fr 15:00-24:00+; Sa 13:00-24:00+","outdoor_seating":"no"}},"geometry":{"type":"Point","coordinates":[11.972625,57.694834]}},{"type":"Feature","properties":{"id":3621795393,"osm_type":"node","name":"Resturang KG Källare","category":"restaurant","tags":{"addr:city":"Göteborg","addr:country":"SE","addr:housenumber":"56","addr:postcode":"411 31","addr:street":"Karl Gustavsgatan","amenity":"restaurant","capacity":"100","cuisine":"asian","name":"Resturang KG Källare","opening_hours":"Mo-Th 11:00-22:00; Fr 11:00-23:00; Sa 12:00-23:00; Su 12:00-22:00","payment:cryptocurrencies":"no","smoking":"no","takeaway":"yes","website":"https://kgkallare.se/","wheelchair":"no"}},"geometry":{"type":"Point","coordinates":[11.970322,57.693863]}},{"type":"Feature","properties":{"id":3623322593,"osm_type":"node","name":"Enoteca Signore il Missionario del Vino","category":"restaurant","tags":{"amenity":"restaurant","name":"Enoteca Signore il Missionario del Vino","payment:cryptocurrencies":"no","payment:mastercard":"yes","payment:visa":"yes","smoking":"no"}},"geometry":{"type":"Point","coordinates":[11.969654,57.699918]}},{"type":"Feature","properties":{"id":3623338404,"osm_type":"node","name":"The Queen","category":"restaurant","tags":{"amenity":"bar","bar:type":"sports_bar","brewery":"yes","cuisine":"pub","diet:meat":"yes","indoor_seating":"yes","min_age":"18","name":"The Queen","opening_hours":"We 16:00-01:00, Th 15:00-01:00, Fr-Sa 15:00-03:00, Tu 15:00-01:00","outdoor_seating":"yes","smoking":"no"}},"geometry":{"type":"Point","coordinates":[11.9649602,57.6987417]}},{"type":"Feature","properties":{"id":3623342135,"osm_type":"node","name":"Talang Café & Restaurang","category":"restaurant","tags":{"amenity":"restaurant","name":"Talang Café & Restaurang","opening_hours":"Mo-Fr 08:00-18:00; Sa-Su 08:00-16:00","payment:cash":"yes","payment:credit_cards":"yes","payment:cryptocurrencies":"no","payment:debit_cards":"yes","smoking":"no"}},"geometry":{"type":"Point","coordinates":[11.966467,57.69913]}},{"type":"Feature","properties":{"id":3623351093,"osm_type":"node","name":"Shotluckan","category":"restaurant","tags":{"amenity":"bar","brand":"Shotluckan","email":"goteborg@shotluckan.se","name":"Shotluckan","opening_hours":"We-Th 19:00-25:00; Fr 17:00-27:00; Sa 19:00-27:00","smoking":"no","start_date":"2022-07-08","website":"https://shotluckan.se/goteborg/"}},"geometry":{"type":"Point","coordinates":[11.964852,57.699024]}},{"type":"Feature","properties":{"id":3623351593,"osm_type":"node","name":"da Nino","category":"restaurant","tags":{"amenity":"cafe","name":"da Nino","smoking":"no"}},"geometry":{"type":"Point","coordinates":[11.965276,57.699073]}},{"type":"Feature","properties":{"id":3635519306,"osm_type":"node","name":"Paradiset Mariaplan","category":"restaurant","tags":{"amenity":"restaurant","diet:vegetarian":"yes","indoor_seating":"yes","name":"Paradiset Mariaplan","opening_hours":"Tu-Fr 16:00-22:00+; Sa,Su 13:00-22:00+","outdoor_seating":"yes","payment:cryptocurrencies":"no","smoking":"no"}},"geometry":{"type":"Point","coordinates":[11.920917,57.6878]}},{"type":"Feature","properties":{"id":3647167404,"osm_type":"node","name":"Kafé Alkemisten","category":"restaurant","tags":{"addr:city":"Göteborg","addr:country":"SE","addr:housenumber":"14","addr:postcode":"417 23","addr:street":"Gustaf Dalénsgatan","amenity":"cafe","contact:phone":"+46 70 052 29 28","contact:website":"http://www.alkemistenkaffebar.se/","name":"Kafé Alkemisten","opening_hours":"Mo-Fr 07:00-18:00; Sa,Su 10:00-17:00","outdoor_seating":"yes","smoking":"no"}},"geometry":{"type":"Point","coordinates":[11.944914,57.722311]}},{"type":"Feature","properties":{"id":3647230295,"osm_type":"node","name":"Pita","category":"restaurant","tags":{"amenity":"fast_food","name":"Pita","opening_hours":"Mo-Th 10:00-20:00; Fr 10:00-19:00; Sa,Su 11:00-17:00","outdoor_seating":"yes","smoking":"no","takeaway":"yes","wheelchair":"yes"}},"geometry":{"type":"Point","coordinates":[11.9449234,57.7219302]}},{"type":"Feature","properties":{"id":3660114526,"osm_type":"node","name":"Le Croissant","category":"restaurant","tags":{"addr:city":"Göteborg","addr:country":"SE","addr:housenumber":"3","addr:street":"Rosenlundsgatan","amenity":"cafe","name":"Le Croissant","opening_hours":"Mo-Fr 09:00-19:00; Sa 10:00-19:00; Sa 11:00-19:00","smoking":"no","wheelchair":"no"}},"geometry":{"type":"Point","coordinates":[11.958784,57.700928]}},{"type":"Feature","properties":{"id":3663485825,"osm_type":"node","name":"togogo","category":"restaurant","tags":{"addr:housenumber":"7","addr:street":"Nils Ericsonsplatsen","air_conditioning":"yes","amenity":"fast_food","check_date":"2026-05-04","delivery":"yes","description":"Naturlig snabbmat","diet:vegan":"yes","diet:vegetarian":"yes","indoor_seating":"yes","level":"0","name":"togogo","opening_hours":"Mo-Fr 06:00-21:00; Sa 08:00-18:00; Su 08:00-21:00","outdoor_seating":"no","payment:cash":"yes","payment:credit_cards":"yes","payment:debit_cards":"yes","phone":"+46 76-348 19 20","takeaway":"yes","toilets":"no","website":"https://www.togogo.se/","wheelchair":"yes"}},"geometry":{"type":"Point","coordinates":[11.973257,57.708916]}},{"type":"Feature","properties":{"id":3666216368,"osm_type":"node","name":"Park aveny café","category":"restaurant","tags":{"amenity":"restaurant","name":"Park aveny café","payment:cryptocurrencies":"no","smoking":"no"}},"geometry":{"type":"Point","coordinates":[11.978422,57.698338]}},{"type":"Feature","properties":{"id":3670401625,"osm_type":"node","name":"Pizzeria platån","category":"restaurant","tags":{"amenity":"fast_food","cuisine":"pizza","name":"Pizzeria platån","opening_hours":"Mo-Fr 11:00-21:00; Sa,Su 12:00-21:00","outdoor_seating":"yes","smoking":"no","takeaway":"yes","wheelchair":"yes"}},"geometry":{"type":"Point","coordinates":[11.905282,57.699603]}},{"type":"Feature","properties":{"id":3676774456,"osm_type":"node","name":"","category":"restaurant","tags":{"amenity":"fast_food"}},"geometry":{"type":"Point","coordinates":[11.8601084,57.6452343]}},{"type":"Feature","properties":{"id":3676774458,"osm_type":"node","name":"","category":"restaurant","tags":{"amenity":"fast_food"}},"geometry":{"type":"Point","coordinates":[11.8496558,57.6482442]}},{"type":"Feature","properties":{"id":3691538925,"osm_type":"node","name":"Koh Lanta","category":"restaurant","tags":{"amenity":"restaurant","cuisine":"thai","name":"Koh Lanta","opening_hours":"Mo-Fr 11:00-21:00; Sa,Su 12:00-21:00","payment:cryptocurrencies":"no","smoking":"no"}},"geometry":{"type":"Point","coordinates":[11.90699,57.711801]}},{"type":"Feature","properties":{"id":3711623686,"osm_type":"node","name":"Smycketorget Pizzeria & Kebab","category":"restaurant","tags":{"addr:city":"Västra Frölunda","addr:country":"SE","addr:housenumber":"1","addr:postcode":"42650","addr:street":"Smyckegatan","amenity":"restaurant","contact:phone":"+46 31-47 29 46","cuisine":"pizza","name":"Smycketorget Pizzeria & Kebab","opening_hours":"Mo-Fr 11:00-21:00; Sa,Su 12:00-21:00","smoking":"no"}},"geometry":{"type":"Point","coordinates":[11.8979326,57.6509445]}},{"type":"Feature","properties":{"id":3711623687,"osm_type":"node","name":"Pal's Bar & Wok","category":"restaurant","tags":{"addr:city":"Västra Frölunda","addr:country":"SE","addr:housenumber":"1","addr:postcode":"42650","addr:street":"Smyckegatan","amenity":"restaurant","cuisine":"asian","name":"Pal's Bar & Wok","opening_hours":"Tu-Th,Su 12:00-22:00; Fr-Sa 12:00-00:00","opening_hours:signed":"no","phone":"+46 31 49 75 56","smoking":"no"}},"geometry":{"type":"Point","coordinates":[11.8977757,57.6508957]}},{"type":"Feature","properties":{"id":3711664487,"osm_type":"node","name":"Tigris Kolgrill","category":"restaurant","tags":{"addr:city":"Västra Frölunda","addr:country":"SE","addr:housenumber":"4","addr:postcode":"42150","addr:street":"Lergöksgatan","amenity":"restaurant","cuisine":"turkish","name":"Tigris Kolgrill","payment:cryptocurrencies":"no","smoking":"no","website":"https://gastrogate.com/restaurang/tigriskolgrill/"}},"geometry":{"type":"Point","coordinates":[11.9022417,57.6550927]}},{"type":"Feature","properties":{"id":3734396233,"osm_type":"node","name":"Roma Pizzeria","category":"restaurant","tags":{"amenity":"restaurant","name":"Roma Pizzeria"}},"geometry":{"type":"Point","coordinates":[12.0989952,57.7408934]}},{"type":"Feature","properties":{"id":3734396234,"osm_type":"node","name":"Restaurang Thai House","category":"restaurant","tags":{"amenity":"restaurant","name":"Restaurang Thai House"}},"geometry":{"type":"Point","coordinates":[12.0894337,57.7400578]}},{"type":"Feature","properties":{"id":3734896925,"osm_type":"node","name":"Restaurang Ullevigatan","category":"restaurant","tags":{"addr:city":"Göteborg","addr:country":"SE","addr:housenumber":"17-19","addr:postcode":"411 40","addr:street":"Ullevigatan","amenity":"restaurant","contact:phone":"+46 10 250 60 60","contact:website":"http://www.ullevigatan.se/","name":"Restaurang Ullevigatan","opening_hours":"Mo-Fr 10:45-14:00","payment:cryptocurrencies":"no","smoking":"no"}},"geometry":{"type":"Point","coordinates":[11.9838625,57.7064122]}},{"type":"Feature","properties":{"id":3752070493,"osm_type":"node","name":"Lamai Thai","category":"restaurant","tags":{"addr:city":"Askim","addr:country":"SE","addr:housenumber":"88","addr:postcode":"436 40","addr:street":"Gamla Särövägen","amenity":"fast_food","contact:phone":"+46 31 287095","contact:website":"www.lamaithai.se","cuisine":"thai","delivery":"no","name":"Lamai Thai","opening_hours":"Oct-Mar: Mo-Fr 11:00-20:00; Apr-Sep: Mo-Fr 11:00-21:00; Oct-Mar: Sa-Su 12:00-20:00; Apr-Sep Sa-Su 12:00-21:00","outdoor_seating":"yes","payment:cash":"yes","smoking":"no","takeaway":"yes"}},"geometry":{"type":"Point","coordinates":[11.9418829,57.6350169]}},{"type":"Feature","properties":{"id":3752107146,"osm_type":"node","name":"Askimsterrassen","category":"restaurant","tags":{"addr:city":"Askim","addr:country":"SE","addr:housenumber":"10","addr:postcode":"436 45","addr:street":"Lekullevägen","amenity":"restaurant","contact:email":"info@askimsterrassen.se","contact:phone":"+46 31 425777","contact:website":"http://www.askimsterrassen.se","cuisine":"regional","name":"Askimsterrassen","opening_hours":"Th 17:00-23:00; Fr 16:00-23:00; Su 16:00-20:00","smoking":"no"}},"geometry":{"type":"Point","coordinates":[11.9284672,57.6281868]}},{"type":"Feature","properties":{"id":3810416353,"osm_type":"node","name":"The BARN","category":"restaurant","tags":{"addr:city":"Göteborg","addr:country":"SE","addr:housenumber":"11","addr:postcode":"41115","addr:street":"Kyrkogatan","amenity":"restaurant","check_date":"2026-04-30","cuisine":"burger","name":"The BARN","opening_hours":"Mo off; Tu-We 17:00-23:00; Th 11:30-14:00,17:00-23:00; Fr 11:30-14:00,16:00-24:00; Sa 12:00-24:00; Su 13:00-21:00","payment:cryptocurrencies":"no","smoking":"no","website":"https://thebarn.se/","wheelchair":"no"}},"geometry":{"type":"Point","coordinates":[11.9627479,57.7043744]}},{"type":"Feature","properties":{"id":3817778692,"osm_type":"node","name":"Bite me","category":"restaurant","tags":{"amenity":"fast_food","check_date":"2026-04-02","indoor_seating":"no","name":"Bite me","outdoor_seating":"yes","payment:cash":"yes","payment:credit_cards":"yes","payment:debit_cards":"yes","smoking":"no"}},"geometry":{"type":"Point","coordinates":[11.974881,57.702267]}},{"type":"Feature","properties":{"id":3819446557,"osm_type":"node","name":"Pix & Pintxos Cocktails","category":"restaurant","tags":{"addr:housenumber":"1","addr:street":"Grönsakstorget","amenity":"bar","contact:email":"info@pixbar.se","contact:facebook":"https://www.facebook.com/pixbargbg/","contact:website":"https://www.pixbar.se/","indoor_seating":"yes","name":"Pix & Pintxos Cocktails","opening_hours":"Mo-Tu off; We-Su 17:00-01:00","outdoor_seating":"yes","payment:credit_cards":"yes","payment:debit_cards":"yes","smoking":"no"}},"geometry":{"type":"Point","coordinates":[11.965178,57.70257]}},{"type":"Feature","properties":{"id":3828386878,"osm_type":"node","name":"Berzelii Choklad","category":"restaurant","tags":{"amenity":"cafe","level":"1","name":"Berzelii Choklad","smoking":"no"}},"geometry":{"type":"Point","coordinates":[11.9664543,57.7041917]}},{"type":"Feature","properties":{"id":3833192257,"osm_type":"node","name":"Sami Sushi","category":"restaurant","tags":{"amenity":"restaurant","name":"Sami Sushi","payment:cryptocurrencies":"no","smoking":"no","wheelchair":"no"}},"geometry":{"type":"Point","coordinates":[11.981461,57.698097]}},{"type":"Feature","properties":{"id":3833233669,"osm_type":"node","name":"Foajébaren","category":"restaurant","tags":{"amenity":"bar","indoor_seating":"yes","level":"1","name":"Foajébaren","opening_hours":"\"Öppet i samband med föreställningar\"","outdoor_seating":"no","smoking":"no"}},"geometry":{"type":"Point","coordinates":[11.980064,57.697347]}},{"type":"Feature","properties":{"id":3833491531,"osm_type":"node","name":"The prime grill","category":"restaurant","tags":{"addr:city":"Göteborg","addr:country":"SE","addr:housenumber":"5","addr:postcode":"411 36","addr:street":"Kungsportsavenyen","amenity":"restaurant","cuisine":"steak_house","level":"0","name":"The prime grill"}},"geometry":{"type":"Point","coordinates":[11.9732236,57.7012408]}},{"type":"Feature","properties":{"id":3861246746,"osm_type":"node","name":"Frölunda Pizzeria","category":"restaurant","tags":{"amenity":"fast_food","contact:phone":"+46-31455811","name":"Frölunda Pizzeria"}},"geometry":{"type":"Point","coordinates":[11.9311293,57.6637293]}},{"type":"Feature","properties":{"id":3861246748,"osm_type":"node","name":"Restaurang Flatås","category":"restaurant","tags":{"amenity":"pub","name":"Restaurang Flatås","smoking":"no"}},"geometry":{"type":"Point","coordinates":[11.9311743,57.6638613]}},{"type":"Feature","properties":{"id":3881542840,"osm_type":"node","name":"Kafé Haga","category":"restaurant","tags":{"addr:city":"Göteborg","addr:country":"SE","addr:housenumber":"23","addr:postcode":"411 23","addr:street":"Sprängkullsgatan","amenity":"cafe","contact:phone":"+46 73 429 90 32","name":"Kafé Haga","opening_hours":"Mo-Th 08:00-16:00; Fr 08:00-15:30; Sa-Su off","payment:cash":"yes","payment:credit_cards":"yes","payment:debit_cards":"yes","smoking":"no"}},"geometry":{"type":"Point","coordinates":[11.9600243,57.6968374]}},{"type":"Feature","properties":{"id":3892141872,"osm_type":"node","name":"Terrassbaren","category":"restaurant","tags":{"amenity":"cafe","name":"Terrassbaren","smoking":"no"}},"geometry":{"type":"Point","coordinates":[11.9547389,57.6909936]}},{"type":"Feature","properties":{"id":3983539512,"osm_type":"node","name":"Bocado - Spanish Gastronomy","category":"restaurant","tags":{"addr:city":"Göteborg","addr:country":"SE","addr:housenumber":"11A","addr:postcode":"41118","addr:street":"Kaserntorget","amenity":"restaurant","cuisine":"spanish","name":"Bocado - Spanish Gastronomy","opening_hours":"Mo-Fr 11:00-14:00; We-Sa 17:00-23:00","payment:cryptocurrencies":"no","smoking":"no"}},"geometry":{"type":"Point","coordinates":[11.9610448,57.7032623]}},{"type":"Feature","properties":{"id":3989664230,"osm_type":"node","name":"Restaurang Varianten","category":"restaurant","tags":{"addr:city":"Göteborg","addr:country":"SE","addr:postcode":"418 78","addr:street":"Assar Gabrielssons Väg","addr:unit":"VAK","amenity":"restaurant","contact:phone":"+46-31-325 13 52","cuisine":"regional","fixme":"antingen stämmer inte namnet på restaurangen eller adressen","name":"Restaurang Varianten","opening_hours":"Mo-Tu 07:30-16:00; Fr 07:30-15:30","payment:cryptocurrencies":"no","smoking":"no","takeaway":"yes"}},"geometry":{"type":"Point","coordinates":[11.8485286,57.7253627]}},{"type":"Feature","properties":{"id":3989702637,"osm_type":"node","name":"Restaurang Höjden","category":"restaurant","tags":{"addr:city":"Göteborg","addr:postcode":"41878","addr:street":"Volvo Jakobs Väg","amenity":"restaurant","contact:phone":"+46-31-596302","cuisine":"regional","name":"Restaurang Höjden","opening_hours":"Mo-Tu 07:30-15:30; Fr 07:30-15:00","payment:cryptocurrencies":"no","smoking":"no"}},"geometry":{"type":"Point","coordinates":[11.8665373,57.7285022]}},{"type":"Feature","properties":{"id":3989939034,"osm_type":"node","name":"Eat@IT","category":"restaurant","tags":{"addr:city":"Göteborg","addr:postcode":"418 78","addr:street":"Assar Gabrielssons Väg","amenity":"restaurant","contact:phone":"+46-31-54 26 79","contact:website":"https://www.amica.se/eatit","cuisine":"regional","name":"Eat@IT","opening_hours":"Mo-Fr 07:30-15:00","payment:cryptocurrencies":"no","smoking":"no"}},"geometry":{"type":"Point","coordinates":[11.856833,57.7242132]}},{"type":"Feature","properties":{"id":4028280959,"osm_type":"node","name":"Sushigården","category":"restaurant","tags":{"addr:city":"Göteborg","addr:country":"SE","addr:housenumber":"2","addr:postcode":"41726","addr:street":"Bjurslätts Torg","amenity":"restaurant","check_date:opening_hours":"2026-04-18","cuisine":"sushi","name":"Sushigården","opening_hours":"Mo-Fr 11:00-20:15, Sa-Su 12:30-20:15","opening_hours:signed":"no","payment:cryptocurrencies":"no","smoking":"no"}},"geometry":{"type":"Point","coordinates":[11.9270026,57.7291646]}},{"type":"Feature","properties":{"id":4039029325,"osm_type":"node","name":"Barley's Food Factory","category":"restaurant","tags":{"addr:city":"Göteborg","addr:country":"SE","addr:housenumber":"20","addr:postcode":"41704","addr:street":"Kvilletorget","amenity":"restaurant","cuisine":"burger","name":"Barley's Food Factory","opening_hours":"Tu-Th 17:00-22:00, Fr 16:00-23:00, Sa 13:00-23:00, Su 13:00-22:00","payment:cryptocurrencies":"no","smoking":"no","toilets:wheelchair":"yes","website":"https://barleys.se/","wheelchair":"yes"}},"geometry":{"type":"Point","coordinates":[11.948668,57.719474]}},{"type":"Feature","properties":{"id":4194849324,"osm_type":"node","name":"Kungstorgets Brygghus","category":"restaurant","tags":{"addr:city":"Göteborg","addr:country":"SE","addr:housenumber":"11","addr:street":"Kungstorget","amenity":"restaurant","indoor_seating":"yes","name":"Kungstorgets Brygghus","opening_hours":"Mo-Th 11:00-01:00, Fr 11:00-03:00, Sa 12:00-03:00, Su 12:00-01:00","outdoor_seating":"yes","payment:cryptocurrencies":"no","smoking":"no","website":"https://www.facebook.com/Kungstorgetsbrygghus/"}},"geometry":{"type":"Point","coordinates":[11.9689001,57.7038692]}},{"type":"Feature","properties":{"id":4207844389,"osm_type":"node","name":"Manana","category":"restaurant","tags":{"addr:city":"Göteborg","addr:country":"SE","addr:housenumber":"1","addr:postcode":"41103","addr:street":"Odinsplatsen","amenity":"restaurant","check_date":"2026-04-25","contact:phone":"+46 31 711 72 93","contact:website":"http://restaurangmanana.se/odinsplatsen/","name":"Manana","opening_hours":"Mo-Fr 17:00+ \"until late\", Sa-Su 16:00+ \"until late\"","payment:cryptocurrencies":"no","smoking":"no","toilets:wheelchair":"yes","wheelchair":"yes"}},"geometry":{"type":"Point","coordinates":[11.9847557,57.7100612]}},{"type":"Feature","properties":{"id":4216272568,"osm_type":"node","name":"Kooperativet","category":"restaurant","tags":{"addr:city":"Göteborg","addr:country":"SE","addr:housenumber":"2","addr:postcode":"417 55","addr:street":"Anders Carlssons Gata","amenity":"restaurant","contact:facebook":"https://www.facebook.com/kooperativetlindholmen/","contact:instagram":"https://www.instagram.com/kooperativetlindholmen","contact:phone":"+4631227797","contact:website":"http://kooperativet.se","cuisine":"fish;indian;international;regional;thai","diet:vegetarian":"yes","name":"Kooperativet","opening_hours":"Mo-Fr 11:00-14:00","outdoor_seating":"yes","payment:cash":"yes","payment:credit_cards":"yes","payment:cryptocurrencies":"no","payment:debit_cards":"yes","smoking":"no","takeaway":"yes","toilets:wheelchair":"yes","wheelchair":"yes"}},"geometry":{"type":"Point","coordinates":[11.9447194,57.7085878]}},{"type":"Feature","properties":{"id":4226465926,"osm_type":"node","name":"Ombra Ristorante Pizzeria","category":"restaurant","tags":{"addr:city":"Göteborg","addr:country":"SE","addr:housenumber":"11","addr:postcode":"413 05","addr:street":"Plantagegatan","amenity":"restaurant","contact:phone":"+46-31-7883055","contact:website":"https://ristoranteombra.gastrogate.com","cuisine":"italian","name":"Ombra Ristorante Pizzeria","payment:cryptocurrencies":"no","smoking":"outside"}},"geometry":{"type":"Point","coordinates":[11.9485413,57.6972559]}},{"type":"Feature","properties":{"id":4253843066,"osm_type":"node","name":"Kalle Glader","category":"restaurant","tags":{"addr:city":"Göteborg","addr:country":"SE","addr:housenumber":"14","addr:postcode":"411 01","addr:street":"Friggagatan","amenity":"restaurant","cuisine":"burger","name":"Kalle Glader","opening_hours":"Tu-Th 15:00+; Fr 14:00+; Sa-Su 11:00+","payment:cryptocurrencies":"no","smoking":"no","website":"https://kalleglader.se"}},"geometry":{"type":"Point","coordinates":[11.9881058,57.7114719]}},{"type":"Feature","properties":{"id":4253849166,"osm_type":"node","name":"Fornello Gårda Norra","category":"restaurant","tags":{"addr:city":"Göteborg","addr:country":"SE","addr:housenumber":"6","addr:postcode":"416 64","addr:street":"Anders Personsgatan","amenity":"restaurant","contact:phone":"+46 31 797 22 72","contact:website":"http://www.fornello.se/","cuisine":"italian","name":"Fornello Gårda Norra","opening_hours":"Mo-Fr 11:30-13:30; Fr-Sa 16:00-24:00","payment:cryptocurrencies":"no","smoking":"no"}},"geometry":{"type":"Point","coordinates":[11.9958317,57.7112164]}},{"type":"Feature","properties":{"id":4269595215,"osm_type":"node","name":"Piga","category":"restaurant","tags":{"addr:city":"Göteborg","addr:country":"SE","addr:housenumber":"11","addr:street":"Ostindiefararen","amenity":"restaurant","name":"Piga","opening_hours":"Su-Th 13:00-22:00; Fr-Sa 13:00-23:00","payment:cryptocurrencies":"no","smoking":"no","toilets:wheelchair":"yes","website":"https://www.restaurangpiga.se/","wheelchair":"yes"}},"geometry":{"type":"Point","coordinates":[11.9095246,57.6998149]}},{"type":"Feature","properties":{"id":4291467468,"osm_type":"node","name":"Maxi Pizzeria","category":"restaurant","tags":{"addr:city":"Göteborg","addr:country":"SE","addr:housenumber":"7","addr:postcode":"41671","addr:street":"Morängatan","amenity":"restaurant","contact:phone":"+46 31 525212","cuisine":"pizza","name":"Maxi Pizzeria","payment:cryptocurrencies":"no","smoking":"no"}},"geometry":{"type":"Point","coordinates":[12.0176215,57.7208828]}},{"type":"Feature","properties":{"id":4321925562,"osm_type":"node","name":"Disponenten","category":"restaurant","tags":{"addr:city":"Göteborg","addr:country":"SE","addr:housenumber":"2","addr:postcode":"41764","addr:street":"Sjöportsgatan","amenity":"restaurant","contact:phone":"+46317257777","contact:website":"http://www.disponenten.com","cuisine":"regional;international","name":"Disponenten","payment:cryptocurrencies":"no","smoking":"no"}},"geometry":{"type":"Point","coordinates":[11.9152624,57.700976]}},{"type":"Feature","properties":{"id":4321925588,"osm_type":"node","name":"Cappuccino","category":"restaurant","tags":{"amenity":"cafe","brand":"Cappuccino","cuisine":"coffee_shop","name":"Cappuccino","opening_hours":"Mo-Th 09:00-20:00; Fr,Sa 09:00-20:30; Su 09:00-20:00","smoking":"no","takeaway":"yes","wheelchair":"yes"}},"geometry":{"type":"Point","coordinates":[11.9078615,57.6961303]}},{"type":"Feature","properties":{"id":4321951107,"osm_type":"node","name":"Nya Etage","category":"restaurant","tags":{"amenity":"restaurant","diet:vegan":"yes","diet:vegetarian":"yes","name":"Nya Etage","opening_hours":"10:00-14:00","payment:cryptocurrencies":"no","website":"https://www.nyaetage.se/"}},"geometry":{"type":"Point","coordinates":[12.0184313,57.6663437]}},{"type":"Feature","properties":{"id":4328255311,"osm_type":"node","name":"Bar Maria café och jazz","category":"restaurant","tags":{"addr:city":"Göteborg","addr:country":"SE","addr:housenumber":"1","addr:postcode":"414 71","addr:street":"Mariaplan","amenity":"cafe","disused:amenity":"restaurant","name":"Bar Maria café och jazz","opening_hours":"Mo-Fr 09:00-18:00; Sa,Su 10:00-17:00"}},"geometry":{"type":"Point","coordinates":[11.9223711,57.6868447]}},{"type":"Feature","properties":{"id":4330783491,"osm_type":"node","name":"","category":"restaurant","tags":{"addr:city":"Göteborg","addr:country":"SE","addr:housenumber":"13","addr:street":"Kyrkogatan","amenity":"bar","indoor_seating":"yes","outdoor_seating":"no"}},"geometry":{"type":"Point","coordinates":[11.9632417,57.7044534]}},{"type":"Feature","properties":{"id":4336859160,"osm_type":"node","name":"Happy Cup","category":"restaurant","tags":{"amenity":"cafe","name":"Happy Cup","opening_hours":"Mo-Fr 07:00-15:00; Sa 10:00-16:00","smoking":"no"}},"geometry":{"type":"Point","coordinates":[11.9895289,57.7118302]}},{"type":"Feature","properties":{"id":4343408795,"osm_type":"node","name":"Mr P","category":"restaurant","tags":{"addr:city":"Göteborg","addr:country":"SE","addr:housenumber":"2","addr:postcode":"41256","addr:street":"Götaplatsen","amenity":"restaurant","cuisine":"international","name":"Mr P","payment:cryptocurrencies":"no","smoking":"no","website":"https://mr-p.se/en","wheelchair":"limited"}},"geometry":{"type":"Point","coordinates":[11.9808268,57.6966206]}},{"type":"Feature","properties":{"id":4343408796,"osm_type":"node","name":"Toso","category":"restaurant","tags":{"addr:city":"Göteborg","addr:country":"SE","addr:postcode":"41256","addr:street":"Götaplatsen","amenity":"restaurant","cuisine":"japanese","diet:vegan":"yes","diet:vegetarian":"yes","name":"Toso","payment:cryptocurrencies":"no","smoking":"no","website":"https://toso.nu/"}},"geometry":{"type":"Point","coordinates":[11.9809341,57.6969374]}},{"type":"Feature","properties":{"id":4344957464,"osm_type":"node","name":"Café Husaren","category":"restaurant","tags":{"addr:city":"Göteborg","addr:country":"SE","addr:housenumber":"28","addr:postcode":"411 22","addr:street":"Haga Nygata","air_conditioning":"yes","amenity":"cafe","bar":"no","capacity":"130","changing_table":"no","contact:email":"info@cafehusaren.se","contact:facebook":"CafeHusaren","contact:instagram":"cafehusaren","contact:phone":"+46 31 13 63 78","contact:website":"https://www.cafehusaren.se/","cuisine":"cake;sandwich;fish;dessert;breakfast","delivery":"no","diet:gluten_free":"yes","diet:vegan":"yes","diet:vegetarian":"yes","dog":"no","drive_through":"no","highchair":"no","ice_cream":"no","indoor_seating":"yes","internet_access":"no","level":"0","name":"Café Husaren","opening_hours":"Mo-Th 08:00-19:30; Fr-Su 08:00-19:00","outdoor_seating":"sidewalk","payment:cash":"yes","payment:credit_cards":"yes","payment:cryptocurrencies":"no","payment:debit_cards":"yes","reservation":"no","reusable_packaging:offer":"no","self_service":"no","smoking":"no","takeaway":"yes","television":"no","toilets":"yes","toilets:menstrual_products":"no","toilets:wheelchair":"no","wheelchair":"yes","wikimedia_commons":"File:Cafe Husaren in Haga, Gothenburg (6488513251).jpg"}},"geometry":{"type":"Point","coordinates":[11.9597489,57.6983825]}},{"type":"Feature","properties":{"id":4351503961,"osm_type":"node","name":"Hållplats 103","category":"restaurant","tags":{"addr:city":"Göteborg","addr:country":"SE","addr:housenumber":"103","addr:postcode":"414 48","addr:street":"Karl Johansgatan","amenity":"restaurant","name":"Hållplats 103","payment:cryptocurrencies":"no","smoking":"no"}},"geometry":{"type":"Point","coordinates":[11.9112633,57.6894498]}},{"type":"Feature","properties":{"id":4353986910,"osm_type":"node","name":"Kök:17","category":"restaurant","tags":{"addr:city":"Göteborg","addr:country":"SE","addr:housenumber":"17","addr:postcode":"413 29","addr:street":"Första Långgatan","amenity":"restaurant","name":"Kök:17","opening_hours":"Mo-Fr 08:00-16:30","payment:cryptocurrencies":"no","smoking":"no","website":"http://kok17.se/"}},"geometry":{"type":"Point","coordinates":[11.9458523,57.6998299]}},{"type":"Feature","properties":{"id":4380707582,"osm_type":"node","name":"Sweet n Spicy","category":"restaurant","tags":{"addr:city":"Göteborg","addr:country":"SE","addr:housenumber":"7-9","addr:postcode":"416 48","addr:street":"Anders Personsgatan","amenity":"restaurant","contact:phone":"+46 31 15 33 30","internet_access:fee":"no","name":"Sweet n Spicy","opening_hours":"Mo-Fr 11:00-20:00; Sa,Su 13:00-20:00","payment:cryptocurrencies":"no","smoking":"no"}},"geometry":{"type":"Point","coordinates":[11.9953616,57.7112355]}},{"type":"Feature","properties":{"id":4393262178,"osm_type":"node","name":"Daawat","category":"restaurant","tags":{"addr:city":"Göteborg","addr:country":"SE","addr:housenumber":"30","addr:postcode":"413 27","addr:street":"Första Långgatan","amenity":"restaurant","cuisine":"indian","name":"Daawat","opening_hours":"Mo-Fr 11:00-22:00; Sa 13:00-22:00; Su 13:00-21:00","payment:cryptocurrencies":"no","smoking":"no","takeaway":"yes"}},"geometry":{"type":"Point","coordinates":[11.9440256,57.6992713]}},{"type":"Feature","properties":{"id":4394550972,"osm_type":"node","name":"Jos","category":"restaurant","tags":{"addr:city":"Göteborg","addr:country":"SE","addr:housenumber":"3","addr:street":"Lilla Kyrkogatan","amenity":"cafe","contact:phone":"+46 70 435 31 48","diet:vegan":"yes","diet:vegetarian":"yes","indoor_seating":"yes","name":"Jos","opening_hours":"Mo-Fr 07:30-18:00; Sa 10:00-16:00","outdoor_seating":"no","smoking":"no"}},"geometry":{"type":"Point","coordinates":[11.9648916,57.7049714]}},{"type":"Feature","properties":{"id":4407747916,"osm_type":"node","name":"Pizzeria Pärla","category":"restaurant","tags":{"addr:city":"Hisings Backa","addr:country":"SE","addr:housenumber":"15","addr:postcode":"42248","addr:street":"Selma Lagerlöfs Torg","amenity":"restaurant","cuisine":"pizza","name":"Pizzeria Pärla","payment:cryptocurrencies":"no","smoking":"no"}},"geometry":{"type":"Point","coordinates":[11.9846673,57.7503988]}},{"type":"Feature","properties":{"id":4408093592,"osm_type":"node","name":"Llama Lloyd","category":"restaurant","tags":{"addr:city":"Göteborg","addr:country":"SE","addr:housenumber":"16","addr:postcode":"417 04","addr:street":"Väderkvarnsgatan","amenity":"cafe","contact:email":"robin@llamalloyd.se","contact:facebook":"https://www.facebook.com/llamalloyd/","contact:instagram":"https://www.instagram.com/llamalloyd","contact:phone":"+46 70 200 94 84","contact:website":"https://www.llamalloyd.se/","contact:website:menu":"https://www.llamalloyd.se/meny/","indoor_seating":"yes","name":"Llama Lloyd","opening_hours":"Tu-Sa 11:00-18:00","outdoor_seating":"yes","smoking":"no"}},"geometry":{"type":"Point","coordinates":[11.9473125,57.7178209]}},{"type":"Feature","properties":{"id":4431585901,"osm_type":"node","name":"St: Agnes","category":"restaurant","tags":{"addr:city":"Göteborg","addr:country":"SE","addr:housenumber":"32","addr:postcode":"411 35","addr:street":"Teatergatan","amenity":"restaurant","capacity":"15","cuisine":"bakery","diet:vegan":"yes","diet:vegetarian":"yes","name":"St: Agnes","opening_hours":"Tu-Fr 11:00-18:00, Sa-Su 11:00-16:00","payment:cryptocurrencies":"no","smoking":"no","takeaway":"yes"}},"geometry":{"type":"Point","coordinates":[11.9757218,57.6989589]}},{"type":"Feature","properties":{"id":4438781624,"osm_type":"node","name":"Waffles café","category":"restaurant","tags":{"addr:city":"Göteborg","addr:country":"SE","addr:housenumber":"11A","addr:postcode":"411 26","addr:street":"Vasaplatsen","amenity":"cafe","name":"Waffles café","opening_hours":"Mo-Fr 10:00-18:00; Sa 10:00-18:00","payment:mastercard":"yes","payment:visa":"yes","smoking":"no"}},"geometry":{"type":"Point","coordinates":[11.9691443,57.6991362]}},{"type":"Feature","properties":{"id":4440714189,"osm_type":"node","name":"Mucho macho taqueria","category":"restaurant","tags":{"addr:city":"Göteborg","addr:country":"SE","addr:housenumber":"10B","addr:postcode":"411 23","addr:street":"Sprängkullsgatan","amenity":"restaurant","check_date":"2026-04-05","contact:facebook":"https://www.facebook.com/Mucho-Macho-Taqueria-106667384763736/","contact:instagram":"https://www.instagram.com/muchomachotaqueria","email":"info@muchomacho.se","name":"Mucho macho taqueria","payment:cash":"yes","payment:credit_cards":"yes","payment:cryptocurrencies":"no","payment:debit_cards":"yes","phone":"+46 31 309 52 01","reservation":"yes","smoking":"no","website":"https://muchomacho.se/","website:menu":"https://muchomacho.se/menu"}},"geometry":{"type":"Point","coordinates":[11.9600129,57.6961537]}},{"type":"Feature","properties":{"id":4442877697,"osm_type":"node","name":"Robertas & Kafé Tukat","category":"restaurant","tags":{"addr:city":"Göteborg","addr:country":"SE","addr:housenumber":"50","addr:postcode":"402 22","addr:street":"Södra Vägen","amenity":"fast_food","check_date":"2024-06-12","name":"Robertas & Kafé Tukat","payment:cash":"yes","payment:credit_cards":"yes","payment:debit_cards":"yes","website":"https://www.universeum.se/besok/mat-och-dryck/","wheelchair":"yes"}},"geometry":{"type":"Point","coordinates":[11.9886552,57.6955317]}},{"type":"Feature","properties":{"id":4460288556,"osm_type":"node","name":"Restaurang Gula Villan","category":"restaurant","tags":{"addr:city":"Göteborg","addr:country":"SE","addr:housenumber":"20","addr:postcode":"41527","addr:street":"Regementsvägen","amenity":"restaurant","contact:phone":"+4631 20 20 04","contact:website":"https://gulavillan.eu","indoor_seating":"yes","name":"Restaurang Gula Villan","name:sv":"Gula Villan","opening_hours":"Mo-Su 11:00-23:00","outdoor_seating":"yes","smoking":"no"}},"geometry":{"type":"Point","coordinates":[12.0294763,57.7348069]}},{"type":"Feature","properties":{"id":4460430851,"osm_type":"node","name":"Amore Restaurang","category":"restaurant","tags":{"addr:city":"Göteborg","addr:country":"SE","addr:housenumber":"16","addr:street":"Hinderbanan","amenity":"restaurant","contact:phone":"+46 31 431432","contact:website":"https://www.amore.nu/","indoor_seating":"yes","name":"Amore Restaurang","opening_hours":"Mo-Th 11:00-22:00; Fr 11:00-23:00; Sa 12:00-23:00; Su 12:00-21:00","outdoor_seating":"yes","smoking":"no"}},"geometry":{"type":"Point","coordinates":[12.0269834,57.7336809]}},{"type":"Feature","properties":{"id":4512147092,"osm_type":"node","name":"Sausage House","category":"restaurant","tags":{"amenity":"fast_food","indoor_seating":"yes","name":"Sausage House","opening_hours":"Mo-Fr 11:00-18:00; Sa 11:00-17:00; Su 11:00-18:00","outdoor_seating":"no","smoking":"no"}},"geometry":{"type":"Point","coordinates":[11.9725046,57.7100175]}},{"type":"Feature","properties":{"id":4520750096,"osm_type":"node","name":"Flavour Market","category":"restaurant","tags":{"amenity":"restaurant","name":"Flavour Market","name:sv":"Flavour Market","smoking":"no"}},"geometry":{"type":"Point","coordinates":[11.9108658,57.6507885]}},{"type":"Feature","properties":{"id":4520803590,"osm_type":"node","name":"Zocalo","category":"restaurant","tags":{"amenity":"restaurant","name":"Zocalo","name:en":"Zocalo","name:sv":"Zocalo","smoking":"no"}},"geometry":{"type":"Point","coordinates":[11.9107899,57.6507906]}},{"type":"Feature","properties":{"id":4520847289,"osm_type":"node","name":"Trumf","category":"restaurant","tags":{"amenity":"bar","name":"Trumf","name:sv":"Trumf","smoking":"no"}},"geometry":{"type":"Point","coordinates":[11.9127146,57.6508082]}},{"type":"Feature","properties":{"id":4520847692,"osm_type":"node","name":"Croissant","category":"restaurant","tags":{"amenity":"bar","name":"Croissant","smoking":"no"}},"geometry":{"type":"Point","coordinates":[11.9109845,57.6508674]}},{"type":"Feature","properties":{"id":4520847693,"osm_type":"node","name":"","category":"restaurant","tags":{"amenity":"restaurant","smoking":"no"}},"geometry":{"type":"Point","coordinates":[11.9108656,57.6508705]}},{"type":"Feature","properties":{"id":4520847991,"osm_type":"node","name":"Honeycomb","category":"restaurant","tags":{"amenity":"bar","name":"Honeycomb","smoking":"no"}},"geometry":{"type":"Point","coordinates":[11.9115052,57.6507053]}},{"type":"Feature","properties":{"id":4547748289,"osm_type":"node","name":"Frölunda Thai Kök","category":"restaurant","tags":{"addr:city":"Västra Frölunda","addr:country":"SE","addr:housenumber":"1B","addr:postcode":"42139","addr:street":"Flöjtgatan","amenity":"fast_food","contact:phone":"+46 31-45 20 44","contact:website":"https://www.frolundathai.se/","cuisine":"thai","drive_through":"no","name":"Frölunda Thai Kök","name:sv":"Frölunda Thai Kök","opening_hours":"Mo-Fr 11:00-20:00; Sa-Su 12:00-20:00"}},"geometry":{"type":"Point","coordinates":[11.9208056,57.6593515]}},{"type":"Feature","properties":{"id":4549707218,"osm_type":"node","name":"Lilla Spinneriet","category":"restaurant","tags":{"addr:city":"Lindome","addr:country":"SE","addr:housenumber":"2","addr:postcode":"437 34","addr:street":"Spinnmästarevägen","amenity":"restaurant","capacity":"60","cuisine":"regional","name":"Lilla Spinneriet","smoking":"no","takeaway":"no"}},"geometry":{"type":"Point","coordinates":[12.0997866,57.5853006]}},{"type":"Feature","properties":{"id":4573679496,"osm_type":"node","name":"Restaurang Kanonen","category":"restaurant","tags":{"addr:city":"Göteborg","addr:country":"SE","addr:housenumber":"1","addr:postcode":"41511","addr:street":"Almanacksvägen","amenity":"restaurant","contact:phone":"+4631140600","name":"Restaurang Kanonen","opening_hours":"Tu-Fr 11:00-17:00; Mo 11:00-15:00","payment:cryptocurrencies":"no","smoking":"no"}},"geometry":{"type":"Point","coordinates":[12.034586,57.7456179]}},{"type":"Feature","properties":{"id":4586853428,"osm_type":"node","name":"Super Sushi","category":"restaurant","tags":{"addr:city":"Göteborg","addr:country":"SE","addr:housenumber":"4","addr:postcode":"413 05","addr:street":"Prinsgatan","amenity":"fast_food","contact:email":"contact@supersushigb.se","contact:phone":"+46 31 122 09 0","contact:website":"https://supersushi.se/","contact:website:menu":"https://www.supersushigb.se/meny/","cuisine":"japanese","name":"Super Sushi","opening_hours":"Mo-Fr 11:00-21:00; Sa,Su 12:00-21:00","payment:cash":"yes","payment:credit_cards":"yes","payment:debit_cards":"yes","takeaway":"yes","wheelchair":"yes"}},"geometry":{"type":"Point","coordinates":[11.950232,57.6961845]}},{"type":"Feature","properties":{"id":4593358462,"osm_type":"node","name":"Pizza Time Göteborg","category":"restaurant","tags":{"amenity":"fast_food","cuisine":"pizza","name":"Pizza Time Göteborg","opening_hours":"Mo-Th 11:00-21:00; Fr 11:00-22:00; Sa 12:00-22:00; Su 12:00-21:00","website":"https://www.pizzatimegoteborg.se/"}},"geometry":{"type":"Point","coordinates":[11.9311339,57.6678741]}},{"type":"Feature","properties":{"id":4602464245,"osm_type":"node","name":"Steampunk Bar","category":"restaurant","tags":{"addr:city":"Göteborg","addr:country":"SE","addr:housenumber":"7A","addr:postcode":"411 19","addr:street":"Kungsgatan","amenity":"pub","brewery":"local_brand;Pilsner_Urquell","contact:email":"info@atsteampunkbar.se","contact:phone":"+46 31 7742055","contact:website":"https://steampunkbar.se/","name":"Steampunk Bar","opening_hours":"Mo-Th 16:00-23:00; Fr 16:00-24:00; Sa 14:00-24:00; Su 16:00-22:00","smoking":"no"}},"geometry":{"type":"Point","coordinates":[11.9576674,57.7027895]}},{"type":"Feature","properties":{"id":4606127847,"osm_type":"node","name":"Cafe Med Mera","category":"restaurant","tags":{"addr:city":"Göteborg","addr:country":"SE","addr:housenumber":"22","addr:postcode":"416 67","addr:street":"Ånäsvägen","amenity":"cafe","contact:facebook":"https://www.facebook.com/profile.php/","contact:phone":"+46 31 218505","indoor_seating":"yes","name":"Cafe Med Mera","opening_hours":"Mo-Fr 07:00-16:00; Sa-Su 09:00-16:00","outdoor_seating":"yes","payment:cash":"yes","payment:credit_cards":"yes","payment:debit_cards":"yes","smoking":"no"}},"geometry":{"type":"Point","coordinates":[12.0046315,57.7176583]}},{"type":"Feature","properties":{"id":4606127848,"osm_type":"node","name":"VeGofika","category":"restaurant","tags":{"addr:city":"Göteborg","addr:country":"SE","addr:housenumber":"20","addr:postcode":"416 67","addr:street":"Ånäsvägen","amenity":"cafe","check_date":"2023-11-25","contact:email":"info@vegofika.se","contact:facebook":"https://www.facebook.com/vegofikagoteborg/","contact:instagram":"https://www.instagram.com/vegofika","contact:website":"https://vegofika.se/","cuisine":"coffee_shop;cake;dessert","diet:vegan":"only","drive_through":"no","name":"VeGofika","opening_hours":"Mo-We off; Th-Fr 15:00-18:00; Sa-Su 12:00-16:00; PH off; Feb 21 10:00-13:00 \"endast semlor\"","outdoor_seating":"no","payment:cash":"no","payment:mastercard":"yes","payment:swish":"yes","payment:visa":"yes","smoking":"no","takeaway":"yes","toilets":"no","wheelchair":"no"}},"geometry":{"type":"Point","coordinates":[12.0046086,57.7175765]}},{"type":"Feature","properties":{"id":4613525399,"osm_type":"node","name":"Pizzabageriet","category":"restaurant","tags":{"addr:city":"Göteborg","addr:country":"SE","addr:housenumber":"4","addr:postcode":"413 05","addr:street":"Prinsgatan","amenity":"restaurant","cuisine":"italian","diet:vegan":"yes","diet:vegetarian":"yes","name":"Pizzabageriet","opening_hours":"Mo-Fr 11:00-21:00; Sa,Su 12:00-21:00","payment:cash":"yes","payment:credit_cards":"yes","payment:cryptocurrencies":"no","payment:debit_cards":"yes","phone":"+46 31 127 00 0","smoking":"no","takeaway":"yes","website":"https://www.pizzabagerietprinsgatan.se/","website:menu":"https://www.pizzabagerietprinsgatan.se/#meny","wheelchair":"yes"}},"geometry":{"type":"Point","coordinates":[11.9500984,57.6961855]}},{"type":"Feature","properties":{"id":4613772700,"osm_type":"node","name":"Cafe No.77","category":"restaurant","tags":{"addr:country":"SE","addr:housenumber":"77","addr:street":"Danska Vägen","amenity":"cafe","internet_access":"wlan","internet_access:fee":"no","name":"Cafe No.77","opening_hours":"Mo-Su 08:00-18:30","smoking":"no","wheelchair":"no"}},"geometry":{"type":"Point","coordinates":[12.0074854,57.7117069]}},{"type":"Feature","properties":{"id":4644404377,"osm_type":"node","name":"Pizza Night","category":"restaurant","tags":{"addr:country":"SE","addr:housenumber":"2","addr:street":"Stenungsundsgatan","amenity":"restaurant","contact:facebook":"https://www.facebook.com/pizzanightgoteborg","contact:phone":"+46 31 215 25 5","cuisine":"burger;kebab;pizza","name":"Pizza Night","opening_hours":"Mo-Th,Su 12:00-22:00; Fr-Sa 12:00-23:45","payment:cryptocurrencies":"no","smoking":"no"}},"geometry":{"type":"Point","coordinates":[12.0407189,57.7171431]}},{"type":"Feature","properties":{"id":4665010136,"osm_type":"node","name":"Saray Grill & Kök","category":"restaurant","tags":{"amenity":"restaurant","contact:phone":"+4631489800","contact:website":"https://saray.gastrogate.com/","cuisine":"turkish","name":"Saray Grill & Kök","opening_hours":"Mo-Su 10:00-22:00"}},"geometry":{"type":"Point","coordinates":[12.008625,57.7426193]}},{"type":"Feature","properties":{"id":4717373748,"osm_type":"node","name":"Kultur på burk","category":"restaurant","tags":{"amenity":"restaurant","name":"Kultur på burk","outdoor_seating":"no","smoking":"no"}},"geometry":{"type":"Point","coordinates":[12.0516845,57.7961137]}},{"type":"Feature","properties":{"id":4717838025,"osm_type":"node","name":"La Forteza pizzeria","category":"restaurant","tags":{"addr:city":"Västra Frölunda","addr:country":"SE","addr:housenumber":"2","addr:postcode":"42138","addr:street":"Soprangatan","amenity":"restaurant","cuisine":"pizza","name":"La Forteza pizzeria","payment:cryptocurrencies":"no","smoking":"no","website":"https://www.laforteza.se/"}},"geometry":{"type":"Point","coordinates":[11.9204143,57.6649846]}},{"type":"Feature","properties":{"id":4731869663,"osm_type":"node","name":"Ebay Sushi & Cafe","category":"restaurant","tags":{"amenity":"fast_food","cuisine":"sushi","indoor_seating":"yes","name":"Ebay Sushi & Cafe","outdoor_seating":"no","smoking":"no","website":"http://www.ebaysushi.se/"}},"geometry":{"type":"Point","coordinates":[12.0041346,57.7163803]}},{"type":"Feature","properties":{"id":4734976922,"osm_type":"node","name":"Café C","category":"restaurant","tags":{"amenity":"cafe","name":"Café C","opening_hours":"Mo-Fr 07:30-16:00","smoking":"no","takeaway":"yes","website":"https://www.lindholmen.se/restauranger/cafe-c","wheelchair":"yes"}},"geometry":{"type":"Point","coordinates":[11.9396392,57.7070355]}},{"type":"Feature","properties":{"id":4741351248,"osm_type":"node","name":"Henriksberg","category":"restaurant","tags":{"amenity":"restaurant","name":"Henriksberg","name:sv":"Henriksberg","opening_hours":"Su-We 17:00-01:00; Th-Sa 17:00-02:00","payment:cryptocurrencies":"no","smoking":"no"}},"geometry":{"type":"Point","coordinates":[11.9364027,57.6996563]}},{"type":"Feature","properties":{"id":4794826824,"osm_type":"node","name":"Industri-Grillen","category":"restaurant","tags":{"addr:country":"SE","addr:housenumber":"5","addr:street":"A Odhners Gata","amenity":"fast_food","check_date:opening_hours":"2025-03-08","name":"Industri-Grillen","opening_hours":"Mo-Th 05:00-16:00; Fr 05:00-15:00"}},"geometry":{"type":"Point","coordinates":[11.9411235,57.6589765]}},{"type":"Feature","properties":{"id":4794846828,"osm_type":"node","name":"Ooto","category":"restaurant","tags":{"amenity":"restaurant","contact:instagram":"https://www.instagram.com/ootogbg/","contact:website":"http://ooto.se","name":"Ooto","opening_hours":"Mo-Fr 08:00-16:00","payment:cryptocurrencies":"no","smoking":"no","wheelchair":"yes"}},"geometry":{"type":"Point","coordinates":[11.9781576,57.6852574]}},{"type":"Feature","properties":{"id":4820693792,"osm_type":"node","name":"Masala Kitchen Express","category":"restaurant","tags":{"addr:city":"Mölndal","addr:country":"SE","addr:housenumber":"1","addr:postcode":"431 30","addr:street":"Tempelgatan","amenity":"fast_food","cuisine":"indian","name":"Masala Kitchen Express","website":"https://masalakitchen.se/molndal"}},"geometry":{"type":"Point","coordinates":[12.0159902,57.6568602]}},{"type":"Feature","properties":{"id":4821407977,"osm_type":"node","name":"Aquarelle","category":"restaurant","tags":{"amenity":"restaurant","name":"Aquarelle","opening_hours":"Mo-Fr 10:30-14:30","smoking":"no","website":"https://aquarelle.se/"}},"geometry":{"type":"Point","coordinates":[11.9467813,57.6406552]}},{"type":"Feature","properties":{"id":4840149221,"osm_type":"node","name":"Torpabodens Thai","category":"restaurant","tags":{"addr:city":"Göteborg","addr:country":"SE","addr:housenumber":"4","addr:postcode":"41675","addr:street":"Hagforsgatan","amenity":"restaurant","contact:phone":"+46-31210937","contact:website":"https://torpabodens-thai.com/","cuisine":"asian;thai","name":"Torpabodens Thai","name:en":"Torpabodens Thai","name:sv":"Torpabodens Thai","opening_hours":"Mo-Su 11:00-21:00","payment:cash":"yes","payment:credit_cards":"yes","payment:cryptocurrencies":"no","payment:debit_cards":"yes","smoking":"no","wheelchair":"yes"}},"geometry":{"type":"Point","coordinates":[12.0403947,57.7215756]}},{"type":"Feature","properties":{"id":4851765921,"osm_type":"node","name":"Bistro Amerique","category":"restaurant","tags":{"addr:city":"Göteborg","addr:country":"SE","addr:housenumber":"9","addr:postcode":"41463","addr:street":"Oskarsgatan","amenity":"restaurant","name":"Bistro Amerique","payment:cryptocurrencies":"no","smoking":"no","wheelchair":"yes"}},"geometry":{"type":"Point","coordinates":[11.9391825,57.6998024]}},{"type":"Feature","properties":{"id":4856230080,"osm_type":"node","name":"Bon","category":"restaurant","tags":{"amenity":"restaurant","cuisine":"french","name":"Bon","payment:cryptocurrencies":"no","smoking":"no","wheelchair":"no","wheelchair:description":"Uteserveringen är inte tillgänglig för personer i rullstol."}},"geometry":{"type":"Point","coordinates":[11.9770083,57.698017]}},{"type":"Feature","properties":{"id":4856230081,"osm_type":"node","name":"Resturang Natur","category":"restaurant","tags":{"amenity":"restaurant","name":"Resturang Natur","opening_hours":"Mo-Su 17:00-24:00+","payment:cryptocurrencies":"no","smoking":"no","wheelchair":"yes"}},"geometry":{"type":"Point","coordinates":[11.9774189,57.6975177]}},{"type":"Feature","properties":{"id":4856230082,"osm_type":"node","name":"Pivo bar & kök","category":"restaurant","tags":{"addr:city":"Göteborg","addr:housenumber":"9","addr:postcode":"411 34","addr:street":"Arkivgatan","amenity":"restaurant","contact:email":"info@pivo.nu","contact:facebook":"https://www.facebook.com/Pivo-bar-och-k%C3%B6k-672192956236692/","contact:instagram":"https://www.instagram.com/pivo.nu","contact:phone":"+46 31 182 23 9","contact:website":"https://www.pivo.nu/","contact:website:menu":"https://www.pivo.nu/meny","microbrewery":"no","name":"Pivo bar & kök","payment:cash":"yes","payment:credit_cards":"yes","payment:cryptocurrencies":"no","payment:debit_cards":"yes","reservation":"yes","smoking":"no","toilets":"yes","wheelchair":"yes"}},"geometry":{"type":"Point","coordinates":[11.9762513,57.6969109]}},{"type":"Feature","properties":{"id":4882170599,"osm_type":"node","name":"Brödernas","category":"restaurant","tags":{"addr:city":"Kållered","addr:country":"SE","addr:housenumber":"1A","addr:postcode":"428 36","addr:street":"Ekenleden","amenity":"fast_food","cuisine":"burger","name":"Brödernas","phone":"+46313501701","takeaway":"yes","website":"https://www.brodernas.nu/restauranger/kallered"}},"geometry":{"type":"Point","coordinates":[12.0529759,57.6017314]}},{"type":"Feature","properties":{"id":4900442993,"osm_type":"node","name":"Knarrholmens restaurang","category":"restaurant","tags":{"amenity":"restaurant","name":"Knarrholmens restaurang","website":"https://knarrholmensrest.se/"}},"geometry":{"type":"Point","coordinates":[11.8275373,57.625372]}},{"type":"Feature","properties":{"id":4907321222,"osm_type":"node","name":"Resturang dubbelgården","category":"restaurant","tags":{"amenity":"restaurant","name":"Resturang dubbelgården","opening_hours":"Mo 11:00-16:00; Tu-Th 11:00-21:00; Fr 11:00-22:00; Sa 12:00-22:00; Su 12:00-21:00","payment:cryptocurrencies":"no","smoking":"no"}},"geometry":{"type":"Point","coordinates":[11.945213,57.724094]}},{"type":"Feature","properties":{"id":4907324922,"osm_type":"node","name":"Sannegårdens Kebab","category":"restaurant","tags":{"amenity":"restaurant","cuisine":"pizza","name":"Sannegårdens Kebab","opening_hours":"Su-Th 11:00-21:00; Fr,Sa 11:00-22:00"}},"geometry":{"type":"Point","coordinates":[11.945673,57.723972]}},{"type":"Feature","properties":{"id":4918636519,"osm_type":"node","name":"Lao Siam","category":"restaurant","tags":{"amenity":"restaurant","cuisine":"thai","diet:vegan":"yes","diet:vegetarian":"yes","name":"Lao Siam","outdoor_seating":"no","payment:cryptocurrencies":"no","smoking":"no","takeaway":"yes"}},"geometry":{"type":"Point","coordinates":[12.025727,57.7165026]}},{"type":"Feature","properties":{"id":4919114324,"osm_type":"node","name":"Pizzabageriet","category":"restaurant","tags":{"addr:city":"Göteborg","addr:country":"SE","addr:housenumber":"14","addr:postcode":"41653","addr:street":"Munkebäcksgatan","amenity":"restaurant","cuisine":"pizza","diet:vegan":"yes","diet:vegetarian":"yes","indoor_seating":"yes","name":"Pizzabageriet","opening_hours":"Mo-Th 11:00-21:30; Fr-Su 11:00-22:00","outdoor_seating":"yes","payment:cryptocurrencies":"no","smoking":"no","takeaway":"yes","website":"http://www.pizzabagerietmunkeback.se/"}},"geometry":{"type":"Point","coordinates":[12.0255768,57.7158336]}},{"type":"Feature","properties":{"id":4919218894,"osm_type":"node","name":"Ölstugan Tullen","category":"restaurant","tags":{"addr:country":"SE","addr:housenumber":"39","addr:street":"Björcksgatan","amenity":"pub","brewery":"yes","contact:email":"ost@olstugan.se","contact:facebook":"https://www.facebook.com/olstugankalltorp","contact:instagram":"https://www.instagram.com/olstugantullen","contact:phone":"+46 73 536 67 29","contact:website":"https://www.olstugan.se/kalltorp","cuisine":"regional","food":"yes","name":"Ölstugan Tullen","opening_hours":"Mo-Th 15:00-01:00; Fr-Su 12:00-01:00","payment:mastercard":"yes","payment:visa":"yes","smoking":"no","wheelchair":"no"}},"geometry":{"type":"Point","coordinates":[12.0276837,57.7171394]}},{"type":"Feature","properties":{"id":4921770447,"osm_type":"node","name":"Pizza Italia","category":"restaurant","tags":{"addr:city":"Göteborg","addr:country":"SE","addr:housenumber":"6","addr:street":"Stobéegatan","amenity":"restaurant","cuisine":"pizza","name":"Pizza Italia","payment:cryptocurrencies":"no","smoking":"no"}},"geometry":{"type":"Point","coordinates":[12.0265947,57.716133]}},{"type":"Feature","properties":{"id":4944579159,"osm_type":"node","name":"Matería","category":"restaurant","tags":{"air_conditioning":"no","amenity":"cafe","check_date:opening_hours":"2024-10-25","diet:vegan":"yes","diet:vegetarian":"yes","indoor_seating":"yes","name":"Matería","opening_hours":"Mo-Su 09:00-20:00","outdoor_seating":"yes","payment:cash":"no","payment:credit_cards":"yes","payment:debit_cards":"yes","reservation":"no","smoking":"no","website":"https://www.materia.nu/","wheelchair":"no"}},"geometry":{"type":"Point","coordinates":[11.9193958,57.6861975]}},{"type":"Feature","properties":{"id":4957135921,"osm_type":"node","name":"Indian Masala","category":"restaurant","tags":{"addr:city":"Göteborg","addr:country":"SE","addr:housenumber":"4","addr:postcode":"413 03","addr:street":"Första Långgatan","amenity":"restaurant","check_date":"2024-05-04","contact:email":"hej@indianmasala.se","contact:phone":"+46 31-14 11 80","contact:website":"https://indianmasala.se/","cuisine":"indian","diet:vegan":"yes","diet:vegetarian":"yes","name":"Indian Masala","opening_hours":"Mo-Th 11:00-22:00; Fr 11:00-23:00; Sa 12:00-23:00; Su 13:00-22:00","payment:cash":"yes","payment:credit_cards":"yes","payment:cryptocurrencies":"no","payment:debit_cards":"yes","smoking":"no","toilets:wheelchair":"yes","wheelchair":"yes"}},"geometry":{"type":"Point","coordinates":[11.9511505,57.6999808]}},{"type":"Feature","properties":{"id":4975290549,"osm_type":"node","name":"Alaturka","category":"restaurant","tags":{"amenity":"restaurant","contact:phone":"+46 31 7151669","contact:website":"http://www.alaturka.nu","name":"Alaturka","opening_hours":"Mo-Th 11:30-22:00; Fr 11:30-23:00; Sa 15:00-23:00","payment:cryptocurrencies":"no","smoking":"no"}},"geometry":{"type":"Point","coordinates":[11.9566252,57.7001896]}},{"type":"Feature","properties":{"id":5042739306,"osm_type":"node","name":"Mercado Mexico","category":"restaurant","tags":{"addr:city":"Göteborg","addr:country":"SE","addr:street":"Södra Vägen","amenity":"restaurant","name":"Mercado Mexico","opening_hours":"Mo-Th 17:00-24:00; Fr 16:00-24:00; Sa,Su 17:00-24:00","payment:cryptocurrencies":"no","smoking":"no","toilets:wheelchair":"yes","wheelchair":"yes"}},"geometry":{"type":"Point","coordinates":[11.9819597,57.6987393]}},{"type":"Feature","properties":{"id":5051940783,"osm_type":"node","name":"Thai Food House","category":"restaurant","tags":{"amenity":"restaurant","cuisine":"thai","name":"Thai Food House","payment:cryptocurrencies":"no","smoking":"no"}},"geometry":{"type":"Point","coordinates":[11.9328016,57.6981831]}},{"type":"Feature","properties":{"id":5056792697,"osm_type":"node","name":"Viking Restaurang & Pizzeria","category":"restaurant","tags":{"amenity":"restaurant","cuisine":"pizza","name":"Viking Restaurang & Pizzeria"}},"geometry":{"type":"Point","coordinates":[11.9179163,57.8609237]}},{"type":"Feature","properties":{"id":5060861815,"osm_type":"node","name":"RoseGarden","category":"restaurant","tags":{"amenity":"restaurant","cuisine":"asian","name":"RoseGarden","opening_hours":"Mo-Fr 11:00-19:30; Sa,Su 12:00-18:00","smoking":"no"}},"geometry":{"type":"Point","coordinates":[11.9499279,57.6507025]}},{"type":"Feature","properties":{"id":5079373170,"osm_type":"node","name":"Bombay Street","category":"restaurant","tags":{"amenity":"restaurant","name":"Bombay Street","opening_hours":"Mo-Fr 11:00-22:00; Sa,Su 13:00-22:00"}},"geometry":{"type":"Point","coordinates":[12.0057835,57.7192394]}},{"type":"Feature","properties":{"id":5091417171,"osm_type":"node","name":"Sushi Nagazaki","category":"restaurant","tags":{"amenity":"restaurant","check_date":"2024-06-14","cuisine":"sushi","name":"Sushi Nagazaki","payment:cryptocurrencies":"no","smoking":"no","takeaway":"yes"}},"geometry":{"type":"Point","coordinates":[12.0059176,57.7197494]}},{"type":"Feature","properties":{"id":5104707786,"osm_type":"node","name":"Ejder Pizzeria","category":"restaurant","tags":{"addr:city":"Göteborg","addr:country":"SE","addr:housenumber":"48","addr:street":"Ånäsvägen","amenity":"restaurant","cuisine":"pizza","indoor_seating":"yes","name":"Ejder Pizzeria","outdoor_seating":"no","payment:cryptocurrencies":"no","smoking":"no","website":"https://www.lacantinapizzeria.se/"}},"geometry":{"type":"Point","coordinates":[12.0057593,57.7208946]}},{"type":"Feature","properties":{"id":5128392722,"osm_type":"node","name":"Stockholmsgatans Cafe & Konditori","category":"restaurant","tags":{"amenity":"cafe","indoor_seating":"yes","name":"Stockholmsgatans Cafe & Konditori","outdoor_seating":"yes","smoking":"no"}},"geometry":{"type":"Point","coordinates":[12.0120665,57.7180283]}},{"type":"Feature","properties":{"id":5128759670,"osm_type":"node","name":"Ånäsgrillen","category":"restaurant","tags":{"addr:city":"Göteborg","addr:country":"SE","addr:housenumber":"11","addr:street":"Storkgatan","amenity":"restaurant","cuisine":"pizza","diet:vegan":"yes","diet:vegetarian":"yes","indoor_seating":"no","name":"Ånäsgrillen","opening_hours":"Mo-Fr 11:00-22:30; Sa,Su 12:00-22:30","outdoor_seating":"yes","payment:cryptocurrencies":"no","smoking":"no"}},"geometry":{"type":"Point","coordinates":[12.0067853,57.7210787]}},{"type":"Feature","properties":{"id":5138525555,"osm_type":"node","name":"Vita Husets Pizzeria","category":"restaurant","tags":{"amenity":"fast_food","cuisine":"pizza;kebab;salad","name":"Vita Husets Pizzeria","wheelchair":"limited"}},"geometry":{"type":"Point","coordinates":[12.0140729,57.6493989]}},{"type":"Feature","properties":{"id":5138525556,"osm_type":"node","name":"Smörgås-Finess","category":"restaurant","tags":{"amenity":"cafe","name":"Smörgås-Finess"}},"geometry":{"type":"Point","coordinates":[12.0141822,57.6490586]}},{"type":"Feature","properties":{"id":5139502121,"osm_type":"node","name":"Orient gate","category":"restaurant","tags":{"amenity":"restaurant","contact:phone":"+46-313816666","description:en":"For falafel and fateh","name":"Orient gate","opening_hours":"Mo-Su 08:00-22:00","payment:cryptocurrencies":"no","smoking":"no"}},"geometry":{"type":"Point","coordinates":[11.9480286,57.7271332]}},{"type":"Feature","properties":{"id":5141448949,"osm_type":"node","name":"Gastronomen","category":"restaurant","tags":{"addr:country":"SE","addr:housenumber":"11","addr:street":"Diagnosvägen","air_conditioning":"yes","amenity":"restaurant","bar":"no","brewery":"no","check_date":"2026-05-03","cuisine":"regional","delivery":"no","internet_access":"wlan","internet_access:fee":"no","microbrewery":"no","name":"Gastronomen","opening_hours":"Mo-Fr 11:30-13:30; PH off","outdoor_seating":"yes","payment:cryptocurrencies":"no","payment:mastercard":"yes","payment:visa":"yes","smoking":"no","website":"https://service.vgregion.se/RNS/prodnarservice/restaurang-och-cafe/restaurang-och-kafe/restauranger/restaurang-ostra-sjukhuset/","wheelchair":"yes"}},"geometry":{"type":"Point","coordinates":[12.0513689,57.7223485]}},{"type":"Feature","properties":{"id":5164796529,"osm_type":"node","name":"Berlin Döner","category":"restaurant","tags":{"access":"yes","addr:city":"Göteborg","addr:country":"SE","addr:housenumber":"21","addr:postcode":"41309","addr:street":"Nordenskiöldsgatan","amenity":"restaurant","name":"Berlin Döner","opening_hours":"We-Fr 11:00-20:00; Sa 12:00-20:00; Su 12:00-18:00","smoking":"no"}},"geometry":{"type":"Point","coordinates":[11.9497702,57.6927249]}},{"type":"Feature","properties":{"id":5167403731,"osm_type":"node","name":"Åseby Västergård Café","category":"restaurant","tags":{"amenity":"cafe","craft":"handicraft","name":"Åseby Västergård Café","opening_hours":"Sa,Su 12:00-17:00","shop":"craft"}},"geometry":{"type":"Point","coordinates":[11.8674928,57.7866287]}},{"type":"Feature","properties":{"id":5168549455,"osm_type":"node","name":"Sophannas corner","category":"restaurant","tags":{"addr:city":"Göteborg","addr:country":"SE","addr:housenumber":"33C","addr:postcode":"414 64","addr:street":"Kommendörsgatan","amenity":"fast_food","cuisine":"cambodian","diet:vegan":"yes","diet:vegetarian":"yes","name":"Sophannas corner","opening_hours":"Mo-Su 11:00-22:00","takeaway":"yes"}},"geometry":{"type":"Point","coordinates":[11.9323337,57.6951352]}},{"type":"Feature","properties":{"id":5168549456,"osm_type":"node","name":"Pizzeria Verona","category":"restaurant","tags":{"addr:city":"Göteborg","addr:country":"SE","addr:housenumber":"33B","addr:postcode":"414 64","addr:street":"Kommendörsgatan","amenity":"fast_food","cuisine":"pizza","name":"Pizzeria Verona","takeaway":"yes"}},"geometry":{"type":"Point","coordinates":[11.9322507,57.6952329]}},{"type":"Feature","properties":{"id":5173160234,"osm_type":"node","name":"Etna","category":"restaurant","tags":{"access":"yes","addr:housenumber":"47","addr:street":"Nordostpassagen","amenity":"fast_food","check_date":"2026-04-05","contact:facebook":"https://www.facebook.com/Etna-Pizzeria-760211257455302/","cuisine":"pizza","diet:vegan":"yes","diet:vegetarian":"yes","name":"Etna","opening_hours":"Mo-Fr 11:00-22:00; Sa, Su 12:00-22:00","payment:cash":"yes","payment:credit_cards":"yes","payment:debit_cards":"yes","phone":"+46 31 425 40 0","takeaway":"yes","toilets:menstrual_products":"no","website":"https://etnanordostpassagen.se/","website:menu":"https://etnanordostpassagen.se/meny/"}},"geometry":{"type":"Point","coordinates":[11.94738,57.6935011]}},{"type":"Feature","properties":{"id":5173160235,"osm_type":"node","name":"Linné Sushi","category":"restaurant","tags":{"addr:city":"Göteborg","addr:country":"SE","addr:housenumber":"30A","addr:postcode":"413 09","addr:street":"Nordenskiöldsgatan","amenity":"restaurant","cuisine":"sushi","name":"Linné Sushi","payment:cash":"yes","payment:credit_cards":"yes","payment:cryptocurrencies":"no","payment:debit_cards":"yes","smoking":"no"}},"geometry":{"type":"Point","coordinates":[11.948583,57.6925751]}},{"type":"Feature","properties":{"id":5175017993,"osm_type":"node","name":"Pizzeria Bruno Franco","category":"restaurant","tags":{"access":"yes","addr:city":"Göteborg","addr:country":"SE","addr:housenumber":"12","addr:postcode":"413 10","addr:street":"Olivedalsgatan","amenity":"fast_food","check_date":"2026-04-04","contact:email":"poppefrazze@gmail.com","contact:facebook":"https://www.facebook.com/brunofrancopizzeria/","contact:phone":"+46 31 426 10 6","contact:website":"https://www.bruno-franco.com/","cuisine":"pizza","diet:chicken":"yes","diet:meat":"yes","diet:vegan":"yes","diet:vegetarian":"yes","drive_through":"no","name":"Pizzeria Bruno Franco","opening_hours":"Mo-Sa 11:30-24:00; Su 11:30-22:00","payment:cash":"yes","payment:credit_cards":"yes","payment:debit_cards":"yes","takeaway":"yes","website:menu":"https://www.bruno-franco.com/menu"}},"geometry":{"type":"Point","coordinates":[11.9512719,57.6918619]}},{"type":"Feature","properties":{"id":5175017994,"osm_type":"node","name":"Himalaya Kök & Bar","category":"restaurant","tags":{"access":"yes","addr:city":"Göteborg","addr:country":"SE","addr:housenumber":"13","addr:postcode":"413 10","addr:street":"Olivedalsgatan","air_conditioning":"yes","amenity":"restaurant","contact:facebook":"https://www.facebook.com/kokbar.himalaya","contact:phone":"+46 31 126 15 5","contact:website":"https://www.himalayakochb.se/","contact:website:menu":"https://www.himalayakochb.se/meny/all","cuisine":"nepalese","name":"Himalaya Kök & Bar","opening_hours":"Mo 16:00-22:00; Tu-Th 11:00-22:00; Fr 11:00-23:00; Sa 12:00-23:00; Su 12:00-22:00","payment:cash":"yes","payment:credit_cards":"yes","payment:cryptocurrencies":"no","payment:debit_cards":"yes","reservation":"yes","smoking":"no","takeaway":"yes"}},"geometry":{"type":"Point","coordinates":[11.9516312,57.6920106]}},{"type":"Feature","properties":{"id":5181527162,"osm_type":"node","name":"SK Mat & Människor","category":"restaurant","tags":{"amenity":"restaurant","name":"SK Mat & Människor","payment:cryptocurrencies":"no","smoking":"no","wikidata":"Q19521117","wikipedia":"sv:SK Mat & Människor"}},"geometry":{"type":"Point","coordinates":[11.9830794,57.6971249]}},{"type":"Feature","properties":{"id":5194353212,"osm_type":"node","name":"The Elephant","category":"restaurant","tags":{"access":"yes","addr:city":"Göteborg","addr:country":"SE","addr:housenumber":"68","addr:postcode":"41308","addr:street":"Linnégatan","air_conditioning":"yes","amenity":"restaurant","contact:email":"info@theelephant.se","contact:facebook":"https://www.facebook.com/linnegatan","contact:instagram":"https://www.instagram.com/theelephant.se","contact:phone":"+46 31 130 06 6","diet:vegan":"yes","diet:vegetarian":"yes","highchair":"yes","indoor_seating":"yes","internet_access":"no","level":"0","name":"The Elephant","opening_hours":"Mo-Th 11:00-22:00; Fr 11:00-23:00; Sa 12:00-23:00; Su 13:00-22:00","outdoor_seating":"yes","payment:cash":"yes","payment:credit_cards":"yes","payment:cryptocurrencies":"no","payment:debit_cards":"yes","reservation":"yes","smoking":"no","toilets":"yes","toilets:menstrual_products":"no","toilets:wheelchair":"no","wheelchair":"limited"}},"geometry":{"type":"Point","coordinates":[11.9528514,57.6918378]}},{"type":"Feature","properties":{"id":5194353213,"osm_type":"node","name":"Sunshine Café","category":"restaurant","tags":{"access":"yes","amenity":"cafe","contact:email":"slottsskog@gmail.com","contact:instagram":"https://www.instagram.com/sunshine_cafe_linne","contact:phone":"+46 73 7771754;+46 76 0832003","contact:website":"https://www.sunshinecafe.se/","cuisine":"brunch;breakfast;sandwich","indoor_seating":"yes","name":"Sunshine Café","opening_hours":"Mo-Fr 08:30-19:00; Sa-Su 09:00-19:00","outdoor_seating":"yes","payment:cash":"yes","payment:credit_cards":"yes","payment:debit_cards":"yes","smoking":"no"}},"geometry":{"type":"Point","coordinates":[11.952772,57.6916592]}},{"type":"Feature","properties":{"id":5194353214,"osm_type":"node","name":"Pasha Grill","category":"restaurant","tags":{"amenity":"restaurant","contact:email":"info@pashagrill.se","contact:facebook":"https://www.facebook.com/pashagrill.se/","contact:phone":"+46 31 139 39 4","contact:website":"https://pashagrill.se/","indoor_seating":"yes","name":"Pasha Grill","opening_hours":"Mo off; Tu-Th 16:00-22:00; Fr 16:00-23:00; Sa 13:00-23:00; Su 13:00-22:00","outdoor_seating":"yes","payment:cash":"yes","payment:credit_cards":"yes","payment:cryptocurrencies":"no","payment:debit_cards":"yes","smoking":"no"}},"geometry":{"type":"Point","coordinates":[11.9526904,57.691505]}},{"type":"Feature","properties":{"id":5266647473,"osm_type":"node","name":"Alkemisten","category":"restaurant","tags":{"amenity":"cafe","cuisine":"coffee_shop","name":"Alkemisten","opening_hours":"Mo-Fr 07:30-17:00; Sa,Su 10:00-17:00","smoking":"no"}},"geometry":{"type":"Point","coordinates":[11.9400157,57.7086624]}},{"type":"Feature","properties":{"id":5297592448,"osm_type":"node","name":"Churros","category":"restaurant","tags":{"amenity":"fast_food","name":"Churros","payment:cash":"no","payment:mastercard":"yes","payment:visa":"yes","source":"local_knowledge"}},"geometry":{"type":"Point","coordinates":[11.995133,57.6943517]}},{"type":"Feature","properties":{"id":5297592449,"osm_type":"node","name":"Popperiet","category":"restaurant","tags":{"amenity":"fast_food","name":"Popperiet","payment:cash":"no","payment:mastercard":"yes","payment:visa":"yes","source":"local_knowledge"}},"geometry":{"type":"Point","coordinates":[11.9928877,57.6951074]}},{"type":"Feature","properties":{"id":5297592451,"osm_type":"node","name":"Glassikern","category":"restaurant","tags":{"amenity":"fast_food","name":"Glassikern","payment:cash":"no","payment:mastercard":"yes","payment:visa":"yes","source":"local_knowledge"}},"geometry":{"type":"Point","coordinates":[11.9938396,57.6955227]}},{"type":"Feature","properties":{"id":5297592452,"osm_type":"node","name":"Glasskulan","category":"restaurant","tags":{"amenity":"fast_food","name":"Glasskulan","payment:cash":"no","source":"local_knowledge"}},"geometry":{"type":"Point","coordinates":[11.9934665,57.6924022]}},{"type":"Feature","properties":{"id":5297592453,"osm_type":"node","name":"Bergs Bullar","category":"restaurant","tags":{"amenity":"fast_food","name":"Bergs Bullar","payment:cash":"no","payment:mastercard":"yes","payment:visa":"yes","source":"local_knowledge"}},"geometry":{"type":"Point","coordinates":[11.993974,57.6955787]}},{"type":"Feature","properties":{"id":5297592454,"osm_type":"node","name":"Sockervadden","category":"restaurant","tags":{"amenity":"fast_food","name":"Sockervadden","payment:cash":"no","payment:mastercard":"yes","payment:visa":"yes","source":"local_knowledge"}},"geometry":{"type":"Point","coordinates":[11.9938973,57.6931585]}},{"type":"Feature","properties":{"id":5297592455,"osm_type":"node","name":"Glassen","category":"restaurant","tags":{"amenity":"fast_food","name":"Glassen","payment:cash":"no","payment:mastercard":"yes","payment:visa":"yes","source":"local_knowledge"}},"geometry":{"type":"Point","coordinates":[11.9939028,57.6932405]}},{"type":"Feature","properties":{"id":5297592456,"osm_type":"node","name":"Max","category":"restaurant","tags":{"amenity":"fast_food","branch":"Balder","brand":"Max","brand:wikidata":"Q1912172","brand:wikipedia":"sv:Max Hamburgerrestauranger","cuisine":"burger","name":"Max","payment:cash":"no","payment:mastercard":"yes","payment:visa":"yes","source":"local_knowledge","takeaway":"yes"}},"geometry":{"type":"Point","coordinates":[11.9950573,57.6935414]}},{"type":"Feature","properties":{"id":5314309717,"osm_type":"node","name":"Råda Gelato","category":"restaurant","tags":{"addr:city":"Göteborg","addr:country":"SE","addr:housenumber":"38","addr:postcode":"413 04","addr:street":"Landsvägsgatan","amenity":"ice_cream","contact:facebook":"https://www.facebook.com/RadaGelato/","contact:instagram":"https://www.instagram.com/radagelato","contact:phone":"+46 73 394 68 14","contact:website":"https://radagelato.se/","drive_through":"no","indoor_seating":"yes","name":"Råda Gelato","opening_hours":"Mo-Th,Su 12:00-18:00; Fr-Sa 12:00-20:00","outdoor_seating":"yes","payment:cash":"yes","payment:credit_cards":"yes","payment:debit_cards":"yes"}},"geometry":{"type":"Point","coordinates":[11.9520213,57.6962053]}},{"type":"Feature","properties":{"id":5417858506,"osm_type":"node","name":"Lindholmen Kebab","category":"restaurant","tags":{"amenity":"fast_food","cuisine":"kebab","delivery":"no","drive_through":"no","name":"Lindholmen Kebab","wheelchair":"yes"}},"geometry":{"type":"Point","coordinates":[11.9381375,57.7086822]}},{"type":"Feature","properties":{"id":5445459966,"osm_type":"node","name":"Gourmetkorv","category":"restaurant","tags":{"addr:country":"SE","addr:housenumber":"13","addr:street":"Bohusgatan","amenity":"restaurant","contact:email":"info@gourmetkorv.se","contact:facebook":"https://www.facebook.com/Gourmetkorv-855360398165463","contact:instagram":"https://www.instagram.com/gourmetkorvbohusgatan","contact:phone":"+46 31 252 07 0","contact:website":"https://www.gourmetkorv.se/","contact:website:menu":"https://www.gourmetkorv.se/#meny-section","name":"Gourmetkorv","opening_hours":"Mo-Th 10:00-19:00; Fr 10:00-20:00; Sa-Su 11:00-17:00","payment:cash":"yes","payment:credit_cards":"yes","payment:cryptocurrencies":"no","payment:debit_cards":"yes","smoking":"no","toilets":"yes"}},"geometry":{"type":"Point","coordinates":[11.9834182,57.7038518]}},{"type":"Feature","properties":{"id":5459114468,"osm_type":"node","name":"Espresso House","category":"restaurant","tags":{"addr:city":"Göteborg","addr:country":"SE","addr:housenumber":"3","addr:postcode":"413 04","addr:street":"Järntorget","air_conditioning":"yes","amenity":"cafe","brand":"Espresso House","brand:wikidata":"Q10489162","brand:wikipedia":"sv:Espresso House","cuisine":"coffee_shop","indoor_seating":"yes","name":"Espresso House","opening_hours":"Mo-Fr 06:30-21:00; Sa 09:00-20:00; Su 10:00-20:00","outdoor_seating":"yes","smoking":"no","takeaway":"yes","website":"https://www.google.se/url?q=https://espressohouse.com"}},"geometry":{"type":"Point","coordinates":[11.9518858,57.6998163]}},{"type":"Feature","properties":{"id":5538462522,"osm_type":"node","name":"Feskar Brittas Kro","category":"restaurant","tags":{"amenity":"restaurant","cuisine":"fish;fish_and_chips","name":"Feskar Brittas Kro","payment:cryptocurrencies":"no","smoking":"no","wheelchair":"no"}},"geometry":{"type":"Point","coordinates":[11.9162104,57.7009336]}},{"type":"Feature","properties":{"id":5582542722,"osm_type":"node","name":"Unity Jazz","category":"restaurant","tags":{"addr:city":"Göteborg","addr:country":"SE","addr:housenumber":"13","addr:postcode":"411 15","addr:street":"Kyrkogatan","amenity":"bar","check_date":"2026-04-30","club":"jazz","genre":"jazz","live_music":"yes","music":"live","music_genre":"jazz","name":"Unity Jazz","opening_hours":"Mo,Su off; Tu-Th 17:00-01:00; Fr-Sa 17:00-02:00","smoking":"no","website":"https://www.unityjazz.se/"}},"geometry":{"type":"Point","coordinates":[11.9630736,57.7044165]}},{"type":"Feature","properties":{"id":5587939521,"osm_type":"node","name":"Café Skogen","category":"restaurant","tags":{"addr:city":"Göteborg","addr:country":"SE","addr:housenumber":"53","addr:postcode":"414 70","addr:street":"Slottsskogsgatan","amenity":"cafe","name":"Café Skogen","smoking":"no"}},"geometry":{"type":"Point","coordinates":[11.9250302,57.6868541]}},{"type":"Feature","properties":{"id":5606792622,"osm_type":"node","name":"Göteburgare Vegan","category":"restaurant","tags":{"addr:city":"Göteborg","addr:country":"SE","addr:housenumber":"11","addr:postcode":"413 03","addr:street":"Andra Långgatan","amenity":"pub","contact:email":"info@goteburgare.com","contact:facebook":"https://www.facebook.com/goteburgarevegan/","contact:instagram":"https://www.instagram.com/goteburgarevegan","contact:phone":"+46 31 20 30 55","contact:website":"http://www.goteburgare.com","cuisine":"burger","diet:vegan":"only","diet:vegetarian":"only","food":"yes","happycow:id":"95219","name":"Göteburgare Vegan","opening_hours":"PH,Mo-Su 11:00-22:00+","payment:cash":"yes","payment:credit_cards":"yes","payment:debit_cards":"yes","smoking":"no","wheelchair":"no"}},"geometry":{"type":"Point","coordinates":[11.9499091,57.6993698]}},{"type":"Feature","properties":{"id":5607853228,"osm_type":"node","name":"Frestelsen C & G","category":"restaurant","tags":{"amenity":"cafe","contact:phone":"+46 31 7792526","craft":"caterer","cuisine":"sandwich;salad;cake","delivery":"yes","ice_cream":"yes","ice_cream:type":"industrial","name":"Frestelsen C & G","opening_hours":"Mo-Th 07:00-16:00; Fr 07:00-15:00; PH,Sa,Su off","outdoor_seating":"yes","smoking":"no"}},"geometry":{"type":"Point","coordinates":[11.9444938,57.7082863]}},{"type":"Feature","properties":{"id":5651534121,"osm_type":"node","name":"BrewDog","category":"restaurant","tags":{"addr:city":"Göteborg","addr:country":"SE","addr:housenumber":"10B","addr:street":"Kungsgatan","addr:unit":"B","amenity":"pub","brand":"BrewDog","brand:wikidata":"Q911367","brand:wikipedia":"en:BrewDog","name":"BrewDog","opening_hours":"Tu-Sa 09:00-18:00","smoking":"no","website":"https://www.brewdog.com/bars/worldwide/goteborg"}},"geometry":{"type":"Point","coordinates":[11.9587442,57.7032368]}},{"type":"Feature","properties":{"id":5652180621,"osm_type":"node","name":"Champagnebaren Forssén & Öberg","category":"restaurant","tags":{"amenity":"bar","name":"Champagnebaren Forssén & Öberg","smoking":"no"}},"geometry":{"type":"Point","coordinates":[11.9630072,57.704355]}},{"type":"Feature","properties":{"id":5706725303,"osm_type":"node","name":"Björlanda Burga'n","category":"restaurant","tags":{"amenity":"fast_food","cuisine":"burger","name":"Björlanda Burga'n","opening_hours":"Mo-Th 11:00-19:00; Fr 11:00-20:00; Sa 12:00-20:00; Su 12:00-16:00"}},"geometry":{"type":"Point","coordinates":[11.8282872,57.7521096]}},{"type":"Feature","properties":{"id":5714995835,"osm_type":"node","name":"Emona","category":"restaurant","tags":{"amenity":"restaurant","cuisine":"pizza","indoor_seating":"yes","name":"Emona","opening_hours":"Mo-Fr 15:00-22:00; Sa,Su 13:00-22:00","outdoor_seating":"yes","payment:cryptocurrencies":"no","smoking":"no","website":"https://www.emonarestaurang.se/"}},"geometry":{"type":"Point","coordinates":[11.93592,57.691053]}},{"type":"Feature","properties":{"id":5714995836,"osm_type":"node","name":"Malai Take Away","category":"restaurant","tags":{"amenity":"fast_food","cuisine":"thai","name":"Malai Take Away"}},"geometry":{"type":"Point","coordinates":[11.9357336,57.6925926]}},{"type":"Feature","properties":{"id":5734095446,"osm_type":"node","name":"Pizzeria Melli","category":"restaurant","tags":{"amenity":"fast_food","cuisine":"pizza;kebab","drive_through":"no","name":"Pizzeria Melli","outdoor_seating":"yes","smoking":"outside","takeaway":"yes"}},"geometry":{"type":"Point","coordinates":[11.9170889,57.6866344]}},{"type":"Feature","properties":{"id":5741268198,"osm_type":"node","name":"Pizzeria Lepanto","category":"restaurant","tags":{"air_conditioning":"yes","amenity":"restaurant","cuisine":"pizza","indoor_seating":"yes","name":"Pizzeria Lepanto","opening_hours":"Mo-Fr 11:00-22:00; Sa,Su 12:00-22:00","outdoor_seating":"yes","payment:cryptocurrencies":"no","smoking":"no","takeaway":"yes"}},"geometry":{"type":"Point","coordinates":[11.9341728,57.6740964]}},{"type":"Feature","properties":{"id":5745062350,"osm_type":"node","name":"Black and White","category":"restaurant","tags":{"amenity":"restaurant","name":"Black and White","opening_hours":"Mo-Th 11:00-23:00; Fr,Sa 11:00-01:00","payment:cryptocurrencies":"no"}},"geometry":{"type":"Point","coordinates":[12.0146791,57.655863]}},{"type":"Feature","properties":{"id":5745083822,"osm_type":"node","name":"Gamla Beirut","category":"restaurant","tags":{"amenity":"restaurant","check_date":"2024-07-21","cuisine":"lebanese","diet:vegan":"yes","diet:vegetarian":"yes","email":"gamla.beirut@outlook.com","name":"Gamla Beirut","opening_hours":"Mo-Th 11:00-22:00; Fr-Sa 11:00-22:00","phone":"+46 76 3090825","smoking":"no","website":"www.gamlabeirut.se"}},"geometry":{"type":"Point","coordinates":[12.0162063,57.6563316]}},{"type":"Feature","properties":{"id":5745087891,"osm_type":"node","name":"Sushi King","category":"restaurant","tags":{"amenity":"restaurant","contact:phone":"+46 31878787","contact:website":"http://www.sushitaiking.se","cuisine":"japanese;asian;sushi","name":"Sushi King","opening_hours":"Mo-Th 11:00-22:00; Fr,Sa 11:00-02:00","payment:cryptocurrencies":"no","smoking":"no","takeaway":"yes"}},"geometry":{"type":"Point","coordinates":[12.0165232,57.6563902]}},{"type":"Feature","properties":{"id":5745090608,"osm_type":"node","name":"Rasa Sayang Restaurant","category":"restaurant","tags":{"amenity":"restaurant","contact:phone":"+46 31873165","contact:website":"http://www.rasasayang.se","cuisine":"asian","description":"Lunch Mo-Fr 11-16","indoor_seating":"yes","name":"Rasa Sayang Restaurant","opening_hours":"Mo-Su 11:00-22:00","outdoor_seating":"no","payment:cryptocurrencies":"no","smoking":"no"}},"geometry":{"type":"Point","coordinates":[12.0166669,57.6562374]}},{"type":"Feature","properties":{"id":5745155253,"osm_type":"node","name":"Marinade Kitchen & Bar","category":"restaurant","tags":{"addr:city":"Göteborg","addr:housenumber":"59","addr:postcode":"41308","addr:street":"Linnégatan","air_conditioning":"yes","amenity":"restaurant","check_date":"2026-05-06","check_date:diet:vegetarian":"2026-05-06","contact:facebook":"https://www.facebook.com/100064268523724","contact:instagram":"https://www.instagram.com/marinade59","contact:phone":"+46 31 249 12 0; +46 73 656 51 22","contact:website":"https://marinadekrog.se/","contact:website:menu":"https://marinadekrog.se/our-menu/","diet:vegetarian":"yes","indoor_seating":"yes","level":"0","name":"Marinade Kitchen & Bar","opening_hours":"Mo-Th 11:00+; Fr 11:00+; Sa,Su 12:00+","outdoor_seating":"yes","payment:cash":"yes","payment:credit_cards":"yes","payment:cryptocurrencies":"no","payment:debit_cards":"yes","reservation":"yes","smoking":"no","toilets":"yes","toilets:menstrual_products":"no","website:menu":"https://marinadekrog.se/var-meny/"}},"geometry":{"type":"Point","coordinates":[11.9521228,57.6920885]}},{"type":"Feature","properties":{"id":5745159872,"osm_type":"node","name":"Poppy","category":"restaurant","tags":{"amenity":"restaurant","name":"Poppy","opening_hours":"We-Sa 17:00-23:00","smoking":"no"}},"geometry":{"type":"Point","coordinates":[11.9511526,57.6981697]}},{"type":"Feature","properties":{"id":5749480767,"osm_type":"node","name":"Mac´s","category":"restaurant","tags":{"amenity":"restaurant","indoor_seating":"yes","name":"Mac´s","outdoor_seating":"yes","payment:cryptocurrencies":"no","smoking":"no"}},"geometry":{"type":"Point","coordinates":[11.9145686,57.6909349]}},{"type":"Feature","properties":{"id":5749480768,"osm_type":"node","name":"Gröna Brunnen","category":"restaurant","tags":{"amenity":"restaurant","cuisine":"asian","name":"Gröna Brunnen","payment:cryptocurrencies":"no","smoking":"no"}},"geometry":{"type":"Point","coordinates":[11.9146947,57.6909248]}},{"type":"Feature","properties":{"id":5749480769,"osm_type":"node","name":"Del Piero","category":"restaurant","tags":{"amenity":"restaurant","cuisine":"pizza","name":"Del Piero","payment:cryptocurrencies":"no","smoking":"no"}},"geometry":{"type":"Point","coordinates":[11.9160251,57.6911614]}},{"type":"Feature","properties":{"id":5757080992,"osm_type":"node","name":"Chumphon Thai","category":"restaurant","tags":{"addr:city":"Göteborg","addr:housenumber":"4","addr:postcode":"414 54","addr:street":"Chapmans Torg","air_conditioning":"no","amenity":"restaurant","changing_table":"no","cuisine":"asian","description":"Menu also in English. Menü auch auf Deutsch.","diet:gluten_free":"no","diet:vegan":"no","diet:vegetarian":"yes","indoor_seating":"yes","name":"Chumphon Thai","opening_hours":"Mo-Fr 11:00-20:00; Sa, Su 12:00-20:00","outdoor_seating":"yes","payment:cash":"yes","payment:credit_cards":"no","payment:cryptocurrencies":"no","payment:debit_cards":"yes","smoking":"no","website":"https://chumphon.nu/","wheelchair":"limited"}},"geometry":{"type":"Point","coordinates":[11.920063,57.6935505]}},{"type":"Feature","properties":{"id":5757081001,"osm_type":"node","name":"Västerhus","category":"restaurant","tags":{"amenity":"restaurant","check_date":"2024-07-27","name":"Västerhus","payment:cryptocurrencies":"no","smoking":"no"}},"geometry":{"type":"Point","coordinates":[11.9298015,57.6979595]}},{"type":"Feature","properties":{"id":5765719556,"osm_type":"node","name":"Askimsbadets Glasscafé och Bangolf","category":"restaurant","tags":{"addr:city":"Askim","addr:country":"SE","addr:housenumber":"14","addr:postcode":"43645","addr:street":"Askims Strandväg","amenity":"cafe","cuisine":"ice_cream","name":"Askimsbadets Glasscafé och Bangolf","outdoor_seating":"yes","phone":"+4631286953","smoking":"no","website":"https://askimsbadet.se"}},"geometry":{"type":"Point","coordinates":[11.929232,57.6250755]}},{"type":"Feature","properties":{"id":5775053056,"osm_type":"node","name":"Vasa Pizzabutik","category":"restaurant","tags":{"amenity":"restaurant","name":"Vasa Pizzabutik","opening_hours":"Mo-Fr 10:00-20:00; Sa,Su 11:00-20:00","payment:cryptocurrencies":"no","smoking":"no"}},"geometry":{"type":"Point","coordinates":[11.9703394,57.6963721]}},{"type":"Feature","properties":{"id":5775053057,"osm_type":"node","name":"Viktors Kaffe","category":"restaurant","tags":{"amenity":"cafe","name":"Viktors Kaffe","smoking":"no","toilets:wheelchair":"no","wheelchair":"yes"}},"geometry":{"type":"Point","coordinates":[11.9781111,57.6973988]}},{"type":"Feature","properties":{"id":5794671754,"osm_type":"node","name":"Runegård & Hvit","category":"restaurant","tags":{"addr:city":"Göteborg","addr:country":"SE","addr:housenumber":"16 B","addr:street":"Frihamnen","amenity":"restaurant","name":"Runegård & Hvit","payment:cryptocurrencies":"no","smoking":"no"}},"geometry":{"type":"Point","coordinates":[11.9606884,57.7155816]}},{"type":"Feature","properties":{"id":5797973645,"osm_type":"node","name":"Bon Bon Bar","category":"restaurant","tags":{"amenity":"pub","name":"Bon Bon Bar","smoking":"no"}},"geometry":{"type":"Point","coordinates":[11.9746948,57.7078101]}},{"type":"Feature","properties":{"id":5797973646,"osm_type":"node","name":"Post Bar","category":"restaurant","tags":{"amenity":"pub","name":"Post Bar","smoking":"no"}},"geometry":{"type":"Point","coordinates":[11.9743485,57.7082787]}},{"type":"Feature","properties":{"id":5804752666,"osm_type":"node","name":"Sannegården Åby Pizzeria","category":"restaurant","tags":{"addr:city":"Mölndal","addr:housenumber":"35","addr:postcode":"431 44","addr:street":"Frölundagatan","amenity":"fast_food","contact:email":"info@abypizzeria.se","contact:phone":"+46 31 706 90 90","contact:website":"https://abypizzeria.se/","cuisine":"pizza","name":"Sannegården Åby Pizzeria","opening_hours":"Mo-Fr 11:00-21:00; Sa-Su 12:00-21:00","operator":"Sannegårdens Pizzeria","takeaway":"yes","wheelchair":"yes"}},"geometry":{"type":"Point","coordinates":[12.0045832,57.6538901]}},{"type":"Feature","properties":{"id":5804752671,"osm_type":"node","name":"Café Vägen","category":"restaurant","tags":{"amenity":"cafe","contact:facebook":"https://www.facebook.com/cafevagen","contact:instagram":"https://www.instagram.com/cafevagen","contact:phone":"+46 31270030","name":"Café Vägen","opening_hours":"Mo-Fr 07:00-15:00"}},"geometry":{"type":"Point","coordinates":[12.0063427,57.6544383]}},{"type":"Feature","properties":{"id":5810278864,"osm_type":"node","name":"Jenin Grill","category":"restaurant","tags":{"addr:city":"Göteborg","addr:country":"SE","addr:housenumber":"6","addr:postcode":"417 05","addr:street":"Magnetgatan","amenity":"restaurant","cuisine":"lebanese","name":"Jenin Grill","opening_hours":"Mo-Th 11:00-20:00, Fr 11:00-21:00, Sa 12:00-21:00, Su 12:00-20:00","outdoor_seating":"no","payment:cryptocurrencies":"no","smoking":"no","takeaway":"yes"}},"geometry":{"type":"Point","coordinates":[11.9485532,57.7281174]}},{"type":"Feature","properties":{"id":5817343777,"osm_type":"node","name":"Gabriels Lunchcafé","category":"restaurant","tags":{"addr:city":"Göteborg","addr:housenumber":"22","addr:postcode":"413 28","addr:street":"Värmlandsgatan","amenity":"restaurant","cuisine":"ethiopian","diet:vegan":"yes","diet:vegetarian":"yes","indoor_seating":"yes","name":"Gabriels Lunchcafé","opening_hours":"Mo-Fr 11:00-14:30; Sa,Su off","outdoor_seating":"no"}},"geometry":{"type":"Point","coordinates":[11.9468903,57.6982603]}},{"type":"Feature","properties":{"id":5817343778,"osm_type":"node","name":"Falafel House","category":"restaurant","tags":{"addr:city":"Göteborg","addr:housenumber":"20","addr:postcode":"413 28","addr:street":"Värmlandsgatan","amenity":"restaurant","contact:instagram":"https://www.instagram.com/falafelhousegothenburg","contact:phone":"+46 31 313 15 40","cuisine":"arab","diet:vegan":"yes","diet:vegetarian":"yes","indoor_seating":"yes","name":"Falafel House","opening_hours":"Mo-Sa 11:00-21:00; Su 12:00-21:00","outdoor_seating":"no","payment:cash":"yes","payment:credit_cards":"yes","payment:cryptocurrencies":"no","payment:debit_cards":"yes","smoking":"no","toilets":"yes","wheelchair":"no"}},"geometry":{"type":"Point","coordinates":[11.9467589,57.6985728]}},{"type":"Feature","properties":{"id":5817343779,"osm_type":"node","name":"Yalla Yalla","category":"restaurant","tags":{"addr:city":"Göteborg","addr:country":"SE","addr:housenumber":"29","addr:postcode":"413 28","addr:street":"Tredje Långgatan","amenity":"restaurant","contact:phone":"+46 31 140 08 4","contact:website:menu":"https://yalla-yalla.se/meny/","diet:vegan":"yes","diet:vegetarian":"yes","indoor_seating":"yes","name":"Yalla Yalla","opening_hours":"Mo-Tu off; We-Th 16:00-21:00; Fr 17:00-23:00; Sa 15:00-23:00; Su 14:00-21:00","outdoor_seating":"no","payment:cash":"yes","payment:credit_cards":"yes","payment:cryptocurrencies":"no","payment:debit_cards":"yes","reservation":"yes","smoking":"no"}},"geometry":{"type":"Point","coordinates":[11.9471821,57.6984242]}},{"type":"Feature","properties":{"id":5819794232,"osm_type":"node","name":"Café Hedvalls","category":"restaurant","tags":{"amenity":"cafe","indoor_seating":"yes","name":"Café Hedvalls","opening_hours":"Mo-Th 08:00-15:15; Fr 08:00-15:00","outdoor_seating":"no","payment:cash":"no","payment:chalmers":"yes","payment:credit_cards":"yes","payment:debit_cards":"yes","smoking":"no","website":"https://chalmerskonferens.se/restauranger/johanneberg/cafehedvalls/"}},"geometry":{"type":"Point","coordinates":[11.9775443,57.6910113]}},{"type":"Feature","properties":{"id":5819794233,"osm_type":"node","name":"Kårrestaurangen","category":"restaurant","tags":{"amenity":"restaurant","check_date":"2025-05-27","check_date:opening_hours":"2025-05-27","diet:vegan":"yes","diet:vegetarian":"yes","indoor_seating":"yes","name":"Kårrestaurangen","opening_hours":"Mo-Fr 11:00-13:30","outdoor_seating":"no","payment:cash":"no","payment:chalmers":"yes","payment:cryptocurrencies":"no","payment:mastercard":"yes","payment:visa":"yes","smoking":"no","website":"https://chalmerskonferens.se/restauranger/johanneberg/karrestaurangen/","wheelchair":"yes"}},"geometry":{"type":"Point","coordinates":[11.9749211,57.6884164]}},{"type":"Feature","properties":{"id":5819804787,"osm_type":"node","name":"Wijkanders","category":"restaurant","tags":{"addr:city":"Göteborg","addr:country":"SE","addr:housenumber":"5B","addr:street":"Vera Sandbergs Allé","amenity":"restaurant","contact:email":"bokning@wijkanders.se","contact:instagram":"https://www.instagram.com/restaurang_wijkanders","contact:phone":"+46 31 772 39 80","contact:website":"https://chalmerskonferens.se/restauranger/johanneberg/wijkanders/","diet:vegetarian":"yes","name":"Wijkanders","opening_hours":"Mo-Fr 11:00-14:00","payment:cash":"no","payment:chalmers":"yes","payment:cryptocurrencies":"no","payment:mastercard":"yes","payment:visa":"yes","smoking":"no"}},"geometry":{"type":"Point","coordinates":[11.975479,57.6925785]}},{"type":"Feature","properties":{"id":5820568329,"osm_type":"node","name":"Hubben","category":"restaurant","tags":{"addr:city":"Göteborg","addr:country":"SE","addr:street":"Maskingränd","amenity":"pub","name":"Hubben","operator":"IT sektionen","smoking":"no"}},"geometry":{"type":"Point","coordinates":[11.9792741,57.6883351]}},{"type":"Feature","properties":{"id":5829753045,"osm_type":"node","name":"Lemona Sushi","category":"restaurant","tags":{"amenity":"restaurant","cuisine":"sushi","indoor_seating":"yes","name":"Lemona Sushi","outdoor_seating":"yes","payment:cryptocurrencies":"no","smoking":"no"}},"geometry":{"type":"Point","coordinates":[11.9193962,57.6937914]}},{"type":"Feature","properties":{"id":5842738585,"osm_type":"node","name":"Tony's Coffeebar","category":"restaurant","tags":{"addr:city":"Göteborg","addr:country":"SE","addr:housenumber":"35","addr:street":"Skånegatan","amenity":"cafe","diet:vegetarian":"yes","name":"Tony's Coffeebar","opening_hours":"Mo-Su 09:00-16:00","smoking":"no"}},"geometry":{"type":"Point","coordinates":[11.9862452,57.6975466]}},{"type":"Feature","properties":{"id":5844200321,"osm_type":"node","name":"Vietnamnhaket","category":"restaurant","tags":{"amenity":"restaurant","cuisine":"asian","indoor_seating":"yes","name":"Vietnamnhaket","outdoor_seating":"yes","payment:cryptocurrencies":"no","smoking":"no","wheelchair":"yes"}},"geometry":{"type":"Point","coordinates":[11.950012,57.6981193]}},{"type":"Feature","properties":{"id":5844200322,"osm_type":"node","name":"Salladsbaren Grönt & Gott","category":"restaurant","tags":{"addr:city":"Göteborg","addr:country":"SE","addr:housenumber":"28","addr:postcode":"413 06","addr:street":"Nordhemsgatan","amenity":"restaurant","contact:facebook":"https://www.facebook.com/sallad.gront.gott/","contact:instagram":"https://www.instagram.com/salladsbarengrontgott","contact:phone":"+46 70 820 35 90","name":"Salladsbaren Grönt & Gott","opening_hours":"Mo-Fr 10:00-16:00; Sa 11:30-16:00; Su off","payment:cash":"yes","payment:credit_cards":"yes","payment:cryptocurrencies":"no","payment:debit_cards":"yes","smoking":"no"}},"geometry":{"type":"Point","coordinates":[11.9499637,57.6982182]}},{"type":"Feature","properties":{"id":5844200323,"osm_type":"node","name":"Ma’ Delihouse","category":"restaurant","tags":{"amenity":"restaurant","name":"Ma’ Delihouse","payment:cryptocurrencies":"no","smoking":"no","toilets:wheelchair":"yes","wheelchair":"yes"}},"geometry":{"type":"Point","coordinates":[11.9499262,57.6983114]}},{"type":"Feature","properties":{"id":5868853885,"osm_type":"node","name":"SmokeBox","category":"restaurant","tags":{"amenity":"restaurant","name":"SmokeBox","payment:cryptocurrencies":"no","smoking":"no"}},"geometry":{"type":"Point","coordinates":[11.9563005,57.7017304]}},{"type":"Feature","properties":{"id":5878452311,"osm_type":"node","name":"Kalles gatukök","category":"restaurant","tags":{"amenity":"fast_food","cuisine":"burger;pizza","drive_through":"no","name":"Kalles gatukök","outdoor_seating":"yes","smoking":"no","takeaway":"yes"}},"geometry":{"type":"Point","coordinates":[11.9027383,57.6547385]}},{"type":"Feature","properties":{"id":5885280111,"osm_type":"node","name":"Angereds värdshus","category":"restaurant","tags":{"amenity":"restaurant","cuisine":"pizza","name":"Angereds värdshus","smoking":"no"}},"geometry":{"type":"Point","coordinates":[12.046519,57.7906178]}},{"type":"Feature","properties":{"id":5885280181,"osm_type":"node","name":"Chwar CHRA KB","category":"restaurant","tags":{"addr:city":"Angered","addr:country":"SE","addr:housenumber":"11","addr:postcode":"424 65","addr:street":"Spadegatan","amenity":"restaurant","cuisine":"middle_eastern","name":"Chwar CHRA KB","smoking":"no"}},"geometry":{"type":"Point","coordinates":[12.0430808,57.7927916]}},{"type":"Feature","properties":{"id":5893708278,"osm_type":"node","name":"","category":"restaurant","tags":{"amenity":"cafe","smoking":"no"}},"geometry":{"type":"Point","coordinates":[12.0047387,57.7152276]}},{"type":"Feature","properties":{"id":5893750103,"osm_type":"node","name":"Brogyllen Mölndals Innerstad","category":"restaurant","tags":{"addr:city":"Mölndal","addr:country":"SE","addr:housenumber":"7","addr:postcode":"431 30","addr:street":"Medborgaregatan","amenity":"cafe","cuisine":"coffee_shop","name":"Brogyllen Mölndals Innerstad"}},"geometry":{"type":"Point","coordinates":[12.0134236,57.6557078]}},{"type":"Feature","properties":{"id":5893750104,"osm_type":"node","name":"Kabul Darbar","category":"restaurant","tags":{"addr:city":"Mölndal","addr:country":"SE","addr:housenumber":"5","addr:postcode":"431 30","addr:street":"Medborgaregatan","amenity":"restaurant","cuisine":"afghan","name":"Kabul Darbar","payment:cryptocurrencies":"no"}},"geometry":{"type":"Point","coordinates":[12.0134562,57.655649]}},{"type":"Feature","properties":{"id":5893750105,"osm_type":"node","name":"Fiskhallen","category":"restaurant","tags":{"amenity":"restaurant","cuisine":"seafood","name":"Fiskhallen","payment:cryptocurrencies":"no"}},"geometry":{"type":"Point","coordinates":[12.0135506,57.6555237]}},{"type":"Feature","properties":{"id":5893750107,"osm_type":"node","name":"Sushi Mölndal","category":"restaurant","tags":{"amenity":"restaurant","name":"Sushi Mölndal","payment:cryptocurrencies":"no"}},"geometry":{"type":"Point","coordinates":[12.0136288,57.6565758]}},{"type":"Feature","properties":{"id":5893750110,"osm_type":"node","name":"Isak & Berg","category":"restaurant","tags":{"amenity":"cafe","cuisine":"coffee_shop","name":"Isak & Berg"}},"geometry":{"type":"Point","coordinates":[12.0138215,57.6556388]}},{"type":"Feature","properties":{"id":5921311368,"osm_type":"node","name":"Södra Porten","category":"restaurant","tags":{"amenity":"restaurant","name":"Södra Porten","opening_hours":"Mo-Fr 07:30-15:00","payment:cryptocurrencies":"no","website":"https://www.compass-group.se/restauranger/Sodra-Porten-Molndal-/"}},"geometry":{"type":"Point","coordinates":[12.0169589,57.6664261]}},{"type":"Feature","properties":{"id":5953430285,"osm_type":"node","name":"Silvis restaurang","category":"restaurant","tags":{"amenity":"restaurant","contact:phone":"+4631242324","contact:website":"http://www.silvis.nu","cuisine":"international;oriental","diet:vegan":"yes","diet:vegetarian":"yes","drink:coffee":"yes","name":"Silvis restaurang","payment:cryptocurrencies":"no","smoking":"no"}},"geometry":{"type":"Point","coordinates":[11.9493868,57.6995209]}},{"type":"Feature","properties":{"id":5961707962,"osm_type":"node","name":"Restaurang Silverkällan","category":"restaurant","tags":{"addr:city":"Göteborg","addr:country":"SE","addr:housenumber":"31","addr:postcode":"414 72","addr:street":"Älvsborgsgatan","amenity":"restaurant","name":"Restaurang Silverkällan","payment:cryptocurrencies":"no","smoking":"no"}},"geometry":{"type":"Point","coordinates":[11.9175839,57.6863738]}},{"type":"Feature","properties":{"id":5961922293,"osm_type":"node","name":"Oscar & den lille","category":"restaurant","tags":{"amenity":"restaurant","contact:website":"http://oscarodenlille.se/","cuisine":"sandwich","name":"Oscar & den lille","payment:cryptocurrencies":"no","smoking":"no"}},"geometry":{"type":"Point","coordinates":[11.9681883,57.7036571]}},{"type":"Feature","properties":{"id":5978552543,"osm_type":"node","name":"Göteburgare Grill & Bar","category":"restaurant","tags":{"addr:city":"Göteborg","addr:housenumber":"30","addr:postcode":"413 27","addr:street":"Andra Långgatan","amenity":"restaurant","email":"info@goteburgare.com","name":"Göteburgare Grill & Bar","opening_hours":"Su-Th 14:00-23:30, Fr,Sa 12:00-01:00","payment:cash":"yes","payment:credit_cards":"yes","payment:cryptocurrencies":"no","payment:debit_cards":"yes","phone":"+46 31 516 64 4","smoking":"no","website":"https://www.goteburgare.com/","website:menu":"https://www.goteburgare.com/meny-goteburgure"}},"geometry":{"type":"Point","coordinates":[11.9454016,57.6987515]}},{"type":"Feature","properties":{"id":5978552544,"osm_type":"node","name":"Kvartersscenen 2Lång","category":"restaurant","tags":{"addr:city":"Göteborg","addr:housenumber":"30","addr:postcode":"413 27","addr:street":"Andra Långgatan","air_conditioning":"yes","amenity":"restaurant","bar":"yes","contact:email":"info@2lang.se","contact:facebook":"https://www.facebook.com/kvartersscen","contact:instagram":"https://www.instagram.com/2lang30","contact:phone":"+46 70 441 82 16","contact:twitter":"https://twitter.com/2lang30","contact:website":"https://2lang.se","contact:website:menu":"https://2lang.se/mat-dryck/","name":"Kvartersscenen 2Lång","opening_hours":"Mo-We off; Th-Su 18:00-23:00","payment:cash":"yes","payment:credit_cards":"yes","payment:cryptocurrencies":"no","payment:debit_cards":"yes","smoking":"no","wheelchair":"yes"}},"geometry":{"type":"Point","coordinates":[11.9452608,57.6987393]}},{"type":"Feature","properties":{"id":5983045720,"osm_type":"node","name":"Gaffelkonst","category":"restaurant","tags":{"amenity":"restaurant","name":"Gaffelkonst","payment:cryptocurrencies":"no","smoking":"no"}},"geometry":{"type":"Point","coordinates":[11.979088,57.7053556]}},{"type":"Feature","properties":{"id":6002665961,"osm_type":"node","name":"da Matteo Magasinsgatan","category":"restaurant","tags":{"addr:city":"Göteborg","addr:country":"SE","addr:housenumber":"17","addr:postcode":"41118","addr:street":"Magasinsgatan","addr:unit":"A","amenity":"cafe","check_date":"2023-07-15","contact:phone":"+46 31 13 05 15","contact:website":"https://damatteo.se/pages/test","craft":"coffee_roaster","cuisine":"bakery","diet:vegan":"yes","diet:vegetarian":"yes","indoor_seating":"yes","internet_access":"wlan","internet_access:fee":"customers","name":"da Matteo Magasinsgatan","opening_hours":"Mo-We 07:30-18:00; Th-Fr 07:30-19:30; Sa 08:00-19:30; Su 09:00-18:00","outdoor_seating":"yes","payment:credit_cards":"yes","payment:debit_cards":"yes","smoking":"no","wheelchair":"yes"}},"geometry":{"type":"Point","coordinates":[11.9622602,57.7027798]}},{"type":"Feature","properties":{"id":6002985391,"osm_type":"node","name":"Dr Fries Pizzeria","category":"restaurant","tags":{"addr:city":"Göteborg","addr:country":"SE","addr:postcode":"413 23","addr:street":"Doktor Fries Torg","amenity":"restaurant","bar":"no","contact:instagram":"dr_fries_pizzeria","contact:phone":"+4631-413895","cuisine":"pizza","diet:vegetarian":"yes","indoor_seating":"yes","name":"Dr Fries Pizzeria","opening_hours":"Mo-Th 11:00-21:00; Fr 11:00-22:00; Sa 12:00-22:00; Su 12:00-21:00","outdoor_seating":"no","payment:cryptocurrencies":"no","payment:mastercard":"yes","payment:visa":"yes","smoking":"no"}},"geometry":{"type":"Point","coordinates":[11.9719728,57.6837443]}},{"type":"Feature","properties":{"id":6002985395,"osm_type":"node","name":"Mr Sushi & Café","category":"restaurant","tags":{"amenity":"restaurant","cuisine":"sushi","microbrewery":"no","name":"Mr Sushi & Café","opening_hours":"Mo-Fr 11:00-20:00; Sa 12:00-20:00; Su off","payment:cryptocurrencies":"no","payment:mastercard":"yes","payment:visa":"yes","phone":"+46 73 579 33 53","smoking":"no","website":"https://mrsushicafe.se/meny"}},"geometry":{"type":"Point","coordinates":[11.972368,57.6839634]}},{"type":"Feature","properties":{"id":6004226279,"osm_type":"node","name":"Glenn's","category":"restaurant","tags":{"amenity":"pub","name":"Glenn's","smoking":"no","wheelchair":"limited"}},"geometry":{"type":"Point","coordinates":[12.0129367,57.7303318]}},{"type":"Feature","properties":{"id":6092626271,"osm_type":"node","name":"Johanneberg Sushi","category":"restaurant","tags":{"addr:city":"Göteborg","addr:country":"SE","addr:housenumber":"1","addr:postcode":"412 59","addr:street":"Örnehufvudsgatan","amenity":"restaurant","contact:phone":"+4631160088","contact:website":"https://johannebergsushi.se/","cuisine":"sushi","diet:vegan":"yes","diet:vegetarian":"yes","indoor_seating":"yes","name":"Johanneberg Sushi","opening_hours":"Mo-Fr 14:00-20:00; Sa-Su 12:00-20:00","outdoor_seating":"yes","payment:cryptocurrencies":"no","smoking":"no"}},"geometry":{"type":"Point","coordinates":[11.9842359,57.6885285]}},{"type":"Feature","properties":{"id":6105411591,"osm_type":"node","name":"Hawler Bakeshop","category":"restaurant","tags":{"amenity":"cafe","name":"Hawler Bakeshop","outdoor_seating":"no","smoking":"no"}},"geometry":{"type":"Point","coordinates":[12.049907,57.7955928]}},{"type":"Feature","properties":{"id":6105411595,"osm_type":"node","name":"Döner King","category":"restaurant","tags":{"amenity":"restaurant","delivery":"no","diet:vegetarian":"yes","name":"Döner King","outdoor_seating":"no","smoking":"no"}},"geometry":{"type":"Point","coordinates":[12.0499677,57.7958793]}},{"type":"Feature","properties":{"id":6105411597,"osm_type":"node","name":"Café Bueno","category":"restaurant","tags":{"amenity":"cafe","diet:vegetarian":"yes","name":"Café Bueno","outdoor_seating":"no","smoking":"no"}},"geometry":{"type":"Point","coordinates":[12.0502827,57.7963188]}},{"type":"Feature","properties":{"id":6105411605,"osm_type":"node","name":"Guled Capital Café","category":"restaurant","tags":{"amenity":"cafe","name":"Guled Capital Café","outdoor_seating":"no","smoking":"no"}},"geometry":{"type":"Point","coordinates":[12.051525,57.7972788]}},{"type":"Feature","properties":{"id":6129112405,"osm_type":"node","name":"Indian Bites","category":"restaurant","tags":{"addr:city":"Göteborg","addr:country":"SE","addr:housenumber":"27","addr:postcode":"414 73","addr:street":"Fridhemsgatan","amenity":"restaurant","name":"Indian Bites","opening_hours":"Mo-Fr 11:00-21:00; Sa,Su 13:00-21:00","website":"https://www.indianbites.se/"}},"geometry":{"type":"Point","coordinates":[11.9138211,57.6834468]}},{"type":"Feature","properties":{"id":6129112406,"osm_type":"node","name":"Pilens Grill House","category":"restaurant","tags":{"addr:city":"Göteborg","addr:housenumber":"10","addr:postcode":"414 74","addr:street":"Orustgatan","amenity":"restaurant","name":"Pilens Grill House","payment:cryptocurrencies":"no","smoking":"no","website":"https://www.pilensgrillhouse.se/"}},"geometry":{"type":"Point","coordinates":[11.9092184,57.6840117]}},{"type":"Feature","properties":{"id":6141167039,"osm_type":"node","name":"Briljant Pizzeria","category":"restaurant","tags":{"addr:city":"Västra Frölunda","addr:country":"SE","addr:housenumber":"1","addr:postcode":"42148","addr:street":"Safirgatan","amenity":"restaurant","contact:phone":"+46 31 475057","cuisine":"pizza","name":"Briljant Pizzeria","opening_hours":"Mo-Fr 11:00-22:00; Sa,Su 12:00-22:00","smoking":"no"}},"geometry":{"type":"Point","coordinates":[11.9048908,57.6462059]}},{"type":"Feature","properties":{"id":6161226413,"osm_type":"node","name":"Via Luna Pizzeria","category":"restaurant","tags":{"amenity":"restaurant","cuisine":"pizza","name":"Via Luna Pizzeria"}},"geometry":{"type":"Point","coordinates":[12.0530413,57.7149177]}},{"type":"Feature","properties":{"id":6183338429,"osm_type":"node","name":"Sushi Yama","category":"restaurant","tags":{"addr:city":"Göteborg","addr:housenumber":"1","addr:postcode":"411 21","addr:street":"Stenpiren","air_conditioning":"yes","amenity":"restaurant","brand":"Sushi Yama","brand:wikidata":"Q31897009","check_date":"2024-06-07","cuisine":"japanese","email":"konsument@sushiyama.se","indoor_seating":"yes","level":"0","name":"Sushi Yama","opening_hours":"11:00-22:00","outdoor_seating":"no","payment:cash":"yes","payment:credit_cards":"yes","payment:cryptocurrencies":"no","phone":"+46 31 796 01 10","smoking":"no","wheelchair":"yes"}},"geometry":{"type":"Point","coordinates":[11.9572283,57.7062108]}},{"type":"Feature","properties":{"id":6183338430,"osm_type":"node","name":"Il Capitano","category":"restaurant","tags":{"amenity":"cafe","indoor_seating":"yes","level":"0","name":"Il Capitano","old_name":"Coffeehouse By George","outdoor_seating":"no","smoking":"no","wheelchair":"yes"}},"geometry":{"type":"Point","coordinates":[11.9574523,57.7060606]}},{"type":"Feature","properties":{"id":6208070477,"osm_type":"node","name":"Hvitfeldtska/IHGR Bamba","category":"restaurant","tags":{"addr:city":"Göteborg","addr:country":"SE","addr:street":"Rektorsgatan","amenity":"restaurant","indoor_seating":"yes","name":"Hvitfeldtska/IHGR Bamba","outdoor_seating":"no","payment:cryptocurrencies":"no","smoking":"no"}},"geometry":{"type":"Point","coordinates":[11.9744625,57.6951221]}},{"type":"Feature","properties":{"id":6278808969,"osm_type":"node","name":"John Scotts Mölndal","category":"restaurant","tags":{"amenity":"restaurant","name":"John Scotts Mölndal","payment:cryptocurrencies":"no","website":"https://johnscotts.se/molndal/","wheelchair":"yes"}},"geometry":{"type":"Point","coordinates":[12.0121941,57.6549208]}},{"type":"Feature","properties":{"id":6278808970,"osm_type":"node","name":"Osmans Turkisk Meze och Grill","category":"restaurant","tags":{"addr:city":"Mölndal","addr:country":"SE","addr:housenumber":"17","addr:postcode":"431 30","addr:street":"Brogatan","amenity":"restaurant","cuisine":"turkish","name":"Osmans Turkisk Meze och Grill","payment:cryptocurrencies":"no","website":"https://molndal.tonysrestaurang.se/"}},"geometry":{"type":"Point","coordinates":[12.0125374,57.6550184]}},{"type":"Feature","properties":{"id":6278808971,"osm_type":"node","name":"Tacobar","category":"restaurant","tags":{"addr:city":"Mölndal","addr:country":"SE","addr:housenumber":"2","addr:postcode":"431 31","addr:street":"Nygatan","amenity":"restaurant","cuisine":"mexican","name":"Tacobar","payment:cryptocurrencies":"no","website":"https://tacobar.se/restauranger/molndal-galleria/"}},"geometry":{"type":"Point","coordinates":[12.0148977,57.6553083]}},{"type":"Feature","properties":{"id":6302316120,"osm_type":"node","name":"","category":"restaurant","tags":{"amenity":"cafe","smoking":"no"}},"geometry":{"type":"Point","coordinates":[12.0721003,57.756445]}},{"type":"Feature","properties":{"id":6341709078,"osm_type":"node","name":"Hjällbo Pizzeria","category":"restaurant","tags":{"amenity":"fast_food","cuisine":"pizza","drive_through":"no","name":"Hjällbo Pizzeria"}},"geometry":{"type":"Point","coordinates":[12.0210997,57.7688977]}},{"type":"Feature","properties":{"id":6387933449,"osm_type":"node","name":"Hälsobaren Sushi","category":"restaurant","tags":{"addr:city":"Göteborg","addr:country":"SE","addr:housenumber":"1A","addr:postcode":"413 01","addr:street":"Mellangatan","addr:unit":"A","amenity":"restaurant","contact:phone":"+46 31 - 70 17 000","cuisine":"sushi","name":"Hälsobaren Sushi","opening_hours":"Mo-Fr 11:00-21:00; Sa 12:00-19:00","outdoor_seating":"no","payment:cryptocurrencies":"no","smoking":"no","takeaway":"yes"}},"geometry":{"type":"Point","coordinates":[11.9544673,57.699795]}},{"type":"Feature","properties":{"id":6397137106,"osm_type":"node","name":"Vita duvan","category":"restaurant","tags":{"amenity":"restaurant","check_date":"2026-05-08","check_date:opening_hours":"2026-05-08","cuisine":"wine;coffee_shop;swedish","name":"Vita duvan","opening_hours":"Mo-Fr 11:30-01:00, Sa,Su 13:00-01:00","payment:credit_cards":"yes","payment:cryptocurrencies":"no","payment:debit_cards":"yes","smoking":"no","website":"https://wolfgangvincafe.se/"}},"geometry":{"type":"Point","coordinates":[11.9648427,57.7028373]}},{"type":"Feature","properties":{"id":6432918589,"osm_type":"node","name":"Benjamins Bistro Café","category":"restaurant","tags":{"addr:city":"Göteborg","addr:housenumber":"40","addr:postcode":"411 07","addr:street":"Östra Hamngatan","amenity":"restaurant","cuisine":"swedish;mediterranean","layer":"1","level":"1","name":"Benjamins Bistro Café","opening_hours":"Mo-Fr 11:00-20:00; Sa 12:00-18:00; Su 12:00-17:00","payment:cryptocurrencies":"no","phone":"+46 31 134 887","smoking":"no","website":"https://www.benjamins.se/"}},"geometry":{"type":"Point","coordinates":[11.9688621,57.7061508]}},{"type":"Feature","properties":{"id":6448657233,"osm_type":"node","name":"Caffé la Torre","category":"restaurant","tags":{"addr:housenumber":"42","addr:street":"Lindholmshamnen","amenity":"cafe","check_date":"2024-06-12","name":"Caffé la Torre","opening_hours":"Mo-Fr 07:00-16:00; Sa-Su off","payment:cash":"yes","payment:credit_cards":"yes","payment:debit_cards":"yes","phone":"+46 73 673 65 93","smoking":"no"}},"geometry":{"type":"Point","coordinates":[11.9415432,57.7080507]}},{"type":"Feature","properties":{"id":6448657234,"osm_type":"node","name":"Piazzarella","category":"restaurant","tags":{"amenity":"restaurant","check_date":"2025-03-26","cuisine":"pizza","name":"Piazzarella","payment:cryptocurrencies":"no","smoking":"no","website":"https://piazzarella.se/"}},"geometry":{"type":"Point","coordinates":[11.941908,57.7081582]}},{"type":"Feature","properties":{"id":6448659492,"osm_type":"node","name":"Ha Long Bay","category":"restaurant","tags":{"amenity":"restaurant","cuisine":"asian","diet:vegan":"yes","diet:vegetarian":"yes","indoor_seating":"yes","name":"Ha Long Bay","opening_hours":"Mo-Fr 11:00-14:30","outdoor_seating":"yes"}},"geometry":{"type":"Point","coordinates":[11.9400036,57.7059615]}},{"type":"Feature","properties":{"id":6448659493,"osm_type":"node","name":"Backa EAT","category":"restaurant","tags":{"amenity":"restaurant","contact:phone":"+46 31 50 88 00","diet:vegan":"yes","name":"Backa EAT","payment:cryptocurrencies":"no","smoking":"no"}},"geometry":{"type":"Point","coordinates":[11.9359133,57.7059185]}},{"type":"Feature","properties":{"id":6448660125,"osm_type":"node","name":"Pier Eleven","category":"restaurant","tags":{"amenity":"restaurant","cuisine":"regional","name":"Pier Eleven","payment:cryptocurrencies":"no","smoking":"no"}},"geometry":{"type":"Point","coordinates":[11.9419,57.7047935]}},{"type":"Feature","properties":{"id":6466711887,"osm_type":"node","name":"Falafel mästaren","category":"restaurant","tags":{"amenity":"fast_food","contact:phone":"+46 73 486 69 45","cuisine":"kebab","diet:vegan":"yes","diet:vegetarian":"yes","drive_through":"no","name":"Falafel mästaren","name:en":"The Falafel Master","name:sv":"Falafel Mästaren","opening_hours":"11:00-19:00","payment:swish":"yes","short_name":"Falafel Mästaren","takeaway":"only"}},"geometry":{"type":"Point","coordinates":[12.0218076,57.7316867]}},{"type":"Feature","properties":{"id":6486265301,"osm_type":"node","name":"Station 16","category":"restaurant","tags":{"amenity":"restaurant","contact:website":"https://station16.se/","name":"Station 16","payment:cryptocurrencies":"no","smoking":"no"}},"geometry":{"type":"Point","coordinates":[11.949911,57.6985826]}},{"type":"Feature","properties":{"id":6534764853,"osm_type":"node","name":"","category":"restaurant","tags":{"amenity":"cafe","indoor_seating":"yes","outdoor_seating":"yes"}},"geometry":{"type":"Point","coordinates":[11.8551882,57.6617534]}},{"type":"Feature","properties":{"id":6558119002,"osm_type":"node","name":"I Thai","category":"restaurant","tags":{"amenity":"restaurant","cuisine":"thai","name":"I Thai","payment:cryptocurrencies":"no","smoking":"no"}},"geometry":{"type":"Point","coordinates":[12.0153657,57.7013022]}},{"type":"Feature","properties":{"id":6558119003,"osm_type":"node","name":"La Beban","category":"restaurant","tags":{"amenity":"restaurant","cuisine":"pizza","name":"La Beban","payment:cryptocurrencies":"no","smoking":"no"}},"geometry":{"type":"Point","coordinates":[12.015257,57.701338]}},{"type":"Feature","properties":{"id":6559558035,"osm_type":"node","name":"The Hive","category":"restaurant","tags":{"amenity":"food_court","name":"The Hive","opening_hours":"Mo-Fr 07:30-18:00","outdoor_seating":"yes","smoking":"no","website":"https://thehivefoodmarket.se/"}},"geometry":{"type":"Point","coordinates":[11.8588487,57.729119]}},{"type":"Feature","properties":{"id":6574380460,"osm_type":"node","name":"BENNE Pastabar","category":"restaurant","tags":{"addr:city":"Göteborg","addr:country":"SE","addr:housenumber":"7","addr:street":"Långängen","amenity":"restaurant","cuisine":"pasta","email":"letsgo@bennepastabar.se","name":"BENNE Pastabar","opening_hours":"Mo-Fr 11:00-20:00; Sa 12:00-20:00; Su 12:00-20:00","payment:cryptocurrencies":"no","phone":"+46-31-131497","planned:amenity":"restaurant","smoking":"no","website":"https://bennepastabar.se/"}},"geometry":{"type":"Point","coordinates":[11.9464471,57.7219712]}},{"type":"Feature","properties":{"id":6574413483,"osm_type":"node","name":"Food Labs by Tilda","category":"restaurant","tags":{"addr:city":"Göteborg","addr:country":"SE","addr:housenumber":"6","addr:street":"Gustaf Dalénsgatan","amenity":"restaurant","contact:phone":"+46 31 53 12 13","indoor_seating":"yes","name":"Food Labs by Tilda","opening_hours":"Tu-Th 17:00-23:00, Fr 17:00-01:00, Sa 16:00-01:00, Su 14:00-22:00","outdoor_seating":"yes","payment:cryptocurrencies":"no","smoking":"no"}},"geometry":{"type":"Point","coordinates":[11.9448364,57.721294]}},{"type":"Feature","properties":{"id":6612880200,"osm_type":"node","name":"John Scott´s","category":"restaurant","tags":{"amenity":"pub","name":"John Scott´s","smoking":"no"}},"geometry":{"type":"Point","coordinates":[11.97924,57.7063044]}},{"type":"Feature","properties":{"id":6651366250,"osm_type":"node","name":"Café Gazette","category":"restaurant","tags":{"amenity":"cafe","name":"Café Gazette","smoking":"no","wheelchair":"yes"}},"geometry":{"type":"Point","coordinates":[11.9559903,57.7020354]}},{"type":"Feature","properties":{"id":6665820485,"osm_type":"node","name":"Hos Anna","category":"restaurant","tags":{"amenity":"restaurant","cuisine":"swedish","name":"Hos Anna","payment:cryptocurrencies":"no","smoking":"no"}},"geometry":{"type":"Point","coordinates":[11.9638501,57.7033445]}},{"type":"Feature","properties":{"id":6716377787,"osm_type":"node","name":"Bamba","category":"restaurant","tags":{"amenity":"restaurant","name":"Bamba","payment:cryptocurrencies":"no","smoking":"no"}},"geometry":{"type":"Point","coordinates":[11.9382755,57.695547]}},{"type":"Feature","properties":{"id":6732712835,"osm_type":"node","name":"","category":"restaurant","tags":{"amenity":"cafe","smoking":"no"}},"geometry":{"type":"Point","coordinates":[12.0318492,57.7530152]}},{"type":"Feature","properties":{"id":6755616562,"osm_type":"node","name":"Café Liba","category":"restaurant","tags":{"amenity":"cafe","name":"Café Liba","opening_hours":"Mo-Fr 07:00-23:00; Sa-Su 08:00-23:00","payment:cryptocurrencies":"no","shop":"bakery","website":"https://www.cafeliba.se/"}},"geometry":{"type":"Point","coordinates":[12.0106714,57.7533032]}},{"type":"Feature","properties":{"id":7057923085,"osm_type":"node","name":"Amoshi","category":"restaurant","tags":{"amenity":"restaurant","cuisine":"sushi","name":"Amoshi","payment:cryptocurrencies":"no","smoking":"no"}},"geometry":{"type":"Point","coordinates":[11.9699446,57.7055027]}},{"type":"Feature","properties":{"id":7077915853,"osm_type":"node","name":"Marsala","category":"restaurant","tags":{"addr:city":"Göteborg","addr:housenumber":"2","addr:postcode":"414 54","addr:street":"Chapmans Torg","amenity":"restaurant","indoor_seating":"yes","name":"Marsala","outdoor_seating":"yes","payment:cryptocurrencies":"no","smoking":"no","website":"https://www.restaurangmarsala.se/","wheelchair":"yes"}},"geometry":{"type":"Point","coordinates":[11.9200757,57.6937882]}},{"type":"Feature","properties":{"id":7082188986,"osm_type":"node","name":"Bistro Brev","category":"restaurant","tags":{"amenity":"restaurant","indoor_seating":"yes","name":"Bistro Brev","outdoor_seating":"no","start_date":"2015"}},"geometry":{"type":"Point","coordinates":[11.9654584,57.6987912]}},{"type":"Feature","properties":{"id":7106871234,"osm_type":"node","name":"Token","category":"restaurant","tags":{"addr:city":"Kungälv","addr:country":"SE","addr:housenumber":"4","addr:postcode":"442 31","addr:street":"Gamla torget","amenity":"bar","check_date":"2022-12-22","email":"info@restaurangtoken.se","name":"Token","opening_hours":"Tu-Sa 12:00-22:00; Su 12:00-20:00","phone":"+46 303-174 78","website":"https://www.restaurangtoken.se/"}},"geometry":{"type":"Point","coordinates":[11.9946438,57.8655721]}},{"type":"Feature","properties":{"id":7106871235,"osm_type":"node","name":"Trattoria Il Trullo","category":"restaurant","tags":{"addr:city":"Kungälv","addr:country":"SE","addr:housenumber":"4","addr:postcode":"442 31","addr:street":"Gamla torget","amenity":"restaurant","check_date":"2022-12-22","cuisine":"italian","email":"info@iltrullo.se","name":"Trattoria Il Trullo","opening_hours":"Tu-Fr 17:00-22:00; Sa 13:00-22:00","phone":"+4630318390","takeaway":"yes","website":"https://iltrullo.se/"}},"geometry":{"type":"Point","coordinates":[11.9946317,57.8654444]}},{"type":"Feature","properties":{"id":7124441011,"osm_type":"node","name":"Domino's","category":"restaurant","tags":{"addr:city":"Göteborg","addr:country":"SE","addr:housenumber":"10","addr:postcode":"412 81","addr:street":"Frida Hjertbergs Gata","air_conditioning":"yes","amenity":"fast_food","brand":"Domino's","brand:wikidata":"Q839466","brand:wikipedia":"en:Domino's Pizza","cuisine":"pizza","diet:vegan":"no","diet:vegetarian":"yes","drive_through":"no","indoor_seating":"yes","name":"Domino's","opening_hours":"Mo-Su 11:00-23:00","outdoor_seating":"no","smoking":"no","takeaway":"yes"}},"geometry":{"type":"Point","coordinates":[11.9866572,57.6877126]}},{"type":"Feature","properties":{"id":7150695983,"osm_type":"node","name":"Sushi Pedaegogen Park","category":"restaurant","tags":{"amenity":"restaurant","name":"Sushi Pedaegogen Park","opening_hours":"Mo-Fr 09:00-19:00; Sa 11:00-18:00","payment:cryptocurrencies":"no","smoking":"no"}},"geometry":{"type":"Point","coordinates":[11.9872612,57.6521978]}},{"type":"Feature","properties":{"id":7206509314,"osm_type":"node","name":"Holy Cow","category":"restaurant","tags":{"addr:city":"Göteborg","addr:country":"SE","addr:housenumber":"77","addr:street":"Södra Vägen","amenity":"restaurant","check_date":"2024-05-16","contact:phone":"+46 031 20 45 09","contact:website":"http://www.holycowburgers.se/","description":"Nachos, burgers etc.","indoor_seating":"yes","name":"Holy Cow","opening_hours":"Fr 17:00-23:00; Sa 12:00-23:00; Mo-Th 17:00-22:00; Su 12:00-21:00","outdoor_seating":"yes","payment:cash":"yes","payment:credit_cards":"yes","payment:cryptocurrencies":"no","payment:debit_cards":"yes","smoking":"no"}},"geometry":{"type":"Point","coordinates":[11.9894888,57.6937449]}},{"type":"Feature","properties":{"id":7230955155,"osm_type":"node","name":"Berzelii Choklad","category":"restaurant","tags":{"addr:city":"Göteborg","addr:country":"SE","addr:housenumber":"12","addr:street":"Magasinsgatan","amenity":"cafe","check_date:opening_hours":"2025-08-27","diet:vegan":"yes","diet:vegetarian":"yes","name":"Berzelii Choklad","opening_hours":"Mo-Fr 10:00-18:00; Sa 11:00-17:00","outdoor_seating":"no","smoking":"no"}},"geometry":{"type":"Point","coordinates":[11.9622026,57.7042864]}},{"type":"Feature","properties":{"id":7548081231,"osm_type":"node","name":"Sad Robot Brewing","category":"restaurant","tags":{"addr:city":"Hisings Backa","addr:country":"SE","addr:housenumber":"40","addr:postcode":"422 43","addr:street":"Aröds Industriväg","amenity":"bar","brewery":"yes","name":"Sad Robot Brewing","opening_hours":"Fr,Sa 17:00-24:00","smoking":"no","website":"https://www.sadrobot.se/"}},"geometry":{"type":"Point","coordinates":[11.9540528,57.7368711]}},{"type":"Feature","properties":{"id":7649577397,"osm_type":"node","name":"Pizza Master","category":"restaurant","tags":{"amenity":"restaurant","cuisine":"pizza","name":"Pizza Master","payment:cryptocurrencies":"no","smoking":"no"}},"geometry":{"type":"Point","coordinates":[11.9237092,57.6895197]}},{"type":"Feature","properties":{"id":7714802985,"osm_type":"node","name":"Sayur","category":"restaurant","tags":{"addr:city":"Göteborg","addr:country":"SE","addr:housenumber":"23","addr:postcode":"413 10","addr:street":"Olivedalsgatan","amenity":"restaurant","contact:email":"sayurgbg@gmail.com","contact:facebook":"https://www.facebook.com/sayurwarung/","contact:instagram":"https://www.instagram.com/sayur_warung","contact:phone":"+4631-84 70 61","cuisine":"indonesian","diet:vegan":"yes","diet:vegetarian":"yes","name":"Sayur","payment:cash":"yes","payment:credit_cards":"yes","payment:cryptocurrencies":"no","payment:debit_cards":"yes","smoking":"no"}},"geometry":{"type":"Point","coordinates":[11.9495459,57.6920416]}},{"type":"Feature","properties":{"id":7716516750,"osm_type":"node","name":"Khao Tip Thai","category":"restaurant","tags":{"addr:city":"Göteborg","addr:country":"SE","addr:housenumber":"7","addr:postcode":"417 17","addr:street":"Wieselgrensgatan","amenity":"restaurant","cuisine":"thai","name":"Khao Tip Thai","opening_hours":"Tu-Fr 11:00-21:00, Sa-Su 12:00-21:00","payment:cryptocurrencies":"no","phone":"+4631222616","smoking":"no","website":"https://www.khaotipthai.se/"}},"geometry":{"type":"Point","coordinates":[11.9348909,57.7227994]}},{"type":"Feature","properties":{"id":7813886226,"osm_type":"node","name":"Wine Mechanics","category":"restaurant","tags":{"addr:city":"Göteborg","addr:country":"SE","amenity":"restaurant","name":"Wine Mechanics","operator":"Wine Mechanics AB","payment:cryptocurrencies":"no","smoking":"no","website":"https://winemechanics.se/"}},"geometry":{"type":"Point","coordinates":[12.0009166,57.7288713]}},{"type":"Feature","properties":{"id":7813945747,"osm_type":"node","name":"Spike Brewery Taproom","category":"restaurant","tags":{"addr:city":"Göteborg","addr:country":"SE","amenity":"bar","name":"Spike Brewery Taproom","opening_hours":"Fr,Sa 14:00-22:00","operator":"Spike Brewery AB","smoking":"no","website":"https://www.spikebrewery.com/taproom"}},"geometry":{"type":"Point","coordinates":[12.0024857,57.7285301]}},{"type":"Feature","properties":{"id":7815214401,"osm_type":"node","name":"Vega Bryggeri Restaurang","category":"restaurant","tags":{"amenity":"pub","contact:website":"https://www.vegabryggeri.se","diet:vegan":"limited","name":"Vega Bryggeri Restaurang","opening_hours":"We-Th 11:00-14:00; Fr 11:00-21:30; Sa 12:00-21:30","operator":"Vega Bryggeri AB","outdoor_seating":"yes","smoking":"no"}},"geometry":{"type":"Point","coordinates":[11.9734707,57.7192596]}},{"type":"Feature","properties":{"id":7830164634,"osm_type":"node","name":"Majornas bryggeri","category":"restaurant","tags":{"addr:city":"Göteborg","addr:country":"SE","addr:housenumber":"90","addr:postcode":"414 55","addr:street":"Karl Johansgatan","amenity":"restaurant","bar":"yes","brewery":"pilsner_urquell;stigbergets;tre_små_grisar;gbgsoda","cuisine":"fries;burger","description":"Brewpub. Many local beers. Comfort food. Vegan food available.","description:en":"Brewery pub with local beverages","diet:vegan":"yes","diet:vegetarian":"only","highchair":"yes","microbrewery":"yes","name":"Majornas bryggeri","opening_hours":"Mo-Th 16:00-23:00; Sa 14:00-01:00; Su 14:00-23:00; Fr 15:00-01:00","outdoor_seating":"yes","payment:cards":"yes","payment:credit_cards":"yes","payment:swish":"yes","smoking":"no","toilets":"yes","website":"https://www.majornasbryggeri.se/","website:menu":"https://www.majornasbryggeri.se/meny.html","wheelchair":"yes"}},"geometry":{"type":"Point","coordinates":[11.9186714,57.6934952]}},{"type":"Feature","properties":{"id":7846311351,"osm_type":"node","name":"Masala Kitchen & Bar Gamlestan","category":"restaurant","tags":{"addr:city":"Göteborg","addr:country":"SE","addr:housenumber":"4","addr:postcode":"415 01","addr:street":"Holländareplatsen","amenity":"restaurant","cuisine":"indian","diet:vegan":"yes","diet:vegetarian":"yes","indoor_seating":"yes","name":"Masala Kitchen & Bar Gamlestan","opening_hours":"Mo-Th 11:00-21:00, Fr 11:00-22:00, Sa 13:00-22:00, Su 13:00-21:00","outdoor_seating":"yes","payment:cryptocurrencies":"no","phone":"+4631610454","smoking":"no","takeaway":"yes","website":"https://masalakitchen.se/"}},"geometry":{"type":"Point","coordinates":[12.0111279,57.7296655]}},{"type":"Feature","properties":{"id":7855299751,"osm_type":"node","name":"Wasabi Majorna","category":"restaurant","tags":{"addr:city":"Göteborg","addr:country":"SE","addr:housenumber":"59","addr:postcode":"415 55","addr:street":"Karl Johansgatan","air_conditioning":"no","amenity":"restaurant","cuisine":"sushi","diet:vegan":"yes","diet:vegetarian":"yes","indoor_seating":"yes","name":"Wasabi Majorna","opening_hours":"Mo-Fr 10:00-20:00, Sa-Su 12:00-20:00","outdoor_seating":"yes","payment:cryptocurrencies":"no","phone":"+4631123828","smoking":"no","website":"https://wasabimajorna.se/"}},"geometry":{"type":"Point","coordinates":[11.9181259,57.6935129]}},{"type":"Feature","properties":{"id":7858427047,"osm_type":"node","name":"Contessa","category":"restaurant","tags":{"amenity":"restaurant","cuisine":"pizza","name":"Contessa"}},"geometry":{"type":"Point","coordinates":[11.9992362,57.6846478]}},{"type":"Feature","properties":{"id":7858427048,"osm_type":"node","name":"","category":"restaurant","tags":{"amenity":"restaurant","payment:cryptocurrencies":"no"}},"geometry":{"type":"Point","coordinates":[12.0030074,57.6817033]}},{"type":"Feature","properties":{"id":7858427049,"osm_type":"node","name":"DJ","category":"restaurant","tags":{"amenity":"restaurant","name":"DJ","payment:cryptocurrencies":"no"}},"geometry":{"type":"Point","coordinates":[12.0029993,57.6833365]}},{"type":"Feature","properties":{"id":7858427050,"osm_type":"node","name":"Bon Cibo","category":"restaurant","tags":{"amenity":"restaurant","name":"Bon Cibo","payment:cryptocurrencies":"no"}},"geometry":{"type":"Point","coordinates":[12.0017266,57.6833709]}},{"type":"Feature","properties":{"id":7858427051,"osm_type":"node","name":"Noodle Lover Asian Fusion","category":"restaurant","tags":{"addr:city":"Göteborg","addr:country":"SE","addr:housenumber":"87","addr:postcode":"412 63","addr:street":"Mölndalsvägen","addr:unit":"G","amenity":"restaurant","cuisine":"asian","name":"Noodle Lover Asian Fusion","payment:cryptocurrencies":"no","website":"https://noodlelover.se/"}},"geometry":{"type":"Point","coordinates":[12.0019533,57.6807031]}},{"type":"Feature","properties":{"id":7858427052,"osm_type":"node","name":"Mölndals Döner","category":"restaurant","tags":{"amenity":"fast_food","cuisine":"kebab","name":"Mölndals Döner"}},"geometry":{"type":"Point","coordinates":[12.0023529,57.6801137]}},{"type":"Feature","properties":{"id":7858427053,"osm_type":"node","name":"Smokey Dog","category":"restaurant","tags":{"amenity":"restaurant","cuisine":"burger","name":"Smokey Dog","outdoor_seating":"yes","payment:cryptocurrencies":"no"}},"geometry":{"type":"Point","coordinates":[12.0016214,57.6810907]}},{"type":"Feature","properties":{"id":7919972777,"osm_type":"node","name":"TAVOLO","category":"restaurant","tags":{"addr:city":"Göteborg","addr:country":"SE","addr:housenumber":"19","addr:postcode":"41116","addr:street":"Magasinsgatan","amenity":"restaurant","cuisine":"italian;italian_pizza;pasta","name":"TAVOLO","payment:cryptocurrencies":"no","phone":"+46 31 78 79 809","smoking":"no","website":"https://tavolo.se"}},"geometry":{"type":"Point","coordinates":[11.9629155,57.702646]}},{"type":"Feature","properties":{"id":7922700389,"osm_type":"node","name":"Ölstugan Tullen","category":"restaurant","tags":{"amenity":"pub","name":"Ölstugan Tullen","opening_hours":"Mo-Su 12:00-01:00","website":"https://www.olstugan.se/molndal"}},"geometry":{"type":"Point","coordinates":[12.0154059,57.6561187]}},{"type":"Feature","properties":{"id":7933699120,"osm_type":"node","name":"Il Gambero","category":"restaurant","tags":{"amenity":"restaurant","cuisine":"italian","name":"Il Gambero","payment:cryptocurrencies":"no","phone":"+4631-133040","smoking":"no","website":"https://ilgambero.se/"}},"geometry":{"type":"Point","coordinates":[11.9652693,57.6992528]}},{"type":"Feature","properties":{"id":7934349808,"osm_type":"node","name":"Harvest By Mannerström","category":"restaurant","tags":{"amenity":"food_court","name":"Harvest By Mannerström","smoking":"no"}},"geometry":{"type":"Point","coordinates":[11.8588797,57.727894]}},{"type":"Feature","properties":{"id":7959249062,"osm_type":"node","name":"Indian Rasoi","category":"restaurant","tags":{"addr:city":"Göteborg","addr:country":"SE","addr:housenumber":"207","addr:postcode":"417 27","addr:street":"Björlandavägen","amenity":"restaurant","check_date":"2026-04-05","cuisine":"indian","email":"info@indianrasoi.se","name":"Indian Rasoi","opening_hours":"Mo-Th 11:00-21:00; Fr 11:00-22:00; Sa 13:00-22:00; Su 13:00-21:00","payment:cash":"yes","payment:credit_cards":"yes","payment:debit_cards":"yes","phone":"+46 31 135375","reservation":"yes","smoking":"no","website":"https://www.indianrasoi.se/","website:menu":"https://www.indianrasoi.se/a_la_carte/"}},"geometry":{"type":"Point","coordinates":[11.9111793,57.7364355]}},{"type":"Feature","properties":{"id":8105141817,"osm_type":"node","name":"Mozaik konstcafé","category":"restaurant","tags":{"amenity":"cafe","internet_access":"wlan","name":"Mozaik konstcafé","smoking":"no"}},"geometry":{"type":"Point","coordinates":[11.9314701,57.697405]}},{"type":"Feature","properties":{"id":8190364929,"osm_type":"node","name":"Sushi Yama","category":"restaurant","tags":{"addr:city":"Mölndal","addr:country":"SE","addr:housenumber":"22","addr:postcode":"431 31","addr:street":"Barnhemsgatan","amenity":"restaurant","cuisine":"sushi","name":"Sushi Yama","opening_hours":"Mo-Fr 10:00-20:00, Sa-Su 10:00-17:00","payment:cryptocurrencies":"no","phone":"+46 311 313 21","website":"https://www.sushiyama.se"}},"geometry":{"type":"Point","coordinates":[12.0126996,57.6547678]}},{"type":"Feature","properties":{"id":8267083751,"osm_type":"node","name":"Sushi K","category":"restaurant","tags":{"amenity":"restaurant","cuisine":"sushi","entrance":"yes","level":"0","name":"Sushi K","opening_hours":"Mo-Fr 11:00-20:00; Sa 12:00-20:00","payment:cryptocurrencies":"no","smoking":"no"}},"geometry":{"type":"Point","coordinates":[11.9810253,57.7494324]}},{"type":"Feature","properties":{"id":8267083753,"osm_type":"node","name":"Selma Pizzeria","category":"restaurant","tags":{"amenity":"restaurant","cuisine":"pizza","entrance":"yes","level":"0","name":"Selma Pizzeria","opening_hours":"Mo-Fr 11:00-21:00; Sa,Su 12:00-21:00","payment:cryptocurrencies":"no","smoking":"no"}},"geometry":{"type":"Point","coordinates":[11.9810527,57.7493625]}},{"type":"Feature","properties":{"id":8294536523,"osm_type":"node","name":"Råda rum","category":"restaurant","tags":{"amenity":"restaurant","name":"Råda rum","opening_hours":"Mo-Su 10:00-16:00"}},"geometry":{"type":"Point","coordinates":[12.1063108,57.6585202]}},{"type":"Feature","properties":{"id":8331698544,"osm_type":"node","name":"Mat & Potatis","category":"restaurant","tags":{"amenity":"restaurant","name":"Mat & Potatis","opening_hours":"Mo-Fr 08:30-14:00","payment:cryptocurrencies":"no","smoking":"no","website":"https://matopotatis.se/"}},"geometry":{"type":"Point","coordinates":[12.0015576,57.747721]}},{"type":"Feature","properties":{"id":8415168305,"osm_type":"node","name":"Pozzetti Gelateria","category":"restaurant","tags":{"addr:city":"Göteborg","addr:country":"SE","addr:housenumber":"37","addr:postcode":"41115","addr:street":"Kungsgatan","amenity":"ice_cream","check_date":"2025-09-28","check_date:opening_hours":"2025-09-28","name":"Pozzetti Gelateria","opening_hours":"Mo-Sa 12:00-19:00; Su 12:00-17:00","opening_hours:signed":"no","payment:credit_cards":"yes","payment:debit_cards":"yes"}},"geometry":{"type":"Point","coordinates":[11.9655701,57.704234]}},{"type":"Feature","properties":{"id":8415344232,"osm_type":"node","name":"Irish Embassy","category":"restaurant","tags":{"addr:country":"SE","addr:housenumber":"54","addr:street":"Kungsgatan","amenity":"pub","contact:fax":"+46317740741","contact:phone":"+4631139020","contact:website":"http://www.dubliner.se/","name":"Irish Embassy","opening_hours":"Mo-Th 11:00-03:00; Fr-Sa 11:00-05:00; Su 12:00-01:00","payment:cash":"yes","smoking":"no","wheelchair":"no"}},"geometry":{"type":"Point","coordinates":[11.9696531,57.704989]}},{"type":"Feature","properties":{"id":8493101010,"osm_type":"node","name":"Tai Shanghai","category":"restaurant","tags":{"addr:city":"Göteborg","addr:country":"SE","addr:housenumber":"4A","addr:street":"Haga Östergata","air_conditioning":"yes","amenity":"restaurant","contact:phone":"+46 31 133 34 3","indoor_seating":"yes","name":"Tai Shanghai","opening_hours":"Tu-Th 11:00-22:30; Fr 11:00-23:00; Sa 12:00-23:00; Su,PH 12:00-22:00","outdoor_seating":"yes","payment:cash":"yes","payment:credit_cards":"yes","payment:cryptocurrencies":"no","payment:debit_cards":"yes","smoking":"no","start_date":"1977","toilets":"yes"}},"geometry":{"type":"Point","coordinates":[11.9546318,57.6994209]}},{"type":"Feature","properties":{"id":8493101012,"osm_type":"node","name":"Café Kringlan","category":"restaurant","tags":{"addr:city":"Göteborg","addr:country":"SE","addr:housenumber":"13","addr:postcode":"413 01","addr:street":"Haga Nygata","amenity":"cafe","contact:facebook":"https://www.facebook.com/pages/Caf%C3%A9-Kringlan/320445644678184","contact:instagram":"https://www.instagram.com/cafekringla","contact:phone":"+46 31 130 90 8","indoor_seating":"yes","name":"Café Kringlan","opening_hours":"PH,Mo-Su 08:00-21:00","outdoor_seating":"yes","payment:cash":"yes","payment:credit_cards":"yes","payment:debit_cards":"yes","smoking":"no"}},"geometry":{"type":"Point","coordinates":[11.9556583,57.6985669]}},{"type":"Feature","properties":{"id":8493101016,"osm_type":"node","name":"Sjöbaren","category":"restaurant","tags":{"addr:city":"Göteborg","addr:country":"SE","addr:housenumber":"25","addr:postcode":"413 01","addr:street":"Haga Nygata","air_conditioning":"yes","alt_name":"Sjöbaren i Haga","amenity":"restaurant","capacity":"75","contact:email":"haga@sjobaren.se","contact:facebook":"https://www.facebook.com/sjobarenhaga/","contact:instagram":"https://www.instagram.com/sjobarenhaga","contact:phone":"+46 31 711 97 80","contact:website":"https://haga.sjobaren.se/","contact:website:menu":"https://haga.sjobaren.se/menyer-1/","cuisine":"fish","delivery":"no","indoor_seating":"yes","level":"1;0","name":"Sjöbaren","opening_hours":"Mo-Th 11:00-23:00; Fr 11:00-24:00; Sa 12:00-24:00; Su 15:00-23:00","outdoor_seating":"yes","payment:cash":"yes","payment:credit_cards":"yes","payment:cryptocurrencies":"no","payment:debit_cards":"yes","reservation":"yes","smoking":"no","takeaway":"yes","toilets":"yes","toilets:menstrual_products":"no","wheelchair":"limited"}},"geometry":{"type":"Point","coordinates":[11.9587542,57.6983296]}},{"type":"Feature","properties":{"id":8493125346,"osm_type":"node","name":"John Scott's","category":"restaurant","tags":{"addr:city":"Göteborg","addr:country":"SE","addr:housenumber":"38","addr:postcode":"413 04","addr:street":"Linnégatan","amenity":"restaurant","bar":"yes","check_date":"2026-04-05","contact:email":"linnegatan@johnscotts.se","contact:facebook":"https://www.facebook.com/johnscottslinne/","contact:instagram":"https://www.instagram.com/johnscottslinne","contact:phone":"+46 3112 07 77","contact:website":"http://johnscotts.se/linnegatan/","cuisine":"regional","diet:gluten_free":"yes","diet:vegan":"yes","diet:vegetarian":"yes","indoor_seating":"yes","level":"0","name":"John Scott's","opening_hours":"Mo,Tu 11:30-18:00+, We-Fr 11:30-18:00+, Sa 12:00-01:00, Su 12:00-18:00+","outdoor_seating":"yes","payment:cash":"yes","payment:cryptocurrencies":"no","payment:mastercard":"yes","payment:visa":"yes","reservation":"yes","smoking":"no","toilets":"yes","website:menu":"http://johnscotts.se/linnegatan/wp-content/uploads/sites/3/2024/03/Meny-John-Scotts-Linne.pdf","wheelchair":"limited"}},"geometry":{"type":"Point","coordinates":[11.9522615,57.6952904]}},{"type":"Feature","properties":{"id":8493125347,"osm_type":"node","name":"Coco Orangerie","category":"restaurant","tags":{"addr:city":"Göteborg","addr:country":"SE","addr:housenumber":"38A","addr:postcode":"413 04","addr:street":"Linnégatan","amenity":"cafe","contact:email":"info@cocoorangerie.se","contact:facebook":"https://www.facebook.com/Coco-Orangerie-116714410131084/","contact:instagram":"https://www.instagram.com/cocoorangerie","contact:phone":"+46 313-09 91 44","contact:website":"https://www.cocoorangerie.se","drive_through":"no","indoor_seating":"yes","name":"Coco Orangerie","not:brand:wikidata":"Q65084369","opening_hours":"Mo 11:30-16:00, Tu-Fr 11:30+, Sa 10:00+, Su 10:00-16:00,","outdoor_seating":"yes","payment:cash":"yes","payment:credit_cards":"yes","payment:debit_cards":"yes","reservation":"yes","smoking":"no","toilets":"yes"}},"geometry":{"type":"Point","coordinates":[11.9522422,57.6954423]}},{"type":"Feature","properties":{"id":8493125362,"osm_type":"node","name":"Olivia","category":"restaurant","tags":{"addr:city":"Göteborg","addr:country":"SE","addr:housenumber":"1","addr:postcode":"411 36","addr:street":"Kungsportsavenyen","amenity":"restaurant","check_date":"2025-05-18","check_date:diet:vegetarian":"2025-05-18","diet:vegan":"limited","diet:vegetarian":"yes","indoor_seating":"yes","name":"Olivia","outdoor_seating":"no","payment:cryptocurrencies":"no","smoking":"no"}},"geometry":{"type":"Point","coordinates":[11.9726,57.701706]}},{"type":"Feature","properties":{"id":8510636648,"osm_type":"node","name":"BRUK coctailbar","category":"restaurant","tags":{"addr:city":"Göteborg","addr:country":"SE","addr:housenumber":"4","addr:postcode":"411 01","addr:street":"Friggagatan","amenity":"bar","name":"BRUK coctailbar","opening_hours":"Tu-Sa 17:00-01:00","opening_hours:covid19":"Tu-Sa 17:00-20:00","smoking":"no","website":"https://www.brukcocktailbar.se/"}},"geometry":{"type":"Point","coordinates":[11.9861657,57.7105303]}},{"type":"Feature","properties":{"id":8647043478,"osm_type":"node","name":"Asiana Sushi","category":"restaurant","tags":{"amenity":"restaurant","cuisine":"sushi","name":"Asiana Sushi","payment:cryptocurrencies":"no"}},"geometry":{"type":"Point","coordinates":[12.0007431,57.681885]}},{"type":"Feature","properties":{"id":8647043479,"osm_type":"node","name":"Roku Sushi","category":"restaurant","tags":{"amenity":"restaurant","cuisine":"sushi","name":"Roku Sushi","payment:cryptocurrencies":"no"}},"geometry":{"type":"Point","coordinates":[12.0002706,57.6808435]}},{"type":"Feature","properties":{"id":8663351182,"osm_type":"node","name":"Focus","category":"restaurant","tags":{"addr:city":"Göteborg","addr:country":"SE","addr:housenumber":"11","addr:street":"Kemivägen","air_conditioning":"yes","amenity":"pub","indoor_seating":"yes","internet_access":"wlan","name":"Focus","outdoor_seating":"no","smoking":"no"}},"geometry":{"type":"Point","coordinates":[11.9755149,57.6909851]}},{"type":"Feature","properties":{"id":8682869972,"osm_type":"node","name":"Sushi Yama","category":"restaurant","tags":{"addr:city":"Partille","addr:country":"SE","addr:housenumber":"3","addr:postcode":"433 35","addr:street":"Nils Henrikssons väg","amenity":"restaurant","brand":"Sushi Yama","brand:wikidata":"Q31897009","cuisine":"japanese","name":"Sushi Yama","opening_hours":"Mo-Su 10:00-20:00","phone":"+46 31 55 35 05","smoking":"no","website":"https://www.sushiyama.se"}},"geometry":{"type":"Point","coordinates":[12.1061485,57.7374719]}},{"type":"Feature","properties":{"id":8694237470,"osm_type":"node","name":"Maamaa Sushi","category":"restaurant","tags":{"addr:city":"Göteborg","addr:country":"SE","addr:postcode":"416 72","addr:street":"Sofiagatan","amenity":"restaurant","cuisine":"sushi;japanese","name":"Maamaa Sushi","opening_hours":"Tu-Sa 11:00-20:30; Su 11:00-20:00","payment:cryptocurrencies":"no","phone":"+46 738748430","smoking":"no"}},"geometry":{"type":"Point","coordinates":[12.0165947,57.7183595]}},{"type":"Feature","properties":{"id":8852499088,"osm_type":"node","name":"The Joint","category":"restaurant","tags":{"addr:city":"Göteborg","addr:country":"SE","addr:housenumber":"2","addr:postcode":"416 57","addr:street":"Nobelplatsen","amenity":"restaurant","check_date":"2022-11-02","name":"The Joint","payment:cryptocurrencies":"no","phone":"+46 31 61 04 95","smoking":"no","website":"https://jointstreetfood.se/"}},"geometry":{"type":"Point","coordinates":[12.0066239,57.713878]}},{"type":"Feature","properties":{"id":8879928020,"osm_type":"node","name":"Station Linné","category":"restaurant","tags":{"addr:city":"Göteborg","addr:housenumber":"9","addr:postcode":"413 10","addr:street":"Linnéplatsen","air_conditioning":"yes","amenity":"pub","brewery":"yes","check_date":"2025-12-12","contact:email":"info@stationlinne.com","contact:facebook":"https://www.facebook.com/stationlinnegastro/","contact:instagram":"https://www.instagram.com/stationlinnegastro","contact:phone":"+46 73 503 59 24","contact:website":"https://stationlinne.com/","contact:website:menu":"https://stationlinne.com/meny/","cuisine":"diner;international;regional","indoor_seating":"yes","level":"0","name":"Station Linné","opening_hours":"Mo-Tu 15:00-22:00; We-Th 15:00-23:00; Fr 15:00-24:00; Sa 12:00-24:00; Su 12:00-22:00","outdoor_seating":"yes","payment:cash":"yes","payment:credit_cards":"yes","payment:debit_cards":"yes","payment:mastercard":"yes","payment:visa":"yes","smoking":"no","toilets":"yes","toilets:wheelchair":"yes","wheelchair":"yes"}},"geometry":{"type":"Point","coordinates":[11.9527132,57.6906123]}},{"type":"Feature","properties":{"id":8929298439,"osm_type":"node","name":"Pitcher’s Majorna","category":"restaurant","tags":{"addr:city":"Göteborg","addr:country":"SE","addr:housenumber":"92","addr:postcode":"415 55","addr:street":"Karl Johansgatan","amenity":"pub","contact:phone":"+4631223383","contact:website":"https://www.pitchers.se/restauranger/goteborg-majorna/","indoor_seating":"yes","name":"Pitcher’s Majorna","outdoor_seating":"no","smoking":"no"}},"geometry":{"type":"Point","coordinates":[11.9183801,57.6932638]}},{"type":"Feature","properties":{"id":8946356041,"osm_type":"node","name":"Kållereds Pizzeria","category":"restaurant","tags":{"amenity":"restaurant","cuisine":"pizza","name":"Kållereds Pizzeria"}},"geometry":{"type":"Point","coordinates":[12.0485242,57.6116973]}},{"type":"Feature","properties":{"id":8946356157,"osm_type":"node","name":"Kebnekaise Pizzeria","category":"restaurant","tags":{"amenity":"restaurant","cuisine":"pizza","name":"Kebnekaise Pizzeria"}},"geometry":{"type":"Point","coordinates":[12.0455578,57.6190752]}},{"type":"Feature","properties":{"id":8951853512,"osm_type":"node","name":"Café Gunberg","category":"restaurant","tags":{"addr:city":"Kållered","addr:country":"SE","addr:housenumber":"37","addr:postcode":"42832","addr:street":"Gamla Riksvägen","amenity":"cafe","name":"Café Gunberg"}},"geometry":{"type":"Point","coordinates":[12.0487367,57.6140448]}},{"type":"Feature","properties":{"id":8951944275,"osm_type":"node","name":"Häggens Hörna","category":"restaurant","tags":{"addr:city":"Göteborg","addr:country":"SE","addr:housenumber":"7","addr:postcode":"41120","addr:street":"Hvitfeldtsgatan","addr:unit":"C","amenity":"restaurant","cuisine":"pizza;burger;bar_and_grill","name":"Häggens Hörna","payment:cryptocurrencies":"no","phone":"+46 70 8485470","smoking":"no","website":"https://www.instagram.com/haggens_horna/"}},"geometry":{"type":"Point","coordinates":[11.9591069,57.7020659]}},{"type":"Feature","properties":{"id":8953960362,"osm_type":"node","name":"McDonald's","category":"restaurant","tags":{"amenity":"fast_food","brand":"McDonald's","brand:wikidata":"Q38076","brand:wikipedia":"sv:McDonald's","check_date":"2023-04-20","cuisine":"burger","name":"McDonald's","opening_hours":"07:00-24:00","payment:mastercard":"yes","payment:visa":"yes","takeaway":"yes","wheelchair":"yes"}},"geometry":{"type":"Point","coordinates":[12.0508647,57.6013544]}},{"type":"Feature","properties":{"id":8969161082,"osm_type":"node","name":"Gansu köket","category":"restaurant","tags":{"access":"yes","addr:city":"Göteborg","addr:country":"SE","addr:housenumber":"33","addr:postcode":"413 14","addr:street":"Övre Husargatan","amenity":"restaurant","check_date":"2026-04-05","diet:vegan":"yes","diet:vegetarian":"yes","entrance":"yes","indoor_seating":"yes","name":"Gansu köket","opening_hours":"Mo-Fr 11:00-20:00; Sa 11:00-19:00; Su 11:00-15:00","outdoor_seating":"no","payment:cash":"yes","payment:credit_cards":"yes","payment:cryptocurrencies":"no","payment:debit_cards":"yes","smoking":"no","takeaway":"yes"}},"geometry":{"type":"Point","coordinates":[11.9534459,57.6910832]}},{"type":"Feature","properties":{"id":9004899750,"osm_type":"node","name":"Bastard Burgers","category":"restaurant","tags":{"addr:city":"Göteborg","addr:country":"SE","addr:housenumber":"11","addr:street":"Södra Larmgatan","air_conditioning":"yes","amenity":"restaurant","brand":"Bastard Burgers","brand:wikidata":"Q76873807","cuisine":"burger","delivery":"yes","diet:vegan":"yes","diet:vegetarian":"yes","drive_through":"no","indoor_seating":"yes","name":"Bastard Burgers","opening_hours":"Mo-Th 11:00-21:00; Fr-Sa 12:00-22:00; Su 12:00-20:00","operator":"Bastard Burgers","outdoor_seating":"pedestrian_zone","payment:credit_cards":"yes","payment:debit_cards":"yes","phone":"+4631130260","smoking":"no","takeaway":"yes","website":"https://bastardburgers.com/se/restaurants/sodra-larmgatan/"}},"geometry":{"type":"Point","coordinates":[11.965749,57.7031464]}},{"type":"Feature","properties":{"id":9009501653,"osm_type":"node","name":"Sushi Yama","category":"restaurant","tags":{"addr:city":"Västra Frölunda","addr:postcode":"421 44","addr:street":"Frölunda Torg","amenity":"restaurant","cuisine":"sushi","level":"0","name":"Sushi Yama","opening_hours":"Mo-Fr 10:00-20:00, Sa-Su 10:00-18:00","payment:cryptocurrencies":"no","phone":"+46 31 18 50 00","smoking":"no","website":"https://www.sushiyama.se"}},"geometry":{"type":"Point","coordinates":[11.911833,57.65201]}},{"type":"Feature","properties":{"id":9023174769,"osm_type":"node","name":"Bar Normal","category":"restaurant","tags":{"addr:city":"Göteborg","addr:country":"SE","addr:housenumber":"3","addr:postcode":"413 05","addr:street":"Prinsgatan","amenity":"restaurant","name":"Bar Normal","payment:cryptocurrencies":"no","smoking":"no","website":"https://barnormal.se/"}},"geometry":{"type":"Point","coordinates":[11.9499417,57.6964026]}},{"type":"Feature","properties":{"id":9026280864,"osm_type":"node","name":"Bohus Sushi","category":"restaurant","tags":{"amenity":"fast_food","cuisine":"sushi","name":"Bohus Sushi","takeaway":"yes"}},"geometry":{"type":"Point","coordinates":[12.0161001,57.8517118]}},{"type":"Feature","properties":{"id":9041848268,"osm_type":"node","name":"Sushi 21","category":"restaurant","tags":{"amenity":"restaurant","name":"Sushi 21","opening_hours":"Mo-Fr 11:00-15:00","payment:cryptocurrencies":"no"}},"geometry":{"type":"Point","coordinates":[12.0105144,57.6693243]}},{"type":"Feature","properties":{"id":9041848307,"osm_type":"node","name":"K21 Salladsbar & Deli","category":"restaurant","tags":{"amenity":"restaurant","indoor_seating":"yes","name":"K21 Salladsbar & Deli","outdoor_seating":"yes","payment:cryptocurrencies":"no"}},"geometry":{"type":"Point","coordinates":[12.0105023,57.6694138]}},{"type":"Feature","properties":{"id":9041848862,"osm_type":"node","name":"Pizzeria Mums","category":"restaurant","tags":{"addr:housenumber":"13","addr:street":"Bergskroken","amenity":"restaurant","bar":"yes","check_date":"2025-05-14","cuisine":"pizza","name":"Pizzeria Mums","opening_hours":"Mo-Tu 11:00-13:30; We-Fr 11:00-13:30,15:00-21:00; Sa-Su 12:00-21:00","payment:cryptocurrencies":"no","website":"https://pizzeriamums.se"}},"geometry":{"type":"Point","coordinates":[12.0097653,57.6693854]}},{"type":"Feature","properties":{"id":9081048315,"osm_type":"node","name":"Spanska köket","category":"restaurant","tags":{"addr:city":"Göteborg","addr:country":"SE","addr:housenumber":"3","addr:postcode":"411 22","addr:street":"Övre Husargatan","air_conditioning":"yes","amenity":"restaurant","bar":"yes","check_date":"2026-04-06","contact:email":"info@spanskakoket.se","contact:facebook":"https://www.facebook.com/Spanska-K%C3%B6ket-315935729277143/","contact:instagram":"https://www.instagram.com/spanskakoket","contact:phone":"+46 31 386 06 10","contact:website":"https://spanskakoket.se/","contact:website:menu":"https://spanskakoket.se/meny-svenska/","cuisine":"spanish","level":"0","name":"Spanska köket","opening_hours":"Tu-Fr 16:00+; Sa,Su 12:00+; Mo off","outdoor_seating":"yes","payment:cash":"yes","payment:credit_cards":"yes","payment:cryptocurrencies":"no","payment:debit_cards":"yes","reservation":"yes","smoking":"no","toilets":"yes","toilets:menstrual_products":"no","website:menu":"https://spanskakoket.se/wp-content/uploads/2026/03/Spanska-Koket-meny-svenska.pdf"}},"geometry":{"type":"Point","coordinates":[11.9576025,57.6948969]}},{"type":"Feature","properties":{"id":9097110597,"osm_type":"node","name":"Sing Sing","category":"restaurant","tags":{"addr:city":"Göteborg","addr:country":"SE","addr:housenumber":"86","addr:postcode":"414 55","addr:street":"Karl Johansgatan","amenity":"restaurant","karaoke":"boxes","name":"Sing Sing","opening_hours":"We-Fr 16:00-01:00; Sa 13:00-01:00","payment:cryptocurrencies":"no","smoking":"no","website":"https://singsinggbg.se/"}},"geometry":{"type":"Point","coordinates":[11.9191065,57.6938609]}},{"type":"Feature","properties":{"id":9194542063,"osm_type":"node","name":"Potatisen","category":"restaurant","tags":{"addr:city":"Göteborg","addr:country":"SE","addr:housenumber":"15","addr:postcode":"413 28","addr:street":"Värmlandsgatan","amenity":"restaurant","name":"Potatisen","opening_hours":"Mo-Th 17:00-01:00, Fr,Sa 16:00-01:00","payment:cryptocurrencies":"no","smoking":"no"}},"geometry":{"type":"Point","coordinates":[11.9461559,57.6992393]}},{"type":"Feature","properties":{"id":9198324010,"osm_type":"node","name":"Office Food","category":"restaurant","tags":{"amenity":"restaurant","indoor_seating":"yes","name":"Office Food","opening_hours":"Mo-Fr 11:00-14:00","outdoor_seating":"yes","payment:cryptocurrencies":"no","smoking":"no"}},"geometry":{"type":"Point","coordinates":[11.9653103,57.7082694]}},{"type":"Feature","properties":{"id":9211215344,"osm_type":"node","name":"Restaurang Norden","category":"restaurant","tags":{"air_conditioning":"yes","amenity":"restaurant","name":"Restaurang Norden","payment:cryptocurrencies":"no","phone":"+46 31 786 5959","smoking":"no","website":"https://medarbetarportalen.gu.se/service-stod/motesservice/kontakta-oss"}},"geometry":{"type":"Point","coordinates":[11.9603028,57.6880773]}},{"type":"Feature","properties":{"id":9211233896,"osm_type":"node","name":"Dunder Döner Partille","category":"restaurant","tags":{"addr:country":"SE","addr:housenumber":"17","addr:street":"Portstråket","amenity":"fast_food","check_date":"2025-05-08","check_date:opening_hours":"2025-05-07","cuisine":"kebab","drive_through":"no","name":"Dunder Döner Partille","opening_hours":"Mo-Fr 10:30-21:00; Sa-Su 11:00-21:00","payment:cash":"yes","payment:credit_cards":"yes","payment:debit_cards":"yes","phone":"+46 31 224 223","website":"https://www.dunderdoner.se/","wheelchair":"yes"}},"geometry":{"type":"Point","coordinates":[12.1200041,57.7402391]}},{"type":"Feature","properties":{"id":9263253359,"osm_type":"node","name":"Rucola","category":"restaurant","tags":{"amenity":"restaurant","cuisine":"pizza","name":"Rucola","payment:cryptocurrencies":"no","smoking":"no"}},"geometry":{"type":"Point","coordinates":[11.994201,57.657319]}},{"type":"Feature","properties":{"id":9321144861,"osm_type":"node","name":"Rotary pub","category":"restaurant","tags":{"amenity":"pub","email":"info@rotarypub.se","entrance":"yes","indoor_seating":"yes","name":"Rotary pub","opening_hours":"We-Fr 19:00-24:00","outdoor_seating":"no","smoking":"no","website":"http://www.rotarypub.se"}},"geometry":{"type":"Point","coordinates":[11.9835148,57.6912447]}},{"type":"Feature","properties":{"id":9323555465,"osm_type":"node","name":"Tant Anton i stan","category":"restaurant","tags":{"addr:city":"Göteborg","addr:country":"SE","addr:housenumber":"52","addr:postcode":"41308","addr:street":"Linnégatan","air_conditioning":"yes","amenity":"restaurant","contact:email":"goteborg@tantanton.se","contact:facebook":"https://www.facebook.com/TANT-ANTON-I-STAN-101210429144425/","contact:instagram":"https://www.instagram.com/tant_anton_istan","contact:phone":"+46 31 132 21 6","contact:website":"https://www.tantantonistan.se/","contact:website:menu":"https://www.tantantonistan.se/kv%C3%A4llsmeny","indoor_seating":"yes","name":"Tant Anton i stan","opening_hours":"Tu-Sa 17:00-24:00+","outdoor_seating":"yes","payment:cash":"yes","payment:credit_cards":"yes","payment:cryptocurrencies":"no","payment:debit_cards":"yes","reservation":"yes","smoking":"no"}},"geometry":{"type":"Point","coordinates":[11.9528666,57.6937118]}},{"type":"Feature","properties":{"id":9323555470,"osm_type":"node","name":"Lilla Tavernan","category":"restaurant","tags":{"access":"yes","addr:city":"Göteborg","addr:country":"SE","addr:housenumber":"17","addr:postcode":"413 10","addr:street":"Olivedalsgatan","air_conditioning":"yes","amenity":"restaurant","check_date":"2026-04-05","contact:email":"info@lillatavernan.se","contact:facebook":"https://www.facebook.com/Lilla-Tavernan-22388703634/","contact:phone":"+46 31-12 88 05","contact:website":"http://www.lillatavernan.se","contact:website:menu":"http://lillatavernan.se/wp-content/uploads/2024/06/Meny-2024-Maj-vers-2.pdf","cuisine":"greek","entrance":"yes","indoor_seating":"yes","name":"Lilla Tavernan","opening_hours":"Mo-Th 16:00-23:00; Fr 16:00-24:00; Sa 13:00-24:00; Su 13:00-22:00","outdoor_seating":"yes","payment:cash":"yes","payment:credit_cards":"yes","payment:cryptocurrencies":"no","payment:debit_cards":"yes","reservation":"yes","smoking":"no","start_date":"2003","toilets:wheelchair":"no","wheelchair":"limited"}},"geometry":{"type":"Point","coordinates":[11.9510232,57.6920172]}},{"type":"Feature","properties":{"id":9340380833,"osm_type":"node","name":"Solrosen","category":"restaurant","tags":{"access":"yes","addr:city":"Göteborg","addr:country":"SE","addr:housenumber":"4 A","addr:postcode":"413 02","addr:street":"Kaponjärgatan","air_conditioning":"yes","amenity":"restaurant","contact:phone":"+46-31-7116697","contact:website":"http://www.restaurangsolrosen.se/","diet:vegan":"yes","diet:vegetarian":"only","entrance":"yes","indoor_seating":"yes","name":"Solrosen","opening_hours":"Mo-Tu 11:30-18:00; We-Th 11:30-20:00; Fr 11:30-23:30; Sa 14:00-20:00; Su off","outdoor_seating":"yes","payment:cash":"yes","payment:credit_cards":"yes","payment:cryptocurrencies":"no","payment:debit_cards":"yes","smoking":"no","toilets":"yes","toilets:menstrual_products":"no","wheelchair":"no"}},"geometry":{"type":"Point","coordinates":[11.9567362,57.6990349]}},{"type":"Feature","properties":{"id":9358408525,"osm_type":"node","name":"O'Learys Järntorget","category":"restaurant","tags":{"addr:housenumber":"2","addr:street":"Norra Allégatan","amenity":"pub","contact:email":"jarntorget@olearys.se","contact:facebook":"https://www.facebook.com/olearysjarntorget","contact:instagram":"https://www.instagram.com/olearysjarntorget","contact:phone":"+46 31 130290","contact:website":"https://olearys.se/jarntorget/","contact:website:menu":"https://olearys.se/jarntorget/food/","name":"O'Learys Järntorget","opening_hours":"Mo-Th 16:00-23:00; Fr 16:00-01:00; Sa 13:00-01:00; Su 13:00-20:00","operator":"O'Learys","payment:cash":"yes","payment:credit_cards":"yes","payment:debit_cards":"yes","smoking":"no","toilets":"yes","toilets:menstrual_products":"no"}},"geometry":{"type":"Point","coordinates":[11.954969,57.7003752]}},{"type":"Feature","properties":{"id":9358408529,"osm_type":"node","name":"Boqueria","category":"restaurant","tags":{"amenity":"restaurant","cuisine":"tapas","diet:vegetarian":"yes","email":"info@boqueriagoteborg.se","name":"Boqueria","opening_hours":"Mo-Tu 11:30-23:00; We-Th 11:30-01:00; Fr 11:30-02:00; Sa 12:00-02:00; Su 12:00-01:00","payment:cryptocurrencies":"no","phone":"+46 31 766 94 00","smoking":"no","website":"https://www.boqueriagoteborg.se/"}},"geometry":{"type":"Point","coordinates":[11.9785832,57.6973065]}},{"type":"Feature","properties":{"id":9391250687,"osm_type":"node","name":"Masala Kitchen","category":"restaurant","tags":{"addr:city":"Göteborg","addr:country":"SE","addr:housenumber":"102","addr:postcode":"41716","addr:street":"Hjalmar Brantingsgatan","amenity":"restaurant","contact:phone":"+46 31-25 55 05","contact:website":"https://masalakitchen.se/kontakta-oss/","cuisine":"indian","delivery":"yes","diet:vegan":"yes","diet:vegetarian":"yes","lunch":"menu","name":"Masala Kitchen","opening_hours":"Mo-Fr 11:00-22:00; Sa 12:00-22:00; Su 12:00-21:00","payment:cryptocurrencies":"no","smoking":"no","takeaway":"yes"}},"geometry":{"type":"Point","coordinates":[11.9265582,57.7190867]}},{"type":"Feature","properties":{"id":9426170207,"osm_type":"node","name":"Bombay Street","category":"restaurant","tags":{"addr:city":"Göteborg","addr:country":"SE","addr:housenumber":"77","addr:postcode":"412 54","addr:street":"Södra Vägen","amenity":"restaurant","check_date":"2024-05-16","cuisine":"indian","name":"Bombay Street","opening_hours":"Mo-Th 11:00-22:00; Fr 11:00-23:00; Sa 13:00-23:00; Su 13:00-22:00","payment:cash":"yes","payment:credit_cards":"yes","payment:cryptocurrencies":"no","payment:debit_cards":"yes","smoking":"no","website":"https://www.bombaystreet.se/"}},"geometry":{"type":"Point","coordinates":[11.9894335,57.693799]}},{"type":"Feature","properties":{"id":9472707607,"osm_type":"node","name":"Neighbor House Sushi","category":"restaurant","tags":{"addr:city":"Göteborg","addr:country":"SE","addr:housenumber":"3","addr:postcode":"414 77","addr:street":"Marklandsgatan","amenity":"restaurant","cuisine":"sushi","name":"Neighbor House Sushi","payment:cryptocurrencies":"no","smoking":"no"}},"geometry":{"type":"Point","coordinates":[11.934745,57.6739766]}},{"type":"Feature","properties":{"id":9472728342,"osm_type":"node","name":"Returhuset","category":"restaurant","tags":{"amenity":"cafe","name":"Returhuset","smoking":"no","website":"https://goteborg.se/wps/portal/enhetssida/returhuset-ostra-goteborg/eko-kaf%C3%A9"}},"geometry":{"type":"Point","coordinates":[12.0094987,57.7586352]}},{"type":"Feature","properties":{"id":9476890517,"osm_type":"node","name":"Mestiza","category":"restaurant","tags":{"addr:housenumber":"10","addr:street":"Skanstorget","amenity":"restaurant","check_date":"2026-04-05","contact:email":"info@mestizagbg.se","contact:facebook":"https://www.facebook.com/100063759991424/","contact:instagram":"https://www.instagram.com/mestiza_gbg","contact:phone":"+46 31 550 66 2","contact:website":"https://www.mestizagbg.se/","level":"0","name":"Mestiza","opening_hours":"Mo-Tu,Su off; We-Sa 17:00-23:00","payment:cash":"yes","payment:credit_cards":"yes","payment:cryptocurrencies":"no","payment:debit_cards":"yes","reservation":"yes","smoking":"no","toilets":"yes","wheelchair":"yes"}},"geometry":{"type":"Point","coordinates":[11.9572445,57.695341]}},{"type":"Feature","properties":{"id":9480676317,"osm_type":"node","name":"Jimmy & Joans","category":"restaurant","tags":{"amenity":"restaurant","name":"Jimmy & Joans","payment:cryptocurrencies":"no","smoking":"no"}},"geometry":{"type":"Point","coordinates":[11.9744781,57.6998387]}},{"type":"Feature","properties":{"id":9493127564,"osm_type":"node","name":"Utopia Jazz","category":"restaurant","tags":{"amenity":"bar","club":"jazz","genre":"jazz","live_music":"yes","music":"jazz","music_genre":"jazz","name":"Utopia Jazz","smoking":"no","website":"https://utopiajazz.com/","wikidata":"Q113005086"}},"geometry":{"type":"Point","coordinates":[11.9323689,57.6984268]}},{"type":"Feature","properties":{"id":9631674361,"osm_type":"node","name":"Sannegårdens Pizzeria","category":"restaurant","tags":{"addr:city":"Göteborg","addr:country":"SE","addr:housenumber":"52","addr:postcode":"41673","addr:street":"Munkebäcks Allé","amenity":"restaurant","branch":"Munkebäck","brand:wikidata":"Q106998147","cuisine":"pizza","diet:vegetarian":"yes","drive_through":"no","name":"Sannegårdens Pizzeria"}},"geometry":{"type":"Point","coordinates":[12.0256712,57.7199139]}},{"type":"Feature","properties":{"id":9711349969,"osm_type":"node","name":"Pizzeria Florida","category":"restaurant","tags":{"addr:city":"Göteborg","addr:country":"SE","addr:housenumber":"6","addr:postcode":"41832","addr:street":"Väderlekstorget","amenity":"restaurant","cuisine":"pizza","name":"Pizzeria Florida","opening_hours":"Mo-Su 12:00-21:00","payment:cryptocurrencies":"no","smoking":"no"}},"geometry":{"type":"Point","coordinates":[11.8872264,57.7177871]}},{"type":"Feature","properties":{"id":9726623310,"osm_type":"node","name":"Roberto","category":"restaurant","tags":{"addr:city":"Västra Frölunda","addr:country":"SE","addr:housenumber":"3","addr:postcode":"426 79","addr:street":"Piggvarsgatan","amenity":"restaurant","cuisine":"pizza","name":"Roberto","opening_hours":"Mo-Fr 11:00-21:00","payment:cryptocurrencies":"no","phone":"+46 31 690860","smoking":"no","website":"https://mat-meny.se/roberto-pizzeria/"}},"geometry":{"type":"Point","coordinates":[11.8668754,57.6605379]}},{"type":"Feature","properties":{"id":9847423307,"osm_type":"node","name":"Sushi Eki","category":"restaurant","tags":{"addr:country":"SE","addr:housenumber":"135","addr:street":"Gunnestorpsvägen","amenity":"restaurant","cuisine":"sushi","entrance":"yes","name":"Sushi Eki","payment:cryptocurrencies":"no","smoking":"no","toilets":"no"}},"geometry":{"type":"Point","coordinates":[11.9286459,57.7513186]}},{"type":"Feature","properties":{"id":9855163453,"osm_type":"node","name":"Shiro by Takame","category":"restaurant","tags":{"addr:city":"Göteborg","addr:country":"SE","addr:housenumber":"45","addr:postcode":"41753","addr:street":"Lindholmsallén","amenity":"restaurant","cuisine":"sushi","name":"Shiro by Takame","payment:cryptocurrencies":"no","phone":"+46 76 644 19 75","smoking":"no","website":"https://www.facebook.com/shirobytakame"}},"geometry":{"type":"Point","coordinates":[11.9372893,57.708197]}},{"type":"Feature","properties":{"id":9872746482,"osm_type":"node","name":"Pizzeria Casablanca","category":"restaurant","tags":{"amenity":"restaurant","cuisine":"pizza","entrance":"yes","name":"Pizzeria Casablanca","outdoor_seating":"yes","payment:cryptocurrencies":"no","smoking":"no"}},"geometry":{"type":"Point","coordinates":[11.9502725,57.7612811]}},{"type":"Feature","properties":{"id":9883479132,"osm_type":"node","name":"Gerd","category":"restaurant","tags":{"amenity":"cafe","cuisine":"coffee_shop","indoor_seating":"yes","name":"Gerd","outdoor_seating":"yes","smoking":"no"}},"geometry":{"type":"Point","coordinates":[11.9513065,57.6983026]}},{"type":"Feature","properties":{"id":9903524095,"osm_type":"node","name":"Taco Bar","category":"restaurant","tags":{"addr:city":"Göteborg","addr:country":"SE","addr:housenumber":"37","addr:postcode":"411 08","addr:street":"Kyrkogatan","amenity":"fast_food","brand":"Taco Bar","brand:wikidata":"Q10689652","cuisine":"tex-mex","drive_through":"no","indoor_seating":"yes","name":"Taco Bar","opening_hours":"Mo-We 11:00-22:00; Tu 11:00-01:00; Fr 11:00-23:00; Sa 11:30-01:00; Su 11:30-23:00","outdoor_seating":"yes","payment:cryptocurrencies":"no","phone":"+46313880183","smoking":"no","takeaway":"yes","website":"https://tacobar.se/restauranger/taco-bar-goteborg/"}},"geometry":{"type":"Point","coordinates":[11.9710137,57.7056642]}},{"type":"Feature","properties":{"id":9903661196,"osm_type":"node","name":"Wagners Bristo","category":"restaurant","tags":{"addr:city":"Göteborg","addr:country":"SE","addr:housenumber":"18","addr:postcode":"411 07","addr:street":"Östra Larmgatan","amenity":"restaurant","email":"info@wagnersbistro.se","name":"Wagners Bristo","opening_hours":"We-Fr 11:30-23:00; Sa 13:00-23:00","payment:cryptocurrencies":"no","phone":"+46313636777","smoking":"no","website":"https://www.wagnersbistro.se/"}},"geometry":{"type":"Point","coordinates":[11.9711357,57.7049484]}},{"type":"Feature","properties":{"id":9911337988,"osm_type":"node","name":"Tsuki Hana","category":"restaurant","tags":{"amenity":"restaurant","cuisine":"sushi","name":"Tsuki Hana","smoking":"no"}},"geometry":{"type":"Point","coordinates":[12.0714178,57.7322887]}},{"type":"Feature","properties":{"id":9911468035,"osm_type":"node","name":"Cyrano","category":"restaurant","tags":{"addr:country":"SE","addr:housenumber":"33","addr:street":"Göteborgsvägen","amenity":"restaurant","branch":"Sävedalen","cuisine":"french","name":"Cyrano","payment:cryptocurrencies":"no","smoking":"no","website":"https://www.cyrano.se/Restaurant/Detail?Url=cyrano-sävedalen"}},"geometry":{"type":"Point","coordinates":[12.0642215,57.7311611]}},{"type":"Feature","properties":{"id":9911484007,"osm_type":"node","name":"John Scott's","category":"restaurant","tags":{"addr:city":"Partille","addr:country":"SE","addr:housename":"Partille arena","addr:housenumber":"1","addr:place":"Arenatorget","addr:postcode":"433 38","amenity":"pub","branch":"Partille","name":"John Scott's","opening_hours":"Mo,Tu 12:00-21:00, We,Th 12:00-22:00, Fr,Sa 12:00-24:00, Su 12:00-20:00"}},"geometry":{"type":"Point","coordinates":[12.1179436,57.7401306]}},{"type":"Feature","properties":{"id":9911484013,"osm_type":"node","name":"Delissimo","category":"restaurant","tags":{"addr:country":"SE","addr:housenumber":"3","addr:street":"Portgången","amenity":"restaurant","check_date":"2025-05-08","cuisine":"pizza;italian;italian_pizza","email":"info@delissimo.se","name":"Delissimo","opening_hours":"Su-Th 11:00-20:00; Fr,Sa 11:00-21:00","payment:cash":"yes","payment:credit_cards":"yes","payment:debit_cards":"yes","phone":"+46 704441404","website":"http://delissimo.se","wheelchair":"yes"}},"geometry":{"type":"Point","coordinates":[12.1214171,57.7403988]}},{"type":"Feature","properties":{"id":9911497051,"osm_type":"node","name":"Partille Sushi","category":"restaurant","tags":{"amenity":"restaurant","cuisine":"sushi","name":"Partille Sushi","smoking":"no"}},"geometry":{"type":"Point","coordinates":[12.1070164,57.739389]}},{"type":"Feature","properties":{"id":9915324996,"osm_type":"node","name":"Hasselssons Macklucka","category":"restaurant","tags":{"access":"yes","addr:city":"Göteborg","addr:country":"SE","addr:housenumber":"10","addr:postcode":"411 22","addr:street":"Skanstorget","amenity":"fast_food","contact:email":"info@hasselsons.com","contact:facebook":"https://www.facebook.com/hasselsson/","contact:instagram":"https://www.instagram.com/hasselssons_macklucka","contact:phone":"+46 76 020 23 60","contact:tiktok":"https://www.tiktok.com/@https:","contact:website:menu":"https://static1.squarespace.com/static/662f3f248583da1fcf0940af/t/664e044c64f7ce7c5f4a6b1a/1716388942586/Meny_mackluckan_final.png","cuisine":"sandwich","diet:vegetarian":"yes","drive_through":"no","entrance":"yes","level":"0","name":"Hasselssons Macklucka","opening_hours":"Mo off; Tu-Sa 11:00-16:00; Su 12:00-16:00","outdoor_seating":"yes","payment:cash":"yes","payment:credit_cards":"yes","payment:debit_cards":"yes","smoking":"no","wheelchair":"limited"}},"geometry":{"type":"Point","coordinates":[11.9574507,57.6953063]}},{"type":"Feature","properties":{"id":9915324997,"osm_type":"node","name":"Minimal","category":"restaurant","tags":{"access":"yes","addr:housenumber":"9","addr:street":"Skanstorget","amenity":"restaurant","bar":"yes","check_date":"2026-05-08","check_date:opening_hours":"2026-05-08","contact:instagram":"https://www.instagram.com/barminimal","contact:phone":"+46 79 351 80 00","contact:website":"https://barminimal.com/","entrance":"yes","level":"0","name":"Minimal","opening_hours":"Tu-Sa 17:00-22:00","payment:cash":"yes","payment:credit_cards":"yes","payment:debit_cards":"yes","reservation":"yes","smoking":"no","takeaway":"yes","toilets":"yes","wheelchair":"no"}},"geometry":{"type":"Point","coordinates":[11.9575705,57.695278]}},{"type":"Feature","properties":{"id":9915324998,"osm_type":"node","name":"Pizzabutik Gambero","category":"restaurant","tags":{"access":"private","addr:city":"Göteborg","addr:country":"SE","addr:housenumber":"5","addr:postcode":"411 22","addr:street":"Övre Husargatan","air_conditioning":"yes","amenity":"fast_food","contact:email":"info@pizzeriagambero.se","contact:facebook":"Pizzeria-Gambero-103376371092282","contact:instagram":"pizzeriagambero","contact:phone":"+4631134013","contact:website":"https://pizzeriagambero.com/","cuisine":"burger;kebab;pizza","diet:vegetarian":"yes","drive_through":"no","entrance":"yes","level":"0","name":"Pizzabutik Gambero","opening_hours":"Mo-Th 11:00-22:00; Fr 11:00-23:00; Sa 12:00-23:00; Su 12:00-22:00","outdoor_seating":"yes","payment:cash":"yes","payment:credit_cards":"yes","payment:debit_cards":"yes","smoking":"no","takeaway":"yes","toilets":"no","wheelchair":"limited"}},"geometry":{"type":"Point","coordinates":[11.9576297,57.6947986]}},{"type":"Feature","properties":{"id":9915324999,"osm_type":"node","name":"Mexikanska Monarkin","category":"restaurant","tags":{"access":"yes","addr:city":"Göteborg","addr:country":"SE","addr:housenumber":"4","addr:postcode":"411 22","addr:street":"Kastellgatan","amenity":"restaurant","contact:email":"hola@mexikanskamonarkin.se","contact:facebook":"https://www.facebook.com/MexikanskaMonarkin/","contact:instagram":"https://www.instagram.com/mexikanskamonarkin","contact:phone":"+46 31 135 53 2","contact:website":"http://mexikanskamonarkin.com/","contact:website:menu":"https://en.mexikanskamonarkin.se/meny","cuisine":"mexican","diet:vegan":"yes","diet:vegetarian":"yes","entrance":"yes","level":"0","name":"Mexikanska Monarkin","outdoor_seating":"yes","payment:cash":"yes","payment:credit_cards":"yes","payment:cryptocurrencies":"no","payment:debit_cards":"yes","reservation":"yes","smoking":"no","takeaway":"yes","toilets":"yes","toilets:menstrual_products":"no","wheelchair":"limited"}},"geometry":{"type":"Point","coordinates":[11.9568247,57.6951981]}},{"type":"Feature","properties":{"id":9915325004,"osm_type":"node","name":"Thai Food & Take Away","category":"restaurant","tags":{"access":"yes","addr:city":"Göteborg","addr:housenumber":"5","addr:postcode":"411 22","addr:street":"Risåsgatan","air_conditioning":"yes","amenity":"restaurant","contact:facebook":"https://www.facebook.com/thaifoodandtakeaway/","contact:phone":"+46 31 134 00 4","contact:website":"https://thaifoodandtakeaway.se/","contact:website:menu":"https://thaifoodandtakeaway.se/meny/","cuisine":"thai","entrance":"yes","level":"0","name":"Thai Food & Take Away","opening_hours":"Mo-Th 11:00-20:00; Fr 11:00-20:30; Sa-Su 13:00-21:00","outdoor_seating":"no","payment:cryptocurrencies":"no","payment:mastercard":"yes","payment:visa":"yes","smoking":"no","takeaway":"yes","wheelchair":"no"}},"geometry":{"type":"Point","coordinates":[11.9562598,57.6944358]}},{"type":"Feature","properties":{"id":9915325005,"osm_type":"node","name":"Human","category":"restaurant","tags":{"access":"yes","addr:city":"Göteborg","addr:country":"SE","addr:housenumber":"8","addr:postcode":"413 07","addr:street":"Risåsgatan","amenity":"restaurant","contact:email":"info@humanrestaurang.se","contact:instagram":"https://www.instagram.com/humanrestaurang","contact:phone":"+46 31 531 53 3","contact:website":"https://www.humanrestaurang.se/","entrance":"yes","level":"0","name":"Human","payment:cash":"yes","payment:credit_cards":"yes","payment:cryptocurrencies":"no","payment:debit_cards":"yes","smoking":"no","wheelchair":"no"}},"geometry":{"type":"Point","coordinates":[11.9560609,57.6943777]}},{"type":"Feature","properties":{"id":9915384223,"osm_type":"node","name":"Cyrano","category":"restaurant","tags":{"access":"yes","addr:city":"Göteborg","addr:country":"SE","addr:housenumber":"7","addr:postcode":"413 05","addr:street":"Prinsgatan","amenity":"restaurant","contact:phone":"+46 (0) 31 14 31 10","contact:website":"http://www.cyrano.se/","cuisine":"pizza","entrance":"yes","name":"Cyrano","opening_hours":"Mo-Th 17:00-23:00; Fr 17:00-24:00+; Sa 14:00-24:00+; Su 14:00-21:00","payment:cryptocurrencies":"no","smoking":"no"}},"geometry":{"type":"Point","coordinates":[11.9495211,57.6964589]}},{"type":"Feature","properties":{"id":9915384224,"osm_type":"node","name":"TomToms","category":"restaurant","tags":{"access":"yes","amenity":"fast_food","brand":"TomToms","brand:email":"tom@tomtoms.se","brand:facebook":"https://www.facebook.com/tomtomsburrito","brand:website":"https://www.tomtoms.se/","contact:phone":"+46 31 142440","contact:yelp":"https://www.yelp.se/biz/tomtoms-burritos-g%C3%B6teborg","cuisine":"mexican","entrance":"yes","name":"TomToms","opening_hours":"Mo-Th 11:30-20:30; Fr 11:30-21:00; Sa 12:00-21:00; Su 12:00-18:00","takeaway":"yes"}},"geometry":{"type":"Point","coordinates":[11.9493136,57.6963105]}},{"type":"Feature","properties":{"id":9915384227,"osm_type":"node","name":"Cicero","category":"restaurant","tags":{"access":"yes","addr:city":"Göteborg","addr:country":"SE","addr:housenumber":"32","addr:postcode":"411 24","addr:street":"Vasagatan","amenity":"restaurant","contact:phone":"+46 073 152 80 45","contact:website":"https://cicerovasa.se/","name":"Cicero","smoking":"no"}},"geometry":{"type":"Point","coordinates":[11.9685555,57.6986764]}},{"type":"Feature","properties":{"id":9915384228,"osm_type":"node","name":"Würst","category":"restaurant","tags":{"access":"yes","addr:city":"Göteborg","addr:country":"SE","addr:housenumber":"2","addr:postcode":"413 07","addr:street":"Djupedalsgatan","air_conditioning":"yes","amenity":"restaurant","brewery":"Bitburger;Weihenstephaner;Röstritzer;Löwenbräu;Raderberger","check_date":"2025-12-12","contact:email":"bokabord@wurst.se","contact:facebook":"https://www.facebook.com/artisanwurst/","contact:instagram":"https://www.instagram.com/wurstartisan","contact:phone":"+46 31 493 09 7","contact:website":"https://www.wurst.se/","contact:website:menu":"https://wurst.se/food/","entrance":"yes","indoor_seating":"yes","level":"0","name":"Würst","outdoor_seating":"yes","payment:cash":"yes","payment:credit_cards":"yes","payment:cryptocurrencies":"no","payment:debit_cards":"yes","smoking":"no","toilets":"yes","toilets:menstrual_products":"no","wheelchair":"limited"}},"geometry":{"type":"Point","coordinates":[11.9530811,57.6950464]}},{"type":"Feature","properties":{"id":9915384233,"osm_type":"node","name":"Karlsson's Garage","category":"restaurant","tags":{"access":"yes","addr:city":"Göteborg","addr:country":"SE","addr:housenumber":"54","addr:postcode":"41308","addr:street":"Linnégatan","air_conditioning":"yes","amenity":"restaurant","bar":"yes","brewery":"yes","contact:email":"info@karlsonsgarage.se","contact:facebook":"https://www.facebook.com/karlsonsgarage/","contact:instagram":"https://www.instagram.com/karlsonsgarage","contact:phone":"+46 31-42 11 15","contact:website":"http://www.karlsonsgarage.com","entrance":"yes","indoor_seating":"yes","name":"Karlsson's Garage","opening_hours":"Mo 16:00-24:00; Tu-Th 16:00-01:00, Fr 15:00-01:00, Sa 13:00-01:00, Su 13:00-24:00","outdoor_seating":"yes","payment:cash":"yes","payment:credit_cards":"yes","payment:cryptocurrencies":"no","payment:debit_cards":"yes","smoking":"no","toilets":"yes","toilets:menstrual_products":"no"}},"geometry":{"type":"Point","coordinates":[11.9529342,57.6934445]}},{"type":"Feature","properties":{"id":9915384234,"osm_type":"node","name":"Brunchoteket","category":"restaurant","tags":{"access":"yes","addr:city":"Göteborg","addr:country":"SE","addr:housenumber":"56","addr:postcode":"41308","addr:street":"Linnégatan","amenity":"restaurant","contact:email":"hello@brunchoteket.se","contact:facebook":"https://www.facebook.com/brunchoteket/","contact:instagram":"https://www.instagram.com/brunchoteket","contact:phone":"+46 73 965 77 48","contact:tiktok":"https://www.tiktok.com/@https:","contact:website":"https://www.brunchoteket.se/","cuisine":"breakfast;sandwich;salad","diet:gluten_free":"yes","diet:vegetarian":"yes","entrance":"yes","microbrewery":"no","name":"Brunchoteket","opening_hours":"09:00-17:00","outdoor_seating":"yes","payment:cash":"no","payment:credit_cards":"yes","payment:cryptocurrencies":"no","payment:debit_cards":"yes","reservation":"no","smoking":"no","takeaway":"yes","toilets":"yes","toilets:menstrual_products":"no","website:menu":"https://usercontent.one/wp/www.brunchoteket.se/wp-content/uploads/2024/07/Msummer24-.pdf","wheelchair":"no"}},"geometry":{"type":"Point","coordinates":[11.9529642,57.6932629]}},{"type":"Feature","properties":{"id":9915384235,"osm_type":"node","name":"Mykonos Grekisk Taverna","category":"restaurant","tags":{"access":"yes","addr:city":"Göteborg","addr:country":"SE","addr:housenumber":"58","addr:postcode":"413 08","addr:street":"Linnégatan","amenity":"restaurant","contact:phone":"+46 31 145 77 0","contact:website":"http://www.mykonos.se","contact:website:menu":"https://www.mykonos.se/meny-pitameny.aspx","cuisine":"greek","entrance":"yes","name":"Mykonos Grekisk Taverna","opening_hours":"Mo-Th 11:00-22:00; Fr 11:00-23:00; Sa 13:00-23:00; Su 13:00-21:00","payment:cash":"yes","payment:credit_cards":"yes","payment:cryptocurrencies":"no","payment:debit_cards":"yes","reservation":"yes","smoking":"no","toilets":"yes","wheelchair":"limited"}},"geometry":{"type":"Point","coordinates":[11.9529805,57.6931423]}},{"type":"Feature","properties":{"id":9915384236,"osm_type":"node","name":"Sushi Lee","category":"restaurant","tags":{"addr:city":"Göteborg","addr:country":"SE","addr:housenumber":"60","addr:postcode":"413 08","addr:street":"Linnégatan","amenity":"restaurant","contact:email":"sushileeg@outlook.com","contact:instagram":"https://www.instagram.com/sushileeg","contact:phone":"+46 70 4268546","contact:website":"https://qopla.com/restaurant/sushi-lee-g/qGoXOXj1rY/home","cuisine":"sushi","indoor_seating":"yes","name":"Sushi Lee","note":"this café has changed name rather often lately","old_name":"Moment","opening_hours":"Mo-We 11:00-19:10; Th-Fr 11:00-21:10; Sa-Su 12:00-21:10","outdoor_seating":"yes","payment:cash":"yes","payment:credit_cards":"yes","payment:cryptocurrencies":"no","payment:debit_cards":"yes","smoking":"no","wheelchair":"yes"}},"geometry":{"type":"Point","coordinates":[11.9529957,57.6930125]}},{"type":"Feature","properties":{"id":9915384246,"osm_type":"node","name":"Deshi Kitchen","category":"restaurant","tags":{"addr:housenumber":"24","addr:street":"Sveagatan","air_conditioning":"yes","amenity":"restaurant","check_date":"2026-05-06","check_date:diet:vegetarian":"2026-05-06","contact:email":"deshikitchen23@gmail.com","contact:instagram":"https://www.instagram.com/deshikitchen_","contact:phone":"+46 31 15 10 07","contact:website":"https://www.deshikitchen.se/","contact:website:menu":"https://www.deshikitchen.se/alacarte/","cuisine":"indian","diet:vegetarian":"yes","entrance":"yes","indoor_seating":"yes","level":"0","microbrewery":"no","name":"Deshi Kitchen","old_name":"Kathmandu","opening_hours":"Mo-Fr 11:00-22:00; Sa 12:00-22:00; Su 12:00-21:30","outdoor_seating":"yes","payment:cash":"yes","payment:credit_cards":"yes","payment:debit_cards":"yes","reservation":"yes","smoking":"no","takeaway":"yes","toilets":"yes"}},"geometry":{"type":"Point","coordinates":[11.9546375,57.6927088]}},{"type":"Feature","properties":{"id":9915384247,"osm_type":"node","name":"Geisha Sushi & Wok","category":"restaurant","tags":{"access":"yes","air_conditioning":"yes","amenity":"fast_food","check_date":"2026-05-03","check_date:diet:gluten_free":"2026-05-03","check_date:diet:vegan":"2026-05-03","contact:email":"Info@geishasushi.se","contact:facebook":"GeishaSushiWok","contact:instagram":"geishasushiwok","contact:phone":"+46 31 138245","contact:website":"https://geishasushi.se/","contact:website:menu":"https://geishasushi.se/meny/","cuisine":"japanese;sushi","diet:gluten_free":"only","diet:vegan":"only","diet:vegetarian":"yes","drive_through":"no","entrance":"yes","highchair":"no","indoor_seating":"yes","level":"0","name":"Geisha Sushi & Wok","opening_hours":"Mo-Fr 11:00-21:00; Sa-Su 11:30-21:00","outdoor_seating":"only","payment:credit_cards":"yes","payment:debit_cards":"yes","payment:mastercard":"yes","payment:visa":"yes","smoking":"no","takeaway":"yes","toilets:menstrual_products":"no","wheelchair":"no"}},"geometry":{"type":"Point","coordinates":[11.9553545,57.6926732]}},{"type":"Feature","properties":{"id":9915384248,"osm_type":"node","name":"Gyllene Prag","category":"restaurant","tags":{"access":"yes","addr:housenumber":"25","addr:street":"Sveagatan","air_conditioning":"yes","amenity":"restaurant","bar":"yes","brewery":"Tankovna;various","changing_table":"yes","check_date":"2026-04-02","contact:facebook":"gyllenepraggbg","contact:instagram":"gyllene_prag_goteborg","contact:phone":"+46 31-13 62 62","contact:website":"https://gylleneprag.se/","contact:website:menu":"https://gylleneprag.se/maten","cuisine":"Eastern European","diet:gluten_free":"yes","diet:vegan":"yes","diet:vegetarian":"yes","entrance":"yes","indoor_seating":"yes","internet_access":"yes","level":"0","microbrewery":"no","name":"Gyllene Prag","opening_hours":"Mo-Fr 11:00+; Sa-Su 12:00+","outdoor_seating":"yes","payment:credit_cards":"yes","payment:cryptocurrencies":"no","payment:debit_cards":"yes","payment:mastercard":"yes","payment:visa":"yes","reservation":"yes","smoking":"no","source":"survey","start_date":"1973","takeaway":"yes","toilets":"yes","toilets:menstrual_products":"no","toilets:wheelchair":"yes","wheelchair":"limited","wikimedia_commons":"File:Gyllene Prag.JPG"}},"geometry":{"type":"Point","coordinates":[11.9544144,57.6924814]}},{"type":"Feature","properties":{"id":9917128662,"osm_type":"node","name":"Café Anatomen","category":"restaurant","tags":{"air_conditioning":"yes","amenity":"cafe","diet:vegetarian":"yes","indoor_seating":"yes","internet_access":"wlan","internet_access:fee":"customers","name":"Café Anatomen","opening_hours":"Mo-Th 08:00-16:00; Fr 08:00-15:30; Sa-Su off","operator":"Compass Group","outdoor_seating":"no","payment:mastercard":"yes","payment:visa":"yes","smoking":"no","website":"https://www.compass-group.se/matdryck/restauranger/goteborg/goteborgs-universitet/restauranger--cafeer/cafe-anatomen/","wheelchair":"yes"}},"geometry":{"type":"Point","coordinates":[11.9613115,57.6846199]}},{"type":"Feature","properties":{"id":9918128661,"osm_type":"node","name":"Dirty Records","category":"restaurant","tags":{"amenity":"bar","name":"Dirty Records","shop":"music","website":"dirtyrecordsgbg.se"}},"geometry":{"type":"Point","coordinates":[11.9513096,57.6993671]}},{"type":"Feature","properties":{"id":9925477211,"osm_type":"node","name":"Piccolo Restaurang & Pub","category":"restaurant","tags":{"addr:country":"SE","addr:housenumber":"80","addr:street":"Göteborgsvägen","amenity":"restaurant","name":"Piccolo Restaurang & Pub","smoking":"no","website":"https://www.restaurangpiccolo.se"}},"geometry":{"type":"Point","coordinates":[12.0743719,57.7328321]}},{"type":"Feature","properties":{"id":9926217131,"osm_type":"node","name":"Kappa Bar","category":"restaurant","tags":{"addr:city":"Göteborg","addr:country":"SE","addr:housenumber":"8","addr:street":"Rosenlundsgatan","amenity":"restaurant","cuisine":"burger","fixme":"location","name":"Kappa Bar","opening_hours":"Tu-Th 17:00-24:00, Fr,Sa 13:00-01:00, Su 17:00-22:00","payment:cryptocurrencies":"no","smoking":"no","website":"https://kappabar.se"}},"geometry":{"type":"Point","coordinates":[11.9584827,57.7011913]}},{"type":"Feature","properties":{"id":9926763003,"osm_type":"node","name":"Grillogården","category":"restaurant","tags":{"addr:country":"SE","addr:housenumber":"91","addr:street":"Göteborgsvägen","amenity":"fast_food","check_date":"2025-05-08","cuisine":"burger","drive_through":"no","email":"savedalen@grillogarden.se","name":"Grillogården","opening_hours":"Mo-Th 11:00-21:00; Fr 11:00-22:00; Sa 12:00-22:00; Su 12:00-21:00","opening_hours:drive_through":"Mo-Th 11:00-21:00; Fr 11:00-22:00; Sa 12:00-22:00; Su 12:00-21:00","payment:cash":"yes","payment:credit_cards":"yes","payment:debit_cards":"yes","phone":"+46 31 181 91 5","was:name":"Sävedalens Kvarterskrog & Pizzeria","website":"https://www.grillogarden.se/s%C3%A4vedalen"}},"geometry":{"type":"Point","coordinates":[12.0778898,57.7329016]}},{"type":"Feature","properties":{"id":9928243479,"osm_type":"node","name":"Espresso House","category":"restaurant","tags":{"addr:country":"SE","addr:housenumber":"15","addr:street":"Diagnosvägen","air_conditioning":"yes","amenity":"cafe","bar":"no","branch":"Östra sjukhuset","brand":"Espresso House","brand:wikidata":"Q10489162","check_date":"2025-05-11","check_date:opening_hours":"2025-05-11","cuisine":"coffee_shop","internet_access":"wlan","internet_access:fee":"no","name":"Espresso House","opening_hours":"Mo-Fr 07:00-18:00; Sa,Su 09:00-16:00","payment:mastercard":"yes","payment:visa":"yes","phone":"+46 76 521 94 20","smoking":"no","takeaway":"yes","website":"https://espressohouse.com/coffee-shops/stra-sjukhuset/"}},"geometry":{"type":"Point","coordinates":[12.0528534,57.7214377]}},{"type":"Feature","properties":{"id":9935629091,"osm_type":"node","name":"Contrast","category":"restaurant","tags":{"addr:city":"Göteborg","addr:country":"SE","addr:housenumber":"16","addr:postcode":"413 03","addr:street":"Tredje Långgatan","amenity":"pub","contact:email":"info@contrastgbg.se","contact:facebook":"https://www.facebook.com/ContrastGBG/","contact:instagram":"https://www.instagram.com/contrastgbg","contact:phone":"+46 73 443 15 71","contact:website":"https://contrastgbg.se/","contact:website:menu":"https://contrastgbg.se/meny","name":"Contrast","payment:cash":"yes","payment:credit_cards":"yes","payment:debit_cards":"yes","reservation":"yes","smoking":"no","toilets":"yes"}},"geometry":{"type":"Point","coordinates":[11.9503257,57.6985544]}},{"type":"Feature","properties":{"id":9935665407,"osm_type":"node","name":"Jinx Food Track","category":"restaurant","tags":{"amenity":"fast_food","name":"Jinx Food Track"}},"geometry":{"type":"Point","coordinates":[11.9626204,57.7029079]}},{"type":"Feature","properties":{"id":9944495497,"osm_type":"node","name":"Manniny","category":"restaurant","tags":{"amenity":"cafe","cuisine":"coffee_shop;italian;sandwich","diet:vegetarian":"yes","name":"Manniny","opening_hours":"Mo-Fr 07:30-18:30, Sa-Su 09:00-18:00","outdoor_seating":"yes","smoking":"no","website":"https://www.instagram.com/manniny_vasa18"}},"geometry":{"type":"Point","coordinates":[11.965954,57.6982677]}},{"type":"Feature","properties":{"id":9969233460,"osm_type":"node","name":"Café Stigbergs","category":"restaurant","tags":{"amenity":"cafe","name":"Café Stigbergs","smoking":"no"}},"geometry":{"type":"Point","coordinates":[11.9350387,57.6990627]}},{"type":"Feature","properties":{"id":9982857417,"osm_type":"node","name":"Restaurant & Pizzeria","category":"restaurant","tags":{"amenity":"restaurant","cuisine":"italian_pizza;kebab","name":"Restaurant & Pizzeria","payment:cryptocurrencies":"no"}},"geometry":{"type":"Point","coordinates":[11.9743456,57.7230449]}},{"type":"Feature","properties":{"id":10020366834,"osm_type":"node","name":"Matsmak","category":"restaurant","tags":{"amenity":"restaurant","name":"Matsmak","payment:cryptocurrencies":"no","smoking":"no","website":"https://www.matsmak.se/"}},"geometry":{"type":"Point","coordinates":[11.9911527,57.7052993]}},{"type":"Feature","properties":{"id":10034526439,"osm_type":"node","name":"Bennes Pasta","category":"restaurant","tags":{"addr:city":"Göteborg","addr:country":"SE","addr:housenumber":"12","addr:postcode":"411 01","addr:street":"Friggagatan","amenity":"restaurant","cuisine":"pasta","name":"Bennes Pasta","opening_hours":"Mo-Th 11:00-20:00; Fr 11:00-21:00; Sa 12:00-21:00; Su 12:00-20:00","payment:cryptocurrencies":"no","phone":"+46 31 93 31 00","smoking":"no","website":"https://bennepastabar.se/"}},"geometry":{"type":"Point","coordinates":[11.987342,57.7111251]}},{"type":"Feature","properties":{"id":10039132264,"osm_type":"node","name":"Poppels Citybryggeri","category":"restaurant","tags":{"addr:city":"Göteborg","addr:country":"SE","addr:housenumber":"1","addr:postcode":"411 04","addr:street":"Vikingsgatan","amenity":"restaurant","contact:email":"boka@citybryggeriet.se","contact:instagram":"poppelscitybryggeri","contact:phone":"+46 70-215 00 72","contact:website":"https://www.poppels.se/citybryggeriet/","name":"Poppels Citybryggeri","opening_hours":"Mo 11:30-14:00; Tu-Th 11:30-23:00; Fr 11:30-00:00; Sa 13:00-23:00","payment:cryptocurrencies":"no","smoking":"no"}},"geometry":{"type":"Point","coordinates":[11.9713132,57.7136574]}},{"type":"Feature","properties":{"id":10049430158,"osm_type":"node","name":"Golly!","category":"restaurant","tags":{"amenity":"restaurant","check_date":"2026-04-27","cuisine":"pasta","name":"Golly!","opening_hours":"Mo-Fr 11:00-19:00; Sa 12:00-18:00; Su off","payment:cryptocurrencies":"no","smoking":"no"}},"geometry":{"type":"Point","coordinates":[11.9831983,57.6868343]}},{"type":"Feature","properties":{"id":10069261841,"osm_type":"node","name":"I Love Pizza","category":"restaurant","tags":{"amenity":"restaurant","name":"I Love Pizza","smoking":"no"}},"geometry":{"type":"Point","coordinates":[11.9486663,57.6507081]}},{"type":"Feature","properties":{"id":10097632815,"osm_type":"node","name":"Lejonet & Björnen","category":"restaurant","tags":{"amenity":"ice_cream","brand":"Lejonet & Björnen","indoor_seating":"no","outdoor_seating":"yes","seasonal":"summer","smoking":"no"}},"geometry":{"type":"Point","coordinates":[11.9476319,57.683429]}},{"type":"Feature","properties":{"id":10113366077,"osm_type":"node","name":"Systrarna Werner","category":"restaurant","tags":{"addr:city":"Billdal","addr:country":"SE","addr:housenumber":"40","addr:postcode":"42736","addr:street":"Billdals Allé","amenity":"cafe","name":"Systrarna Werner","opening_hours":"Mo-Su 09:00-17:00","outdoor_seating":"yes","website":"https://systrarnawerner.se/"}},"geometry":{"type":"Point","coordinates":[11.9440325,57.5839342]}},{"type":"Feature","properties":{"id":10115048075,"osm_type":"node","name":"Domino's","category":"restaurant","tags":{"amenity":"fast_food","brand":"Domino's","brand:wikidata":"Q839466","check_date":"2024-08-07","cuisine":"pizza","indoor_seating":"yes","name":"Domino's","opening_hours":"Su-Th 11:00-22:00; Fr,Sa 11:00-22:30","outdoor_seating":"no","takeaway":"yes"}},"geometry":{"type":"Point","coordinates":[11.9198264,57.6942617]}},{"type":"Feature","properties":{"id":10115048094,"osm_type":"node","name":"Posidonas","category":"restaurant","tags":{"amenity":"restaurant","cuisine":"greek","diet:vegetarian":"yes","indoor_seating":"yes","name":"Posidonas","outdoor_seating":"no"}},"geometry":{"type":"Point","coordinates":[11.9180328,57.6934214]}},{"type":"Feature","properties":{"id":10115048096,"osm_type":"node","name":"Burger House","category":"restaurant","tags":{"addr:city":"Göteborg","addr:postcode":"414 55","addr:street":"Karl Johansgatan","amenity":"restaurant","cuisine":"burger;kebab","diet:vegan":"yes","diet:vegetarian":"yes","indoor_seating":"yes","name":"Burger House","outdoor_seating":"no","payment:cryptocurrencies":"no","smoking":"no"}},"geometry":{"type":"Point","coordinates":[11.917923,57.6933269]}},{"type":"Feature","properties":{"id":10127942194,"osm_type":"node","name":"Angelini","category":"restaurant","tags":{"addr:housenumber":"23","addr:street":"Nils Ericsonsgatan","amenity":"restaurant","cuisine":"american;italian","level":"0","name":"Angelini","opening_hours":"Mo-Fr 06:30-10:00, 11:30-23:00; Sa 07:00-11:00, 13:00-23:00; Su 07:00-11:00","payment:cryptocurrencies":"no","smoking":"no","website":"https://ligula.se/angelini-goteborg/"}},"geometry":{"type":"Point","coordinates":[11.9712647,57.7079858]}},{"type":"Feature","properties":{"id":10131088859,"osm_type":"node","name":"Cyrano","category":"restaurant","tags":{"addr:city":"Västra Frölunda","addr:country":"SE","addr:housenumber":"23","addr:postcode":"42671","addr:street":"Långedragsvägen","amenity":"restaurant","cuisine":"pizza","diet:vegetarian":"yes","name":"Cyrano","opening_hours":"Mo-Th 11:00-21:00; Fr 11:00-22:00; Sa 12:00-22:00; Su 12:00-21:00","payment:cryptocurrencies":"no","smoking":"no","website":"https://cyrano.se/Restaurant/Detail?Url=cyrano-kungssten"}},"geometry":{"type":"Point","coordinates":[11.8988058,57.679917]}},{"type":"Feature","properties":{"id":10140505936,"osm_type":"node","name":"Luckan","category":"restaurant","tags":{"addr:country":"SE","addr:floor":"3","addr:housenumber":"5","addr:street":"Journalvägen","air_conditioning":"yes","amenity":"cafe","bar":"no","contact:email":"cafeluckan@gmail.com","contact:facebook":"https://www.facebook.com/profile.php?id=100054279920351","contact:phone":"+46 31 343 43 40","internet_access":"wlan","internet_access:fee":"no","level":"2","name":"Luckan","payment:mastercard":"yes","payment:visa":"yes","smoking":"no","wheelchair":"yes"}},"geometry":{"type":"Point","coordinates":[12.0537896,57.7212954]}},{"type":"Feature","properties":{"id":10151740656,"osm_type":"node","name":"Moreno Pizza","category":"restaurant","tags":{"amenity":"restaurant","name":"Moreno Pizza","payment:cryptocurrencies":"no","smoking":"no"}},"geometry":{"type":"Point","coordinates":[11.9331138,57.6985714]}},{"type":"Feature","properties":{"id":10218613409,"osm_type":"node","name":"Mors mössa","category":"restaurant","tags":{"amenity":"cafe","cuisine":"pizza;ice_cream","name":"Mors mössa","opening_hours":"Mo-Su 11:00-19:00","outdoor_seating":"yes","self_service":"yes"}},"geometry":{"type":"Point","coordinates":[11.9962327,57.8635679]}},{"type":"Feature","properties":{"id":10221257935,"osm_type":"node","name":"Subete Sushi","category":"restaurant","tags":{"addr:country":"SE","addr:housenumber":"60","addr:street":"Fabriksgatan","amenity":"fast_food","contact:facebook":"https://www.facebook.com/profile.php?id=100070590085528","contact:instagram":"https://www.instagram.com/subetesushi","contact:phone":"+46 31 352 11 10","contact:website":"https://subete-sushi-kupolen.business.site/","cuisine":"pizza;sushi","diet:vegan":"yes","diet:vegetarian":"yes","drive_through":"no","name":"Subete Sushi","opening_hours":"Mo off; Tu,Th 11:00-21:00; We,Fr 11:00-22:00; Sa 12:00-22:00; Su 12:00-21:00","payment:mastercard":"yes","payment:visa":"yes","wheelchair":"yes"}},"geometry":{"type":"Point","coordinates":[11.9950478,57.698236]}},{"type":"Feature","properties":{"id":10223612448,"osm_type":"node","name":"JOS","category":"restaurant","tags":{"addr:city":"Göteborg","addr:country":"SE","addr:housenumber":"35","addr:postcode":"417 55","addr:street":"Götaverksgatan","amenity":"restaurant","name":"JOS","opening_hours":"Mo-Fr 11:00-18:00; Sa-Su 11:00-16:00","payment:cryptocurrencies":"no","phone":"+46 31 168333","smoking":"no","website":"https://www.joshalsocafe.se/"}},"geometry":{"type":"Point","coordinates":[11.942895,57.7083882]}},{"type":"Feature","properties":{"id":10223667498,"osm_type":"node","name":"180g burgers","category":"restaurant","tags":{"amenity":"restaurant","cuisine":"burger","name":"180g burgers","opening_hours":"Öppnar inom kort","payment:cryptocurrencies":"no","smoking":"no"}},"geometry":{"type":"Point","coordinates":[11.9017591,57.723924]}},{"type":"Feature","properties":{"id":10246876578,"osm_type":"node","name":"Nöjds konditori","category":"restaurant","tags":{"addr:city":"Västra Frölunda","addr:country":"SE","addr:housenumber":"24","addr:postcode":"42671","addr:street":"Långedragsvägen","amenity":"cafe","diet:vegetarian":"yes","name":"Nöjds konditori","opening_hours":"Mo-Fr 07:00-15:00; Sa 09:00-16:00; Su 10:00-16:00","smoking":"no"}},"geometry":{"type":"Point","coordinates":[11.89849,57.6796179]}},{"type":"Feature","properties":{"id":10249711550,"osm_type":"node","name":"Sushi Koi","category":"restaurant","tags":{"amenity":"restaurant","cuisine":"sushi","name":"Sushi Koi","payment:cryptocurrencies":"no","smoking":"no"}},"geometry":{"type":"Point","coordinates":[11.9260991,57.6628668]}},{"type":"Feature","properties":{"id":10278294949,"osm_type":"node","name":"Nancy Corner pizzeria","category":"restaurant","tags":{"amenity":"fast_food","cuisine":"pizza","name":"Nancy Corner pizzeria"}},"geometry":{"type":"Point","coordinates":[11.9349038,57.6664994]}},{"type":"Feature","properties":{"id":10285786483,"osm_type":"node","name":"Partille Pizzeria","category":"restaurant","tags":{"addr:city":"Partille","addr:country":"SE","addr:housenumber":"1A","addr:postcode":"43334","addr:street":"Postgången","amenity":"restaurant","cuisine":"pizza","name":"Partille Pizzeria","old_name":"Ibbes Pizzeria","phone":"+46 31 449 553","website":"https://ibbespartille.se"}},"geometry":{"type":"Point","coordinates":[12.0956128,57.7354302]}},{"type":"Feature","properties":{"id":10296677852,"osm_type":"node","name":"Elmas Thaifood","category":"restaurant","tags":{"amenity":"restaurant","cuisine":"thai","diet:vegetarian":"yes","name":"Elmas Thaifood"}},"geometry":{"type":"Point","coordinates":[12.1170771,57.6570392]}},{"type":"Feature","properties":{"id":10314459052,"osm_type":"node","name":"Kockar och Kastruller","category":"restaurant","tags":{"amenity":"restaurant","name":"Kockar och Kastruller","phone":"+46317090550","website":"https://kockarkastruller.se/"}},"geometry":{"type":"Point","coordinates":[11.9267803,57.649454]}},{"type":"Feature","properties":{"id":10316675997,"osm_type":"node","name":"Ferraris kök","category":"restaurant","tags":{"addr:country":"SE","addr:housenumber":"13","addr:street":"J A Wettergrens Gata","amenity":"restaurant","name":"Ferraris kök","payment:cryptocurrencies":"no"}},"geometry":{"type":"Point","coordinates":[11.9408264,57.6651275]}},{"type":"Feature","properties":{"id":10316676000,"osm_type":"node","name":"Pekkas restaurang","category":"restaurant","tags":{"amenity":"restaurant","name":"Pekkas restaurang","payment:cryptocurrencies":"no"}},"geometry":{"type":"Point","coordinates":[11.9389251,57.665739]}},{"type":"Feature","properties":{"id":10377487032,"osm_type":"node","name":"Mister York","category":"restaurant","tags":{"addr:city":"Göteborg","addr:country":"SE","addr:housenumber":"53A","addr:postcode":"41139","addr:street":"Parkgatan","amenity":"restaurant","brand":"Mister York","brand:wikidata":"Q70613310","cuisine":"burger","name":"Mister York","opening_hours":"Mo-Su 11:00-22:00","payment:cryptocurrencies":"no","smoking":"no","website":"https://www.misteryork.se/ort/goteborg-gamla-ullevi"}},"geometry":{"type":"Point","coordinates":[11.9792423,57.7060759]}},{"type":"Feature","properties":{"id":10537895623,"osm_type":"node","name":"Saray grill","category":"restaurant","tags":{"air_conditioning":"yes","amenity":"restaurant","diet:vegetarian":"only","indoor_seating":"yes","name":"Saray grill","opening_hours":"Mo-Su 11:00-22:00","outdoor_seating":"no","smoking":"no"}},"geometry":{"type":"Point","coordinates":[11.9523918,57.6403256]}},{"type":"Feature","properties":{"id":10537895626,"osm_type":"node","name":"Rosegarden","category":"restaurant","tags":{"air_conditioning":"yes","amenity":"restaurant","diet:vegetarian":"only","indoor_seating":"yes","name":"Rosegarden","opening_hours":"Mo-Fr 11:00-19:00; Sa,Su 12:00-18:00","outdoor_seating":"no","smoking":"no"}},"geometry":{"type":"Point","coordinates":[11.9523963,57.6402382]}},{"type":"Feature","properties":{"id":10539106764,"osm_type":"node","name":"Subway","category":"restaurant","tags":{"amenity":"fast_food","brand":"Subway","brand:wikidata":"Q244457","cuisine":"sandwich","name":"Subway","opening_hours":"Mo 10:00-20:30; Tu-Su 10:00-20:00","takeaway":"yes"}},"geometry":{"type":"Point","coordinates":[11.9500497,57.6409548]}},{"type":"Feature","properties":{"id":10542931008,"osm_type":"node","name":"Teerak thai","category":"restaurant","tags":{"amenity":"restaurant","cuisine":"thai","name":"Teerak thai","payment:cryptocurrencies":"no"}},"geometry":{"type":"Point","coordinates":[11.9433614,57.6579244]}},{"type":"Feature","properties":{"id":10542989758,"osm_type":"node","name":"Byvalds kök","category":"restaurant","tags":{"amenity":"restaurant","name":"Byvalds kök","payment:cryptocurrencies":"no"}},"geometry":{"type":"Point","coordinates":[11.9437884,57.6569159]}},{"type":"Feature","properties":{"id":10548886710,"osm_type":"node","name":"Kafé Gapet","category":"restaurant","tags":{"amenity":"cafe","name":"Kafé Gapet","opening_hours":"We-Fr 08:00-16:00; Sa,Su 10:00-16:00"}},"geometry":{"type":"Point","coordinates":[11.9180015,57.6867615]}},{"type":"Feature","properties":{"id":10548943445,"osm_type":"node","name":"Julie's café","category":"restaurant","tags":{"amenity":"cafe","check_date:opening_hours":"2025-01-23","craft":"caterer","diet:vegan":"only","diet:vegetarian":"only","indoor_seating":"yes","name":"Julie's café","opening_hours":"Tu-Fr 11:00-17:00; Sa 12:00-16:00","outdoor_seating":"no","payment:cash":"no","payment:credit_cards":"yes","payment:debit_cards":"yes","smoking":"no","website":"https://www.juliescafe.se/","wheelchair":"no"}},"geometry":{"type":"Point","coordinates":[11.9125673,57.6897003]}},{"type":"Feature","properties":{"id":10548955837,"osm_type":"node","name":"Massa Sushi","category":"restaurant","tags":{"amenity":"restaurant","cuisine":"sushi","name":"Massa Sushi","payment:cryptocurrencies":"no"}},"geometry":{"type":"Point","coordinates":[11.913792,57.6887634]}},{"type":"Feature","properties":{"id":10559490006,"osm_type":"node","name":"LunchTime","category":"restaurant","tags":{"amenity":"restaurant","delivery":"yes","name":"LunchTime","payment:cryptocurrencies":"no","takeaway":"only"}},"geometry":{"type":"Point","coordinates":[11.9361439,57.6567242]}},{"type":"Feature","properties":{"id":10559490007,"osm_type":"node","name":"US Ice Cream","category":"restaurant","tags":{"amenity":"ice_cream","name":"US Ice Cream"}},"geometry":{"type":"Point","coordinates":[11.9360661,57.6567285]}},{"type":"Feature","properties":{"id":10567096591,"osm_type":"node","name":"Pizzeria Örn","category":"restaurant","tags":{"amenity":"restaurant","cuisine":"pizza","name":"Pizzeria Örn","payment:cryptocurrencies":"no"}},"geometry":{"type":"Point","coordinates":[11.9356564,57.6965511]}},{"type":"Feature","properties":{"id":10568727810,"osm_type":"node","name":"Måltiden","category":"restaurant","tags":{"amenity":"restaurant","name":"Måltiden","payment:cryptocurrencies":"no"}},"geometry":{"type":"Point","coordinates":[11.9425698,57.6641825]}},{"type":"Feature","properties":{"id":10572561995,"osm_type":"node","name":"Oizo","category":"restaurant","tags":{"addr:city":"Göteborg","addr:country":"SE","addr:housenumber":"30","addr:postcode":"41653","addr:street":"Munkebäcksgatan","amenity":"restaurant","cuisine":"pizza","name":"Oizo","opening_hours":"We-SA 17:00-21:00","payment:cryptocurrencies":"no","phone":"+46 70959 14 95"}},"geometry":{"type":"Point","coordinates":[12.0246026,57.7132349]}},{"type":"Feature","properties":{"id":10578672878,"osm_type":"node","name":"Domino's","category":"restaurant","tags":{"addr:city":"Göteborg","addr:housenumber":"32","addr:postcode":"413 32","addr:street":"Linnégatan","air_conditioning":"yes","amenity":"fast_food","brand":"Domino's","brand:wikidata":"Q839466","cuisine":"pizza","drive_through":"no","indoor_seating":"yes","level":"0","name":"Domino's","opening_hours":"Mo-Fr 11:00-23:00; Sa-Su 11:00-24:00","outdoor_seating":"no","payment:cash":"yes","payment:credit_cards":"yes","payment:debit_cards":"yes","phone":"+46 40 100 79 0","smoking":"no","takeaway":"yes","website":"https://www.dominos.se/butikker/linnegatan","wheelchair":"yes"}},"geometry":{"type":"Point","coordinates":[11.9519257,57.6958578]}},{"type":"Feature","properties":{"id":10578764393,"osm_type":"node","name":"Café au The","category":"restaurant","tags":{"amenity":"cafe","changing_table":"yes","charity":"yes","indoor_seating":"yes","name":"Café au The","outdoor_seating":"no","smoking":"no"}},"geometry":{"type":"Point","coordinates":[11.9541432,57.6998519]}},{"type":"Feature","properties":{"id":10579033929,"osm_type":"node","name":"Thai Kusin Take away","category":"restaurant","tags":{"amenity":"fast_food","cuisine":"thai","name":"Thai Kusin Take away","opening_hours":"Mo-Fr 11:00-20:00; Sa,Su 12:00-20:00"}},"geometry":{"type":"Point","coordinates":[11.9227785,57.6865985]}},{"type":"Feature","properties":{"id":10588598305,"osm_type":"node","name":"Koie Ramen","category":"restaurant","tags":{"addr:city":"Göteborg","addr:country":"SE","addr:housenumber":"3","addr:postcode":"41118","addr:street":"Magasinsgatan","amenity":"restaurant","cuisine":"ramen","name":"Koie Ramen","opening_hours":"Mo-Fr 11:00-22:00; Sa-Su 12:00-22:00","payment:american_express":"yes","payment:apple_pay":"yes","payment:contactless":"yes","payment:credit_cards":"yes","payment:cryptocurrencies":"no","payment:debit_cards":"yes","payment:google_pay":"yes","payment:mastercard":"yes","payment:visa":"yes","smoking":"no","website":"https://koieramen.no/"}},"geometry":{"type":"Point","coordinates":[11.9618126,57.704479]}},{"type":"Feature","properties":{"id":10589794326,"osm_type":"node","name":"Maria sushi","category":"restaurant","tags":{"amenity":"fast_food","cuisine":"sushi","name":"Maria sushi","opening_hours":"Mo-Fr 11:00-20:00; Sa,Su 12:00-20:00"}},"geometry":{"type":"Point","coordinates":[11.9220871,57.6865508]}},{"type":"Feature","properties":{"id":10589843729,"osm_type":"node","name":"Pappa's pizzeria","category":"restaurant","tags":{"alt_name":"Pappas kök","amenity":"fast_food","cuisine":"pizza","name":"Pappa's pizzeria"}},"geometry":{"type":"Point","coordinates":[11.9296912,57.6912429]}},{"type":"Feature","properties":{"id":10590292362,"osm_type":"node","name":"Espresso House","category":"restaurant","tags":{"addr:city":"Göteborg","addr:country":"SE","addr:housenumber":"1","addr:place":"Gamlestads Torg","addr:postcode":"41512","air_conditioning":"yes","amenity":"cafe","brand":"Espresso House","brand:wikidata":"Q10489162","brand:wikipedia":"sv:Espresso House","cuisine":"coffee_shop","indoor_seating":"yes","name":"Espresso House","opening_hours":"Mo-Fr 06:30-19:00; Sa-Su 12:00-17:00","outdoor_seating":"no","payment:cash":"yes","payment:credit_cards":"yes","payment:debit_cards":"yes","phone":"+46 765219390","smoking":"no","takeaway":"yes","wheelchair":"yes"}},"geometry":{"type":"Point","coordinates":[12.0049507,57.7275991]}},{"type":"Feature","properties":{"id":10603935805,"osm_type":"node","name":"Brunchoteket","category":"restaurant","tags":{"amenity":"restaurant","name":"Brunchoteket","payment:cryptocurrencies":"no","smoking":"no"}},"geometry":{"type":"Point","coordinates":[11.9670756,57.7030093]}},{"type":"Feature","properties":{"id":10608844818,"osm_type":"node","name":"skapa","category":"restaurant","tags":{"amenity":"cafe","diet:vegetarian":"yes","indoor_seating":"yes","name":"skapa","opening_hours":"Th,Fr 10:00-18:00; Sa,Su 10:00-16:00","outdoor_seating":"yes"}},"geometry":{"type":"Point","coordinates":[11.9518937,57.8577053]}},{"type":"Feature","properties":{"id":10609057726,"osm_type":"node","name":"Gyros kungen","category":"restaurant","tags":{"air_conditioning":"no","amenity":"fast_food","check_date":"2026-01-28","check_date:diet:gluten_free":"2026-01-28","check_date:diet:vegan":"2025-08-22","check_date:diet:vegetarian":"2025-08-22","check_date:smoking":"2026-01-28","diet:gluten_free":"no","diet:vegan":"no","diet:vegetarian":"yes","indoor_seating":"yes","name":"Gyros kungen","opening_hours":"Mo-Th 11:00-22:00; Fr,Sa 11:00-22:00; Su 12:00-21:00","outdoor_seating":"no","smoking":"no"}},"geometry":{"type":"Point","coordinates":[11.9196631,57.694616]}},{"type":"Feature","properties":{"id":10611479673,"osm_type":"node","name":"Amiral Pizza","category":"restaurant","tags":{"amenity":"fast_food","cuisine":"pizza","name":"Amiral Pizza"}},"geometry":{"type":"Point","coordinates":[11.9299948,57.6954766]}},{"type":"Feature","properties":{"id":10614598044,"osm_type":"node","name":"Sultanzade","category":"restaurant","tags":{"amenity":"restaurant","check_date":"2023-01-06","cuisine":"breakfast","name":"Sultanzade","payment:cryptocurrencies":"no"}},"geometry":{"type":"Point","coordinates":[11.9448535,57.719098]}},{"type":"Feature","properties":{"id":10614955571,"osm_type":"node","name":"Lunchkrogen FO.P.32","category":"restaurant","tags":{"addr:housenumber":"32","addr:street":"F O Petersons Gata","air_conditioning":"yes","amenity":"restaurant","check_date":"2026-04-17","name":"Lunchkrogen FO.P.32","payment:cash":"yes","payment:credit_cards":"yes","payment:debit_cards":"yes","smoking":"no","takeaway":"yes"}},"geometry":{"type":"Point","coordinates":[11.93679,57.6489422]}},{"type":"Feature","properties":{"id":10647311442,"osm_type":"node","name":"Stigbergs pizzeria","category":"restaurant","tags":{"amenity":"restaurant","cuisine":"pizza","diet:vegan":"yes","diet:vegetarian":"yes","indoor_seating":"yes","name":"Stigbergs pizzeria","opening_hours":"Mo-Fr 11:00-21:00","outdoor_seating":"no","payment:cryptocurrencies":"no","smoking":"no"}},"geometry":{"type":"Point","coordinates":[11.9356585,57.6991755]}},{"type":"Feature","properties":{"id":10647311444,"osm_type":"node","name":"Eli's corner","category":"restaurant","tags":{"amenity":"restaurant","name":"Eli's corner","payment:cryptocurrencies":"no","smoking":"no"}},"geometry":{"type":"Point","coordinates":[11.9342288,57.6992472]}},{"type":"Feature","properties":{"id":10676938935,"osm_type":"node","name":"Maguro Sushi","category":"restaurant","tags":{"amenity":"restaurant","cuisine":"sushi","name":"Maguro Sushi","payment:cryptocurrencies":"no"}},"geometry":{"type":"Point","coordinates":[11.9242819,57.6872537]}},{"type":"Feature","properties":{"id":10676938936,"osm_type":"node","name":"Marvin Pizzeria","category":"restaurant","tags":{"amenity":"restaurant","cuisine":"pizza","name":"Marvin Pizzeria","payment:cryptocurrencies":"no"}},"geometry":{"type":"Point","coordinates":[11.9248223,57.6872172]}},{"type":"Feature","properties":{"id":10676968954,"osm_type":"node","name":"Daddyssons lunch","category":"restaurant","tags":{"amenity":"restaurant","name":"Daddyssons lunch","smoking":"no"}},"geometry":{"type":"Point","coordinates":[11.9406527,57.6480417]}},{"type":"Feature","properties":{"id":10676968956,"osm_type":"node","name":"Restaurang Husknuten","category":"restaurant","tags":{"addr:housenumber":"4","addr:street":"Frölunda Smedjegata","amenity":"restaurant","check_date":"2026-04-17","name":"Restaurang Husknuten","opening_hours":"Mo-Fr 10:30-15:00; Sa-Su off","payment:cash":"yes","payment:credit_cards":"yes","payment:debit_cards":"yes","phone":"+46 31 494 88 7","smoking":"no","website":"https://restauranghusknuten.se/","website:menu":"https://restauranghusknuten.se/Meny"}},"geometry":{"type":"Point","coordinates":[11.9361332,57.6482972]}},{"type":"Feature","properties":{"id":10677016899,"osm_type":"node","name":"Sandwich House","category":"restaurant","tags":{"amenity":"fast_food","name":"Sandwich House"}},"geometry":{"type":"Point","coordinates":[11.9101862,57.6524607]}},{"type":"Feature","properties":{"id":10677016901,"osm_type":"node","name":"Domino's","category":"restaurant","tags":{"amenity":"fast_food","brand":"Domino's","brand:wikidata":"Q839466","cuisine":"pizza","name":"Domino's","opening_hours":"Mo-Su 11:00-23:00","takeaway":"yes"}},"geometry":{"type":"Point","coordinates":[11.9107836,57.6507034]}},{"type":"Feature","properties":{"id":10677016902,"osm_type":"node","name":"Glenn's","category":"restaurant","tags":{"amenity":"pub","name":"Glenn's"}},"geometry":{"type":"Point","coordinates":[11.9107836,57.650745]}},{"type":"Feature","properties":{"id":10677036456,"osm_type":"node","name":"Grönström","category":"restaurant","tags":{"amenity":"restaurant","name":"Grönström","payment:cryptocurrencies":"no"}},"geometry":{"type":"Point","coordinates":[11.9358261,57.6549068]}},{"type":"Feature","properties":{"id":10678290005,"osm_type":"node","name":"Hills Pizza","category":"restaurant","tags":{"addr:country":"SE","addr:housenumber":"2A","addr:postcode":"43150","addr:street":"Peppareds torg","amenity":"restaurant","cuisine":"pizza","level":"1","name":"Hills Pizza","phone":"+46 31 20 10 04","smoking":"no","website":"https://hills-pizza.se"}},"geometry":{"type":"Point","coordinates":[12.0231353,57.6306546]}},{"type":"Feature","properties":{"id":10688205905,"osm_type":"node","name":"St Agnes kafé","category":"restaurant","tags":{"amenity":"cafe","capacity":"50","diet:vegan":"yes","diet:vegetarian":"yes","indoor_seating":"yes","name":"St Agnes kafé","opening_hours":"Tu,We 11:00-18:00; Th 11:00-20:00; Fr-Su 11:00-17:00; Mo off","outdoor_seating":"no","smoking":"no","website":"https://rohsska.se/besoka/kafe/"}},"geometry":{"type":"Point","coordinates":[11.9731222,57.699781]}},{"type":"Feature","properties":{"id":10689322333,"osm_type":"node","name":"Ilse Grøn krog","category":"restaurant","tags":{"amenity":"restaurant","name":"Ilse Grøn krog","payment:cryptocurrencies":"no","smoking":"no"}},"geometry":{"type":"Point","coordinates":[11.9328167,57.6985693]}},{"type":"Feature","properties":{"id":10689322334,"osm_type":"node","name":"Bar Shtisel","category":"restaurant","tags":{"amenity":"bar","name":"Bar Shtisel","smoking":"no"}},"geometry":{"type":"Point","coordinates":[11.9326799,57.6985327]}},{"type":"Feature","properties":{"id":10695851958,"osm_type":"node","name":"Double Zero","category":"restaurant","tags":{"amenity":"restaurant","cuisine":"burger;pizza","name":"Double Zero","payment:cryptocurrencies":"no","smoking":"no","toilets:access":"customers"}},"geometry":{"type":"Point","coordinates":[11.9286867,57.7505943]}},{"type":"Feature","properties":{"id":10705329522,"osm_type":"node","name":"Sushi Poke","category":"restaurant","tags":{"amenity":"restaurant","name":"Sushi Poke"}},"geometry":{"type":"Point","coordinates":[11.9523783,57.6377904]}},{"type":"Feature","properties":{"id":10705329523,"osm_type":"node","name":"Restaurang kvarnen 436","category":"restaurant","tags":{"amenity":"restaurant","name":"Restaurang kvarnen 436"}},"geometry":{"type":"Point","coordinates":[11.9528197,57.6374331]}},{"type":"Feature","properties":{"id":10711086207,"osm_type":"node","name":"WanXing","category":"restaurant","tags":{"amenity":"restaurant","name":"WanXing"}},"geometry":{"type":"Point","coordinates":[11.9450234,57.6403664]}},{"type":"Feature","properties":{"id":10711086208,"osm_type":"node","name":"Kobbe-grillen","category":"restaurant","tags":{"amenity":"fast_food","name":"Kobbe-grillen"}},"geometry":{"type":"Point","coordinates":[11.9416371,57.6410382]}},{"type":"Feature","properties":{"id":10718352273,"osm_type":"node","name":"Celin restaurang","category":"restaurant","tags":{"amenity":"restaurant","name":"Celin restaurang"}},"geometry":{"type":"Point","coordinates":[11.9407307,57.6426436]}},{"type":"Feature","properties":{"id":10721169085,"osm_type":"node","name":"Bang","category":"restaurant","tags":{"amenity":"restaurant","name":"Bang","payment:cryptocurrencies":"no","smoking":"no"}},"geometry":{"type":"Point","coordinates":[11.939376,57.6997761]}},{"type":"Feature","properties":{"id":10721199101,"osm_type":"node","name":"Café e dolci","category":"restaurant","tags":{"amenity":"cafe","contact:email":"info@cafeedolci.se","contact:facebook":"https://www.facebook.com/CafeeDolcii/","contact:instagram":"https://www.instagram.com/cafeedolcii","contact:tiktok":"https://www.tiktok.com/@https:","name":"Café e dolci","opening_hours":"Mo-Fr 08:00-20:00; Sa 11:00-20:00; Su 12:00-20:00","payment:cash":"yes","payment:credit_cards":"yes","payment:debit_cards":"yes","smoking":"no"}},"geometry":{"type":"Point","coordinates":[11.9466213,57.6990473]}},{"type":"Feature","properties":{"id":10721250940,"osm_type":"node","name":"Sophie Kök & Bar","category":"restaurant","tags":{"addr:city":"Göteborg","addr:country":"SE","addr:housenumber":"8","addr:postcode":"413 03","addr:street":"Första Långgatan","air_conditioning":"yes","amenity":"restaurant","bar":"yes","contact:email":"info@sophierestaurang.se","contact:facebook":"https://www.facebook.com/SophieRestaurang/","contact:instagram":"https://www.instagram.com/sophierestaurang","contact:phone":"+46 31 140 30 0","contact:website":"https://sophierestaurang.se/","contact:website:menu":"https://sophierestaurang.se/Menu.aspx","cuisine":"persian","diet:vegetarian":"yes","name":"Sophie Kök & Bar","opening_hours":"Mo-Th 11:00-21:00; Fr 11:00-22:00; Sa 12:00-23:00; Su 12:00-21:00","payment:cash":"yes","payment:credit_cards":"yes","payment:cryptocurrencies":"no","payment:debit_cards":"yes","reservation":"yes","smoking":"no","toilets":"yes","toilets:menstrual_products":"no"}},"geometry":{"type":"Point","coordinates":[11.9505119,57.699919]}},{"type":"Feature","properties":{"id":10721250944,"osm_type":"node","name":"Sushi ViMi","category":"restaurant","tags":{"amenity":"restaurant","cuisine":"sushi","name":"Sushi ViMi","payment:cryptocurrencies":"no","toilets:wheelchair":"no","wheelchair":"limited"}},"geometry":{"type":"Point","coordinates":[11.9475069,57.6996392]}},{"type":"Feature","properties":{"id":10735164730,"osm_type":"node","name":"1923","category":"restaurant","tags":{"amenity":"restaurant","name":"1923","payment:cash":"no","payment:cryptocurrencies":"no","payment:mastercard":"yes","payment:visa":"yes","smoking":"no","website":"https://www.liseberg.se/mat-dryck/1923/"}},"geometry":{"type":"Point","coordinates":[11.9919616,57.6963116]}},{"type":"Feature","properties":{"id":10735164731,"osm_type":"node","name":"The Green Room","category":"restaurant","tags":{"amenity":"restaurant","name":"The Green Room","payment:cash":"no","payment:cryptocurrencies":"no","payment:mastercard":"yes","payment:visa":"yes","smoking":"no","website":"https://www.liseberg.se/mat-dryck/the-green-room/"}},"geometry":{"type":"Point","coordinates":[11.9918742,57.6964051]}},{"type":"Feature","properties":{"id":10739425471,"osm_type":"node","name":"Poptea","category":"restaurant","tags":{"addr:city":"Göteborg","addr:country":"SE","addr:housenumber":"15","addr:postcode":"411 23","addr:street":"Sprängkullsgatan","amenity":"cafe","cuisine":"bubble_tea","indoor_seating":"yes","name":"Poptea","opening_hours":"Su-Th 11:00-19:00; Fr,Sa 11:00-20:00","outdoor_seating":"yes"}},"geometry":{"type":"Point","coordinates":[11.9605239,57.6979959]}},{"type":"Feature","properties":{"id":10739425472,"osm_type":"node","name":"Bodega","category":"restaurant","tags":{"addr:housenumber":"10B","addr:street":"Sprängkullsgatan","amenity":"restaurant","check_date":"2026-04-04","contact:facebook":"https://www.facebook.com/profile.php/","contact:instagram":"https://www.instagram.com/bodegagbg","email":"info@bodegagbg.se","name":"Bodega","payment:cash":"yes","payment:credit_cards":"yes","payment:cryptocurrencies":"no","payment:debit_cards":"yes","phone":"+46 31 309 52 07","smoking":"no","website":"https://bodegagbg.se/","website:menu":"https://bodegagbg.se/mat"}},"geometry":{"type":"Point","coordinates":[11.9597769,57.6960609]}},{"type":"Feature","properties":{"id":10739425473,"osm_type":"node","name":"Sannegårdens Pizzeria","category":"restaurant","tags":{"addr:housenumber":"2","addr:postcode":"411 22","addr:street":"Skanstorget","air_conditioning":"yes","amenity":"restaurant","bar":"no","check_date":"2026-04-04","contact:facebook":"https://www.facebook.com/Sannegardenspizzeria/","cuisine":"pizza","diet:gluten_free":"yes","diet:vegan":"yes","diet:vegetarian":"yes","email":"skanstorget@sannegardens.se","microbrewery":"no","name":"Sannegårdens Pizzeria","opening_hours":"11:00-22:00","payment:cash":"yes","payment:credit_cards":"yes","payment:cryptocurrencies":"no","payment:debit_cards":"yes","phone":"skanstorget@sannegardens.se","smoking":"no","takeaway":"yes","toilets:menstrual_products":"no"}},"geometry":{"type":"Point","coordinates":[11.9594309,57.6958208]}},{"type":"Feature","properties":{"id":10739425475,"osm_type":"node","name":"Benne pasta bar","category":"restaurant","tags":{"amenity":"restaurant","name":"Benne pasta bar","payment:cryptocurrencies":"no","smoking":"no"}},"geometry":{"type":"Point","coordinates":[11.9592163,57.6956674]}},{"type":"Feature","properties":{"id":10739435182,"osm_type":"node","name":"Shah's","category":"restaurant","tags":{"amenity":"restaurant","name":"Shah's","smoking":"no"}},"geometry":{"type":"Point","coordinates":[11.9540155,57.6915597]}},{"type":"Feature","properties":{"id":10748983656,"osm_type":"node","name":"Cykelfiket Heden","category":"restaurant","tags":{"addr:country":"SE","addr:housenumber":"1","addr:street":"Sten Sturegatan","amenity":"cafe","name":"Cykelfiket Heden","operator":"Cykelfiket","service:bicycle:repair":"yes","shop":"bicycle","website":"https://cykelfiket.se/pages/heden"}},"geometry":{"type":"Point","coordinates":[11.979854,57.7028095]}},{"type":"Feature","properties":{"id":10757153831,"osm_type":"node","name":"Ivans Pilsnerbar","category":"restaurant","tags":{"addr:city":"Göteborg","addr:country":"SE","addr:housenumber":"4","addr:street":"Järnmalmsgatan","amenity":"restaurant","cuisine":"italian","diet:vegan":"limited","name":"Ivans Pilsnerbar","opening_hours":"Th 16:00-01:00; Fr 15:00-01:00; Sa 13:00-01:00","website":"https://www.ivanspilsnerbar.com/"}},"geometry":{"type":"Point","coordinates":[11.9718298,57.7205938]}},{"type":"Feature","properties":{"id":10757205626,"osm_type":"node","name":"Två Feta Grisar","category":"restaurant","tags":{"addr:city":"Göteborg","addr:country":"SE","addr:housenumber":"15","addr:street":"Stenkolsgatan","amenity":"restaurant","name":"Två Feta Grisar","opening_hours":"Th 16:00-21:00; Fr 16:00-22:00; Sa 12:00-22:00","payment:cryptocurrencies":"no","website":"https://www.tvafetagrisar.com/"}},"geometry":{"type":"Point","coordinates":[11.9683026,57.721945]}},{"type":"Feature","properties":{"id":10757212127,"osm_type":"node","name":"Två Feta Grisar","category":"restaurant","tags":{"addr:city":"Göteborg","addr:country":"SE","addr:housenumber":"10","addr:street":"Ringögatan","amenity":"pub","check_date":"2025-08-02","name":"Två Feta Grisar","website":"https://www.tvafetagrisar.com/"}},"geometry":{"type":"Point","coordinates":[11.968909,57.7219549]}},{"type":"Feature","properties":{"id":10768405727,"osm_type":"node","name":"Höjdens Peperoni","category":"restaurant","tags":{"addr:city":"Västra Frölunda","addr:country":"SE","addr:housenumber":"29","addr:postcode":"41484","addr:street":"Sjupundsgatan","amenity":"restaurant","check_date:opening_hours":"2024-12-09","cuisine":"pizza","indoor_seating":"yes","name":"Höjdens Peperoni","opening_hours":"Mo-Su 11:00-21:00","outdoor_seating":"no","payment:cryptocurrencies":"no","website":"https://www.xn--hjdenspeperoni-vpb.se/"}},"geometry":{"type":"Point","coordinates":[11.9188287,57.6748225]}},{"type":"Feature","properties":{"id":10806965512,"osm_type":"node","name":"Gelateria Positano","category":"restaurant","tags":{"amenity":"ice_cream","name":"Gelateria Positano"}},"geometry":{"type":"Point","coordinates":[12.0147773,57.6553195]}},{"type":"Feature","properties":{"id":10806965513,"osm_type":"node","name":"Espresso House","category":"restaurant","tags":{"amenity":"cafe","brand":"Espresso House","brand:wikidata":"Q10489162","cuisine":"coffee_shop","name":"Espresso House","takeaway":"yes"}},"geometry":{"type":"Point","coordinates":[12.0140026,57.6552646]}},{"type":"Feature","properties":{"id":10806965514,"osm_type":"node","name":"Babas Burger","category":"restaurant","tags":{"amenity":"restaurant","cuisine":"burger","name":"Babas Burger","payment:cryptocurrencies":"no"}},"geometry":{"type":"Point","coordinates":[12.0138069,57.6552279]}},{"type":"Feature","properties":{"id":10810815354,"osm_type":"node","name":"Holy Greens","category":"restaurant","tags":{"addr:city":"Göteborg","addr:housenumber":"60","addr:postcode":"411 08","addr:street":"Kyrkogatan","air_conditioning":"yes","amenity":"restaurant","brand":"Holy Greens","brand:wikidata":"Q124048681","check_date":"2025-08-21","contact:email":"kyrkogatan@holygreens.se","contact:facebook":"https://www.facebook.com/holygreens","contact:instagram":"https://www.instagram.com/holygreens","contact:phone":"+46 31 181 56 0","contact:website":"https://holygreens.se/","cuisine":"salad","diet:meat":"yes","diet:organic":"yes","diet:pescetarian":"yes","diet:vegan":"yes","diet:vegetarian":"yes","drive_through":"no","highchair":"yes","indoor_seating":"yes","internet_access":"no","name":"Holy Greens","opening_hours":"Mo-Fr 08:00-20:00; Sa-Su 10:00-19:00","outdoor_seating":"yes","payment:mastercard":"yes","payment:visa":"yes","smoking":"no","takeaway":"yes","wheelchair":"yes"}},"geometry":{"type":"Point","coordinates":[11.9714786,57.7058244]}},{"type":"Feature","properties":{"id":10814411592,"osm_type":"node","name":"Wayne's Coffee","category":"restaurant","tags":{"amenity":"cafe","brand":"Wayne's Coffee","brand:wikidata":"Q2637272","cuisine":"coffee_shop","name":"Wayne's Coffee","takeaway":"yes","wheelchair":"yes"}},"geometry":{"type":"Point","coordinates":[12.0145957,57.6553491]}},{"type":"Feature","properties":{"id":10814411593,"osm_type":"node","name":"Centrale","category":"restaurant","tags":{"amenity":"restaurant","cuisine":"italian","name":"Centrale","payment:cryptocurrencies":"no","website":"https://www.centrale.se/"}},"geometry":{"type":"Point","coordinates":[12.013571,57.6560593]}},{"type":"Feature","properties":{"id":10815263053,"osm_type":"node","name":"Träffpunkt Sommercafé","category":"restaurant","tags":{"amenity":"cafe","name":"Träffpunkt Sommercafé"}},"geometry":{"type":"Point","coordinates":[12.013051,57.6569279]}},{"type":"Feature","properties":{"id":10815296464,"osm_type":"node","name":"Bastard Burgers","category":"restaurant","tags":{"addr:city":"Mölndal","addr:country":"SE","addr:housenumber":"6C","addr:street":"Bergmansgatan","amenity":"restaurant","brand":"Bastard Burgers","brand:wikidata":"Q76873807","cuisine":"burger","name":"Bastard Burgers","payment:cryptocurrencies":"no","takeaway":"yes","website":"https://bastardburgers.com/se/restaurants/molndal/"}},"geometry":{"type":"Point","coordinates":[12.0147394,57.6562469]}},{"type":"Feature","properties":{"id":10822211625,"osm_type":"node","name":"Pho 88","category":"restaurant","tags":{"amenity":"restaurant","check_date":"2026-04-18","check_date:opening_hours":"2026-04-18","cuisine":"vietnamese","name":"Pho 88","opening_hours":"Mo-Fr 11:00-20:00","payment:cryptocurrencies":"no","phone":"+46 31-98 78 49","website":"https://www.pho88.se/"}},"geometry":{"type":"Point","coordinates":[11.9992811,57.6835304]}},{"type":"Feature","properties":{"id":10822211627,"osm_type":"node","name":"Heping","category":"restaurant","tags":{"amenity":"restaurant","cuisine":"asian","name":"Heping","payment:cryptocurrencies":"no"}},"geometry":{"type":"Point","coordinates":[12.0027513,57.6795071]}},{"type":"Feature","properties":{"id":10829819093,"osm_type":"node","name":"Conqrete","category":"restaurant","tags":{"amenity":"bar","name":"Conqrete","website":"https://www.conqrete.se/"}},"geometry":{"type":"Point","coordinates":[12.0143196,57.655513]}},{"type":"Feature","properties":{"id":10829819096,"osm_type":"node","name":"Subway","category":"restaurant","tags":{"amenity":"fast_food","brand":"Subway","brand:wikidata":"Q244457","cuisine":"sandwich","name":"Subway","takeaway":"yes","website":"https://restaurants.subway.com/sv/sverige/molndal/brogatan-4"}},"geometry":{"type":"Point","coordinates":[12.0159269,57.6557239]}},{"type":"Feature","properties":{"id":10829830305,"osm_type":"node","name":"Benne","category":"restaurant","tags":{"amenity":"restaurant","cuisine":"italian","name":"Benne","payment:cryptocurrencies":"no"}},"geometry":{"type":"Point","coordinates":[12.0144789,57.6562033]}},{"type":"Feature","properties":{"id":10829830317,"osm_type":"node","name":"Il Cortile","category":"restaurant","tags":{"amenity":"cafe","name":"Il Cortile"}},"geometry":{"type":"Point","coordinates":[12.0146537,57.6555624]}},{"type":"Feature","properties":{"id":10861071130,"osm_type":"node","name":"Subway","category":"restaurant","tags":{"amenity":"fast_food","brand":"Subway","brand:wikidata":"Q244457","cuisine":"sandwich","indoor_seating":"yes","name":"Subway","outdoor_seating":"no","smoking":"no","takeaway":"yes"}},"geometry":{"type":"Point","coordinates":[12.1054069,57.738714]}},{"type":"Feature","properties":{"id":10878560163,"osm_type":"node","name":"Eda's","category":"restaurant","tags":{"amenity":"restaurant","cuisine":"pizza;kebab;grill","name":"Eda's","opening_hours":"Mo-Fr 10:00-21:00; Sat-Sun 11:00-21:00","smoking":"no"}},"geometry":{"type":"Point","coordinates":[11.9419141,57.7407282]}},{"type":"Feature","properties":{"id":10883584267,"osm_type":"node","name":"","category":"restaurant","tags":{"amenity":"cafe"}},"geometry":{"type":"Point","coordinates":[12.0022221,57.680326]}},{"type":"Feature","properties":{"id":10883584268,"osm_type":"node","name":"Nordic Sportsbar","category":"restaurant","tags":{"addr:city":"Göteborg","addr:country":"SE","addr:housenumber":"95","addr:postcode":"412 63","addr:street":"Mölndalsvägen","air_conditioning":"yes","amenity":"restaurant","bar":"yes","contact:email":"info@nordicsportsbar.se","contact:facebook":"https://www.facebook.com/nordicsportsbar","contact:instagram":"https://www.instagram.com/nordicsportsbar","contact:phone":"+46 31 191 91 9","contact:website":"https://nordicsportsbar.se","cuisine":"burger;pizza;chicken","diet:chicken":"yes","diet:fish":"yes","diet:meat":"yes","diet:vegan":"yes","name":"Nordic Sportsbar","opening_hours":"Mo 15:00-22:00; Tu-Th 15:00-23:00; Fr 15:00-24:00; Sa 12:00-24:00; Su 12:00-22:00","payment:cash":"yes","payment:credit_cards":"yes","payment:cryptocurrencies":"no","payment:debit_cards":"yes","reservation":"yes","sport":"bowling;shuffleboard","toilets":"yes"}},"geometry":{"type":"Point","coordinates":[12.0033509,57.6786509]}},{"type":"Feature","properties":{"id":10883584273,"osm_type":"node","name":"Perspolis","category":"restaurant","tags":{"addr:city":"Göteborg","addr:country":"SE","addr:housenumber":"95","addr:postcode":"412 63","addr:street":"Mölndalsvägen","amenity":"restaurant","cuisine":"persian","name":"Perspolis","payment:cryptocurrencies":"no","website":"https://perspolis.nu"}},"geometry":{"type":"Point","coordinates":[12.0033833,57.6785974]}},{"type":"Feature","properties":{"id":10892651612,"osm_type":"node","name":"Uni3 World of Food","category":"restaurant","tags":{"addr:city":"Göteborg","addr:country":"SE","addr:housenumber":"1","addr:postcode":"41755","addr:street":"Pumpgatan","amenity":"restaurant","breakfast":"Mo-Fr 07:00-10:00","cuisine":"fusion","lunch:menu":"Mo-Fr 11:00-13:30","name":"Uni3 World of Food","opening_hours":"Mo-Fr 07:00-18:30","payment:cryptocurrencies":"no","phone":"+46701668431","website":"https://www.compass-group.se/matdryck/restauranger/goteborg/uni3-world-of-food/","website:menu":"https://www.compass-group.se/matdryck/restauranger/goteborg/uni3-world-of-food/menu/"}},"geometry":{"type":"Point","coordinates":[11.9463267,57.7112025]}},{"type":"Feature","properties":{"id":10899197540,"osm_type":"node","name":"Gyroskungen","category":"restaurant","tags":{"addr:city":"Mölndal","addr:country":"SE","addr:housenumber":"3","addr:place":"Krokslätts torg","addr:postcode":"431 68","amenity":"restaurant","cuisine":"greek","name":"Gyroskungen","payment:cryptocurrencies":"no","website":"https://www.gyroskungen.se/"}},"geometry":{"type":"Point","coordinates":[12.0079991,57.67444]}},{"type":"Feature","properties":{"id":10942263576,"osm_type":"node","name":"Våffelcafé Soldattorpet","category":"restaurant","tags":{"addr:city":"Göteborg","addr:country":"SE","addr:housenumber":"15","addr:postcode":"413 04","addr:street":"Leijonsparres Väg","air_conditioning":"no","amenity":"cafe","changing_table":"no","check_date":"2026-04-05","contact:instagram":"https://www.instagram.com/vaffelcafe_soldattorpet","contact:phone":"+46 73 268 50 80","diet:vegan":"no","diet:vegetarian":"yes","drive_through":"no","highchair":"no","indoor_seating":"no","level":"0","name":"Våffelcafé Soldattorpet","opening_hours":"Th-Su 11:00-17:00","outdoor_seating":"yes","payment:cash":"yes","payment:credit_cards":"yes","payment:debit_cards":"yes","reservation":"no","smoking":"no","toilets":"no","toilets:wheelchair":"no","wheelchair":"yes"}},"geometry":{"type":"Point","coordinates":[11.9552258,57.695677]}},{"type":"Feature","properties":{"id":10942263577,"osm_type":"node","name":"Kronans Terrass","category":"restaurant","tags":{"addr:country":"SE","addr:housenumber":"15","addr:postcode":"413 04","addr:street":"Leijonsparres Väg","amenity":"restaurant","contact:email":"bokning@skansenkronan.se","contact:facebook":"https://www.facebook.com/skansenkronangot/","contact:instagram":"https://www.instagram.com/skansenkronangot","contact:phone":"+46 70 418 45 25","contact:website":"https://skansenkronan.se/terrass/","contact:website:menu":"https://www.skansenkronan.se/wp-content/uploads/2024/05/Meny-Dryck-Kronans-Terrass-2024.pdf","name":"Kronans Terrass","payment:cryptocurrencies":"no","payment:mastercard":"yes","payment:visa":"yes","reservation":"yes","smoking":"no","toilets":"yes","toilets:menstrual_products":"no"}},"geometry":{"type":"Point","coordinates":[11.9553469,57.6959771]}},{"type":"Feature","properties":{"id":10965551603,"osm_type":"node","name":"Älvsmagasinet","category":"restaurant","tags":{"amenity":"restaurant","name":"Älvsmagasinet"}},"geometry":{"type":"Point","coordinates":[11.9773137,57.8664024]}},{"type":"Feature","properties":{"id":10966036301,"osm_type":"node","name":"Waste edible lab","category":"restaurant","tags":{"amenity":"restaurant","contact:facebook":"https://www.facebook.com/wastegbg/","contact:phone":"+46 317 610 610","diet:vegetarian":"yes","name":"Waste edible lab","opening_hours":"Mo-Sa 08:00-16:00","payment:cryptocurrencies":"no"}},"geometry":{"type":"Point","coordinates":[11.9785171,57.6857888]}},{"type":"Feature","properties":{"id":10969186061,"osm_type":"node","name":"Näsetcafét","category":"restaurant","tags":{"amenity":"restaurant","name":"Näsetcafét"}},"geometry":{"type":"Point","coordinates":[11.9015686,57.6168818]}},{"type":"Feature","properties":{"id":11034106155,"osm_type":"node","name":"Mr. Cake","category":"restaurant","tags":{"addr:country":"SE","addr:housenumber":"2B","addr:street":"Lilla Badhusgatan","air_conditioning":"yes","amenity":"cafe","check_date":"2024-06-09","dog":"yes","drive_through":"no","indoor_seating":"yes","name":"Mr. Cake","opening_hours":"Mo-Fr 08:00-18:30; Sa 09:00-18:30; Su 09:00-18:00","outdoor_seating":"no","payment:credit_cards":"yes","payment:debit_cards":"yes","payment:mastercard":"yes","payment:visa":"yes","smoking":"no","source":"survey","toilets":"yes","wheelchair":"yes"}},"geometry":{"type":"Point","coordinates":[11.9579017,57.7055581]}},{"type":"Feature","properties":{"id":11047834826,"osm_type":"node","name":"Benne","category":"restaurant","tags":{"addr:city":"Göteborg","addr:country":"SE","addr:housenumber":"39","addr:postcode":"417 55","addr:street":"Götaverksgatan","amenity":"restaurant","branch:type":"Lindholmen","cuisine":"pasta","name":"Benne","payment:cryptocurrencies":"no","takeaway":"yes","website":"https://bennepastabar.se/"}},"geometry":{"type":"Point","coordinates":[11.9430027,57.7082797]}},{"type":"Feature","properties":{"id":11090126305,"osm_type":"node","name":"Blackstone Steakhouse","category":"restaurant","tags":{"addr:country":"SE","addr:housenumber":"3","addr:street":"Kungstorget","amenity":"restaurant","cuisine":"steak_house","diet:vegan":"yes","diet:vegetarian":"yes","name":"Blackstone Steakhouse","opening_hours":"Mo-Fr 16:00-22:00; Sa 13:00-22:00; Su 15:00-21:00","smoking":"no","website":"https://www.blackstonesteakhouse.se/"}},"geometry":{"type":"Point","coordinates":[11.9668968,57.7033892]}},{"type":"Feature","properties":{"id":11090330105,"osm_type":"node","name":"Gelateria Positano","category":"restaurant","tags":{"amenity":"ice_cream","name":"Gelateria Positano","opening_hours":"Mo-Fr 12:00-21:00; Sa 11:00-21:00; Su 10:00-20:00","payment:cash":"yes","website":"https://www.positano.se/"}},"geometry":{"type":"Point","coordinates":[11.9759922,57.7000556]}},{"type":"Feature","properties":{"id":11090809805,"osm_type":"node","name":"Kågebaren","category":"restaurant","tags":{"amenity":"restaurant","cuisine":"local","name":"Kågebaren","opening_hours":"Mo-Th 09:00-18:00; Fr 09:00-19:00; Sa 09:00-17:00","smoking":"no","website":"https://kages.se/"}},"geometry":{"type":"Point","coordinates":[11.9679879,57.7035834]}},{"type":"Feature","properties":{"id":11090809806,"osm_type":"node","name":"Hasselsons Macklucka","category":"restaurant","tags":{"amenity":"restaurant","check_date":"2023-08-05","cuisine":"sandwich","name":"Hasselsons Macklucka","opening_hours":"Tu-Fr 11:00-16:00; Sa 11:00-15:00","smoking":"no"}},"geometry":{"type":"Point","coordinates":[11.9679154,57.7035114]}},{"type":"Feature","properties":{"id":11091263605,"osm_type":"node","name":"Brogyllen","category":"restaurant","tags":{"amenity":"cafe","name":"Brogyllen","smoking":"no"}},"geometry":{"type":"Point","coordinates":[11.9678993,57.703564]}},{"type":"Feature","properties":{"id":11091330205,"osm_type":"node","name":"Banh Mi Shop","category":"restaurant","tags":{"amenity":"restaurant","check_date":"2023-08-05","cuisine":"thai","diet:vegan":"limited","diet:vegetarian":"limited","name":"Banh Mi Shop","opening_hours":"Mo-Th 09:00-18:00; Fr 09:00-19:00; Sa 09:00-17:00; Su off","payment:cash":"yes","phone":"+46 31 88 61 98","smoking":"no","website":"www.banhmishop.se"}},"geometry":{"type":"Point","coordinates":[11.9682706,57.7036396]}},{"type":"Feature","properties":{"id":11104250305,"osm_type":"node","name":"Spice Room","category":"restaurant","tags":{"addr:city":"Göteborg","addr:country":"SE","addr:housenumber":"8","addr:postcode":"411 18","addr:street":"Magasinsgatan","amenity":"restaurant","check_date":"2026-04-30","cuisine":"indian","diet:vegan":"yes","diet:vegetarian":"yes","email":"info@spiceroom.se","indoor_seating":"yes","name":"Spice Room","opening_hours":"Mo 11:30-14:00; Tu-Th 11:30-14:00,17:00-22:00; Fr 11:30-14:00,16:00-23:00; Sa 13:00-23:00","outdoor_seating":"no","phone":"+4631610440","website":"https://spiceroom.se"}},"geometry":{"type":"Point","coordinates":[11.9619784,57.7047472]}},{"type":"Feature","properties":{"id":11118884072,"osm_type":"node","name":"OGBG","category":"restaurant","tags":{"amenity":"bar","indoor_seating":"yes","name":"OGBG","outdoor_seating":"no","smoking":"no"}},"geometry":{"type":"Point","coordinates":[11.9585835,57.7058803]}},{"type":"Feature","properties":{"id":11178620311,"osm_type":"node","name":"Rödbo Grill","category":"restaurant","tags":{"amenity":"restaurant","name":"Rödbo Grill"}},"geometry":{"type":"Point","coordinates":[11.9871202,57.8552113]}},{"type":"Feature","properties":{"id":11225242107,"osm_type":"node","name":"Sannegårdens pizzeria","category":"restaurant","tags":{"amenity":"fast_food","check_date:opening_hours":"2025-08-30","cuisine":"pizza","name":"Sannegårdens pizzeria","opening_hours":"Mo-Su 11:00-22:00"}},"geometry":{"type":"Point","coordinates":[11.944064,57.7219901]}},{"type":"Feature","properties":{"id":11229768547,"osm_type":"node","name":"Vinarium","category":"restaurant","tags":{"amenity":"bar","name":"Vinarium","website":"https://www.vinarium.se"}},"geometry":{"type":"Point","coordinates":[12.025233,57.7217264]}},{"type":"Feature","properties":{"id":11229768554,"osm_type":"node","name":"A'mon","category":"restaurant","tags":{"amenity":"cafe","name":"A'mon","website":"https://amonandjustbon.com"}},"geometry":{"type":"Point","coordinates":[12.0252619,57.7215626]}},{"type":"Feature","properties":{"id":11229768558,"osm_type":"node","name":"East kitchen","category":"restaurant","tags":{"amenity":"restaurant","cuisine":"asian","name":"East kitchen","website":"https://eastkitchen.se"}},"geometry":{"type":"Point","coordinates":[12.0254562,57.7206333]}},{"type":"Feature","properties":{"id":11242129730,"osm_type":"node","name":"Restaurang Nova","category":"restaurant","tags":{"amenity":"restaurant","name":"Restaurang Nova"}},"geometry":{"type":"Point","coordinates":[12.0195353,57.677311]}},{"type":"Feature","properties":{"id":11247609476,"osm_type":"node","name":"Kärra Kök & Bar","category":"restaurant","tags":{"addr:city":"Hisings Kärra","addr:housenumber":"15","addr:place":"Kärra Centrum","addr:postcode":"425 34","amenity":"pub","name":"Kärra Kök & Bar","smoking":"no"}},"geometry":{"type":"Point","coordinates":[11.9888336,57.7942457]}},{"type":"Feature","properties":{"id":11247666003,"osm_type":"node","name":"Söta Moa","category":"restaurant","tags":{"addr:city":"Hisings Kärra","addr:housenumber":"10","addr:place":"Kärra Centrum","addr:postcode":"425 34","amenity":"cafe","cuisine":"sandwich;cake","name":"Söta Moa"}},"geometry":{"type":"Point","coordinates":[11.989241,57.7942452]}},{"type":"Feature","properties":{"id":11247666005,"osm_type":"node","name":"Kärra Pizza & Grill","category":"restaurant","tags":{"addr:city":"Hisings Kärra","addr:housenumber":"11","addr:place":"Kärra Centrum","addr:postcode":"425 34","amenity":"restaurant","cuisine":"pizza","name":"Kärra Pizza & Grill","opening_hours":"Mo-Fr 11:00-20:30; Sa-Su 12:00-20:30","website":"https://www.karrapizza.se/"}},"geometry":{"type":"Point","coordinates":[11.9891154,57.7942453]}},{"type":"Feature","properties":{"id":11258781966,"osm_type":"node","name":"Buono Pizzeria","category":"restaurant","tags":{"addr:city":"Göteborg","addr:country":"SE","addr:housenumber":"15","addr:postcode":"411 35","addr:street":"Teatergatan","amenity":"restaurant","contact:phone":"+46 31-16 17 12","cuisine":"pizza;neapolitan","name":"Buono Pizzeria","opening_hours":"Mo off; Tu-Fr 16:00-22:00; Sa-Su 12:00-22:00","smoking":"no","takeaway":"yes"}},"geometry":{"type":"Point","coordinates":[11.9751307,57.6991211]}},{"type":"Feature","properties":{"id":11261176213,"osm_type":"node","name":"Jalla House","category":"restaurant","tags":{"addr:city":"Göteborg","addr:housenumber":"3","addr:place":"Gamlestads Torg","addr:postcode":"41512","amenity":"restaurant","check_date":"2024-09-24","check_date:smoking":"2024-09-24","cuisine":"arab;falafel","name":"Jalla House","payment:cash":"yes","payment:credit_cards":"yes","payment:debit_cards":"yes","smoking":"no","website":"https://instagram.com/jalla_house"}},"geometry":{"type":"Point","coordinates":[12.0049769,57.7277258]}},{"type":"Feature","properties":{"id":11300582869,"osm_type":"node","name":"Stumari","category":"restaurant","tags":{"addr:city":"Göteborg","addr:housenumber":"23","addr:postcode":"416 66","addr:street":"Olskroksgatan","amenity":"restaurant","check_date":"2025-07-08","check_date:smoking":"2025-07-08","contact:email":"info@stumari.se","contact:facebook":"https://www.facebook.com/stumarigbg","contact:instagram":"https://www.instagram.com/stumarigbg","contact:phone":"+46 31 707 50 50","cuisine":"georgian","indoor_seating":"yes","internet_access":"no","name":"Stumari","outdoor_seating":"yes","payment:cash":"yes","payment:credit_cards":"yes","payment:debit_cards":"yes","smoking":"no","wheelchair":"yes"}},"geometry":{"type":"Point","coordinates":[12.000701,57.7176191]}},{"type":"Feature","properties":{"id":11335326334,"osm_type":"node","name":"Greksson","category":"restaurant","tags":{"addr:city":"Göteborg","addr:housenumber":"20","addr:postcode":"413 28","addr:street":"Värmlandsgatan","amenity":"cafe","contact:email":"info@greksson.se","contact:facebook":"Greksson","contact:instagram":"https://www.instagram.com/greksson.se","contact:phone":"+46 73 7579147","contact:website":"https://greksson.se/","cuisine":"greek","delivery":"yes","diet:vegan":"yes","diet:vegetarian":"yes","drive_through":"no","indoor_seating":"only","name":"Greksson","opening_hours":"Mo-Fr 07:00-19:00, Sa-Su 10:00-19:00","payment:cash":"yes","payment:credit_cards":"yes","payment:debit_cards":"yes","smoking":"no","takeaway":"yes","toilets":"yes","wheelchair":"no"}},"geometry":{"type":"Point","coordinates":[11.9467623,57.6985314]}},{"type":"Feature","properties":{"id":11335326335,"osm_type":"node","name":"Kaffe Kid","category":"restaurant","tags":{"addr:city":"Göteborg","addr:housenumber":"19","addr:postcode":"413 27","addr:street":"Värmlandsgatan","amenity":"cafe","contact:facebook":"https://www.facebook.com/kaffekid","contact:instagram":"https://www.instagram.com/kaffe_kid","contact:website":"https://kaffekid.com/","name":"Kaffe Kid","opening_hours":"Tu-Fr 07:30-18:00","payment:cash":"yes","payment:credit_cards":"yes","payment:debit_cards":"yes","smoking":"no","toilets:access":"customers"}},"geometry":{"type":"Point","coordinates":[11.9464721,57.6984126]}},{"type":"Feature","properties":{"id":11380442664,"osm_type":"node","name":"Vigor & Joy's","category":"restaurant","tags":{"amenity":"cafe","name":"Vigor & Joy's","operator":"Coor","website":"https://www.thekitchenclub.se/nola/vigorjoys/"}},"geometry":{"type":"Point","coordinates":[12.0258962,57.6405519]}},{"type":"Feature","properties":{"id":11380442665,"osm_type":"node","name":"Nola","category":"restaurant","tags":{"addr:housenumber":"9","addr:street":"Gemenskapens gata","amenity":"restaurant","name":"Nola","operator":"Coor","website":"https://www.thekitchenclub.se/nola/"}},"geometry":{"type":"Point","coordinates":[12.0263789,57.6401391]}},{"type":"Feature","properties":{"id":11423269613,"osm_type":"node","name":"Sushi Rush","category":"restaurant","tags":{"addr:city":"Göteborg","addr:housenumber":"37","addr:postcode":"41481","addr:street":"Sjupundsgatan","amenity":"restaurant","cuisine":"sushi","name":"Sushi Rush","opening_hours":"Mo-Sa 11:00-20:00; Su 11:00-18:00"}},"geometry":{"type":"Point","coordinates":[11.9194526,57.6747734]}},{"type":"Feature","properties":{"id":11629671946,"osm_type":"node","name":"Tatlım","category":"restaurant","tags":{"amenity":"restaurant","cuisine":"turkish","name":"Tatlım"}},"geometry":{"type":"Point","coordinates":[11.9449973,57.7264553]}},{"type":"Feature","properties":{"id":11654679063,"osm_type":"node","name":"Holy Greens","category":"restaurant","tags":{"addr:city":"Göteborg","addr:housenumber":"1","addr:postcode":"413 27","addr:street":"Järnvågsgatan","air_conditioning":"yes","amenity":"restaurant","brand":"Holy Greens","brand:wikidata":"Q124048681","contact:email":"jarntorget@holygreens.se","contact:facebook":"https://www.facebook.com/holygreens","contact:instagram":"https://www.instagram.com/holygreens","contact:phone":"+46 31 182 69 4","contact:website":"https://holygreens.se","cuisine":"salad","diet:vegan":"yes","diet:vegetarian":"yes","name":"Holy Greens","opening_hours":"Mo-Fr 09:00-19:00; Sa-Su 11:00-16:00","outdoor_seating":"no","payment:cash":"yes","payment:credit_cards":"yes","payment:debit_cards":"yes","smoking":"no","takeaway":"yes","wheelchair":"yes"}},"geometry":{"type":"Point","coordinates":[11.950461,57.7007696]}},{"type":"Feature","properties":{"id":11679011276,"osm_type":"node","name":"Bror och Bord","category":"restaurant","tags":{"addr:city":"Göteborg","addr:housenumber":"15","addr:postcode":"411 39","addr:street":"Bohusgatan","amenity":"restaurant","contact:email":"info@brorochbord.se","contact:instagram":"https://www.instagram.com/brorochbord","contact:phone":"+46 31 15 55 82","contact:website":"https://brorochbord.se/","name":"Bror och Bord","opening_hours":"Mo-Fr 06:00-14:30","payment:cash":"yes","payment:credit_cards":"yes","payment:debit_cards":"yes","toilets":"yes"}},"geometry":{"type":"Point","coordinates":[11.9838404,57.7039658]}},{"type":"Feature","properties":{"id":11708030893,"osm_type":"node","name":"Jinx Dynasty","category":"restaurant","tags":{"addr:city":"Göteborg","addr:housenumber":"21","addr:postcode":"411 16","addr:street":"Vallgatan","amenity":"restaurant","cuisine":"asian","name":"Jinx Dynasty","opening_hours":"Mo 11:00-15:00; Tu-Fr 11:00-21:00; Sa-Su 12:00-16:00","phone":"+46 73 5259846","website":"https://www.jinxfoodtruck.com/"}},"geometry":{"type":"Point","coordinates":[11.9658067,57.7035983]}},{"type":"Feature","properties":{"id":11708030894,"osm_type":"node","name":"Brisket & Friends","category":"restaurant","tags":{"addr:city":"Göteborg","addr:housenumber":"21","addr:postcode":"411 16","addr:street":"Vallgatan","amenity":"restaurant","cuisine":"barbecue","name":"Brisket & Friends","opening_hours":"Tu-Th 11:00-22:00; Fr 11:00-23:00; Sa 12:00-24:00; Su 12:00-22:00","phone":"+46 31 7997070","website":"https://www.brisketandfriends.se/17/5/brisket-friends-goteborg/"}},"geometry":{"type":"Point","coordinates":[11.9655921,57.703559]}},{"type":"Feature","properties":{"id":11744441369,"osm_type":"node","name":"Restaurang Bulgur","category":"restaurant","tags":{"addr:city":"Göteborg","addr:country":"SE","addr:housenumber":"14","addr:postcode":"41702","addr:street":"Myntgatan","amenity":"restaurant","name":"Restaurang Bulgur","opening_hours":"Tu-Fr 15:00-20:00; Sa-Su 13:00-20:00","phone":"+46 723221961"}},"geometry":{"type":"Point","coordinates":[11.9445691,57.7163844]}},{"type":"Feature","properties":{"id":11766663917,"osm_type":"node","name":"Kockens Hörna","category":"restaurant","tags":{"amenity":"restaurant","name":"Kockens Hörna","opening_hours":"Mo-Fr 10:30-15:00"}},"geometry":{"type":"Point","coordinates":[12.0081418,57.7262019]}},{"type":"Feature","properties":{"id":11781195066,"osm_type":"node","name":"Valentinas","category":"restaurant","tags":{"addr:city":"Göteborg","addr:housenumber":"2A","addr:postcode":"412 77","addr:street":"Skummjölksgatan","amenity":"restaurant","bar":"yes","check_date":"2026-04-04","contact:facebook":"https://www.facebook.com/profile.php/","contact:instagram":"https://www.instagram.com/valentinas_kalleback","cuisine":"french","email":"info@valentinas.se","name":"Valentinas","opening_hours":"Tu-We 16:00-23:00; Th-Fr 12:00-23:00; Sa 16:00-23:00","payment:cash":"yes","payment:credit_cards":"yes","payment:debit_cards":"yes","phone":"+46708620477","website":"https://valentinas.se/","website:menu":"https://www.valentinas.se/#meny"}},"geometry":{"type":"Point","coordinates":[12.0118791,57.6809891]}},{"type":"Feature","properties":{"id":11781245269,"osm_type":"node","name":"Pizzeria Mums","category":"restaurant","tags":{"addr:housenumber":"24","addr:street":"Kallebäcks Torggata","amenity":"restaurant","cuisine":"pizza","name":"Pizzeria Mums","opening_hours":"We-Fr 15:00-21:00; Sa-Su 12:00-21:00","phone":"+4631400708","website":"https://www.pizzeriamums.se/"}},"geometry":{"type":"Point","coordinates":[12.0110411,57.6797949]}},{"type":"Feature","properties":{"id":11781245271,"osm_type":"node","name":"Poke 88","category":"restaurant","tags":{"addr:city":"Göteborg","addr:housenumber":"20","addr:postcode":"412 77","addr:street":"Kallebäcks Torggata","amenity":"restaurant","check_date":"2026-04-04","cuisine":"sushi;salad","name":"Poke 88","opening_hours":"Mo-Sa 11:00-20:00; Su off","payment:cash":"yes","payment:credit_cards":"yes","payment:debit_cards":"yes","phone":"+46704604968","website":"https://poke88.se/"}},"geometry":{"type":"Point","coordinates":[12.0108763,57.6800214]}},{"type":"Feature","properties":{"id":11784039898,"osm_type":"node","name":"Mosaik Konstcafe","category":"restaurant","tags":{"amenity":"restaurant","apartheid_free_zone":"yes","cuisine":"lebanese","diet:vegan":"yes","diet:vegetarian":"yes","name":"Mosaik Konstcafe"}},"geometry":{"type":"Point","coordinates":[11.9454748,57.7188698]}},{"type":"Feature","properties":{"id":11873907097,"osm_type":"node","name":"Phi-Phi take away","category":"restaurant","tags":{"amenity":"restaurant","cuisine":"thai","diet:vegan":"yes","diet:vegetarian":"yes","indoor_seating":"yes","name":"Phi-Phi take away","opening_hours":"Mo-Fr 11:00-21:00; Sa,Su 12:00-21:00","outdoor_seating":"yes"}},"geometry":{"type":"Point","coordinates":[12.0384284,57.7143736]}},{"type":"Feature","properties":{"id":11893454287,"osm_type":"node","name":"Kafferäven Rosteri & Butik","category":"restaurant","tags":{"addr:city":"Göteborg","addr:country":"SE","addr:housenumber":"2","addr:street":"Lilla Waterloogatan","amenity":"cafe","name":"Kafferäven Rosteri & Butik","website":"https://www.kafferaven.se/"}},"geometry":{"type":"Point","coordinates":[12.0018503,57.7288282]}},{"type":"Feature","properties":{"id":11903546766,"osm_type":"node","name":"Ginas Bistro","category":"restaurant","tags":{"addr:city":"Mölndal","addr:housenumber":"2","addr:street":"Betagatan","amenity":"restaurant","name":"Ginas Bistro","opening_hours":"Mo-Fr 11:00-13:30","phone":"+46 76 168 17 00","website":"https://ginasbistro.se/"}},"geometry":{"type":"Point","coordinates":[11.9863999,57.6472575]}},{"type":"Feature","properties":{"id":11904180717,"osm_type":"node","name":"masala zone","category":"restaurant","tags":{"amenity":"restaurant","check_date":"2024-05-14","name":"masala zone","opening_hours":"Mo-Th 10:45-22:00; Fr 10:45-22:30; Sa 12:00-23:00; Su 12:00-22:00","phone":"+46 31 508 99 5","website":"https://www.masalazone.se"}},"geometry":{"type":"Point","coordinates":[11.9270839,57.7150014]}},{"type":"Feature","properties":{"id":11910790333,"osm_type":"node","name":"Beijing Courtyard","category":"restaurant","tags":{"addr:city":"Hisings Backa","addr:housenumber":"1D","addr:postcode":"422 55","addr:street":"Rimmaregatan","amenity":"restaurant","cuisine":"chinese","name":"Beijing Courtyard"}},"geometry":{"type":"Point","coordinates":[11.984445,57.747765]}},{"type":"Feature","properties":{"id":11928505769,"osm_type":"node","name":"Mean bean café","category":"restaurant","tags":{"addr:city":"Göteborg","addr:country":"SE","addr:housenumber":"16A","addr:postcode":"417 04","addr:street":"Kvillegatan","amenity":"cafe","cuisine":"cake;coffee_shop;sandwich","name":"Mean bean café","opening_hours":"We-Su 09:00-19:00; Mo-Tu 09:00-17:00"}},"geometry":{"type":"Point","coordinates":[11.9500101,57.7184514]}},{"type":"Feature","properties":{"id":11935358471,"osm_type":"node","name":"La Vera","category":"restaurant","tags":{"addr:housenumber":"13","addr:street":"Centralvägen","amenity":"fast_food","cuisine":"pizza","name":"La Vera","website":"https://laverapizzamolnlycke.se"}},"geometry":{"type":"Point","coordinates":[12.1150703,57.6590952]}},{"type":"Feature","properties":{"id":11947752527,"osm_type":"node","name":"Lion Bar","category":"restaurant","tags":{"amenity":"pub","brewery":"grängesberg","diet:vegetarian":"yes","min_age":"18","name":"Lion Bar","opening_hours":"Mo-Th 14:00-01:00, Fr,Sa 12:30-03:00, Su 12:00-01:00","smoking":"outside"}},"geometry":{"type":"Point","coordinates":[11.9647623,57.6991646]}},{"type":"Feature","properties":{"id":11952544363,"osm_type":"node","name":"Fröken Ellen","category":"restaurant","tags":{"amenity":"cafe","name":"Fröken Ellen","payment:cash":"no","payment:mastercard":"yes","payment:visa":"yes"}},"geometry":{"type":"Point","coordinates":[11.9935613,57.6950018]}},{"type":"Feature","properties":{"id":11964149297,"osm_type":"node","name":"Göteborgs glutenfria bageri","category":"restaurant","tags":{"addr:city":"Göteborg","addr:country":"SE","addr:housenumber":"3","addr:postcode":"413 05","addr:street":"Prinsgatan","air_conditioning":"yes","amenity":"cafe","bakehouse":"yes","bar":"no","changing_table":"no","contact:email":"gbgglutenfri@gmail.com","contact:facebook":"https://www.facebook.com/100063619296851/","contact:instagram":"https://www.instagram.com/gbgglutenfri","contact:phone":"+46 73 380 34 45","craft":"bakery","diet:gluten_free":"only","diet:vegan":"yes","diet:vegetarian":"yes","drive_through":"no","highchair":"no","ice_cream":"no","indoor_seating":"yes","internet_access":"wlan","internet_access:fee":"no","level":"0","name":"Göteborgs glutenfria bageri","opening_hours":"Mo-We,Su off; Th-Fr 10:00-17:00; Sa 10:00-14:00","organic":"yes","outdoor_seating":"yes","oven":"electric","pastry":"yes","payment:cash":"yes","payment:credit_cards":"yes","payment:debit_cards":"yes","reservation":"yes","shop":"bakery","smoking":"no","toilets:menstrual_products":"no","wheelchair":"no"}},"geometry":{"type":"Point","coordinates":[11.9502123,57.6963957]}},{"type":"Feature","properties":{"id":11964176240,"osm_type":"node","name":"Pølsemannen","category":"restaurant","tags":{"addr:city":"Göteborg","addr:country":"SE","addr:housenumber":"8","addr:postcode":"417 05","addr:street":"Minelundsvägen","amenity":"fast_food","check_date":"2024-06-08","cuisine":"burger;hot_dog;kebab","delivery":"no","diet:gluten_free":"yes","drive_through":"no","highchair":"no","indoor_seating":"yes","internet_access":"no","name":"Pølsemannen","opening_hours":"Mo-Fr 10:00-20:00; Sa-Su 10:00-18:00","outdoor_seating":"yes","payment:cash":"yes","payment:credit_cards":"yes","payment:debit_cards":"yes","smoking":"no","takeaway":"yes","website":"https://polsemannen.se/hornbach-goteborg/","wheelchair":"yes"}},"geometry":{"type":"Point","coordinates":[11.947052,57.7301424]}},{"type":"Feature","properties":{"id":11968227023,"osm_type":"node","name":"Ullevi Thaikök","category":"restaurant","tags":{"addr:city":"Göteborg","addr:housenumber":"46","addr:postcode":"411 01","addr:street":"Stampgatan","amenity":"restaurant","check_date":"2026-05-06","check_date:opening_hours":"2026-05-06","cuisine":"thai","diet:vegetarian":"yes","dog":"no","indoor_seating":"yes","name":"Ullevi Thaikök","opening_hours":"Mo-Fr 11:00-21:00; Sa-Su 12:00-21:00","outdoor_seating":"no","payment:cash":"yes","payment:credit_cards":"yes","payment:debit_cards":"yes","smoking":"no","start_date":"2012"}},"geometry":{"type":"Point","coordinates":[11.9862205,57.7083089]}},{"type":"Feature","properties":{"id":11968602817,"osm_type":"node","name":"Pizzeria di Ciro","category":"restaurant","tags":{"addr:housenumber":"3","addr:street":"Kuskens Gata","amenity":"restaurant","description":"Napoletansk pizzeria","name":"Pizzeria di Ciro","opening_hours":"Mo-Fr 11:00-21:00; Sa, Su 12:00-21:00","phone":"+46 704 37 12 06","website":"https://pizzadiciro.se/har-finns-vi"}},"geometry":{"type":"Point","coordinates":[11.9369942,57.7093932]}},{"type":"Feature","properties":{"id":11973474269,"osm_type":"node","name":"Husette","category":"restaurant","tags":{"amenity":"restaurant","name":"Husette","smoking":"no"}},"geometry":{"type":"Point","coordinates":[11.956919,57.6905916]}},{"type":"Feature","properties":{"id":11973585994,"osm_type":"node","name":"Bröd & Salt","category":"restaurant","tags":{"addr:housenumber":"11","addr:postcode":"413 04","addr:street":"Linnégatan","amenity":"cafe","brand":"Bröd & Salt","brand:wikidata":"Q131369998","check_date":"2026-04-05","email":"linnegatan11@brodsalt.se","indoor_seating":"yes","name":"Bröd & Salt","opening_hours":"Mo-Fr 07:30-19:00; Sa-Su 09:00-19:00","outdoor_seating":"yes","payment:cash":"yes","payment:credit_cards":"yes","payment:debit_cards":"yes","shop":"bakery","smoking":"no","website":"https://brodsalt.se/pages/butiker/goteborg"}},"geometry":{"type":"Point","coordinates":[11.9508196,57.6975116]}},{"type":"Feature","properties":{"id":11978688712,"osm_type":"node","name":"Al Parco","category":"restaurant","tags":{"amenity":"restaurant","name":"Al Parco","payment:cash":"no","payment:mastercard":"yes","payment:visa":"yes"}},"geometry":{"type":"Point","coordinates":[11.9938439,57.6947567]}},{"type":"Feature","properties":{"id":11979035418,"osm_type":"node","name":"Olivens Skafferi & Kafé","category":"restaurant","tags":{"addr:city":"Göteborg","addr:country":"SE","addr:housenumber":"29","addr:postcode":"413 10","addr:street":"Olivedalsgatan","amenity":"cafe","contact:email":"olivensskafferi@gmail.com","contact:facebook":"https://www.facebook.com/OlivensSkafferi/","contact:instagram":"https://www.instagram.com/olivensskafferi","contact:phone":"+46 73 652 53 56","contact:website":"https://olivens.se/","name":"Olivens Skafferi & Kafé","opening_hours":"Mo-Fr 07:00-20:00; Sa-Su 09:00-20:00","payment:cash":"yes","payment:credit_cards":"yes","payment:debit_cards":"yes","smoking":"no"}},"geometry":{"type":"Point","coordinates":[11.9483786,57.6920658]}},{"type":"Feature","properties":{"id":11987936078,"osm_type":"node","name":"Paradiset","category":"restaurant","tags":{"addr:housenumber":"27","addr:street":"Sveagatan","air_conditioning":"yes","amenity":"restaurant","bar":"yes","check_date":"2026-05-04","check_date:opening_hours":"2026-03-30","contact:facebook":"https://www.facebook.com/Paradiset-Mariaplan-102687805288642/","contact:instagram":"https://www.instagram.com/paradisetgbg","cuisine":"pizza","delivery":"no","diet:gluten_free":"yes","diet:vegetarian":"yes","email":"sveaplan@paradisetgbg.se","indoor_seating":"yes","level":"0","microbrewery":"no","name":"Paradiset","opening_hours":"Tu-Fr 16:00+; Sa,Su 13:00+; Mo off","outdoor_seating":"yes","payment:cash":"yes","payment:credit_cards":"yes","payment:debit_cards":"yes","reservation":"yes","smoking":"no","takeaway":"yes","toilets":"yes","toilets:menstrual_products":"no","website":"https://www.paradisetgbg.se/sveaplan"}},"geometry":{"type":"Point","coordinates":[11.9544835,57.6921644]}},{"type":"Feature","properties":{"id":11990524006,"osm_type":"node","name":"Blind Mango Bar","category":"restaurant","tags":{"addr:housenumber":"3","addr:street":"Nordenskiöldsgatan","air_conditioning":"yes","amenity":"restaurant","bar":"yes","brewery":"Staropramen;Pripps;Guinness","check_date":"2026-04-09","contact:email":"contact@blindmango.com","contact:facebook":"https://www.facebook.com/61551671677111/","contact:instagram":"https://www.instagram.com/blindmangobar","contact:phone":"+46 70 438 28 59","contact:threads":"https://www.threads.net/@@theblindmango","contact:website":"https://blindmangobar.com/","contact:website:menu":"https://online.fliphtml5.com/jfksx/ghrl/index.html#p=1","contact:whatsapp":"+46704382859","diet:vegetarian":"yes","dog":"yes","indoor_seating":"yes","level":"0","name":"Blind Mango Bar","opening_hours":"Mo off; Tu-We 14:00-23:00; Th 14:00-21:00; Fr-Sa 14:00-22:00; Su 14:00-20:00","outdoor_seating":"yes","payment:cash":"yes","payment:credit_cards":"yes","payment:debit_cards":"yes","reservation":"yes","smoking":"no","toilets:menstrual_products":"no","website:menu":"https://blindmangobar.com/menu/"}},"geometry":{"type":"Point","coordinates":[11.9550637,57.6926774]}},{"type":"Feature","properties":{"id":11990985288,"osm_type":"node","name":"Gaetanos Pizza Italiana","category":"restaurant","tags":{"addr:city":"Göteborg","addr:country":"SE","addr:housenumber":"16","addr:postcode":"413 14","addr:street":"Sveagatan","amenity":"restaurant","contact:instagram":"gaetanos_sveagatan_goeteborg","contact:phone":"+46 70 567 45 09","contact:website":"https://gaetanos.eu/","contact:website:menu":"https://gaetanos.eu/#pizza","cuisine":"pizza","level":"0","name":"Gaetanos Pizza Italiana","opening_hours":"Mo-Su 11:00-21:00","payment:cash":"yes","payment:credit_cards":"yes","payment:debit_cards":"yes","smoking":"no"}},"geometry":{"type":"Point","coordinates":[11.9543536,57.6934681]}},{"type":"Feature","properties":{"id":11990985294,"osm_type":"node","name":"Spice GBG","category":"restaurant","tags":{"addr:city":"Göteborg","addr:country":"SE","addr:housenumber":"15","addr:postcode":"413 07","addr:street":"Kastellgatan","amenity":"restaurant","contact:instagram":"https://www.instagram.com/spicegbg","contact:website":"https://www.spice-chicken.com/sv/spice-gbg","level":"0","name":"Spice GBG","opening_hours":"Mo-Th,Su 12:00-22:00; Fr-Sa 12:00-23:00","payment:cash":"yes","payment:credit_cards":"yes","payment:debit_cards":"yes","reservation":"yes","smoking":"no"}},"geometry":{"type":"Point","coordinates":[11.9554144,57.6934744]}},{"type":"Feature","properties":{"id":11992463669,"osm_type":"node","name":"Bar El Guiri","category":"restaurant","tags":{"amenity":"restaurant","indoor_seating":"yes","name":"Bar El Guiri","opening_hours":"Mo-Su 11:00-21:00+","outdoor_seating":"yes","smoking":"no"}},"geometry":{"type":"Point","coordinates":[11.9695284,57.7037588]}},{"type":"Feature","properties":{"id":11994595486,"osm_type":"node","name":"Sushi Hem","category":"restaurant","tags":{"air_conditioning":"yes","amenity":"restaurant","check_date":"2024-06-20","contact:email":"dr.bao2020@gmail.com","contact:facebook":"https://www.facebook.com/sushi.hem/","contact:phone":"+46 31 713 55 57","cuisine":"sushi","indoor_seating":"yes","level":"0","name":"Sushi Hem","opening_hours":"Mo-Fr 11:00-20:00; Sa-Su 12:00-20:00","outdoor_seating":"no","payment:cash":"yes","payment:credit_cards":"yes","payment:debit_cards":"yes","smoking":"no"}},"geometry":{"type":"Point","coordinates":[11.9986651,57.7149526]}},{"type":"Feature","properties":{"id":12001373970,"osm_type":"node","name":"Doy Doy","category":"restaurant","tags":{"addr:housenumber":"2","addr:street":"Backavägen","amenity":"restaurant","cuisine":"turkish","name":"Doy Doy","website":"https://www.doydoy.se/"}},"geometry":{"type":"Point","coordinates":[11.954363,57.7238916]}},{"type":"Feature","properties":{"id":12019911869,"osm_type":"node","name":"Bord 27","category":"restaurant","tags":{"addr:city":"Göteborg","addr:country":"SE","addr:housenumber":"14","addr:postcode":"41314","addr:street":"Haga Kyrkogata","amenity":"restaurant","email":"info@bord27.se","name":"Bord 27","website":"https://www.bord27.se/"}},"geometry":{"type":"Point","coordinates":[11.9632253,57.6970695]}},{"type":"Feature","properties":{"id":12030911584,"osm_type":"node","name":"Mañana","category":"restaurant","tags":{"amenity":"restaurant","name":"Mañana","opening_hours":"Mo-Su 16:00-00:00","outdoor_seating":"yes"}},"geometry":{"type":"Point","coordinates":[11.9849663,57.7100527]}},{"type":"Feature","properties":{"id":12095051918,"osm_type":"node","name":"Mugwort's BBQ Shack","category":"restaurant","tags":{"addr:city":"Göteborg","addr:country":"SE","amenity":"restaurant","cuisine":"grill","name":"Mugwort's BBQ Shack"}},"geometry":{"type":"Point","coordinates":[12.0015253,57.7286107]}},{"type":"Feature","properties":{"id":12104117339,"osm_type":"node","name":"Jo & the juice","category":"restaurant","tags":{"amenity":"cafe","name":"Jo & the juice"}},"geometry":{"type":"Point","coordinates":[11.9693686,57.7085051]}},{"type":"Feature","properties":{"id":12111462940,"osm_type":"node","name":"Bar Bruno","category":"restaurant","tags":{"amenity":"bar","name":"Bar Bruno","opening_hours":"Tu-Sa 16:00-02:00; Su 18:00-02:00","outdoor_seating":"yes","website":"https://barbruno.se/","wheelchair":"yes"}},"geometry":{"type":"Point","coordinates":[11.9629289,57.7043842]}},{"type":"Feature","properties":{"id":12111462941,"osm_type":"node","name":"Brewers Beer Bar","category":"restaurant","tags":{"amenity":"pub","microbrewery":"yes","name":"Brewers Beer Bar","opening_hours":"Mo-Th 16:00-00:00; Fr 15:30-01:00; Sa 13:00-01:00","outdoor_seating":"yes","phone":"+46 31 388 77 66","website":"https://magasinsgatan.brewersbeerbar.se/","wheelchair":"yes"}},"geometry":{"type":"Point","coordinates":[11.9616275,57.7046819]}},{"type":"Feature","properties":{"id":12120022034,"osm_type":"node","name":"Viktoria Café & Konditori","category":"restaurant","tags":{"addr:city":"Hisings Backa","addr:housenumber":"10","addr:postcode":"42248","addr:street":"Selma Lagerlöfs Torg","amenity":"cafe","name":"Viktoria Café & Konditori","opening_hours":"Mo-Fr 09:00-18:00; Sa-Su 10:00-16:00"}},"geometry":{"type":"Point","coordinates":[11.9823291,57.7497694]}},{"type":"Feature","properties":{"id":12141705907,"osm_type":"node","name":"Pølsemannen","category":"restaurant","tags":{"air_conditioning":"yes","amenity":"fast_food","check_date":"2024-08-28","cuisine":"hot_dog","delivery":"no","drive_through":"no","highchair":"yes","name":"Pølsemannen","outdoor_seating":"no","payment:cash":"yes","payment:credit_cards":"yes","payment:debit_cards":"yes","smoking":"no","takeaway":"yes","wheelchair":"yes"}},"geometry":{"type":"Point","coordinates":[11.9997145,57.7682231]}},{"type":"Feature","properties":{"id":12144346154,"osm_type":"node","name":"Sushi Yama","category":"restaurant","tags":{"addr:city":"Göteborg","addr:housenumber":"22","addr:postcode":"411 16","addr:street":"Vallgatan","amenity":"restaurant","brand":"Sushi Yama","brand:wikidata":"Q31897009","check_date":"2025-09-25","cuisine":"japanese","name":"Sushi Yama","opening_hours":"Mo-Th 10:30-21:00; Fr 10:30-22:00; Sa 11:00-22:00; Su 10:30-21:00","phone":"+46 31150003","website":"https://www.sushiyama.se/"}},"geometry":{"type":"Point","coordinates":[11.9659171,57.7038429]}},{"type":"Feature","properties":{"id":12146145415,"osm_type":"node","name":"Högsbo Coffeebar","category":"restaurant","tags":{"amenity":"cafe","name":"Högsbo Coffeebar"}},"geometry":{"type":"Point","coordinates":[11.9320743,57.6670278]}},{"type":"Feature","properties":{"id":12149844901,"osm_type":"node","name":"Spice Hut","category":"restaurant","tags":{"addr:housenumber":"49","addr:street":"Krokslätts Parkgata","amenity":"restaurant","cuisine":"indian","indoor_seating":"yes","name":"Spice Hut","outdoor_seating":"yes","website":"https://spicehut.se"}},"geometry":{"type":"Point","coordinates":[11.9944757,57.6753623]}},{"type":"Feature","properties":{"id":12151434166,"osm_type":"node","name":"Säldammskiosken","category":"restaurant","tags":{"amenity":"ice_cream","check_date":"2026-03-31","check_date:smoking":"2026-03-31","drive_through":"no","indoor_seating":"no","name":"Säldammskiosken","outdoor_seating":"yes","payment:cash":"yes","payment:credit_cards":"yes","payment:debit_cards":"yes","smoking":"no","takeaway":"yes","wheelchair":"yes"}},"geometry":{"type":"Point","coordinates":[11.9436938,57.6837173]}},{"type":"Feature","properties":{"id":12152086149,"osm_type":"node","name":"Nakhon","category":"restaurant","tags":{"addr:city":"Hovås","addr:housenumber":"18","addr:postcode":"43653","addr:street":"Krogabäcksvägen","amenity":"restaurant","cuisine":"thai","email":"info@nakhon.se","name":"Nakhon","opening_hours":"Mo-Th 11:00-21:00; Fr 11:00-22:00; Sa 12:00-22:00; Su 12:00-21:00","phone":"+4631916565","website":"https://www.nakhon.se/"}},"geometry":{"type":"Point","coordinates":[11.9524086,57.598528]}},{"type":"Feature","properties":{"id":12153656185,"osm_type":"node","name":"Tizne","category":"restaurant","tags":{"amenity":"restaurant","cuisine":"mexican","indoor_seating":"yes","name":"Tizne","outdoor_seating":"yes"}},"geometry":{"type":"Point","coordinates":[11.9508541,57.698173]}},{"type":"Feature","properties":{"id":12161451601,"osm_type":"node","name":"Brewers Beer Bar","category":"restaurant","tags":{"addr:housenumber":"3","addr:street":"Magasinsgatan","amenity":"restaurant","name":"Brewers Beer Bar","website":"https://magasinsgatan.brewersbeerbar.se"}},"geometry":{"type":"Point","coordinates":[11.961717,57.7046999]}},{"type":"Feature","properties":{"id":12165186979,"osm_type":"node","name":"Askims sushi","category":"restaurant","tags":{"addr:housenumber":"8","addr:street":"Askims Torg","amenity":"restaurant","cuisine":"sushi","name":"Askims sushi","opening_hours":"Mo-Fr 11:00-20:00; Sa 12:00-20:00","website":"https://www.askimssushi.se/"}},"geometry":{"type":"Point","coordinates":[11.9363233,57.6334476]}},{"type":"Feature","properties":{"id":12165203026,"osm_type":"node","name":"Seaside Thai Food","category":"restaurant","tags":{"addr:city":"Askim","addr:housenumber":"5","addr:place":"Askims Torg","addr:postcode":"43643","amenity":"restaurant","name":"Seaside Thai Food","website":"https://seasidethaifood.se/"}},"geometry":{"type":"Point","coordinates":[11.937249,57.6335291]}},{"type":"Feature","properties":{"id":12167810894,"osm_type":"node","name":"Pocket Göteborg","category":"restaurant","tags":{"amenity":"restaurant","name":"Pocket Göteborg","opening_hours":"Mo-Fr 11:00-14:00","website":"https://www.nordrest.se/restaurang/pocket-goteborg/"}},"geometry":{"type":"Point","coordinates":[11.9722787,57.7121583]}},{"type":"Feature","properties":{"id":12167892980,"osm_type":"node","name":"Opalens krog","category":"restaurant","tags":{"amenity":"restaurant","cuisine":"pizza","name":"Opalens krog","website":"https://opalenskrog.se/"}},"geometry":{"type":"Point","coordinates":[11.9009418,57.641668]}},{"type":"Feature","properties":{"id":12170654886,"osm_type":"node","name":"Max","category":"restaurant","tags":{"addr:city":"Mölndal","addr:housenumber":"32","addr:postcode":"43130","addr:street":"Barnhemsgatan","amenity":"fast_food","brand":"Max","brand:wikidata":"Q1912172","cuisine":"burger","drive_through":"no","indoor_seating":"yes","name":"Max","outdoor_seating":"no","smoking":"no","takeaway":"yes","wheelchair":"yes"}},"geometry":{"type":"Point","coordinates":[12.0145946,57.6547768]}},{"type":"Feature","properties":{"id":12176095128,"osm_type":"node","name":"The Grill","category":"restaurant","tags":{"amenity":"restaurant","cuisine":"barbecue;persian","name":"The Grill"}},"geometry":{"type":"Point","coordinates":[11.9443906,57.7210968]}},{"type":"Feature","properties":{"id":12177802187,"osm_type":"node","name":"Lahori pizza","category":"restaurant","tags":{"addr:city":"Göteborg","addr:housenumber":"40","addr:postcode":"41701","addr:street":"Herkulesgatan","amenity":"fast_food","cuisine":"pizza","diet:halal":"yes","drive_through":"no","name":"Lahori pizza"}},"geometry":{"type":"Point","coordinates":[11.9455777,57.7150527]}},{"type":"Feature","properties":{"id":12178298427,"osm_type":"node","name":"Dory's sushi","category":"restaurant","tags":{"amenity":"restaurant","cuisine":"sushi","name":"Dory's sushi"}},"geometry":{"type":"Point","coordinates":[11.9459281,57.71524]}},{"type":"Feature","properties":{"id":12185052216,"osm_type":"node","name":"99:ans fusionskök","category":"restaurant","tags":{"addr:housenumber":"99","addr:street":"Göteborgsvägen","amenity":"fast_food","cuisine":"burger","drive_through":"no","name":"99:ans fusionskök","opening_hours":"Mo-Th 11:00-21:00; Fr 11:00-22:00; Sa 12:00-22:00; Su 12:00-20:00","phone":"+46 31 12 28 89","website":"https://www.99an.nu/"}},"geometry":{"type":"Point","coordinates":[12.0794222,57.7330381]}},{"type":"Feature","properties":{"id":12186526102,"osm_type":"node","name":"Zamenhof","category":"restaurant","tags":{"amenity":"bar","name":"Zamenhof","smoking":"no"}},"geometry":{"type":"Point","coordinates":[11.9561328,57.7021762]}},{"type":"Feature","properties":{"id":12189846802,"osm_type":"node","name":"Stranger","category":"restaurant","tags":{"addr:city":"Göteborg","addr:housenumber":"14","addr:postcode":"41110","addr:street":"Kungstorget","amenity":"bar","contact:facebook":"strangergbg","contact:instagram":"strangergbg","name":"Stranger","opening_hours":"We-Sa 21:00-03:00; Su 18:00-03:00","phone":"+4631134555","website":"https://strangergbg.com/"}},"geometry":{"type":"Point","coordinates":[11.9688719,57.7036089]}},{"type":"Feature","properties":{"id":12318174752,"osm_type":"node","name":"Vinbaren","category":"restaurant","tags":{"amenity":"restaurant","name":"Vinbaren","website":"https://vinbaren.nu/"}},"geometry":{"type":"Point","coordinates":[11.9625496,57.7024604]}},{"type":"Feature","properties":{"id":12376121838,"osm_type":"node","name":"Bertilssons Stuga","category":"restaurant","tags":{"amenity":"cafe","name":"Bertilssons Stuga","phone":"+46-031987074","website":"https://bertilssonsstuga.se/"}},"geometry":{"type":"Point","coordinates":[12.0861068,57.6852119]}},{"type":"Feature","properties":{"id":12388006320,"osm_type":"node","name":"azikura","category":"restaurant","tags":{"amenity":"restaurant","cuisine":"sushi","diet:vegan":"yes","diet:vegetarian":"yes","indoor_seating":"yes","name":"azikura","opening_hours":"Mo-Sa 11:00-20:00; Su 12:00-19:00","outdoor_seating":"no"}},"geometry":{"type":"Point","coordinates":[11.9924708,57.6984351]}},{"type":"Feature","properties":{"id":12554230901,"osm_type":"node","name":"Akai Koi Sushi","category":"restaurant","tags":{"addr:city":"Göteborg","addr:housenumber":"17","addr:postcode":"411 38","addr:street":"Parkgatan","amenity":"restaurant","cuisine":"asian","name":"Akai Koi Sushi","opening_hours":"Mo-Th 11:00-21:30; Fr 11:00-22:00; Sa-Su 12:00-22:00","phone":"+46 31-13 10 10","website":"http://qopla.com","website:menu":"http://qopla.com"}},"geometry":{"type":"Point","coordinates":[11.9693144,57.7005032]}},{"type":"Feature","properties":{"id":12554267805,"osm_type":"node","name":"Indian Ocean","category":"restaurant","tags":{"amenity":"restaurant","indoor_seating":"yes","name":"Indian Ocean","opening_hours":"Mo-Fr 11:00-02:00, Sa,Su 12:00-02:00","outdoor_seating":"no"}},"geometry":{"type":"Point","coordinates":[12.022275,57.7332352]}},{"type":"Feature","properties":{"id":12577061825,"osm_type":"node","name":"Hakka Sushibar & Café","category":"restaurant","tags":{"addr:city":"Göteborg","addr:housenumber":"22","addr:postcode":"412 65","addr:street":"Ebbe Lieberathsgatan","amenity":"restaurant","cuisine":"sushi","name":"Hakka Sushibar & Café","opening_hours":"Mo-Fr 11:00-20:00, Sa 12:00-20:00","phone":"+46 31 7881899","website":"https://www.hakkasushi.se/"}},"geometry":{"type":"Point","coordinates":[12.0020674,57.6780575]}},{"type":"Feature","properties":{"id":12577082850,"osm_type":"node","name":"Almedal Restaurang Göteborg","category":"restaurant","tags":{"addr:city":"Göteborg","addr:housenumber":"18C","addr:postcode":"412 63","addr:street":"Ebbe Lieberathsgatan","amenity":"restaurant","cuisine":"pizza","name":"Almedal Restaurang Göteborg","opening_hours":"Mo-Th 11:00-21:00, Fr 11:00-03:00, Sa 12:00-03:00, Su 12:00-21:00","phone":"+46 31 40 9906","website":"https://almedalrestaurang.se/"}},"geometry":{"type":"Point","coordinates":[12.0015035,57.6789065]}},{"type":"Feature","properties":{"id":12585167370,"osm_type":"node","name":"Cafe Qulturum","category":"restaurant","tags":{"amenity":"cafe","indoor_seating":"yes","name":"Cafe Qulturum","outdoor_seating":"no"}},"geometry":{"type":"Point","coordinates":[12.1099784,57.7408872]}},{"type":"Feature","properties":{"id":12587583764,"osm_type":"node","name":"Kathmandu","category":"restaurant","tags":{"addr:city":"Göteborg","addr:country":"SE","addr:housenumber":"14","addr:postcode":"413 03","addr:street":"Första Långgatan","amenity":"restaurant","name":"Kathmandu","opening_hours":"Mo-Fr 11:00-22:00; Sa 13:00-22:00"}},"geometry":{"type":"Point","coordinates":[11.949828,57.6998394]}},{"type":"Feature","properties":{"id":12588093702,"osm_type":"node","name":"Restaurang IKEA Bäckebol","category":"restaurant","tags":{"addr:country":"SE","addr:housenumber":"25","addr:street":"Transportgatan","air_conditioning":"yes","amenity":"restaurant","brand":"IKEA","brand:wikidata":"Q54078","brand:wikipedia":"en:IKEA","breakfast":"Mo-Su 10:00-11:00","changing_table":"yes","cuisine":"swedish","delivery":"no","diet:vegetarian":"yes","dog":"no","drive_through":"no","indoor_seating":"yes","internet_access":"wlan","internet_access:fee":"no","level":"1","microbrewery":"no","name":"Restaurang IKEA Bäckebol","opening_hours":"Mo-Fr 09:30-19:30; Sa,Su 09:30-18:30","operator":"IKEA","outdoor_seating":"no","payment:cryptocurrencies":"no","payment:mastercard":"yes","payment:visa":"yes","reservation":"no","smoking":"no","stroller":"yes","takeaway":"no","telecom":"no","toilets":"yes","toilets:menstrual_products":"no","website:menu":"https://www.ikea.com/se/sv/stores/restaurant/restaurangen-pub103ef3b0/","wheelchair":"yes"}},"geometry":{"type":"Point","coordinates":[12.0012228,57.7745146]}},{"type":"Feature","properties":{"id":12590131758,"osm_type":"node","name":"Porta via","category":"restaurant","tags":{"amenity":"restaurant","cuisine":"italian","name":"Porta via"}},"geometry":{"type":"Point","coordinates":[11.9729987,57.7088039]}},{"type":"Feature","properties":{"id":12597909399,"osm_type":"node","name":"Mahogny","category":"restaurant","tags":{"addr:city":"Göteborg","addr:housenumber":"33","addr:postcode":"411 06","addr:street":"Postgatan","amenity":"cafe","name":"Mahogny","website":"https://www.facebook.com/people/Mahogny-Postgatan-33/100090357049318/"}},"geometry":{"type":"Point","coordinates":[11.9664541,57.7078144]}},{"type":"Feature","properties":{"id":12605117637,"osm_type":"node","name":"Dr. Chef","category":"restaurant","tags":{"addr:city":"Mölndal","addr:housenumber":"22","addr:postcode":"431 30","addr:street":"Länsmansgatan","amenity":"restaurant","name":"Dr. Chef","opening_hours":"Mo-Fr 11:00-14:00","phone":"+46 735 00 75 50","website":"https://drchef.nu"}},"geometry":{"type":"Point","coordinates":[12.0104232,57.6605288]}},{"type":"Feature","properties":{"id":12626831163,"osm_type":"node","name":"Seven Seasons","category":"restaurant","tags":{"amenity":"restaurant","name":"Seven Seasons","website":"https://www.compass-group.se/restauranger-och-menyer/ovriga-restauranger/seven-seasons/"}},"geometry":{"type":"Point","coordinates":[11.9473392,57.7103378]}},{"type":"Feature","properties":{"id":12626831164,"osm_type":"node","name":"cheri-jouko","category":"restaurant","tags":{"amenity":"restaurant","cuisine":"asian","name":"cheri-jouko","opening_hours":"Mo 11:00-14:00; Tu-Fr 11:00-20:00+; Sa 17:00-23:00+","website":"https://www.cheri-jouko.se/"}},"geometry":{"type":"Point","coordinates":[11.9477018,57.7102482]}},{"type":"Feature","properties":{"id":12663538436,"osm_type":"node","name":"Skeppet GBG","category":"restaurant","tags":{"amenity":"restaurant","bar":"yes","check_date":"2025-03-14","name":"Skeppet GBG"}},"geometry":{"type":"Point","coordinates":[11.934479,57.6996585]}},{"type":"Feature","properties":{"id":12690700379,"osm_type":"node","name":"Edo Sushi","category":"restaurant","tags":{"amenity":"restaurant","cuisine":"sushi","diet:vegetarian":"yes","name":"Edo Sushi","opening_hours":"Mo-Fr 11:00-20:00; Sa,Su 12:00-18:00"}},"geometry":{"type":"Point","coordinates":[11.9678438,57.7052575]}},{"type":"Feature","properties":{"id":12696871012,"osm_type":"node","name":"Bellevue Caffe","category":"restaurant","tags":{"addr:housenumber":"6","addr:street":"Fänriksgatan","amenity":"cafe","name":"Bellevue Caffe"}},"geometry":{"type":"Point","coordinates":[12.0218303,57.7327117]}},{"type":"Feature","properties":{"id":12723374269,"osm_type":"node","name":"Frökens skafferi","category":"restaurant","tags":{"amenity":"cafe","name":"Frökens skafferi","opening_hours":"Mo-Fr 10:00-18:00; Sa 11:00-15:00"}},"geometry":{"type":"Point","coordinates":[12.0721661,57.7201925]}},{"type":"Feature","properties":{"id":12723374285,"osm_type":"node","name":"Vallhamra Pizzeria","category":"restaurant","tags":{"amenity":"restaurant","cuisine":"pizza","name":"Vallhamra Pizzeria","opening_hours":"Mo-Th 11:00-21:00; Fr 11:00-22:00; Sa 12:00-22:00; Su 12:00-21:00"}},"geometry":{"type":"Point","coordinates":[12.071972,57.7203781]}},{"type":"Feature","properties":{"id":12723470484,"osm_type":"node","name":"Thai Samila","category":"restaurant","tags":{"amenity":"fast_food","name":"Thai Samila","opening_hours":"Mo-Th 11:00-20:00; Fr 11:00-20:30; Sa,Su 12:00-20:30"}},"geometry":{"type":"Point","coordinates":[12.0679989,57.73132]}},{"type":"Feature","properties":{"id":12723477484,"osm_type":"node","name":"HappyDay Sushi","category":"restaurant","tags":{"amenity":"fast_food","name":"HappyDay Sushi"}},"geometry":{"type":"Point","coordinates":[12.0682255,57.7313808]}},{"type":"Feature","properties":{"id":12723487126,"osm_type":"node","name":"47:ans Sallader och Deli","category":"restaurant","tags":{"amenity":"fast_food","name":"47:ans Sallader och Deli"}},"geometry":{"type":"Point","coordinates":[12.0679444,57.7313389]}},{"type":"Feature","properties":{"id":12741648523,"osm_type":"node","name":"Vitsippan","category":"restaurant","tags":{"amenity":"cafe","name":"Vitsippan"}},"geometry":{"type":"Point","coordinates":[11.9590554,57.6820737]}},{"type":"Feature","properties":{"id":12754779701,"osm_type":"node","name":"Vita Restaurant & Bar","category":"restaurant","tags":{"amenity":"restaurant","name":"Vita Restaurant & Bar"}},"geometry":{"type":"Point","coordinates":[11.9497919,57.6984844]}},{"type":"Feature","properties":{"id":12759800029,"osm_type":"node","name":"Mariki","category":"restaurant","tags":{"addr:housenumber":"18","addr:street":"Artillerigatan","amenity":"cafe","diet:vegan":"limited","diet:vegetarian":"yes","name":"Mariki","opening_hours":"We, Th 11:00-20:00; Fr, Sa 11:00-22:00; Su 11:00-16:00","website":"https://mariki.se/"}},"geometry":{"type":"Point","coordinates":[12.0125852,57.7292041]}},{"type":"Feature","properties":{"id":12775552612,"osm_type":"node","name":"Gothia Falafel","category":"restaurant","tags":{"amenity":"fast_food","cuisine":"falafel","diet:vegan":"only","diet:vegetarian":"only","drive_through":"no","facebook":"https://www.facebook.com/gothiafalafel","indoor_seating":"no","name":"Gothia Falafel","opening_hours":"Mo-Fr 11:00-19:00; Sa 12:00-18:00; Su 12:00-16:00","outdoor_seating":"sidewalk"}},"geometry":{"type":"Point","coordinates":[11.9714453,57.6936794]}},{"type":"Feature","properties":{"id":12778709448,"osm_type":"node","name":"Biltema Cafe","category":"restaurant","tags":{"amenity":"cafe","diet:vegan":"no","diet:vegetarian":"yes","indoor_seating":"yes","name":"Biltema Cafe","opening_hours":"Mo-Fr 08:00-19:00; Sa,Su 10:00-17:00","outdoor_seating":"no"}},"geometry":{"type":"Point","coordinates":[11.9624613,57.726168]}},{"type":"Feature","properties":{"id":12786346366,"osm_type":"node","name":"O/O Bar","category":"restaurant","tags":{"addr:city":"Göteborg","addr:housenumber":"22","addr:postcode":"414 64","addr:street":"Bangatan","amenity":"bar","contact:facebook":"https://www.facebook.com/oobargbg/","min_age":"18","name":"O/O Bar","opening_hours":"Mo-Fr 16:30-23:00; Sa-Su 15:00-23:00","website":"https://instagram.com/oobar_gbg"}},"geometry":{"type":"Point","coordinates":[11.935594,57.6965604]}},{"type":"Feature","properties":{"id":12787035389,"osm_type":"node","name":"Taverna Efessos","category":"restaurant","tags":{"addr:city":"Göteborg","addr:housenumber":"60","addr:postcode":"414 55","addr:street":"Karl Johansgatan","amenity":"restaurant","cuisine":"greek","name":"Taverna Efessos","phone":"+4631129978","website":"https://www.efessos.se/"}},"geometry":{"type":"Point","coordinates":[11.9227696,57.6955846]}},{"type":"Feature","properties":{"id":12812379941,"osm_type":"node","name":"Tampico Pizza","category":"restaurant","tags":{"addr:city":"Göteborg","addr:country":"SE","addr:housenumber":"2","addr:postcode":"412 76","addr:street":"Smörgatan","amenity":"restaurant","cuisine":"pizza","name":"Tampico Pizza","opening_hours":"Mo-Fr 11:00-21:00; Sa-Su 12:00-21:00","phone":"+4631408251","website":"https://www.tampicopizzeria.se/"}},"geometry":{"type":"Point","coordinates":[12.014153,57.680317]}},{"type":"Feature","properties":{"id":12819905393,"osm_type":"node","name":"O's Streetfood","category":"restaurant","tags":{"addr:housenumber":"14","addr:postcode":"41571","addr:street":"Hagbergsgatan","amenity":"restaurant","check_date":"2025-05-08","cuisine":"burger","name":"O's Streetfood","opening_hours":"Mo off; Tu-Fr 11:30-20:00; Sa 14:00-20:00; Su 14:00-19:00","outdoor_seating":"yes","payment:cash":"yes","payment:credit_cards":"yes","payment:debit_cards":"yes","source":"local knowledge","website":"https://osstreetfood.se","wheelchair":"no"}},"geometry":{"type":"Point","coordinates":[12.0472692,57.7359905]}},{"type":"Feature","properties":{"id":12828555701,"osm_type":"node","name":"Am Thuc Viet","category":"restaurant","tags":{"addr:housenumber":"11","addr:street":"Södra Vägen","amenity":"restaurant","cuisine":"vietnamese","name":"Am Thuc Viet","website":"https://www.amthucviet.se/"}},"geometry":{"type":"Point","coordinates":[11.9751723,57.7016364]}},{"type":"Feature","properties":{"id":12847062503,"osm_type":"node","name":"CRAVE Foodtruck","category":"restaurant","tags":{"amenity":"fast_food","diet:vegan":"yes","diet:vegetarian":"yes","name":"CRAVE Foodtruck"}},"geometry":{"type":"Point","coordinates":[11.9627594,57.7029293]}},{"type":"Feature","properties":{"id":12864883484,"osm_type":"node","name":"Rollin Bistros Backyard","category":"restaurant","tags":{"addr:city":"Göteborg","addr:housenumber":"5","addr:postcode":"415 11","addr:street":"Väverigatan","amenity":"restaurant","bar":"yes","cuisine":"barbecue;burger","email":"backyard@rollinbistros.se","highchair":"yes","name":"Rollin Bistros Backyard","opening_hours":"Tu 11:00-14:00, We-Th 11:00-22:00, Fr 11:00-23:00, Sa 12:00-23:00, Su 12:00-17:00","outdoor_seating":"yes","phone":"+4631134089","reservation":"yes","toilets":"yes","website":"https://www.backyardgbg.se/","wheelchair":"yes"}},"geometry":{"type":"Point","coordinates":[12.0054382,57.7260722]}},{"type":"Feature","properties":{"id":12864883485,"osm_type":"node","name":"Ego Distillers","category":"restaurant","tags":{"addr:city":"Göteborg","addr:housenumber":"7","addr:postcode":"415 11","addr:street":"Väverigatan","amenity":"restaurant","cuisine":"regional","email":"spritbar@egodistillers.com","name":"Ego Distillers","opening_hours":"Th 16:00-22:00, Fr-Sa 16:00-00:00","website":"https://egodistillers.com/#spritbar"}},"geometry":{"type":"Point","coordinates":[12.0058371,57.7261404]}},{"type":"Feature","properties":{"id":12864883486,"osm_type":"node","name":"Dubbelhakan","category":"restaurant","tags":{"addr:city":"Göteborg","addr:housenumber":"5","addr:postcode":"415 11","addr:street":"Väverigatan","amenity":"restaurant","bar":"yes","cuisine":"pizza","name":"Dubbelhakan","opening_hours":"Tu-Th 16:00-22:00, Fr 16:00-23:00, Sa 12:00-23:00, Su 16:00-21:00","phone":"+4631134087","website":"https://www.dubbelhakangbg.se/"}},"geometry":{"type":"Point","coordinates":[12.0055789,57.7261308]}},{"type":"Feature","properties":{"id":12873871203,"osm_type":"node","name":"Thai Fasai","category":"restaurant","tags":{"addr:city":"Mölndal","addr:housenumber":"1","addr:postcode":"43148","addr:street":"Jungfruplatsen","amenity":"restaurant","cuisine":"thai","name":"Thai Fasai","opening_hours":"Tu-Th 11:00-20:00, Fr 11:00-21:00, Sa-Su 12:00-21:00","phone":"+46313186118","website":"https://thaifasai.se"}},"geometry":{"type":"Point","coordinates":[12.0010806,57.6591297]}},{"type":"Feature","properties":{"id":12891934340,"osm_type":"node","name":"Kviberg Pizzaria","category":"restaurant","tags":{"amenity":"restaurant","cuisine":"pizza","name":"Kviberg Pizzaria"}},"geometry":{"type":"Point","coordinates":[12.0273871,57.7401329]}},{"type":"Feature","properties":{"id":12919026522,"osm_type":"node","name":"","category":"restaurant","tags":{"amenity":"fast_food","cuisine":"pizza"}},"geometry":{"type":"Point","coordinates":[12.1132508,57.7442263]}},{"type":"Feature","properties":{"id":12978173603,"osm_type":"node","name":"Phở Kim","category":"restaurant","tags":{"addr:city":"Göteborg","addr:country":"SE","addr:housenumber":"61","addr:postcode":"41107","addr:street":"Drottninggatan","amenity":"restaurant","cuisine":"vietnamese","name":"Phở Kim","opening_hours":"Mo-Sa 11:00-21:00; Su 11:00-19:00","website":"http://phokim.se"}},"geometry":{"type":"Point","coordinates":[11.9715966,57.7062663]}},{"type":"Feature","properties":{"id":12991132905,"osm_type":"node","name":"Shahana Grill & Kök","category":"restaurant","tags":{"addr:city":"Göteborg","addr:housenumber":"10","addr:postcode":"41712","addr:street":"Sunnanvindsgatan","amenity":"restaurant","bar":"no","cuisine":"kebab","fixme":"What Cuisines do they serve here?","name":"Shahana Grill & Kök","opening_hours":"Mo-Su 11:00-21:00","phone":"+46722582848","toilets":"yes","wheelchair":"yes"}},"geometry":{"type":"Point","coordinates":[11.9287133,57.7226065]}},{"type":"Feature","properties":{"id":12999886629,"osm_type":"node","name":"Sannegårdens pizzeria","category":"restaurant","tags":{"addr:city":"Mölnlycke","addr:housenumber":"9","addr:place":"Råda Torg","addr:postcode":"435 30","amenity":"restaurant","cuisine":"pizza","name":"Sannegårdens pizzeria","opening_hours":"Mo-Fr 10:00-21:30; Sa-Su 11:00-21:30","phone":"+46 31-713 82 44","website":"https://sannegardens.se/kontakt/"}},"geometry":{"type":"Point","coordinates":[12.1165488,57.65906]}},{"type":"Feature","properties":{"id":13015913605,"osm_type":"node","name":"Bra Nyfiket","category":"restaurant","tags":{"amenity":"cafe","name":"Bra Nyfiket","opening_hours":"Mo-Th 08:30-16:00; Fr 8:30-15:00","outdoor_seating":"no","payment:cash":"no","payment:chalmers":"yes","payment:credit_cards":"yes","payment:debit_cards":"yes","website":"https://chalmerskonferens.se/sv/restauranger/johanneberg/bra-nyfiket/"}},"geometry":{"type":"Point","coordinates":[11.9757701,57.6904099]}},{"type":"Feature","properties":{"id":13015913606,"osm_type":"node","name":"Olgas Café","category":"restaurant","tags":{"amenity":"cafe","name":"Olgas Café","opening_hours":"Mo-Fr 10:00-18:00","outdoor_seating":"no","payment:cash":"no","payment:chalmers":"yes","payment:credit_cards":"yes","payment:debit_cards":"yes","website":"https://chalmerskonferens.se/sv/restauranger/johanneberg/olgas-cafe/"}},"geometry":{"type":"Point","coordinates":[11.9786033,57.6902903]}},{"type":"Feature","properties":{"id":13015913607,"osm_type":"node","name":"S.M.A.K.","category":"restaurant","tags":{"amenity":"cafe","name":"S.M.A.K.","opening_hours":"Mo-Th 07:45-16:00; Fr 07:45-15:00","payment:cash":"no","payment:chalmers":"yes","payment:credit_cards":"yes","payment:debit_cards":"yes","website":"https://chalmerskonferens.se/sv/restauranger/johanneberg/smak/"}},"geometry":{"type":"Point","coordinates":[11.9765363,57.6875943]}},{"type":"Feature","properties":{"id":13015913608,"osm_type":"node","name":"Café VERA","category":"restaurant","tags":{"amenity":"cafe","name":"Café VERA","opening_hours":"Mo-Fr 08:15-15:30","outdoor_seating":"no","payment:cash":"no","payment:chalmers":"yes","payment:credit_cards":"yes","payment:debit_cards":"yes"}},"geometry":{"type":"Point","coordinates":[11.9750219,57.6929719]}},{"type":"Feature","properties":{"id":13029452678,"osm_type":"node","name":"Calabash kafè","category":"restaurant","tags":{"amenity":"cafe","diet:vegan":"yes","diet:vegetarian":"yes","indoor_seating":"yes","name":"Calabash kafè","opening_hours":"Mo-Fr 10:00-17:00; Sa,Su 10:00-16:00","outdoor_seating":"yes","payment:credit_cards":"yes","payment:debit_cards":"yes","website":"https://www.calabashkafe.se/"}},"geometry":{"type":"Point","coordinates":[12.0335986,57.7354007]}},{"type":"Feature","properties":{"id":13030061275,"osm_type":"node","name":"Madads falafel","category":"restaurant","tags":{"air_conditioning":"no","amenity":"fast_food","diet:vegetarian":"yes","indoor_seating":"no","name":"Madads falafel","outdoor_seating":"yes"}},"geometry":{"type":"Point","coordinates":[12.024715,57.7307206]}},{"type":"Feature","properties":{"id":13031808984,"osm_type":"node","name":"Pizzabakeren","category":"restaurant","tags":{"amenity":"fast_food","brand":"Pizzabakeren","brand:wikidata":"Q11995777","cuisine":"pizza","description":"Pizza","name":"Pizzabakeren","takeaway":"yes"}},"geometry":{"type":"Point","coordinates":[11.9518821,57.68996]}},{"type":"Feature","properties":{"id":13035727275,"osm_type":"node","name":"Enoteca Da Bello","category":"restaurant","tags":{"amenity":"restaurant","cuisine":"italian","name":"Enoteca Da Bello","website":"https://enotecadabello.se"}},"geometry":{"type":"Point","coordinates":[11.9476675,57.7231299]}},{"type":"Feature","properties":{"id":13040774851,"osm_type":"node","name":"KIKU KÖKET","category":"restaurant","tags":{"amenity":"restaurant","indoor_seating":"yes","name":"KIKU KÖKET","opening_hours":"Mo-Fr 11:00-20:00; Sa 12:00-21:00","outdoor_seating":"no"}},"geometry":{"type":"Point","coordinates":[11.9677933,57.7092275]}},{"type":"Feature","properties":{"id":13041501902,"osm_type":"node","name":"Bivac","category":"restaurant","tags":{"addr:housenumber":"27","addr:postcode":"413 28","addr:street":"Andra Långgatan","amenity":"bar","cuisine":"pizza","name":"Bivac","opening_hours":"Tu-Sa 17:00-01:00","phone":"+46 76 884 58 40","website":"https://www.bivac.se"}},"geometry":{"type":"Point","coordinates":[11.9468289,57.699043]}},{"type":"Feature","properties":{"id":13043311959,"osm_type":"node","name":"Ceno Brasserie","category":"restaurant","tags":{"addr:city":"Göteborg","addr:country":"SE","addr:housenumber":"1","addr:postcode":"412 63","addr:street":"Lyckholms Torg","amenity":"restaurant","cuisine":"regional","name":"Ceno Brasserie","phone":"+46 31-787 98 07","website":"https://ceno.se/"}},"geometry":{"type":"Point","coordinates":[11.9978656,57.6893284]}},{"type":"Feature","properties":{"id":13049473521,"osm_type":"node","name":"Santonys","category":"restaurant","tags":{"addr:city":"Göteborg","addr:housenumber":"24B","addr:postcode":"412 63","addr:street":"Nellickevägen","amenity":"fast_food","contact:email":"santonys@outlook.com","contact:phone":"+46 73 513 39 93","cuisine":"sandwich","name":"Santonys","opening_hours":"Mo-Fr 11:00-14:00","payment:cash":"yes","payment:credit_cards":"yes","payment:debit_cards":"yes","smoking":"no","takeaway":"yes"}},"geometry":{"type":"Point","coordinates":[11.9978186,57.6881935]}},{"type":"Feature","properties":{"id":13073038901,"osm_type":"node","name":"Bastard Burgers","category":"restaurant","tags":{"addr:street":"Frölunda Torg","amenity":"restaurant","brand":"Bastard Burgers","brand:wikidata":"Q76873807","check_date":"2025-09-11","cuisine":"burger","internet_access":"wlan","internet_access:fee":"customers","level":"0","name":"Bastard Burgers","opening_hours":"Mo-Su 11:00-21:00","payment:cash":"yes","payment:credit_cards":"yes","payment:debit_cards":"yes","takeaway":"yes","website":"https://bastardburgers.com/se/restaurants/frolunda-torg/","wheelchair":"yes"}},"geometry":{"type":"Point","coordinates":[11.9128171,57.6526625]}},{"type":"Feature","properties":{"id":13076532401,"osm_type":"node","name":"","category":"restaurant","tags":{"amenity":"fast_food","cuisine":"american","outdoor_seating":"yes","self_service":"yes"}},"geometry":{"type":"Point","coordinates":[11.9028044,57.689714]}},{"type":"Feature","properties":{"id":13089877280,"osm_type":"node","name":"Lärjeans Kök","category":"restaurant","tags":{"amenity":"cafe","name":"Lärjeans Kök"}},"geometry":{"type":"Point","coordinates":[12.0545444,57.7926755]}},{"type":"Feature","properties":{"id":13098474368,"osm_type":"node","name":"Egon","category":"restaurant","tags":{"amenity":"restaurant","name":"Egon","opening_hours":"Su-Th 11:00-22:00; Fr,Sa 11:00-23:00"}},"geometry":{"type":"Point","coordinates":[11.9713221,57.7051652]}},{"type":"Feature","properties":{"id":13107590475,"osm_type":"node","name":"Mot Hai Ba","category":"restaurant","tags":{"addr:city":"Göteborg","addr:housenumber":"2F","addr:postcode":"41712","addr:street":"Nordanvindsgatan","amenity":"restaurant","cuisine":"thai","name":"Mot Hai Ba"}},"geometry":{"type":"Point","coordinates":[11.9327938,57.7215416]}},{"type":"Feature","properties":{"id":13108742285,"osm_type":"node","name":"Noodle Master Taste of Xian Kitchen","category":"restaurant","tags":{"addr:city":"Göteborg","addr:housenumber":"1","addr:postcode":"417 06","addr:street":"Hjalmar Brantingsgatan","amenity":"restaurant","cuisine":"chinese","level":"0","name":"Noodle Master Taste of Xian Kitchen","opening_hours":"Tu-Fr 11:00-21:00; Sa 12:00-21:00; Su 12:00-20:00"}},"geometry":{"type":"Point","coordinates":[11.9437617,57.7209005]}},{"type":"Feature","properties":{"id":13108742289,"osm_type":"node","name":"Okinawa Sushi","category":"restaurant","tags":{"addr:city":"Göteborg","addr:housenumber":"2","addr:postcode":"417 05","addr:street":"Gustaf Dalénsgatan","amenity":"restaurant","cuisine":"sushi","name":"Okinawa Sushi"}},"geometry":{"type":"Point","coordinates":[11.9443934,57.7209835]}},{"type":"Feature","properties":{"id":13108742290,"osm_type":"node","name":"Ceviche - Taste of Peru","category":"restaurant","tags":{"addr:city":"Göteborg","addr:housenumber":"2","addr:postcode":"417 05","addr:street":"Gustaf Dalénsgatan","amenity":"restaurant","cuisine":"peruvian","name":"Ceviche - Taste of Peru"}},"geometry":{"type":"Point","coordinates":[11.9443976,57.7211796]}},{"type":"Feature","properties":{"id":13108742291,"osm_type":"node","name":"Lucky Sushi","category":"restaurant","tags":{"addr:city":"Göteborg","addr:housenumber":"20","addr:postcode":"417 05","addr:street":"Gamla Tuvevägen","amenity":"restaurant","cuisine":"sushi;chinese","name":"Lucky Sushi"}},"geometry":{"type":"Point","coordinates":[11.946746,57.7239214]}},{"type":"Feature","properties":{"id":13110166701,"osm_type":"node","name":"Borgskogs","category":"restaurant","tags":{"addr:housenumber":"18","addr:postcode":"413 09","addr:street":"Nordenskiöldsgatan","amenity":"cafe","check_date":"2026-01-30","check_date:smoking":"2026-01-30","contact:instagram":"borgskogs","email":"borgskogs@gmail.com","level":"0","name":"Borgskogs","opening_hours":"Mo-Th 10:00-18:00; Fr 10:00-20:00; Sa-Su 10:00-16:00","smoking":"no"}},"geometry":{"type":"Point","coordinates":[11.9511085,57.6925327]}},{"type":"Feature","properties":{"id":13132810654,"osm_type":"node","name":"Indian Tikka","category":"restaurant","tags":{"amenity":"restaurant","cuisine":"indian","name":"Indian Tikka"}},"geometry":{"type":"Point","coordinates":[12.0120776,57.7291168]}},{"type":"Feature","properties":{"id":13136397558,"osm_type":"node","name":"Pizzeria Druvan","category":"restaurant","tags":{"addr:city":"Lindome","addr:housenumber":"1","addr:postcode":"437 30","addr:street":"Almåsgången","amenity":"restaurant","cuisine":"pizza;kebab","name":"Pizzeria Druvan","opening_hours":"Mo-Fr 11:00-21:00; Sa-Su 12:00-21:00","phone":"+46 31993664","website":"https://www.druvanpizzeria.se/","wheelchair":"yes"}},"geometry":{"type":"Point","coordinates":[12.0888205,57.5773813]}},{"type":"Feature","properties":{"id":13136761529,"osm_type":"node","name":"Leilas Kök & Bar","category":"restaurant","tags":{"addr:city":"Lindome","addr:housenumber":"1","addr:postcode":"437 36","addr:street":"Elementvägen","amenity":"restaurant","bar":"yes","cuisine":"burger;swedish","name":"Leilas Kök & Bar","opening_hours":"Mo-We 11:00-15:00; Th 11:00-21:00; Fr 11:00-23:00; Sa 14:00-23:00","phone":"+46 31992772","website":"https://www.leilasbar.se/","wheelchair":"yes"}},"geometry":{"type":"Point","coordinates":[12.0884327,57.5754117]}},{"type":"Feature","properties":{"id":13136772827,"osm_type":"node","name":"Odd Island Brewing","category":"restaurant","tags":{"addr:city":"Lindome","addr:housenumber":"2","addr:postcode":"437 36","addr:street":"Elementvägen","amenity":"pub","microbrewery":"yes","name":"Odd Island Brewing","opening_hours":"Fr 17:00-22:00; Sa 16:00-22:00","website":"https://oddislandbrewing.se/","wheelchair":"yes"}},"geometry":{"type":"Point","coordinates":[12.0871778,57.5753026]}},{"type":"Feature","properties":{"id":13152547729,"osm_type":"node","name":"Fiskbar 17","category":"restaurant","tags":{"addr:city":"Göteborg","addr:housenumber":"17","addr:postcode":"41118","addr:street":"Magasinsgatan","amenity":"restaurant","cuisine":"seafood","name":"Fiskbar 17","website":"https://www.fiskbar17.se/"}},"geometry":{"type":"Point","coordinates":[11.962595,57.702862]}},{"type":"Feature","properties":{"id":13158279801,"osm_type":"node","name":"Laziz","category":"restaurant","tags":{"addr:housenumber":"38","addr:postcode":"41701","addr:street":"Herkulesgatan","amenity":"restaurant","cuisine":"kebab","level":"0","name":"Laziz","opening_hours":"Mo-Fr 11:00-21:00; Sa-Su 12:00-21:00","website:menu":"https://www.foodora.se/restaurant/l8s6/laziz"}},"geometry":{"type":"Point","coordinates":[11.9457513,57.7151324]}},{"type":"Feature","properties":{"id":13164814201,"osm_type":"node","name":"Lilla Duhok Restaurang","category":"restaurant","tags":{"addr:city":"Partille","addr:country":"SE","addr:housenumber":"60","addr:postcode":"433 30","addr:street":"Järnringen","amenity":"restaurant","cuisine":"arab;kebab","level":"0","name":"Lilla Duhok Restaurang","official_name":"Lilla Duhok Restaurang AB","opening_hours":"Mo-Su 11:00-20:00","phone":"+46 31-44 01 04","self_service":"partially"}},"geometry":{"type":"Point","coordinates":[12.0835998,57.7408274]}},{"type":"Feature","properties":{"id":13175120353,"osm_type":"node","name":"Oyo Sushi Bar","category":"restaurant","tags":{"addr:housenumber":"7B","addr:street":"Delsjövägen","amenity":"restaurant","check_date":"2025-09-27","cuisine":"sushi","name":"Oyo Sushi Bar","opening_hours":"Mo-Fr 11:30-20:00; Sa-Su off","phone":"+46 76 854 06 86","website":"https://oyosushibar.se/"}},"geometry":{"type":"Point","coordinates":[12.0013091,57.6983722]}},{"type":"Feature","properties":{"id":13206453663,"osm_type":"node","name":"Miss Miso","category":"restaurant","tags":{"amenity":"restaurant","cuisine":"asian","name":"Miss Miso"}},"geometry":{"type":"Point","coordinates":[11.9716986,57.6959145]}},{"type":"Feature","properties":{"id":13230318745,"osm_type":"node","name":"Station Säve","category":"restaurant","tags":{"amenity":"restaurant","name":"Station Säve","phone":"+46707987110","website":"https://stationsave.se/"}},"geometry":{"type":"Point","coordinates":[11.9118829,57.8039768]}},{"type":"Feature","properties":{"id":13237563760,"osm_type":"node","name":"Offline Board Game Cafe","category":"restaurant","tags":{"amenity":"cafe","changing_table":"no","diet:vegan":"yes","diet:vegetarian":"yes","indoor_seating":"yes","name":"Offline Board Game Cafe","opening_hours":"We-Fr 16:00-22:00; Sa,Su 12:00-22:00","outdoor_seating":"no"}},"geometry":{"type":"Point","coordinates":[11.9734397,57.6992801]}},{"type":"Feature","properties":{"id":13272805842,"osm_type":"node","name":"Mellan Rummet","category":"restaurant","tags":{"amenity":"restaurant","name":"Mellan Rummet"}},"geometry":{"type":"Point","coordinates":[11.9500459,57.6987415]}},{"type":"Feature","properties":{"id":13273593701,"osm_type":"node","name":"Walk in the park","category":"restaurant","tags":{"addr:street":"Linnégatan","amenity":"restaurant","name":"Walk in the park"}},"geometry":{"type":"Point","coordinates":[11.9519172,57.6983968]}},{"type":"Feature","properties":{"id":13289302207,"osm_type":"node","name":"Victors Kaffe","category":"restaurant","tags":{"addr:housenumber":"1","addr:place":"Brunnsparken","amenity":"cafe","name":"Victors Kaffe","opening_hours":"Mo-Fr 06:30-19:00; Sa 09:00-19:00; Su 10:00-18:00","phone":"+ 46 761 869569","smoking":"no","website":"https://www.viktorskaffe.se/"}},"geometry":{"type":"Point","coordinates":[11.9691361,57.7067192]}},{"type":"Feature","properties":{"id":13308656032,"osm_type":"node","name":"Hav A Java","category":"restaurant","tags":{"amenity":"cafe","level":"1","name":"Hav A Java"}},"geometry":{"type":"Point","coordinates":[12.0123983,57.6611604]}},{"type":"Feature","properties":{"id":13321509370,"osm_type":"node","name":"Totale","category":"restaurant","tags":{"addr:city":"Göteborg","addr:housenumber":"3","addr:postcode":"41137","addr:street":"Kristinelundsgatan","amenity":"restaurant","name":"Totale","website":"https://www.totale.se/"}},"geometry":{"type":"Point","coordinates":[11.9740207,57.6988564]}},{"type":"Feature","properties":{"id":13327680587,"osm_type":"node","name":"Fermento","category":"restaurant","tags":{"addr:city":"Göteborg","addr:housenumber":"8","addr:postcode":"41114","addr:street":"Norra Hamngatan","amenity":"restaurant","cuisine":"italian","name":"Fermento","website":"https://fermento.se/"}},"geometry":{"type":"Point","coordinates":[11.9621154,57.7063139]}},{"type":"Feature","properties":{"id":13338717982,"osm_type":"node","name":"Arket Café","category":"restaurant","tags":{"amenity":"cafe","name":"Arket Café"}},"geometry":{"type":"Point","coordinates":[11.968635,57.7049785]}},{"type":"Feature","properties":{"id":13342387540,"osm_type":"node","name":"Togogo","category":"restaurant","tags":{"addr:floor":"0","addr:housenumber":"3","addr:street":"Nordstadstorget","amenity":"restaurant","check_date":"2026-05-04","delivery":"yes","diet:vegan":"yes","diet:vegetarian":"yes","internet_access":"no","level":"0","name":"Togogo","opening_hours":"Mo-Fr 08:00-20:00; Sa-Su,PH 10:00-18:00","payment:cash":"yes","payment:credit_cards":"yes","payment:debit_cards":"yes","phone":"+46 70-985 40 07","takeaway":"yes","toilets":"no","website":"https://www.togogo.se/","wheelchair":"yes"}},"geometry":{"type":"Point","coordinates":[11.9683592,57.7091231]}},{"type":"Feature","properties":{"id":13356800094,"osm_type":"node","name":"Roy Restaurant Café & Bar","category":"restaurant","tags":{"addr:city":"Mölndal","addr:housenumber":"1","addr:postcode":"431 33","addr:street":"Nämndemansgatan","amenity":"restaurant","bar":"yes","internet_access":"wlan","internet_access:fee":"no","name":"Roy Restaurant Café & Bar","opening_hours":"24/7","outdoor_seating":"yes","payment:credit_cards":"yes","payment:debit_cards":"yes","payment:nfc_mobile_payments":"yes","phone":"+46 76 035 9971","reservation":"yes","smoking":"no","toilets:wheelchair":"yes","website":"https://www.roy.se","website:menu":"https://www.roy.se/lunch","wheelchair":"yes"}},"geometry":{"type":"Point","coordinates":[12.0192778,57.6562978]}},{"type":"Feature","properties":{"id":13356800095,"osm_type":"node","name":"Street Food To Go","category":"restaurant","tags":{"addr:city":"Mölndal","addr:housenumber":"9","addr:postcode":"431 30","addr:street":"Mölndals bro","air_conditioning":"yes","amenity":"fast_food","cuisine":"burger;fries;coffee;fast_food;fish_and_chips;wings","diet:halal":"yes","diet:vegetarian":"yes","drive_through":"no","email":"basusta@streetfoodtogo.se","indoor_seating":"yes","internet_access":"wlan","internet_access:fee":"no","name":"Street Food To Go","opening_hours":"Mo-Fr 10:30-20:00; Sa 12:00-18:00","outdoor_seating":"no","payment:credit_cards":"yes","payment:debit_cards":"yes","payment:nfc_mobile_payments":"yes","phone":"+46 31 87 7780","smoking":"no","toilets:wheelchair":"yes","website":"https://www.streetfoodtogo.se","wheelchair":"yes"}},"geometry":{"type":"Point","coordinates":[12.0173688,57.6554791]}},{"type":"Feature","properties":{"id":13368951827,"osm_type":"node","name":"Restaurang Mejram","category":"restaurant","tags":{"amenity":"restaurant","check_date":"2025-12-11","contact:instagram":"https://www.instagram.com/annedals_kok","name":"Restaurang Mejram"}},"geometry":{"type":"Point","coordinates":[11.9595152,57.6927914]}},{"type":"Feature","properties":{"id":13403422471,"osm_type":"node","name":"Lindome Sushi","category":"restaurant","tags":{"addr:city":"Lindome","addr:housenumber":"1","addr:postcode":"437 30","addr:street":"Almåsgången","amenity":"restaurant","cuisine":"sushi","name":"Lindome Sushi","opening_hours":"Mo-Fr 11:00-20:30; Sa 12:00-20:30; Su 12:00-20:00","phone":"+46 31 99 0115","website":"https://www.sushikartan.se/0484725/Lindome_Sushi"}},"geometry":{"type":"Point","coordinates":[12.0890399,57.577388]}},{"type":"Feature","properties":{"id":13411135023,"osm_type":"node","name":"M/S Götapetter","category":"restaurant","tags":{"addr:housenumber":"15","addr:street":"Gullbergs Strandgata","amenity":"pub","check_date":"2025-12-27","contact:facebook":"https://www.facebook.com/share/1BNNkpHcKK/","description":"En båt med bar, restaurang och live musik. Båten går att hyra för arrangemang.","name":"M/S Götapetter","website":"https://gotapetter.se/"}},"geometry":{"type":"Point","coordinates":[11.9737127,57.7164247]}},{"type":"Feature","properties":{"id":13417906230,"osm_type":"node","name":"Herkules pizzeria","category":"restaurant","tags":{"amenity":"restaurant","cuisine":"pizza","name":"Herkules pizzeria","opening_hours":"Mo-Fr 11:00-22:00; Sa-Su 12:00-22:00","payment:cryptocurrencies":"no","smoking":"no","takeaway":"yes"}},"geometry":{"type":"Point","coordinates":[11.947543,57.716531]}},{"type":"Feature","properties":{"id":13419419401,"osm_type":"node","name":"Masaki Sushi","category":"restaurant","tags":{"addr:city":"Mölndal","addr:housenumber":"1A","addr:postcode":"431 30","addr:street":"Tempelgatan","amenity":"restaurant","cuisine":"sushi","name":"Masaki Sushi","opening_hours":"Mo-Fr 11:00-20:00; Sa-Su 12:00-20:00","phone":"+46 31 48 7766","smoking":"no","website":"https://www.masakimölndal.se","wheelchair":"no"}},"geometry":{"type":"Point","coordinates":[12.0155631,57.6569407]}},{"type":"Feature","properties":{"id":13419419405,"osm_type":"node","name":"Lemon & Pepper","category":"restaurant","tags":{"addr:city":"Mölndal","addr:housenumber":"3A","addr:postcode":"431 30","addr:street":"Tempelgatan","amenity":"restaurant","cuisine":"salad;kebab;chicken","name":"Lemon & Pepper","opening_hours":"Mo-Fr 11:00-15:00","phone":"+46 73 904 9552"}},"geometry":{"type":"Point","coordinates":[12.0143718,57.6567269]}},{"type":"Feature","properties":{"id":13437924027,"osm_type":"node","name":"Mekong 2 Lindome","category":"restaurant","tags":{"addr:city":"Lindome","addr:housenumber":"204","addr:postcode":"437 40","addr:street":"Gamla Riksvägen","amenity":"restaurant","cuisine":"thai;vietnamese","name":"Mekong 2 Lindome","opening_hours":"Mo-Th 11:00-20:00; Fr 11:00-21:00; Sa 12:30-20:30; Su 12:30-20:00","phone":"+46 31 99 4466"}},"geometry":{"type":"Point","coordinates":[12.0780507,57.5747758]}},{"type":"Feature","properties":{"id":13452277727,"osm_type":"node","name":"Sushi Yama","category":"restaurant","tags":{"addr:city":"Göteborg","addr:housenumber":"5","addr:postcode":"402 78","addr:street":"Lindholmspiren","amenity":"restaurant","cuisine":"sushi","name":"Sushi Yama","opening_hours":"Mo-Su 10:00-22:00","phone":"+4631400991","website":"https://sushiyama.se"}},"geometry":{"type":"Point","coordinates":[11.9395021,57.707297]}},{"type":"Feature","properties":{"id":13453056420,"osm_type":"node","name":"Candela Coffee","category":"restaurant","tags":{"addr:city":"Göteborg","addr:housenumber":"18","addr:postcode":"41105","addr:street":"Östra Hamngatan","air_conditioning":"yes","amenity":"cafe","changing_table":"yes","cuisine":"coffee_shop;pastry;buffet;lunch","indoor_seating":"yes","name":"Candela Coffee","opening_hours":"Mo-Fr 07:00-20:00; Sa-Su 10:00-20:00","outdoor_seating":"no","payment:credit_cards":"yes","payment:debit_cards":"yes","phone":"+46 31 312 7677","smoking":"no","website":"https://candelacoffee.se/","wheelchair":"yes"}},"geometry":{"type":"Point","coordinates":[11.9672277,57.7089689]}},{"type":"Feature","properties":{"id":13506671232,"osm_type":"node","name":"Café Koopen","category":"restaurant","tags":{"amenity":"cafe","name":"Café Koopen"}},"geometry":{"type":"Point","coordinates":[11.9923021,57.7130668]}},{"type":"Feature","properties":{"id":13517510057,"osm_type":"node","name":"Mathörnan","category":"restaurant","tags":{"addr:city":"Göteborg","addr:housenumber":"11","addr:postcode":"415 36","addr:street":"Förstamajgatan","amenity":"restaurant","cuisine":"arab","name":"Mathörnan"}},"geometry":{"type":"Point","coordinates":[12.0364075,57.7580142]}},{"type":"Feature","properties":{"id":13524827294,"osm_type":"node","name":"Tuttimatti","category":"restaurant","tags":{"addr:city":"Göteborg","addr:housenumber":"52","addr:postcode":"412 51","addr:street":"Fabriksgatan","amenity":"cafe","cuisine":"italian","name":"Tuttimatti"}},"geometry":{"type":"Point","coordinates":[11.9942888,57.699837]}},{"type":"Feature","properties":{"id":13524827298,"osm_type":"node","name":"Mela","category":"restaurant","tags":{"addr:city":"Göteborg","addr:housenumber":"3","addr:street":"Tritongatan","amenity":"restaurant","cuisine":"pizza","name":"Mela"}},"geometry":{"type":"Point","coordinates":[11.9940393,57.700549]}},{"type":"Feature","properties":{"id":13534358820,"osm_type":"node","name":"Objektiv","category":"restaurant","tags":{"addr:city":"Göteborg","addr:housenumber":"6","addr:postcode":"411 05","addr:street":"Sankt Eriksgatan","amenity":"restaurant","cuisine":"swedish;lunch","name":"Objektiv","opening_hours":"Mo-Fr 11:00-14:00","phone":"+46 31 135 015","website":"https://www.restaurangobjektiv.se/"}},"geometry":{"type":"Point","coordinates":[11.9655711,57.7097313]}},{"type":"Feature","properties":{"id":13684154663,"osm_type":"node","name":"Mangiare Ristorante","category":"restaurant","tags":{"addr:city":"Partille","addr:housenumber":"2","addr:postcode":"43331","addr:street":"Paradisvägen","amenity":"restaurant","cuisine":"pizza;pasta;italian","name":"Mangiare Ristorante","opening_hours":"Tu-Th 12:00-21:00; Fr-Sa 12:00-22:00, Su 12:00-20:00","phone":"+46313363833","website":"https://mangiarepartille.se/"}},"geometry":{"type":"Point","coordinates":[12.0993353,57.7409038]}},{"type":"Feature","properties":{"id":13684154882,"osm_type":"node","name":"Lahori Masala","category":"restaurant","tags":{"amenity":"restaurant","cuisine":"indian","name":"Lahori Masala","opening_hours":"Mo-Fr 11:00-20:00; Sa-Su 13:00-20:00","phone":"076-2584626","website":"https://www.lahorimasala.se/"}},"geometry":{"type":"Point","coordinates":[12.0986746,57.7408861]}},{"type":"Feature","properties":{"id":13684549342,"osm_type":"node","name":"","category":"restaurant","tags":{"amenity":"restaurant","cuisine":"barbecue"}},"geometry":{"type":"Point","coordinates":[12.0041234,57.6779237]}},{"type":"Feature","properties":{"id":13699849952,"osm_type":"node","name":"Svarta Hästen","category":"restaurant","tags":{"addr:housenumber":"2b","addr:street":"Parkgatan","air_conditioning":"yes","amenity":"bar","check_date":"2026-04-01","contact:facebook":"https://www.facebook.com/svartahastengbg/","contact:instagram":"https://www.instagram.com/svartahastengbg","name":"Svarta Hästen","opening_hours":"Mo-Tu,Su off; We-Sa 17:00-01:00","payment:cash":"yes","payment:credit_cards":"yes","payment:debit_cards":"yes","reservation":"yes","smoking":"no","sport":"chess","website":"https://svartahasten.se/goteborg/"}},"geometry":{"type":"Point","coordinates":[11.9745541,57.7029332]}},{"type":"Feature","properties":{"id":13740135911,"osm_type":"node","name":"Wada Sushi","category":"restaurant","tags":{"amenity":"restaurant","cuisine":"sushi","diet:vegan":"yes","diet:vegetarian":"yes","indoor_seating":"yes","name":"Wada Sushi","outdoor_seating":"no"}},"geometry":{"type":"Point","coordinates":[11.9725445,57.6949201]}},{"type":"Feature","properties":{"id":13748041601,"osm_type":"node","name":"Stigbergets Shangri-la","category":"restaurant","tags":{"addr:housenumber":"1","addr:postcode":"414 62","addr:street":"Gamla Varvsgatan","amenity":"pub","check_date":"2026-04-21","contact:instagram":"https://www.instagram.com/stigbergetsshangrila","email":"info@stigbergetsshangrila.se","name":"Stigbergets Shangri-la","opening_hours":"Tu-Th 16:00-23:00; Fr-Sa 16:00-00:00","payment:cash":"yes","payment:credit_cards":"yes","payment:debit_cards":"yes","phone":"+46 31 789 00 66","smoking":"no","start_date":"2022","toilets":"yes","website":"https://stigbergetsshangrila.se"}},"geometry":{"type":"Point","coordinates":[11.931065,57.6987017]}},{"type":"Feature","properties":{"id":13760361401,"osm_type":"node","name":"Domino's","category":"restaurant","tags":{"addr:city":"Göteborg","addr:housenumber":"86","addr:postcode":"416 59","addr:street":"Danska Vägen","amenity":"fast_food","brand":"Domino's","brand:wikidata":"Q839466","cuisine":"pizza","drive_through":"no","name":"Domino's","opening_hours":"Mo-Su 11:00-23:00","takeaway":"yes","website":"https://www.dominos.se/butiker/danska-vagan"}},"geometry":{"type":"Point","coordinates":[12.0067204,57.7130944]}},{"type":"Feature","properties":{"id":13764115001,"osm_type":"node","name":"Koizen","category":"restaurant","tags":{"addr:housenumber":"24","addr:street":"Nordenskiöldsgatan","amenity":"restaurant","cuisine":"sushi","name":"Koizen","opening_hours":"We-Th 18:00-21:00; Fr-Sa 18:00-23:00","website":"https://www.koizen.se/"}},"geometry":{"type":"Point","coordinates":[11.9495057,57.6925723]}},{"type":"Feature","properties":{"id":13791763599,"osm_type":"node","name":"Prost","category":"restaurant","tags":{"amenity":"cafe","name":"Prost"}},"geometry":{"type":"Point","coordinates":[11.9650202,57.6996716]}},{"type":"Feature","properties":{"id":13804693172,"osm_type":"node","name":"The Elephant","category":"restaurant","tags":{"addr:city":"Göteborg","addr:country":"SE","addr:housenumber":"9","addr:postcode":"416 65","addr:street":"Redbergsvägen","amenity":"restaurant","check_date":"2026-05-06","contact:phone":"+46 31 28 59 00","contact:website":"https://theelephant.se/","indoor_seating":"yes","name":"The Elephant","opening_hours":"Mo-Fr 11:30-22:00; Sa 12:00-22:00; Su 13:00-22:00","outdoor_seating":"no","smoking":"no","wheelchair":"no"}},"geometry":{"type":"Point","coordinates":[11.9983172,57.7144079]}},{"type":"Feature","properties":{"id":13809238487,"osm_type":"node","name":"Mucho Macho","category":"restaurant","tags":{"amenity":"bar","name":"Mucho Macho"}},"geometry":{"type":"Point","coordinates":[11.9598829,57.6961315]}},{"type":"Feature","properties":{"id":13809248657,"osm_type":"node","name":"Bar Etzy","category":"restaurant","tags":{"amenity":"bar","name":"Bar Etzy"}},"geometry":{"type":"Point","coordinates":[11.9596891,57.6960136]}},{"type":"Feature","properties":{"id":27000078,"osm_type":"way","name":"McDonald's","category":"restaurant","tags":{"amenity":"fast_food","brand":"McDonald's","brand:wikidata":"Q38076","brand:wikipedia":"sv:McDonald's","building":"yes","building:colour":"#FBF690","building:material":"brick","cuisine":"burger","height":"5","name":"McDonald's","opening_hours":"24/7","roof:height":"1","roof:material":"copper","roof:orientation":"along","roof:shape":"gabled","takeaway":"yes"}},"geometry":{"type":"Point","coordinates":[11.9329694,57.7193847]}},{"type":"Feature","properties":{"id":28105862,"osm_type":"way","name":"Juventus Pizzeria","category":"restaurant","tags":{"amenity":"fast_food","name":"Juventus Pizzeria"}},"geometry":{"type":"Point","coordinates":[12.0406351,57.8160864]}},{"type":"Feature","properties":{"id":28108888,"osm_type":"way","name":"Lövgärdets grill","category":"restaurant","tags":{"amenity":"fast_food","name":"Lövgärdets grill"}},"geometry":{"type":"Point","coordinates":[12.0406639,57.8161592]}},{"type":"Feature","properties":{"id":28315539,"osm_type":"way","name":"Kärra Värdshus","category":"restaurant","tags":{"addr:city":"Hisings Kärra","addr:country":"SE","addr:housenumber":"66","addr:postcode":"425 37","addr:street":"Tagenevägen","amenity":"restaurant","building":"yes","lunch":"menu","name":"Kärra Värdshus","opening_hours":"Mo-Fr 10:30-14:30","phone":"+46733480859","source":"survey","takeaway":"yes","website":"https://www.karravardshus.com/","website:menu":"https://www.karravardshus.com/lunchmeny"}},"geometry":{"type":"Point","coordinates":[11.9936498,57.784239]}},{"type":"Feature","properties":{"id":28499820,"osm_type":"way","name":"McDonald's","category":"restaurant","tags":{"air_conditioning":"yes","amenity":"fast_food","brand":"McDonald's","brand:wikidata":"Q38076","brand:wikipedia":"sv:McDonald's","building":"yes","building:colour":"#85552e","changing_table":"yes","cuisine":"burger","indoor_seating":"yes","name":"McDonald's","opening_hours":"Mo-Su 07:00-24:00","outdoor_seating":"yes","smoking":"no","takeaway":"yes","wheelchair":"yes"}},"geometry":{"type":"Point","coordinates":[11.9986916,57.7727062]}},{"type":"Feature","properties":{"id":34634716,"osm_type":"way","name":"lunchen.nu","category":"restaurant","tags":{"addr:city":"Göteborg","addr:country":"SE","addr:housenumber":"8A","addr:street":"Medicinaregatan","amenity":"restaurant","building":"yes","building:material":"plaster","contact:phone":"+46-31-41 02 50","contact:website":"http://lyp.se/lunchen.nu/","indoor_seating":"yes","name":"lunchen.nu","opening_hours":"Mo-Fr 08:00-20:00","outdoor_seating":"yes","payment:cryptocurrencies":"no","smoking":"no"}},"geometry":{"type":"Point","coordinates":[11.9584879,57.6840369]}},{"type":"Feature","properties":{"id":48102110,"osm_type":"way","name":"McDonald's","category":"restaurant","tags":{"addr:country":"SE","addr:housenumber":"3","addr:street":"Jolengatan","amenity":"fast_food","brand":"McDonald's","brand:wikidata":"Q38076","brand:wikipedia":"sv:McDonald's","building":"retail","cuisine":"burger","name":"McDonald's","takeaway":"yes"}},"geometry":{"type":"Point","coordinates":[11.9836149,57.6458503]}},{"type":"Feature","properties":{"id":51693192,"osm_type":"way","name":"Gyllene korven","category":"restaurant","tags":{"addr:country":"SE","addr:housenumber":"2B","addr:street":"Västra Stationsvägen","amenity":"fast_food","building":"yes","name":"Gyllene korven"}},"geometry":{"type":"Point","coordinates":[11.9308739,57.6342693]}},{"type":"Feature","properties":{"id":51877153,"osm_type":"way","name":"Max","category":"restaurant","tags":{"addr:country":"SE","addr:housenumber":"2","addr:postcode":"42132","addr:street":"Sisjö Kullegata","amenity":"fast_food","branch":"hamburgerrestaurang","brand":"Max","brand:wikidata":"Q1912172","building":"retail","building:levels":"1","cuisine":"burger;friture","diet:vegetarian":"yes","internet_access":"wlan","name":"Max","opening_hours":"Su-We 10:00-02:00; Th-Sa 10:00-03:00","operator":"Max","outdoor_seating":"yes","phone":"+46 31 28 61 80","roof:shape":"flat","self_service":"no","smoking":"no","takeaway":"yes","website":"https://www.max.se/hitta-max/restauranger/goteborg-sisjon/"}},"geometry":{"type":"Point","coordinates":[11.9562745,57.6444958]}},{"type":"Feature","properties":{"id":55124038,"osm_type":"way","name":"Olles gård","category":"restaurant","tags":{"amenity":"cafe","building":"yes","name":"Olles gård","smoking":"no"}},"geometry":{"type":"Point","coordinates":[11.8783178,57.6404681]}},{"type":"Feature","properties":{"id":56433725,"osm_type":"way","name":"Klippans Konstcafé","category":"restaurant","tags":{"addr:city":"Göteborg","addr:country":"SE","addr:housenumber":"15","addr:postcode":"41451","addr:street":"Banehagsgatan","air_conditioning":"yes","amenity":"cafe","building":"yes","contact:email":"info@klippanskonstcafe.se","contact:facebook":"https://www.facebook.com/konstcafet/","contact:instagram":"https://www.instagram.com/klippanskonstcafe","contact:phone":"+46-31-24 79 14","contact:website":"http://www.klippanskonstcafe.se/","contact:website:menu":"https://www.klippanskonstcafe.se/menu","cuisine":"pizza;burger;sandwich;seafood;fish;salad;fish_and_chips","diet:vegetarian":"yes","drive_through":"no","name":"Klippans Konstcafé","opening_hours":"Mo-Su 11:00-18:00,08:00-22:00","payment:cash":"yes","payment:credit_cards":"yes","payment:debit_cards":"yes","reservation":"yes","smoking":"no"}},"geometry":{"type":"Point","coordinates":[11.905921,57.6902755]}},{"type":"Feature","properties":{"id":56651929,"osm_type":"way","name":"Sjömagasinet","category":"restaurant","tags":{"amenity":"restaurant","building":"commercial","cuisine":"seafood","name":"Sjömagasinet","payment:cryptocurrencies":"no","smoking":"no","stars":"1","website":"https://sjomagasinet.se/","wheelchair":"yes"}},"geometry":{"type":"Point","coordinates":[11.9090561,57.6915908]}},{"type":"Feature","properties":{"id":56692655,"osm_type":"way","name":"Lasse på Heden","category":"restaurant","tags":{"addr:city":"Göteborg","addr:country":"SE","addr:housenumber":"34D","addr:postcode":"411 37","addr:street":"Engelbrektsgatan","amenity":"fast_food","building":"yes","name":"Lasse på Heden","opening_hours":"Mo-Th 10:30-23:00; Fr-Sa 10:30-05:00; Su 11:00-23:00","website":"https://www.lassepaheden.se/","wheelchair":"yes"}},"geometry":{"type":"Point","coordinates":[11.9795483,57.7000404]}},{"type":"Feature","properties":{"id":57888406,"osm_type":"way","name":"Silverkråkans restaurang och pizzeria","category":"restaurant","tags":{"addr:country":"SE","addr:housenumber":"24","addr:street":"Distansgatan","amenity":"fast_food","building":"commercial","contact:phone":"+46 31 47 94 79","cuisine":"pizza","name":"Silverkråkans restaurang och pizzeria","opening_hours":"Mo-Sa 11:00-21:00, Su 12:00-21:00","takeaway":"yes"}},"geometry":{"type":"Point","coordinates":[11.935307,57.6639932]}},{"type":"Feature","properties":{"id":59076976,"osm_type":"way","name":"McDonald's","category":"restaurant","tags":{"addr:country":"SE","addr:housenumber":"1D","addr:street":"Topasgatan","amenity":"fast_food","brand":"McDonald's","brand:wikidata":"Q38076","brand:wikipedia":"sv:McDonald's","building":"yes","cuisine":"burger","name":"McDonald's","takeaway":"yes"}},"geometry":{"type":"Point","coordinates":[11.9165681,57.646902]}},{"type":"Feature","properties":{"id":60946458,"osm_type":"way","name":"Aröds Grillen","category":"restaurant","tags":{"amenity":"fast_food","brand":"Sibylla","brand:wikidata":"Q488643","brand:wikipedia":"sv:Sibylla (snabbmatskedja)","building":"yes","cuisine":"burger","name":"Aröds Grillen","opening_hours":"Mo-Fr 09:00-19:00; Sa,Su,PH 11:00-16:00","operator":"Sibylla","takeaway":"yes"}},"geometry":{"type":"Point","coordinates":[11.9559589,57.7306582]}},{"type":"Feature","properties":{"id":62214881,"osm_type":"way","name":"Thaimat-Gatukök-Kiosk","category":"restaurant","tags":{"addr:city":"Västra Frölunda","addr:country":"SE","addr:housenumber":"66","addr:postcode":"42676","addr:street":"Saltholmsgatan","amenity":"fast_food","building":"yes","indoor_seating":"yes","name":"Thaimat-Gatukök-Kiosk","outdoor_seating":"yes","payment:credit_cards":"yes","payment:debit_cards":"yes","smoking":"no"}},"geometry":{"type":"Point","coordinates":[11.8451821,57.66053]}},{"type":"Feature","properties":{"id":67827075,"osm_type":"way","name":"Lai Thai","category":"restaurant","tags":{"amenity":"fast_food","building":"commercial","building:levels":"1","cuisine":"thai","indoor_seating":"yes","name":"Lai Thai","opening_hours":"Mo-Fr 11:00-20:00; Sa,Su 13:00-20:00","outdoor_seating":"yes","roof:levels":"0"}},"geometry":{"type":"Point","coordinates":[12.0047182,57.6572296]}},{"type":"Feature","properties":{"id":73849243,"osm_type":"way","name":"Toui's Thaikök","category":"restaurant","tags":{"addr:country":"SE","addr:housenumber":"11","addr:street":"Tandkullegatan","amenity":"fast_food","building":"yes","contact:phone":"+46 31 291111","cuisine":"thai","drive_through":"no","indoor_seating":"yes","name":"Toui's Thaikök","opening_hours":"PH,Mo-Su 11:00-21:00","outdoor_seating":"yes","takeaway":"yes"}},"geometry":{"type":"Point","coordinates":[11.8615771,57.66586]}},{"type":"Feature","properties":{"id":74890711,"osm_type":"way","name":"Mötesplats Trädgård i långedrag","category":"restaurant","tags":{"addr:country":"SE","addr:housenumber":"2A","addr:street":"Solhöjdsgatan","amenity":"cafe","building":"retail","contact:facebook":"https://www.facebook.com/M%C3%B6tesplats-Tr%C3%A4dg%C3%A5rd-i-L%C3%A5ngedrag-299637196892327/","name":"Mötesplats Trädgård i långedrag","smoking":"no"}},"geometry":{"type":"Point","coordinates":[11.8532241,57.6688413]}},{"type":"Feature","properties":{"id":79606001,"osm_type":"way","name":"Werners bistro","category":"restaurant","tags":{"amenity":"restaurant","building":"yes","name":"Werners bistro","payment:cryptocurrencies":"no","smoking":"no"}},"geometry":{"type":"Point","coordinates":[11.9780691,57.7040068]}},{"type":"Feature","properties":{"id":82260826,"osm_type":"way","name":"Max","category":"restaurant","tags":{"addr:country":"SE","addr:housenumber":"2","addr:street":"Axel Adlers Gata","air_conditioning":"yes","amenity":"fast_food","brand":"Max","brand:wikidata":"Q1912172","building":"yes","changing_table":"yes","check_date":"2026-05-04","check_date:diet:gluten_free":"2026-05-04","check_date:diet:vegan":"2026-05-04","contact:phone":"+46 31 715 24 70","contact:website":"https://www.max.se/hitta-max/restauranger/goteborg-9-jarnbrott-/","cuisine":"burger;friture","diet:gluten_free":"yes","diet:vegan":"yes","diet:vegetarian":"yes","drive_through":"yes","highchair":"yes","indoor_seating":"yes","internet_access":"wlan","name":"Max","number":"2","old_name":"Hotel F1","opening_hours":"Mo-Tu,Sa-Su 10:00-02:00; We-Fr 10:00-03:00","outdoor_seating":"yes","payment:cash":"no","payment:mastercard":"yes","payment:visa":"yes","smoking":"no","takeaway":"yes","toilets":"yes","toilets:menstrual_products":"no","wheelchair":"yes"}},"geometry":{"type":"Point","coordinates":[11.9341824,57.6476917]}},{"type":"Feature","properties":{"id":88066833,"osm_type":"way","name":"Hermanos Tacos","category":"restaurant","tags":{"amenity":"fast_food","building":"yes","cuisine":"tex-mex","indoor_seating":"yes","name":"Hermanos Tacos","opening_hours":"Mo 11:00-15:00; Tu-Fr 11:00-21:00; Sa 13:00-21:00; Su 13:00-18:00","outdoor_seating":"yes"}},"geometry":{"type":"Point","coordinates":[11.915753,57.6840595]}},{"type":"Feature","properties":{"id":89100864,"osm_type":"way","name":"Gunnebo Kaffehus och Krog","category":"restaurant","tags":{"amenity":"cafe","building":"yes","indoor_seating":"yes","name":"Gunnebo Kaffehus och Krog","opening_hours":"Jan-Jul: PH,Mo-Su 11:00-16:00; Jul-Aug: PH,Mo-Su 11:00-17:00; Sep-Dec: PH,Mo-Su 11:00-16:00","outdoor_seating":"yes"}},"geometry":{"type":"Point","coordinates":[12.0602575,57.6584513]}},{"type":"Feature","properties":{"id":89100913,"osm_type":"way","name":"Burger King","category":"restaurant","tags":{"addr:country":"SE","addr:housenumber":"6","addr:street":"J A Fagerbergs Väg","alt_name":"Burger King Delsjömotet","amenity":"fast_food","brand":"Burger King","brand:wikidata":"Q177054","brand:wikipedia":"sv:Burger King","building":"yes","cuisine":"burger","name":"Burger King","opening_hours":"Mo-Su 09:00-24:00","operator":"Burger King","takeaway":"yes"}},"geometry":{"type":"Point","coordinates":[12.0276247,57.6768835]}},{"type":"Feature","properties":{"id":89457490,"osm_type":"way","name":"Hovås Kallbadhus","category":"restaurant","tags":{"addr:country":"SE","addr:housenumber":"51","addr:street":"Fjordvägen","amenity":"restaurant","building":"yes","contact:email":"info@hovaskallbadhus.se","contact:phone":"+46-31-286171","contact:website":"www.hovaskallbadhus.se","name":"Hovås Kallbadhus","toilets:wheelchair":"yes","wheelchair":"yes"}},"geometry":{"type":"Point","coordinates":[11.9227826,57.6143552]}},{"type":"Feature","properties":{"id":93955322,"osm_type":"way","name":"Viet-Thai","category":"restaurant","tags":{"addr:country":"SE","addr:housenumber":"62","addr:street":"Långströmsgatan","amenity":"fast_food","building":"yes","contact:phone":"+4631542925","cuisine":"thai","name":"Viet-Thai"}},"geometry":{"type":"Point","coordinates":[11.9033138,57.7294367]}},{"type":"Feature","properties":{"id":108735683,"osm_type":"way","name":"Botaniska Paviljongen","category":"restaurant","tags":{"addr:city":"Göteborg","addr:country":"SE","addr:housenumber":"22","addr:postcode":"41319","addr:street":"Carl Skottsbergs Gata","amenity":"cafe","bar":"no","building":"commercial","contact:email":"info@botaniskapaviljongen.se","contact:phone":"+46-31-41 01 33;+46 72 172 77 72","contact:website":"http://botaniskapaviljongen.se/","diet:vegan":"yes","diet:vegetarian":"yes","dog:conditional":"leashed @ (Okt 1 -Feb 29); no @ (Mar 1 - Sep 30)","highchair":"no","name":"Botaniska Paviljongen","name:sv":"Botaniska Paviljongen","opening_hours":"Jan-Feb We-Su 10:00-16:00; Mar We-Fr 10:00-16:00; Mar Sa-Su 10:00-17:00; Apr-Sep Mo-Fr 10:00-17:00; Apr-Sep Sa-Su 10:00-18:00; Oct-Dec We-Su 10:00-16:00","outdoor_seating":"yes","payment:mastercard":"yes","payment:visa":"yes","reservation":"yes","roof:shape":"skillion","smoking":"no","takeaway":"no","wheelchair":"yes"}},"geometry":{"type":"Point","coordinates":[11.9557039,57.6808803]}},{"type":"Feature","properties":{"id":114451900,"osm_type":"way","name":"Stigbergets Ringön","category":"restaurant","tags":{"amenity":"pub","brewery":"yes","building":"yes","diet:vegan":"yes","microbrewery":"yes","name":"Stigbergets Ringön"}},"geometry":{"type":"Point","coordinates":[11.9779672,57.7203354]}},{"type":"Feature","properties":{"id":115040365,"osm_type":"way","name":"Landala Grillen","category":"restaurant","tags":{"addr:city":"Göteborg","addr:postcode":"411 31","air_conditioning":"yes","amenity":"fast_food","building":"commercial","building:levels":"1","contact:facebook":"https://www.facebook.com/320565364689313","contact:phone":"+46 31 201 88 3","cuisine":"burger","diet:vegetarian":"yes","drive_through":"no","indoor_seating":"only","name":"Landala Grillen","opening_hours":"Mo-Sa 10:00-21:00; Su 11:00-21:00","outdoor_seating":"no","payment:mastercard":"yes","payment:visa":"yes","smoking":"no","takeaway":"yes"}},"geometry":{"type":"Point","coordinates":[11.9720168,57.6934395]}},{"type":"Feature","properties":{"id":115139114,"osm_type":"way","name":"Delsjö Golfkrog","category":"restaurant","tags":{"amenity":"restaurant","building":"yes","name":"Delsjö Golfkrog","payment:cryptocurrencies":"no","website":"https://www.delsjogolfkrog.se/"}},"geometry":{"type":"Point","coordinates":[12.0254436,57.681753]}},{"type":"Feature","properties":{"id":115318523,"osm_type":"way","name":"Karl IX","category":"restaurant","tags":{"addr:city":"Göteborg","addr:country":"SE","addr:housenumber":"20","addr:street":"Karl IX:s Väg","amenity":"restaurant","building":"yes","name":"Karl IX","phone":"+46700480240","website":"https://www.karl9.se/"}},"geometry":{"type":"Point","coordinates":[11.9024732,57.6944009]}},{"type":"Feature","properties":{"id":119214333,"osm_type":"way","name":"Kaffestugan Lyckan","category":"restaurant","tags":{"amenity":"cafe","building":"yes","cuisine":"coffee_shop","diet:vegetarian":"yes","name":"Kaffestugan Lyckan","opening_hours":"Mo-Fr 11:00-15:00; Sa,Su 11:00-17:00","outdoor_seating":"yes"}},"geometry":{"type":"Point","coordinates":[12.0322334,57.6904617]}},{"type":"Feature","properties":{"id":119259937,"osm_type":"way","name":"Tyrolen","category":"restaurant","tags":{"amenity":"restaurant","building":"yes","name":"Tyrolen","opening_hours":"13:30-22:00","payment:cash":"no","payment:cryptocurrencies":"no","payment:mastercard":"yes","payment:visa":"yes","smoking":"no","start_date":"1971","toilets":"yes","website":"https://www.liseberg.se/parken/mat-dryck/tyrolen/"}},"geometry":{"type":"Point","coordinates":[11.9934394,57.6935773]}},{"type":"Feature","properties":{"id":143329309,"osm_type":"way","name":"Port Arthur","category":"restaurant","tags":{"addr:city":"Göteborg","addr:country":"SE","addr:housenumber":"3","addr:postcode":"417 57","addr:street":"Gamla Ceresgatan","amenity":"pub","building":"yes","name":"Port Arthur","smoking":"no","source":"Bing"}},"geometry":{"type":"Point","coordinates":[11.9305364,57.7075256]}},{"type":"Feature","properties":{"id":146302132,"osm_type":"way","name":"Nobelgrillen","category":"restaurant","tags":{"addr:country":"SE","addr:housenumber":"3","addr:street":"Nobelplatsen","amenity":"fast_food","building":"retail","building:levels":"1","contact:facebook":"https://www.facebook.com/640499559302664?fref=ts","contact:phone":"+46 31 195 64 7","contact:website":"https://nobelgrillen.se/","cuisine":"burger","drive_through":"no","name":"Nobelgrillen","opening_hours":"Mo-Th 11:00-00:30, Fr,Sa 11:00-04:30, Su 11:00-23:30","payment:mastercard":"yes","payment:visa":"yes","wheelchair":"limited"}},"geometry":{"type":"Point","coordinates":[12.0058815,57.7141359]}},{"type":"Feature","properties":{"id":150279285,"osm_type":"way","name":"Floating Saigon","category":"restaurant","tags":{"amenity":"restaurant","brewery":"various","building":"yes","check_date":"2025-08-29","contact:facebook":"https://www.facebook.com/FloatingSaigon.se","contact:instagram":"https://www.instagram.com/floatingsaigon","contact:phone":"+46 72 368 68 68","contact:website":"https://floatingsaigon.com/","contact:website:menu":"https://floatingsaigon.com/#alacarte","cuisine":"vietnamese","indoor_seating":"yes","name":"Floating Saigon","opening_hours":"Mo-Th 11:30-22:00; Fr 11:30-23:00; Sa 12:00-23:00; Su 12:00-22:00","outdoor_seating":"yes","payment:cash":"yes","payment:credit_cards":"yes","payment:cryptocurrencies":"no","payment:debit_cards":"yes","reservation":"yes","smoking":"no","takeaway":"yes"}},"geometry":{"type":"Point","coordinates":[11.9697302,57.7034133]}},{"type":"Feature","properties":{"id":150284952,"osm_type":"way","name":"lollos pizzeria","category":"restaurant","tags":{"amenity":"restaurant","building":"yes","cuisine":"pizza","indoor_seating":"yes","name":"lollos pizzeria","opening_hours":"Mo-Fr 10:30-22:00; Sa-Su 11:00-22:00","outdoor_seating":"yes","payment:cryptocurrencies":"no","smoking":"no","source":"Bing Aerial"}},"geometry":{"type":"Point","coordinates":[11.9699269,57.7276992]}},{"type":"Feature","properties":{"id":150412731,"osm_type":"way","name":"USA Today","category":"restaurant","tags":{"amenity":"restaurant","building":"yes","internet_access":"wlan","internet_access:fee":"no","name":"USA Today","opening_hours":"Mo-Th 11:00-21:00; Fr 11:00-23:00; Sa 12:00-23:00; Su 12:00-21:00","phone":"+46-31-444747","smoking":"no","source":"Bing Aerial","website":"http://usarestaurang.se/"}},"geometry":{"type":"Point","coordinates":[12.1009126,57.7405416]}},{"type":"Feature","properties":{"id":150412736,"osm_type":"way","name":"Dara Thai Mat","category":"restaurant","tags":{"amenity":"restaurant","building":"yes","cuisine":"thai","name":"Dara Thai Mat","opening_hours":"Mo-Fr 11:00-20:00; Sa-Su 12:00-20:00","phone":"+46-31-493313","source":"Bing Aerial","takeaway":"yes","website":"http://rakthaimat.se/"}},"geometry":{"type":"Point","coordinates":[12.1014367,57.7406499]}},{"type":"Feature","properties":{"id":158762984,"osm_type":"way","name":"Sultan Döner","category":"restaurant","tags":{"addr:city":"Göteborg","addr:country":"SE","addr:housenumber":"39A","addr:postcode":"411 36","addr:street":"Kungsportsavenyen","amenity":"fast_food","building":"yes","cuisine":"kebab","diet:vegan":"yes","diet:vegetarian":"yes","name":"Sultan Döner","opening_hours:signed":"no","source":"survey","takeaway":"yes","website":"https://sultandoner.se/"}},"geometry":{"type":"Point","coordinates":[11.9771204,57.6984999]}},{"type":"Feature","properties":{"id":173776810,"osm_type":"way","name":"Freja Kebab & Pizzeria","category":"restaurant","tags":{"amenity":"fast_food","cuisine":"pizza","name":"Freja Kebab & Pizzeria","opening_hours":"Mo-Fr 11:00-21:00; Sa,Su 12:00-21:00"}},"geometry":{"type":"Point","coordinates":[12.0806821,57.7283113]}},{"type":"Feature","properties":{"id":173780360,"osm_type":"way","name":"Oves Gatukök","category":"restaurant","tags":{"addr:city":"Sävedalen","addr:country":"SE","addr:postcode":"43360","addr:street":"Göteborgsvägen","amenity":"fast_food","building":"yes","cuisine":"burger;hot_dog","drive_through":"no","name":"Oves Gatukök","opening_hours":"Mo-Th 10:30-23:00, Fr,Sa 10:30-01:00, Su 11:00-23:00"}},"geometry":{"type":"Point","coordinates":[12.0633633,57.7314688]}},{"type":"Feature","properties":{"id":174580841,"osm_type":"way","name":"Utby Grillen","category":"restaurant","tags":{"amenity":"fast_food","building":"yes","cuisine":"burger","name":"Utby Grillen","takeaway":"yes"}},"geometry":{"type":"Point","coordinates":[12.0704503,57.7396999]}},{"type":"Feature","properties":{"id":175278524,"osm_type":"way","name":"Cesar Pizzeria","category":"restaurant","tags":{"addr:city":"Västra Frölunda","addr:country":"SE","addr:housenumber":"1","addr:postcode":"42166","addr:street":"Bergsätersgatan","amenity":"restaurant","building":"yes","building:levels":"1","contact:phone":"+46 31-28 09 05","contact:website":"http://www.cesarpizzeria.se","cuisine":"burger;pizza;kebab;coffee","name":"Cesar Pizzeria","opening_hours":"Mo-Fr 11:00-21:00, Sa-Su 12:00-21:00","outdoor_seating":"yes","smoking":"no"}},"geometry":{"type":"Point","coordinates":[11.9004362,57.6314333]}},{"type":"Feature","properties":{"id":176828901,"osm_type":"way","name":"Luciano Pizzeria","category":"restaurant","tags":{"addr:city":"Hovås","addr:street":"Bassåsvägen","amenity":"fast_food","building":"yes","contact:phone":"+46 31 910220","contact:website":"http://lucianopizzeria.se/","cuisine":"pizza","name":"Luciano Pizzeria","opening_hours":"Mo-Fr 11:00-21:00; Sa-Su 12:00-21:00","takeaway":"yes"}},"geometry":{"type":"Point","coordinates":[11.9471529,57.5984601]}},{"type":"Feature","properties":{"id":176885805,"osm_type":"way","name":"Cafe Grindstugan","category":"restaurant","tags":{"addr:housenumber":"2","addr:postcode":"411 06","addr:street":"Gamla Allén","amenity":"cafe","building":"yes","check_date":"2026-04-06","check_date:opening_hours":"2024-04-19","contact:facebook":"https://www.facebook.com/cafegrindstugan/","contact:instagram":"https://www.instagram.com/cafebargrindstugan","dog":"yes","email":"annika@cafegrindstugan.se","name":"Cafe Grindstugan","opening_hours":"We,Th 12:00-20:00, Fr,Sa 12:00-01:00, Su 12:00-20:00","payment:cash":"yes","payment:credit_cards":"yes","payment:debit_cards":"yes","reservation":"yes","smoking":"no","website":"https://cafegrindstugan.se/","website:menu":"https://cafegrindstugan.se/meny","wheelchair":"limited"}},"geometry":{"type":"Point","coordinates":[11.97268,57.7033476]}},{"type":"Feature","properties":{"id":181324160,"osm_type":"way","name":"Max","category":"restaurant","tags":{"amenity":"fast_food","brand":"Max","brand:wikidata":"Q1912172","brand:wikipedia":"sv:Max Hamburgerrestauranger","building":"commercial","cuisine":"burger","drive_through":"yes","name":"Max","operator":"Max","takeaway":"yes"}},"geometry":{"type":"Point","coordinates":[12.0294295,57.7243051]}},{"type":"Feature","properties":{"id":182884561,"osm_type":"way","name":"Vättlestugan","category":"restaurant","tags":{"amenity":"cafe","building":"yes","name":"Vättlestugan","smoking":"no"}},"geometry":{"type":"Point","coordinates":[12.0525055,57.8132241]}},{"type":"Feature","properties":{"id":184770676,"osm_type":"way","name":"Glasskiosken","category":"restaurant","tags":{"amenity":"ice_cream","check_date":"2025-07-05","check_date:smoking":"2025-07-05","cuisine":"ice_cream","indoor_seating":"yes","level":"0","name":"Glasskiosken","outdoor_seating":"no","smoking":"no"}},"geometry":{"type":"Point","coordinates":[11.9695617,57.7077382]}},{"type":"Feature","properties":{"id":184770714,"osm_type":"way","name":"McDonald's","category":"restaurant","tags":{"air_conditioning":"yes","amenity":"fast_food","brand":"McDonald's","brand:wikidata":"Q38076","brand:wikipedia":"sv:McDonald's","check_date":"2025-07-03","check_date:smoking":"2025-07-03","cuisine":"burger","diet:vegetarian":"yes","indoor_seating":"yes","level":"0;1","name":"McDonald's","opening_hours":"Su-Th 06:00-02:00, Fr,Sa 00:00-00:00","outdoor_seating":"no","smoking":"no","takeaway":"yes","wheelchair":"yes"}},"geometry":{"type":"Point","coordinates":[11.9698415,57.7075388]}},{"type":"Feature","properties":{"id":184770717,"osm_type":"way","name":"McDonald's","category":"restaurant","tags":{"amenity":"fast_food","brand":"McDonald's","brand:wikidata":"Q38076","brand:wikipedia":"sv:McDonald's","check_date":"2024-05-01","cuisine":"burger","level":"0","name":"McDonald's","opening_hours":"Mo-Fr 09:30-20:00; Sa-Su 10:00-19:00","source":"survey","takeaway":"yes","wheelchair":"yes"}},"geometry":{"type":"Point","coordinates":[11.9685951,57.7098798]}},{"type":"Feature","properties":{"id":184770739,"osm_type":"way","name":"Subway","category":"restaurant","tags":{"amenity":"fast_food","brand":"Subway","brand:wikidata":"Q244457","brand:wikipedia":"sv:Subway","check_date":"2024-05-01","cuisine":"sandwich","level":"0","name":"Subway","opening_hours":"Mo-Fr 10:00-21:00; Sa,Su 10:00-19:00","operator":"Subway","payment:cash":"no","source":"survey","takeaway":"yes","wheelchair":"yes"}},"geometry":{"type":"Point","coordinates":[11.9686301,57.7095067]}},{"type":"Feature","properties":{"id":184770762,"osm_type":"way","name":"PicaDeli","category":"restaurant","tags":{"amenity":"fast_food","check_date":"2025-11-24","diet:vegetarian":"yes","indoor_seating":"yes","level":"0","name":"PicaDeli","opening_hours":"Mo-Fr 10:00-20:00; Sa,Su 10:00-18:00","outdoor_seating":"no","smoking":"no"}},"geometry":{"type":"Point","coordinates":[11.9682473,57.7077431]}},{"type":"Feature","properties":{"id":184770779,"osm_type":"way","name":"Espresso House","category":"restaurant","tags":{"air_conditioning":"yes","amenity":"cafe","brand":"Espresso House","brand:wikidata":"Q10489162","building":"yes","cuisine":"coffee_shop","indoor_seating":"yes","level":"0;1","name":"Espresso House","opening_hours":"Mo-Fr 08:00-20:00; Sa 10:00-19:00; Su 10:00-18:00","outdoor_seating":"no","smoking":"no","takeaway":"yes"}},"geometry":{"type":"Point","coordinates":[11.9696572,57.7076224]}},{"type":"Feature","properties":{"id":196213610,"osm_type":"way","name":"Rymdgrillen","category":"restaurant","tags":{"amenity":"fast_food","building":"yes","building:levels":"1","cuisine":"kebab","name":"Rymdgrillen"}},"geometry":{"type":"Point","coordinates":[12.0736759,57.7571834]}},{"type":"Feature","properties":{"id":198496430,"osm_type":"way","name":"McDonald's","category":"restaurant","tags":{"addr:housenumber":"96","addr:street":"Gamla Kronvägen","amenity":"fast_food","brand":"McDonald's","brand:wikidata":"Q38076","brand:wikipedia":"sv:McDonald's","building":"commercial","cuisine":"burger","name":"McDonald's","opening_hours":"Mo-Su,PH 00:00-00:00","takeaway":"yes"}},"geometry":{"type":"Point","coordinates":[12.1255452,57.7411002]}},{"type":"Feature","properties":{"id":206144291,"osm_type":"way","name":"Järngrillen","category":"restaurant","tags":{"addr:country":"SE","addr:housenumber":"9","addr:postcode":"413 04","addr:street":"Järntorget","amenity":"fast_food","building":"yes","building:colour":"lightgrey","building:levels":"1","contact:email":"feedback@jarngrillen.com","contact:facebook":"https://www.facebook.com/jarngrillengoteborg/","contact:phone":"+46 31 130 00 8","contact:website":"https://www.jarngrillen.se/","cuisine":"burger;kebab;falafel;hot_dog","delivery":"no","diet:vegan":"yes","diet:vegetarian":"yes","drive_through":"no","indoor_seating":"no","name":"Järngrillen","opening_hours":"Mo-Th 11:00-22:00, Fr 11:00-04:00, Sa 11:00-04:00","outdoor_seating":"pedestrian_zone","outdoor_seating:seasonal":"summer","payment:credit_cards":"yes","payment:debit_cards":"yes","payment:mastercard":"yes","payment:visa":"yes","roof:shape":"pyramidal","smoking":"no","takeaway":"yes","toilets:wheelchair":"no","wheelchair":"yes"}},"geometry":{"type":"Point","coordinates":[11.9532576,57.6998714]}},{"type":"Feature","properties":{"id":206844578,"osm_type":"way","name":"7:ans Gatukök","category":"restaurant","tags":{"addr:city":"Göteborg","addr:country":"SE","addr:housenumber":"7","addr:postcode":"411 24","addr:street":"Vasagatan","amenity":"fast_food","building":"yes","contact:instagram":"https://www.instagram.com/7ansgoteborg","contact:phone":"+46 31-13 28 20","contact:website":"https://7ansgoteborg.se/","drive_through":"no","name":"7:ans Gatukök","opening_hours":"Su-Th 11:00-01:00, Fr,Sa 11:00-05:00","payment:cash":"yes","payment:credit_cards":"yes","payment:debit_cards":"yes","takeaway":"yes"}},"geometry":{"type":"Point","coordinates":[11.9645824,57.6976102]}},{"type":"Feature","properties":{"id":211110876,"osm_type":"way","name":"Café Slätta Damm","category":"restaurant","tags":{"amenity":"cafe","building":"yes","name":"Café Slätta Damm","opening_hours":"Jun-Aug Mo-Su 11:00-17:00","outdoor_seating":"yes","smoking":"no"}},"geometry":{"type":"Point","coordinates":[11.9292322,57.7334426]}},{"type":"Feature","properties":{"id":215463844,"osm_type":"way","name":"Khau Geng","category":"restaurant","tags":{"amenity":"restaurant","indoor":"room","level":"0","name":"Khau Geng","payment:cryptocurrencies":"no","smoking":"no"}},"geometry":{"type":"Point","coordinates":[11.9695093,57.706215]}},{"type":"Feature","properties":{"id":216681829,"osm_type":"way","name":"Max","category":"restaurant","tags":{"amenity":"fast_food","brand":"Max","brand:wikidata":"Q1912172","brand:wikipedia":"sv:Max Hamburgerrestauranger","building":"yes","cuisine":"burger","drive_through":"yes","name":"Max","opening_hours":"Su-Th 09:00-01:00, Fr-Sa 09:00-03:00","operator":"Max","takeaway":"yes"}},"geometry":{"type":"Point","coordinates":[11.9325141,57.7105364]}},{"type":"Feature","properties":{"id":238857671,"osm_type":"way","name":"Florens kvarterskrog","category":"restaurant","tags":{"amenity":"pub","building":"yes","name":"Florens kvarterskrog","smoking":"no"}},"geometry":{"type":"Point","coordinates":[11.9096776,57.7147779]}},{"type":"Feature","properties":{"id":238859953,"osm_type":"way","name":"Burger King","category":"restaurant","tags":{"amenity":"fast_food","brand":"Burger King","brand:wikidata":"Q177054","brand:wikipedia":"sv:Burger King","check_date":"2024-06-02","cuisine":"burger","diet:vegetarian":"yes","drive_through":"no","name":"Burger King","opening_hours":"Mo-Fr 10:00-22:00; Sa 10:00-21:00; Su 10:00-20:00","payment:cash":"yes","payment:credit_cards":"yes","payment:debit_cards":"yes","takeaway":"yes"}},"geometry":{"type":"Point","coordinates":[11.9700225,57.7083304]}},{"type":"Feature","properties":{"id":238859957,"osm_type":"way","name":"Pizza Hut","category":"restaurant","tags":{"amenity":"restaurant","brand":"Pizza Hut","brand:wikidata":"Q191615","brand:wikipedia":"en:Pizza Hut","check_date":"2023-08-06","cuisine":"pizza","diet:vegetarian":"yes","level":"-1","name":"Pizza Hut","opening_hours":"10:00-22:00","payment:cryptocurrencies":"no","smoking":"no"}},"geometry":{"type":"Point","coordinates":[11.9702238,57.7083922]}},{"type":"Feature","properties":{"id":238859958,"osm_type":"way","name":"Le Pain Français","category":"restaurant","tags":{"amenity":"cafe","cuisine":"sandwich","diet:vegan":"no","diet:vegetarian":"yes","indoor_seating":"yes","level":"0","name":"Le Pain Français","outdoor_seating":"no","smoking":"no"}},"geometry":{"type":"Point","coordinates":[11.9697284,57.708395]}},{"type":"Feature","properties":{"id":255368417,"osm_type":"way","name":"Frank's Gatukök Lindome","category":"restaurant","tags":{"addr:city":"Lindome","addr:country":"SE","addr:housenumber":"201","addr:postcode":"437 40","addr:street":"Gamla Riksvägen","amenity":"fast_food","building":"yes","cuisine":"burger;hot_dog;fries","name":"Frank's Gatukök Lindome","opening_hours":"Mo-Th 11:00-20:00; Fr-Su 11:00-19:00","phone":"+46 31993913","takeaway":"yes","website":"https://www.franksgatukok.se/franks-lindome/","wheelchair":"yes"}},"geometry":{"type":"Point","coordinates":[12.0783555,57.5760183]}},{"type":"Feature","properties":{"id":285130499,"osm_type":"way","name":"Steinbrenner & Nyberg","category":"restaurant","tags":{"amenity":"cafe","building":"yes","building:levels":"2","name":"Steinbrenner & Nyberg","opening_hours":"Mo-Fr 06:30-18:30; Sa 08:00-16:00","source":"http://www.steinbrenner-nyberg.se/page/2/"}},"geometry":{"type":"Point","coordinates":[11.9839879,57.6494578]}},{"type":"Feature","properties":{"id":296610217,"osm_type":"way","name":"Partille Golfkrog","category":"restaurant","tags":{"addr:city":"Öjersjö","addr:country":"SE","addr:housenumber":"5","addr:postcode":"43350","addr:street":"Golfrundan","amenity":"restaurant","building":"yes","name":"Partille Golfkrog","opening_hours":"08:00-15:00"}},"geometry":{"type":"Point","coordinates":[12.1106837,57.6904957]}},{"type":"Feature","properties":{"id":311153546,"osm_type":"way","name":"Göteborg Wok","category":"restaurant","tags":{"amenity":"restaurant","contact:phone":"+4631135152","contact:website":"http://goteborgwok.se/","cuisine":"asian","name":"Göteborg Wok","opening_hours":"Su-Th 11:00-22:00; Fr-Sa 11:00-23:00","payment:cryptocurrencies":"no","smoking":"no"}},"geometry":{"type":"Point","coordinates":[11.9528399,57.7225135]}},{"type":"Feature","properties":{"id":311201586,"osm_type":"way","name":"Mister York","category":"restaurant","tags":{"addr:city":"Hisings Backa","addr:country":"SE","addr:housenumber":"2","addr:postcode":"42246","addr:street":"Importgatan","amenity":"fast_food","brand":"Mister York","building":"yes","cuisine":"burger","image":"https://photos.app.goo.gl/j8oSRucbNhMzbx8s9","name":"Mister York","opening_hours":"Su-Th 10:00-22:00; Fr, Sa 10:00-01:00","takeaway":"yes","website":"https://www.misteryork.se"}},"geometry":{"type":"Point","coordinates":[11.991912,57.7479485]}},{"type":"Feature","properties":{"id":312125289,"osm_type":"way","name":"Max","category":"restaurant","tags":{"addr:city":"Hisings Backa","addr:country":"SE","addr:housenumber":"1","addr:postcode":"422 46","addr:street":"Transportgatan","amenity":"fast_food","brand":"Max","brand:wikidata":"Q1912172","brand:wikipedia":"sv:Max Hamburgerrestauranger","building":"yes","building:levels":"1","cuisine":"burger","delivery":"no","drive_through":"yes","name":"Max","opening_hours":"24/7","outdoor_seating":"yes","roof:levels":"0","smoking":"no","takeaway":"yes"}},"geometry":{"type":"Point","coordinates":[11.9934436,57.7588021]}},{"type":"Feature","properties":{"id":320424969,"osm_type":"way","name":"Omami","category":"restaurant","tags":{"addr:city":"Göteborg","addr:country":"SE","addr:housenumber":"71","addr:postcode":"412 61","addr:street":"Viktor Rydbergsgatan","amenity":"restaurant","building":"retail","building:colour":"Pink","cuisine":"asian;japanese","name":"Omami","opening_hours":"Mo-Fr 16:00-21:00; Sa-Su 11:00-21:00","website":"https://www.omami.se/"}},"geometry":{"type":"Point","coordinates":[11.9856796,57.6870403]}},{"type":"Feature","properties":{"id":368281311,"osm_type":"way","name":"Cafe Azalea","category":"restaurant","tags":{"addr:country":"SE","addr:housenumber":"1","addr:street":"Vedbacken","amenity":"cafe","building":"yes","building:levels":"1","contact:phone":"+46-31-419282","cuisine":"regional","diet:vegetarian":"yes","indoor_seating":"yes","internet_access":"wlan","name":"Cafe Azalea","opening_hours":"Mo-Su 09:00-16:00","outdoor_seating":"yes","smoking":"no"}},"geometry":{"type":"Point","coordinates":[11.9357348,57.6843014]}},{"type":"Feature","properties":{"id":382526733,"osm_type":"way","name":"Tyrolen Biergarten","category":"restaurant","tags":{"amenity":"biergarten","name":"Tyrolen Biergarten","operator":"Liseberg","payment:cash":"no","payment:mastercard":"yes","payment:visa":"yes","smoking":"no"}},"geometry":{"type":"Point","coordinates":[11.993307,57.6932315]}},{"type":"Feature","properties":{"id":480082699,"osm_type":"way","name":"Sjöboa","category":"restaurant","tags":{"amenity":"cafe","building":"commercial","name":"Sjöboa","opening_hours":"Mo-Su 10:00-17:00","phone":"+46 31-501018","website":"http://www.sjoboa.com/"}},"geometry":{"type":"Point","coordinates":[11.848801,57.6465801]}},{"type":"Feature","properties":{"id":504208099,"osm_type":"way","name":"Skanshof","category":"restaurant","tags":{"addr:city":"Göteborg","addr:country":"SE","addr:housenumber":"1","addr:postcode":"411 28","addr:street":"Lilla Bergsgatan","amenity":"restaurant","check_date":"2026-04-04","contact:email":"bokabord@skanshof.se","contact:facebook":"https://www.facebook.com/Skanshof-101314691978335","contact:instagram":"https://www.instagram.com/skanshof","contact:phone":"+46-31-309 52 03","contact:website":"https://skanshof.se/","contact:website:menu":"https://skanshof.se/menu-2","microbrewery":"no","name":"Skanshof","outdoor_seating":"yes","payment:cash":"yes","payment:credit_cards":"yes","payment:cryptocurrencies":"no","payment:debit_cards":"yes","reservation":"yes","smoking":"outside","start_date":"2021-04-30","toilets:menstrual_products":"no","website:menu":"https://skanshof.se/menu-2"}},"geometry":{"type":"Point","coordinates":[11.960206,57.6962085]}},{"type":"Feature","properties":{"id":571412786,"osm_type":"way","name":"Kärra Burgers","category":"restaurant","tags":{"addr:city":"Hisings Kärra","addr:housenumber":"1","addr:postcode":"425 34","addr:street":"Lillekärr Norra","amenity":"fast_food","building":"yes","building:levels":"1","cuisine":"burger","drive_through":"no","name":"Kärra Burgers","opening_hours":"Mo-Th 11:00-20:00; Fr 11:00-21:00; Sa 12:00-21:00; Su 12:00-20:00","phone":"+4631571260","roof:levels":"0","roof:shape":"hipped","website":"https://karraburgers.se/"}},"geometry":{"type":"Point","coordinates":[11.9912582,57.7998256]}},{"type":"Feature","properties":{"id":596126853,"osm_type":"way","name":"Lunchrepubliken","category":"restaurant","tags":{"addr:country":"SE","addr:housenumber":"1","addr:street":"Konstruktionsvägen","amenity":"restaurant","building":"yes","contact:website":"https://www.lunchrepubliken.se/","indoor_seating":"yes","name":"Lunchrepubliken","outdoor_seating":"yes","smoking":"no"}},"geometry":{"type":"Point","coordinates":[12.0934918,57.6757145]}},{"type":"Feature","properties":{"id":772905067,"osm_type":"way","name":"Hamnkrogen","category":"restaurant","tags":{"amenity":"restaurant","building":"yes","description":"Liseberg's staff restaurant","name":"Hamnkrogen","payment:cash":"no","payment:cryptocurrencies":"no","payment:mastercard":"yes","payment:visa":"yes","smoking":"no"}},"geometry":{"type":"Point","coordinates":[11.996048,57.6950293]}},{"type":"Feature","properties":{"id":783690101,"osm_type":"way","name":"Frank's Gatukök","category":"restaurant","tags":{"amenity":"fast_food","building":"yes","cuisine":"burger;hot_dog","name":"Frank's Gatukök","takeaway":"yes"}},"geometry":{"type":"Point","coordinates":[11.9991809,57.6470332]}},{"type":"Feature","properties":{"id":891377646,"osm_type":"way","name":"Fästningsparkens glass","category":"restaurant","tags":{"amenity":"ice_cream","building":"retail","name":"Fästningsparkens glass"}},"geometry":{"type":"Point","coordinates":[11.9967529,57.8627453]}},{"type":"Feature","properties":{"id":940599430,"osm_type":"way","name":"Vasagrillen","category":"restaurant","tags":{"addr:housenumber":"25","addr:street":"Vasagatan ","amenity":"fast_food","building":"commercial","cuisine":"grill","drive_through":"no","name":"Vasagrillen","was:name":"Vasagrillen"}},"geometry":{"type":"Point","coordinates":[11.9700637,57.6985822]}},{"type":"Feature","properties":{"id":942888535,"osm_type":"way","name":"","category":"restaurant","tags":{"amenity":"ice_cream","building":"civic","building:levels":"1"}},"geometry":{"type":"Point","coordinates":[11.9725189,57.7023912]}},{"type":"Feature","properties":{"id":961863479,"osm_type":"way","name":"Vikingagrillen","category":"restaurant","tags":{"amenity":"fast_food","building":"restaurant","check_date":"2025-07-16","cuisine":"burger","drive_through":"yes","name":"Vikingagrillen","outdoor_seating":"yes","toilets":"yes","wheelchair":"yes"}},"geometry":{"type":"Point","coordinates":[11.9991374,57.858246]}},{"type":"Feature","properties":{"id":977074544,"osm_type":"way","name":"Restaurang Tegel","category":"restaurant","tags":{"addr:housenumber":"66","addr:street":"Krokslätts Fabriker","amenity":"restaurant","building":"yes","cuisine":"regional;fish;pasta","diet:fish":"yes","diet:local":"yes","diet:meat":"yes","diet:vegetarian":"yes","name":"Restaurang Tegel","opening_hours":"Mo-Fr 11:00-14:00","payment:credit_cards":"yes","payment:cryptocurrencies":"no","payment:debit_cards":"yes","payment:swish":"yes","website":"https://restaurangtegel.com"}},"geometry":{"type":"Point","coordinates":[12.0088628,57.6703557]}},{"type":"Feature","properties":{"id":977074576,"osm_type":"way","name":"Grindstugan Gatukök","category":"restaurant","tags":{"amenity":"fast_food","building":"yes","name":"Grindstugan Gatukök"}},"geometry":{"type":"Point","coordinates":[12.0088485,57.6710501]}},{"type":"Feature","properties":{"id":1013465729,"osm_type":"way","name":"Franks","category":"restaurant","tags":{"addr:city":"Göteborg","addr:country":"SE","addr:housenumber":"1","addr:postcode":"41103","addr:street":"Burggrevegatan","amenity":"fast_food","building":"retail","building:levels":"1","check_date":"2025-09-02","delivery":"no","diet:vegan":"no","diet:vegetarian":"yes","drive_through":"no","image":"https://photos.app.goo.gl/bPh7AjmWPrHcxtH88","indoor_seating":"no","internet_access":"no","name":"Franks","opening_hours":"Mo-Th 11:00-22:00, Fr 11:00-02:30, Sa 13:00-02:30, Su 13:00-22:00","outdoor_seating":"no","payment:cash":"no","payment:credit_cards":"yes","payment:debit_cards":"yes","payment:mastercard":"yes","payment:visa":"yes","roof:shape":"flat","takeaway":"only","wheelchair":"yes"}},"geometry":{"type":"Point","coordinates":[11.9744842,57.7087774]}},{"type":"Feature","properties":{"id":1030929320,"osm_type":"way","name":"KFC","category":"restaurant","tags":{"alt_name":"Kentucky Fried Chicken","amenity":"fast_food","brand":"KFC","brand:wikidata":"Q524757","building":"yes","cuisine":"chicken","name":"KFC","takeaway":"yes","wheelchair":"yes"}},"geometry":{"type":"Point","coordinates":[11.9857202,57.6433926]}},{"type":"Feature","properties":{"id":1068131316,"osm_type":"way","name":"Matila Thaikök","category":"restaurant","tags":{"addr:city":"Mölndal","addr:country":"SE","addr:housenumber":"2A","addr:postcode":"431 33","addr:street":"Fågelbergsgatan","amenity":"restaurant","building":"yes","capacity":"8","cuisine":"thai","name":"Matila Thaikök","opening_hours":"Mo-Fr 11:00-20:00; Sa-Su 12:00-20:00","phone":"+46 769 20 24 10","smoking":"no","takeaway":"yes"}},"geometry":{"type":"Point","coordinates":[12.0315019,57.645628]}},{"type":"Feature","properties":{"id":1165037761,"osm_type":"way","name":"Café Havanna","category":"restaurant","tags":{"addr:city":"Göteborg","addr:country":"SE","addr:housenumber":"73","addr:postcode":"412 61","addr:street":"Viktor Rydbergsgatan","amenity":"bar","building":"retail","building:colour":"blue","check_date":"2026-04-01","check_date:smoking":"2026-04-01","name":"Café Havanna","opening_hours":"Mo-Fr 15:00-24:00; Sa-Su 13:00-24:00","smoking":"no"}},"geometry":{"type":"Point","coordinates":[11.9856716,57.6869095]}},{"type":"Feature","properties":{"id":1196815379,"osm_type":"way","name":"","category":"restaurant","tags":{"amenity":"restaurant","building":"yes","smoking":"no"}},"geometry":{"type":"Point","coordinates":[11.9465436,57.6833406]}},{"type":"Feature","properties":{"id":1213778574,"osm_type":"way","name":"","category":"restaurant","tags":{"amenity":"restaurant","building":"yes","cuisine":"barbecue"}},"geometry":{"type":"Point","coordinates":[11.9996929,57.768356]}},{"type":"Feature","properties":{"id":1213778576,"osm_type":"way","name":"Jafari's Donuts","category":"restaurant","tags":{"amenity":"fast_food","building":"yes","cuisine":"donut","name":"Jafari's Donuts"}},"geometry":{"type":"Point","coordinates":[12.0001434,57.7698917]}},{"type":"Feature","properties":{"id":1214005493,"osm_type":"way","name":"Kato Sushi","category":"restaurant","tags":{"amenity":"restaurant","building":"yes","cuisine":"sushi","name":"Kato Sushi","opening_hours":"Mo-Th 11:30-20:00; Fr 11:30-21:00; Sa 12:00-21:00; Su 12:00-20:00"}},"geometry":{"type":"Point","coordinates":[11.9906534,57.7941796]}},{"type":"Feature","properties":{"id":1215435101,"osm_type":"way","name":"McDonald's","category":"restaurant","tags":{"addr:city":"Göteborg","addr:housenumber":"2","addr:postcode":"415 25","addr:street":"Alekärrsgatan","amenity":"fast_food","branch":"Gamlestaden","brand":"McDonald's","brand:wikidata":"Q38076","building":"yes","cuisine":"burger","name":"McDonald's","opening_hours":"Mo-Su 07:00-25:00","takeaway":"yes","website":"https://www.mcdonalds.com/se/sv-se/location/g-teborg/gamlestaden/alek-rrsgatan-2/297.html"}},"geometry":{"type":"Point","coordinates":[12.0090284,57.7449048]}},{"type":"Feature","properties":{"id":1243458002,"osm_type":"way","name":"Clarion Hotel Draken","category":"restaurant","tags":{"addr:city":"Göteborg","addr:housenumber":"2","addr:place":"Olof Palmes Plats","addr:postcode":"413 04","amenity":"restaurant","architect":"Erséus Arkitekter","brand":"Clarion","brand:wikidata":"Q10454567","breakfast":"yes","building:colour":"#544033","building:levels":"34","building:min_level":"32","building:part":"hotel","building:roof":"black","contact:email":"cl.draken@strawberry.se","contact:facebook":"https://www.facebook.com/hoteldraken","contact:instagram":"https://www.instagram.com/hoteldraken/","contact:phone":"+46 31 305 01 60","contact:website":"https://www.strawberry.se/hotell/sverige/goteborg/clarion-hotel-draken/","height":"104","image":"https://sv.wikipedia.org/wiki/Clarion_Hotel_Draken#/media/Fil:Hotel_Draken_18_februari_2023.jpg","internet_access":"wlan","internet_access:fee":"no","name":"Clarion Hotel Draken","opening_date":"2023-10-01","operator":"Clarion Hotel","owner":"Fastighets AB Balder","pets_allowed":"yes","roof:colour":"black","rooms":"474","smoking":"no","start_date":"2019","tourism":"hotel","wikidata":"Q111943328","wikipedia":"sv:Clarion Hotel Draken"}},"geometry":{"type":"Point","coordinates":[11.952608,57.7011676]}},{"type":"Feature","properties":{"id":1275704221,"osm_type":"way","name":"","category":"restaurant","tags":{"amenity":"cafe","building":"yes","building:levels":"1"}},"geometry":{"type":"Point","coordinates":[11.9561299,57.7179014]}},{"type":"Feature","properties":{"id":1352425880,"osm_type":"way","name":"Nordstans Kebab & Grill","category":"restaurant","tags":{"addr:city":"Göteborg","addr:country":"SE","addr:housenumber":"18","addr:postcode":"411 06","addr:street":"Norra Hamngatan","air_conditioning":"yes","amenity":"fast_food","contact:facebook":"https://www.facebook.com/100065522411696/","contact:phone":"+46 31 158 11 7","cuisine":"kebab","diet:vegan":"no","diet:vegetarian":"yes","drive_through":"no","indoor_seating":"yes","level":"0","name":"Nordstans Kebab & Grill","opening_hours":"Mo-Fr 10:00-20:00; Sa-Su 10:00-18:00","outdoor_seating":"no","payment:cash":"yes","payment:credit_cards":"yes","payment:debit_cards":"yes","smoking":"no","takeaway":"yes","wheelchair":"yes"}},"geometry":{"type":"Point","coordinates":[11.9684664,57.7072115]}},{"type":"Feature","properties":{"id":1352425881,"osm_type":"way","name":"Espresso House","category":"restaurant","tags":{"addr:city":"Göteborg","addr:country":"SE","addr:housenumber":"18","addr:postcode":"411 06","addr:street":"Norra Hamngatan","air_conditioning":"yes","amenity":"cafe","brand":"Espresso House","brand:wikidata":"Q10489162","brand:wikipedia":"sv:Espresso House","check_date":"2025-08-23","check_date:opening_hours":"2025-08-23","cuisine":"coffee_shop","diet:vegan":"yes","diet:vegetarian":"yes","indoor_seating":"yes","level":"0","name":"Espresso House","opening_hours":"Mo-Fr 06:00-22:00; Sa 07:00-22:00; Su 08:00-22:00","outdoor_seating":"no","payment:cash":"yes","payment:credit_cards":"yes","payment:debit_cards":"yes","phone":"+46765219262","smoking":"no","takeaway":"yes","website":"https://espressohouse.com/coffee-shops/brunnsparken-gbg/"}},"geometry":{"type":"Point","coordinates":[11.9683585,57.7071687]}},{"type":"Feature","properties":{"id":1352425883,"osm_type":"way","name":"Brödernas","category":"restaurant","tags":{"addr:city":"Göteborg","addr:country":"SE","addr:housenumber":"20","addr:postcode":"411 06","addr:street":"Norra Hamngatan","air_conditioning":"yes","amenity":"restaurant","branch":"Nordstan","brand":"Brödernas","brand:wikidata":"Q136644088","check_date":"2025-02-16","check_date:diet:vegan":"2025-02-16","check_date:diet:vegetarian":"2025-02-16","cuisine":"burger","diet:vegan":"yes","diet:vegetarian":"yes","email":"nordstan.gbg@brodernas.nu","indoor_seating":"yes","level":"0","name":"Brödernas","opening_hours":"Mo-Th 11:00-21:00; Fr 11:00-22:00; Sa 12:00-22:00; Su 12:00-21:00","outdoor_seating":"no","payment:cash":"yes","payment:credit_cards":"yes","payment:cryptocurrencies":"no","payment:debit_cards":"yes","phone":"+46313501700","smoking":"no","takeaway":"yes","website":"https://www.brodernas.nu/restauranger/nordstan/","wheelchair":"yes"}},"geometry":{"type":"Point","coordinates":[11.9689062,57.7072872]}},{"type":"Feature","properties":{"id":1352425884,"osm_type":"way","name":"Max","category":"restaurant","tags":{"addr:city":"Göteborg","addr:country":"SE","addr:housenumber":"20","addr:postcode":"411 06","addr:street":"Norra Hamngatan","air_conditioning":"yes","amenity":"fast_food","brand":"Max","brand:wikidata":"Q1912172","check_date":"2026-04-02","cuisine":"burger","diet:vegan":"yes","diet:vegetarian":"yes","highchair":"yes","indoor_seating":"yes","internet_access":"wlan","internet_access:fee":"no","internet_access:ssid":"MAX Guest","level":"0","name":"Max","opening_hours":"Su-Tu 09:00-02:00, We,Th 09:00-03:00, Fr,Sa 09:00-06:00","organic":"yes","outdoor_seating":"no","payment:cash":"yes","payment:credit_cards":"yes","payment:debit_cards":"yes","phone":"+4631441440","smoking":"no","stroller":"yes","takeaway":"yes","toilets":"yes","toilets:menstrual_products":"no","website":"https://www.max.se/","wheelchair":"yes"}},"geometry":{"type":"Point","coordinates":[11.9686075,57.7073311]}},{"type":"Feature","properties":{"id":1352425885,"osm_type":"way","name":"Tandoori Kitchen","category":"restaurant","tags":{"addr:country":"SE","addr:housenumber":"27","addr:postcode":"41106","addr:street":"Köpmansgatan","amenity":"restaurant","check_date":"2023-08-06","cuisine":"indian","level":"-1","name":"Tandoori Kitchen","name:sv":"Tandoori Kitchen","old_name":"Mother India","opening_hours":"Mo-Fr 11:00-22:00; Sa 12:00-22:00; Su 12:00-21:00","payment:cryptocurrencies":"no","smoking":"no","wheelchair":"no"}},"geometry":{"type":"Point","coordinates":[11.9705223,57.7079018]}},{"type":"Feature","properties":{"id":1352425901,"osm_type":"way","name":"Oishi Express","category":"restaurant","tags":{"amenity":"restaurant","cuisine":"japanese","diet:vegan":"yes","diet:vegetarian":"yes","email":"info@oishiexpress.se","indoor_seating":"yes","level":"0","name":"Oishi Express","opening_hours":"Mo-Sa 10:00-18:00","outdoor_seating":"no","payment:cryptocurrencies":"no","phone":"+46 31 15 00 35","smoking":"no","takeaway":"yes"}},"geometry":{"type":"Point","coordinates":[11.9703741,57.7083952]}},{"type":"Feature","properties":{"id":1352425902,"osm_type":"way","name":"Le Pain Français","category":"restaurant","tags":{"air_conditioning":"yes","amenity":"cafe","diet:vegan":"no","diet:vegetarian":"yes","indoor_seating":"yes","level":"0;1","name":"Le Pain Français","opening_hours":"Mo-Fr 06:00-22:00; Sa 07:00-22:00; Su 08:00-22:00","outdoor_seating":"no","smoking":"no"}},"geometry":{"type":"Point","coordinates":[11.9705551,57.7083843]}},{"type":"Feature","properties":{"id":1352425908,"osm_type":"way","name":"City Kebab","category":"restaurant","tags":{"addr:country":"SE","addr:housenumber":"36","addr:postcode":"41106","addr:street":"Norra Hamngatan","amenity":"fast_food","check_date":"2025-07-08","check_date:smoking":"2025-07-08","cuisine":"kebab","indoor_seating":"yes","level":"0","name":"City Kebab","opening_hours":"Su-Th 11:00-04:00; Fr-Sa 11:00-05:00","outdoor_seating":"no","smoking":"no"}},"geometry":{"type":"Point","coordinates":[11.9708519,57.707548]}},{"type":"Feature","properties":{"id":1467896657,"osm_type":"way","name":"Café Malmska valen","category":"restaurant","tags":{"air_conditioning":"yes","amenity":"restaurant","bar":"no","changing_table":"yes","check_date":"2026-04-05","contact:facebook":"Caf%C3%A9-Malmska-Valen","contact:instagram":"cafe_malmska_valen","delivery":"no","diet:vegan":"yes","diet:vegetarian":"yes","dog":"no","drive_through":"no","email":"cafe.malmska.valen@gmail.com","indoor_seating":"yes","level":"2","name":"Café Malmska valen","operator":"Göteborgs Naturhistoriska museum","outdoor_seating":"yes","phone":"0739596566","smoking":"no","television":"no","toilets":"yes","website:menu":"https://www.malmskavalen.com/meny"}},"geometry":{"type":"Point","coordinates":[11.9490425,57.6895921]}},{"type":"Feature","properties":{"id":1481140194,"osm_type":"way","name":"","category":"restaurant","tags":{"amenity":"bar","building":"yes"}},"geometry":{"type":"Point","coordinates":[11.9926848,57.6960758]}},{"type":"Feature","properties":{"id":15757101,"osm_type":"relation","name":"Valkyriaglassen","category":"restaurant","tags":{"amenity":"ice_cream","building":"yes","name":"Valkyriaglassen","payment:cash":"no","payment:mastercard":"yes","payment:visa":"yes","type":"multipolygon"}},"geometry":{"type":"Point","coordinates":[11.9947305,57.6932187]}},{"type":"Feature","properties":{"id":18299874,"osm_type":"relation","name":"Brasserie X","category":"restaurant","tags":{"addr:country":"SE","addr:housenumber":"91","addr:street":"Göteborgsvägen","amenity":"restaurant","bar":"yes","building":"hotel","building:colour":"maroon","name":"Brasserie X","operator":"Nordic Choice Hotels","payment:cryptocurrencies":"no","tourism":"hotel","type":"multipolygon"}},"geometry":{"type":"Point","coordinates":[12.0105442,57.6681603]}}]}