{"type": "FeatureCollection", "meta": {"city": "vaxjo", "deso_count": 53, "need_weights": {"income": 0.3, "dependency": 0.15, "education": 0.2, "neet": 0.2, "income_support": 0.15}, "income_units": "kSEK mean disposable", "source": "EpiCity SCB DeSO + SCB RegSO (AA/AA0003)", "domains": ["income", "dependency", "education", "neet", "income_support"], "regso_join": "53/53 DESOs matched a RegSO"}, "features": [{"type": "Feature", "geometry": {"type": "Polygon", "coordinates": [[[14.92248325, 56.76025569], [14.9231072, 56.76023981], [14.9237281, 56.7602022], [14.92434337, 56.76014312], [14.92451551, 56.76012274], [14.92512273, 56.76004236], [14.92571947, 56.75994113], [14.92630316, 56.75981923], [14.92646468, 56.75978088], [14.92703316, 56.75963903], [14.92758415, 56.75947759], [14.92811521, 56.75929735], [14.92826016, 56.75924247], [14.9287694, 56.75904417], [14.92907688, 56.75890755], [14.92955819, 56.75892884], [14.93018275, 56.75893458], [14.93022928, 56.75893478], [14.93085321, 56.75891887], [14.93089974, 56.75891656], [14.93152061, 56.75887891], [14.93213585, 56.75881979], [14.93218158, 56.75881514], [14.93278876, 56.75873472], [14.93283368, 56.75872774], [14.93343038, 56.75862638], [14.93401403, 56.75850445], [14.93405734, 56.75849513], [14.93462578, 56.75835325], [14.93466733, 56.75834168], [14.93521827, 56.7581802], [14.93574927, 56.75799994], [14.93578868, 56.75798622], [14.93629786, 56.75778788], [14.9363347, 56.75777218], [14.9368199, 56.7575565], [14.93727909, 56.75732446], [14.9373131, 56.75730696], [14.93774453, 56.75705936], [14.93778139, 56.7570363], [14.93779543, 56.75702777], [14.93779718, 56.75702661], [14.93782648, 56.75700785], [14.93822839, 56.75674577], [14.93859917, 56.75647021], [14.9386259, 56.7564492], [14.93896406, 56.75616132], [14.9389908, 56.75613528], [14.93929498, 56.75583624], [14.9398394, 56.75524351], [14.94010826, 56.75493448], [14.94013109, 56.7549062], [14.94036381, 56.75458843], [14.94037896, 56.75456338], [14.94057433, 56.75423815], [14.94073168, 56.75390679], [14.94074224, 56.75388092], [14.94086104, 56.75354478], [14.94094059, 56.75320512], [14.94094656, 56.75317889], [14.94098675, 56.75283715], [14.94098787, 56.75281074], [14.9409884, 56.75246835], [14.94094929, 56.75212665], [14.94094583, 56.75210024], [14.94086735, 56.75176051], [14.94085903, 56.75173436], [14.9407413, 56.75139811], [14.940585, 56.7510666], [14.9405721, 56.75104109], [14.94041193, 56.75077299], [14.9408792, 56.75056518], [14.94133828, 56.75033313], [14.9417696, 56.75008551], [14.94179147, 56.75007286], [14.94219328, 56.74981077], [14.94256396, 56.7495352], [14.94290202, 56.7492473], [14.94291903, 56.74923257], [14.94322312, 56.74893352], [14.9434919, 56.74862448], [14.94372456, 56.74830671], [14.94374172, 56.7482822], [14.94393703, 56.74795696], [14.94396624, 56.74789913], [14.94412354, 56.74756776], [14.94424228, 56.74723162], [14.94425041, 56.74720566], [14.94432992, 56.746866], [14.94437006, 56.74652434], [14.94437057, 56.74618195], [14.94436978, 56.74616452], [14.94433065, 56.74582283], [14.94431927, 56.74577342], [14.94431968, 56.74549435], [14.94428055, 56.74515265], [14.94426667, 56.74505618], [14.94418817, 56.74471654], [14.94407043, 56.74438029], [14.94391414, 56.74404878], [14.94386615, 56.74395579], [14.94367183, 56.74363038], [14.94351254, 56.74341177], [14.94358714, 56.74328767], [14.94374442, 56.74295631], [14.94375632, 56.74293071], [14.94387505, 56.74259457], [14.94388345, 56.74256412], [14.94396296, 56.74222455], [14.94409884, 56.74149958], [14.94413898, 56.74115792], [14.94414199, 56.74112792], [14.9441425, 56.74078553], [14.94414065, 56.74075975], [14.94410153, 56.74041796], [14.94402304, 56.74007832], [14.94401661, 56.74005281], [14.94389889, 56.73971656], [14.94388814, 56.73969149], [14.94373186, 56.73935998], [14.94369906, 56.73930509], [14.94371741, 56.7392918], [14.94408797, 56.73901622], [14.94442593, 56.73872832], [14.94445009, 56.73870686], [14.94475409, 56.73840781], [14.94477798, 56.7383815], [14.94504667, 56.73807246], [14.94509758, 56.73800879], [14.94533016, 56.73769102], [14.94534988, 56.73766283], [14.94554512, 56.73733758], [14.94555756, 56.73731271], [14.9457148, 56.73698134], [14.94583349, 56.73664519], [14.94584175, 56.73661978], [14.94592123, 56.7362802], [14.94592545, 56.73625011], [14.94596557, 56.73590836], [14.94597594, 56.73572289], [14.94597643, 56.73538049], [14.9459754, 56.73534986], [14.94593626, 56.73500817], [14.94593077, 56.73498221], [14.94587478, 56.73473994], [14.94596613, 56.73448121], [14.9460456, 56.73414163], [14.94605252, 56.73411074], [14.94614557, 56.7334091], [14.94618569, 56.73306735], [14.94618708, 56.73303573], [14.94618757, 56.73269334], [14.94614843, 56.73235164], [14.94614456, 56.73232451], [14.94606607, 56.73198487], [14.94605722, 56.73195819], [14.9459395, 56.73162194], [14.94578324, 56.73129044], [14.94576967, 56.73126438], [14.94568658, 56.73112521], [14.94587368, 56.73090999], [14.94589556, 56.73088018], [14.94613664, 56.73070083], [14.94616363, 56.73067892], [14.94650149, 56.73039101], [14.94680541, 56.73009195], [14.94682848, 56.73006861], [14.9470971, 56.72975956], [14.94711587, 56.72973514], [14.94734837, 56.72941736], [14.94754356, 56.72909211], [14.94755788, 56.72906688], [14.94771507, 56.72873551], [14.9477248, 56.72870955], [14.94784345, 56.7283734], [14.94792289, 56.72803383], [14.94792778, 56.72800742], [14.94796787, 56.72766567], [14.94796817, 56.72763917], [14.94796865, 56.72729678], [14.94794748, 56.72711174], [14.94804542, 56.72683405], [14.94805111, 56.7268169], [14.94813054, 56.72647723], [14.94817063, 56.72613557], [14.9481711, 56.72579317], [14.94817058, 56.72577575], [14.94813144, 56.72543397], [14.94805294, 56.72509432], [14.94793523, 56.72475807], [14.94792838, 56.72474101], [14.94777214, 56.7244095], [14.94757788, 56.72408409], [14.9473463, 56.72376612], [14.94733366, 56.72375012], [14.94706595, 56.72344085], [14.94676294, 56.72314153], [14.94642596, 56.72285333], [14.94640793, 56.72283904], [14.94603833, 56.72256313], [14.94563759, 56.72230068], [14.94520733, 56.72205268], [14.94517287, 56.72203434], [14.94471484, 56.72180186], [14.94423079, 56.72158571], [14.94402814, 56.72149751], [14.94352009, 56.72129869], [14.94347983, 56.72128448], [14.94294992, 56.7211037], [14.94240006, 56.72094168], [14.94183265, 56.72079923], [14.94180316, 56.72079284], [14.9412205, 56.72067032], [14.94062474, 56.72056836], [14.94001845, 56.72048741], [14.9399872, 56.72048425], [14.93937279, 56.72042449], [14.93911346, 56.72040846], [14.93872325, 56.72034172], [14.93867477, 56.72033145], [14.93807903, 56.72022948], [14.93747274, 56.72014852], [14.93729964, 56.72013146], [14.93668524, 56.72007169], [14.93606515, 56.72003337], [14.93544193, 56.7200168], [14.93481799, 56.72002186], [14.934626, 56.72002392], [14.93400391, 56.72005071], [14.93387334, 56.72005918], [14.93325566, 56.72010762], [14.93264481, 56.72017744], [14.93245722, 56.72020007], [14.93185563, 56.720291], [14.93126571, 56.72040259], [14.9306899, 56.72053458], [14.93052869, 56.72057329], [14.92996928, 56.72072504], [14.92942855, 56.72089593], [14.92890867, 56.72108534], [14.92876426, 56.72114068], [14.92826738, 56.7213477], [14.92779525, 56.72157171], [14.92735016, 56.72181163], [14.92722823, 56.72188135], [14.92681154, 56.72213629], [14.92671534, 56.72220324], [14.92623767, 56.72235421], [14.92571775, 56.7225436], [14.92567744, 56.72255867], [14.92518051, 56.72276568], [14.92514316, 56.7227829], [14.92467099, 56.7230069], [14.92422587, 56.72324681], [14.92419188, 56.72326601], [14.92377515, 56.72352094], [14.92374465, 56.72354185], [14.92335834, 56.72381071], [14.92300393, 56.72409253], [14.92297748, 56.72411506], [14.92265632, 56.72440866], [14.92236977, 56.7247128], [14.92234748, 56.72473659], [14.92209661, 56.72505008], [14.92207864, 56.72507504], [14.92186453, 56.72539674], [14.921688, 56.7257251], [14.92167475, 56.72575087], [14.92153661, 56.72608483], [14.92152806, 56.72611123], [14.92142872, 56.72644925], [14.92136872, 56.72679008], [14.92136489, 56.72681676], [14.92134437, 56.72715896], [14.92134552, 56.72718573], [14.92136462, 56.72752795], [14.9214232, 56.72786886], [14.92143014, 56.72789994], [14.92152808, 56.72823809], [14.92174697, 56.72893164], [14.92157091, 56.72909249], [14.92128431, 56.72939662], [14.92126269, 56.72942032], [14.92101178, 56.72973381], [14.92099462, 56.7297585], [14.92078048, 56.7300802], [14.92063165, 56.73035693], [14.92060977, 56.73037865], [14.92032316, 56.73068278], [14.92007223, 56.73099636], [14.91985807, 56.73131796], [14.91980464, 56.73140999], [14.91962807, 56.73173835], [14.91948989, 56.73207231], [14.91939051, 56.73241033], [14.91936872, 56.73251504], [14.91930869, 56.73285587], [14.91930716, 56.73288102], [14.91930524, 56.73289746], [14.91930019, 56.7329262], [14.91928062, 56.73325133], [14.91904312, 56.73326151], [14.91899514, 56.73326498], [14.91837722, 56.73331335], [14.91776612, 56.7333831], [14.91771894, 56.73338918], [14.91762295, 56.73340366], [14.91751551, 56.73341141], [14.91738422, 56.73342174], [14.91738071, 56.73342183], [14.91684044, 56.73346153], [14.91622252, 56.73350989], [14.91616792, 56.73351542], [14.91555682, 56.73358516], [14.91495497, 56.733676], [14.91490926, 56.73368316], [14.91431909, 56.73379467], [14.91427472, 56.73380434], [14.91369865, 56.73393625], [14.91339049, 56.73401975], [14.9129412, 56.73399195], [14.91289349, 56.73398976], [14.912735, 56.73398552], [14.91261911, 56.73397834], [14.91256318, 56.7339757], [14.91193974, 56.733959], [14.91189162, 56.73395933], [14.91126745, 56.73396427], [14.91064511, 56.73399095], [14.91059739, 56.73399389], [14.90997945, 56.73404221], [14.90936833, 56.73411192], [14.90932128, 56.73411745], [14.90871941, 56.73420827], [14.90867356, 56.73421623], [14.90808336, 56.73432772], [14.90750726, 56.7344596], [14.90746316, 56.73447007], [14.90690344, 56.73462172], [14.90686123, 56.73463444], [14.9063202, 56.73480524], [14.9058, 56.73499455], [14.90576048, 56.73500952], [14.90526328, 56.73521644], [14.90522644, 56.73523348], [14.904754, 56.7354574], [14.9043086, 56.73569724], [14.90427513, 56.73571617], [14.90385813, 56.73597103], [14.90382802, 56.73599166], [14.90344144, 56.73626047], [14.90308676, 56.73654223], [14.90306056, 56.73656439], [14.90273914, 56.73685795], [14.90269656, 56.73690309], [14.90231558, 56.73713597], [14.90210344, 56.73728347], [14.90186601, 56.73741136], [14.901832, 56.73743056], [14.90141496, 56.73768541], [14.90138458, 56.73770631], [14.90099796, 56.73797511], [14.90064325, 56.73825686], [14.90061677, 56.73827939], [14.90029532, 56.73857293], [14.90024774, 56.73862337], [14.89993437, 56.73881489], [14.89954773, 56.73908368], [14.89951802, 56.7391045], [14.89916329, 56.73938625], [14.89913748, 56.73940859], [14.89881601, 56.73970213], [14.89852915, 56.74000621], [14.89850738, 56.74002973], [14.89825621, 56.74034317], [14.89823875, 56.74036786], [14.89802436, 56.74068951], [14.89784755, 56.74101784], [14.89783467, 56.74104325], [14.89769627, 56.74137718], [14.89768648, 56.74140762], [14.89758688, 56.74174562], [14.89753695, 56.74196393], [14.89748292, 56.74219967], [14.89742876, 56.74243621], [14.89736859, 56.74269906], [14.89736202, 56.74273607], [14.8973597, 56.7427463], [14.89735004, 56.74277917], [14.89729614, 56.74301526], [14.89724498, 56.74323788], [14.89719409, 56.74346078], [14.89714293, 56.74368322], [14.89710104, 56.74386633], [14.89704079, 56.74420715], [14.89703666, 56.74423705], [14.89701591, 56.74457925], [14.89701678, 56.74460494], [14.89703566, 56.74494717], [14.89709405, 56.74528809], [14.89709937, 56.74531369], [14.89719714, 56.74565186], [14.89720678, 56.74567701], [14.89734338, 56.74601117], [14.89751843, 56.74633979], [14.89753252, 56.74636432], [14.89774521, 56.74668632], [14.89776348, 56.74671005], [14.89801299, 56.7470239], [14.89829827, 56.74732845], [14.89832059, 56.74735101], [14.89864055, 56.74764507], [14.89866665, 56.74766647], [14.89901995, 56.7479488], [14.89940525, 56.74821821], [14.89943499, 56.74823808], [14.89960769, 56.74834421], [14.89950038, 56.74854343], [14.89936196, 56.74887736], [14.89932436, 56.74897182], [14.89922475, 56.74930983], [14.89916451, 56.74965065], [14.89914378, 56.74999285], [14.89914335, 56.75000192], [14.89899741, 56.75022096], [14.89882056, 56.75054929], [14.89877366, 56.75064249], [14.89863522, 56.75097641], [14.89853561, 56.75131442], [14.89847536, 56.75165524], [14.89846256, 56.7517516], [14.89844181, 56.7520938], [14.89846071, 56.75243603], [14.89851913, 56.75277695], [14.89854085, 56.75287298], [14.89863864, 56.75321114], [14.89877529, 56.7535453], [14.89895038, 56.75387391], [14.89900583, 56.75396566], [14.89921857, 56.75428766], [14.89946815, 56.75460152], [14.8997535, 56.75490606], [14.89984833, 56.75499784], [14.90016836, 56.7552919], [14.90052175, 56.75557421], [14.9005597, 56.7556038], [14.90094508, 56.7558732], [14.90107069, 56.75595306], [14.9014866, 56.75620857], [14.901931, 56.7564491], [14.90240256, 56.75667375], [14.90254145, 56.75673314], [14.90303787, 56.75694083], [14.90355741, 56.75713094], [14.9040979, 56.75730255], [14.90425531, 56.75734597], [14.90481461, 56.75749846], [14.90539041, 56.7576312], [14.90598042, 56.75774356], [14.90658223, 56.75783527], [14.90675196, 56.75786091], [14.90736312, 56.75793151], [14.90798122, 56.75798074], [14.90860382, 56.75800833], [14.9087794, 56.75801537], [14.90940395, 56.75802122], [14.91002787, 56.75800541], [14.91064874, 56.75796786], [14.91082342, 56.75795595], [14.91143867, 56.75789693], [14.91204589, 56.7578167], [14.91264262, 56.75771544], [14.91272789, 56.75769988], [14.91318287, 56.75760489], [14.91338399, 56.75776554], [14.91348401, 56.7578451], [14.91386951, 56.75811447], [14.91428553, 56.75836994], [14.91473004, 56.75861042], [14.91485639, 56.75867778], [14.91532806, 56.75890238], [14.91582458, 56.75911002], [14.91634421, 56.75930007], [14.91650566, 56.7593574], [14.91704624, 56.75952896], [14.91715164, 56.75955876], [14.91771102, 56.75971119], [14.9182869, 56.75984388], [14.91846566, 56.7598828], [14.91905575, 56.7599951], [14.91965762, 56.76008674], [14.92026885, 56.76015728], [14.92044199, 56.76017464], [14.92106014, 56.7602238], [14.92168279, 56.76025132], [14.92230737, 56.7602571], [14.92248325, 56.76025569]]]}, "properties": {"deso": "0780B3010", "pop": 1902.0, "income": 326.6, "male_frac": 0.5149, "child_frac": 0.1982, "elder_frac": 0.2545, "dependency": 0.8271, "needZ": 0.3445, "needZ_v1": 0.6646, "regso": "0780R008", "higher_ed": null, "neet": 11.8, "income_support": 0.8}}, {"type": "Feature", "geometry": {"type": "Polygon", "coordinates": [[[14.80469403, 56.87684524], [14.80564085, 56.87681034], [14.80638748, 56.87676902], [14.80648654, 56.87676342], [14.80661822, 56.87675455], [14.80674748, 56.87674523], [14.80734366, 56.87670205], [14.80749985, 56.87669071], [14.80773778, 56.87667338], [14.80781476, 56.87661951], [14.80851616, 56.87653104], [14.80885788, 56.87648351], [14.80956726, 56.87642083], [14.81015499, 56.87636181], [14.81008026, 56.87594512], [14.80987564, 56.87521189], [14.80939419, 56.87352894], [14.80926381, 56.87301875], [14.80924734, 56.87295954], [14.80920417, 56.87290962], [14.80911766, 56.87286934], [14.80730917, 56.87212412], [14.80730497, 56.8720466], [14.80729716, 56.87198623], [14.80727019, 56.87191802], [14.80719069, 56.87183077], [14.80704812, 56.87172358], [14.8069882, 56.87166932], [14.80693884, 56.871615], [14.80688889, 56.87154235], [14.80682865, 56.87147318], [14.8067969, 56.87143909], [14.80679635, 56.87143918], [14.80676851, 56.87140914], [14.8067421, 56.87138943], [14.80671078, 56.8713769], [14.80666292, 56.87137134], [14.80661489, 56.87137387], [14.80648405, 56.87140609], [14.8063199, 56.87144312], [14.80624288, 56.87145252], [14.8061659, 56.87145617], [14.80594498, 56.87145798], [14.80583651, 56.87145485], [14.80576999, 56.87144828], [14.80577902, 56.87150721], [14.80356868, 56.87168223], [14.80312818, 56.87171719], [14.80189613, 56.87181467], [14.80189329, 56.87181494], [14.8011405, 56.87150737], [14.80039016, 56.8712739], [14.79988315, 56.87114932], [14.79973219, 56.87112411], [14.79953311, 56.87109083], [14.79918169, 56.87108757], [14.79889858, 56.87108487], [14.79860901, 56.87110156], [14.79842336, 56.87111213], [14.79829986, 56.87113762], [14.79789657, 56.87122058], [14.79719611, 56.87142424], [14.79628741, 56.87176003], [14.79662346, 56.8721282], [14.79710562, 56.87269592], [14.79742418, 56.87302607], [14.79775936, 56.87318263], [14.79805752, 56.87343416], [14.79812347, 56.8736721], [14.79819124, 56.87397355], [14.79838779, 56.8746556], [14.79882067, 56.87660123], [14.79894701, 56.87660439], [14.80120432, 56.87666145], [14.8013887, 56.87666605], [14.80157294, 56.87667218], [14.80175703, 56.87667993], [14.80205322, 56.87669962], [14.80234857, 56.87672308], [14.80264282, 56.87675013], [14.80287909, 56.87676712], [14.80311619, 56.8767798], [14.80321967, 56.87678356], [14.80335412, 56.87678844], [14.80380215, 56.87679929], [14.80379788, 56.87686629], [14.80469403, 56.87684524]]]}, "properties": {"deso": "0780C1120", "pop": 1705.0, "income": 462.9, "male_frac": 0.4959, "child_frac": 0.0856, "elder_frac": 0.2446, "dependency": 0.493, "needZ": -0.8435, "needZ_v1": -1.2297, "regso": "0780R014", "higher_ed": 78.0, "neet": 7.9, "income_support": 0.1}}, {"type": "Feature", "geometry": {"type": "Polygon", "coordinates": [[[15.02557976, 56.79288463], [15.02560769, 56.79287088], [15.0256406, 56.79282614], [15.02565558, 56.79282668], [15.02678191, 56.79127517], [15.02715299, 56.79091823], [15.02796453, 56.79040384], [15.02957624, 56.78993443], [15.03119179, 56.78926506], [15.03119449, 56.78926335], [15.03208281, 56.7886819], [15.03273524, 56.78832308], [15.03274347, 56.78832155], [15.03303699, 56.7882666], [15.03340907, 56.78791889], [15.0336328, 56.78770991], [15.03487584, 56.78766062], [15.04020454, 56.78744938], [15.04055842, 56.78743534], [15.0414906, 56.78774563], [15.0429713, 56.78792666], [15.04313477, 56.7879398], [15.04313733, 56.78793971], [15.04313868, 56.7879398], [15.04341699, 56.78793], [15.04387621, 56.7878561], [15.04413247, 56.78781496], [15.05430575, 56.78776326], [15.05443869, 56.78776257], [15.05455844, 56.78387413], [15.05465966, 56.78044576], [15.05484085, 56.77430613], [15.05492439, 56.76767029], [15.05678653, 56.76552357], [15.05940588, 56.76553923], [15.06601472, 56.76543756], [15.06612182, 56.76527816], [15.07673877, 56.74257811], [15.1016414, 56.73452101], [15.12102317, 56.72815796], [15.13245441, 56.71987943], [15.14094225, 56.70437664], [15.13365897, 56.70204977], [15.13238466, 56.70163382], [15.12938437, 56.70037849], [15.12769283, 56.69967568], [15.11800082, 56.69562937], [15.11708614, 56.69556583], [15.11734198, 56.69496738], [15.11755066, 56.69461625], [15.11753559, 56.69401599], [15.11686477, 56.693865], [15.10165224, 56.69023852], [15.1009796, 56.69006149], [15.09796915, 56.68932009], [15.09709388, 56.68912002], [15.09594987, 56.68884686], [15.09164419, 56.68776219], [15.09271682, 56.68695193], [15.09272685, 56.6868153], [15.09275436, 56.68672888], [15.09280754, 56.68662078], [15.09291602, 56.68650681], [15.09304769, 56.68640719], [15.09318613, 56.68631996], [15.09345174, 56.68622302], [15.09382856, 56.68613597], [15.09415728, 56.68608704], [15.09443948, 56.68600248], [15.0946438, 56.68594547], [15.09485657, 56.68582001], [15.09511068, 56.68564942], [15.09526431, 56.68550649], [15.09542086, 56.68534909], [15.09563397, 56.68509438], [15.09576795, 56.68495335], [15.09610227, 56.68457207], [15.0960816, 56.68422546], [15.09617518, 56.68402724], [15.09633235, 56.68390218], [15.09645018, 56.68376664], [15.09652563, 56.68363859], [15.09662243, 56.68343857], [15.09668683, 56.68325304], [15.0967569, 56.6830208], [15.09688492, 56.68276309], [15.09692672, 56.68258494], [15.09701309, 56.68235799], [15.09708025, 56.68214739], [15.09711958, 56.68200338], [15.09710087, 56.68189929], [15.09709766, 56.68175019], [15.09708111, 56.68159409], [15.09710048, 56.68143402], [15.09714138, 56.68121814], [15.0971981, 56.68097891], [15.09730412, 56.68075714], [15.09734623, 56.68059166], [15.0974332, 56.68039524], [15.09748958, 56.68028705], [15.09751018, 56.68018275], [15.09755613, 56.68004942], [15.09756705, 56.67995241], [15.09757167, 56.67986609], [15.09762529, 56.67978314], [15.09769855, 56.6796982], [15.09786491, 56.67954618], [15.09802097, 56.67936902], [15.09808673, 56.67924645], [15.09816554, 56.67911831], [15.0982657, 56.67892367], [15.09883739, 56.67835564], [15.1011679, 56.67834874], [15.10268106, 56.67828086], [15.10437314, 56.67818666], [15.10459921, 56.67822465], [15.10576575, 56.67813213], [15.10610052, 56.67777239], [15.10633286, 56.67750847], [15.10643144, 56.67738928], [15.1065139, 56.67728269], [15.10675468, 56.67681397], [15.10701402, 56.67629835], [15.10728318, 56.67578273], [15.10742751, 56.67552302], [15.10752117, 56.67533378], [15.10780076, 56.67484679], [15.10783715, 56.67472263], [15.10786937, 56.67455715], [15.10789621, 56.67429646], [15.10795131, 56.67398707], [15.10799995, 56.67368137], [15.10802896, 56.67352128], [15.10807716, 56.67334124], [15.10826032, 56.67306694], [15.10890775, 56.67224864], [15.10903687, 56.67204122], [15.10902606, 56.67155808], [15.10775741, 56.67102062], [15.10729625, 56.67038966], [15.10687397, 56.66989502], [15.10642776, 56.66935369], [15.10598462, 56.66865795], [15.10612338, 56.66785941], [15.10598903, 56.66739865], [15.10561283, 56.66619042], [15.10559054, 56.66562645], [15.10568369, 56.66453899], [15.10529253, 56.66441411], [15.10522987, 56.66379835], [15.10511517, 56.66289906], [15.10455823, 56.66119454], [15.10454549, 56.66033406], [15.10446228, 56.66025742], [15.10454977, 56.65993884], [15.10465, 56.65916746], [15.10461684, 56.65885149], [15.10454271, 56.65830948], [15.10441791, 56.65797805], [15.10402897, 56.65721903], [15.10360459, 56.65662368], [15.10330208, 56.65622333], [15.10320032, 56.6560462], [15.10313971, 56.65581846], [15.10308798, 56.65554392], [15.10255633, 56.65540387], [15.1022417, 56.65533775], [15.10206872, 56.65533359], [15.10188332, 56.65535997], [15.10165954, 56.65542078], [15.10148517, 56.65549745], [15.10135041, 56.65560076], [15.10116852, 56.65563432], [15.10079111, 56.65568008], [15.10038438, 56.65573134], [15.10015737, 56.65579215], [15.09994956, 56.65583849], [15.09976783, 56.65588103], [15.09717743, 56.65616997], [15.09691636, 56.6561664], [15.09673295, 56.65613349], [15.09645715, 56.65605097], [15.09618398, 56.65594681], [15.09591463, 56.65586241], [15.09580352, 56.65585603], [15.09562055, 56.65583928], [15.0954628, 56.65579], [15.09492672, 56.65559074], [15.09406884, 56.65530189], [15.09377432, 56.6552608], [15.09358447, 56.65523148], [15.09339553, 56.65524177], [15.09317759, 56.65527562], [15.09285955, 56.65535139], [15.09260568, 56.65537467], [15.09235136, 56.65538357], [15.09206726, 56.65536572], [15.09198194, 56.65534477], [15.09186131, 56.65535276], [15.09166653, 56.65539359], [15.09149094, 56.65542175], [15.09130139, 56.65540509], [15.09100688, 56.65536578], [15.09080337, 56.65530602], [15.09053989, 56.65519466], [15.0902141, 56.65506214], [15.08997806, 56.65500805], [15.08955466, 56.6548959], [15.08951417, 56.65483333], [15.08948949, 56.6547508], [15.08953327, 56.65466427], [15.08956062, 56.65457254], [15.08965013, 56.6544875], [15.08995587, 56.65444588], [15.09055522, 56.65440772], [15.09183692, 56.65439007], [15.09315104, 56.65317929], [15.09314754, 56.65301761], [15.09304555, 56.65283508], [15.09289138, 56.65264935], [15.09274266, 56.65211323], [15.09269683, 56.65196084], [15.09269441, 56.65184946], [15.09285229, 56.65146392], [15.0932954, 56.65069741], [15.09354189, 56.6506347], [15.09368109, 56.6505852], [15.09376489, 56.65053978], [15.09403413, 56.65032777], [15.09414708, 56.65026769], [15.09509032, 56.65000083], [15.09661946, 56.64967782], [15.09768404, 56.64943699], [15.09917939, 56.64891304], [15.10139689, 56.64801403], [15.101367, 56.64754536], [15.1011137, 56.64715906], [15.10104819, 56.64684869], [15.10106692, 56.64666535], [15.10113356, 56.64629298], [15.10107778, 56.64554428], [15.10104355, 56.64526756], [15.10113745, 56.64483014], [15.1013723, 56.64446079], [15.10142502, 56.64271119], [15.1009141, 56.64195441], [15.10084803, 56.64143071], [15.1023329, 56.64029891], [15.10291483, 56.64007002], [15.10341335, 56.63982619], [15.10378916, 56.63959808], [15.10309302, 56.63900458], [15.10315117, 56.63834317], [15.10313088, 56.63785312], [15.10239328, 56.63677937], [15.10233448, 56.63650915], [15.10158981, 56.6355395], [15.09988375, 56.63374525], [15.10009089, 56.63242138], [15.1002021, 56.63213691], [15.10039877, 56.6317383], [15.10107262, 56.63094616], [15.10061225, 56.63023487], [15.10049559, 56.63003412], [15.10012976, 56.6296904], [15.099323, 56.62900759], [15.09924841, 56.62890435], [15.0986607, 56.62866059], [15.09746087, 56.62766613], [15.09699741, 56.62586403], [15.09704487, 56.6250865], [15.09719948, 56.62458867], [15.09835109, 56.62273797], [15.09895556, 56.62187502], [15.09926298, 56.62129623], [15.0995981, 56.62103575], [15.09943391, 56.62089019], [15.09931528, 56.62074513], [15.09898728, 56.62043955], [15.09921279, 56.61978438], [15.09952477, 56.61752726], [15.09989747, 56.6173122], [15.10012514, 56.61723207], [15.10055811, 56.61715241], [15.10051818, 56.61699202], [15.10053336, 56.61684129], [15.10094994, 56.61630857], [15.10112114, 56.6161667], [15.10103936, 56.61507866], [15.10115275, 56.61482473], [15.10150962, 56.61368046], [15.10099771, 56.61341599], [15.10032784, 56.61310844], [15.09900439, 56.61239658], [15.09836869, 56.61204265], [15.09800124, 56.61192895], [15.09775775, 56.61190651], [15.09737824, 56.61186091], [15.09577203, 56.61185919], [15.09425071, 56.61185308], [15.09280905, 56.61189988], [15.09089876, 56.61192886], [15.08941015, 56.61200926], [15.08867798, 56.61189499], [15.08800155, 56.61195035], [15.08730317, 56.61198201], [15.08647523, 56.61199256], [15.08570094, 56.61196049], [15.08462596, 56.61173658], [15.08435839, 56.61169742], [15.08403349, 56.61167042], [15.08348966, 56.61148458], [15.0834085, 56.61147647], [15.08252318, 56.61171994], [15.08203079, 56.61164427], [15.08057712, 56.61148058], [15.07958542, 56.61142274], [15.07936453, 56.61140582], [15.07893158, 56.6110362], [15.07783368, 56.61067698], [15.0770093, 56.6107701], [15.07584279, 56.61068324], [15.07462403, 56.61060116], [15.07407542, 56.61054822], [15.07255922, 56.61073011], [15.07165041, 56.61072704], [15.07045221, 56.61085258], [15.06955881, 56.61098], [15.06886072, 56.61109491], [15.06867894, 56.61101183], [15.06828911, 56.61087606], [15.06760859, 56.61067837], [15.06719478, 56.61050012], [15.06675427, 56.61018696], [15.06602532, 56.60978414], [15.06563089, 56.60961854], [15.0652973, 56.60951614], [15.06400411, 56.6091498], [15.06304144, 56.60889133], [15.06248671, 56.60876613], [15.06209356, 56.6087083], [15.06167995, 56.60870608], [15.06030035, 56.60861954], [15.05937446, 56.60848507], [15.05832846, 56.60833754], [15.05832833, 56.60833745], [15.05739438, 56.60916955], [15.0573054, 56.60940447], [15.05713352, 56.60989399], [15.0570684, 56.61017975], [15.05694152, 56.61094033], [15.05679419, 56.61168682], [15.0566347, 56.61238841], [15.0564067, 56.6129172], [15.05618591, 56.61350824], [15.0560306, 56.61405237], [15.05584651, 56.6144933], [15.05564813, 56.61535451], [15.05557464, 56.61563084], [15.05559845, 56.61628491], [15.05570331, 56.61678311], [15.05605887, 56.61799052], [15.05659444, 56.61969483], [15.05470341, 56.61958205], [15.05430556, 56.61959965], [15.05431038, 56.61995669], [15.05402303, 56.62104816], [15.05339872, 56.62152143], [15.05246947, 56.62198522], [15.05192898, 56.62236341], [15.05113819, 56.62288983], [15.05048982, 56.62321408], [15.05028868, 56.62323707], [15.0500898, 56.62324317], [15.04919377, 56.62358314], [15.04802309, 56.62269418], [15.04714886, 56.62242388], [15.045881, 56.62221471], [15.04549965, 56.62212359], [15.04459216, 56.62221374], [15.04401007, 56.62214227], [15.04342585, 56.62219646], [15.04329809, 56.62258022], [15.04332017, 56.62296483], [15.04367249, 56.62363514], [15.04382537, 56.62394003], [15.04398292, 56.62456119], [15.04427451, 56.62521948], [15.0445175, 56.62568799], [15.04460973, 56.6259506], [15.04462649, 56.62625815], [15.04443585, 56.62688634], [15.04437859, 56.6275655], [15.04431607, 56.62789293], [15.04447625, 56.62821542], [15.04471763, 56.62855091], [15.04428697, 56.62909467], [15.0442292, 56.62922367], [15.04431514, 56.62950263], [15.04446611, 56.63135749], [15.04374294, 56.63133726], [15.04354145, 56.63144422], [15.04207525, 56.6319092], [15.04082105, 56.6323016], [15.04061635, 56.63231981], [15.04026997, 56.63232253], [15.03629362, 56.63212713], [15.03596768, 56.6321424], [15.03493262, 56.63236788], [15.03515265, 56.63264618], [15.03477648, 56.63300988], [15.03445027, 56.63318378], [15.03388397, 56.6334966], [15.03331391, 56.63382012], [15.03273184, 56.63378955], [15.0322751, 56.63413073], [15.03170027, 56.63440743], [15.0314258, 56.63475619], [15.03130417, 56.63494701], [15.03102238, 56.63523091], [15.03056969, 56.63580032], [15.0301177, 56.63643071], [15.02994732, 56.63686342], [15.02988158, 56.63736931], [15.02995955, 56.63753915], [15.02979865, 56.63773302], [15.02972817, 56.63803035], [15.02968028, 56.63849878], [15.0296956, 56.6391799], [15.02976836, 56.63972519], [15.0299245, 56.64047094], [15.02999622, 56.64071623], [15.0302535, 56.6414933], [15.02994655, 56.64149176], [15.0220821, 56.64077815], [15.02166291, 56.64080616], [15.02117541, 56.64080885], [15.02080312, 56.64079885], [15.02034238, 56.6407947], [15.01936591, 56.64082711], [15.01575622, 56.64129182], [15.01454207, 56.64141322], [15.01369993, 56.64339164], [15.00877792, 56.6433946], [15.00751941, 56.64404895], [15.0050893, 56.6426403], [14.99929299, 56.64578444], [14.99874465, 56.64563775], [14.99650226, 56.64508665], [14.99651338, 56.64545223], [14.99660101, 56.64595748], [14.99651035, 56.64624616], [14.99701508, 56.6469264], [14.99681738, 56.64735089], [14.9961675, 56.64724632], [14.99601097, 56.64724721], [14.99576261, 56.64727801], [14.99556802, 56.64739001], [14.99530013, 56.64758061], [14.99513068, 56.64773761], [14.99511506, 56.64786147], [14.99504707, 56.64848618], [14.99481535, 56.64865899], [14.99460567, 56.64887141], [14.99453438, 56.64901287], [14.99433991, 56.64912128], [14.99416131, 56.64924594], [14.9940962, 56.64939998], [14.99414472, 56.64958538], [14.9942453, 56.64960927], [14.9939244, 56.64983543], [14.99375605, 56.64977515], [14.99348211, 56.6497825], [14.99290341, 56.65002149], [14.99286761, 56.65018289], [14.9925471, 56.65039108], [14.99258216, 56.65058887], [14.99269658, 56.6507387], [14.99560837, 56.6507242], [15.00586108, 56.65057755], [15.00591371, 56.65088581], [15.00601869, 56.65140022], [14.99484307, 56.65149169], [14.99509198, 56.65159922], [14.99532272, 56.65195986], [14.99551178, 56.65212442], [14.99577845, 56.65232006], [14.99596739, 56.65248822], [14.99596116, 56.65279711], [14.99586336, 56.65312343], [14.99569802, 56.65355897], [14.99551412, 56.65394942], [14.99519613, 56.65435342], [14.99484678, 56.65485964], [14.99470268, 56.65521443], [14.99451513, 56.65562096], [14.9943981, 56.65576934], [14.99427178, 56.65588718], [14.99429235, 56.65600045], [14.9941643, 56.65604095], [14.99388848, 56.65661768], [14.99367132, 56.65703669], [14.99354297, 56.65726043], [14.99338219, 56.65746961], [14.9932326, 56.65761062], [14.99331113, 56.65775479], [14.99345166, 56.65790291], [14.99377418, 56.65807907], [14.99396544, 56.65813594], [14.9941516, 56.65812086], [14.99400187, 56.65826726], [14.99364324, 56.65842497], [14.99330963, 56.65863486], [14.99280234, 56.65888687], [14.99217157, 56.6591201], [14.99117725, 56.65974456], [14.99091198, 56.65979682], [14.99045085, 56.65986047], [14.98990807, 56.65990687], [14.98814334, 56.66003084], [14.98794722, 56.66003585], [14.98779871, 56.66005982], [14.98762758, 56.66013184], [14.98740558, 56.66028012], [14.98732539, 56.66035762], [14.98728041, 56.66049334], [14.98721526, 56.66063947], [14.98714204, 56.66076018], [14.9869293, 56.66094043], [14.98682986, 56.66105378], [14.9867206, 56.66112931], [14.98626907, 56.66137205], [14.98601947, 56.66153136], [14.98556483, 56.66180508], [14.98535559, 56.66195901], [14.98517809, 56.66212444], [14.98499371, 56.66234538], [14.98489423, 56.66251594], [14.98487421, 56.66276906], [14.98489202, 56.66299065], [14.98492817, 56.66308488], [14.98491603, 56.66316913], [14.98488623, 56.66332317], [14.98484658, 56.66357583], [14.98479742, 56.66372592], [14.98470951, 56.66386971], [14.98435405, 56.66430656], [14.98363757, 56.66516758], [14.98340015, 56.6654001], [14.98316487, 56.66564878], [14.98298507, 56.66580155], [14.9828548, 56.66589422], [14.98263317, 56.66598859], [14.98235905, 56.66613398], [14.98219085, 56.66621147], [14.98208843, 56.66627765], [14.98197389, 56.66637967], [14.98186057, 56.66646544], [14.98178721, 56.66653764], [14.98147164, 56.66671823], [14.98129252, 56.66680982], [14.98106549, 56.66693643], [14.98090694, 56.6670627], [14.98085281, 56.66713886], [14.9808147, 56.66722256], [14.98081519, 56.66731248], [14.98080421, 56.66747766], [14.98078736, 56.66753307], [14.98074374, 56.66760052], [14.98065315, 56.66768674], [14.98048032, 56.66783069], [14.98041382, 56.66789949], [14.98038002, 56.66796532], [14.9803174, 56.66807193], [14.98024748, 56.66823943], [14.98020852, 56.66838251], [14.9801748, 56.66854544], [14.98018145, 56.66869123], [14.976893, 56.67511845], [14.97094333, 56.67685381], [14.96482671, 56.68920633], [14.96459145, 56.68958738], [14.96389701, 56.69021709], [14.96288941, 56.69113046], [14.96228992, 56.69167388], [14.96212579, 56.69182266], [14.96181896, 56.69210083], [14.96176937, 56.69214573], [14.95991118, 56.69293853], [14.95936231, 56.69342438], [14.95930328, 56.69347654], [14.95909682, 56.69353486], [14.95797456, 56.69421964], [14.95787198, 56.69432515], [14.95787292, 56.69432667], [14.95787252, 56.69432703], [14.95799, 56.69449854], [14.95812515, 56.69464464], [14.9581732, 56.69465642], [14.95892576, 56.69484044], [14.95892361, 56.69484251], [14.95892576, 56.69484305], [14.95759845, 56.69607746], [14.95753308, 56.69614004], [14.95753267, 56.69614049], [14.95754935, 56.69615352], [14.95700251, 56.69703044], [14.95677344, 56.69741659], [14.9564278, 56.69799914], [14.95563691, 56.69933252], [14.94711681, 56.7038109], [14.94566221, 56.70457546], [14.94230507, 56.70589072], [14.93993704, 56.70672943], [14.93812425, 56.70737148], [14.93494195, 56.70877439], [14.93490327, 56.70879144], [14.93484601, 56.70880335], [14.93404122, 56.70897134], [14.92596639, 56.71065732], [14.92467021, 56.710927], [14.92153367, 56.7115795], [14.92292452, 56.7124572], [14.92442925, 56.7134069], [14.93093257, 56.71751027], [14.93119836, 56.71744296], [14.93126683, 56.71742557], [14.93110176, 56.71825641], [14.91800072, 56.71650398], [14.91543817, 56.7239405], [14.91544312, 56.72395335], [14.91543274, 56.72395658], [14.91498037, 56.72409307], [14.91310861, 56.72428884], [14.91237101, 56.72446482], [14.91150552, 56.72487739], [14.90973664, 56.72541127], [14.90896081, 56.72572894], [14.90859869, 56.72613682], [14.90763514, 56.7261159], [14.90746113, 56.7264623], [14.90742646, 56.7265317], [14.90717938, 56.72667415], [14.90711177, 56.72682473], [14.90712967, 56.7269434], [14.90725716, 56.72715781], [14.90715728, 56.72727576], [14.90698622, 56.72735629], [14.90692267, 56.72738615], [14.90676459, 56.72739124], [14.9066177, 56.72739589], [14.90639886, 56.72744818], [14.90625556, 56.72752496], [14.90600231, 56.72764881], [14.90572784, 56.72774849], [14.90553099, 56.72778885], [14.90521403, 56.72784636], [14.90494015, 56.72792223], [14.90469811, 56.72803414], [14.9044567, 56.72811022], [14.90421631, 56.72815629], [14.90396426, 56.72823226], [14.90376561, 56.72834447], [14.90364188, 56.72851109], [14.90363916, 56.72862471], [14.90376734, 56.72872136], [14.90385258, 56.72879975], [14.90395786, 56.72894409], [14.90395545, 56.72904576], [14.90379104, 56.72909845], [14.90358538, 56.72904907], [14.90334787, 56.72896957], [14.90318738, 56.72886077], [14.9030703, 56.72874624], [14.90312836, 56.7285971], [14.90332778, 56.72844905], [14.90343879, 56.7283541], [14.90339812, 56.72824009], [14.90328057, 56.72814955], [14.90314028, 56.72810067], [14.90282484, 56.72809234], [14.90176883, 56.72810867], [14.90161673, 56.72809561], [14.90144428, 56.72802856], [14.90114247, 56.7279067], [14.9009168, 56.72778536], [14.90079896, 56.72770676], [14.90064972, 56.72757999], [14.90046667, 56.72749497], [14.90030514, 56.72742801], [14.90014453, 56.72731911], [14.9000282, 56.72718069], [14.89996707, 56.72701277], [14.89992704, 56.72686283], [14.89986577, 56.7266949], [14.89981391, 56.7265869], [14.8996762, 56.72643032], [14.89954789, 56.72633968], [14.8992793, 56.72620015], [14.89903289, 56.72603082], [14.89878585, 56.72589741], [14.89854912, 56.725788], [14.89845374, 56.7256796], [14.89846707, 56.72558395], [14.89867558, 56.7255137], [14.89890412, 56.72550939], [14.89918635, 56.7255354], [14.89938302, 56.7255069], [14.89947562, 56.72544635], [14.89948251, 56.72544187], [14.89948523, 56.72532815], [14.89943261, 56.72525599], [14.89912083, 56.72509217], [14.89873988, 56.72510147], [14.89831405, 56.72516409], [14.89811705, 56.72521055], [14.8979119, 56.72518712], [14.89721332, 56.72550064], [14.89706206, 56.72538106], [14.89693436, 56.72521865], [14.89687086, 56.72513021], [14.89684322, 56.72503839], [14.8968196, 56.72490714], [14.89684551, 56.72474567], [14.89687108, 56.72460745], [14.8969084, 56.72451174], [14.89704372, 56.7242996], [14.89719432, 56.7241191], [14.8974929, 56.72387494], [14.89776191, 56.72365214], [14.89798206, 56.72341286], [14.89812329, 56.72320531], [14.89811318, 56.7230544], [14.89808585, 56.72294641], [14.89797892, 56.72273022], [14.89784676, 56.72247601], [14.8976911, 56.72224154], [14.89757185, 56.72199461], [14.89744093, 56.72183211], [14.89725878, 56.72162806], [14.89709312, 56.72140787], [14.89699738, 56.72129039], [14.89684288, 56.72117628], [14.89668566, 56.72102256], [14.89661928, 56.72090906], [14.89663407, 56.72082473], [14.89659063, 56.72069832], [14.89656282, 56.72061763], [14.89649764, 56.72050917], [14.89643394, 56.72040294], [14.89636352, 56.72028585], [14.89620167, 56.72020398], [14.89603382, 56.72009875], [14.89590388, 56.72007277], [14.89571999, 56.72011465], [14.89547495, 56.72029634], [14.8953133, 56.7203862], [14.89512884, 56.7203909], [14.89491327, 56.72034167], [14.89473127, 56.72023894], [14.89435536, 56.72009913], [14.89427013, 56.72003295], [14.89372513, 56.71970707], [14.89357988, 56.71956709], [14.89331104, 56.71935237], [14.89313022, 56.71921389], [14.89300116, 56.71916528], [14.89286024, 56.71916426], [14.89264178, 56.71923413], [14.89243517, 56.71926243], [14.89219731, 56.71923689], [14.89195963, 56.71919941], [14.89178594, 56.71920995], [14.89156033, 56.7191899], [14.89143288, 56.71946931], [14.89130787, 56.71974334], [14.89038578, 56.72178784], [14.8903272, 56.72191749], [14.8901267, 56.72164228], [14.89004684, 56.72149113], [14.8900233, 56.72129404], [14.89007286, 56.72097864], [14.89013895, 56.7205851], [14.89022899, 56.71992491], [14.89025172, 56.71975328], [14.89031799, 56.71975675], [14.89034275, 56.71949109], [14.88829036, 56.71988375], [14.88677669, 56.7201091], [14.88661305, 56.72013347], [14.88646261, 56.72016172], [14.88280662, 56.7208469], [14.88246245, 56.72091142], [14.88197845, 56.72092633], [14.87831782, 56.72103912], [14.87278459, 56.72120938], [14.87129476, 56.72084156], [14.86755179, 56.71991752], [14.86223562, 56.71941451], [14.85905935, 56.71911383], [14.85160246, 56.71866146], [14.85160205, 56.71866146], [14.85217299, 56.72017948], [14.85363413, 56.7240637], [14.8536404, 56.72408033], [14.8534818, 56.72446305], [14.85260604, 56.72657738], [14.85205496, 56.72652885], [14.85200847, 56.72669991], [14.85192548, 56.72700493], [14.85191358, 56.72704884], [14.85222272, 56.72711379], [14.85232679, 56.7271378], [14.85244416, 56.72731103], [14.85248926, 56.72749449], [14.85245721, 56.7276273], [14.85241128, 56.72779216], [14.85232661, 56.72794071], [14.85231268, 56.72795408], [14.85224667, 56.72801741], [14.85219966, 56.72808185], [14.85212958, 56.72815137], [14.85201366, 56.72822785], [14.85188146, 56.72829695], [14.85177772, 56.72832386], [14.85122465, 56.72846683], [14.85100627, 56.72851857], [14.85095218, 56.72853144], [14.85095654, 56.72879193], [14.85054438, 56.72897601], [14.84998829, 56.72919684], [14.8499482, 56.72921269], [14.85015162, 56.72936662], [14.85036001, 56.72952442], [14.85060001, 56.72976498], [14.85058509, 56.72985819], [14.8505768, 56.72990866], [14.85057031, 56.72994799], [14.85063982, 56.73005802], [14.85075291, 56.73011986], [14.85087244, 56.73018899], [14.85096412, 56.73024829], [14.85100135, 56.73027249], [14.8510783, 56.73034121], [14.85109345, 56.7303618], [14.85114197, 56.73042787], [14.85121535, 56.73051284], [14.85134459, 56.73058207], [14.85135104, 56.73058549], [14.85141589, 56.73061296], [14.85158485, 56.73065717], [14.85174519, 56.73080386], [14.85189925, 56.7309359], [14.85186743, 56.73104059], [14.85186443, 56.73105074], [14.85185261, 56.73114225], [14.85185773, 56.73121052], [14.85193804, 56.73128472], [14.85204471, 56.73133389], [14.85210794, 56.73132813], [14.85218695, 56.73132076], [14.85220838, 56.73131881], [14.85231023, 56.73129432], [14.85238854, 56.73129127], [14.85248923, 56.73132247], [14.85253081, 56.73137309], [14.85253681, 56.73138836], [14.85255563, 56.73143617], [14.85249774, 56.73159347], [14.85247253, 56.73166197], [14.85249411, 56.73172676], [14.85255405, 56.73183847], [14.85267636, 56.73192377], [14.85276674, 56.73197283], [14.85288695, 56.73200782], [14.8530136, 56.7320518], [14.85303256, 56.73206251], [14.85310074, 56.73210086], [14.85315225, 56.73340718], [14.85316598, 56.73368806], [14.85319821, 56.7339961], [14.85320563, 56.73413111], [14.85330151, 56.7341861], [14.85331752, 56.73419528], [14.85334773, 56.73425846], [14.85329597, 56.73432972], [14.8533769, 56.73434849], [14.85357269, 56.73435986], [14.85356985, 56.73443154], [14.85345347, 56.73448412], [14.85330328, 56.73456317], [14.85323491, 56.73464321], [14.85314904, 56.73474981], [14.8529188, 56.73479212], [14.85265524, 56.734843], [14.85252169, 56.73490707], [14.85245241, 56.7350092], [14.85243825, 56.73504574], [14.85235469, 56.73518424], [14.85229889, 56.73528647], [14.85227201, 56.73536872], [14.85221341, 56.73549835], [14.85216836, 56.73560932], [14.85214441, 56.73580644], [14.85215227, 56.73582927], [14.85221513, 56.73595275], [14.8522904, 56.73614389], [14.8523494, 56.73629109], [14.85209491, 56.73646531], [14.85204234, 56.73650135], [14.85181097, 56.73669141], [14.85162952, 56.73686877], [14.85141368, 56.73715198], [14.85134208, 56.73733073], [14.85126997, 56.73756876], [14.85122886, 56.73770317], [14.85126451, 56.73782438], [14.85128087, 56.73787982], [14.85129813, 56.73794739], [14.85129669, 56.73800442], [14.85121833, 56.73811786], [14.85116524, 56.73821615], [14.85112912, 56.73828311], [14.85113224, 56.73834671], [14.85113535, 56.73841273], [14.85118749, 56.73858947], [14.85116543, 56.73871367], [14.85099098, 56.73902469], [14.85098377, 56.73921312], [14.85097655, 56.73940156], [14.85096157, 56.73944205], [14.85094004, 56.73949987], [14.85095965, 56.73951588], [14.85105102, 56.7395909], [14.85118028, 56.73962824], [14.85126437, 56.73956636], [14.85141068, 56.73958603], [14.85152228, 56.73965909], [14.85168084, 56.73978665], [14.85175982, 56.73985932], [14.85193604, 56.73995114], [14.85215493, 56.74002631], [14.85233892, 56.74009938], [14.85253115, 56.74020038], [14.85272339, 56.7403013], [14.85304594, 56.7404127], [14.85325418, 56.74052279], [14.85334707, 56.74065853], [14.85334287, 56.74080349], [14.85328927, 56.74089334], [14.85320121, 56.74104099], [14.8532634, 56.74113331], [14.85331307, 56.74118484], [14.85342062, 56.7412967], [14.85359384, 56.74146927], [14.85379834, 56.74157505], [14.85436351, 56.74187239], [14.85436768, 56.74187464], [14.85523771, 56.74233338], [14.85523785, 56.74233347], [14.85516683, 56.74281707], [14.85516669, 56.74281743], [14.8552728, 56.74327042], [14.85609168, 56.74343826], [14.85625405, 56.74398833], [14.85625405, 56.74398842], [14.85617493, 56.74479536], [14.85577584, 56.74663343], [14.85577434, 56.74663837], [14.85540865, 56.74784522], [14.85541921, 56.74797251], [14.85541986, 56.74798006], [14.85545009, 56.74804324], [14.85562531, 56.74816182], [14.85580054, 56.74828059], [14.85578004, 56.74838808], [14.8557766, 56.7484779], [14.85591173, 56.74857524], [14.85601716, 56.7486818], [14.85612241, 56.74880147], [14.85617779, 56.74898692], [14.85619875, 56.7491126], [14.85622934, 56.7493309], [14.85625754, 56.74964162], [14.85631165, 56.74987989], [14.85621705, 56.75028882], [14.85615693, 56.75056441], [14.85610394, 56.75059992], [14.85610039, 56.75061195], [14.85606652, 56.75072518], [14.85591253, 56.75090293], [14.85567382, 56.75116053], [14.85540129, 56.75144459], [14.8551292, 56.75171975], [14.85487464, 56.75195918], [14.85480427, 56.75209302], [14.85478032, 56.75229024], [14.85478088, 56.75231907], [14.85479332, 56.75297612], [14.85479658, 56.75314319], [14.85478069, 56.7535559], [14.85475059, 56.75370398], [14.85474056, 56.75375292], [14.8546033, 56.75392189], [14.85449838, 56.75410024], [14.85450469, 56.75417713], [14.85450945, 56.75423498], [14.85456207, 56.75433385], [14.8545622, 56.7543343], [14.85402379, 56.75515409], [14.85348364, 56.75596507], [14.85326063, 56.75637106], [14.85296893, 56.75647473], [14.85267646, 56.75660004], [14.85251212, 56.75668931], [14.85236321, 56.75686842], [14.85225196, 56.75700391], [14.85221004, 56.7571359], [14.85214553, 56.75738849], [14.85216009, 56.75755907], [14.85212163, 56.75766816], [14.8521215, 56.75766852], [14.85219108, 56.75773875], [14.85225522, 56.75785568], [14.85236084, 56.75795353], [14.85250438, 56.75804694], [14.85326599, 56.75838565], [14.85333559, 56.75841663], [14.85401159, 56.75871724], [14.85438183, 56.75888267], [14.85479261, 56.7590663], [14.85479288, 56.75906648], [14.85477643, 56.75927394], [14.854774, 56.75934454], [14.854774, 56.75934472], [14.85494029, 56.75966009], [14.85530422, 56.76020779], [14.85530449, 56.76020824], [14.85525421, 56.76034264], [14.85525421, 56.76034273], [14.85526925, 56.76039421], [14.85526978, 56.76039601], [14.85527005, 56.76039664], [14.85516768, 56.76081769], [14.85516754, 56.76081814], [14.85521602, 56.76087226], [14.85539418, 56.76101627], [14.85539431, 56.76101636], [14.85532529, 56.76139317], [14.85516118, 56.76145549], [14.85514356, 56.76158122], [14.85498381, 56.76177253], [14.85491185, 56.76185885], [14.85485862, 56.76191601], [14.85376417, 56.76220548], [14.85374014, 56.76221066], [14.85349338, 56.76226372], [14.85326965, 56.76232301], [14.85324804, 56.76232873], [14.85324439, 56.76233295], [14.85310469, 56.76249473], [14.85304138, 56.76254226], [14.85296427, 56.76260028], [14.85296346, 56.76260082], [14.85294263, 56.76261589], [14.85284649, 56.76274565], [14.85284311, 56.76275032], [14.85262481, 56.76290186], [14.85254451, 56.76298242], [14.85239333, 56.763115], [14.8523215, 56.76320042], [14.85218818, 56.76331883], [14.85201859, 56.76346602], [14.85197315, 56.76356531], [14.85197315, 56.76356558], [14.85196229, 56.76365098], [14.85196229, 56.76365143], [14.85191809, 56.76370815], [14.85183529, 56.76380658], [14.85170328, 56.7639319], [14.85148942, 56.76411865], [14.85126583, 56.76424243], [14.85123498, 56.76430033], [14.85123498, 56.76430042], [14.85121134, 56.76444634], [14.85116749, 56.76462018], [14.85116735, 56.76462072], [14.85115907, 56.76463311], [14.85099243, 56.76488566], [14.85095576, 56.76494993], [14.85095413, 56.7649528], [14.85095399, 56.76495307], [14.85096269, 56.76507299], [14.8509444, 56.76539839], [14.85088005, 56.76570693], [14.85086222, 56.76581595], [14.85086487, 56.76586141], [14.85102483, 56.76607061], [14.85105568, 56.76611708], [14.8511887, 56.76631763], [14.85122086, 56.7663703], [14.85122823, 56.76638235], [14.85135964, 56.76644691], [14.85147834, 56.76648082], [14.85157222, 56.76651794], [14.85180886, 56.76661127], [14.85218718, 56.76676468], [14.85233803, 56.76682585], [14.85256237, 56.76695968], [14.8526368, 56.76717533], [14.85271783, 56.76725636], [14.85288088, 56.76730182], [14.85301135, 56.76732919], [14.85315811, 56.76736556], [14.85325546, 56.76744669], [14.853369, 56.76752793], [14.8535649, 56.76755547], [14.85369555, 56.76757386], [14.85384228, 56.7676193], [14.85398877, 56.7676915], [14.85417013, 56.76778055], [14.85417027, 56.76778064], [14.85424904, 56.7678181], [14.85432976, 56.7679081], [14.85436189, 56.76797119], [14.85444313, 56.76803425], [14.85460585, 56.76809767], [14.85467059, 56.76816969], [14.85473462, 56.76828662], [14.85479889, 56.76841254], [14.85496157, 56.76848494], [14.8550173, 56.7685159], [14.85505917, 56.76853913], [14.85517247, 56.76864722], [14.85522045, 56.76876413], [14.85523531, 56.76889888], [14.85524064, 56.76916251], [14.85524302, 56.76928107], [14.85535704, 56.7694145], [14.85559512, 56.76984241], [14.85589961, 56.77033614], [14.85614731, 56.77086277], [14.85629167, 56.77107276], [14.85645602, 56.7713116], [14.85667679, 56.77172296], [14.8569167, 56.77206922], [14.85712874, 56.77229545], [14.85734759, 56.77246888], [14.85769005, 56.77267073], [14.85794783, 56.77279237], [14.85799779, 56.77281596], [14.85840648, 56.77291784], [14.8590432, 56.77304987], [14.860627, 56.77319824], [14.86168946, 56.77328134], [14.8628884, 56.77341604], [14.86342247, 56.77351283], [14.86384627, 56.77369455], [14.86405396, 56.77383211], [14.86415556, 56.7739039], [14.86422312, 56.77395166], [14.86427697, 56.77402268], [14.86434505, 56.77411248], [14.86488611, 56.77527166], [14.86528905, 56.77612359], [14.86540573, 56.77635859], [14.86585064, 56.77725548], [14.86597563, 56.77750755], [14.86627716, 56.77816653], [14.86638227, 56.77839613], [14.86671928, 56.77906224], [14.86688863, 56.77940508], [14.8673892, 56.78041833], [14.86861969, 56.78290917], [14.86837795, 56.78434693], [14.86820001, 56.78540572], [14.86790998, 56.78713166], [14.86785732, 56.78744489], [14.86778646, 56.78786661], [14.86773766, 56.78815659], [14.86764571, 56.78870367], [14.86745242, 56.78985379], [14.86723181, 56.79116573], [14.86696512, 56.79275867], [14.86713489, 56.79273253], [14.8671251, 56.79279234], [14.87245976, 56.79203354], [14.87692088, 56.79126782], [14.88050704, 56.79053496], [14.88486017, 56.78820931], [14.88490935, 56.78819328], [14.88497009, 56.78819316], [14.88495469, 56.78837278], [14.88569009, 56.78821906], [14.88568902, 56.7879946], [14.88606153, 56.78781835], [14.88614588, 56.78777846], [14.88792761, 56.78751546], [14.88825464, 56.78747004], [14.88975867, 56.78727027], [14.89447094, 56.78618708], [14.89897386, 56.78516183], [14.89936169, 56.78507735], [14.9012436, 56.78466748], [14.90130464, 56.78465424], [14.90137559, 56.78472022], [14.90054335, 56.78505378], [14.90054022, 56.78506114], [14.90023805, 56.78577155], [14.90028608, 56.78577752], [14.90065967, 56.78582399], [14.90140376, 56.78591619], [14.90136616, 56.78594706], [14.90131828, 56.78598654], [14.90124623, 56.78608125], [14.90124087, 56.78611924], [14.90125399, 56.78620817], [14.90130295, 56.78647892], [14.90138027, 56.78648545], [14.90151156, 56.7864966], [14.90580043, 56.78681195], [14.90628634, 56.78663851], [14.90666348, 56.78651439], [14.90760825, 56.78623908], [14.90802603, 56.7861034], [14.90834192, 56.78601777], [14.90873526, 56.78599524], [14.90886894, 56.78596974], [14.9094478, 56.78585915], [14.90955365, 56.78584395], [14.91005049, 56.78577255], [14.91037709, 56.7857788], [14.91052609, 56.7857816], [14.91090449, 56.78579687], [14.91113937, 56.78583638], [14.91132946, 56.7858102], [14.91269209, 56.78562245], [14.9154904, 56.7852783], [14.91551254, 56.78527553], [14.91948853, 56.78338566], [14.91966712, 56.78336763], [14.94154565, 56.78115882], [14.94423097, 56.78088934], [14.94841425, 56.78152517], [14.94813597, 56.78202544], [14.94754327, 56.78309118], [14.94789986, 56.78315519], [14.95748579, 56.78487429], [14.95820921, 56.78302676], [14.95857285, 56.78308697], [14.96226527, 56.78369802], [14.96534505, 56.78420756], [14.96551737, 56.78423528], [14.96745551, 56.78454675], [14.96790891, 56.78461962], [14.96841596, 56.78493673], [14.96846992, 56.78497042], [14.9692299, 56.78544567], [14.96958292, 56.78566644], [14.97017676, 56.78566829], [14.97041713, 56.78566907], [14.97102589, 56.7859269], [14.97268099, 56.78662787], [14.97385552, 56.78695471], [14.97429453, 56.78721644], [14.97491735, 56.78751558], [14.97513107, 56.78762116], [14.97536448, 56.78775755], [14.97565872, 56.78797408], [14.97606063, 56.78824011], [14.97615561, 56.78829474], [14.97620149, 56.78831074], [14.97639932, 56.78838371], [14.97649068, 56.78841741], [14.97685481, 56.78845232], [14.97698209, 56.78845405], [14.97700882, 56.78845433], [14.9773735, 56.78847407], [14.97791082, 56.78850434], [14.97826199, 56.78855174], [14.97916998, 56.78876674], [14.98040853, 56.78899428], [14.98050894, 56.78902223], [14.98094986, 56.78910439], [14.98135798, 56.78920433], [14.98170051, 56.7892863], [14.98171671, 56.78929088], [14.98220634, 56.78943143], [14.98241285, 56.78943514], [14.98272343, 56.78944066], [14.98281143, 56.7894422], [14.98306077, 56.7890658], [14.98317792, 56.78879672], [14.98327731, 56.78868023], [14.98331377, 56.78864647], [14.9833929, 56.78857292], [14.98357366, 56.78848366], [14.98385311, 56.78835876], [14.98617632, 56.78824416], [14.98628808, 56.78823869], [14.98891323, 56.78805608], [14.99037518, 56.78778602], [14.99416031, 56.78785066], [14.99670479, 56.78802706], [14.99830285, 56.78819713], [14.99835279, 56.78819991], [15.00320199, 56.78847114], [15.00369262, 56.78850894], [15.00467376, 56.78857357], [15.00506693, 56.78852955], [15.0055585, 56.78847447], [15.0066928, 56.78834741], [15.02512871, 56.79280819], [15.02553523, 56.79290655], [15.02557976, 56.79288463]], [[14.92168279, 56.76025132], [14.92106014, 56.7602238], [14.92044199, 56.76017464], [14.92026885, 56.76015728], [14.91965762, 56.76008674], [14.91905575, 56.7599951], [14.91846566, 56.7598828], [14.9182869, 56.75984388], [14.91771102, 56.75971119], [14.91715164, 56.75955876], [14.91704624, 56.75952896], [14.91650566, 56.7593574], [14.91634421, 56.75930007], [14.91582458, 56.75911002], [14.91532806, 56.75890238], [14.91485639, 56.75867778], [14.91473004, 56.75861042], [14.91428553, 56.75836994], [14.91386951, 56.75811447], [14.91348401, 56.7578451], [14.91338399, 56.75776554], [14.91318287, 56.75760489], [14.91272789, 56.75769988], [14.91264262, 56.75771544], [14.91204589, 56.7578167], [14.91143867, 56.75789693], [14.91082342, 56.75795595], [14.91064874, 56.75796786], [14.91002787, 56.75800541], [14.90940395, 56.75802122], [14.9087794, 56.75801537], [14.90860382, 56.75800833], [14.90798122, 56.75798074], [14.90736312, 56.75793151], [14.90675196, 56.75786091], [14.90658223, 56.75783527], [14.90598042, 56.75774356], [14.90539041, 56.7576312], [14.90481461, 56.75749846], [14.90425531, 56.75734597], [14.9040979, 56.75730255], [14.90355741, 56.75713094], [14.90303787, 56.75694083], [14.90254145, 56.75673314], [14.90240256, 56.75667375], [14.901931, 56.7564491], [14.9014866, 56.75620857], [14.90107069, 56.75595306], [14.90094508, 56.7558732], [14.9005597, 56.7556038], [14.90052175, 56.75557421], [14.90016836, 56.7552919], [14.89984833, 56.75499784], [14.8997535, 56.75490606], [14.89946815, 56.75460152], [14.89921857, 56.75428766], [14.89900583, 56.75396566], [14.89895038, 56.75387391], [14.89877529, 56.7535453], [14.89863864, 56.75321114], [14.89854085, 56.75287298], [14.89851913, 56.75277695], [14.89846071, 56.75243603], [14.89844181, 56.7520938], [14.89846256, 56.7517516], [14.89847536, 56.75165524], [14.89853561, 56.75131442], [14.89863522, 56.75097641], [14.89877366, 56.75064249], [14.89882056, 56.75054929], [14.89899741, 56.75022096], [14.89914335, 56.75000192], [14.89914378, 56.74999285], [14.89916451, 56.74965065], [14.89922475, 56.74930983], [14.89932436, 56.74897182], [14.89936196, 56.74887736], [14.89950038, 56.74854343], [14.89960769, 56.74834421], [14.89943499, 56.74823808], [14.89940525, 56.74821821], [14.89901995, 56.7479488], [14.89866665, 56.74766647], [14.89864055, 56.74764507], [14.89832059, 56.74735101], [14.89829827, 56.74732845], [14.89801299, 56.7470239], [14.89776348, 56.74671005], [14.89774521, 56.74668632], [14.89753252, 56.74636432], [14.89751843, 56.74633979], [14.89734338, 56.74601117], [14.89720678, 56.74567701], [14.89719714, 56.74565186], [14.89709937, 56.74531369], [14.89709405, 56.74528809], [14.89703566, 56.74494717], [14.89701678, 56.74460494], [14.89701591, 56.74457925], [14.89703666, 56.74423705], [14.89704079, 56.74420715], [14.89710104, 56.74386633], [14.89714293, 56.74368322], [14.89719409, 56.74346078], [14.89724498, 56.74323788], [14.89729614, 56.74301526], [14.89735004, 56.74277917], [14.8973597, 56.7427463], [14.89736202, 56.74273607], [14.89736859, 56.74269906], [14.89742876, 56.74243621], [14.89748292, 56.74219967], [14.89753695, 56.74196393], [14.89758688, 56.74174562], [14.89768648, 56.74140762], [14.89769627, 56.74137718], [14.89783467, 56.74104325], [14.89784755, 56.74101784], [14.89802436, 56.74068951], [14.89823875, 56.74036786], [14.89825621, 56.74034317], [14.89850738, 56.74002973], [14.89852915, 56.74000621], [14.89881601, 56.73970213], [14.89913748, 56.73940859], [14.89916329, 56.73938625], [14.89951802, 56.7391045], [14.89954773, 56.73908368], [14.89993437, 56.73881489], [14.90024774, 56.73862337], [14.90029532, 56.73857293], [14.90061677, 56.73827939], [14.90064325, 56.73825686], [14.90099796, 56.73797511], [14.90138458, 56.73770631], [14.90141496, 56.73768541], [14.901832, 56.73743056], [14.90186601, 56.73741136], [14.90210344, 56.73728347], [14.90231558, 56.73713597], [14.90269656, 56.73690309], [14.90273914, 56.73685795], [14.90306056, 56.73656439], [14.90308676, 56.73654223], [14.90344144, 56.73626047], [14.90382802, 56.73599166], [14.90385813, 56.73597103], [14.90427513, 56.73571617], [14.9043086, 56.73569724], [14.904754, 56.7354574], [14.90522644, 56.73523348], [14.90526328, 56.73521644], [14.90576048, 56.73500952], [14.9058, 56.73499455], [14.9063202, 56.73480524], [14.90686123, 56.73463444], [14.90690344, 56.73462172], [14.90746316, 56.73447007], [14.90750726, 56.7344596], [14.90808336, 56.73432772], [14.90867356, 56.73421623], [14.90871941, 56.73420827], [14.90932128, 56.73411745], [14.90936833, 56.73411192], [14.90997945, 56.73404221], [14.91059739, 56.73399389], [14.91064511, 56.73399095], [14.91126745, 56.73396427], [14.91189162, 56.73395933], [14.91193974, 56.733959], [14.91256318, 56.7339757], [14.91261911, 56.73397834], [14.912735, 56.73398552], [14.91289349, 56.73398976], [14.9129412, 56.73399195], [14.91339049, 56.73401975], [14.91369865, 56.73393625], [14.91427472, 56.73380434], [14.91431909, 56.73379467], [14.91490926, 56.73368316], [14.91495497, 56.733676], [14.91555682, 56.73358516], [14.91616792, 56.73351542], [14.91622252, 56.73350989], [14.91684044, 56.73346153], [14.91738071, 56.73342183], [14.91738422, 56.73342174], [14.91751551, 56.73341141], [14.91762295, 56.73340366], [14.91771894, 56.73338918], [14.91776612, 56.7333831], [14.91837722, 56.73331335], [14.91899514, 56.73326498], [14.91904312, 56.73326151], [14.91928062, 56.73325133], [14.91930019, 56.7329262], [14.91930524, 56.73289746], [14.91930716, 56.73288102], [14.91930869, 56.73285587], [14.91936872, 56.73251504], [14.91939051, 56.73241033], [14.91948989, 56.73207231], [14.91962807, 56.73173835], [14.91980464, 56.73140999], [14.91985807, 56.73131796], [14.92007223, 56.73099636], [14.92032316, 56.73068278], [14.92060977, 56.73037865], [14.92063165, 56.73035693], [14.92078048, 56.7300802], [14.92099462, 56.7297585], [14.92101178, 56.72973381], [14.92126269, 56.72942032], [14.92128431, 56.72939662], [14.92157091, 56.72909249], [14.92174697, 56.72893164], [14.92152808, 56.72823809], [14.92143014, 56.72789994], [14.9214232, 56.72786886], [14.92136462, 56.72752795], [14.92134552, 56.72718573], [14.92134437, 56.72715896], [14.92136489, 56.72681676], [14.92136872, 56.72679008], [14.92142872, 56.72644925], [14.92152806, 56.72611123], [14.92153661, 56.72608483], [14.92167475, 56.72575087], [14.921688, 56.7257251], [14.92186453, 56.72539674], [14.92207864, 56.72507504], [14.92209661, 56.72505008], [14.92234748, 56.72473659], [14.92236977, 56.7247128], [14.92265632, 56.72440866], [14.92297748, 56.72411506], [14.92300393, 56.72409253], [14.92335834, 56.72381071], [14.92374465, 56.72354185], [14.92377515, 56.72352094], [14.92419188, 56.72326601], [14.92422587, 56.72324681], [14.92467099, 56.7230069], [14.92514316, 56.7227829], [14.92518051, 56.72276568], [14.92567744, 56.72255867], [14.92571775, 56.7225436], [14.92623767, 56.72235421], [14.92671534, 56.72220324], [14.92681154, 56.72213629], [14.92722823, 56.72188135], [14.92735016, 56.72181163], [14.92779525, 56.72157171], [14.92826738, 56.7213477], [14.92876426, 56.72114068], [14.92890867, 56.72108534], [14.92942855, 56.72089593], [14.92996928, 56.72072504], [14.93052869, 56.72057329], [14.9306899, 56.72053458], [14.93126571, 56.72040259], [14.93185563, 56.720291], [14.93245722, 56.72020007], [14.93264481, 56.72017744], [14.93325566, 56.72010762], [14.93387334, 56.72005918], [14.93400391, 56.72005071], [14.934626, 56.72002392], [14.93481799, 56.72002186], [14.93544193, 56.7200168], [14.93606515, 56.72003337], [14.93668524, 56.72007169], [14.93729964, 56.72013146], [14.93747274, 56.72014852], [14.93807903, 56.72022948], [14.93867477, 56.72033145], [14.93872325, 56.72034172], [14.93911346, 56.72040846], [14.93937279, 56.72042449], [14.9399872, 56.72048425], [14.94001845, 56.72048741], [14.94062474, 56.72056836], [14.9412205, 56.72067032], [14.94180316, 56.72079284], [14.94183265, 56.72079923], [14.94240006, 56.72094168], [14.94294992, 56.7211037], [14.94347983, 56.72128448], [14.94352009, 56.72129869], [14.94402814, 56.72149751], [14.94423079, 56.72158571], [14.94471484, 56.72180186], [14.94517287, 56.72203434], [14.94520733, 56.72205268], [14.94563759, 56.72230068], [14.94603833, 56.72256313], [14.94640793, 56.72283904], [14.94642596, 56.72285333], [14.94676294, 56.72314153], [14.94706595, 56.72344085], [14.94733366, 56.72375012], [14.9473463, 56.72376612], [14.94757788, 56.72408409], [14.94777214, 56.7244095], [14.94792838, 56.72474101], [14.94793523, 56.72475807], [14.94805294, 56.72509432], [14.94813144, 56.72543397], [14.94817058, 56.72577575], [14.9481711, 56.72579317], [14.94817063, 56.72613557], [14.94813054, 56.72647723], [14.94805111, 56.7268169], [14.94804542, 56.72683405], [14.94794748, 56.72711174], [14.94796865, 56.72729678], [14.94796817, 56.72763917], [14.94796787, 56.72766567], [14.94792778, 56.72800742], [14.94792289, 56.72803383], [14.94784345, 56.7283734], [14.9477248, 56.72870955], [14.94771507, 56.72873551], [14.94755788, 56.72906688], [14.94754356, 56.72909211], [14.94734837, 56.72941736], [14.94711587, 56.72973514], [14.9470971, 56.72975956], [14.94682848, 56.73006861], [14.94680541, 56.73009195], [14.94650149, 56.73039101], [14.94616363, 56.73067892], [14.94613664, 56.73070083], [14.94589556, 56.73088018], [14.94587368, 56.73090999], [14.94568658, 56.73112521], [14.94576967, 56.73126438], [14.94578324, 56.73129044], [14.9459395, 56.73162194], [14.94605722, 56.73195819], [14.94606607, 56.73198487], [14.94614456, 56.73232451], [14.94614843, 56.73235164], [14.94618757, 56.73269334], [14.94618708, 56.73303573], [14.94618569, 56.73306735], [14.94614557, 56.7334091], [14.94605252, 56.73411074], [14.9460456, 56.73414163], [14.94596613, 56.73448121], [14.94587478, 56.73473994], [14.94593077, 56.73498221], [14.94593626, 56.73500817], [14.9459754, 56.73534986], [14.94597643, 56.73538049], [14.94597594, 56.73572289], [14.94596557, 56.73590836], [14.94592545, 56.73625011], [14.94592123, 56.7362802], [14.94584175, 56.73661978], [14.94583349, 56.73664519], [14.9457148, 56.73698134], [14.94555756, 56.73731271], [14.94554512, 56.73733758], [14.94534988, 56.73766283], [14.94533016, 56.73769102], [14.94509758, 56.73800879], [14.94504667, 56.73807246], [14.94477798, 56.7383815], [14.94475409, 56.73840781], [14.94445009, 56.73870686], [14.94442593, 56.73872832], [14.94408797, 56.73901622], [14.94371741, 56.7392918], [14.94369906, 56.73930509], [14.94373186, 56.73935998], [14.94388814, 56.73969149], [14.94389889, 56.73971656], [14.94401661, 56.74005281], [14.94402304, 56.74007832], [14.94410153, 56.74041796], [14.94414065, 56.74075975], [14.9441425, 56.74078553], [14.94414199, 56.74112792], [14.94413898, 56.74115792], [14.94409884, 56.74149958], [14.94396296, 56.74222455], [14.94388345, 56.74256412], [14.94387505, 56.74259457], [14.94375632, 56.74293071], [14.94374442, 56.74295631], [14.94358714, 56.74328767], [14.94351254, 56.74341177], [14.94367183, 56.74363038], [14.94386615, 56.74395579], [14.94391414, 56.74404878], [14.94407043, 56.74438029], [14.94418817, 56.74471654], [14.94426667, 56.74505618], [14.94428055, 56.74515265], [14.94431968, 56.74549435], [14.94431927, 56.74577342], [14.94433065, 56.74582283], [14.94436978, 56.74616452], [14.94437057, 56.74618195], [14.94437006, 56.74652434], [14.94432992, 56.746866], [14.94425041, 56.74720566], [14.94424228, 56.74723162], [14.94412354, 56.74756776], [14.94396624, 56.74789913], [14.94393703, 56.74795696], [14.94374172, 56.7482822], [14.94372456, 56.74830671], [14.9434919, 56.74862448], [14.94322312, 56.74893352], [14.94291903, 56.74923257], [14.94290202, 56.7492473], [14.94256396, 56.7495352], [14.94219328, 56.74981077], [14.94179147, 56.75007286], [14.9417696, 56.75008551], [14.94133828, 56.75033313], [14.9408792, 56.75056518], [14.94041193, 56.75077299], [14.9405721, 56.75104109], [14.940585, 56.7510666], [14.9407413, 56.75139811], [14.94085903, 56.75173436], [14.94086735, 56.75176051], [14.94094583, 56.75210024], [14.94094929, 56.75212665], [14.9409884, 56.75246835], [14.94098787, 56.75281074], [14.94098675, 56.75283715], [14.94094656, 56.75317889], [14.94094059, 56.75320512], [14.94086104, 56.75354478], [14.94074224, 56.75388092], [14.94073168, 56.75390679], [14.94057433, 56.75423815], [14.94037896, 56.75456338], [14.94036381, 56.75458843], [14.94013109, 56.7549062], [14.94010826, 56.75493448], [14.9398394, 56.75524351], [14.93929498, 56.75583624], [14.9389908, 56.75613528], [14.93896406, 56.75616132], [14.9386259, 56.7564492], [14.93859917, 56.75647021], [14.93822839, 56.75674577], [14.93782648, 56.75700785], [14.93779718, 56.75702661], [14.93779543, 56.75702777], [14.93778139, 56.7570363], [14.93774453, 56.75705936], [14.9373131, 56.75730696], [14.93727909, 56.75732446], [14.9368199, 56.7575565], [14.9363347, 56.75777218], [14.93629786, 56.75778788], [14.93578868, 56.75798622], [14.93574927, 56.75799994], [14.93521827, 56.7581802], [14.93466733, 56.75834168], [14.93462578, 56.75835325], [14.93405734, 56.75849513], [14.93401403, 56.75850445], [14.93343038, 56.75862638], [14.93283368, 56.75872774], [14.93278876, 56.75873472], [14.93218158, 56.75881514], [14.93213585, 56.75881979], [14.93152061, 56.75887891], [14.93089974, 56.75891656], [14.93085321, 56.75891887], [14.93022928, 56.75893478], [14.93018275, 56.75893458], [14.92955819, 56.75892884], [14.92907688, 56.75890755], [14.9287694, 56.75904417], [14.92826016, 56.75924247], [14.92811521, 56.75929735], [14.92758415, 56.75947759], [14.92703316, 56.75963903], [14.92646468, 56.75978088], [14.92630316, 56.75981923], [14.92571947, 56.75994113], [14.92512273, 56.76004236], [14.92451551, 56.76012274], [14.92434337, 56.76014312], [14.9237281, 56.7602022], [14.9231072, 56.76023981], [14.92248325, 56.76025569], [14.92230737, 56.7602571], [14.92168279, 56.76025132]]]}, "properties": {"deso": "0780A0010", "pop": 1124.0, "income": 352.4, "male_frac": 0.5142, "child_frac": 0.169, "elder_frac": 0.2295, "dependency": 0.6627, "needZ": -0.0392, "needZ_v1": 0.0976, "regso": "0780R020", "higher_ed": 66.7, "neet": 8.7, "income_support": 0.1}}, {"type": "Feature", "geometry": {"type": "Polygon", "coordinates": [[[14.82607454, 56.87699827], [14.82676886, 56.87694094], [14.82804677, 56.87680735], [14.83001885, 56.87661631], [14.83044646, 56.87656623], [14.83087664, 56.87651705], [14.83118478, 56.8764687], [14.83225577, 56.8761309], [14.83277192, 56.8759745], [14.83343811, 56.87587739], [14.83481876, 56.87581159], [14.83543899, 56.87579571], [14.83597415, 56.87580449], [14.83648458, 56.87587118], [14.83652241, 56.87581904], [14.83652269, 56.87581868], [14.83666232, 56.87559899], [14.8369983, 56.87490109], [14.83730086, 56.87395165], [14.83791023, 56.8719679], [14.83636669, 56.87145393], [14.83634302, 56.87148488], [14.8349361, 56.870827], [14.83457948, 56.87074551], [14.8339709, 56.8709882], [14.8336956, 56.87105421], [14.83328234, 56.87111824], [14.83274469, 56.87116602], [14.83022837, 56.87137155], [14.82963331, 56.87143046], [14.82915615, 56.8715623], [14.82856644, 56.87177966], [14.82824777, 56.87203664], [14.82781701, 56.87240062], [14.82712425, 56.87298923], [14.82672943, 56.87318108], [14.82607522, 56.87338451], [14.82538773, 56.8734722], [14.82438803, 56.87340864], [14.8243192, 56.87363435], [14.82456564, 56.87390298], [14.82477578, 56.87418136], [14.82482454, 56.87454564], [14.82488384, 56.87505679], [14.82502729, 56.87635029], [14.82498723, 56.87655556], [14.82520829, 56.87684625], [14.82541846, 56.87709552], [14.82607454, 56.87699827]]]}, "properties": {"deso": "0780C1110", "pop": 1374.0, "income": 357.8, "male_frac": 0.5018, "child_frac": 0.187, "elder_frac": 0.1266, "dependency": 0.4571, "needZ": 0.0032, "needZ_v1": -0.374, "regso": "0780R021", "higher_ed": 69.6, "neet": 13.9, "income_support": 0.8}}, {"type": "Feature", "geometry": {"type": "Polygon", "coordinates": [[[14.8259023, 56.82738467], [14.82599261, 56.8273724], [14.82637797, 56.82731213], [14.82732475, 56.82715599], [14.82819128, 56.82702811], [14.82977377, 56.82677941], [14.83047631, 56.82666899], [14.83963921, 56.82634329], [14.84759644, 56.82516764], [14.84948661, 56.82488826], [14.8494912, 56.82488836], [14.8499378, 56.82355238], [14.85005908, 56.82318957], [14.85046653, 56.82197148], [14.85041963, 56.82146853], [14.85245713, 56.82005261], [14.85472256, 56.8188975], [14.85530562, 56.81832612], [14.86124155, 56.8125007], [14.86088763, 56.81226229], [14.86067219, 56.81212382], [14.86044623, 56.81197851], [14.85868838, 56.81084849], [14.85833781, 56.81062318], [14.85822141, 56.81054841], [14.85817762, 56.81052025], [14.85788944, 56.81033498], [14.85865915, 56.80849491], [14.8600257, 56.80522774], [14.86084614, 56.79962311], [14.8609146, 56.79914535], [14.86311343, 56.79884383], [14.86600733, 56.79844682], [14.86618065, 56.79842024], [14.86653955, 56.79578496], [14.8671251, 56.79279234], [14.86713489, 56.79273253], [14.86696512, 56.79275867], [14.86723181, 56.79116573], [14.86745242, 56.78985379], [14.86764571, 56.78870367], [14.86773766, 56.78815659], [14.86778646, 56.78786661], [14.86785732, 56.78744489], [14.86790998, 56.78713166], [14.86820001, 56.78540572], [14.86837795, 56.78434693], [14.86861969, 56.78290917], [14.8673892, 56.78041833], [14.86688863, 56.77940508], [14.86671928, 56.77906224], [14.86638227, 56.77839613], [14.86627716, 56.77816653], [14.86597563, 56.77750755], [14.86585064, 56.77725548], [14.86540573, 56.77635859], [14.86528905, 56.77612359], [14.86488611, 56.77527166], [14.86434505, 56.77411248], [14.86427697, 56.77402268], [14.86422312, 56.77395166], [14.86415556, 56.7739039], [14.86405396, 56.77383211], [14.86384627, 56.77369455], [14.86342247, 56.77351283], [14.8628884, 56.77341604], [14.86168946, 56.77328134], [14.860627, 56.77319824], [14.8590432, 56.77304987], [14.85840648, 56.77291784], [14.85799779, 56.77281596], [14.85794783, 56.77279237], [14.85769005, 56.77267073], [14.85734759, 56.77246888], [14.85712874, 56.77229545], [14.8569167, 56.77206922], [14.85667679, 56.77172296], [14.85645602, 56.7713116], [14.85629167, 56.77107276], [14.85614731, 56.77086277], [14.85589961, 56.77033614], [14.85559512, 56.76984241], [14.85535704, 56.7694145], [14.85524302, 56.76928107], [14.85524064, 56.76916251], [14.85523531, 56.76889888], [14.85522045, 56.76876413], [14.85517247, 56.76864722], [14.85505917, 56.76853913], [14.8550173, 56.7685159], [14.85496157, 56.76848494], [14.85479889, 56.76841254], [14.85473462, 56.76828662], [14.85467059, 56.76816969], [14.85460585, 56.76809767], [14.85444313, 56.76803425], [14.85436189, 56.76797119], [14.85432976, 56.7679081], [14.85424904, 56.7678181], [14.85417027, 56.76778064], [14.85417013, 56.76778055], [14.85398877, 56.7676915], [14.85384228, 56.7676193], [14.85369555, 56.76757386], [14.8535649, 56.76755547], [14.853369, 56.76752793], [14.85325546, 56.76744669], [14.85315811, 56.76736556], [14.85301135, 56.76732919], [14.85288088, 56.76730182], [14.85271783, 56.76725636], [14.8526368, 56.76717533], [14.85256237, 56.76695968], [14.85233803, 56.76682585], [14.85218718, 56.76676468], [14.85180886, 56.76661127], [14.85157222, 56.76651794], [14.85147834, 56.76648082], [14.85135964, 56.76644691], [14.85122823, 56.76638235], [14.85122086, 56.7663703], [14.8511887, 56.76631763], [14.85105568, 56.76611708], [14.85102483, 56.76607061], [14.85086487, 56.76586141], [14.85086222, 56.76581595], [14.85088005, 56.76570693], [14.8509444, 56.76539839], [14.85096269, 56.76507299], [14.85095399, 56.76495307], [14.85095413, 56.7649528], [14.85095576, 56.76494993], [14.85099243, 56.76488566], [14.85115907, 56.76463311], [14.85116735, 56.76462072], [14.85116749, 56.76462018], [14.85121134, 56.76444634], [14.85123498, 56.76430042], [14.85123498, 56.76430033], [14.85126583, 56.76424243], [14.85148942, 56.76411865], [14.85170328, 56.7639319], [14.85183529, 56.76380658], [14.85191809, 56.76370815], [14.85196229, 56.76365143], [14.85196229, 56.76365098], [14.85197315, 56.76356558], [14.85197315, 56.76356531], [14.85201859, 56.76346602], [14.85218818, 56.76331883], [14.8523215, 56.76320042], [14.85239333, 56.763115], [14.85254451, 56.76298242], [14.85262481, 56.76290186], [14.85284311, 56.76275032], [14.85284649, 56.76274565], [14.85294263, 56.76261589], [14.85296346, 56.76260082], [14.85296427, 56.76260028], [14.85304138, 56.76254226], [14.85310469, 56.76249473], [14.85324439, 56.76233295], [14.85324804, 56.76232873], [14.85326965, 56.76232301], [14.85349338, 56.76226372], [14.85374014, 56.76221066], [14.85376417, 56.76220548], [14.85485862, 56.76191601], [14.85491185, 56.76185885], [14.85498381, 56.76177253], [14.85514356, 56.76158122], [14.85516118, 56.76145549], [14.85532529, 56.76139317], [14.85539431, 56.76101636], [14.85539418, 56.76101627], [14.85521602, 56.76087226], [14.85516754, 56.76081814], [14.85516768, 56.76081769], [14.85527005, 56.76039664], [14.85526978, 56.76039601], [14.85526925, 56.76039421], [14.85525421, 56.76034273], [14.85525421, 56.76034264], [14.85530449, 56.76020824], [14.85530422, 56.76020779], [14.85494029, 56.75966009], [14.854774, 56.75934472], [14.854774, 56.75934454], [14.85477643, 56.75927394], [14.85479288, 56.75906648], [14.85479261, 56.7590663], [14.85438183, 56.75888267], [14.85401159, 56.75871724], [14.85333559, 56.75841663], [14.85326599, 56.75838565], [14.85250438, 56.75804694], [14.85236084, 56.75795353], [14.85225522, 56.75785568], [14.85219108, 56.75773875], [14.8521215, 56.75766852], [14.85212163, 56.75766816], [14.85216009, 56.75755907], [14.85214553, 56.75738849], [14.85221004, 56.7571359], [14.85225196, 56.75700391], [14.85236321, 56.75686842], [14.85251212, 56.75668931], [14.85267646, 56.75660004], [14.85296893, 56.75647473], [14.85326063, 56.75637106], [14.85348364, 56.75596507], [14.85402379, 56.75515409], [14.8545622, 56.7543343], [14.85456207, 56.75433385], [14.85450945, 56.75423498], [14.85450469, 56.75417713], [14.85449838, 56.75410024], [14.8546033, 56.75392189], [14.85474056, 56.75375292], [14.85475059, 56.75370398], [14.85478069, 56.7535559], [14.85479658, 56.75314319], [14.85479332, 56.75297612], [14.85478088, 56.75231907], [14.85478032, 56.75229024], [14.85480427, 56.75209302], [14.85487464, 56.75195918], [14.8551292, 56.75171975], [14.85540129, 56.75144459], [14.85567382, 56.75116053], [14.85591253, 56.75090293], [14.85606652, 56.75072518], [14.85610039, 56.75061195], [14.85610394, 56.75059992], [14.85615693, 56.75056441], [14.85621705, 56.75028882], [14.85631165, 56.74987989], [14.85625754, 56.74964162], [14.85622934, 56.7493309], [14.85619875, 56.7491126], [14.85617779, 56.74898692], [14.85612241, 56.74880147], [14.85601716, 56.7486818], [14.85591173, 56.74857524], [14.8557766, 56.7484779], [14.85578004, 56.74838808], [14.85580054, 56.74828059], [14.85562531, 56.74816182], [14.85545009, 56.74804324], [14.85541986, 56.74798006], [14.85541921, 56.74797251], [14.85540865, 56.74784522], [14.85577434, 56.74663837], [14.85577584, 56.74663343], [14.85617493, 56.74479536], [14.85625405, 56.74398842], [14.85625405, 56.74398833], [14.85609168, 56.74343826], [14.8552728, 56.74327042], [14.85516669, 56.74281743], [14.85516683, 56.74281707], [14.85523785, 56.74233347], [14.85523771, 56.74233338], [14.85436768, 56.74187464], [14.85436351, 56.74187239], [14.85379834, 56.74157505], [14.85359384, 56.74146927], [14.85342062, 56.7412967], [14.85331307, 56.74118484], [14.8532634, 56.74113331], [14.85320121, 56.74104099], [14.85328927, 56.74089334], [14.85334287, 56.74080349], [14.85334707, 56.74065853], [14.85325418, 56.74052279], [14.85304594, 56.7404127], [14.85272339, 56.7403013], [14.85253115, 56.74020038], [14.85233892, 56.74009938], [14.85215493, 56.74002631], [14.85193604, 56.73995114], [14.85175982, 56.73985932], [14.85168084, 56.73978665], [14.85152228, 56.73965909], [14.85141068, 56.73958603], [14.85126437, 56.73956636], [14.85118028, 56.73962824], [14.85105102, 56.7395909], [14.85095965, 56.73951588], [14.85094004, 56.73949987], [14.85096157, 56.73944205], [14.85097655, 56.73940156], [14.85098377, 56.73921312], [14.85099098, 56.73902469], [14.85116543, 56.73871367], [14.85118749, 56.73858947], [14.85113535, 56.73841273], [14.85113224, 56.73834671], [14.85112912, 56.73828311], [14.85116524, 56.73821615], [14.85121833, 56.73811786], [14.85129669, 56.73800442], [14.85129813, 56.73794739], [14.85128087, 56.73787982], [14.85126451, 56.73782438], [14.85122886, 56.73770317], [14.85126997, 56.73756876], [14.85134208, 56.73733073], [14.85141368, 56.73715198], [14.85162952, 56.73686877], [14.85181097, 56.73669141], [14.85204234, 56.73650135], [14.85209491, 56.73646531], [14.8523494, 56.73629109], [14.8522904, 56.73614389], [14.85221513, 56.73595275], [14.85215227, 56.73582927], [14.85214441, 56.73580644], [14.85216836, 56.73560932], [14.85221341, 56.73549835], [14.85227201, 56.73536872], [14.85229889, 56.73528647], [14.85235469, 56.73518424], [14.85243825, 56.73504574], [14.85245241, 56.7350092], [14.85252169, 56.73490707], [14.85265524, 56.734843], [14.8529188, 56.73479212], [14.85314904, 56.73474981], [14.85323491, 56.73464321], [14.85330328, 56.73456317], [14.85345347, 56.73448412], [14.85356985, 56.73443154], [14.85357269, 56.73435986], [14.8533769, 56.73434849], [14.85329597, 56.73432972], [14.85334773, 56.73425846], [14.85331752, 56.73419528], [14.85330151, 56.7341861], [14.85320563, 56.73413111], [14.85319821, 56.7339961], [14.85316598, 56.73368806], [14.85315225, 56.73340718], [14.85310074, 56.73210086], [14.85303256, 56.73206251], [14.8530136, 56.7320518], [14.85288695, 56.73200782], [14.85276674, 56.73197283], [14.85267636, 56.73192377], [14.85255405, 56.73183847], [14.85249411, 56.73172676], [14.85247253, 56.73166197], [14.85249774, 56.73159347], [14.85255563, 56.73143617], [14.85253681, 56.73138836], [14.85253081, 56.73137309], [14.85248923, 56.73132247], [14.85238854, 56.73129127], [14.85231023, 56.73129432], [14.85220838, 56.73131881], [14.85218695, 56.73132076], [14.85210794, 56.73132813], [14.85204471, 56.73133389], [14.85193804, 56.73128472], [14.85185773, 56.73121052], [14.85185261, 56.73114225], [14.85186443, 56.73105074], [14.85186743, 56.73104059], [14.85189925, 56.7309359], [14.85174519, 56.73080386], [14.85158485, 56.73065717], [14.85141589, 56.73061296], [14.85135104, 56.73058549], [14.85134459, 56.73058207], [14.85121535, 56.73051284], [14.85114197, 56.73042787], [14.85109345, 56.7303618], [14.8510783, 56.73034121], [14.85100135, 56.73027249], [14.85096412, 56.73024829], [14.85087244, 56.73018899], [14.85075291, 56.73011986], [14.85063982, 56.73005802], [14.85057031, 56.72994799], [14.8505768, 56.72990866], [14.85058509, 56.72985819], [14.85060001, 56.72976498], [14.85036001, 56.72952442], [14.85015162, 56.72936662], [14.8499482, 56.72921269], [14.84998829, 56.72919684], [14.85054438, 56.72897601], [14.85095654, 56.72879193], [14.85095218, 56.72853144], [14.85100627, 56.72851857], [14.85122465, 56.72846683], [14.85177772, 56.72832386], [14.85188146, 56.72829695], [14.85201366, 56.72822785], [14.85212958, 56.72815137], [14.85219966, 56.72808185], [14.85224667, 56.72801741], [14.85231268, 56.72795408], [14.85232661, 56.72794071], [14.85241128, 56.72779216], [14.85245721, 56.7276273], [14.85248926, 56.72749449], [14.85244416, 56.72731103], [14.85232679, 56.7271378], [14.85222272, 56.72711379], [14.85191358, 56.72704884], [14.85192548, 56.72700493], [14.85200847, 56.72669991], [14.85205496, 56.72652885], [14.85260604, 56.72657738], [14.8534818, 56.72446305], [14.8536404, 56.72408033], [14.85363413, 56.7240637], [14.85217299, 56.72017948], [14.85160205, 56.71866146], [14.85160246, 56.71866146], [14.85905935, 56.71911383], [14.86223562, 56.71941451], [14.86755179, 56.71991752], [14.87129476, 56.72084156], [14.87278459, 56.72120938], [14.87831782, 56.72103912], [14.88197845, 56.72092633], [14.88246245, 56.72091142], [14.88280662, 56.7208469], [14.88646261, 56.72016172], [14.88661305, 56.72013347], [14.88677669, 56.7201091], [14.88829036, 56.71988375], [14.89034275, 56.71949109], [14.89031799, 56.71975675], [14.89025172, 56.71975328], [14.89022899, 56.71992491], [14.89013895, 56.7205851], [14.89007286, 56.72097864], [14.8900233, 56.72129404], [14.89004684, 56.72149113], [14.8901267, 56.72164228], [14.8903272, 56.72191749], [14.89038578, 56.72178784], [14.89130787, 56.71974334], [14.89143288, 56.71946931], [14.89156033, 56.7191899], [14.89178594, 56.71920995], [14.89195963, 56.71919941], [14.89219731, 56.71923689], [14.89243517, 56.71926243], [14.89264178, 56.71923413], [14.89286024, 56.71916426], [14.89300116, 56.71916528], [14.89313022, 56.71921389], [14.89331104, 56.71935237], [14.89357988, 56.71956709], [14.89372513, 56.71970707], [14.89427013, 56.72003295], [14.89435536, 56.72009913], [14.89473127, 56.72023894], [14.89491327, 56.72034167], [14.89512884, 56.7203909], [14.8953133, 56.7203862], [14.89547495, 56.72029634], [14.89571999, 56.72011465], [14.89590388, 56.72007277], [14.89603382, 56.72009875], [14.89620167, 56.72020398], [14.89636352, 56.72028585], [14.89643394, 56.72040294], [14.89649764, 56.72050917], [14.89656282, 56.72061763], [14.89659063, 56.72069832], [14.89663407, 56.72082473], [14.89661928, 56.72090906], [14.89668566, 56.72102256], [14.89684288, 56.72117628], [14.89699738, 56.72129039], [14.89709312, 56.72140787], [14.89725878, 56.72162806], [14.89744093, 56.72183211], [14.89757185, 56.72199461], [14.8976911, 56.72224154], [14.89784676, 56.72247601], [14.89797892, 56.72273022], [14.89808585, 56.72294641], [14.89811318, 56.7230544], [14.89812329, 56.72320531], [14.89798206, 56.72341286], [14.89776191, 56.72365214], [14.8974929, 56.72387494], [14.89719432, 56.7241191], [14.89704372, 56.7242996], [14.8969084, 56.72451174], [14.89687108, 56.72460745], [14.89684551, 56.72474567], [14.8968196, 56.72490714], [14.89684322, 56.72503839], [14.89687086, 56.72513021], [14.89693436, 56.72521865], [14.89706206, 56.72538106], [14.89721332, 56.72550064], [14.8979119, 56.72518712], [14.89811705, 56.72521055], [14.89831405, 56.72516409], [14.89873988, 56.72510147], [14.89912083, 56.72509217], [14.89943261, 56.72525599], [14.89948523, 56.72532815], [14.89948251, 56.72544187], [14.89947562, 56.72544635], [14.89938302, 56.7255069], [14.89918635, 56.7255354], [14.89890412, 56.72550939], [14.89867558, 56.7255137], [14.89846707, 56.72558395], [14.89845374, 56.7256796], [14.89854912, 56.725788], [14.89878585, 56.72589741], [14.89903289, 56.72603082], [14.8992793, 56.72620015], [14.89954789, 56.72633968], [14.8996762, 56.72643032], [14.89981391, 56.7265869], [14.89986577, 56.7266949], [14.89992704, 56.72686283], [14.89996707, 56.72701277], [14.9000282, 56.72718069], [14.90014453, 56.72731911], [14.90030514, 56.72742801], [14.90046667, 56.72749497], [14.90064972, 56.72757999], [14.90079896, 56.72770676], [14.9009168, 56.72778536], [14.90114247, 56.7279067], [14.90144428, 56.72802856], [14.90161673, 56.72809561], [14.90176883, 56.72810867], [14.90282484, 56.72809234], [14.90314028, 56.72810067], [14.90328057, 56.72814955], [14.90339812, 56.72824009], [14.90343879, 56.7283541], [14.90332778, 56.72844905], [14.90312836, 56.7285971], [14.9030703, 56.72874624], [14.90318738, 56.72886077], [14.90334787, 56.72896957], [14.90358538, 56.72904907], [14.90379104, 56.72909845], [14.90395545, 56.72904576], [14.90395786, 56.72894409], [14.90385258, 56.72879975], [14.90376734, 56.72872136], [14.90363916, 56.72862471], [14.90364188, 56.72851109], [14.90376561, 56.72834447], [14.90396426, 56.72823226], [14.90421631, 56.72815629], [14.9044567, 56.72811022], [14.90469811, 56.72803414], [14.90494015, 56.72792223], [14.90521403, 56.72784636], [14.90553099, 56.72778885], [14.90572784, 56.72774849], [14.90600231, 56.72764881], [14.90625556, 56.72752496], [14.90639886, 56.72744818], [14.9066177, 56.72739589], [14.90676459, 56.72739124], [14.90692267, 56.72738615], [14.90698622, 56.72735629], [14.90715728, 56.72727576], [14.90725716, 56.72715781], [14.90712967, 56.7269434], [14.90711177, 56.72682473], [14.90717938, 56.72667415], [14.90742646, 56.7265317], [14.90746113, 56.7264623], [14.90763514, 56.7261159], [14.90859869, 56.72613682], [14.90896081, 56.72572894], [14.90973664, 56.72541127], [14.91150552, 56.72487739], [14.91237101, 56.72446482], [14.91310861, 56.72428884], [14.91498037, 56.72409307], [14.91543274, 56.72395658], [14.91544312, 56.72395335], [14.91543817, 56.7239405], [14.91800072, 56.71650398], [14.93110176, 56.71825641], [14.93126683, 56.71742557], [14.93119836, 56.71744296], [14.93093257, 56.71751027], [14.92442925, 56.7134069], [14.92292452, 56.7124572], [14.92153367, 56.7115795], [14.92467021, 56.710927], [14.92596639, 56.71065732], [14.93404122, 56.70897134], [14.93484601, 56.70880335], [14.93490327, 56.70879144], [14.93494195, 56.70877439], [14.93812425, 56.70737148], [14.93993704, 56.70672943], [14.94230507, 56.70589072], [14.94566221, 56.70457546], [14.94711681, 56.7038109], [14.95563691, 56.69933252], [14.9564278, 56.69799914], [14.95677344, 56.69741659], [14.95700251, 56.69703044], [14.95754935, 56.69615352], [14.95753267, 56.69614049], [14.95753308, 56.69614004], [14.95759845, 56.69607746], [14.95892576, 56.69484305], [14.95892361, 56.69484251], [14.95892576, 56.69484044], [14.9581732, 56.69465642], [14.95812515, 56.69464464], [14.95799, 56.69449854], [14.95787252, 56.69432703], [14.95787292, 56.69432667], [14.95787198, 56.69432515], [14.95797456, 56.69421964], [14.95909682, 56.69353486], [14.95930328, 56.69347654], [14.95936231, 56.69342438], [14.95991118, 56.69293853], [14.96176937, 56.69214573], [14.96181896, 56.69210083], [14.96212579, 56.69182266], [14.96228992, 56.69167388], [14.96288941, 56.69113046], [14.96389701, 56.69021709], [14.96459145, 56.68958738], [14.95703478, 56.68749441], [14.95267021, 56.68655375], [14.94973777, 56.68592673], [14.94629028, 56.68456253], [14.94211565, 56.68294756], [14.94020939, 56.6821671], [14.92312283, 56.67537927], [14.91515387, 56.67252056], [14.9081259, 56.67028756], [14.90740232, 56.67005349], [14.90227425, 56.67263391], [14.89688602, 56.67418303], [14.89113875, 56.67623235], [14.87928904, 56.67705452], [14.87928596, 56.6769647], [14.8794825, 56.67686285], [14.87955026, 56.67679726], [14.87953061, 56.67671443], [14.87937924, 56.67666236], [14.87933554, 56.67660977], [14.87953003, 56.67647559], [14.87970339, 56.67637884], [14.87972085, 56.67626586], [14.87969869, 56.67616506], [14.87975502, 56.67605616], [14.87981442, 56.67595634], [14.8797537, 56.67583888], [14.8795912, 56.67573292], [14.87947944, 56.67567056], [14.87945157, 56.67563074], [14.87957023, 56.67551535], [14.87963242, 56.67542631], [14.8795915, 56.67513498], [14.87950732, 56.67477669], [14.87937812, 56.67448788], [14.87926197, 56.67436803], [14.87918512, 56.67424679], [14.87920213, 56.67414288], [14.87929351, 56.6739733], [14.87921665, 56.67393828], [14.87895708, 56.67389581], [14.87872975, 56.67386981], [14.87867959, 56.67381533], [14.87868531, 56.67375264], [14.87880851, 56.67368755], [14.87883066, 56.67362138], [14.87877918, 56.67351848], [14.87869135, 56.67342408], [14.87867213, 56.67324783], [14.8787396, 56.67310499], [14.8787352, 56.6730511], [14.87861994, 56.67299233], [14.87839379, 56.672934], [14.87830317, 56.67282702], [14.87827208, 56.67270456], [14.87819788, 56.67251335], [14.87808673, 56.67243303], [14.87789052, 56.67235721], [14.87778537, 56.67229127], [14.87766204, 56.67219109], [14.87751099, 56.67213013], [14.87723836, 56.67209285], [14.87692557, 56.67207844], [14.87669562, 56.67203267], [14.87660001, 56.67197411], [14.87650383, 56.67175934], [14.87645105, 56.67160605], [14.87625133, 56.67145289], [14.87595908, 56.67124663], [14.87574704, 56.67115975], [14.87545242, 56.67110071], [14.87518334, 56.67105265], [14.87487583, 56.67098803], [14.87435949, 56.67092455], [14.87345219, 56.6709248], [14.87321768, 56.67099929], [14.87310299, 56.67109672], [14.87296044, 56.67115253], [14.8727396, 56.67112482], [14.87244146, 56.67107287], [14.8720923, 56.67107063], [14.87177599, 56.67106509], [14.87170367, 56.67100484], [14.86235976, 56.66460532], [14.86063129, 56.66340643], [14.86045151, 56.6633103], [14.85989164, 56.66319416], [14.85938855, 56.66304099], [14.85900218, 56.66282642], [14.85857326, 56.66269749], [14.85817554, 56.66260838], [14.85773785, 56.6624524], [14.85729225, 56.6622532], [14.85696353, 56.66206268], [14.85661609, 56.66177125], [14.85651479, 56.66152583], [14.85646127, 56.66130795], [14.85647515, 56.66112312], [14.85655475, 56.6609212], [14.8567027, 56.66064104], [14.85681002, 56.6603999], [14.85683642, 56.6601434], [14.85681099, 56.65929375], [14.85686974, 56.65912387], [14.85681051, 56.65888614], [14.85663519, 56.65861656], [14.85632074, 56.65839739], [14.85605275, 56.65816076], [14.85578433, 56.657935], [14.85548398, 56.65768899], [14.85531716, 56.65745005], [14.85524674, 56.65708466], [14.8550131, 56.65638522], [14.85488808, 56.65566551], [14.85493724, 56.65515969], [14.85507229, 56.65487395], [14.85534037, 56.65469219], [14.85573417, 56.65455136], [14.8559821, 56.65446631], [14.85618286, 56.65433577], [14.85628703, 56.65417546], [14.85637162, 56.65393044], [14.85632452, 56.65354918], [14.85627616, 56.65328649], [14.85618936, 56.65308788], [14.85618332, 56.65290652], [14.85616999, 56.6526639], [14.85621161, 56.65243454], [14.85620443, 56.65220109], [14.85616283, 56.65193121], [14.85598934, 56.65161314], [14.85572063, 56.65122929], [14.85526755, 56.65049474], [14.85524153, 56.65040479], [14.85521848, 56.65020896], [14.855228, 56.6501451], [14.85527267, 56.6500697], [14.85527823, 56.65002184], [14.85527273, 56.64991252], [14.85526816, 56.64987721], [14.8552725, 56.64972793], [14.85541001, 56.64928761], [14.85545637, 56.64919173], [14.85560549, 56.64901909], [14.85567906, 56.64894363], [14.85589425, 56.64876046], [14.85601045, 56.64861536], [14.85601643, 56.64859821], [14.85601623, 56.64857997], [14.85584049, 56.6484348], [14.85566525, 56.64833633], [14.85552311, 56.64822982], [14.85546241, 56.64817424], [14.85493983, 56.64754973], [14.85457649, 56.64747879], [14.85336803, 56.64778519], [14.85317817, 56.64781686], [14.85301078, 56.6478101], [14.85247054, 56.64775844], [14.85223707, 56.64769718], [14.85208141, 56.64761193], [14.85182762, 56.64745238], [14.85160078, 56.64724543], [14.85153218, 56.64711232], [14.85143225, 56.64698223], [14.85118112, 56.64676115], [14.85095916, 56.64644372], [14.85087884, 56.64625006], [14.85077375, 56.64609705], [14.85069707, 56.64600489], [14.85058299, 56.64591673], [14.85033319, 56.64580631], [14.85008564, 56.64573811], [14.8500093, 56.64572912], [14.84979172, 56.64573308], [14.84926454, 56.64585478], [14.84915512, 56.64584648], [14.84873553, 56.64582935], [14.84275382, 56.64351855], [14.84191427, 56.64306873], [14.81570713, 56.62896638], [14.80067433, 56.62869926], [14.76996979, 56.63396782], [14.74979154, 56.64040275], [14.74004022, 56.65953974], [14.73975482, 56.66009954], [14.73995861, 56.66064734], [14.74312553, 56.66915483], [14.74342444, 56.67001486], [14.74514342, 56.67468355], [14.74729995, 56.68074192], [14.74732294, 56.68080646], [14.74820783, 56.68329164], [14.74827598, 56.68346666], [14.74839198, 56.6835313], [14.75121158, 56.68534561], [14.75125948, 56.68536825], [14.75142359, 56.68544591], [14.75170793, 56.68551914], [14.75211727, 56.68560116], [14.7522345, 56.68562375], [14.75230562, 56.68563746], [14.75241472, 56.68566732], [14.75318553, 56.68586439], [14.75393961, 56.68623532], [14.75513168, 56.68692246], [14.75645645, 56.68772582], [14.7566248, 56.68788001], [14.7595408, 56.690186], [14.7598612, 56.69043938], [14.75983989, 56.69061556], [14.75985378, 56.6906535], [14.75997111, 56.69085357], [14.76010847, 56.69103761], [14.76040143, 56.69128896], [14.76054567, 56.69145145], [14.76072048, 56.69154583], [14.76088957, 56.69158981], [14.76114258, 56.69188051], [14.76147681, 56.69220747], [14.76153054, 56.69226928], [14.76156022, 56.6923032], [14.76287067, 56.69303774], [14.7631476, 56.69327468], [14.76327001, 56.69337776], [14.76349666, 56.69349577], [14.76366486, 56.69359722], [14.76391613, 56.69380528], [14.7641295, 56.69393933], [14.76435859, 56.69410046], [14.76463953, 56.69430138], [14.76504057, 56.69454618], [14.76605258, 56.69516399], [14.76659309, 56.69556785], [14.76800117, 56.6966196], [14.77233901, 56.6998591], [14.77431355, 56.70133351], [14.77541531, 56.70215611], [14.77735429, 56.70360373], [14.78060686, 56.70603189], [14.78065, 56.7061164], [14.78235273, 56.70945659], [14.78258821, 56.70991842], [14.78248704, 56.7128385], [14.78246312, 56.71352855], [14.78243014, 56.71448096], [14.78241883, 56.7148078], [14.7823718, 56.71616249], [14.78210938, 56.72373528], [14.7820823, 56.72375813], [14.7819431, 56.72387592], [14.77283828, 56.73158119], [14.77283043, 56.73158773], [14.77262177, 56.73154891], [14.772138, 56.73133982], [14.77171292, 56.73114171], [14.77154102, 56.73097577], [14.77135551, 56.73080926], [14.77106978, 56.73050226], [14.76853923, 56.73094732], [14.76347619, 56.73183765], [14.76077937, 56.73231178], [14.7607791, 56.73231178], [14.76072146, 56.73266602], [14.7607033, 56.73272365], [14.7607033, 56.732724], [14.76041972, 56.73274735], [14.75992642, 56.73287844], [14.75923458, 56.73311594], [14.75905784, 56.73299793], [14.75878383, 56.73285234], [14.75844194, 56.73280497], [14.75804837, 56.73266238], [14.75807353, 56.73235354], [14.75845436, 56.73170856], [14.75735738, 56.73140624], [14.75653568, 56.73051236], [14.75639946, 56.73044518], [14.7554355, 56.73060632], [14.7552452, 56.73031735], [14.75508006, 56.73009795], [14.75497832, 56.72986916], [14.75493754, 56.7297153], [14.75490616, 56.72954656], [14.75485133, 56.72939834], [14.75479033, 56.72914286], [14.75460879, 56.72904127], [14.75444577, 56.72901517], [14.75430823, 56.72902703], [14.75408227, 56.72904391], [14.75385624, 56.7290697], [14.75367264, 56.72909754], [14.7533912, 56.72910677], [14.75311305, 56.72910712], [14.75288679, 56.72914736], [14.75264103, 56.72918199], [14.75236196, 56.72923982], [14.75213234, 56.72927817], [14.75188046, 56.72928045], [14.75147816, 56.72928558], [14.751282, 56.72927737], [14.75100454, 56.72925418], [14.7509842, 56.72925253], [14.74741958, 56.72895559], [14.74336476, 56.72861776], [14.74297135, 56.72858488], [14.74158588, 56.72848762], [14.74086836, 56.72843717], [14.74083076, 56.72863335], [14.74075025, 56.72905256], [14.74069082, 56.7294834], [14.7405846, 56.72958521], [14.74060679, 56.73021931], [14.7405712, 56.7303969], [14.74067919, 56.73058611], [14.7406571, 56.73093618], [14.74080822, 56.73108605], [14.7410155, 56.73120387], [14.74111319, 56.7312259], [14.74124556, 56.73131995], [14.74141084, 56.73141065], [14.74154776, 56.73143106], [14.74163489, 56.73149977], [14.74164638, 56.73159321], [14.74170414, 56.73165998], [14.74183003, 56.73175581], [14.74192109, 56.73178321], [14.74200868, 56.73182318], [14.74214789, 56.73190296], [14.74229744, 56.73195043], [14.74236122, 56.73204415], [14.74253567, 56.7321743], [14.74263522, 56.73227906], [14.74271205, 56.7323764], [14.74281223, 56.73244874], [14.74292297, 56.73247448], [14.74317597, 56.73243161], [14.74345933, 56.73252013], [14.74356754, 56.73258125], [14.74356401, 56.73272487], [14.74349458, 56.73288595], [14.74359052, 56.73296744], [14.74383409, 56.73302309], [14.74402873, 56.73307837], [14.74405781, 56.73322214], [14.74405578, 56.73330298], [14.74405739, 56.73330442], [14.74418201, 56.73341012], [14.74418348, 56.73341138], [14.74418375, 56.73341165], [14.74305236, 56.73371813], [14.74305196, 56.73371831], [14.74305477, 56.73401724], [14.74341313, 56.73417813], [14.74355669, 56.73431387], [14.74360004, 56.73453869], [14.74358039, 56.73467312], [14.7436267, 56.73478118], [14.74372232, 56.73487164], [14.74373436, 56.73504242], [14.74377863, 56.73523122], [14.7447428, 56.7352023], [14.74474307, 56.7352023], [14.74461038, 56.73529095], [14.74461011, 56.73529104], [14.74450748, 56.73547892], [14.744486, 56.73568528], [14.7444803, 56.73590964], [14.74447493, 56.73612502], [14.74455438, 56.73621545], [14.74461863, 56.73626076], [14.74474334, 56.73649509], [14.74483301, 56.73682788], [14.7449401, 56.73711598], [14.74513452, 56.73782641], [14.74513465, 56.73782668], [14.74501984, 56.73786156], [14.74501943, 56.73786174], [14.74503254, 56.73799641], [14.74506221, 56.73811333], [14.74504505, 56.73814024], [14.74505651, 56.73833787], [14.74511711, 56.73852679], [14.74519492, 56.73867992], [14.74525807, 56.73877014], [14.74543355, 56.73893307], [14.74544719, 56.73904995], [14.7453619, 56.73918388], [14.74555265, 56.73940083], [14.74551559, 56.73958013], [14.74533888, 56.73995647], [14.74537115, 56.74058609], [14.74538887, 56.74093697], [14.74531357, 56.74162583], [14.74533163, 56.74254339], [14.74531155, 56.74292041], [14.7452372, 56.74323077], [14.74519992, 56.74357947], [14.74519977, 56.74358099], [14.74519759, 56.74362419], [14.74519525, 56.74367107], [14.74385982, 56.74370678], [14.73964859, 56.74164673], [14.73394032, 56.74246849], [14.73406588, 56.74261463], [14.73469923, 56.74274676], [14.73520369, 56.74314942], [14.73546932, 56.74341055], [14.73517144, 56.7435565], [14.73410911, 56.74365152], [14.73343009, 56.74402723], [14.73313833, 56.74383942], [14.73299209, 56.74362569], [14.7326684, 56.74334188], [14.73209234, 56.74275457], [14.73173389, 56.74281002], [14.7330964, 56.74543787], [14.73498371, 56.74567291], [14.73683753, 56.74640124], [14.73778718, 56.74681498], [14.73846483, 56.7470644], [14.73891755, 56.74720367], [14.7392911, 56.74727038], [14.73966431, 56.74734607], [14.74016598, 56.74748589], [14.74127526, 56.74800898], [14.74128466, 56.7480134], [14.74150034, 56.74811902], [14.74168308, 56.74823087], [14.74278919, 56.74900525], [14.74722162, 56.74973737], [14.75137262, 56.75037779], [14.75403675, 56.75363771], [14.75403688, 56.75363789], [14.74502831, 56.75900436], [14.74502804, 56.75900454], [14.74816738, 56.7678514], [14.74819558, 56.76793059], [14.74891814, 56.76996638], [14.75019292, 56.77365867], [14.75348308, 56.78282166], [14.75532468, 56.78346211], [14.75584121, 56.78364177], [14.75841615, 56.78530693], [14.76013463, 56.78708473], [14.76296671, 56.79001342], [14.76395697, 56.79103763], [14.76628965, 56.79140193], [14.76932606, 56.79187626], [14.77093519, 56.79133105], [14.77299184, 56.79063422], [14.77303593, 56.7906193], [14.7784705, 56.78877778], [14.7785012, 56.78876733], [14.78597274, 56.78623478], [14.78894368, 56.78543075], [14.78919424, 56.78505788], [14.7892593, 56.78496098], [14.78937879, 56.78478298], [14.78948603, 56.78462346], [14.7902129, 56.7835411], [14.79145801, 56.78105823], [14.79677684, 56.78105838], [14.79771776, 56.7810468], [14.79852142, 56.78103687], [14.79960852, 56.78104562], [14.79974772, 56.78103256], [14.80058173, 56.78087365], [14.80164902, 56.78066859], [14.80217212, 56.78055741], [14.80333389, 56.78037171], [14.8040652, 56.78064914], [14.80517638, 56.78105974], [14.80650019, 56.78156273], [14.80678629, 56.7816141], [14.8069241, 56.78160955], [14.80724863, 56.78269319], [14.80818231, 56.78603746], [14.80861945, 56.78656978], [14.80977441, 56.78797606], [14.810322, 56.7886429], [14.81277286, 56.79078611], [14.81298306, 56.79096984], [14.81555089, 56.79321476], [14.81935771, 56.79654249], [14.81936333, 56.79661103], [14.81979202, 56.80183341], [14.81995099, 56.80376853], [14.82010371, 56.80562784], [14.82036514, 56.80605073], [14.82125682, 56.80749235], [14.82127253, 56.80754088], [14.82157118, 56.80846384], [14.82152739, 56.80849881], [14.82081013, 56.80907137], [14.82073951, 56.80915426], [14.82042647, 56.80952144], [14.82034471, 56.80961734], [14.82001191, 56.81004719], [14.81987663, 56.81031923], [14.81964194, 56.81079126], [14.81942289, 56.81126644], [14.81925619, 56.8114992], [14.81836262, 56.81223208], [14.81828788, 56.81294146], [14.81765739, 56.81358562], [14.8180164, 56.81366797], [14.81867171, 56.81361701], [14.82045652, 56.81351675], [14.82046945, 56.81361009], [14.82053107, 56.81405604], [14.82080443, 56.81442559], [14.82085568, 56.81461303], [14.82094489, 56.81493821], [14.82115267, 56.81518551], [14.8213313, 56.8153981], [14.82142185, 56.81575517], [14.82161404, 56.81624218], [14.82173541, 56.81696809], [14.82173593, 56.81697187], [14.82176169, 56.8171211], [14.82180402, 56.81736816], [14.82182715, 56.81750229], [14.82191082, 56.81774843], [14.82211944, 56.81836219], [14.82214209, 56.81842887], [14.82216433, 56.81846725], [14.82243004, 56.81892418], [14.82350116, 56.82017832], [14.82346525, 56.82023118], [14.8233854, 56.82034882], [14.82316743, 56.82059461], [14.82315479, 56.82060888], [14.82313696, 56.82066661], [14.82303758, 56.82077164], [14.82283047, 56.8217193], [14.82199362, 56.82236239], [14.82000978, 56.82691787], [14.8200137, 56.82691779], [14.82434535, 56.82730443], [14.82479847, 56.82734405], [14.82520787, 56.82737346], [14.82563143, 56.82740683], [14.8259023, 56.82738467]]]}, "properties": {"deso": "0780A0020", "pop": 1688.0, "income": 377.1, "male_frac": 0.5077, "child_frac": 0.2174, "elder_frac": 0.2044, "dependency": 0.7295, "needZ": -0.0051, "needZ_v1": 0.0168, "regso": "0780R013", "higher_ed": 59.3, "neet": 7.6, "income_support": 0.1}}, {"type": "Feature", "geometry": {"type": "Polygon", "coordinates": [[[14.789746, 56.83886648], [14.79500853, 56.83899513], [14.79754911, 56.83850932], [14.7993297, 56.83837126], [14.79953261, 56.83869135], [14.80089806, 56.838415], [14.80247735, 56.83812829], [14.802522, 56.83812019], [14.80267257, 56.83809294], [14.80414023, 56.83782723], [14.80436785, 56.8377957], [14.8061136, 56.83756085], [14.80771555, 56.83756028], [14.80975226, 56.83732241], [14.81025646, 56.8367972], [14.8138041, 56.83696053], [14.81475438, 56.83560837], [14.81412228, 56.8354515], [14.81430685, 56.83526675], [14.81471642, 56.83418163], [14.81410501, 56.83405407], [14.81676958, 56.83385089], [14.81577092, 56.83329811], [14.81691877, 56.8322437], [14.81679787, 56.83223616], [14.81648003, 56.83218162], [14.81643467, 56.83217437], [14.81582684, 56.83209273], [14.81578038, 56.8320879], [14.81516434, 56.83202753], [14.81454253, 56.8319887], [14.81449551, 56.8319863], [14.81387048, 56.83196902], [14.81381521, 56.83196921], [14.8131894, 56.83197375], [14.81305425, 56.83197768], [14.81274192, 56.83198673], [14.81255055, 56.83199228], [14.81211846, 56.83198032], [14.81206076, 56.83198041], [14.81143494, 56.83198495], [14.81126749, 56.83198981], [14.81095489, 56.83199886], [14.81064256, 56.83200791], [14.81042496, 56.83201422], [14.80980093, 56.8320404], [14.80974389, 56.83204364], [14.80943689, 56.83206733], [14.80907968, 56.83194526], [14.80903813, 56.83193172], [14.80848736, 56.8317692], [14.8084435, 56.83175809], [14.80787493, 56.83161494], [14.80729086, 56.83149189], [14.80724523, 56.8314831], [14.80664808, 56.83138051], [14.80604029, 56.83129882], [14.8059933, 56.83129255], [14.80537729, 56.83123213], [14.80532947, 56.83122837], [14.80470768, 56.83118949], [14.80429952, 56.83117817], [14.80428536, 56.83117258], [14.80375445, 56.83099121], [14.80371344, 56.83097722], [14.8031627, 56.83081468], [14.80311939, 56.83080302], [14.80255086, 56.83065985], [14.80211866, 56.83056881], [14.80196681, 56.83053677], [14.8019216, 56.83052754], [14.80132448, 56.83042491], [14.8012779, 56.8304181], [14.80067013, 56.83033639], [14.80030549, 56.8303006], [14.80005415, 56.83027594], [14.80000647, 56.83027173], [14.7993847, 56.83023283], [14.79933661, 56.83023114], [14.79896277, 56.83022075], [14.7988796, 56.83020957], [14.79826362, 56.83014911], [14.79808788, 56.83013805], [14.79746612, 56.83009914], [14.79684113, 56.83008178], [14.79621535, 56.83008623], [14.79559134, 56.83011234], [14.79541496, 56.8301204], [14.79479529, 56.83016807], [14.79418225, 56.83023721], [14.79357856, 56.83032747], [14.79340856, 56.83035422], [14.79281664, 56.83046525], [14.79223866, 56.83059659], [14.79167705, 56.83074772], [14.79151978, 56.83079219], [14.79097684, 56.83096247], [14.79045474, 56.83115121], [14.7899555, 56.83135776], [14.7898046, 56.83142379], [14.78933039, 56.83164727], [14.78888298, 56.8318867], [14.78885655, 56.83190084], [14.78843784, 56.83215531], [14.78831374, 56.83223594], [14.78793972, 56.83249443], [14.78787414, 56.8325254], [14.78742671, 56.83276481], [14.78730537, 56.83283493], [14.78688663, 56.8330894], [14.78649821, 56.83335783], [14.7861416, 56.83363925], [14.78604762, 56.8337211], [14.78572446, 56.83401434], [14.78543596, 56.83431824], [14.78518321, 56.83463146], [14.78512012, 56.83472171], [14.78496242, 56.83495649], [14.78251384, 56.83508689], [14.78148456, 56.83551174], [14.78143641, 56.83667813], [14.78223563, 56.83957369], [14.78364633, 56.83972748], [14.789746, 56.83886648]]]}, "properties": {"deso": "0780C1022", "pop": 1975.0, "income": 336.5, "male_frac": 0.4802, "child_frac": 0.2795, "elder_frac": 0.0734, "dependency": 0.5454, "needZ": -0.3076, "needZ_v1": -0.0035, "regso": "0780R015", "higher_ed": 84.2, "neet": 9.0, "income_support": 0.3}}, {"type": "Feature", "geometry": {"type": "Polygon", "coordinates": [[[14.80189613, 56.87181467], [14.80312818, 56.87171719], [14.80356868, 56.87168223], [14.80577902, 56.87150721], [14.80576999, 56.87144828], [14.80583651, 56.87145485], [14.80594498, 56.87145798], [14.8061659, 56.87145617], [14.80624288, 56.87145252], [14.8063199, 56.87144312], [14.80648405, 56.87140609], [14.80661489, 56.87137387], [14.80666292, 56.87137134], [14.80671078, 56.8713769], [14.80671781, 56.87137664], [14.80671795, 56.87137664], [14.81209814, 56.87110847], [14.8119694, 56.86749038], [14.80712447, 56.86277928], [14.80676922, 56.86243185], [14.80620628, 56.86210466], [14.80554658, 56.86174032], [14.80550112, 56.86171798], [14.80436226, 56.86109977], [14.8021684, 56.85990909], [14.79760671, 56.85744146], [14.79760129, 56.85744289], [14.79752309, 56.85740055], [14.79313379, 56.85502142], [14.79307526, 56.8549933], [14.79019516, 56.8534552], [14.7903657, 56.8537138], [14.79061503, 56.85402787], [14.79069548, 56.85412384], [14.7909807, 56.85442871], [14.79130073, 56.85472305], [14.79165436, 56.85500567], [14.79175791, 56.85508398], [14.79210649, 56.85532779], [14.79226587, 56.85562787], [14.79231208, 56.85590163], [14.79240919, 56.85623987], [14.7924403, 56.85633513], [14.79245551, 56.85637234], [14.79231934, 56.85642151], [14.79181978, 56.85662807], [14.79134527, 56.85685156], [14.79089757, 56.85709099], [14.79047859, 56.85734546], [14.79008994, 56.85761391], [14.78973313, 56.85789534], [14.78940978, 56.85818859], [14.78912113, 56.8584925], [14.78886825, 56.85880572], [14.78865224, 56.85912709], [14.78847391, 56.85945534], [14.78833409, 56.85978914], [14.78823319, 56.86012705], [14.78818433, 56.86039795], [14.78801354, 56.86046853], [14.78753895, 56.860692], [14.78750288, 56.86070909], [14.78705511, 56.8609485], [14.78702215, 56.8609674], [14.78660309, 56.86122186], [14.78651742, 56.86128099], [14.79014687, 56.86587419], [14.79288002, 56.86884241], [14.79307178, 56.86907069], [14.79312366, 56.86910607], [14.7938727, 56.86960859], [14.79475343, 56.87027308], [14.79541484, 56.87087811], [14.79625285, 56.87172216], [14.79628741, 56.87176003], [14.79719611, 56.87142424], [14.79789657, 56.87122058], [14.79829986, 56.87113762], [14.79842336, 56.87111213], [14.79860901, 56.87110156], [14.79889858, 56.87108487], [14.79918169, 56.87108757], [14.79953311, 56.87109083], [14.79973219, 56.87112411], [14.79988315, 56.87114932], [14.80039016, 56.8712739], [14.8011405, 56.87150737], [14.80189329, 56.87181494], [14.80189613, 56.87181467]]]}, "properties": {"deso": "0780C1080", "pop": 1443.0, "income": 462.9, "male_frac": 0.4833, "child_frac": 0.1733, "elder_frac": 0.2301, "dependency": 0.676, "needZ": -0.6818, "needZ_v1": -0.8526, "regso": "0780R014", "higher_ed": 78.0, "neet": 7.9, "income_support": 0.1}}, {"type": "Feature", "geometry": {"type": "Polygon", "coordinates": [[[14.82579546, 56.84620719], [14.82832513, 56.84588124], [14.82872072, 56.84581119], [14.82888764, 56.84575654], [14.82898259, 56.84571598], [14.8289979, 56.84570729], [14.82921923, 56.84558139], [14.82911294, 56.84529176], [14.82931417, 56.84518407], [14.8305115, 56.84493385], [14.8310753, 56.84484884], [14.83143464, 56.84477918], [14.83167282, 56.84469076], [14.83188548, 56.84456305], [14.83214338, 56.84435574], [14.83220955, 56.84428038], [14.83226427, 56.84428458], [14.8323434, 56.84418337], [14.83245538, 56.84404844], [14.83250969, 56.84387327], [14.8324452, 56.84363516], [14.83239038, 56.84337983], [14.83317637, 56.84338672], [14.83576359, 56.84340964], [14.83521283, 56.84311915], [14.83555997, 56.84295973], [14.83667996, 56.84296677], [14.83662776, 56.84287904], [14.83662561, 56.84287571], [14.83659592, 56.84283481], [14.83636468, 56.84251664], [14.83636038, 56.84251124], [14.83634693, 56.84249568], [14.83638328, 56.84234313], [14.83641635, 56.84219713], [14.83641954, 56.84217953], [14.83643546, 56.84206251], [14.83647655, 56.84172081], [14.83647842, 56.84169647], [14.83648031, 56.84154001], [14.83648181, 56.84119762], [14.83647924, 56.84116582], [14.83644113, 56.84082401], [14.83636327, 56.8404843], [14.83635609, 56.84045734], [14.83623916, 56.840121], [14.83622697, 56.84009457], [14.83607123, 56.83976294], [14.83587722, 56.83943736], [14.83586016, 56.83941174], [14.83562895, 56.83909356], [14.83536122, 56.83878396], [14.8353397, 56.83875932], [14.83503678, 56.83845974], [14.83501066, 56.83843653], [14.83467351, 56.83814803], [14.8343036, 56.8378718], [14.83427342, 56.83785011], [14.8338721, 56.83758731], [14.83383813, 56.83756741], [14.83340729, 56.83731903], [14.83294855, 56.83708605], [14.83291106, 56.83706813], [14.83242617, 56.83685164], [14.83191728, 56.83665228], [14.83187667, 56.8366366], [14.83134555, 56.83645534], [14.83130209, 56.8364419], [14.83075183, 56.83627966], [14.83050611, 56.8361958], [14.82995518, 56.83603337], [14.82991293, 56.8360211], [14.82934422, 56.83587805], [14.82929993, 56.83586811], [14.82871572, 56.83574516], [14.82811845, 56.83564266], [14.82806497, 56.83563387], [14.82728555, 56.83552789], [14.82667764, 56.8354463], [14.82662199, 56.83544039], [14.82600588, 56.83538007], [14.825384, 56.8353413], [14.82533563, 56.83533871], [14.82521997, 56.8353355], [14.82505302, 56.83517027], [14.82502908, 56.83514661], [14.82469203, 56.83485809], [14.82466389, 56.83483577], [14.82429409, 56.83455951], [14.82389288, 56.83429667], [14.82386094, 56.83427615], [14.82343021, 56.83402773], [14.82339449, 56.83400899], [14.82293585, 56.83377598], [14.82245105, 56.83355946], [14.8224056, 56.83353999], [14.82189682, 56.83334059], [14.82150321, 56.83318886], [14.82143267, 56.83316163], [14.82138666, 56.83314567], [14.82085564, 56.83296437], [14.82030479, 56.83280191], [14.82026323, 56.83279026], [14.8196946, 56.83264717], [14.81965113, 56.83263785], [14.819067, 56.83251485], [14.81846981, 56.83241231], [14.81842484, 56.83240524], [14.81781701, 56.83232361], [14.81777122, 56.83231887], [14.81715518, 56.83225851], [14.81691877, 56.8322437], [14.81577092, 56.83329811], [14.81676958, 56.83385089], [14.81410501, 56.83405407], [14.81471642, 56.83418163], [14.81430685, 56.83526675], [14.81412228, 56.8354515], [14.81475438, 56.83560837], [14.8138041, 56.83696053], [14.81025646, 56.8367972], [14.80975226, 56.83732241], [14.80771555, 56.83756028], [14.8061136, 56.83756085], [14.80436785, 56.8377957], [14.80414023, 56.83782723], [14.80267257, 56.83809294], [14.802522, 56.83812019], [14.80247735, 56.83812829], [14.80089806, 56.838415], [14.79953261, 56.83869135], [14.80038793, 56.84005042], [14.80110063, 56.84117349], [14.80147811, 56.84153516], [14.80147852, 56.84153552], [14.80117433, 56.8416765], [14.8007395, 56.84200662], [14.80048519, 56.84227234], [14.80024308, 56.84255668], [14.80010501, 56.84287137], [14.79998888, 56.84323145], [14.80002861, 56.84346019], [14.80009344, 56.84380098], [14.80060964, 56.84469532], [14.80082988, 56.84468867], [14.8013539, 56.84459735], [14.80147823, 56.84460338], [14.80241952, 56.84443934], [14.80253563, 56.844415], [14.80308183, 56.84431958], [14.8030821, 56.84431958], [14.80326009, 56.84430136], [14.80361501, 56.84423204], [14.80398009, 56.84416085], [14.8041997, 56.84411808], [14.80424232, 56.84410952], [14.80432893, 56.84409053], [14.80441407, 56.84406982], [14.80449772, 56.84404741], [14.80458112, 56.84402284], [14.80466263, 56.84399656], [14.80474212, 56.84396857], [14.80482217, 56.84393798], [14.80489966, 56.84390567], [14.80497499, 56.84387175], [14.80505115, 56.84383441], [14.80512435, 56.84379546], [14.80519471, 56.84375479], [14.80524977, 56.84372038], [14.80528896, 56.84369628], [14.80532707, 56.84367164], [14.80536411, 56.84364655], [14.80544127, 56.84359898], [14.80599267, 56.84335669], [14.8060888, 56.84332729], [14.80618734, 56.84330023], [14.8062879, 56.8432756], [14.80654543, 56.84321699], [14.80680297, 56.84315819], [14.8070605, 56.84309958], [14.80720557, 56.84306639], [14.80730761, 56.84304374], [14.80751396, 56.84300112], [14.80761882, 56.84298107], [14.80772435, 56.84296201], [14.80783042, 56.84294403], [14.80797842, 56.84291947], [14.80824534, 56.84287533], [14.80851252, 56.84283128], [14.80877944, 56.84278714], [14.80908599, 56.8427365], [14.80950768, 56.84268972], [14.80966596, 56.84266499], [14.81003266, 56.84264148], [14.81019532, 56.84263113], [14.81056972, 56.84260718], [14.8106826, 56.84260456], [14.81099682, 56.8425877], [14.81110523, 56.84258598], [14.81143709, 56.84258181], [14.81165159, 56.84258501], [14.81185958, 56.84259188], [14.81196647, 56.84259707], [14.81207323, 56.84260235], [14.81230185, 56.84261886], [14.81246358, 56.84263357], [14.8126742, 56.84265553], [14.81293963, 56.84269042], [14.8131113, 56.84271573], [14.81336481, 56.84275635], [14.81378567, 56.84282327], [14.81394275, 56.84284856], [14.81435199, 56.84291339], [14.8144321, 56.84292312], [14.81518628, 56.84288202], [14.81557666, 56.84290766], [14.81593136, 56.8429327], [14.81645957, 56.84294022], [14.81702774, 56.84292893], [14.81777933, 56.84289149], [14.81795086, 56.8429486], [14.8181106, 56.84301126], [14.81903768, 56.84327308], [14.81934374, 56.84335076], [14.81957933, 56.84341057], [14.81981465, 56.84347019], [14.8200501, 56.84352999], [14.82039896, 56.84361851], [14.82050602, 56.8436457], [14.82090714, 56.84374741], [14.82097343, 56.8437643], [14.82128422, 56.84384343], [14.82171246, 56.84392542], [14.82371879, 56.84431072], [14.82396405, 56.84435768], [14.82407741, 56.84448403], [14.82408793, 56.84492075], [14.82409883, 56.84536447], [14.82415131, 56.84636701], [14.82415264, 56.846458], [14.82415262, 56.84646204], [14.82579546, 56.84620719]]]}, "properties": {"deso": "0780C1010", "pop": 2585.0, "income": 336.5, "male_frac": 0.5012, "child_frac": 0.1965, "elder_frac": 0.1749, "dependency": 0.5908, "needZ": -0.2675, "needZ_v1": 0.09, "regso": "0780R015", "higher_ed": 84.2, "neet": 9.0, "income_support": 0.3}}, {"type": "Feature", "geometry": {"type": "Polygon", "coordinates": [[[14.82318607, 56.85064579], [14.82318581, 56.85064516], [14.82318081, 56.85064453], [14.82033459, 56.85028371], [14.81954908, 56.85023218], [14.81930777, 56.85022806], [14.81398758, 56.84994325], [14.81394825, 56.84999529], [14.81384939, 56.85011029], [14.81380358, 56.8501069], [14.81346287, 56.85008214], [14.81329166, 56.85006598], [14.81318234, 56.85005441], [14.81307184, 56.85003754], [14.81296378, 56.85001699], [14.81290707, 56.85000406], [14.8128035, 56.84997741], [14.81270388, 56.84994699], [14.81260834, 56.849912], [14.81251768, 56.84987414], [14.81235935, 56.84979594], [14.8122622, 56.8497304], [14.81214923, 56.84963943], [14.8120817, 56.8495707], [14.81202743, 56.84950191], [14.81197297, 56.84941659], [14.81193884, 56.8493207], [14.81192118, 56.84922996], [14.81192057, 56.84913565], [14.81192452, 56.84910332], [14.81219033, 56.84801924], [14.81224056, 56.84765331], [14.81211026, 56.84716342], [14.81210323, 56.84713664], [14.81215491, 56.84685936], [14.81303086, 56.84673214], [14.81314851, 56.84650714], [14.81311576, 56.84624267], [14.81285414, 56.84625233], [14.81281749, 56.84595686], [14.81281438, 56.84593], [14.81327584, 56.84547863], [14.81396323, 56.84531448], [14.81409562, 56.84511367], [14.81417478, 56.84496082], [14.81414205, 56.84436384], [14.81420961, 56.84398652], [14.81418519, 56.84378654], [14.81416259, 56.84360004], [14.8144321, 56.84292312], [14.81435199, 56.84291339], [14.81394275, 56.84284856], [14.81378567, 56.84282327], [14.81336481, 56.84275635], [14.8131113, 56.84271573], [14.81293963, 56.84269042], [14.8126742, 56.84265553], [14.81246358, 56.84263357], [14.81230185, 56.84261886], [14.81207323, 56.84260235], [14.81196647, 56.84259707], [14.81185958, 56.84259188], [14.81165159, 56.84258501], [14.81143709, 56.84258181], [14.81110523, 56.84258598], [14.81099682, 56.8425877], [14.8106826, 56.84260456], [14.81056972, 56.84260718], [14.81019532, 56.84263113], [14.81003266, 56.84264148], [14.80966596, 56.84266499], [14.80950768, 56.84268972], [14.80908599, 56.8427365], [14.80877944, 56.84278714], [14.80851252, 56.84283128], [14.80824534, 56.84287533], [14.80797842, 56.84291947], [14.80783042, 56.84294403], [14.80772435, 56.84296201], [14.80761882, 56.84298107], [14.80751396, 56.84300112], [14.80730761, 56.84304374], [14.80720557, 56.84306639], [14.8070605, 56.84309958], [14.80680297, 56.84315819], [14.80654543, 56.84321699], [14.8062879, 56.8432756], [14.80618734, 56.84330023], [14.8060888, 56.84332729], [14.80599267, 56.84335669], [14.80544127, 56.84359898], [14.80536411, 56.84364655], [14.80532707, 56.84367164], [14.80528896, 56.84369628], [14.80524977, 56.84372038], [14.80519471, 56.84375479], [14.80512435, 56.84379546], [14.80505115, 56.84383441], [14.80497499, 56.84387175], [14.80489966, 56.84390567], [14.80482217, 56.84393798], [14.80474212, 56.84396857], [14.80466263, 56.84399656], [14.80458112, 56.84402284], [14.80449772, 56.84404741], [14.80441407, 56.84406982], [14.80432893, 56.84409053], [14.80424232, 56.84410952], [14.8041997, 56.84411808], [14.80398009, 56.84416085], [14.80361501, 56.84423204], [14.80326009, 56.84430136], [14.8030821, 56.84431958], [14.80308183, 56.84431958], [14.8030821, 56.84432012], [14.80431817, 56.84630877], [14.80570819, 56.84616463], [14.8084791, 56.84635941], [14.80823224, 56.8474197], [14.80875942, 56.84745411], [14.80849275, 56.84858218], [14.80959241, 56.84865904], [14.80937086, 56.84961007], [14.80985766, 56.84964332], [14.80962689, 56.85062721], [14.80952084, 56.85069217], [14.80927129, 56.85177626], [14.80975488, 56.8518087], [14.80953349, 56.85275317], [14.80944176, 56.85279174], [14.80929188, 56.85309771], [14.80913668, 56.85394509], [14.80912333, 56.85409651], [14.80936431, 56.85432914], [14.81044259, 56.8541216], [14.8116423, 56.85401707], [14.81285784, 56.85398818], [14.81285839, 56.853988], [14.81900312, 56.85432893], [14.82216788, 56.85452713], [14.82216815, 56.85452713], [14.82318607, 56.85064579]]]}, "properties": {"deso": "0780C1030", "pop": 1416.0, "income": 268.4, "male_frac": 0.4904, "child_frac": 0.1497, "elder_frac": 0.209, "dependency": 0.5595, "needZ": 0.7457, "needZ_v1": 0.6279, "regso": "0780R016", "higher_ed": 72.4, "neet": 21.1, "income_support": 1.3}}, {"type": "Feature", "geometry": {"type": "Polygon", "coordinates": [[[14.82674546, 56.85467673], [14.82690951, 56.85393721], [14.82704661, 56.85390866], [14.82720574, 56.85320704], [14.82737344, 56.85302063], [14.82757078, 56.85262165], [14.82784874, 56.85256787], [14.82807707, 56.85260448], [14.82814635, 56.85247416], [14.82824125, 56.85238815], [14.82873739, 56.85145543], [14.82867373, 56.85139085], [14.82647686, 56.85103995], [14.82622449, 56.8510008], [14.82597089, 56.85096398], [14.82571634, 56.85092932], [14.82546083, 56.8508968], [14.8252045, 56.85086663], [14.82494721, 56.8508386], [14.82468883, 56.850813], [14.82444822, 56.85080368], [14.82411987, 56.85079361], [14.82379081, 56.8507909], [14.82318635, 56.85064526], [14.82318581, 56.85064516], [14.82318607, 56.85064579], [14.82216815, 56.85452713], [14.82671011, 56.85483584], [14.82674546, 56.85467673]]]}, "properties": {"deso": "0780C1050", "pop": 1541.0, "income": 197.5, "male_frac": 0.5684, "child_frac": 0.026, "elder_frac": 0.0039, "dependency": 0.0308, "needZ": -0.4301, "needZ_v1": 0.1654, "regso": "0780R017", "higher_ed": 97.5, "neet": 8.6, "income_support": 0.2}}, {"type": "Feature", "geometry": {"type": "Polygon", "coordinates": [[[14.79760671, 56.85744146], [14.8062736, 56.85512513], [14.80610203, 56.85496516], [14.80553256, 56.85430285], [14.80521147, 56.85377538], [14.80499298, 56.85343642], [14.80484501, 56.85313458], [14.80466545, 56.85271934], [14.80466054, 56.85270334], [14.80451044, 56.85221296], [14.80415243, 56.85112434], [14.80415003, 56.85111831], [14.80364664, 56.84981021], [14.803268, 56.84905477], [14.80325485, 56.84903571], [14.80230015, 56.84764542], [14.80155196, 56.84640599], [14.80115052, 56.84563219], [14.80111542, 56.84557169], [14.80060964, 56.84469532], [14.80009344, 56.84380098], [14.80002861, 56.84346019], [14.79998888, 56.84323145], [14.80010501, 56.84287137], [14.80024308, 56.84255668], [14.80048519, 56.84227234], [14.8007395, 56.84200662], [14.80117433, 56.8416765], [14.80147852, 56.84153552], [14.80147811, 56.84153516], [14.80110063, 56.84117349], [14.80038793, 56.84005042], [14.79953261, 56.83869135], [14.7993297, 56.83837126], [14.79754911, 56.83850932], [14.79500853, 56.83899513], [14.789746, 56.83886648], [14.78364633, 56.83972748], [14.78223563, 56.83957369], [14.78364256, 56.84467031], [14.78566906, 56.84505967], [14.78591829, 56.84537375], [14.78593857, 56.84539758], [14.78622368, 56.84570247], [14.78628487, 56.84575871], [14.7862903, 56.84577749], [14.78629576, 56.84579295], [14.78629735, 56.84579798], [14.78643333, 56.84613225], [14.78643641, 56.84613846], [14.78644308, 56.84615311], [14.78646801, 56.8462145], [14.78653783, 56.84634602], [14.78658373, 56.8466178], [14.78668076, 56.84695605], [14.78681675, 56.84729032], [14.78686199, 56.84739342], [14.78686239, 56.84739422], [14.78688232, 56.8474318], [14.78688723, 56.8474487], [14.78702322, 56.84778288], [14.78703896, 56.84781973], [14.78707409, 56.84794194], [14.78721009, 56.84827621], [14.78725466, 56.84837895], [14.78742922, 56.84870781], [14.78747772, 56.84878495], [14.78747839, 56.8487863], [14.78748803, 56.84880168], [14.78753734, 56.84887999], [14.78766669, 56.84907611], [14.78771282, 56.84918963], [14.78775753, 56.84929228], [14.7879321, 56.84962113], [14.78797417, 56.84968794], [14.78797444, 56.84968839], [14.78799575, 56.8497222], [14.78799615, 56.84972283], [14.78803782, 56.84978936], [14.78804157, 56.84979503], [14.78805939, 56.84982353], [14.78805992, 56.84982443], [14.78810186, 56.84989133], [14.78831419, 56.85021342], [14.7883883, 56.85030678], [14.78852649, 56.85056713], [14.78856842, 56.85063411], [14.78857218, 56.85063969], [14.78859, 56.85066828], [14.7885904, 56.850669], [14.78861264, 56.85070452], [14.78863288, 56.85073653], [14.78881318, 56.85100988], [14.78884328, 56.85111493], [14.7889793, 56.8514492], [14.78902375, 56.85155184], [14.78905893, 56.85161801], [14.78918549, 56.851929], [14.78922993, 56.85203165], [14.78940453, 56.8523605], [14.78943347, 56.85240663], [14.78944996, 56.85243171], [14.78946001, 56.85244772], [14.78946376, 56.85245464], [14.7894927, 56.85250077], [14.78950919, 56.85252567], [14.78951884, 56.85254105], [14.78952299, 56.85254896], [14.78955194, 56.85259509], [14.78976429, 56.85291717], [14.79001361, 56.85323124], [14.7900938, 56.85332712], [14.79015159, 56.85338893], [14.79015333, 56.85339171], [14.79019516, 56.8534552], [14.79307526, 56.8549933], [14.79313379, 56.85502142], [14.79752309, 56.85740055], [14.79760129, 56.85744289], [14.79760671, 56.85744146]]]}, "properties": {"deso": "0780C1021", "pop": 1845.0, "income": 336.5, "male_frac": 0.4759, "child_frac": 0.1724, "elder_frac": 0.2547, "dependency": 0.7455, "needZ": -0.1308, "needZ_v1": 0.4089, "regso": "0780R015", "higher_ed": 84.2, "neet": 9.0, "income_support": 0.3}}, {"type": "Feature", "geometry": {"type": "Polygon", "coordinates": [[[14.84324512, 56.85953824], [14.84422338, 56.85950416], [14.84427557, 56.85944189], [14.84450961, 56.85912432], [14.8447065, 56.85879924], [14.84486514, 56.858468], [14.84490597, 56.85837213], [14.84502582, 56.85803609], [14.84505169, 56.85792762], [14.84508319, 56.85789676], [14.84535369, 56.85758785], [14.84558772, 56.85727027], [14.84564908, 56.85717954], [14.84584594, 56.85685446], [14.84600457, 56.85652322], [14.8461244, 56.85618718], [14.84615471, 56.85608302], [14.84623547, 56.85574352], [14.84625773, 56.85555843], [14.846271, 56.85552099], [14.84627306, 56.85551435], [14.84639839, 56.8552525], [14.8464383, 56.85514899], [14.84655812, 56.85481294], [14.84663888, 56.85447344], [14.84671588, 56.85409288], [14.84679753, 56.85399948], [14.84686401, 56.85390992], [14.847098, 56.85359234], [14.84729484, 56.85326726], [14.84745343, 56.85293602], [14.84757324, 56.85259997], [14.84760962, 56.85249627], [14.84769037, 56.85215677], [14.84772611, 56.85194412], [14.84772822, 56.85192598], [14.84773653, 56.85187686], [14.84773955, 56.85186456], [14.84777349, 56.85166529], [14.84781449, 56.85132358], [14.84781588, 56.85098119], [14.84781482, 56.85087565], [14.84777659, 56.85053385], [14.84769861, 56.85019415], [14.84758155, 56.84985781], [14.84754624, 56.8497631], [14.84739036, 56.84943148], [14.84719619, 56.84910592], [14.84696483, 56.84878776], [14.84689651, 56.84869867], [14.84662862, 56.84838909], [14.84632553, 56.84808953], [14.8459882, 56.84780107], [14.84588944, 56.84772092], [14.84551935, 56.84744472], [14.84511785, 56.84718195], [14.84468683, 56.8469336], [14.84456139, 56.84686563], [14.84410246, 56.8466327], [14.84361738, 56.84641626], [14.8431083, 56.84621694], [14.84296118, 56.84616367], [14.84242987, 56.84598247], [14.84187874, 56.8458201], [14.84130983, 56.8456771], [14.84114642, 56.84564052], [14.84056202, 56.84551762], [14.83996456, 56.84541518], [14.83935646, 56.84533365], [14.83916743, 56.84531356], [14.83855114, 56.8452533], [14.83813639, 56.84522753], [14.83798249, 56.84521242], [14.8377933, 56.84519753], [14.83757559, 56.84518395], [14.8373567, 56.84516256], [14.83727035, 56.84515571], [14.83727147, 56.84514539], [14.83727204, 56.84513919], [14.83727307, 56.84508934], [14.83727455, 56.84474695], [14.83727417, 56.84474084], [14.83723605, 56.84439903], [14.83722937, 56.84434944], [14.83722805, 56.84434343], [14.83715017, 56.84400372], [14.83713552, 56.84395403], [14.83701857, 56.84361768], [14.83701723, 56.84361409], [14.83686147, 56.84328245], [14.8368218, 56.84320462], [14.83667996, 56.84296677], [14.83555997, 56.84295973], [14.83521283, 56.84311915], [14.83576359, 56.84340964], [14.83317637, 56.84338672], [14.83239038, 56.84337983], [14.8324452, 56.84363516], [14.83250969, 56.84387327], [14.83245538, 56.84404844], [14.8323434, 56.84418337], [14.83226427, 56.84428458], [14.83220955, 56.84428038], [14.83214338, 56.84435574], [14.83188548, 56.84456305], [14.83167282, 56.84469076], [14.83143464, 56.84477918], [14.8310753, 56.84484884], [14.8305115, 56.84493385], [14.82931417, 56.84518407], [14.82911294, 56.84529176], [14.82921923, 56.84558139], [14.8289979, 56.84570729], [14.82898259, 56.84571598], [14.82888764, 56.84575654], [14.82872072, 56.84581119], [14.82832513, 56.84588124], [14.82579546, 56.84620719], [14.82415262, 56.84646204], [14.82415264, 56.846458], [14.82415131, 56.84636701], [14.82409883, 56.84536447], [14.82408793, 56.84492075], [14.82407741, 56.84448403], [14.82396405, 56.84435768], [14.82371879, 56.84431072], [14.82171246, 56.84392542], [14.82128422, 56.84384343], [14.82097343, 56.8437643], [14.82090714, 56.84374741], [14.82050602, 56.8436457], [14.82039896, 56.84361851], [14.8200501, 56.84352999], [14.81981465, 56.84347019], [14.81957933, 56.84341057], [14.81934374, 56.84335076], [14.81903768, 56.84327308], [14.8181106, 56.84301126], [14.81795086, 56.8429486], [14.81777933, 56.84289149], [14.81702774, 56.84292893], [14.81645957, 56.84294022], [14.81593136, 56.8429327], [14.81557666, 56.84290766], [14.81518628, 56.84288202], [14.8144321, 56.84292312], [14.81416259, 56.84360004], [14.81418519, 56.84378654], [14.81420961, 56.84398652], [14.81414205, 56.84436384], [14.81417478, 56.84496082], [14.81409562, 56.84511367], [14.81396323, 56.84531448], [14.81327584, 56.84547863], [14.81281438, 56.84593], [14.81281749, 56.84595686], [14.81285414, 56.84625233], [14.81311576, 56.84624267], [14.81314851, 56.84650714], [14.81303086, 56.84673214], [14.81215491, 56.84685936], [14.81210323, 56.84713664], [14.81211026, 56.84716342], [14.81224056, 56.84765331], [14.81219033, 56.84801924], [14.81192452, 56.84910332], [14.81192057, 56.84913565], [14.81192118, 56.84922996], [14.81193884, 56.8493207], [14.81197297, 56.84941659], [14.81202743, 56.84950191], [14.8120817, 56.8495707], [14.81214923, 56.84963943], [14.8122622, 56.8497304], [14.81235935, 56.84979594], [14.81251768, 56.84987414], [14.81260834, 56.849912], [14.81270388, 56.84994699], [14.8128035, 56.84997741], [14.81290707, 56.85000406], [14.81296378, 56.85001699], [14.81307184, 56.85003754], [14.81318234, 56.85005441], [14.81329166, 56.85006598], [14.81346287, 56.85008214], [14.81380358, 56.8501069], [14.81384939, 56.85011029], [14.81394825, 56.84999529], [14.81398758, 56.84994325], [14.81930777, 56.85022806], [14.81954908, 56.85023218], [14.82033459, 56.85028371], [14.82318081, 56.85064453], [14.82318581, 56.85064516], [14.82318635, 56.85064526], [14.82369593, 56.84951812], [14.82369813, 56.84951166], [14.82559101, 56.84973706], [14.82605717, 56.84976394], [14.82629732, 56.84975511], [14.82650264, 56.84973402], [14.82674429, 56.84969205], [14.82699567, 56.84959405], [14.82721474, 56.84946394], [14.82736756, 56.84933481], [14.82756817, 56.84927994], [14.82770196, 56.84932117], [14.82786691, 56.84937663], [14.82922462, 56.84965155], [14.83242743, 56.85021348], [14.83235619, 56.85060419], [14.83255343, 56.85063813], [14.83395391, 56.850768], [14.83442082, 56.85081424], [14.83534819, 56.85089721], [14.83725021, 56.85107215], [14.84199224, 56.85205763], [14.83777923, 56.85645092], [14.83587844, 56.85843263], [14.83907551, 56.85958485], [14.84324512, 56.85953824]]]}, "properties": {"deso": "0780C1040", "pop": 1751.0, "income": 268.4, "male_frac": 0.4966, "child_frac": 0.1685, "elder_frac": 0.2176, "dependency": 0.6288, "needZ": 0.807, "needZ_v1": 0.7709, "regso": "0780R016", "higher_ed": 72.4, "neet": 21.1, "income_support": 1.3}}, {"type": "Feature", "geometry": {"type": "Polygon", "coordinates": [[[14.83587844, 56.85843263], [14.83777923, 56.85645092], [14.84199224, 56.85205763], [14.83725021, 56.85107215], [14.83534819, 56.85089721], [14.83442082, 56.85081424], [14.83395391, 56.850768], [14.83255343, 56.85063813], [14.83235619, 56.85060419], [14.83242743, 56.85021348], [14.82922462, 56.84965155], [14.82786691, 56.84937663], [14.82770196, 56.84932117], [14.82756817, 56.84927994], [14.82736756, 56.84933481], [14.82721474, 56.84946394], [14.82699567, 56.84959405], [14.82674429, 56.84969205], [14.82650264, 56.84973402], [14.82629732, 56.84975511], [14.82605717, 56.84976394], [14.82559101, 56.84973706], [14.82369813, 56.84951166], [14.82369593, 56.84951812], [14.82318635, 56.85064526], [14.82379081, 56.8507909], [14.82411987, 56.85079361], [14.82444822, 56.85080368], [14.82468883, 56.850813], [14.82494721, 56.8508386], [14.8252045, 56.85086663], [14.82546083, 56.8508968], [14.82571634, 56.85092932], [14.82597089, 56.85096398], [14.82622449, 56.8510008], [14.82647686, 56.85103995], [14.82867373, 56.85139085], [14.82873739, 56.85145543], [14.82824125, 56.85238815], [14.82814635, 56.85247416], [14.82807707, 56.85260448], [14.82784874, 56.85256787], [14.82757078, 56.85262165], [14.82737344, 56.85302063], [14.82720574, 56.85320704], [14.82704661, 56.85390866], [14.82690951, 56.85393721], [14.82674546, 56.85467673], [14.82671011, 56.85483584], [14.82216815, 56.85452713], [14.82216788, 56.85452713], [14.8214992, 56.85709428], [14.82124286, 56.85816455], [14.82164562, 56.85809489], [14.82219897, 56.85814858], [14.82336263, 56.85825361], [14.82449916, 56.85834791], [14.82513316, 56.85839389], [14.82899981, 56.8589845], [14.83098413, 56.85931935], [14.83394061, 56.85993875], [14.83587844, 56.85843263]]]}, "properties": {"deso": "0780C1072", "pop": 2267.0, "income": 197.5, "male_frac": 0.526, "child_frac": 0.0146, "elder_frac": 0.0053, "dependency": 0.0203, "needZ": -0.4394, "needZ_v1": 0.1437, "regso": "0780R017", "higher_ed": 97.5, "neet": 8.6, "income_support": 0.2}}, {"type": "Feature", "geometry": {"type": "Polygon", "coordinates": [[[14.82397099, 56.86260449], [14.8318935, 56.86152967], [14.83394061, 56.85993875], [14.83098413, 56.85931935], [14.82899981, 56.8589845], [14.82513316, 56.85839389], [14.82449916, 56.85834791], [14.82336263, 56.85825361], [14.82219897, 56.85814858], [14.82164562, 56.85809489], [14.82124286, 56.85816455], [14.82095738, 56.85935622], [14.82050701, 56.86078144], [14.82037349, 56.86124112], [14.82028026, 56.86156182], [14.82026263, 56.86159988], [14.819576, 56.86309653], [14.81960169, 56.86309782], [14.82005661, 56.86313333], [14.82397099, 56.86260449]]]}, "properties": {"deso": "0780C1071", "pop": 958.0, "income": 197.5, "male_frac": 0.4869, "child_frac": 0.0741, "elder_frac": 0.2161, "dependency": 0.4088, "needZ": -0.0962, "needZ_v1": 0.9446, "regso": "0780R017", "higher_ed": 97.5, "neet": 8.6, "income_support": 0.2}}, {"type": "Feature", "geometry": {"type": "Polygon", "coordinates": [[[14.81799399, 56.86316789], [14.81815901, 56.86304939], [14.81852339, 56.86304363], [14.81852704, 56.86304372], [14.8194535, 56.86309042], [14.819576, 56.86309653], [14.82026263, 56.86159988], [14.82028026, 56.86156182], [14.82037349, 56.86124112], [14.82050701, 56.86078144], [14.82095738, 56.85935622], [14.82124286, 56.85816455], [14.8214992, 56.85709428], [14.82216788, 56.85452713], [14.81900312, 56.85432893], [14.81285839, 56.853988], [14.81285784, 56.85398818], [14.8116423, 56.85401707], [14.81044259, 56.8541216], [14.80936431, 56.85432914], [14.80912333, 56.85409651], [14.80913668, 56.85394509], [14.80929188, 56.85309771], [14.80944176, 56.85279174], [14.80953349, 56.85275317], [14.80975488, 56.8518087], [14.80927129, 56.85177626], [14.80952084, 56.85069217], [14.80962689, 56.85062721], [14.80985766, 56.84964332], [14.80937086, 56.84961007], [14.80959241, 56.84865904], [14.80849275, 56.84858218], [14.80875942, 56.84745411], [14.80823224, 56.8474197], [14.8084791, 56.84635941], [14.80570819, 56.84616463], [14.80431817, 56.84630877], [14.8030821, 56.84432012], [14.80308183, 56.84431958], [14.80253563, 56.844415], [14.80241952, 56.84443934], [14.80147823, 56.84460338], [14.8013539, 56.84459735], [14.80082988, 56.84468867], [14.80060964, 56.84469532], [14.80111542, 56.84557169], [14.80115052, 56.84563219], [14.80155196, 56.84640599], [14.80230015, 56.84764542], [14.80325485, 56.84903571], [14.803268, 56.84905477], [14.80364664, 56.84981021], [14.80415003, 56.85111831], [14.80415243, 56.85112434], [14.80451044, 56.85221296], [14.80466054, 56.85270334], [14.80466545, 56.85271934], [14.80484501, 56.85313458], [14.80499298, 56.85343642], [14.80521147, 56.85377538], [14.80553256, 56.85430285], [14.80610203, 56.85496516], [14.8062736, 56.85512513], [14.79760671, 56.85744146], [14.8021684, 56.85990909], [14.80436226, 56.86109977], [14.80550112, 56.86171798], [14.80554658, 56.86174032], [14.80620628, 56.86210466], [14.80676922, 56.86243185], [14.80712447, 56.86277928], [14.8119694, 56.86749038], [14.81799399, 56.86316789]]]}, "properties": {"deso": "0780C1060", "pop": 2766.0, "income": 336.5, "male_frac": 0.4976, "child_frac": 0.1584, "elder_frac": 0.2144, "dependency": 0.5942, "needZ": -0.2644, "needZ_v1": 0.0971, "regso": "0780R015", "higher_ed": 84.2, "neet": 9.0, "income_support": 0.3}}, {"type": "Feature", "geometry": {"type": "Polygon", "coordinates": [[[14.81694816, 56.87800584], [14.81744127, 56.87796057], [14.81868264, 56.87728443], [14.8198066, 56.87693118], [14.82051267, 56.87668268], [14.82125553, 56.87643387], [14.82333914, 56.87629205], [14.82385097, 56.87625666], [14.82438488, 56.87633169], [14.82498723, 56.87655556], [14.82502729, 56.87635029], [14.82488384, 56.87505679], [14.82482454, 56.87454564], [14.82477578, 56.87418136], [14.82456564, 56.87390298], [14.8243192, 56.87363435], [14.82438803, 56.87340864], [14.82538773, 56.8734722], [14.82607522, 56.87338451], [14.82672943, 56.87318108], [14.82712425, 56.87298923], [14.82781701, 56.87240062], [14.82824777, 56.87203664], [14.82856644, 56.87177966], [14.82915615, 56.8715623], [14.82963331, 56.87143046], [14.83022837, 56.87137155], [14.83274469, 56.87116602], [14.83328234, 56.87111824], [14.8336956, 56.87105421], [14.8339709, 56.8709882], [14.83457948, 56.87074551], [14.8350672, 56.87035984], [14.83584626, 56.86948478], [14.8363641, 56.86885556], [14.83533164, 56.8685172], [14.83449051, 56.86813445], [14.83317831, 56.8675029], [14.8361956, 56.86559986], [14.83624537, 56.8655693], [14.83744419, 56.86486264], [14.83965139, 56.86348687], [14.84117033, 56.86246479], [14.84224146, 56.86165553], [14.84352428, 56.86059692], [14.84439329, 56.85991269], [14.84396249, 56.85980446], [14.84419973, 56.8595335], [14.8442106, 56.85951951], [14.84422338, 56.85950416], [14.84324512, 56.85953824], [14.83907551, 56.85958485], [14.83587844, 56.85843263], [14.83394061, 56.85993875], [14.8318935, 56.86152967], [14.82397099, 56.86260449], [14.82005661, 56.86313333], [14.81960169, 56.86309782], [14.819576, 56.86309653], [14.8194535, 56.86309042], [14.81852704, 56.86304372], [14.81852339, 56.86304363], [14.81815901, 56.86304939], [14.81799399, 56.86316789], [14.8119694, 56.86749038], [14.81209814, 56.87110847], [14.80671795, 56.87137664], [14.80671781, 56.87137664], [14.80671078, 56.8713769], [14.8067421, 56.87138943], [14.80676851, 56.87140914], [14.80679635, 56.87143918], [14.8067969, 56.87143909], [14.80682865, 56.87147318], [14.80688889, 56.87154235], [14.80693884, 56.871615], [14.8069882, 56.87166932], [14.80704812, 56.87172358], [14.80719069, 56.87183077], [14.80727019, 56.87191802], [14.80729716, 56.87198623], [14.80730497, 56.8720466], [14.80730917, 56.87212412], [14.80911766, 56.87286934], [14.80920417, 56.87290962], [14.80924734, 56.87295954], [14.80926381, 56.87301875], [14.80939419, 56.87352894], [14.80987564, 56.87521189], [14.81008026, 56.87594512], [14.81015499, 56.87636181], [14.81117931, 56.87619405], [14.81180724, 56.87607779], [14.81258511, 56.87595213], [14.81343501, 56.87581284], [14.81372961, 56.87574394], [14.81374362, 56.87578384], [14.81374321, 56.87578447], [14.81374348, 56.87578438], [14.8132135, 56.87663606], [14.81321323, 56.87663659], [14.81340367, 56.87664568], [14.81349638, 56.87663899], [14.81362354, 56.87669604], [14.81364459, 56.8766799], [14.8137821, 56.87667014], [14.81392866, 56.87660739], [14.81401569, 56.87654528], [14.81411352, 56.87648659], [14.8141138, 56.87648605], [14.81414198, 56.87642214], [14.81414566, 56.87636224], [14.81414594, 56.87636224], [14.81417139, 56.87635788], [14.81436294, 56.87606275], [14.81449574, 56.87612825], [14.81520882, 56.87621598], [14.81520896, 56.87621607], [14.81497457, 56.876612], [14.81484423, 56.87689662], [14.81484396, 56.87689716], [14.81463919, 56.87721275], [14.81436604, 56.87742845], [14.81436266, 56.87742997], [14.81407833, 56.87755314], [14.81338628, 56.87782901], [14.81347442, 56.87819614], [14.81355692, 56.8782577], [14.81694816, 56.87800584]]]}, "properties": {"deso": "0780C1090", "pop": 2136.0, "income": 357.8, "male_frac": 0.4901, "child_frac": 0.0861, "elder_frac": 0.2626, "dependency": 0.5356, "needZ": 0.0725, "needZ_v1": -0.2122, "regso": "0780R021", "higher_ed": 69.6, "neet": 13.9, "income_support": 0.8}}, {"type": "Feature", "geometry": {"type": "Polygon", "coordinates": [[[14.83389785, 56.88032654], [14.83393984, 56.88013286], [14.83571338, 56.87958353], [14.83762601, 56.87936742], [14.83896787, 56.87922419], [14.84176467, 56.87893791], [14.84282372, 56.87872961], [14.84425202, 56.87831995], [14.84519623, 56.87796696], [14.84669969, 56.87746206], [14.84827155, 56.87692579], [14.84841732, 56.87687603], [14.84995768, 56.87645843], [14.85066942, 56.87619351], [14.85157547, 56.87564329], [14.85226023, 56.87504393], [14.8529204, 56.8743602], [14.8534731, 56.87378844], [14.85375635, 56.87348375], [14.85428945, 56.87297258], [14.85466564, 56.87266512], [14.85508028, 56.87238151], [14.8549035, 56.87230514], [14.85434534, 56.87209853], [14.8542408, 56.87205521], [14.85392811, 56.87179697], [14.85367983, 56.87149777], [14.85335411, 56.87125128], [14.85296154, 56.87104891], [14.85250549, 56.87088939], [14.85210673, 56.87115811], [14.8520382, 56.87114401], [14.85197991, 56.87114098], [14.85192213, 56.87114639], [14.85186905, 56.87115998], [14.85182446, 56.87118077], [14.85179135, 56.87120722], [14.85177353, 56.87123289], [14.85161561, 56.87151976], [14.85124405, 56.87147854], [14.85084781, 56.87148463], [14.85053015, 56.87152745], [14.85023685, 56.87160129], [14.84993863, 56.87172174], [14.84968764, 56.87187233], [14.84943842, 56.87215316], [14.84920455, 56.87241659], [14.84907742, 56.87247473], [14.84881197, 56.87265198], [14.84856497, 56.87281695], [14.84829286, 56.87299868], [14.84805372, 56.87315835], [14.84782515, 56.87331122], [14.84778351, 56.87333901], [14.84753921, 56.87350218], [14.8472949, 56.87366535], [14.84704001, 56.87383552], [14.84681144, 56.8739882], [14.84657147, 56.8741485], [14.84655424, 56.8742268], [14.84634121, 56.8742498], [14.84614428, 56.87427102], [14.84594722, 56.87429216], [14.84571497, 56.87431729], [14.84546973, 56.87434366], [14.84519699, 56.87447644], [14.84491503, 56.87461369], [14.84488643, 56.87462758], [14.84475263, 56.87462777], [14.84400654, 56.87462846], [14.84400584, 56.87443984], [14.84285795, 56.87444109], [14.8428586, 56.87467193], [14.8412835, 56.8749878], [14.84082936, 56.87507884], [14.84044442, 56.87515613], [14.84005933, 56.87523333], [14.83975901, 56.87529349], [14.83941657, 56.87530014], [14.8393855, 56.87557342], [14.83918896, 56.87556679], [14.83918024, 56.87564375], [14.83859913, 56.87562378], [14.83855876, 56.8757607], [14.8371409, 56.87580135], [14.83652255, 56.87581904], [14.83652241, 56.87581904], [14.83648458, 56.87587118], [14.83597415, 56.87580449], [14.83543899, 56.87579571], [14.83481876, 56.87581159], [14.83343811, 56.87587739], [14.83277192, 56.8759745], [14.83225577, 56.8761309], [14.83118478, 56.8764687], [14.83087664, 56.87651705], [14.83044646, 56.87656623], [14.83001885, 56.87661631], [14.82804677, 56.87680735], [14.82676886, 56.87694094], [14.82607454, 56.87699827], [14.82541846, 56.87709552], [14.82541832, 56.87709606], [14.82677086, 56.87808783], [14.82734884, 56.8783836], [14.82773805, 56.87851033], [14.82840715, 56.87879526], [14.82882332, 56.87918313], [14.8288841, 56.8793535], [14.82929934, 56.88030372], [14.83065052, 56.88035856], [14.833108, 56.88058587], [14.83310854, 56.88058542], [14.83397462, 56.88067972], [14.83389785, 56.88032654]]]}, "properties": {"deso": "0780C1140", "pop": 1607.0, "income": 409.9, "male_frac": 0.4963, "child_frac": 0.1624, "elder_frac": 0.1661, "dependency": 0.4893, "needZ": -0.8091, "needZ_v1": -0.7684, "regso": "0780R007", "higher_ed": 87.5, "neet": 7.0, "income_support": 0.1}}, {"type": "Feature", "geometry": {"type": "Polygon", "coordinates": [[[14.80010861, 56.88200848], [14.80200008, 56.88188934], [14.80430938, 56.88171577], [14.80559066, 56.88163226], [14.80654411, 56.88157015], [14.80780703, 56.881475], [14.80919835, 56.88138175], [14.80984712, 56.88133621], [14.81185469, 56.88120237], [14.81304077, 56.8811269], [14.81460758, 56.88103017], [14.81458725, 56.88084628], [14.81444719, 56.88024761], [14.81439923, 56.88004275], [14.81437809, 56.87996656], [14.8143669, 56.87990457], [14.81418538, 56.87912853], [14.81347737, 56.87907089], [14.81329627, 56.878351], [14.81356533, 56.87833298], [14.81356249, 56.87833271], [14.81355692, 56.8782577], [14.81347442, 56.87819614], [14.81338628, 56.87782901], [14.81407833, 56.87755314], [14.81436266, 56.87742997], [14.81436604, 56.87742845], [14.81463919, 56.87721275], [14.81484396, 56.87689716], [14.81484423, 56.87689662], [14.81497457, 56.876612], [14.81520896, 56.87621607], [14.81520882, 56.87621598], [14.81449574, 56.87612825], [14.81436294, 56.87606275], [14.81417139, 56.87635788], [14.81414594, 56.87636224], [14.81414566, 56.87636224], [14.81414198, 56.87642214], [14.8141138, 56.87648605], [14.81411352, 56.87648659], [14.81401569, 56.87654528], [14.81392866, 56.87660739], [14.8137821, 56.87667014], [14.81364459, 56.8766799], [14.81362354, 56.87669604], [14.81349638, 56.87663899], [14.81340367, 56.87664568], [14.81321323, 56.87663659], [14.8132135, 56.87663606], [14.81374348, 56.87578438], [14.81374321, 56.87578447], [14.81374362, 56.87578384], [14.81372961, 56.87574394], [14.81343501, 56.87581284], [14.81258511, 56.87595213], [14.81180724, 56.87607779], [14.81117931, 56.87619405], [14.81015499, 56.87636181], [14.80956726, 56.87642083], [14.80885788, 56.87648351], [14.80851616, 56.87653104], [14.80781476, 56.87661951], [14.80773778, 56.87667338], [14.80749985, 56.87669071], [14.80734366, 56.87670205], [14.80674748, 56.87674523], [14.80661822, 56.87675455], [14.80648654, 56.87676342], [14.80638748, 56.87676902], [14.80564085, 56.87681034], [14.80469403, 56.87684524], [14.80379788, 56.87686629], [14.80380215, 56.87679929], [14.80335412, 56.87678844], [14.80321967, 56.87678356], [14.80311619, 56.8767798], [14.80287909, 56.87676712], [14.80264282, 56.87675013], [14.80234857, 56.87672308], [14.80205322, 56.87669962], [14.80175703, 56.87667993], [14.80157294, 56.87667218], [14.8013887, 56.87666605], [14.80120432, 56.87666145], [14.79894701, 56.87660439], [14.79882067, 56.87660123], [14.79881986, 56.87660113], [14.7988204, 56.87660176], [14.79909333, 56.87833247], [14.79919595, 56.87920342], [14.79953047, 56.88022942], [14.79981757, 56.88099298], [14.80010807, 56.88200857], [14.80010861, 56.88200848]]]}, "properties": {"deso": "0780C1150", "pop": 1816.0, "income": 353.3, "male_frac": 0.5036, "child_frac": 0.0826, "elder_frac": 0.2059, "dependency": 0.4056, "needZ": -0.1918, "needZ_v1": -0.4403, "regso": "0780R019", "higher_ed": 70.0, "neet": 11.5, "income_support": 0.3}}, {"type": "Feature", "geometry": {"type": "Polygon", "coordinates": [[[14.75561408, 56.88318855], [14.75588463, 56.88305471], [14.75869242, 56.88166834], [14.76173959, 56.88016056], [14.7622292, 56.87993569], [14.76275892, 56.87972158], [14.76329121, 56.87954933], [14.76368375, 56.87943672], [14.76406745, 56.87928871], [14.7650962, 56.87902137], [14.76535398, 56.87897398], [14.76804724, 56.87893419], [14.77678475, 56.87891867], [14.77853817, 56.87890858], [14.78061276, 56.87885548], [14.78102287, 56.87885368], [14.78503463, 56.87880855], [14.7850782, 56.87880809], [14.78933484, 56.87874097], [14.79307308, 56.87868246], [14.79445183, 56.87867261], [14.79641936, 56.87889382], [14.79684, 56.87894588], [14.79700254, 56.87896348], [14.79700307, 56.87896411], [14.79919595, 56.87920342], [14.79909333, 56.87833247], [14.7988204, 56.87660176], [14.79881986, 56.87660113], [14.79882067, 56.87660123], [14.79838779, 56.8746556], [14.79819124, 56.87397355], [14.79812347, 56.8736721], [14.79805752, 56.87343416], [14.79775936, 56.87318263], [14.79742418, 56.87302607], [14.79710562, 56.87269592], [14.79662346, 56.8721282], [14.79628741, 56.87176003], [14.79625285, 56.87172216], [14.79541484, 56.87087811], [14.79475343, 56.87027308], [14.7938727, 56.86960859], [14.79312366, 56.86910607], [14.79307178, 56.86907069], [14.79288002, 56.86884241], [14.79014687, 56.86587419], [14.78651742, 56.86128099], [14.78621438, 56.86149029], [14.78618505, 56.86151081], [14.78582817, 56.86179223], [14.78580262, 56.86181428], [14.78547921, 56.86210752], [14.78519049, 56.86241142], [14.78516886, 56.86243465], [14.78491592, 56.86274786], [14.78489847, 56.86277217], [14.7846824, 56.86309353], [14.78450402, 56.86342178], [14.78449102, 56.86344691], [14.78435115, 56.8637807], [14.78434262, 56.86380638], [14.78424168, 56.86414428], [14.78418021, 56.86448504], [14.78417627, 56.86451108], [14.78415442, 56.86485325], [14.78415508, 56.8648793], [14.78417299, 56.86522154], [14.78419889, 56.86537481], [14.78418595, 56.86557715], [14.78418399, 56.86561209], [14.78419135, 56.86576659], [14.78393334, 56.86592324], [14.78354456, 56.86619166], [14.78351535, 56.86621299], [14.78315841, 56.8664944], [14.78313299, 56.86651717], [14.78280952, 56.86681041], [14.78252074, 56.8671143], [14.78249963, 56.86713833], [14.78238819, 56.86727628], [14.78233935, 56.86730242], [14.78192019, 56.86755687], [14.78153138, 56.86782529], [14.78146565, 56.8678708], [14.78096575, 56.86805136], [14.78078162, 56.86812747], [14.78035423, 56.86819121], [14.78030778, 56.86819975], [14.77971523, 56.86831071], [14.77913662, 56.86844199], [14.77909191, 56.86845296], [14.77852968, 56.86860403], [14.77798613, 56.86877426], [14.77794372, 56.86878757], [14.77742102, 56.86897624], [14.77738116, 56.86899189], [14.77688135, 56.86919839], [14.77640659, 56.86942182], [14.77636982, 56.86943945], [14.77592188, 56.86967882], [14.77588849, 56.86969843], [14.77546926, 56.86995285], [14.77508038, 56.87022125], [14.77505062, 56.87024257], [14.77493673, 56.87033246], [14.77479542, 56.87032358], [14.77416978, 56.8703061], [14.7740114, 56.8703024], [14.77390836, 56.87029593], [14.77328271, 56.87027845], [14.77308998, 56.87027388], [14.77246353, 56.87027822], [14.77179802, 56.87029802], [14.77117332, 56.870324], [14.77055296, 56.87037164], [14.7703624, 56.87038763], [14.77030284, 56.87039435], [14.76985231, 56.87040771], [14.76922761, 56.87043369], [14.76860724, 56.87048131], [14.76841682, 56.87049712], [14.76810075, 56.87053265], [14.76786296, 56.87055098], [14.76724922, 56.87061989], [14.76720144, 56.87062537], [14.76659703, 56.8707155], [14.76655031, 56.87072359], [14.76631385, 56.87076787], [14.76609339, 56.87078471], [14.76547964, 56.8708537], [14.76487523, 56.87094383], [14.7647061, 56.87097162], [14.76411345, 56.87108251], [14.76353474, 56.87121372], [14.76297241, 56.87136471], [14.76281642, 56.87140995], [14.76227276, 56.87158012], [14.76174995, 56.87176873], [14.76125001, 56.87197516], [14.76111313, 56.87203625], [14.76063824, 56.87225962], [14.76019016, 56.87249893], [14.75977079, 56.8727533], [14.7596583, 56.87282782], [14.75927417, 56.87309276], [14.75917426, 56.87314619], [14.75875488, 56.87340056], [14.75872351, 56.8734199], [14.75833447, 56.87368824], [14.75830646, 56.8737092], [14.75794926, 56.87399054], [14.75762553, 56.87428371], [14.75760144, 56.87430603], [14.7573124, 56.87460987], [14.75729223, 56.87463336], [14.75703897, 56.87494651], [14.75692422, 56.87511704], [14.75672058, 56.87526924], [14.75636335, 56.87555058], [14.75633261, 56.87557603], [14.75600885, 56.87586919], [14.75598651, 56.87589232], [14.75569744, 56.87619615], [14.75562857, 56.87628125], [14.75550929, 56.87627375], [14.75547359, 56.87627152], [14.75534283, 56.87622025], [14.75492072, 56.87607598], [14.75448027, 56.87761497], [14.75370079, 56.88025482], [14.75416879, 56.88110426], [14.75439431, 56.88152137], [14.75453258, 56.88177215], [14.7545842, 56.88186566], [14.75461404, 56.88191656], [14.75475423, 56.88222581], [14.75489427, 56.88253659], [14.75491932, 56.88259538], [14.75508473, 56.88296036], [14.75526811, 56.88334937], [14.75561408, 56.88318855]]]}, "properties": {"deso": "0780C1100", "pop": 2318.0, "income": 462.9, "male_frac": 0.492, "child_frac": 0.0992, "elder_frac": 0.2028, "dependency": 0.4326, "needZ": -0.8968, "needZ_v1": -1.3541, "regso": "0780R014", "higher_ed": 78.0, "neet": 7.9, "income_support": 0.1}}, {"type": "Feature", "geometry": {"type": "Polygon", "coordinates": [[[14.80334681, 56.88668445], [14.80364611, 56.88594608], [14.80373883, 56.8859676], [14.80678238, 56.88658059], [14.80695986, 56.88633261], [14.807003, 56.88599622], [14.80671284, 56.88539856], [14.8066555, 56.88520644], [14.80658856, 56.88504197], [14.80652113, 56.88502265], [14.80657744, 56.88494073], [14.80670175, 56.88482021], [14.80680897, 56.88473226], [14.80741555, 56.88442817], [14.80759372, 56.8842807], [14.80776907, 56.88407447], [14.80803298, 56.88372306], [14.80806287, 56.88367406], [14.80822229, 56.88366901], [14.80890195, 56.88367769], [14.80898586, 56.88367521], [14.80953018, 56.88365978], [14.80997553, 56.88365597], [14.81013123, 56.88366681], [14.81029672, 56.88366697], [14.81133999, 56.88367106], [14.81140361, 56.88366667], [14.81147504, 56.88361657], [14.81161457, 56.88361255], [14.81161987, 56.88363592], [14.81176589, 56.8836876], [14.8120779, 56.88366589], [14.81205862, 56.88359795], [14.81236463, 56.88358737], [14.81219723, 56.8828339], [14.81185469, 56.88120237], [14.80984712, 56.88133621], [14.80919835, 56.88138175], [14.80780703, 56.881475], [14.80654411, 56.88157015], [14.80559066, 56.88163226], [14.80430938, 56.88171577], [14.80200008, 56.88188934], [14.80010861, 56.88200848], [14.80020477, 56.8823971], [14.80055164, 56.88454558], [14.80059312, 56.88491183], [14.80061447, 56.88555317], [14.80056925, 56.88576166], [14.80038022, 56.88644263], [14.80038008, 56.88644308], [14.80033101, 56.88661231], [14.8004958, 56.88661931], [14.80322954, 56.88672514], [14.80332791, 56.88672852], [14.80334681, 56.88668445]]]}, "properties": {"deso": "0780C1180", "pop": 1565.0, "income": 353.3, "male_frac": 0.4655, "child_frac": 0.0741, "elder_frac": 0.3265, "dependency": 0.6684, "needZ": 0.0404, "needZ_v1": 0.1015, "regso": "0780R019", "higher_ed": 70.0, "neet": 11.5, "income_support": 0.3}}, {"type": "Feature", "geometry": {"type": "Polygon", "coordinates": [[[14.79987628, 56.886465], [14.80037981, 56.88644308], [14.80038008, 56.88644308], [14.80038022, 56.88644263], [14.80056925, 56.88576166], [14.80061447, 56.88555317], [14.80059312, 56.88491183], [14.80055164, 56.88454558], [14.80020477, 56.8823971], [14.80010861, 56.88200848], [14.80010807, 56.88200857], [14.79981757, 56.88099298], [14.79953047, 56.88022942], [14.79919595, 56.87920342], [14.79700307, 56.87896411], [14.79700254, 56.87896348], [14.79684, 56.87894588], [14.79641936, 56.87889382], [14.79445183, 56.87867261], [14.79307308, 56.87868246], [14.78933484, 56.87874097], [14.7850782, 56.87880809], [14.78503463, 56.87880855], [14.78433079, 56.88247544], [14.78486619, 56.88248274], [14.78589414, 56.88239065], [14.78715731, 56.88214814], [14.7884785, 56.88166833], [14.78974396, 56.8813711], [14.79050873, 56.88122589], [14.79206995, 56.88104922], [14.79322515, 56.88101197], [14.79485968, 56.88110808], [14.79602404, 56.88204509], [14.79771537, 56.88215732], [14.79771577, 56.88215741], [14.79804655, 56.88440207], [14.7980361, 56.88465749], [14.79793041, 56.8849601], [14.79775528, 56.88523924], [14.79751857, 56.88549673], [14.79717839, 56.88581683], [14.79674625, 56.88617378], [14.79631783, 56.8865673], [14.79609493, 56.88681852], [14.79592218, 56.88705571], [14.79581453, 56.88731529], [14.79580652, 56.88734537], [14.79580638, 56.88734582], [14.79987628, 56.886465]]]}, "properties": {"deso": "0780C1160", "pop": 1928.0, "income": 353.3, "male_frac": 0.4931, "child_frac": 0.0913, "elder_frac": 0.2967, "dependency": 0.6339, "needZ": 0.0099, "needZ_v1": 0.0303, "regso": "0780R019", "higher_ed": 70.0, "neet": 11.5, "income_support": 0.3}}, {"type": "Feature", "geometry": {"type": "Polygon", "coordinates": [[[14.85575538, 56.88869826], [14.85634144, 56.88857678], [14.85638601, 56.8885674], [14.85695671, 56.88842578], [14.85699952, 56.88841407], [14.85755257, 56.88825303], [14.85808592, 56.8880731], [14.85808687, 56.88807274], [14.858293, 56.88803202], [14.85887905, 56.88791053], [14.85892903, 56.88789918], [14.85949971, 56.88775755], [14.86005274, 56.88759649], [14.86009352, 56.88758459], [14.86062685, 56.88740465], [14.86066561, 56.88739078], [14.86117681, 56.88719267], [14.86121287, 56.88717681], [14.86170017, 56.88696152], [14.86216141, 56.88672967], [14.86219463, 56.8867121], [14.86262805, 56.88646477], [14.86265816, 56.88644549], [14.86306213, 56.88618366], [14.86343473, 56.88590833], [14.86346133, 56.88588761], [14.86380123, 56.88559993], [14.86382418, 56.88557795], [14.86412988, 56.8852791], [14.86440043, 56.88497015], [14.86441946, 56.88494709], [14.86465349, 56.88462947], [14.8646686, 56.88460551], [14.86486545, 56.8842804], [14.86502402, 56.88394914], [14.8650367, 56.88392041], [14.86515645, 56.88358435], [14.86523917, 56.88334831], [14.86524026, 56.88334499], [14.86532092, 56.88300547], [14.86532312, 56.88299514], [14.86532641, 56.88298131], [14.86532821, 56.88297215], [14.86533179, 56.88295527], [14.86537266, 56.88261356], [14.86539171, 56.88239577], [14.86541203, 56.88216253], [14.86543249, 56.88192947], [14.86545282, 56.88169624], [14.86547314, 56.88146309], [14.86550023, 56.88115343], [14.86550028, 56.8811378], [14.86550085, 56.8811316], [14.86550573, 56.88109074], [14.86552605, 56.88085768], [14.86554524, 56.88063792], [14.86556443, 56.88041806], [14.86558362, 56.88019839], [14.86560281, 56.87997889], [14.86562187, 56.87975886], [14.86564106, 56.87953918], [14.86566899, 56.87922071], [14.86567022, 56.87887833], [14.86567006, 56.87884743], [14.86563164, 56.87850563], [14.86562686, 56.8784794], [14.86554866, 56.87813971], [14.86543135, 56.87780339], [14.86542197, 56.87777743], [14.86526582, 56.87744583], [14.8652517, 56.87742057], [14.86505724, 56.87709504], [14.86482555, 56.87677692], [14.86480696, 56.87675256], [14.86453872, 56.87644303], [14.86451594, 56.87641965], [14.86422583, 56.87613335], [14.86447809, 56.87588662], [14.86449914, 56.8758641], [14.86476962, 56.87555515], [14.86500359, 56.87523754], [14.86502059, 56.87521402], [14.86521738, 56.87488891], [14.86523032, 56.87486468], [14.86538885, 56.87453342], [14.86550856, 56.87419735], [14.86551731, 56.87417248], [14.86559794, 56.87383297], [14.86560305, 56.8738036], [14.86564391, 56.87346189], [14.86566646, 56.87321087], [14.86566769, 56.87286848], [14.86566753, 56.87283597], [14.86562912, 56.87249416], [14.86562368, 56.8724664], [14.86554549, 56.87212672], [14.86542819, 56.8717904], [14.86541761, 56.87176308], [14.86526147, 56.87143148], [14.86524574, 56.87140497], [14.86505131, 56.87107944], [14.86497284, 56.87097157], [14.86485336, 56.87071779], [14.86465894, 56.87039226], [14.86464279, 56.87036754], [14.86441115, 56.87004942], [14.86439067, 56.8700256], [14.86412248, 56.86971606], [14.86381908, 56.86941655], [14.86379454, 56.86939398], [14.86345689, 56.86910556], [14.86342856, 56.86908442], [14.86305813, 56.86880827], [14.86265628, 56.86854556], [14.86262416, 56.86852603], [14.86224096, 56.86830547], [14.86221993, 56.86828748], [14.86190106, 56.86804624], [14.86153065, 56.86777008], [14.86150907, 56.86775524], [14.86150556, 56.86775281], [14.86149719, 56.86774696], [14.8614895, 56.86774201], [14.86148047, 56.86773302], [14.86145352, 56.86770685], [14.86138206, 56.86764453], [14.86116281, 56.86738687], [14.86089466, 56.86707732], [14.86086839, 56.86705017], [14.86056504, 56.86675064], [14.86022744, 56.86646222], [14.86020101, 56.86644018], [14.85983063, 56.86616403], [14.85980028, 56.86614351], [14.85939848, 56.86588079], [14.85896714, 56.86563249], [14.85893327, 56.86561377], [14.85847402, 56.86538089], [14.85843702, 56.86536397], [14.85795162, 56.86514758], [14.85744221, 56.86494832], [14.85740237, 56.86493355], [14.85687072, 56.8647524], [14.85682843, 56.86473987], [14.85627697, 56.86457756], [14.85570772, 56.86443463], [14.8556634, 56.86442434], [14.85507866, 56.86430151], [14.8550327, 56.86429364], [14.85443491, 56.86419128], [14.85382648, 56.86410982], [14.8537793, 56.86410446], [14.85316267, 56.86404428], [14.85254029, 56.86400564], [14.85249242, 56.86400289], [14.85186684, 56.8639858], [14.85181869, 56.86398557], [14.85119235, 56.8639903], [14.85056782, 56.86401668], [14.85051993, 56.86401905], [14.85027641, 56.86403789], [14.85023911, 56.86393069], [14.85008314, 56.86359907], [14.84988888, 56.86327352], [14.8496574, 56.86295537], [14.84959177, 56.86286565], [14.84932374, 56.86255608], [14.84902052, 56.86225653], [14.84868305, 56.86196807], [14.84858654, 56.86188703], [14.8482163, 56.86161084], [14.84781463, 56.86134808], [14.84738342, 56.86109974], [14.84724876, 56.86102431], [14.84678965, 56.86079139], [14.84669597, 56.86074825], [14.84621069, 56.86053182], [14.84570141, 56.86033251], [14.84554249, 56.86027285], [14.84501096, 56.86009166], [14.84445962, 56.8599293], [14.84439329, 56.85991269], [14.84352428, 56.86059692], [14.84224146, 56.86165553], [14.84117033, 56.86246479], [14.83965139, 56.86348687], [14.83744419, 56.86486264], [14.83624537, 56.8655693], [14.8361956, 56.86559986], [14.83317831, 56.8675029], [14.83449051, 56.86813445], [14.83533164, 56.8685172], [14.8363641, 56.86885556], [14.83584626, 56.86948478], [14.8350672, 56.87035984], [14.83457948, 56.87074551], [14.8349361, 56.870827], [14.83634302, 56.87148488], [14.83636669, 56.87145393], [14.83791023, 56.8719679], [14.83730086, 56.87395165], [14.8369983, 56.87490109], [14.83666232, 56.87559899], [14.83652269, 56.87581868], [14.83652241, 56.87581904], [14.83652255, 56.87581904], [14.8371409, 56.87580135], [14.83855876, 56.8757607], [14.83859913, 56.87562378], [14.83918024, 56.87564375], [14.83918896, 56.87556679], [14.8393855, 56.87557342], [14.83941657, 56.87530014], [14.83975901, 56.87529349], [14.84005933, 56.87523333], [14.84044442, 56.87515613], [14.84082936, 56.87507884], [14.8412835, 56.8749878], [14.8428586, 56.87467193], [14.84285795, 56.87444109], [14.84400584, 56.87443984], [14.84400654, 56.87462846], [14.84475263, 56.87462777], [14.84488643, 56.87462758], [14.84491503, 56.87461369], [14.84519699, 56.87447644], [14.84546973, 56.87434366], [14.84571497, 56.87431729], [14.84594722, 56.87429216], [14.84614428, 56.87427102], [14.84634121, 56.8742498], [14.84655424, 56.8742268], [14.84657147, 56.8741485], [14.84681144, 56.8739882], [14.84704001, 56.87383552], [14.8472949, 56.87366535], [14.84753921, 56.87350218], [14.84778351, 56.87333901], [14.84782515, 56.87331122], [14.84805372, 56.87315835], [14.84829286, 56.87299868], [14.84856497, 56.87281695], [14.84881197, 56.87265198], [14.84907742, 56.87247473], [14.84920455, 56.87241659], [14.84943842, 56.87215316], [14.84968764, 56.87187233], [14.84993863, 56.87172174], [14.85023685, 56.87160129], [14.85053015, 56.87152745], [14.85084781, 56.87148463], [14.85124405, 56.87147854], [14.85161561, 56.87151976], [14.85177353, 56.87123289], [14.85179135, 56.87120722], [14.85182446, 56.87118077], [14.85186905, 56.87115998], [14.85192213, 56.87114639], [14.85197991, 56.87114098], [14.8520382, 56.87114401], [14.85210673, 56.87115811], [14.85250549, 56.87088939], [14.85296154, 56.87104891], [14.85335411, 56.87125128], [14.85367983, 56.87149777], [14.85392811, 56.87179697], [14.8542408, 56.87205521], [14.85434534, 56.87209853], [14.8549035, 56.87230514], [14.85508028, 56.87238151], [14.85466564, 56.87266512], [14.85428945, 56.87297258], [14.85375635, 56.87348375], [14.8534731, 56.87378844], [14.8529204, 56.8743602], [14.85226023, 56.87504393], [14.85157547, 56.87564329], [14.85066942, 56.87619351], [14.84995768, 56.87645843], [14.84841732, 56.87687603], [14.84827155, 56.87692579], [14.84669969, 56.87746206], [14.84519623, 56.87796696], [14.84425202, 56.87831995], [14.84282372, 56.87872961], [14.84176467, 56.87893791], [14.83896787, 56.87922419], [14.83762601, 56.87936742], [14.83571338, 56.87958353], [14.83393984, 56.88013286], [14.83389785, 56.88032654], [14.83397462, 56.88067972], [14.83397489, 56.88067972], [14.83474207, 56.88092666], [14.83557094, 56.88114834], [14.83924192, 56.88198268], [14.84154467, 56.88248798], [14.84297314, 56.8827525], [14.84431873, 56.88293957], [14.84546689, 56.88309917], [14.84676641, 56.8832425], [14.85242058, 56.88375606], [14.85479364, 56.88393102], [14.85448544, 56.88408982], [14.84975987, 56.88651382], [14.85473306, 56.88723331], [14.85520069, 56.88879175], [14.85575538, 56.88869826]]]}, "properties": {"deso": "0780C1130", "pop": 1427.0, "income": 409.9, "male_frac": 0.5171, "child_frac": 0.2081, "elder_frac": 0.2067, "dependency": 0.709, "needZ": -0.6151, "needZ_v1": -0.3157, "regso": "0780R007", "higher_ed": 87.5, "neet": 7.0, "income_support": 0.1}}, {"type": "Feature", "geometry": {"type": "Polygon", "coordinates": [[[14.82059928, 56.88893764], [14.82116675, 56.88876582], [14.82176858, 56.88865288], [14.822964, 56.88851024], [14.82425639, 56.88834878], [14.8250188, 56.88818683], [14.82597925, 56.88789886], [14.82583641, 56.88782591], [14.82557184, 56.88762246], [14.82525279, 56.8873769], [14.82517114, 56.88712485], [14.82474495, 56.88710395], [14.82296077, 56.88704638], [14.82294031, 56.88653618], [14.82353767, 56.88366023], [14.82162999, 56.88345705], [14.81643706, 56.88409622], [14.81505044, 56.88253798], [14.81532567, 56.88223561], [14.81500539, 56.88100229], [14.81460758, 56.88103017], [14.81304077, 56.8811269], [14.81185469, 56.88120237], [14.81219723, 56.8828339], [14.81236463, 56.88358737], [14.81269486, 56.88481927], [14.81285721, 56.88536939], [14.81301291, 56.88573239], [14.81335551, 56.88631035], [14.81408675, 56.8873589], [14.81408716, 56.88735953], [14.81497132, 56.88748587], [14.81545502, 56.88748102], [14.81563433, 56.88748146], [14.81570816, 56.88752118], [14.81617457, 56.88762013], [14.81623881, 56.887077], [14.81622038, 56.8865316], [14.81621932, 56.88649935], [14.81712286, 56.88595198], [14.81733135, 56.88582312], [14.81750037, 56.88612866], [14.81773152, 56.88637717], [14.81802353, 56.88657735], [14.81838908, 56.88679434], [14.81864649, 56.8869863], [14.81919788, 56.88747859], [14.81974472, 56.8879626], [14.82024523, 56.88851678], [14.82044564, 56.88880296], [14.82059873, 56.88893782], [14.82059928, 56.88893764]]]}, "properties": {"deso": "0780C1190", "pop": 2326.0, "income": 321.0, "male_frac": 0.4822, "child_frac": 0.1066, "elder_frac": 0.2008, "dependency": 0.4438, "needZ": -0.0025, "needZ_v1": -0.0757, "regso": "0780R003", "higher_ed": 70.7, "neet": 11.6, "income_support": 0.5}}, {"type": "Feature", "geometry": {"type": "Polygon", "coordinates": [[[14.64242566, 56.88901831], [14.64247372, 56.8890171], [14.64309702, 56.88898098], [14.64371498, 56.88892328], [14.64432475, 56.88884427], [14.64435564, 56.88884005], [14.64495519, 56.88874008], [14.64554193, 56.88861959], [14.64592216, 56.888526], [14.64628366, 56.88845175], [14.64685516, 56.8883111], [14.6474091, 56.88815098], [14.64756382, 56.88810454], [14.64809818, 56.88792551], [14.6486105, 56.88772827], [14.64909903, 56.88751381], [14.64923427, 56.88745176], [14.64969683, 56.8872207], [14.65013179, 56.88697411], [14.6505371, 56.88671297], [14.65064769, 56.88663765], [14.65102186, 56.88636295], [14.6513634, 56.88607586], [14.65167093, 56.88577753], [14.65175251, 56.88569189], [14.65202468, 56.8853834], [14.65216253, 56.88519804], [14.65246747, 56.88497425], [14.65280897, 56.88468715], [14.65283394, 56.88466512], [14.65314145, 56.88436679], [14.65316264, 56.8843435], [14.65343478, 56.884035], [14.65367074, 56.88371779], [14.6536876, 56.88369358], [14.65388614, 56.88336881], [14.65389869, 56.88334379], [14.65400973, 56.8831147], [14.65413401, 56.88294762], [14.65415034, 56.88292296], [14.65434886, 56.88259819], [14.65450929, 56.8822672], [14.65452102, 56.88224181], [14.65463696, 56.88192193], [14.65469822, 56.8818524], [14.65471765, 56.88182856], [14.65495358, 56.88151134], [14.6551521, 56.88118657], [14.65516721, 56.88116182], [14.65516804, 56.8811602], [14.65518219, 56.88115108], [14.65521242, 56.88113069], [14.6555865, 56.88085597], [14.65561295, 56.88083404], [14.6559544, 56.88054693], [14.65626185, 56.88024859], [14.65628425, 56.8802253], [14.65655634, 56.8799168], [14.65657442, 56.87989251], [14.65681032, 56.87957529], [14.65700881, 56.87925051], [14.65702257, 56.87922531], [14.65718296, 56.87889432], [14.65729581, 56.87858286], [14.6575621, 56.8785059], [14.65809627, 56.87832683], [14.65813659, 56.87831292], [14.65864873, 56.87811564], [14.65868649, 56.87809967], [14.65917483, 56.87788517], [14.65963721, 56.87765407], [14.65967759, 56.87763325], [14.66011237, 56.87738662], [14.66021708, 56.87732709], [14.66061106, 56.87707307], [14.66062222, 56.87706592], [14.66078049, 56.87694967], [14.66102553, 56.87679746], [14.66115133, 56.87672496], [14.66155646, 56.87646379], [14.6616701, 56.87638856], [14.66204409, 56.87611383], [14.66214529, 56.87603856], [14.66248665, 56.87575144], [14.66257327, 56.87567209], [14.66288063, 56.87537373], [14.66295236, 56.87529435], [14.66322436, 56.87498592], [14.66346017, 56.87466869], [14.66365858, 56.8743439], [14.66370585, 56.87426175], [14.66386616, 56.87393075], [14.66398768, 56.87359489], [14.66401276, 56.87351277], [14.66409522, 56.87317338], [14.6641162, 56.87300611], [14.66416486, 56.8727993], [14.66420769, 56.87245765], [14.66421076, 56.87211527], [14.66417405, 56.87177341], [14.66414914, 56.87161014], [14.66408007, 56.87130232], [14.66423082, 56.87126518], [14.66478444, 56.871105], [14.66531847, 56.87092589], [14.66546397, 56.87087113], [14.66597598, 56.87067382], [14.66646419, 56.87045929], [14.66692643, 56.87022816], [14.66704973, 56.87015897], [14.66742483, 56.86994602], [14.66761902, 56.86990612], [14.66797255, 56.86989781], [14.66859551, 56.86986156], [14.66921312, 56.86980373], [14.66924452, 56.86980076], [14.66985393, 56.86972163], [14.67045309, 56.86962154], [14.67103945, 56.86950093], [14.67106913, 56.86949472], [14.67164024, 56.86935395], [14.6721938, 56.86919373], [14.67272777, 56.86901459], [14.67275477, 56.86900532], [14.67326671, 56.86880798], [14.67375485, 56.86859342], [14.67411228, 56.86841462], [14.67432307, 56.86836272], [14.67436564, 56.8683507], [14.67491918, 56.86819047], [14.67545312, 56.86801132], [14.67596503, 56.86781397], [14.67599001, 56.86780308], [14.67647813, 56.86758851], [14.67694027, 56.86735734], [14.67737482, 56.86711066], [14.67739536, 56.86709742], [14.67780027, 56.86683619], [14.67786696, 56.86678714], [14.67808676, 56.86664534], [14.67846053, 56.86637056], [14.67880167, 56.86608339], [14.67888949, 56.86599954], [14.67919664, 56.86570106], [14.67946843, 56.8653926], [14.67953082, 56.8653086], [14.6795495, 56.86529068], [14.67985664, 56.86499228], [14.67994282, 56.86489451], [14.67995466, 56.86488538], [14.68029578, 56.8645982], [14.6806029, 56.8642998], [14.68087467, 56.86399125], [14.68094888, 56.86390099], [14.68097652, 56.86386378], [14.68098157, 56.8638576], [14.68121717, 56.86354033], [14.68141536, 56.86321551], [14.68157546, 56.86288449], [14.68161521, 56.86279028], [14.68173653, 56.86245439], [14.6818188, 56.862115], [14.68186146, 56.86177334], [14.68186688, 56.86167671], [14.68186978, 56.86133433], [14.68183293, 56.86099247], [14.68175643, 56.86065267], [14.68172722, 56.8605573], [14.68161161, 56.86022081], [14.68145715, 56.85988899], [14.68126451, 56.85956317], [14.68120213, 56.85947274], [14.68097197, 56.85915428], [14.68070551, 56.85884436], [14.68040353, 56.8585444], [14.68030998, 56.85846242], [14.67997384, 56.85817351], [14.67960487, 56.85789682], [14.67920456, 56.85763352], [14.67907256, 56.85755665], [14.67864239, 56.85730774], [14.67818437, 56.85707419], [14.67808997, 56.85702904], [14.67760571, 56.85681196], [14.67709738, 56.85661196], [14.67694051, 56.85655057], [14.67640986, 56.85636866], [14.6758593, 56.85620556], [14.67529087, 56.85606181], [14.67513004, 56.85602214], [14.67454602, 56.85589846], [14.67394885, 56.85579523], [14.67334096, 56.8557129], [14.67316902, 56.85569107], [14.67255283, 56.85562999], [14.67193077, 56.85559046], [14.67130542, 56.85557247], [14.67112899, 56.85556949], [14.6705862, 56.85557282], [14.67025701, 56.8554895], [14.66967302, 56.8553658], [14.66964319, 56.85535979], [14.66904604, 56.85525654], [14.6684383, 56.85517418], [14.66832428, 56.85516292], [14.66822624, 56.85514855], [14.6676185, 56.85506619], [14.6670022, 56.85500509], [14.66638016, 56.85496552], [14.66620389, 56.85495939], [14.6659046, 56.85495078], [14.66535918, 56.85485645], [14.66475132, 56.85477407], [14.66470418, 56.854769], [14.66408801, 56.85470789], [14.66346598, 56.85466831], [14.66308135, 56.85464805], [14.66245602, 56.85463001], [14.66240802, 56.85463006], [14.66178181, 56.85463385], [14.6611573, 56.85465928], [14.66053706, 56.85470628], [14.66050579, 56.8547097], [14.65989212, 56.85477818], [14.65928771, 56.85486779], [14.65869487, 56.85497817], [14.65811618, 56.85510889], [14.65808691, 56.85511564], [14.65752439, 56.85526616], [14.65698049, 56.85543587], [14.65645738, 56.85562404], [14.65643092, 56.85563375], [14.65628298, 56.85569469], [14.65593062, 56.85583977], [14.65572475, 56.8559363], [14.65545531, 56.85606265], [14.65500676, 56.85630168], [14.6549842, 56.85631401], [14.65493484, 56.85634378], [14.65486486, 56.85636569], [14.65483747, 56.85637468], [14.65431433, 56.85656284], [14.65423004, 56.85659755], [14.65417941, 56.85661843], [14.65390725, 56.8567304], [14.653814, 56.85676885], [14.65338131, 56.85697172], [14.65277109, 56.85695413], [14.65273932, 56.85695359], [14.65211307, 56.85695733], [14.65148852, 56.85698271], [14.65086822, 56.85702966], [14.65083683, 56.85703254], [14.65045294, 56.85707538], [14.65029998, 56.85704891], [14.64969211, 56.85696646], [14.64966091, 56.85696314], [14.64941909, 56.8569392], [14.64931402, 56.85692489], [14.64869785, 56.8568637], [14.64866651, 56.85686065], [14.64804445, 56.85682099], [14.64741909, 56.85680288], [14.64679285, 56.85680659], [14.6467447, 56.85680726], [14.64612015, 56.85683262], [14.64574143, 56.85685804], [14.64512113, 56.85690496], [14.64466969, 56.85695533], [14.64464769, 56.85695059], [14.64457485, 56.85693215], [14.64399092, 56.85680833], [14.64339382, 56.85670496], [14.64336303, 56.85670047], [14.64286998, 56.85663358], [14.64259064, 56.85657431], [14.6424234, 56.85654347], [14.64182631, 56.85644008], [14.64121847, 56.85635759], [14.64119429, 56.85635519], [14.64117395, 56.85634713], [14.64101224, 56.85628963], [14.64048176, 56.85610757], [14.63993137, 56.85594431], [14.63936308, 56.8558004], [14.63919913, 56.85576454], [14.63916108, 56.85575652], [14.63943684, 56.85555406], [14.63977818, 56.85526699], [14.6398724, 56.85518517], [14.64017977, 56.85488686], [14.64045181, 56.8545784], [14.64068768, 56.85426121], [14.64075664, 56.8541627], [14.64095513, 56.85383794], [14.64104817, 56.85365228], [14.64120859, 56.85332131], [14.64133024, 56.85298546], [14.64136288, 56.85288137], [14.64144549, 56.852542], [14.64148851, 56.85220036], [14.64149178, 56.85185798], [14.64148716, 56.85176132], [14.64145068, 56.85141945], [14.64137457, 56.85107962], [14.64125935, 56.8507431], [14.64122037, 56.85064885], [14.64106631, 56.85031698], [14.64087407, 56.8499911], [14.64064432, 56.84967257], [14.64057243, 56.84958425], [14.64030636, 56.84927423], [14.64000479, 56.84897418], [14.63981694, 56.8488125], [14.63973972, 56.84864611], [14.6395475, 56.84832023], [14.63953247, 56.84829486], [14.63930273, 56.84797632], [14.63928309, 56.84795183], [14.63901705, 56.84764182], [14.6387155, 56.84734175], [14.63869166, 56.84731842], [14.63835594, 56.8470294], [14.6383279, 56.84700749], [14.63795935, 56.84673068], [14.63755945, 56.84646725], [14.63752761, 56.84644703], [14.63709784, 56.84619797], [14.6370626, 56.84617955], [14.63660497, 56.84594585], [14.6361211, 56.84572861], [14.6360826, 56.84571215], [14.63557464, 56.84551199], [14.63553328, 56.84549776], [14.63500298, 56.84531568], [14.63445277, 56.84515239], [14.63440922, 56.8451405], [14.63384112, 56.84499656], [14.63325741, 56.84487269], [14.63321182, 56.84486313], [14.63261494, 56.8447597], [14.63256783, 56.84475273], [14.63196034, 56.8446702], [14.63134426, 56.84460892], [14.63129618, 56.84460456], [14.63067436, 56.84456481], [14.63062571, 56.84456305], [14.63000056, 56.84454486], [14.62937452, 56.84454848], [14.62937209, 56.84454847], [14.62907867, 56.84446137], [14.6285106, 56.84431741], [14.62792692, 56.84419352], [14.62775975, 56.84416248], [14.62716289, 56.84405903], [14.62655529, 56.84397646], [14.62593937, 56.84391516], [14.62576431, 56.84390269], [14.6251425, 56.84386292], [14.62451736, 56.84384469], [14.62389134, 56.84384829], [14.62371514, 56.84385467], [14.62309079, 56.84387992], [14.62292304, 56.84389261], [14.622868, 56.84389478], [14.62274792, 56.84385912], [14.62217988, 56.84371513], [14.62201335, 56.84367457], [14.62142971, 56.84355064], [14.62083288, 56.84344716], [14.6202253, 56.84336456], [14.62004723, 56.84334327], [14.61943133, 56.84328194], [14.61880953, 56.84324214], [14.61818441, 56.84322388], [14.61798545, 56.84322255], [14.61735944, 56.84322611], [14.61673509, 56.84325133], [14.61666963, 56.84325454], [14.61604952, 56.84330131], [14.61586035, 56.84332094], [14.61572611, 56.84333589], [14.61551902, 56.84332268], [14.61547012, 56.8433201], [14.614845, 56.84330183], [14.61479593, 56.84330177], [14.61416991, 56.84330531], [14.61354556, 56.84333051], [14.61349687, 56.84333323], [14.61287675, 56.84337999], [14.61282858, 56.84338532], [14.612215, 56.84345357], [14.61161066, 56.84354295], [14.61156381, 56.84355088], [14.61097101, 56.84366104], [14.61039233, 56.84379154], [14.61034721, 56.84380209], [14.60978467, 56.8439524], [14.60974155, 56.84396529], [14.6091976, 56.84413478], [14.6086744, 56.84432276], [14.60863396, 56.8443379], [14.60813355, 56.84454372], [14.60809606, 56.84456103], [14.60762061, 56.84478373], [14.60717189, 56.84502258], [14.60713762, 56.84504188], [14.60671753, 56.84529573], [14.60632769, 56.8455636], [14.60629719, 56.84558462], [14.60593912, 56.84586552], [14.60590816, 56.84589192], [14.60558348, 56.84618469], [14.60528361, 56.84647063], [14.60526732, 56.84647741], [14.60479183, 56.84670009], [14.60475676, 56.84671786], [14.604308, 56.8469567], [14.60388786, 56.84721055], [14.60385616, 56.84723021], [14.60346629, 56.84749807], [14.60343821, 56.84751918], [14.6030801, 56.84780007], [14.60275539, 56.84809284], [14.60273108, 56.84811549], [14.60244099, 56.84841896], [14.602421, 56.8484427], [14.60216663, 56.84875554], [14.60194908, 56.84907658], [14.60193052, 56.84910545], [14.60175061, 56.84943343], [14.60152845, 56.84984428], [14.60151515, 56.84987424], [14.60137371, 56.85020782], [14.60127115, 56.85054558], [14.60126438, 56.85057178], [14.60120127, 56.85091245], [14.60119923, 56.85093885], [14.60117572, 56.85128099], [14.60119195, 56.85162325], [14.60119465, 56.85164967], [14.60125051, 56.85199071], [14.6012578, 56.85201678], [14.60135317, 56.85235517], [14.60148753, 56.85268963], [14.60149956, 56.85271518], [14.60167251, 56.85304429], [14.60188325, 56.8533667], [14.60189989, 56.85339154], [14.60214764, 56.85370598], [14.60216848, 56.85372985], [14.60245216, 56.85403515], [14.6027707, 56.85432997], [14.60279574, 56.8543525], [14.60314795, 56.85463565], [14.60317693, 56.85465676], [14.60356119, 56.85492708], [14.60397602, 56.85518358], [14.60400867, 56.85520308], [14.60445247, 56.85544475], [14.60448839, 56.85546238], [14.60495927, 56.85568806], [14.60508527, 56.85574109], [14.60514358, 56.85577712], [14.60558739, 56.85601879], [14.60605828, 56.85624446], [14.6065545, 56.85645342], [14.60669465, 56.85651233], [14.60721405, 56.85670358], [14.60775462, 56.85687647], [14.60831418, 56.85703029], [14.60847262, 56.857073], [14.60904875, 56.85720711], [14.60938788, 56.85727248], [14.60948778, 56.85737995], [14.60951161, 56.85740275], [14.60983024, 56.85769755], [14.61018253, 56.85798068], [14.6102103, 56.85800205], [14.61059464, 56.85827235], [14.61062608, 56.85829221], [14.61104099, 56.85854868], [14.61148488, 56.85879033], [14.61151971, 56.8588084], [14.61199068, 56.85903405], [14.61202851, 56.85905016], [14.6125248, 56.85925909], [14.61304428, 56.85945031], [14.61309171, 56.85946671], [14.6131223, 56.85947651], [14.6132999, 56.85974805], [14.61354778, 56.86006246], [14.61357035, 56.86009074], [14.61401855, 56.86058622], [14.61430237, 56.86089149], [14.61432982, 56.86091834], [14.61464852, 56.86121313], [14.61500088, 56.86149625], [14.61502838, 56.86151798], [14.61541279, 56.86178826], [14.61544409, 56.86180839], [14.61585908, 56.86206484], [14.61630304, 56.86230647], [14.61633774, 56.86232481], [14.61680878, 56.86255045], [14.61684661, 56.86256682], [14.61698599, 56.86262545], [14.61702701, 56.86264785], [14.61725475, 56.86280789], [14.61766976, 56.86306434], [14.61779402, 56.86313298], [14.618238, 56.8633746], [14.61870907, 56.86360023], [14.61876818, 56.86362511], [14.61902383, 56.86386158], [14.61905039, 56.86388349], [14.6194028, 56.86416659], [14.61978727, 56.86443686], [14.61981777, 56.86445734], [14.62023282, 56.86471378], [14.62026671, 56.86473248], [14.62071073, 56.8649741], [14.62118182, 56.86519971], [14.62121885, 56.86521653], [14.62171527, 56.86542543], [14.6217619, 56.86544264], [14.6222815, 56.86563382], [14.62248708, 56.86570198], [14.62252198, 56.86576846], [14.62253647, 56.86579384], [14.62274746, 56.86611621], [14.62276642, 56.86614061], [14.62301443, 56.866455], [14.62329837, 56.86676026], [14.62332556, 56.86678747], [14.62364437, 56.86708222], [14.62386114, 56.86727563], [14.62401478, 56.86739906], [14.62403032, 56.86745371], [14.62404084, 56.86748419], [14.62417545, 56.86781855], [14.62450817, 56.86857627], [14.6246814, 56.86890535], [14.6246984, 56.86893666], [14.62490943, 56.86925903], [14.62492892, 56.86928495], [14.62517696, 56.86959935], [14.62524521, 56.86967275], [14.62542904, 56.86998426], [14.62564008, 56.87030663], [14.62565701, 56.87033192], [14.62584041, 56.87057794], [14.62608847, 56.87089233], [14.62611227, 56.87092034], [14.62639628, 56.87122558], [14.62671516, 56.87152034], [14.62673982, 56.87154304], [14.62709237, 56.87182613], [14.62712083, 56.87184741], [14.62750544, 56.87211766], [14.62792063, 56.87237407], [14.6279529, 56.87239375], [14.62839705, 56.87263534], [14.62843272, 56.87265323], [14.62890396, 56.87287882], [14.62931755, 56.87305277], [14.62938904, 56.87330573], [14.62939798, 56.8733318], [14.62953266, 56.87366624], [14.62970595, 56.87399531], [14.6297195, 56.87402077], [14.62993061, 56.87434313], [14.62994876, 56.87436779], [14.63019688, 56.87468218], [14.63048095, 56.87498741], [14.63050344, 56.87501092], [14.6308126, 56.87529656], [14.63080086, 56.87530713], [14.63077533, 56.87533023], [14.63048526, 56.87563377], [14.63046418, 56.87565804], [14.63020986, 56.87597094], [14.62999239, 56.87629203], [14.62997577, 56.8763174], [14.62979597, 56.87664542], [14.62978408, 56.87667162], [14.62964278, 56.87700523], [14.62954041, 56.87734301], [14.62953212, 56.87737415], [14.62946922, 56.87771483], [14.62931562, 56.878607], [14.62931315, 56.87863771], [14.62928988, 56.87897985], [14.62930638, 56.87932211], [14.62930882, 56.87934834], [14.62936498, 56.87968937], [14.62937217, 56.87971535], [14.62944106, 56.87995933], [14.62926997, 56.88021193], [14.62909015, 56.88053995], [14.62907677, 56.88056497], [14.62893546, 56.8808985], [14.62892641, 56.88092434], [14.62882401, 56.88126212], [14.62879399, 56.88142424], [14.62876839, 56.88150895], [14.62874646, 56.88160491], [14.62868355, 56.88194558], [14.62866027, 56.88228772], [14.62867677, 56.88262998], [14.62868948, 56.88272631], [14.62874563, 56.88306734], [14.62884133, 56.88340579], [14.62897604, 56.88374014], [14.62902275, 56.88383333], [14.62919608, 56.8841624], [14.62940724, 56.88448476], [14.62965542, 56.88479914], [14.62973441, 56.8848856], [14.63001854, 56.88519084], [14.63033757, 56.88548558], [14.63069028, 56.88576866], [14.6307986, 56.88584497], [14.63118337, 56.8861152], [14.63159874, 56.8863716], [14.63204308, 56.88661318], [14.63251452, 56.88683875], [14.63266013, 56.8869078], [14.63306122, 56.8870764], [14.63318834, 56.88715483], [14.6336327, 56.8873964], [14.63365641, 56.88740805], [14.63412786, 56.88763362], [14.63462466, 56.88784247], [14.63514464, 56.88803359], [14.63517203, 56.88804257], [14.63571317, 56.88821534], [14.63627331, 56.88836904], [14.63685003, 56.88850302], [14.63725001, 56.88857999], [14.6373101, 56.8885939], [14.63790137, 56.88870762], [14.63793191, 56.88871256], [14.63853515, 56.88880556], [14.63914807, 56.88887748], [14.63954335, 56.8889097], [14.63980088, 56.8889399], [14.63984848, 56.88894381], [14.64046838, 56.88899428], [14.64109295, 56.8890232], [14.64117278, 56.88902558], [14.64179946, 56.88903286], [14.64242566, 56.88901831]]]}, "properties": {"deso": "0780B6010", "pop": 1623.0, "income": 360.1, "male_frac": 0.5052, "child_frac": 0.2304, "elder_frac": 0.2009, "dependency": 0.7584, "needZ": -0.1201, "needZ_v1": 0.2267, "regso": "0780R004", "higher_ed": null, "neet": 6.4, "income_support": 0.3}}, {"type": "Feature", "geometry": {"type": "Polygon", "coordinates": [[[14.79476361, 56.88923057], [14.79488696, 56.88897389], [14.79506901, 56.88872153], [14.79527689, 56.88837526], [14.79552705, 56.88801568], [14.79569959, 56.8877448], [14.79580638, 56.88734582], [14.79580652, 56.88734537], [14.79581453, 56.88731529], [14.79592218, 56.88705571], [14.79609493, 56.88681852], [14.79631783, 56.8865673], [14.79674625, 56.88617378], [14.79717839, 56.88581683], [14.79751857, 56.88549673], [14.79775528, 56.88523924], [14.79793041, 56.8849601], [14.7980361, 56.88465749], [14.79804655, 56.88440207], [14.79771577, 56.88215741], [14.79771537, 56.88215732], [14.79602404, 56.88204509], [14.79485968, 56.88110808], [14.79322515, 56.88101197], [14.79206995, 56.88104922], [14.79050873, 56.88122589], [14.78974396, 56.8813711], [14.7884785, 56.88166833], [14.78715731, 56.88214814], [14.78589414, 56.88239065], [14.78486619, 56.88248274], [14.78433079, 56.88247544], [14.78415937, 56.88352962], [14.78383288, 56.884462], [14.78333216, 56.88563739], [14.78268189, 56.88704237], [14.78262677, 56.88802929], [14.78242816, 56.88820463], [14.78450138, 56.88847867], [14.79024483, 56.88911088], [14.79277591, 56.88940145], [14.79432971, 56.88952751], [14.7946566, 56.88954476], [14.79476361, 56.88923057]]]}, "properties": {"deso": "0780C1202", "pop": 2028.0, "income": 378.6, "male_frac": 0.5005, "child_frac": 0.1726, "elder_frac": 0.1677, "dependency": 0.5157, "needZ": -0.4966, "needZ_v1": -0.4372, "regso": "0780R018", "higher_ed": 83.3, "neet": 9.3, "income_support": 0.2}}, {"type": "Feature", "geometry": {"type": "Polygon", "coordinates": [[[14.80921331, 56.89589454], [14.81061094, 56.89591697], [14.81069572, 56.89564036], [14.81077872, 56.89536915], [14.81084974, 56.89513708], [14.81182962, 56.89513344], [14.81187481, 56.89502914], [14.8119037, 56.89496388], [14.81201994, 56.89469945], [14.81213646, 56.89443529], [14.81216508, 56.89436977], [14.81228159, 56.89410561], [14.81239783, 56.89384127], [14.81242685, 56.89377574], [14.81254323, 56.89351149], [14.8126596, 56.89324724], [14.81268821, 56.8931819], [14.81280445, 56.89291755], [14.81292082, 56.89265321], [14.81295545, 56.89257467], [14.81348758, 56.89136562], [14.81346159, 56.89101259], [14.81343778, 56.89087477], [14.81343738, 56.89087432], [14.81343779, 56.89087433], [14.81571834, 56.89076095], [14.8166406, 56.89053219], [14.81665727, 56.89052718], [14.81665283, 56.89052125], [14.81585343, 56.8896015], [14.81408716, 56.88735953], [14.81408675, 56.8873589], [14.81335551, 56.88631035], [14.81301291, 56.88573239], [14.81285721, 56.88536939], [14.81269486, 56.88481927], [14.81236463, 56.88358737], [14.81205862, 56.88359795], [14.8120779, 56.88366589], [14.81176589, 56.8836876], [14.81161987, 56.88363592], [14.81161457, 56.88361255], [14.81147504, 56.88361657], [14.81140361, 56.88366667], [14.81133999, 56.88367106], [14.81029672, 56.88366697], [14.81013123, 56.88366681], [14.80997553, 56.88365597], [14.80953018, 56.88365978], [14.80898586, 56.88367521], [14.80890195, 56.88367769], [14.80822229, 56.88366901], [14.80806287, 56.88367406], [14.80803298, 56.88372306], [14.80776907, 56.88407447], [14.80759372, 56.8842807], [14.80741555, 56.88442817], [14.80680897, 56.88473226], [14.80670175, 56.88482021], [14.80657744, 56.88494073], [14.80652113, 56.88502265], [14.80658856, 56.88504197], [14.8066555, 56.88520644], [14.80671284, 56.88539856], [14.807003, 56.88599622], [14.80695986, 56.88633261], [14.80678238, 56.88658059], [14.80373883, 56.8859676], [14.80364611, 56.88594608], [14.80334681, 56.88668445], [14.80332791, 56.88672852], [14.80322954, 56.88672514], [14.8004958, 56.88661931], [14.80033101, 56.88661231], [14.79980596, 56.88842948], [14.79936397, 56.88974066], [14.79936424, 56.88974075], [14.7996672, 56.88975282], [14.80188753, 56.8898893], [14.804157, 56.89012945], [14.80262124, 56.89237232], [14.80253518, 56.89249811], [14.80211581, 56.89337919], [14.80210972, 56.89337846], [14.80161769, 56.89542662], [14.80499512, 56.89577729], [14.80607383, 56.89587696], [14.80597988, 56.89634934], [14.80779599, 56.89644035], [14.80834187, 56.89647433], [14.80885282, 56.89651023], [14.80896876, 56.89652182], [14.80896904, 56.89652182], [14.80921331, 56.89589454]]]}, "properties": {"deso": "0780C1210", "pop": 2702.0, "income": 319.1, "male_frac": 0.497, "child_frac": 0.1736, "elder_frac": 0.2276, "dependency": 0.67, "needZ": 0.5364, "needZ_v1": 0.4071, "regso": "0780R009", "higher_ed": 58.7, "neet": 15.3, "income_support": 0.6}}, {"type": "Feature", "geometry": {"type": "Polygon", "coordinates": [[[14.79666697, 56.89641196], [14.79659615, 56.89629257], [14.79697194, 56.89621306], [14.79787406, 56.89602519], [14.79811537, 56.89598318], [14.79950154, 56.89571731], [14.79940557, 56.89511241], [14.79918128, 56.89417776], [14.79885516, 56.89282762], [14.79885462, 56.89282717], [14.79884106, 56.89164765], [14.79887412, 56.89116215], [14.79910542, 56.89043194], [14.79936356, 56.8897412], [14.79936424, 56.88974075], [14.79936397, 56.88974066], [14.79980596, 56.88842948], [14.80033101, 56.88661231], [14.80038008, 56.88644308], [14.80037981, 56.88644308], [14.79987628, 56.886465], [14.79580638, 56.88734582], [14.79569959, 56.8877448], [14.79552705, 56.88801568], [14.79527689, 56.88837526], [14.79506901, 56.88872153], [14.79488696, 56.88897389], [14.79476361, 56.88923057], [14.7946566, 56.88954476], [14.79463811, 56.88995358], [14.79455008, 56.89092662], [14.79450409, 56.89153856], [14.79443954, 56.89212874], [14.79439559, 56.89268842], [14.79435332, 56.8932384], [14.79429609, 56.89397176], [14.79426243, 56.89435927], [14.79419905, 56.89505373], [14.79418493, 56.89533224], [14.79415346, 56.89556634], [14.79420697, 56.89573044], [14.79430658, 56.89597967], [14.79442711, 56.8961657], [14.79463307, 56.89639975], [14.79479339, 56.89653842], [14.79536586, 56.89663457], [14.79666697, 56.89641196]]]}, "properties": {"deso": "0780C1230", "pop": 2803.0, "income": 216.4, "male_frac": 0.5011, "child_frac": 0.2162, "elder_frac": 0.1366, "dependency": 0.5452, "needZ": 2.0832, "needZ_v1": 1.0585, "regso": "0780R001", "higher_ed": 42.6, "neet": 28.9, "income_support": 3.9}}, {"type": "Feature", "geometry": {"type": "Polygon", "coordinates": [[[14.79427281, 56.89658283], [14.79479339, 56.89653842], [14.79463307, 56.89639975], [14.79442711, 56.8961657], [14.79430658, 56.89597967], [14.79420697, 56.89573044], [14.79415346, 56.89556634], [14.79418493, 56.89533224], [14.79419905, 56.89505373], [14.79426243, 56.89435927], [14.79429609, 56.89397176], [14.79435332, 56.8932384], [14.79439559, 56.89268842], [14.79443954, 56.89212874], [14.79450409, 56.89153856], [14.79455008, 56.89092662], [14.79463811, 56.88995358], [14.7946566, 56.88954476], [14.79432971, 56.88952751], [14.79277591, 56.88940145], [14.79024483, 56.88911088], [14.79012878, 56.88909838], [14.78954313, 56.89019067], [14.78941253, 56.89038212], [14.7891845, 56.8907393], [14.7888641, 56.89122692], [14.7886072, 56.89161325], [14.78828014, 56.89212664], [14.78798836, 56.89257487], [14.78769827, 56.89301162], [14.78745145, 56.89340613], [14.78734455, 56.89359133], [14.78721466, 56.89386829], [14.78702907, 56.89439656], [14.78684611, 56.89498294], [14.78674482, 56.89532219], [14.7865635, 56.89604788], [14.78663632, 56.89607217], [14.78663673, 56.89607154], [14.78675387, 56.89608575], [14.78771311, 56.89629073], [14.78909798, 56.8964869], [14.79021572, 56.89657528], [14.79163144, 56.89660899], [14.79282132, 56.89662813], [14.79366105, 56.8966403], [14.79427281, 56.89658283]]]}, "properties": {"deso": "0780C1240", "pop": 2246.0, "income": 216.4, "male_frac": 0.5332, "child_frac": 0.2373, "elder_frac": 0.1215, "dependency": 0.5597, "needZ": 2.096, "needZ_v1": 1.0884, "regso": "0780R001", "higher_ed": 42.6, "neet": 28.9, "income_support": 3.9}}, {"type": "Feature", "geometry": {"type": "Polygon", "coordinates": [[[14.78646184, 56.89656964], [14.78653309, 56.89627678], [14.78661123, 56.89610482], [14.78663632, 56.89607217], [14.7865635, 56.89604788], [14.78674482, 56.89532219], [14.78684611, 56.89498294], [14.78702907, 56.89439656], [14.78721466, 56.89386829], [14.78734455, 56.89359133], [14.78745145, 56.89340613], [14.78769827, 56.89301162], [14.78798836, 56.89257487], [14.78828014, 56.89212664], [14.7886072, 56.89161325], [14.7888641, 56.89122692], [14.7891845, 56.8907393], [14.78941253, 56.89038212], [14.78954313, 56.89019067], [14.79012878, 56.88909838], [14.79024483, 56.88911088], [14.78450138, 56.88847867], [14.78242816, 56.88820463], [14.78262677, 56.88802929], [14.78268189, 56.88704237], [14.78333216, 56.88563739], [14.78383288, 56.884462], [14.78415937, 56.88352962], [14.78433079, 56.88247544], [14.78503463, 56.87880855], [14.78102287, 56.87885368], [14.78061276, 56.87885548], [14.77853817, 56.87890858], [14.77678475, 56.87891867], [14.76804724, 56.87893419], [14.76535398, 56.87897398], [14.7650962, 56.87902137], [14.76406745, 56.87928871], [14.76368375, 56.87943672], [14.76329121, 56.87954933], [14.76275892, 56.87972158], [14.7622292, 56.87993569], [14.76173959, 56.88016056], [14.75869242, 56.88166834], [14.75588463, 56.88305471], [14.75561408, 56.88318855], [14.75526811, 56.88334937], [14.75539053, 56.88362472], [14.75541999, 56.8836511], [14.75548679, 56.88376197], [14.75557638, 56.88403035], [14.75570778, 56.88431883], [14.7557251, 56.88436117], [14.75582701, 56.8845878], [14.75586291, 56.88466467], [14.75603414, 56.88503038], [14.75560037, 56.88578689], [14.75549661, 56.88596812], [14.75545582, 56.88603908], [14.75516869, 56.88657213], [14.75393084, 56.88875517], [14.7533593, 56.8897645], [14.7532477, 56.88998245], [14.75515318, 56.8904758], [14.75635995, 56.89075722], [14.756831, 56.89085272], [14.75800641, 56.89104766], [14.76002856, 56.89132712], [14.76118722, 56.89145913], [14.76206708, 56.89156769], [14.76306172, 56.89169955], [14.76423878, 56.89187791], [14.76504608, 56.89201506], [14.76590094, 56.89216585], [14.76636282, 56.89226228], [14.76718682, 56.89243627], [14.76838234, 56.89270256], [14.76962251, 56.89301679], [14.77183281, 56.89365766], [14.77323662, 56.8941181], [14.77513748, 56.89482679], [14.77709934, 56.89567083], [14.78056935, 56.89718843], [14.78078488, 56.89727531], [14.7809822, 56.89735218], [14.7814172, 56.89752629], [14.78162181, 56.89760739], [14.78170704, 56.89763907], [14.78202808, 56.89776394], [14.78232185, 56.89787681], [14.78263877, 56.89799098], [14.78295028, 56.89810245], [14.78324452, 56.89820473], [14.78355243, 56.89830909], [14.78386493, 56.89841427], [14.78449634, 56.89861817], [14.78483687, 56.89872447], [14.78515877, 56.89882032], [14.78546149, 56.89891039], [14.78573626, 56.89898775], [14.78605644, 56.89907757], [14.78646184, 56.89656964]]]}, "properties": {"deso": "0780C1201", "pop": 1393.0, "income": 378.6, "male_frac": 0.5726, "child_frac": 0.1127, "elder_frac": 0.1199, "dependency": 0.3031, "needZ": -0.6844, "needZ_v1": -0.8754, "regso": "0780R018", "higher_ed": 83.3, "neet": 9.3, "income_support": 0.2}}, {"type": "Feature", "geometry": {"type": "Polygon", "coordinates": [[[14.72654445, 56.89894196], [14.72733173, 56.89788984], [14.7284719, 56.89636612], [14.72847203, 56.89636612], [14.7323151, 56.89659815], [14.73335613, 56.89666253], [14.73354021, 56.89666562], [14.73353994, 56.89666508], [14.73345784, 56.89650395], [14.73345851, 56.89650386], [14.7336794, 56.89647002], [14.73407455, 56.89640952], [14.73453447, 56.896339], [14.73497271, 56.89627176], [14.73505059, 56.89624695], [14.73493216, 56.89609248], [14.73477349, 56.89588547], [14.73480848, 56.89583839], [14.73481092, 56.89583777], [14.73481105, 56.89583777], [14.73541291, 56.89569839], [14.73601599, 56.89555658], [14.73631104, 56.89548562], [14.73686354, 56.89535574], [14.73743, 56.89522382], [14.73949017, 56.89467871], [14.7397341, 56.89461832], [14.74137154, 56.89416311], [14.74137195, 56.89416266], [14.74182265, 56.8935989], [14.74182278, 56.893599], [14.74232009, 56.89393073], [14.74405334, 56.89350936], [14.74420539, 56.89413715], [14.74704167, 56.89541143], [14.75005467, 56.89552886], [14.75005495, 56.89552841], [14.75005522, 56.89552842], [14.75183277, 56.8924246], [14.75322703, 56.88999768], [14.7532477, 56.88998245], [14.7533593, 56.8897645], [14.75393084, 56.88875517], [14.75516869, 56.88657213], [14.75545582, 56.88603908], [14.75549661, 56.88596812], [14.75560037, 56.88578689], [14.75603414, 56.88503038], [14.75586291, 56.88466467], [14.75582701, 56.8845878], [14.7557251, 56.88436117], [14.75570778, 56.88431883], [14.75557638, 56.88403035], [14.75548679, 56.88376197], [14.75541999, 56.8836511], [14.75539053, 56.88362472], [14.75526811, 56.88334937], [14.75508473, 56.88296036], [14.75491932, 56.88259538], [14.75489427, 56.88253659], [14.75475423, 56.88222581], [14.75461404, 56.88191656], [14.7545842, 56.88186566], [14.75453258, 56.88177215], [14.75439431, 56.88152137], [14.75416879, 56.88110426], [14.75370079, 56.88025482], [14.75448027, 56.87761497], [14.75492072, 56.87607598], [14.75481151, 56.87603867], [14.75450189, 56.87594726], [14.75450016, 56.87594213], [14.75446439, 56.87584748], [14.75430923, 56.87551575], [14.75411574, 56.87519004], [14.753885, 56.87487172], [14.75381605, 56.87478266], [14.75354873, 56.87447298], [14.75324618, 56.87417311], [14.75290934, 56.87388439], [14.75281017, 56.87380444], [14.75244051, 56.87352796], [14.75203938, 56.8732649], [14.75160868, 56.87301623], [14.75147132, 56.87294222], [14.75108909, 56.8727479], [14.75104703, 56.87262449], [14.75093077, 56.87228807], [14.75091811, 56.87225885], [14.75076299, 56.87192711], [14.75056955, 56.8716014], [14.75055443, 56.87157694], [14.75032374, 56.87125861], [14.75030442, 56.87123513], [14.75003716, 56.87092535], [14.74973467, 56.87062556], [14.74971128, 56.87060323], [14.74937449, 56.87031451], [14.74934731, 56.87029344], [14.74897771, 56.87001695], [14.74857665, 56.86975387], [14.74854594, 56.86973441], [14.7481153, 56.86948573], [14.74808133, 56.86946788], [14.74762273, 56.86923459], [14.74713791, 56.86901778], [14.74710109, 56.86900181], [14.74659223, 56.8688021], [14.74655269, 56.86878818], [14.74602152, 56.86860657], [14.74547048, 56.86844377], [14.74542863, 56.86843192], [14.74485975, 56.86828849], [14.74481612, 56.86827888], [14.74423169, 56.86815553], [14.74363413, 56.86805263], [14.743589, 56.86804535], [14.74298076, 56.86796336], [14.74293453, 56.8679585], [14.74231802, 56.86789777], [14.74169569, 56.86785858], [14.74164891, 56.86785615], [14.74102331, 56.86783851], [14.74097624, 56.8678385], [14.74034982, 56.86784268], [14.73972515, 56.8678685], [14.73967833, 56.86787101], [14.73905797, 56.86791849], [14.73900409, 56.86792421], [14.73839034, 56.86799308], [14.73797619, 56.86804862], [14.73759291, 56.86810009], [14.73719202, 56.86815376], [14.73679736, 56.86820664], [14.73639675, 56.86826041], [14.73632702, 56.86826978], [14.73614011, 56.86828556], [14.73552635, 56.86835432], [14.73546936, 56.86836075], [14.73486491, 56.86845073], [14.73481738, 56.86845889], [14.73422468, 56.86856964], [14.73364591, 56.86870071], [14.73360011, 56.86871148], [14.73303769, 56.86886234], [14.73299404, 56.86887563], [14.73245029, 56.86904566], [14.73192736, 56.86923415], [14.73188653, 56.86924978], [14.73138646, 56.86945609], [14.73091143, 56.86967935], [14.73087356, 56.86969714], [14.73042532, 56.86993635], [14.73039096, 56.86995622], [14.72997142, 56.87021049], [14.72958221, 56.87047874], [14.72955175, 56.87050032], [14.72919436, 56.87078158], [14.72916809, 56.87080479], [14.72884416, 56.87109788], [14.72855491, 56.87140165], [14.72853295, 56.87142621], [14.72827948, 56.87173931], [14.72806287, 56.87206057], [14.72804564, 56.87208613], [14.72786672, 56.8724143], [14.72785436, 56.87244077], [14.72771395, 56.8727745], [14.72761247, 56.87311235], [14.72760497, 56.87313937], [14.72754297, 56.8734801], [14.72754016, 56.87351198], [14.72751779, 56.87385414], [14.72751853, 56.8740689], [14.72751908, 56.87427243], [14.72751954, 56.87428276], [14.72751975, 56.8743106], [14.72751929, 56.87431725], [14.72752008, 56.87454333], [14.72753748, 56.87488557], [14.72754023, 56.87491639], [14.72754917, 56.87497021], [14.7274131, 56.875172], [14.72739844, 56.87519703], [14.72726009, 56.87545074], [14.72691622, 56.87568774], [14.72655876, 56.87596899], [14.72655277, 56.87597445], [14.72630327, 56.87610765], [14.72588363, 56.8763619], [14.72586351, 56.87637551], [14.7254742, 56.87664375], [14.72511673, 56.876925], [14.72511401, 56.87692715], [14.72486653, 56.87715106], [14.72486164, 56.87715392], [14.72444198, 56.87740817], [14.72412772, 56.87762466], [14.72364134, 56.87773478], [14.7235962, 56.87774573], [14.72303361, 56.87789655], [14.72248967, 56.87806653], [14.72244668, 56.87808], [14.72192358, 56.87826845], [14.72188328, 56.87828407], [14.72138303, 56.87849035], [14.72090783, 56.87871348], [14.72087049, 56.87873136], [14.72042208, 56.87897053], [14.72038837, 56.87899031], [14.71996866, 56.87924454], [14.71957929, 56.87951277], [14.71954936, 56.87953434], [14.71919181, 56.87981557], [14.71916593, 56.8798386], [14.71884184, 56.88013167], [14.71855245, 56.88043541], [14.71853088, 56.88045979], [14.71827727, 56.88077287], [14.71806052, 56.88109411], [14.71804355, 56.88111958], [14.7178645, 56.88144773], [14.71785033, 56.88147833], [14.7177098, 56.88181196], [14.71573564, 56.88717451], [14.71563402, 56.88751236], [14.71562567, 56.8875427], [14.71556353, 56.88788342], [14.71556103, 56.88790973], [14.71553854, 56.88825189], [14.71555583, 56.88859413], [14.71555807, 56.88862046], [14.71561503, 56.88896145], [14.71562187, 56.88898751], [14.71571836, 56.88932581], [14.71585387, 56.88966015], [14.71586532, 56.88968569], [14.71603944, 56.89001464], [14.71605549, 56.89003946], [14.71626743, 56.89036168], [14.71651638, 56.89067589], [14.71653677, 56.89069974], [14.71682166, 56.89100478], [14.71684612, 56.89102747], [14.71716588, 56.89132199], [14.7175193, 56.89160482], [14.71754783, 56.89162608], [14.71793329, 56.89189605], [14.71834932, 56.89215216], [14.71838138, 56.89217172], [14.71882636, 56.8924129], [14.71886182, 56.89243076], [14.71923715, 56.89260999], [14.71910279, 56.89292881], [14.7190654, 56.89302349], [14.71896379, 56.89336133], [14.71890591, 56.8936788], [14.71883942, 56.89389988], [14.7187773, 56.8942406], [14.71876331, 56.89433703], [14.71874085, 56.89467919], [14.71875817, 56.89502144], [14.71881517, 56.89536243], [14.71883204, 56.89544142], [14.71883321, 56.89544672], [14.71885468, 56.89556182], [14.71895123, 56.89590012], [14.71908679, 56.89623446], [14.71926097, 56.8965634], [14.71931307, 56.89665568], [14.71952507, 56.89697788], [14.71977409, 56.89729209], [14.72005906, 56.89759712], [14.72014316, 56.89768219], [14.7204173, 56.89793447], [14.7203686, 56.89820157], [14.72036637, 56.89822761], [14.72034392, 56.89856977], [14.72036126, 56.89891202], [14.72036377, 56.89893816], [14.72041301, 56.8992327], [14.72654445, 56.89894196]]]}, "properties": {"deso": "0780C1170", "pop": 2402.0, "income": 425.3, "male_frac": 0.5156, "child_frac": 0.2306, "elder_frac": 0.1307, "dependency": 0.5658, "needZ": -0.6282, "needZ_v1": -0.7469, "regso": "0780R022", "higher_ed": 74.4, "neet": 5.8, "income_support": 0.2}}, {"type": "Feature", "geometry": {"type": "Polygon", "coordinates": [[[14.79853956, 56.90031419], [14.79874733, 56.89946574], [14.79893361, 56.89886004], [14.79920199, 56.89806477], [14.79941251, 56.89730255], [14.79952512, 56.89654655], [14.79953375, 56.89592107], [14.79950154, 56.89571731], [14.79811537, 56.89598318], [14.79787406, 56.89602519], [14.79697194, 56.89621306], [14.79659615, 56.89629257], [14.79666697, 56.89641196], [14.79536586, 56.89663457], [14.79479339, 56.89653842], [14.79427281, 56.89658283], [14.79366105, 56.8966403], [14.79282132, 56.89662813], [14.79163144, 56.89660899], [14.79021572, 56.89657528], [14.78909798, 56.8964869], [14.78771311, 56.89629073], [14.78675387, 56.89608575], [14.78663673, 56.89607154], [14.78663632, 56.89607217], [14.78661123, 56.89610482], [14.78653309, 56.89627678], [14.78646184, 56.89656964], [14.78605644, 56.89907757], [14.78737661, 56.89943425], [14.78989574, 56.8999723], [14.79190684, 56.90032272], [14.79390005, 56.90060823], [14.79566307, 56.90083361], [14.79742463, 56.9009827], [14.79745086, 56.90098858], [14.79844829, 56.90112411], [14.79853956, 56.90031419]]]}, "properties": {"deso": "0780C1280", "pop": 2265.0, "income": 216.4, "male_frac": 0.5279, "child_frac": 0.2715, "elder_frac": 0.0843, "dependency": 0.5524, "needZ": 2.0896, "needZ_v1": 1.0734, "regso": "0780R001", "higher_ed": 42.6, "neet": 28.9, "income_support": 3.9}}, {"type": "Feature", "geometry": {"type": "Polygon", "coordinates": [[[14.80692927, 56.90097717], [14.80687626, 56.89926129], [14.80783303, 56.89763562], [14.80816745, 56.89706812], [14.808342, 56.89647478], [14.80834187, 56.89647433], [14.80779599, 56.89644035], [14.80597988, 56.89634934], [14.80607383, 56.89587696], [14.80499512, 56.89577729], [14.80161769, 56.89542662], [14.80210972, 56.89337846], [14.80211581, 56.89337919], [14.80253518, 56.89249811], [14.80262124, 56.89237232], [14.804157, 56.89012945], [14.80188753, 56.8898893], [14.7996672, 56.88975282], [14.79936424, 56.88974075], [14.79936356, 56.8897412], [14.79910542, 56.89043194], [14.79887412, 56.89116215], [14.79884106, 56.89164765], [14.79885462, 56.89282717], [14.79885516, 56.89282762], [14.79918128, 56.89417776], [14.79940557, 56.89511241], [14.79950154, 56.89571731], [14.79953375, 56.89592107], [14.79952512, 56.89654655], [14.79941251, 56.89730255], [14.79920199, 56.89806477], [14.79893361, 56.89886004], [14.79874733, 56.89946574], [14.79853956, 56.90031419], [14.79844829, 56.90112411], [14.80098013, 56.90141155], [14.80591344, 56.901931], [14.80688031, 56.90201827], [14.80692927, 56.90097717]]]}, "properties": {"deso": "0780C1250", "pop": 1974.0, "income": 319.1, "male_frac": 0.5145, "child_frac": 0.1758, "elder_frac": 0.1535, "dependency": 0.4909, "needZ": 0.3782, "needZ_v1": 0.0382, "regso": "0780R009", "higher_ed": 58.7, "neet": 15.3, "income_support": 0.6}}, {"type": "Feature", "geometry": {"type": "Polygon", "coordinates": [[[14.817546, 56.90236941], [14.81932405, 56.90227768], [14.82133726, 56.90218357], [14.82487264, 56.9022492], [14.82551313, 56.90149661], [14.82527583, 56.90131817], [14.8250209, 56.90108698], [14.82440045, 56.9003382], [14.82342061, 56.89912831], [14.82250372, 56.8979318], [14.82134397, 56.89635276], [14.82087261, 56.89576449], [14.82018745, 56.89502314], [14.81761885, 56.89181039], [14.81665727, 56.89052718], [14.8166406, 56.89053219], [14.81571834, 56.89076095], [14.81343779, 56.89087433], [14.81343738, 56.89087432], [14.81343778, 56.89087477], [14.81346159, 56.89101259], [14.81348758, 56.89136562], [14.81295545, 56.89257467], [14.81292082, 56.89265321], [14.81280445, 56.89291755], [14.81268821, 56.8931819], [14.8126596, 56.89324724], [14.81254323, 56.89351149], [14.81242685, 56.89377574], [14.81239783, 56.89384127], [14.81228159, 56.89410561], [14.81216508, 56.89436977], [14.81213646, 56.89443529], [14.81201994, 56.89469945], [14.8119037, 56.89496388], [14.81187481, 56.89502914], [14.81182962, 56.89513344], [14.81084974, 56.89513708], [14.81077872, 56.89536915], [14.81069572, 56.89564036], [14.81061094, 56.89591697], [14.80921331, 56.89589454], [14.80896904, 56.89652182], [14.80896876, 56.89652182], [14.80885282, 56.89651023], [14.80834187, 56.89647433], [14.808342, 56.89647478], [14.80816745, 56.89706812], [14.80783303, 56.89763562], [14.80687626, 56.89926129], [14.80692927, 56.90097717], [14.80688031, 56.90201827], [14.80917154, 56.90217709], [14.81206762, 56.90235078], [14.81489264, 56.90241455], [14.817546, 56.90236941]]]}, "properties": {"deso": "0780C1260", "pop": 2083.0, "income": 389.9, "male_frac": 0.4969, "child_frac": 0.1911, "elder_frac": 0.2088, "dependency": 0.6664, "needZ": -0.5279, "needZ_v1": -0.2265, "regso": "0780R005", "higher_ed": 82.9, "neet": 6.2, "income_support": 0.1}}, {"type": "Feature", "geometry": {"type": "Polygon", "coordinates": [[[14.84976829, 56.90549323], [14.84915684, 56.90391565], [14.84920317, 56.90350577], [14.84932978, 56.90323072], [14.84974008, 56.90250522], [14.84975088, 56.90237652], [14.84968975, 56.90205714], [14.84962233, 56.90141657], [14.84929246, 56.90110235], [14.84820159, 56.90002815], [14.84768848, 56.89943652], [14.84748074, 56.89892457], [14.853472, 56.89751791], [14.85434666, 56.89653138], [14.85401355, 56.89624699], [14.85398738, 56.89622486], [14.85361675, 56.89594869], [14.85358665, 56.89592808], [14.85318457, 56.89566534], [14.85275294, 56.89541703], [14.85271931, 56.89539821], [14.85225973, 56.89516531], [14.85222298, 56.89514829], [14.85173723, 56.89493189], [14.85122745, 56.8947326], [14.85118771, 56.89471773], [14.85065567, 56.89453657], [14.85061363, 56.89452376], [14.85006175, 56.89436143], [14.84949207, 56.89421847], [14.84944785, 56.89420809], [14.84886267, 56.89408523], [14.84881682, 56.89407718], [14.84821856, 56.89397478], [14.84760966, 56.89389329], [14.84756258, 56.89388776], [14.84694547, 56.89382754], [14.8463226, 56.89378887], [14.84627483, 56.89378594], [14.84564876, 56.89376882], [14.84560057, 56.8937684], [14.84497373, 56.89377311], [14.84434869, 56.89379946], [14.84429265, 56.89380199], [14.84357506, 56.89385382], [14.84331432, 56.89386481], [14.84269365, 56.8939128], [14.84207967, 56.89398208], [14.84204649, 56.89398662], [14.84144188, 56.89407711], [14.84141709, 56.89408112], [14.84135019, 56.8940911], [14.84130562, 56.89409805], [14.84071284, 56.8942093], [14.84066786, 56.89421903], [14.84008906, 56.89435059], [14.83952669, 56.89450193], [14.83948372, 56.89451409], [14.83914908, 56.89461902], [14.83915053, 56.89428095], [14.83914836, 56.89425014], [14.83911017, 56.89390833], [14.83910899, 56.89389988], [14.83910195, 56.89386916], [14.83902396, 56.89352945], [14.83902142, 56.8935211], [14.8389043, 56.89318476], [14.83889252, 56.89315447], [14.83873653, 56.89282284], [14.83873264, 56.89281466], [14.83871626, 56.89278536], [14.83852195, 56.89245979], [14.83851684, 56.89245179], [14.83828528, 56.89213362], [14.83826415, 56.89210476], [14.83825782, 56.89209712], [14.83798969, 56.89178753], [14.83796422, 56.89176001], [14.83784873, 56.89164588], [14.83774117, 56.89141715], [14.83754687, 56.89109158], [14.83748731, 56.89100061], [14.8373712, 56.89084103], [14.83746626, 56.89064292], [14.83747544, 56.89061814], [14.83759546, 56.89028211], [14.83767637, 56.88994261], [14.83768135, 56.88991747], [14.83772249, 56.88957576], [14.83772316, 56.8895463], [14.83772464, 56.88920392], [14.83770037, 56.88880923], [14.8376761, 56.88841399], [14.83794751, 56.88814902], [14.83803764, 56.88805537], [14.83830842, 56.88774647], [14.83836573, 56.88766948], [14.83837607, 56.88765558], [14.83842232, 56.8876648], [14.8385071, 56.88768152], [14.83851183, 56.88768252], [14.83886408, 56.88775043], [14.8394558, 56.88786319], [14.83945702, 56.88786337], [14.83947473, 56.88786672], [14.83947812, 56.88786735], [14.83984431, 56.88793465], [14.8398458, 56.88793483], [14.83986621, 56.88793854], [14.8398673, 56.88793872], [14.84023134, 56.88800206], [14.84023242, 56.88800224], [14.84025339, 56.88800577], [14.84025677, 56.88800622], [14.84061366, 56.88806497], [14.8406142, 56.88806506], [14.84063557, 56.88806841], [14.84063638, 56.88806859], [14.84100181, 56.88812537], [14.84160555, 56.88821739], [14.84160676, 56.88821757], [14.84161366, 56.88821857], [14.84162881, 56.88822093], [14.84199426, 56.8882742], [14.84199507, 56.88827429], [14.84201657, 56.88827737], [14.84201725, 56.88827746], [14.8423823, 56.8883275], [14.84238555, 56.88832787], [14.84240151, 56.88832995], [14.84240557, 56.88833059], [14.84278525, 56.88837903], [14.84278755, 56.88837939], [14.84280919, 56.88838202], [14.84281243, 56.88838239], [14.84305997, 56.8884118], [14.84317292, 56.88842523], [14.84317441, 56.88842542], [14.84319551, 56.88842787], [14.84380882, 56.88849878], [14.84381004, 56.88849887], [14.84421991, 56.88854376], [14.84470907, 56.88859682], [14.84471204, 56.88859718], [14.84495486, 56.88862416], [14.8449646, 56.88862525], [14.84520255, 56.88864971], [14.84522446, 56.8886518], [14.84541873, 56.88867027], [14.84542684, 56.888671], [14.84562802, 56.88868849], [14.8456502, 56.88869041], [14.84569877, 56.88869433], [14.845848, 56.88870637], [14.84646817, 56.88875582], [14.84647588, 56.88875636], [14.84667585, 56.88877107], [14.8470862, 56.88880022], [14.84749277, 56.8888291], [14.8478992, 56.88885807], [14.84830644, 56.88888695], [14.84859855, 56.88890769], [14.84869651, 56.88891446], [14.84871139, 56.88891546], [14.84890338, 56.88892755], [14.84891137, 56.8889281], [14.84910174, 56.88893875], [14.84910255, 56.88893875], [14.84912434, 56.88893994], [14.84931472, 56.88894925], [14.84993945, 56.88897712], [14.84994811, 56.88897749], [14.85014053, 56.88898536], [14.85016259, 56.88898619], [14.85035365, 56.88899262], [14.85036286, 56.8889929], [14.85055555, 56.88899789], [14.85057748, 56.88899837], [14.85077248, 56.88900192], [14.85078101, 56.88900211], [14.85097697, 56.88900432], [14.85160368, 56.88901055], [14.85160477, 56.88901055], [14.85162696, 56.88901066], [14.8516275, 56.88901066], [14.85185257, 56.88901129], [14.85185757, 56.8890113], [14.85206396, 56.88901091], [14.85206924, 56.88901092], [14.85208643, 56.88901076], [14.85209157, 56.88901077], [14.85253144, 56.88900446], [14.85315757, 56.88898885], [14.8532132, 56.88898658], [14.8538363, 56.88894941], [14.85388341, 56.88894497], [14.85450091, 56.88888623], [14.85511036, 56.88880619], [14.8551564, 56.88879924], [14.85520069, 56.88879175], [14.85473306, 56.88723331], [14.84975987, 56.88651382], [14.85448544, 56.88408982], [14.85479364, 56.88393102], [14.85242058, 56.88375606], [14.84676641, 56.8832425], [14.84546689, 56.88309917], [14.84431873, 56.88293957], [14.84297314, 56.8827525], [14.84154467, 56.88248798], [14.83924192, 56.88198268], [14.83557094, 56.88114834], [14.83474207, 56.88092666], [14.83397489, 56.88067972], [14.83397462, 56.88067972], [14.83310854, 56.88058542], [14.833108, 56.88058587], [14.83065052, 56.88035856], [14.82929934, 56.88030372], [14.8288841, 56.8793535], [14.82882332, 56.87918313], [14.82840715, 56.87879526], [14.82773805, 56.87851033], [14.82734884, 56.8783836], [14.82677086, 56.87808783], [14.82541832, 56.87709606], [14.82541846, 56.87709552], [14.82520829, 56.87684625], [14.82498723, 56.87655556], [14.82438488, 56.87633169], [14.82385097, 56.87625666], [14.82333914, 56.87629205], [14.82125553, 56.87643387], [14.82051267, 56.87668268], [14.8198066, 56.87693118], [14.81868264, 56.87728443], [14.81744127, 56.87796057], [14.81694816, 56.87800584], [14.81355692, 56.8782577], [14.81356249, 56.87833271], [14.81356533, 56.87833298], [14.81329627, 56.878351], [14.81347737, 56.87907089], [14.81418538, 56.87912853], [14.8143669, 56.87990457], [14.81437809, 56.87996656], [14.81439923, 56.88004275], [14.81444719, 56.88024761], [14.81458725, 56.88084628], [14.81460758, 56.88103017], [14.81500539, 56.88100229], [14.81532567, 56.88223561], [14.81505044, 56.88253798], [14.81643706, 56.88409622], [14.82162999, 56.88345705], [14.82353767, 56.88366023], [14.82294031, 56.88653618], [14.82296077, 56.88704638], [14.82474495, 56.88710395], [14.82517114, 56.88712485], [14.82525279, 56.8873769], [14.82557184, 56.88762246], [14.82583641, 56.88782591], [14.82597925, 56.88789886], [14.82644094, 56.88770954], [14.8268907, 56.88758046], [14.82732062, 56.88749897], [14.82788278, 56.88749911], [14.82781469, 56.88809281], [14.82788903, 56.88929001], [14.82798679, 56.8901921], [14.82825062, 56.89103711], [14.82856023, 56.89223194], [14.82889491, 56.8931869], [14.8291018, 56.89432743], [14.82919459, 56.89508203], [14.82893934, 56.89646704], [14.82859616, 56.89724448], [14.82809655, 56.897856], [14.82808035, 56.897876], [14.82807995, 56.89787636], [14.82743555, 56.89841277], [14.82743501, 56.89841322], [14.82729559, 56.89852943], [14.82729518, 56.89852988], [14.82734921, 56.89858312], [14.82865129, 56.89945427], [14.83008419, 56.90032557], [14.83021246, 56.90037003], [14.83274494, 56.90095187], [14.83368222, 56.90112485], [14.83500548, 56.9013887], [14.83520411, 56.90150473], [14.83634558, 56.90183156], [14.83639518, 56.90184994], [14.8364241, 56.90186157], [14.83674157, 56.90198728], [14.83725524, 56.90222938], [14.83742348, 56.90220777], [14.83749677, 56.90226086], [14.83749835, 56.90242631], [14.837685, 56.90256236], [14.83787667, 56.90266437], [14.8384644, 56.90312931], [14.83853382, 56.90316856], [14.83875429, 56.90334255], [14.83879524, 56.90339129], [14.83944885, 56.90390796], [14.84052634, 56.9039264], [14.84060606, 56.90386749], [14.84075709, 56.90362868], [14.84076155, 56.90324947], [14.84106915, 56.90324977], [14.84118481, 56.90314564], [14.84132347, 56.90307441], [14.84137585, 56.90304753], [14.8414908, 56.90310813], [14.84163944, 56.90304832], [14.84181979, 56.90307684], [14.84258644, 56.90292763], [14.84292054, 56.90309664], [14.84308329, 56.90299634], [14.84330985, 56.9027251], [14.84345083, 56.90261696], [14.84396043, 56.90232434], [14.84402396, 56.90234804], [14.84408898, 56.90237075], [14.84414046, 56.90233175], [14.84416953, 56.90230753], [14.84423395, 56.90224851], [14.84426208, 56.9022216], [14.84482832, 56.90240221], [14.84475217, 56.9030709], [14.84472126, 56.90334256], [14.84487867, 56.90397454], [14.84538122, 56.90437081], [14.84560463, 56.90453213], [14.84641904, 56.90538524], [14.8470098, 56.9057747], [14.8473059, 56.90614241], [14.84976829, 56.90549323]]]}, "properties": {"deso": "0780C1220", "pop": 1726.0, "income": 321.0, "male_frac": 0.4977, "child_frac": 0.1049, "elder_frac": 0.263, "dependency": 0.582, "needZ": 0.1195, "needZ_v1": 0.2091, "regso": "0780R003", "higher_ed": 70.7, "neet": 11.6, "income_support": 0.5}}, {"type": "Feature", "geometry": {"type": "Polygon", "coordinates": [[[14.78320607, 56.90860507], [14.78435767, 56.90840129], [14.78505698, 56.90831744], [14.78558193, 56.90827379], [14.78712649, 56.90827787], [14.78810905, 56.90826822], [14.78979035, 56.90815537], [14.79220586, 56.90795822], [14.79255601, 56.90793563], [14.79264836, 56.90817847], [14.79288737, 56.90854335], [14.7935597, 56.90856081], [14.79356476, 56.90855291], [14.79365981, 56.90840576], [14.79376014, 56.9082104], [14.79376575, 56.90819954], [14.79495566, 56.90783656], [14.79498197, 56.90782852], [14.79498997, 56.90782611], [14.79536052, 56.90771184], [14.79552665, 56.90754047], [14.79732559, 56.90729703], [14.79838619, 56.90719842], [14.79817852, 56.90666411], [14.79792751, 56.90598369], [14.79782382, 56.90570248], [14.79774074, 56.90541718], [14.79765846, 56.90513466], [14.79751208, 56.9046115], [14.79738595, 56.90400107], [14.79736637, 56.90374308], [14.79740026, 56.90323333], [14.79740211, 56.90314189], [14.79740702, 56.90291134], [14.79739031, 56.90217202], [14.79741369, 56.9013036], [14.79745086, 56.90098858], [14.79742463, 56.9009827], [14.79566307, 56.90083361], [14.79390005, 56.90060823], [14.79190684, 56.90032272], [14.78989574, 56.8999723], [14.78737661, 56.89943425], [14.78605644, 56.89907757], [14.78573626, 56.89898775], [14.78546149, 56.89891039], [14.78515877, 56.89882032], [14.78483687, 56.89872447], [14.78449634, 56.89861817], [14.78386493, 56.89841427], [14.78355243, 56.89830909], [14.78324452, 56.89820473], [14.78295028, 56.89810245], [14.78263877, 56.89799098], [14.78232185, 56.89787681], [14.78202808, 56.89776394], [14.78170704, 56.89763907], [14.78162181, 56.89760739], [14.7814172, 56.89752629], [14.7809822, 56.89735218], [14.78078488, 56.89727531], [14.78056935, 56.89718843], [14.77709934, 56.89567083], [14.77513748, 56.89482679], [14.77323662, 56.8941181], [14.77183281, 56.89365766], [14.76962251, 56.89301679], [14.76838234, 56.89270256], [14.76718682, 56.89243627], [14.76636282, 56.89226228], [14.76590094, 56.89216585], [14.76504608, 56.89201506], [14.76423878, 56.89187791], [14.76306172, 56.89169955], [14.76206708, 56.89156769], [14.76118722, 56.89145913], [14.76002856, 56.89132712], [14.75800641, 56.89104766], [14.756831, 56.89085272], [14.75635995, 56.89075722], [14.75515318, 56.8904758], [14.7532477, 56.88998245], [14.75322703, 56.88999768], [14.75183277, 56.8924246], [14.75005522, 56.89552842], [14.75109767, 56.89694747], [14.7528255, 56.89925959], [14.75444005, 56.90143431], [14.75452553, 56.90154927], [14.75897718, 56.90072595], [14.76289606, 56.90067407], [14.76757511, 56.90096453], [14.7683445, 56.90058818], [14.76946666, 56.90060867], [14.77633563, 56.90008853], [14.77763831, 56.90005142], [14.77781716, 56.90004887], [14.77808188, 56.89983242], [14.77811845, 56.89985198], [14.77812169, 56.90003773], [14.77930345, 56.90000416], [14.77929218, 56.89943568], [14.77928063, 56.89884592], [14.78023459, 56.89806366], [14.78017763, 56.89886564], [14.78034063, 56.89994788], [14.78070221, 56.90191248], [14.78102818, 56.90427806], [14.78130607, 56.90542498], [14.78131241, 56.90545176], [14.78143142, 56.90596223], [14.78132256, 56.9077002], [14.7815383, 56.90857451], [14.78226054, 56.90867214], [14.78320607, 56.90860507]]]}, "properties": {"deso": "0780C1290", "pop": 1626.0, "income": 359.2, "male_frac": 0.5138, "child_frac": 0.1876, "elder_frac": 0.2448, "dependency": 0.7616, "needZ": 0.1673, "needZ_v1": 0.2414, "regso": "0780R006", "higher_ed": 60.8, "neet": 9.4, "income_support": 0.3}}, {"type": "Feature", "geometry": {"type": "Polygon", "coordinates": [[[14.83860106, 56.90911281], [14.83989492, 56.90897894], [14.84057775, 56.90860563], [14.84072637, 56.90852426], [14.84150283, 56.90809969], [14.84183826, 56.90786776], [14.8429233, 56.90711753], [14.84228924, 56.90691733], [14.84306902, 56.90649662], [14.84328817, 56.90638211], [14.84352231, 56.90627677], [14.84377008, 56.90618116], [14.84333739, 56.90581649], [14.84391283, 56.90516549], [14.84422963, 56.90517056], [14.84434192, 56.9051283], [14.84440739, 56.90498091], [14.84444999, 56.90496039], [14.84470178, 56.90483927], [14.84501801, 56.90468697], [14.84532171, 56.90488162], [14.84537653, 56.90491663], [14.84570103, 56.90512451], [14.84597286, 56.90529864], [14.84623943, 56.90546936], [14.84629276, 56.90550634], [14.84633283, 56.90554061], [14.84636734, 56.90557685], [14.84639562, 56.90561461], [14.84641739, 56.90565361], [14.8464328, 56.90569351], [14.84644078, 56.90572918], [14.84644347, 56.90576493], [14.84644089, 56.90580076], [14.8464333, 56.90583632], [14.84642043, 56.90587152], [14.8465169, 56.90588681], [14.84661174, 56.9059048], [14.84670495, 56.90592531], [14.8473059, 56.90614241], [14.8470098, 56.9057747], [14.84641904, 56.90538524], [14.84560463, 56.90453213], [14.84538122, 56.90437081], [14.84487867, 56.90397454], [14.84472126, 56.90334256], [14.84475217, 56.9030709], [14.84482832, 56.90240221], [14.84426208, 56.9022216], [14.84423395, 56.90224851], [14.84416953, 56.90230753], [14.84414046, 56.90233175], [14.84408898, 56.90237075], [14.84402396, 56.90234804], [14.84396043, 56.90232434], [14.84345083, 56.90261696], [14.84330985, 56.9027251], [14.84308329, 56.90299634], [14.84292054, 56.90309664], [14.84258644, 56.90292763], [14.84181979, 56.90307684], [14.84163944, 56.90304832], [14.8414908, 56.90310813], [14.84137585, 56.90304753], [14.84132347, 56.90307441], [14.84118481, 56.90314564], [14.84106915, 56.90324977], [14.84076155, 56.90324947], [14.84075709, 56.90362868], [14.84060606, 56.90386749], [14.84052634, 56.9039264], [14.83944885, 56.90390796], [14.83879524, 56.90339129], [14.83875429, 56.90334255], [14.83853382, 56.90316856], [14.8384644, 56.90312931], [14.83787667, 56.90266437], [14.837685, 56.90256236], [14.83749835, 56.90242631], [14.83749677, 56.90226086], [14.83742348, 56.90220777], [14.83725524, 56.90222938], [14.83674157, 56.90198728], [14.8364241, 56.90186157], [14.83639518, 56.90184994], [14.83634558, 56.90183156], [14.83520411, 56.90150473], [14.83500548, 56.9013887], [14.83368222, 56.90112485], [14.83274494, 56.90095187], [14.83021246, 56.90037003], [14.83008419, 56.90032557], [14.82865129, 56.89945427], [14.82734921, 56.89858312], [14.82729518, 56.89852988], [14.82729559, 56.89852943], [14.82743501, 56.89841322], [14.82743555, 56.89841277], [14.82807995, 56.89787636], [14.82808035, 56.897876], [14.82809655, 56.897856], [14.82859616, 56.89724448], [14.82893934, 56.89646704], [14.82919459, 56.89508203], [14.8291018, 56.89432743], [14.82889491, 56.8931869], [14.82856023, 56.89223194], [14.82825062, 56.89103711], [14.82798679, 56.8901921], [14.82788903, 56.88929001], [14.82781469, 56.88809281], [14.82788278, 56.88749911], [14.82732062, 56.88749897], [14.8268907, 56.88758046], [14.82644094, 56.88770954], [14.82597925, 56.88789886], [14.8250188, 56.88818683], [14.82425639, 56.88834878], [14.822964, 56.88851024], [14.82176858, 56.88865288], [14.82116675, 56.88876582], [14.82059928, 56.88893764], [14.82059873, 56.88893782], [14.82044564, 56.88880296], [14.82024523, 56.88851678], [14.81974472, 56.8879626], [14.81919788, 56.88747859], [14.81864649, 56.8869863], [14.81838908, 56.88679434], [14.81802353, 56.88657735], [14.81773152, 56.88637717], [14.81750037, 56.88612866], [14.81733135, 56.88582312], [14.81712286, 56.88595198], [14.81621932, 56.88649935], [14.81622038, 56.8865316], [14.81623881, 56.887077], [14.81617457, 56.88762013], [14.81570816, 56.88752118], [14.81563433, 56.88748146], [14.81545502, 56.88748102], [14.81497132, 56.88748587], [14.81408716, 56.88735953], [14.81585343, 56.8896015], [14.81665283, 56.89052125], [14.81665727, 56.89052718], [14.81761885, 56.89181039], [14.82018745, 56.89502314], [14.82087261, 56.89576449], [14.82134397, 56.89635276], [14.82250372, 56.8979318], [14.82342061, 56.89912831], [14.82440045, 56.9003382], [14.8250209, 56.90108698], [14.82527583, 56.90131817], [14.82551313, 56.90149661], [14.82582772, 56.90182363], [14.82582257, 56.90182623], [14.82645321, 56.90249185], [14.82784191, 56.90306896], [14.83109422, 56.90488863], [14.83827115, 56.90896876], [14.83860011, 56.90911335], [14.83860106, 56.90911281]]]}, "properties": {"deso": "0780C1270", "pop": 1469.0, "income": 389.9, "male_frac": 0.4858, "child_frac": 0.1729, "elder_frac": 0.2437, "dependency": 0.7141, "needZ": -0.4857, "needZ_v1": -0.1282, "regso": "0780R005", "higher_ed": 82.9, "neet": 6.2, "income_support": 0.1}}, {"type": "Feature", "geometry": {"type": "Polygon", "coordinates": [[[14.79902741, 56.91383683], [14.79897343, 56.91342223], [14.80050911, 56.91332814], [14.80123966, 56.91334071], [14.80297118, 56.91357518], [14.80351601, 56.91362463], [14.80431467, 56.91366468], [14.80569245, 56.91367294], [14.80564073, 56.91343646], [14.80522471, 56.91327791], [14.80524523, 56.91326555], [14.80506972, 56.91318776], [14.80490236, 56.91310469], [14.80474356, 56.91301678], [14.80462978, 56.91294331], [14.80448705, 56.91283863], [14.80435396, 56.9127301], [14.80441625, 56.91254984], [14.80665846, 56.91209741], [14.80633799, 56.91098515], [14.80598227, 56.91108555], [14.80554982, 56.91115018], [14.80481278, 56.91130046], [14.80469179, 56.91133773], [14.80466269, 56.91131002], [14.80396587, 56.91125019], [14.80348526, 56.91084067], [14.80269379, 56.91111768], [14.80207724, 56.91042555], [14.80169508, 56.9099455], [14.80452345, 56.90667608], [14.805002, 56.90612274], [14.80609248, 56.90413937], [14.80668043, 56.90339074], [14.80688433, 56.90302209], [14.80601295, 56.90229761], [14.80591344, 56.901931], [14.80098013, 56.90141155], [14.79844829, 56.90112411], [14.79745086, 56.90098858], [14.79741369, 56.9013036], [14.79739031, 56.90217202], [14.79740702, 56.90291134], [14.79740211, 56.90314189], [14.79740026, 56.90323333], [14.79736637, 56.90374308], [14.79738595, 56.90400107], [14.79751208, 56.9046115], [14.79765846, 56.90513466], [14.79774074, 56.90541718], [14.79782382, 56.90570248], [14.79792751, 56.90598369], [14.79817852, 56.90666411], [14.79838619, 56.90719842], [14.79732559, 56.90729703], [14.79552665, 56.90754047], [14.79536052, 56.90771184], [14.79498997, 56.90782611], [14.79498197, 56.90782852], [14.79495566, 56.90783656], [14.79376575, 56.90819954], [14.79376014, 56.9082104], [14.79365981, 56.90840576], [14.79356476, 56.90855291], [14.7935597, 56.90856081], [14.79288737, 56.90854335], [14.79320898, 56.90900563], [14.79338948, 56.90937338], [14.79342535, 56.9104553], [14.79343591, 56.91077435], [14.79313729, 56.91192937], [14.79329703, 56.91247986], [14.79325001, 56.91275309], [14.79425904, 56.91287763], [14.79519018, 56.91300562], [14.79740197, 56.9133703], [14.79728326, 56.91348525], [14.7990274, 56.91383701], [14.79902741, 56.91383683]]]}, "properties": {"deso": "0780C1300", "pop": 2611.0, "income": 359.2, "male_frac": 0.4856, "child_frac": 0.1735, "elder_frac": 0.1995, "dependency": 0.595, "needZ": 0.0201, "needZ_v1": -0.1021, "regso": "0780R006", "higher_ed": 60.8, "neet": 9.4, "income_support": 0.3}}, {"type": "Feature", "geometry": {"type": "Polygon", "coordinates": [[[14.84588575, 56.91740663], [14.84593167, 56.91730735], [14.845996, 56.91727537], [14.8459771, 56.91719505], [14.8460085, 56.91716778], [14.84597428, 56.91712337], [14.84589113, 56.91708806], [14.84590617, 56.91705215], [14.84587186, 56.91699875], [14.84597529, 56.91697589], [14.84642576, 56.9168763], [14.84670662, 56.91678673], [14.84678554, 56.9167615], [14.84685292, 56.91687889], [14.84679912, 56.91688511], [14.8468041, 56.91689293], [14.84683681, 56.91694228], [14.84686351, 56.91693854], [14.84721111, 56.91725297], [14.84731457, 56.91725543], [14.8473645, 56.91723591], [14.84739721, 56.91711883], [14.84767628, 56.91693612], [14.84772028, 56.91690725], [14.84782425, 56.91688519], [14.84832341, 56.91669835], [14.8489109, 56.91674038], [14.84895596, 56.9168183], [14.8490523, 56.91680683], [14.84903007, 56.91674564], [14.849154, 56.91670851], [14.849451, 56.91664483], [14.84955031, 56.91656986], [14.84956349, 56.91649012], [14.84983466, 56.91638428], [14.84988085, 56.91617982], [14.84983661, 56.91609875], [14.84985763, 56.9159239], [14.84998586, 56.91579625], [14.84999841, 56.91573959], [14.85009494, 56.91564746], [14.85008644, 56.91560541], [14.85033306, 56.91533536], [14.85039468, 56.91529995], [14.85060648, 56.91523688], [14.85072976, 56.91522877], [14.85102793, 56.91510284], [14.85108045, 56.91507623], [14.85114814, 56.91501496], [14.85121549, 56.91497103], [14.85126466, 56.91493552], [14.85129755, 56.9149061], [14.85133767, 56.91486169], [14.85134439, 56.91484212], [14.85137537, 56.91481619], [14.85138641, 56.91479771], [14.85139361, 56.91475981], [14.8513956, 56.91473466], [14.85141109, 56.91472166], [14.85144948, 56.9147059], [14.85148263, 56.91467872], [14.8515112, 56.91464714], [14.8515483, 56.91461539], [14.85159318, 56.91460278], [14.85165523, 56.91459665], [14.85172744, 56.91458794], [14.85177817, 56.91456949], [14.85185316, 56.91454363], [14.85191751, 56.91453858], [14.85196991, 56.91454062], [14.85205663, 56.91453048], [14.85214642, 56.91453041], [14.85220354, 56.91453811], [14.85225278, 56.91455173], [14.85233296, 56.91458497], [14.85240894, 56.91461847], [14.85247387, 56.91467046], [14.85256048, 56.91475509], [14.85260012, 56.91480202], [14.85265812, 56.91489532], [14.85268031, 56.9149336], [14.85274451, 56.91500158], [14.85276454, 56.91503996], [14.85279729, 56.91508131], [14.85283701, 56.91510435], [14.85286972, 56.91512065], [14.85293778, 56.915136], [14.85296374, 56.91514681], [14.85299798, 56.91515502], [14.85308768, 56.91517776], [14.85314735, 56.91519229], [14.8532103, 56.91519641], [14.85326932, 56.91520393], [14.85337482, 56.91524016], [14.85344825, 56.91526683], [14.85350195, 56.91528486], [14.85354509, 56.9153009], [14.85359653, 56.91534066], [14.85362864, 56.91537294], [14.85372193, 56.91541401], [14.85382551, 56.91545356], [14.85394389, 56.91551899], [14.85400871, 56.91556883], [14.85404868, 56.91559753], [14.85408105, 56.91563205], [14.85415161, 56.91570103], [14.85420384, 56.91574887], [14.85430473, 56.91585471], [14.8543551, 56.91592877], [14.85443167, 56.9160194], [14.85451799, 56.91607537], [14.85455798, 56.91610299], [14.85462327, 56.91613315], [14.85463906, 56.91614763], [14.85467191, 56.91616402], [14.85471085, 56.91618005], [14.85482755, 56.91622734], [14.85485837, 56.91624372], [14.85490518, 56.916255], [14.85494335, 56.91626205], [14.85498113, 56.91626344], [14.85501977, 56.91625091], [14.85510901, 56.91622129], [14.8551432, 56.91620552], [14.85517383, 56.91619909], [14.85526714, 56.91616579], [14.85532218, 56.91615067], [14.85537394, 56.9161448], [14.8554421, 56.91613626], [14.8554875, 56.9161293], [14.85558478, 56.91611882], [14.85563043, 56.91611663], [14.85567608, 56.91611309], [14.85573862, 56.91608747], [14.85577648, 56.91606712], [14.85584585, 56.91602427], [14.85588602, 56.91600384], [14.85592492, 56.91599598], [14.85596893, 56.91599711], [14.85615751, 56.91605283], [14.85622254, 56.91608201], [14.85628149, 56.9161101], [14.85636067, 56.91615726], [14.85650606, 56.91624598], [14.85653423, 56.91628069], [14.85655607, 56.91634071], [14.8565755, 56.91639615], [14.85660202, 56.91643776], [14.85664966, 56.91648219], [14.85672404, 56.91654533], [14.85677804, 56.91659075], [14.85680673, 56.91663228], [14.85683248, 56.91666482], [14.85685086, 56.91670885], [14.85687561, 56.91675271], [14.85691092, 56.91679865], [14.85693537, 56.91681745], [14.85696821, 56.91683482], [14.85700564, 56.91685678], [14.85703481, 56.91687998], [14.85708704, 56.91692891], [14.85711966, 56.91696801], [14.85713497, 56.9170018], [14.85712883, 56.91704967], [14.85711576, 56.91706753], [14.85709568, 56.91707828], [14.85706746, 56.91709038], [14.85705452, 56.91710904], [14.85705607, 56.91712728], [14.85706706, 56.91715783], [14.85707141, 56.91740214], [14.85736321, 56.91742286], [14.85670757, 56.91536555], [14.85692708, 56.91501704], [14.85694198, 56.91501661], [14.85773053, 56.91464189], [14.85813252, 56.9142387], [14.85833073, 56.91385998], [14.85893562, 56.91236897], [14.85902928, 56.91212971], [14.85907174, 56.91164474], [14.85908143, 56.91126509], [14.85908069, 56.91063466], [14.85908983, 56.91021962], [14.85913459, 56.90980408], [14.8596253, 56.90822447], [14.85969481, 56.90799371], [14.85983853, 56.90779843], [14.86001462, 56.90767378], [14.86148574, 56.90698894], [14.86154855, 56.90702943], [14.86182613, 56.90721269], [14.86210357, 56.90739596], [14.86238115, 56.90757923], [14.86265846, 56.9077624], [14.86293604, 56.90794566], [14.86321336, 56.90812893], [14.86349095, 56.9083121], [14.8637684, 56.90849536], [14.864046, 56.90867862], [14.86437088, 56.90889319], [14.86441343, 56.90892126], [14.86548036, 56.90962335], [14.8658585, 56.90945158], [14.86594693, 56.90941144], [14.86740601, 56.90890363], [14.86725869, 56.90856019], [14.86659334, 56.90801689], [14.86655952, 56.9079715], [14.86652084, 56.90791945], [14.86629404, 56.90761563], [14.8661892, 56.90747513], [14.86546592, 56.90686125], [14.86501733, 56.90633542], [14.86441344, 56.90577799], [14.86438897, 56.90576844], [14.86432935, 56.90574323], [14.86386888, 56.90555312], [14.86373477, 56.90549783], [14.86208784, 56.90523294], [14.86202912, 56.90522336], [14.86202126, 56.90522542], [14.86051604, 56.90559757], [14.85978272, 56.90585399], [14.85958588, 56.9059196], [14.85938103, 56.90598763], [14.85923757, 56.90604388], [14.85871681, 56.9064428], [14.85840046, 56.90660223], [14.85121208, 56.90636278], [14.8510748, 56.9071064], [14.85096634, 56.90714229], [14.85059832, 56.90720948], [14.85042469, 56.90725355], [14.85038675, 56.90712704], [14.8501465, 56.90632719], [14.84976829, 56.90549323], [14.8473059, 56.90614241], [14.84670495, 56.90592531], [14.84661174, 56.9059048], [14.8465169, 56.90588681], [14.84642043, 56.90587152], [14.8464333, 56.90583632], [14.84644089, 56.90580076], [14.84644347, 56.90576493], [14.84644078, 56.90572918], [14.8464328, 56.90569351], [14.84641739, 56.90565361], [14.84639562, 56.90561461], [14.84636734, 56.90557685], [14.84633283, 56.90554061], [14.84629276, 56.90550634], [14.84623943, 56.90546936], [14.84597286, 56.90529864], [14.84570103, 56.90512451], [14.84537653, 56.90491663], [14.84532171, 56.90488162], [14.84501801, 56.90468697], [14.84470178, 56.90483927], [14.84444999, 56.90496039], [14.84440739, 56.90498091], [14.84434192, 56.9051283], [14.84422963, 56.90517056], [14.84391283, 56.90516549], [14.84333739, 56.90581649], [14.84377008, 56.90618116], [14.84352231, 56.90627677], [14.84328817, 56.90638211], [14.84306902, 56.90649662], [14.84228924, 56.90691733], [14.8429233, 56.90711753], [14.84183826, 56.90786776], [14.84150283, 56.90809969], [14.84072637, 56.90852426], [14.84057775, 56.90860563], [14.83989492, 56.90897894], [14.83917787, 56.90937106], [14.84355831, 56.91194703], [14.84492511, 56.91253354], [14.84598704, 56.91287221], [14.84689213, 56.91308996], [14.84683822, 56.91315888], [14.8464944, 56.91335192], [14.84562642, 56.91316475], [14.84493627, 56.91310731], [14.84421033, 56.91309087], [14.8435875, 56.91303171], [14.84344658, 56.91301833], [14.84307386, 56.91289652], [14.84259012, 56.91276999], [14.84203542, 56.91267678], [14.84115554, 56.9126868], [14.84084243, 56.91268936], [14.83983163, 56.91395864], [14.83978163, 56.91399486], [14.83978163, 56.91399531], [14.83978818, 56.9152172], [14.8397883, 56.915316], [14.84022847, 56.91521785], [14.84045091, 56.91517027], [14.84096594, 56.91507715], [14.84099414, 56.9150709], [14.84137845, 56.91498579], [14.84213312, 56.9148116], [14.84260874, 56.91471906], [14.84262896, 56.91477172], [14.84284942, 56.91535698], [14.84374867, 56.91545835], [14.8438085, 56.91546489], [14.844034, 56.91592001], [14.84410884, 56.91586828], [14.84413455, 56.91583948], [14.84415264, 56.91582216], [14.84416423, 56.9158026], [14.84415873, 56.91578975], [14.84415232, 56.91576854], [14.84416077, 56.91572283], [14.84418293, 56.9157031], [14.84420292, 56.91568463], [14.84421032, 56.91566389], [14.84422637, 56.91564666], [14.84423797, 56.91562476], [14.84424283, 56.91559513], [14.84425191, 56.9155619], [14.84429201, 56.91552603], [14.84435563, 56.91550347], [14.84439087, 56.91549624], [14.84444036, 56.91548301], [14.84447022, 56.91546607], [14.84459965, 56.9154436], [14.84494098, 56.9154019], [14.84495629, 56.91539994], [14.84529322, 56.91540566], [14.84540914, 56.91557286], [14.84568602, 56.91578814], [14.84585423, 56.91588571], [14.84593129, 56.91605017], [14.84596318, 56.91619949], [14.84590359, 56.91626516], [14.8458311, 56.9164042], [14.84589387, 56.91648763], [14.84597618, 56.91653057], [14.84609704, 56.91655075], [14.84630668, 56.91655352], [14.8466087, 56.9167197], [14.84652057, 56.91677653], [14.84629243, 56.91682377], [14.84619517, 56.91686074], [14.84608018, 56.91686186], [14.8460162, 56.9169075], [14.84577215, 56.91697285], [14.84567257, 56.91694686], [14.84557401, 56.91693893], [14.84554146, 56.91694832], [14.84547758, 56.91700285], [14.8454129, 56.91702136], [14.84543085, 56.91706979], [14.84538326, 56.91711536], [14.84528563, 56.91714335], [14.8452072, 56.91724278], [14.84529193, 56.917323], [14.84562363, 56.91741826], [14.84580428, 56.9174254], [14.84588575, 56.91740663]]]}, "properties": {"deso": "0780C1320", "pop": 2016.0, "income": 428.4, "male_frac": 0.4975, "child_frac": 0.1711, "elder_frac": 0.2103, "dependency": 0.6167, "needZ": -0.6286, "needZ_v1": -0.6696, "regso": "0780R012", "higher_ed": 78.6, "neet": 7.6, "income_support": 0.0}}, {"type": "Feature", "geometry": {"type": "Polygon", "coordinates": [[[14.81442772, 56.92056977], [14.81498014, 56.92050493], [14.81544769, 56.91932928], [14.81552751, 56.91912856], [14.81847866, 56.91981388], [14.8186885, 56.9198626], [14.81885482, 56.91980985], [14.81905454, 56.919739], [14.8195677, 56.91952409], [14.81989446, 56.9193981], [14.82003483, 56.91936102], [14.82008674, 56.91935364], [14.81953205, 56.91888552], [14.81996701, 56.91845341], [14.82008432, 56.9183369], [14.82022489, 56.91820058], [14.82059638, 56.91809351], [14.82170443, 56.91777876], [14.82222931, 56.91762789], [14.82272745, 56.91748579], [14.82270788, 56.91747103], [14.82342195, 56.91726474], [14.823732, 56.91757245], [14.82364587, 56.91759918], [14.82370479, 56.91765756], [14.82384701, 56.91779868], [14.82392989, 56.91785772], [14.82414021, 56.91800729], [14.82600945, 56.91724628], [14.82648214, 56.91706891], [14.82648202, 56.91706613], [14.82645924, 56.91648866], [14.82645688, 56.91641339], [14.82640206, 56.91643487], [14.82634938, 56.91590864], [14.8264251, 56.91587803], [14.82635686, 56.9132759], [14.82705337, 56.91321265], [14.82743754, 56.91322001], [14.82762511, 56.91321802], [14.82817658, 56.91312321], [14.82856062, 56.91301075], [14.82894545, 56.91281206], [14.82908363, 56.91336526], [14.82991701, 56.91319143], [14.83024812, 56.91307278], [14.83081005, 56.91297007], [14.83161876, 56.91270692], [14.83238376, 56.91258463], [14.83304609, 56.91292278], [14.8345737, 56.91331256], [14.83594714, 56.91362801], [14.83745913, 56.91376157], [14.83854198, 56.91382737], [14.83881273, 56.91385179], [14.83978163, 56.91399531], [14.83978163, 56.91399486], [14.83983163, 56.91395864], [14.84084243, 56.91268936], [14.84115554, 56.9126868], [14.84203542, 56.91267678], [14.84259012, 56.91276999], [14.84307386, 56.91289652], [14.84344658, 56.91301833], [14.8435875, 56.91303171], [14.84421033, 56.91309087], [14.84493627, 56.91310731], [14.84562642, 56.91316475], [14.8464944, 56.91335192], [14.84683822, 56.91315888], [14.84689213, 56.91308996], [14.84598704, 56.91287221], [14.84492511, 56.91253354], [14.84355831, 56.91194703], [14.83917787, 56.90937106], [14.83989492, 56.90897894], [14.83860106, 56.90911281], [14.83860011, 56.90911335], [14.83827115, 56.90896876], [14.83109422, 56.90488863], [14.82784191, 56.90306896], [14.82645321, 56.90249185], [14.82582257, 56.90182623], [14.82582772, 56.90182363], [14.82551313, 56.90149661], [14.82487264, 56.9022492], [14.82133726, 56.90218357], [14.81932405, 56.90227768], [14.817546, 56.90236941], [14.81489264, 56.90241455], [14.81206762, 56.90235078], [14.80917154, 56.90217709], [14.80688031, 56.90201827], [14.80591344, 56.901931], [14.80601295, 56.90229761], [14.80688433, 56.90302209], [14.80668043, 56.90339074], [14.80609248, 56.90413937], [14.805002, 56.90612274], [14.80452345, 56.90667608], [14.80169508, 56.9099455], [14.80207724, 56.91042555], [14.80269379, 56.91111768], [14.80348526, 56.91084067], [14.80396587, 56.91125019], [14.80466269, 56.91131002], [14.80469179, 56.91133773], [14.80481278, 56.91130046], [14.80554982, 56.91115018], [14.80598227, 56.91108555], [14.80633799, 56.91098515], [14.80665846, 56.91209741], [14.80441625, 56.91254984], [14.80435396, 56.9127301], [14.80448705, 56.91283863], [14.80462978, 56.91294331], [14.80474356, 56.91301678], [14.80490236, 56.91310469], [14.80506972, 56.91318776], [14.80524523, 56.91326555], [14.80522471, 56.91327791], [14.80564073, 56.91343646], [14.80569245, 56.91367294], [14.80431467, 56.91366468], [14.80351601, 56.91362463], [14.80297118, 56.91357518], [14.80123966, 56.91334071], [14.80050911, 56.91332814], [14.79897343, 56.91342223], [14.79902741, 56.91383683], [14.79961926, 56.91395598], [14.79959706, 56.91400346], [14.79891961, 56.91544898], [14.80033588, 56.9157675], [14.80077619, 56.91586655], [14.80117091, 56.91595529], [14.80154535, 56.91603951], [14.80180345, 56.91609767], [14.80197173, 56.91613521], [14.80271899, 56.91630274], [14.80277972, 56.91631648], [14.80309518, 56.91638812], [14.80341105, 56.91645921], [14.80376358, 56.91653836], [14.80379145, 56.91654478], [14.80388763, 56.91656702], [14.80466912, 56.91674366], [14.80471227, 56.91675343], [14.80507265, 56.91683519], [14.80605192, 56.91703215], [14.80605046, 56.91705254], [14.80598293, 56.91800909], [14.80698729, 56.91802277], [14.80806258, 56.91762276], [14.80937636, 56.91868345], [14.81036995, 56.9194891], [14.81098907, 56.91989314], [14.81151957, 56.9201722], [14.81217824, 56.92039109], [14.8127783, 56.92052429], [14.81309965, 56.920566], [14.81369597, 56.92060766], [14.81442772, 56.92056977]]]}, "properties": {"deso": "0780C1330", "pop": 1846.0, "income": 518.0, "male_frac": 0.4978, "child_frac": 0.2421, "elder_frac": 0.1024, "dependency": 0.5256, "needZ": -1.0305, "needZ_v1": -1.6498, "regso": "0780R023", "higher_ed": 73.1, "neet": 6.0, "income_support": 0.1}}, {"type": "Feature", "geometry": {"type": "Polygon", "coordinates": [[[14.73893028, 56.92274549], [14.73897784, 56.92274425], [14.73960161, 56.92270764], [14.73964891, 56.92270388], [14.74026714, 56.92264571], [14.74087739, 56.92256623], [14.74092362, 56.92255994], [14.74152345, 56.92245951], [14.74156835, 56.9224508], [14.74215531, 56.92232986], [14.74272696, 56.92218877], [14.74277024, 56.92217781], [14.74332428, 56.92201727], [14.74336542, 56.92200398], [14.7438998, 56.92182454], [14.74391189, 56.9218198], [14.74431039, 56.92188089], [14.74455208, 56.92191533], [14.74470583, 56.92193316], [14.74473452, 56.92193681], [14.74534819, 56.92200812], [14.74551686, 56.92202463], [14.74554285, 56.92202693], [14.74616344, 56.92207687], [14.74633349, 56.92208961], [14.74633471, 56.9220897], [14.74637018, 56.92209193], [14.74637167, 56.92209202], [14.74658088, 56.92210251], [14.74720609, 56.9221309], [14.74723819, 56.92213213], [14.74744744, 56.92213696], [14.7474878, 56.9221374], [14.74748807, 56.9221374], [14.74811532, 56.92214414], [14.74832556, 56.9221434], [14.74835753, 56.92214283], [14.74898425, 56.92212775], [14.74919344, 56.92212152], [14.74920008, 56.92212117], [14.74922975, 56.92211989], [14.74923409, 56.92211971], [14.74944318, 56.92210774], [14.75006693, 56.92207108], [14.7500981, 56.92206881], [14.75030533, 56.92205144], [14.75092353, 56.92199321], [14.75092706, 56.92199277], [14.75095986, 56.9219896], [14.75096352, 56.92198925], [14.75116699, 56.92196657], [14.75119817, 56.92196259], [14.75167579, 56.92190031], [14.75215944, 56.92203232], [14.75273723, 56.92216576], [14.75288049, 56.92219407], [14.7534725, 56.92230724], [14.75407658, 56.92239968], [14.75469027, 56.92247104], [14.75479803, 56.92248077], [14.75541865, 56.92253067], [14.75604387, 56.92255901], [14.75667113, 56.92256571], [14.75684493, 56.92256515], [14.75747166, 56.92255003], [14.75809541, 56.92251333], [14.75871361, 56.92245507], [14.75932381, 56.92237549], [14.75992359, 56.92227497], [14.76051048, 56.92215395], [14.76059826, 56.92213292], [14.76116984, 56.92199174], [14.7617238, 56.92183112], [14.76225809, 56.92165161], [14.76277028, 56.9214539], [14.76285841, 56.92141922], [14.76334672, 56.92120431], [14.763809, 56.92097283], [14.76387764, 56.92093442], [14.76387215, 56.92092507], [14.7635169, 56.92031885], [14.76348784, 56.92033002], [14.76322493, 56.91988178], [14.75947407, 56.91171419], [14.75951703, 56.91170835], [14.75877763, 56.91009433], [14.75873196, 56.91009927], [14.75528072, 56.90258043], [14.75452553, 56.90154927], [14.75444005, 56.90143431], [14.7528255, 56.89925959], [14.75109767, 56.89694747], [14.75005522, 56.89552842], [14.75005495, 56.89552841], [14.75005467, 56.89552886], [14.74704167, 56.89541143], [14.74420539, 56.89413715], [14.74405334, 56.89350936], [14.74232009, 56.89393073], [14.74182278, 56.893599], [14.74182265, 56.8935989], [14.74137195, 56.89416266], [14.74137154, 56.89416311], [14.7397341, 56.89461832], [14.73949017, 56.89467871], [14.73743, 56.89522382], [14.73686354, 56.89535574], [14.73631104, 56.89548562], [14.73601599, 56.89555658], [14.73541291, 56.89569839], [14.73481105, 56.89583777], [14.73481092, 56.89583777], [14.73480848, 56.89583839], [14.73477349, 56.89588547], [14.73493216, 56.89609248], [14.73505059, 56.89624695], [14.73497271, 56.89627176], [14.73453447, 56.896339], [14.73407455, 56.89640952], [14.7336794, 56.89647002], [14.73345851, 56.89650386], [14.73345784, 56.89650395], [14.73353994, 56.89666508], [14.73354021, 56.89666562], [14.73335613, 56.89666253], [14.7323151, 56.89659815], [14.72847203, 56.89636612], [14.7284719, 56.89636612], [14.72733173, 56.89788984], [14.72654445, 56.89894196], [14.72041301, 56.8992327], [14.72042079, 56.89927915], [14.72042791, 56.89930495], [14.72052447, 56.89964333], [14.72066006, 56.89997758], [14.72067178, 56.90000293], [14.720846, 56.90033188], [14.72086206, 56.90035643], [14.7210741, 56.90067864], [14.72120593, 56.900845], [14.72119179, 56.9009259], [14.72117737, 56.90100841], [14.72117428, 56.90104119], [14.72115183, 56.90138334], [14.72115072, 56.90153343], [14.72114899, 56.90174603], [14.72114741, 56.90195853], [14.72114569, 56.90217131], [14.72114399, 56.9023813], [14.72114229, 56.90259129], [14.72114056, 56.90280542], [14.72113881, 56.90304047], [14.72114129, 56.90308942], [14.72114126, 56.90309257], [14.72113882, 56.90312975], [14.72113643, 56.90346899], [14.72115378, 56.90381123], [14.72115626, 56.90384124], [14.72117311, 56.90394214], [14.72088646, 56.90401892], [14.72073015, 56.90406393], [14.72018583, 56.90423391], [14.71966234, 56.90442234], [14.71916174, 56.90462861], [14.7190244, 56.90468947], [14.71854884, 56.90491268], [14.71812444, 56.90513878], [14.71806579, 56.90515993], [14.71756516, 56.90536619], [14.71742782, 56.90542705], [14.71695224, 56.90565025], [14.71650349, 56.90588941], [14.71623512, 56.90605182], [14.71608345, 56.90614363], [14.71596016, 56.90622482], [14.71557048, 56.90649302], [14.71521264, 56.90677424], [14.71493212, 56.90700084], [14.71460776, 56.9072939], [14.7145158, 56.90738665], [14.71422615, 56.90769038], [14.71397231, 56.90800345], [14.71375537, 56.90832468], [14.71370294, 56.90841698], [14.71352372, 56.90874513], [14.71338305, 56.90907884], [14.71328134, 56.90941668], [14.713263, 56.90951293], [14.7132008, 56.90985364], [14.71317828, 56.9101958], [14.71319556, 56.91053805], [14.71325253, 56.91087904], [14.71326872, 56.91097527], [14.71336525, 56.91131357], [14.71350081, 56.91164791], [14.71356208, 56.91176374], [14.71367502, 56.91197687], [14.71372536, 56.91206959], [14.7139374, 56.9123918], [14.71418648, 56.91270602], [14.71447152, 56.91301106], [14.71455388, 56.91309667], [14.71487381, 56.91339119], [14.71522742, 56.91367403], [14.71561309, 56.913944], [14.71572438, 56.91401907], [14.71614064, 56.91427519], [14.71625447, 56.91433689], [14.71627234, 56.91435606], [14.716296, 56.91437866], [14.71661595, 56.91467318], [14.71696959, 56.91495601], [14.71699719, 56.91497718], [14.71738289, 56.91524715], [14.71741403, 56.9152668], [14.71783031, 56.91552291], [14.71827555, 56.91576409], [14.71830995, 56.91578195], [14.71878228, 56.91600729], [14.71882602, 56.91602598], [14.719313, 56.91622998], [14.71941207, 56.91627565], [14.71990972, 56.91648415], [14.71995495, 56.91650303], [14.72047577, 56.9166938], [14.72051724, 56.91670772], [14.72105919, 56.91688013], [14.72162012, 56.91703344], [14.72166378, 56.91704503], [14.72224138, 56.91717862], [14.72228709, 56.91718788], [14.72287893, 56.9173012], [14.72348285, 56.91739379], [14.72352993, 56.91740054], [14.72414348, 56.91747205], [14.72419154, 56.91747619], [14.72458002, 56.9175075], [14.72459116, 56.91752055], [14.72487632, 56.91782557], [14.72519637, 56.91812007], [14.7255501, 56.91840287], [14.72556896, 56.91841693], [14.72595476, 56.91868687], [14.72637114, 56.91894295], [14.72681648, 56.9191841], [14.72685197, 56.91920187], [14.72732439, 56.91942718], [14.72782213, 56.91963565], [14.72787318, 56.91965669], [14.72839408, 56.91984743], [14.72843529, 56.91986109], [14.72877354, 56.9199687], [14.72898793, 56.92014009], [14.72901703, 56.92016117], [14.72940287, 56.9204311], [14.72981929, 56.92068718], [14.72985207, 56.92070665], [14.73029745, 56.92094778], [14.73033349, 56.92096529], [14.73080595, 56.92119058], [14.73130374, 56.92139904], [14.73134925, 56.92141728], [14.7318702, 56.92160801], [14.7326626, 56.92189254], [14.73271058, 56.921908], [14.73325266, 56.92208035], [14.73381372, 56.92223361], [14.73385699, 56.92224466], [14.73443471, 56.92237819], [14.73447962, 56.92238682], [14.73507158, 56.92250008], [14.73567561, 56.92259261], [14.73572189, 56.92259891], [14.73633556, 56.92267035], [14.73695615, 56.92272034], [14.7370034, 56.92272403], [14.73762861, 56.92275247], [14.73767628, 56.92275374], [14.73830354, 56.92276053], [14.73893028, 56.92274549]]]}, "properties": {"deso": "0780C1310", "pop": 2290.0, "income": 425.3, "male_frac": 0.4976, "child_frac": 0.2266, "elder_frac": 0.207, "dependency": 0.7656, "needZ": -0.4517, "needZ_v1": -0.3352, "regso": "0780R022", "higher_ed": 74.4, "neet": 5.8, "income_support": 0.2}}, {"type": "Feature", "geometry": {"type": "Polygon", "coordinates": [[[15.00104729, 56.9250922], [14.99862899, 56.92362799], [14.99730004, 56.92282329], [14.99665082, 56.92243024], [14.99630463, 56.92211775], [14.99626155, 56.92207868], [14.99513402, 56.92106091], [14.99513905, 56.92091011], [14.99546173, 56.91953259], [14.99564669, 56.91882151], [14.995639, 56.91856104], [14.99554491, 56.91824047], [14.99546938, 56.91786018], [14.99549191, 56.9174948], [14.99553881, 56.91715772], [14.99553062, 56.91652549], [14.99562301, 56.9163217], [14.99581401, 56.9160148], [14.99592062, 56.91580013], [14.99596559, 56.91570924], [14.99623906, 56.91539058], [14.99641568, 56.91521822], [14.99651538, 56.91498766], [14.99654316, 56.91480812], [14.99655739, 56.91471506], [14.99659425, 56.91449816], [14.99671006, 56.91428026], [14.99684334, 56.91403192], [14.99704218, 56.91353298], [14.99710788, 56.91338434], [14.99728016, 56.91308228], [14.99756512, 56.91258272], [14.99805566, 56.91175964], [14.9981961, 56.91165527], [14.99894335, 56.91109904], [15.0001239, 56.91009641], [15.00077169, 56.90892114], [15.0014281, 56.90769629], [15.00219004, 56.90578603], [15.00219844, 56.9057651], [15.00244398, 56.9047259], [15.00233872, 56.90374096], [15.00230889, 56.90299538], [15.00230061, 56.90279032], [15.0022658, 56.90242099], [15.00223234, 56.90220013], [15.00172585, 56.90171108], [15.00141947, 56.90147783], [15.00125119, 56.90134966], [15.0007741, 56.90117146], [15.00006268, 56.90105641], [14.99923335, 56.90092985], [14.9986542, 56.90084443], [14.99821368, 56.90064934], [14.99831401, 56.90048569], [14.99828884, 56.90020627], [14.99795584, 56.89966709], [14.99760104, 56.89937562], [14.99703317, 56.89915097], [14.99696442, 56.89891529], [14.997218, 56.89857569], [14.99781746, 56.8978683], [14.99803354, 56.89728422], [14.99801909, 56.89658723], [14.99765791, 56.89498765], [14.99761636, 56.89477972], [14.99759295, 56.89466269], [14.99766367, 56.89367262], [14.99781397, 56.8927881], [14.99804856, 56.8921071], [14.99807037, 56.89185669], [14.99823727, 56.89141954], [14.99823214, 56.89120398], [14.99808327, 56.89095338], [14.99775886, 56.890857], [14.99758563, 56.8906718], [14.99743459, 56.89064161], [14.99743216, 56.89064116], [14.99721005, 56.89074212], [14.99694896, 56.89090297], [14.99653426, 56.89098218], [14.99653047, 56.89098281], [14.99636469, 56.89091446], [14.99580156, 56.89054978], [14.99547108, 56.89035369], [14.99538394, 56.89025318], [14.99639538, 56.88984275], [14.99621337, 56.88954365], [14.99598157, 56.88928218], [14.99557113, 56.88898684], [14.99534311, 56.88882274], [14.99548376, 56.88846625], [14.99550007, 56.88788459], [14.99474824, 56.88734915], [14.99317585, 56.88732851], [14.99316816, 56.88715157], [14.99306318, 56.88550941], [14.99300165, 56.88454431], [14.99295516, 56.88427198], [14.99253634, 56.88362724], [14.99251226, 56.88359015], [14.99085519, 56.88239392], [14.99016984, 56.88185424], [14.99065354, 56.88035854], [14.99115626, 56.87896361], [14.99111493, 56.87867591], [14.99098162, 56.87824585], [14.99099629, 56.87802499], [14.99143702, 56.87774407], [14.99230127, 56.87714621], [14.99238033, 56.87690065], [14.99230991, 56.8765958], [14.99236395, 56.87629797], [14.99291638, 56.87608782], [14.99334733, 56.8758024], [14.99368249, 56.87547144], [14.99445042, 56.87522942], [14.99494316, 56.87504136], [14.99546719, 56.87439639], [14.99596077, 56.87387151], [14.99605575, 56.87367562], [14.99611177, 56.87356002], [14.99636628, 56.87309019], [14.99647912, 56.87288074], [14.99672508, 56.87257788], [14.9967374, 56.8724621], [14.99680006, 56.87222274], [14.99688544, 56.87198804], [14.99689248, 56.87189113], [14.99682647, 56.8718323], [14.99685448, 56.87175074], [14.99701506, 56.87160452], [14.99728954, 56.87142579], [14.99743267, 56.87124804], [14.99761693, 56.87107047], [14.99774572, 56.87075342], [14.99774613, 56.87075315], [14.99788681, 56.87067797], [14.99823527, 56.87056166], [14.99837853, 56.87045846], [14.99837853, 56.87045837], [14.99835946, 56.87028053], [14.99835987, 56.87028017], [14.99848243, 56.8702023], [14.99848256, 56.87020212], [14.99870239, 56.86981483], [14.99856672, 56.86971791], [14.99852642, 56.86951762], [14.99848665, 56.86932046], [14.9984872, 56.86932037], [14.99870092, 56.86927421], [14.99923482, 56.86885018], [14.9994975, 56.86883572], [14.99958014, 56.86880393], [14.99958014, 56.86880375], [14.99960625, 56.86858234], [14.99945801, 56.86845741], [14.99948519, 56.86833633], [14.9994856, 56.86833651], [14.99960571, 56.86837935], [14.99971284, 56.86835223], [14.99971325, 56.86835178], [14.99978656, 56.86827813], [14.99978669, 56.86827813], [14.99998485, 56.86821023], [14.99998458, 56.86821014], [14.99982524, 56.8680799], [14.99985703, 56.86790323], [14.99985744, 56.86790278], [14.99998052, 56.86779895], [15.00019423, 56.86769611], [15.00051344, 56.86757072], [15.00051385, 56.86757027], [15.00067548, 56.86742979], [15.0007991, 56.86724656], [15.00080478, 56.86717156], [15.0008083, 56.8671245], [15.00080884, 56.8671245], [15.00093449, 56.8671298], [15.0009349, 56.86712935], [15.00099644, 56.86707294], [15.0011252, 56.86695501], [15.00114386, 56.86677277], [15.00131955, 56.86660956], [15.00159818, 56.86661226], [15.00176994, 56.86648049], [15.00176994, 56.8664804], [15.00186678, 56.86632393], [15.00186705, 56.86632384], [15.00219436, 56.86626321], [15.00246919, 56.86621731], [15.00266221, 56.86631377], [15.00314547, 56.86633217], [15.00345372, 56.86633324], [15.00345426, 56.86633288], [15.00357571, 56.86622986], [15.00373148, 56.86584651], [15.00373175, 56.86584633], [15.00397925, 56.8657592], [15.00420471, 56.86564656], [15.00420471, 56.86564638], [15.00425149, 56.86552835], [15.00436712, 56.86541051], [15.00444406, 56.86526105], [15.00447041, 56.8650753], [15.00443361, 56.86495746], [15.00452663, 56.86474521], [15.00469107, 56.86457384], [15.00496682, 56.86440317], [15.00509272, 56.86426664], [15.00525554, 56.86416792], [15.00525892, 56.86416819], [15.00545097, 56.86417995], [15.00548776, 56.8641901], [15.00586985, 56.8642949], [15.00607503, 56.86435938], [15.00609464, 56.86436549], [15.00645048, 56.86436708], [15.00653501, 56.86436744], [15.00653582, 56.86436708], [15.00672055, 56.86428147], [15.00672326, 56.86428192], [15.00691504, 56.86431056], [15.00691666, 56.86430985], [15.0073505, 56.86410863], [15.00735347, 56.8641089], [15.00763844, 56.86413924], [15.00784036, 56.86412701], [15.00784063, 56.86412692], [15.00821713, 56.86398184], [15.00893848, 56.86376191], [15.0115179, 56.85638526], [15.01059747, 56.8525667], [15.01226883, 56.84788061], [15.00251977, 56.83787195], [15.00194819, 56.83477177], [14.99472798, 56.83037297], [14.99785133, 56.82664646], [14.99921101, 56.82386406], [15.00078626, 56.82251974], [15.00161503, 56.81820967], [15.00319528, 56.81596029], [15.00459882, 56.81371387], [15.00564954, 56.81228193], [15.00674344, 56.80881224], [15.00758788, 56.80677958], [15.00856792, 56.80522726], [15.00901691, 56.8046707], [15.01020888, 56.80335449], [15.01060034, 56.80291928], [15.01088408, 56.80263264], [15.01164336, 56.8018657], [15.01166091, 56.80185114], [15.01444755, 56.79955929], [15.01582368, 56.79842748], [15.01705842, 56.79741173], [15.01755694, 56.79700173], [15.02001741, 56.79625289], [15.02151324, 56.79579761], [15.02234259, 56.79520152], [15.02389153, 56.7940881], [15.02553523, 56.79290655], [15.02512871, 56.79280819], [15.0066928, 56.78834741], [15.0055585, 56.78847447], [15.00506693, 56.78852955], [15.00467376, 56.78857357], [15.00369262, 56.78850894], [15.00320199, 56.78847114], [14.99835279, 56.78819991], [14.99830285, 56.78819713], [14.99670479, 56.78802706], [14.99416031, 56.78785066], [14.99037518, 56.78778602], [14.98891323, 56.78805608], [14.98628808, 56.78823869], [14.98617632, 56.78824416], [14.98385311, 56.78835876], [14.98357366, 56.78848366], [14.9833929, 56.78857292], [14.98331377, 56.78864647], [14.98327731, 56.78868023], [14.98317792, 56.78879672], [14.98306077, 56.7890658], [14.98281143, 56.7894422], [14.98272343, 56.78944066], [14.98241285, 56.78943514], [14.98220634, 56.78943143], [14.98171671, 56.78929088], [14.98170051, 56.7892863], [14.98135798, 56.78920433], [14.98094986, 56.78910439], [14.98050894, 56.78902223], [14.98040853, 56.78899428], [14.97916998, 56.78876674], [14.97826199, 56.78855174], [14.97791082, 56.78850434], [14.9773735, 56.78847407], [14.97700882, 56.78845433], [14.97698209, 56.78845405], [14.97685481, 56.78845232], [14.97649068, 56.78841741], [14.97639932, 56.78838371], [14.97620149, 56.78831074], [14.97615561, 56.78829474], [14.97606063, 56.78824011], [14.97565872, 56.78797408], [14.97536448, 56.78775755], [14.97513107, 56.78762116], [14.97491735, 56.78751558], [14.97429453, 56.78721644], [14.97385552, 56.78695471], [14.97268099, 56.78662787], [14.97102589, 56.7859269], [14.97041713, 56.78566907], [14.97017676, 56.78566829], [14.96958292, 56.78566644], [14.9692299, 56.78544567], [14.96846992, 56.78497042], [14.96841596, 56.78493673], [14.96790891, 56.78461962], [14.96745551, 56.78454675], [14.96551737, 56.78423528], [14.96534505, 56.78420756], [14.96226527, 56.78369802], [14.95857285, 56.78308697], [14.95820921, 56.78302676], [14.95748579, 56.78487429], [14.94789986, 56.78315519], [14.94754327, 56.78309118], [14.94813597, 56.78202544], [14.94841425, 56.78152517], [14.94423097, 56.78088934], [14.94154565, 56.78115882], [14.91966712, 56.78336763], [14.91948853, 56.78338566], [14.91551254, 56.78527553], [14.9154904, 56.7852783], [14.91269209, 56.78562245], [14.91132946, 56.7858102], [14.91113937, 56.78583638], [14.91090449, 56.78579687], [14.91052609, 56.7857816], [14.91037709, 56.7857788], [14.91005049, 56.78577255], [14.90955365, 56.78584395], [14.9094478, 56.78585915], [14.90886894, 56.78596974], [14.90873526, 56.78599524], [14.90834192, 56.78601777], [14.90802603, 56.7861034], [14.90760825, 56.78623908], [14.90666348, 56.78651439], [14.90628634, 56.78663851], [14.90580043, 56.78681195], [14.90151156, 56.7864966], [14.90138027, 56.78648545], [14.90130295, 56.78647892], [14.90125399, 56.78620817], [14.90124087, 56.78611924], [14.90124623, 56.78608125], [14.90131828, 56.78598654], [14.90136616, 56.78594706], [14.90140376, 56.78591619], [14.90065967, 56.78582399], [14.90028608, 56.78577752], [14.90023805, 56.78577155], [14.90054022, 56.78506114], [14.90054335, 56.78505378], [14.90137559, 56.78472022], [14.90130464, 56.78465424], [14.9012436, 56.78466748], [14.89936169, 56.78507735], [14.89897386, 56.78516183], [14.89447094, 56.78618708], [14.88975867, 56.78727027], [14.88825464, 56.78747004], [14.88792761, 56.78751546], [14.88614588, 56.78777846], [14.88606153, 56.78781835], [14.88568902, 56.7879946], [14.88569009, 56.78821906], [14.88495469, 56.78837278], [14.88497009, 56.78819316], [14.88490935, 56.78819328], [14.88486017, 56.78820931], [14.88050704, 56.79053496], [14.87692088, 56.79126782], [14.87245976, 56.79203354], [14.8671251, 56.79279234], [14.86653955, 56.79578496], [14.86618065, 56.79842024], [14.86600733, 56.79844682], [14.86311343, 56.79884383], [14.8609146, 56.79914535], [14.86084614, 56.79962311], [14.8600257, 56.80522774], [14.85865915, 56.80849491], [14.85788944, 56.81033498], [14.85817762, 56.81052025], [14.85822141, 56.81054841], [14.85833781, 56.81062318], [14.85868838, 56.81084849], [14.86044623, 56.81197851], [14.86067219, 56.81212382], [14.86088763, 56.81226229], [14.86124155, 56.8125007], [14.85530562, 56.81832612], [14.85472256, 56.8188975], [14.85245713, 56.82005261], [14.85041963, 56.82146853], [14.85046653, 56.82197148], [14.85005908, 56.82318957], [14.8499378, 56.82355238], [14.8494912, 56.82488836], [14.84948661, 56.82488826], [14.84759644, 56.82516764], [14.83963921, 56.82634329], [14.83047631, 56.82666899], [14.82977377, 56.82677941], [14.82819128, 56.82702811], [14.82732475, 56.82715599], [14.82637797, 56.82731213], [14.82599261, 56.8273724], [14.8259023, 56.82738467], [14.82563143, 56.82740683], [14.82520787, 56.82737346], [14.82479847, 56.82734405], [14.82434535, 56.82730443], [14.8200137, 56.82691779], [14.82000978, 56.82691787], [14.80802784, 56.82724152], [14.80798311, 56.82724271], [14.80792973, 56.82724406], [14.80775554, 56.82724882], [14.80545788, 56.8281722], [14.80492711, 56.82838694], [14.80082332, 56.83009035], [14.80030549, 56.8303006], [14.80067013, 56.83033639], [14.8012779, 56.8304181], [14.80132448, 56.83042491], [14.8019216, 56.83052754], [14.80196681, 56.83053677], [14.80211866, 56.83056881], [14.80255086, 56.83065985], [14.80311939, 56.83080302], [14.8031627, 56.83081468], [14.80371344, 56.83097722], [14.80375445, 56.83099121], [14.80428536, 56.83117258], [14.80429952, 56.83117817], [14.80470768, 56.83118949], [14.80532947, 56.83122837], [14.80537729, 56.83123213], [14.8059933, 56.83129255], [14.80604029, 56.83129882], [14.80664808, 56.83138051], [14.80724523, 56.8314831], [14.80729086, 56.83149189], [14.80787493, 56.83161494], [14.8084435, 56.83175809], [14.80848736, 56.8317692], [14.80903813, 56.83193172], [14.80907968, 56.83194526], [14.80943689, 56.83206733], [14.80974389, 56.83204364], [14.80980093, 56.8320404], [14.81042496, 56.83201422], [14.81064256, 56.83200791], [14.81095489, 56.83199886], [14.81126749, 56.83198981], [14.81143494, 56.83198495], [14.81206076, 56.83198041], [14.81211846, 56.83198032], [14.81255055, 56.83199228], [14.81274192, 56.83198673], [14.81305425, 56.83197768], [14.8131894, 56.83197375], [14.81381521, 56.83196921], [14.81387048, 56.83196902], [14.81449551, 56.8319863], [14.81454253, 56.8319887], [14.81516434, 56.83202753], [14.81578038, 56.8320879], [14.81582684, 56.83209273], [14.81643467, 56.83217437], [14.81648003, 56.83218162], [14.81679787, 56.83223616], [14.81691877, 56.8322437], [14.81715518, 56.83225851], [14.81777122, 56.83231887], [14.81781701, 56.83232361], [14.81842484, 56.83240524], [14.81846981, 56.83241231], [14.819067, 56.83251485], [14.81965113, 56.83263785], [14.8196946, 56.83264717], [14.82026323, 56.83279026], [14.82030479, 56.83280191], [14.82085564, 56.83296437], [14.82138666, 56.83314567], [14.82143267, 56.83316163], [14.82150321, 56.83318886], [14.82189682, 56.83334059], [14.8224056, 56.83353999], [14.82245105, 56.83355946], [14.82293585, 56.83377598], [14.82339449, 56.83400899], [14.82343021, 56.83402773], [14.82386094, 56.83427615], [14.82389288, 56.83429667], [14.82429409, 56.83455951], [14.82466389, 56.83483577], [14.82469203, 56.83485809], [14.82502908, 56.83514661], [14.82505302, 56.83517027], [14.82521997, 56.8353355], [14.82533563, 56.83533871], [14.825384, 56.8353413], [14.82600588, 56.83538007], [14.82662199, 56.83544039], [14.82667764, 56.8354463], [14.82728555, 56.83552789], [14.82806497, 56.83563387], [14.82811845, 56.83564266], [14.82871572, 56.83574516], [14.82929993, 56.83586811], [14.82934422, 56.83587805], [14.82991293, 56.8360211], [14.82995518, 56.83603337], [14.83050611, 56.8361958], [14.83075183, 56.83627966], [14.83130209, 56.8364419], [14.83134555, 56.83645534], [14.83187667, 56.8366366], [14.83191728, 56.83665228], [14.83242617, 56.83685164], [14.83291106, 56.83706813], [14.83294855, 56.83708605], [14.83340729, 56.83731903], [14.83383813, 56.83756741], [14.8338721, 56.83758731], [14.83427342, 56.83785011], [14.8343036, 56.8378718], [14.83467351, 56.83814803], [14.83501066, 56.83843653], [14.83503678, 56.83845974], [14.8353397, 56.83875932], [14.83536122, 56.83878396], [14.83562895, 56.83909356], [14.83586016, 56.83941174], [14.83587722, 56.83943736], [14.83607123, 56.83976294], [14.83622697, 56.84009457], [14.83623916, 56.840121], [14.83635609, 56.84045734], [14.83636327, 56.8404843], [14.83644113, 56.84082401], [14.83647924, 56.84116582], [14.83648181, 56.84119762], [14.83648031, 56.84154001], [14.83647842, 56.84169647], [14.83647655, 56.84172081], [14.83643546, 56.84206251], [14.83641954, 56.84217953], [14.83641635, 56.84219713], [14.83638328, 56.84234313], [14.83634693, 56.84249568], [14.83636038, 56.84251124], [14.83636468, 56.84251664], [14.83659592, 56.84283481], [14.83662561, 56.84287571], [14.83662776, 56.84287904], [14.83667996, 56.84296677], [14.8368218, 56.84320462], [14.83686147, 56.84328245], [14.83701723, 56.84361409], [14.83701857, 56.84361768], [14.83713552, 56.84395403], [14.83715017, 56.84400372], [14.83722805, 56.84434343], [14.83722937, 56.84434944], [14.83723605, 56.84439903], [14.83727417, 56.84474084], [14.83727455, 56.84474695], [14.83727307, 56.84508934], [14.83727204, 56.84513919], [14.83727147, 56.84514539], [14.83727035, 56.84515571], [14.8373567, 56.84516256], [14.83757559, 56.84518395], [14.8377933, 56.84519753], [14.83798249, 56.84521242], [14.83813639, 56.84522753], [14.83855114, 56.8452533], [14.83916743, 56.84531356], [14.83935646, 56.84533365], [14.83996456, 56.84541518], [14.84056202, 56.84551762], [14.84114642, 56.84564052], [14.84130983, 56.8456771], [14.84187874, 56.8458201], [14.84242987, 56.84598247], [14.84296118, 56.84616367], [14.8431083, 56.84621694], [14.84361738, 56.84641626], [14.84410246, 56.8466327], [14.84456139, 56.84686563], [14.84468683, 56.8469336], [14.84511785, 56.84718195], [14.84551935, 56.84744472], [14.84588944, 56.84772092], [14.8459882, 56.84780107], [14.84632553, 56.84808953], [14.84662862, 56.84838909], [14.84689651, 56.84869867], [14.84696483, 56.84878776], [14.84719619, 56.84910592], [14.84739036, 56.84943148], [14.84754624, 56.8497631], [14.84758155, 56.84985781], [14.84769861, 56.85019415], [14.84777659, 56.85053385], [14.84781482, 56.85087565], [14.84781588, 56.85098119], [14.84781449, 56.85132358], [14.84777349, 56.85166529], [14.84773955, 56.85186456], [14.84773653, 56.85187686], [14.84772822, 56.85192598], [14.84772611, 56.85194412], [14.84769037, 56.85215677], [14.84760962, 56.85249627], [14.84757324, 56.85259997], [14.84745343, 56.85293602], [14.84729484, 56.85326726], [14.847098, 56.85359234], [14.84686401, 56.85390992], [14.84679753, 56.85399948], [14.84671588, 56.85409288], [14.84663888, 56.85447344], [14.84655812, 56.85481294], [14.8464383, 56.85514899], [14.84639839, 56.8552525], [14.84627306, 56.85551435], [14.846271, 56.85552099], [14.84625773, 56.85555843], [14.84623547, 56.85574352], [14.84615471, 56.85608302], [14.8461244, 56.85618718], [14.84600457, 56.85652322], [14.84584594, 56.85685446], [14.84564908, 56.85717954], [14.84558772, 56.85727027], [14.84535369, 56.85758785], [14.84508319, 56.85789676], [14.84505169, 56.85792762], [14.84502582, 56.85803609], [14.84490597, 56.85837213], [14.84486514, 56.858468], [14.8447065, 56.85879924], [14.84450961, 56.85912432], [14.84427557, 56.85944189], [14.84422338, 56.85950416], [14.8442106, 56.85951951], [14.84419973, 56.8595335], [14.84396249, 56.85980446], [14.84439329, 56.85991269], [14.84445962, 56.8599293], [14.84501096, 56.86009166], [14.84554249, 56.86027285], [14.84570141, 56.86033251], [14.84621069, 56.86053182], [14.84669597, 56.86074825], [14.84678965, 56.86079139], [14.84724876, 56.86102431], [14.84738342, 56.86109974], [14.84781463, 56.86134808], [14.8482163, 56.86161084], [14.84858654, 56.86188703], [14.84868305, 56.86196807], [14.84902052, 56.86225653], [14.84932374, 56.86255608], [14.84959177, 56.86286565], [14.8496574, 56.86295537], [14.84988888, 56.86327352], [14.85008314, 56.86359907], [14.85023911, 56.86393069], [14.85027641, 56.86403789], [14.85051993, 56.86401905], [14.85056782, 56.86401668], [14.85119235, 56.8639903], [14.85181869, 56.86398557], [14.85186684, 56.8639858], [14.85249242, 56.86400289], [14.85254029, 56.86400564], [14.85316267, 56.86404428], [14.8537793, 56.86410446], [14.85382648, 56.86410982], [14.85443491, 56.86419128], [14.8550327, 56.86429364], [14.85507866, 56.86430151], [14.8556634, 56.86442434], [14.85570772, 56.86443463], [14.85627697, 56.86457756], [14.85682843, 56.86473987], [14.85687072, 56.8647524], [14.85740237, 56.86493355], [14.85744221, 56.86494832], [14.85795162, 56.86514758], [14.85843702, 56.86536397], [14.85847402, 56.86538089], [14.85893327, 56.86561377], [14.85896714, 56.86563249], [14.85939848, 56.86588079], [14.85980028, 56.86614351], [14.85983063, 56.86616403], [14.86020101, 56.86644018], [14.86022744, 56.86646222], [14.86056504, 56.86675064], [14.86086839, 56.86705017], [14.86089466, 56.86707732], [14.86116281, 56.86738687], [14.86138206, 56.86764453], [14.86145352, 56.86770685], [14.86148047, 56.86773302], [14.8614895, 56.86774201], [14.86149719, 56.86774696], [14.86150556, 56.86775281], [14.86150907, 56.86775524], [14.86153065, 56.86777008], [14.86190106, 56.86804624], [14.86221993, 56.86828748], [14.86224096, 56.86830547], [14.86262416, 56.86852603], [14.86265628, 56.86854556], [14.86305813, 56.86880827], [14.86342856, 56.86908442], [14.86345689, 56.86910556], [14.86379454, 56.86939398], [14.86381908, 56.86941655], [14.86412248, 56.86971606], [14.86439067, 56.8700256], [14.86441115, 56.87004942], [14.86464279, 56.87036754], [14.86465894, 56.87039226], [14.86485336, 56.87071779], [14.86497284, 56.87097157], [14.86505131, 56.87107944], [14.86524574, 56.87140497], [14.86526147, 56.87143148], [14.86541761, 56.87176308], [14.86542819, 56.8717904], [14.86554549, 56.87212672], [14.86562368, 56.8724664], [14.86562912, 56.87249416], [14.86566753, 56.87283597], [14.86566769, 56.87286848], [14.86566646, 56.87321087], [14.86564391, 56.87346189], [14.86560305, 56.8738036], [14.86559794, 56.87383297], [14.86551731, 56.87417248], [14.86550856, 56.87419735], [14.86538885, 56.87453342], [14.86523032, 56.87486468], [14.86521738, 56.87488891], [14.86502059, 56.87521402], [14.86500359, 56.87523754], [14.86476962, 56.87555515], [14.86449914, 56.8758641], [14.86447809, 56.87588662], [14.86422583, 56.87613335], [14.86451594, 56.87641965], [14.86453872, 56.87644303], [14.86480696, 56.87675256], [14.86482555, 56.87677692], [14.86505724, 56.87709504], [14.8652517, 56.87742057], [14.86526582, 56.87744583], [14.86542197, 56.87777743], [14.86543135, 56.87780339], [14.86554866, 56.87813971], [14.86562686, 56.8784794], [14.86563164, 56.87850563], [14.86567006, 56.87884743], [14.86567022, 56.87887833], [14.86566899, 56.87922071], [14.86564106, 56.87953918], [14.86562187, 56.87975886], [14.86560281, 56.87997889], [14.86558362, 56.88019839], [14.86556443, 56.88041806], [14.86554524, 56.88063792], [14.86552605, 56.88085768], [14.86550573, 56.88109074], [14.86550085, 56.8811316], [14.86550028, 56.8811378], [14.86550023, 56.88115343], [14.86547314, 56.88146309], [14.86545282, 56.88169624], [14.86543249, 56.88192947], [14.86541203, 56.88216253], [14.86539171, 56.88239577], [14.86537266, 56.88261356], [14.86533179, 56.88295527], [14.86532821, 56.88297215], [14.86532641, 56.88298131], [14.86532312, 56.88299514], [14.86532092, 56.88300547], [14.86524026, 56.88334499], [14.86523917, 56.88334831], [14.86515645, 56.88358435], [14.8650367, 56.88392041], [14.86502402, 56.88394914], [14.86486545, 56.8842804], [14.8646686, 56.88460551], [14.86465349, 56.88462947], [14.86441946, 56.88494709], [14.86440043, 56.88497015], [14.86412988, 56.8852791], [14.86382418, 56.88557795], [14.86380123, 56.88559993], [14.86346133, 56.88588761], [14.86343473, 56.88590833], [14.86306213, 56.88618366], [14.86265816, 56.88644549], [14.86262805, 56.88646477], [14.86219463, 56.8867121], [14.86216141, 56.88672967], [14.86170017, 56.88696152], [14.86121287, 56.88717681], [14.86117681, 56.88719267], [14.86066561, 56.88739078], [14.86062685, 56.88740465], [14.86009352, 56.88758459], [14.86005274, 56.88759649], [14.85949971, 56.88775755], [14.85892903, 56.88789918], [14.85887905, 56.88791053], [14.858293, 56.88803202], [14.85808687, 56.88807274], [14.85808592, 56.8880731], [14.85755257, 56.88825303], [14.85699952, 56.88841407], [14.85695671, 56.88842578], [14.85638601, 56.8885674], [14.85634144, 56.88857678], [14.85575538, 56.88869826], [14.85520069, 56.88879175], [14.85542703, 56.8895463], [14.85989437, 56.89006336], [14.86039722, 56.89019218], [14.86657113, 56.89176652], [14.87031571, 56.89275676], [14.87209611, 56.89318855], [14.87891236, 56.89496135], [14.88617439, 56.8965805], [14.88802394, 56.897053], [14.88942047, 56.89738567], [14.89563769, 56.89865691], [14.89638855, 56.89837964], [14.89667655, 56.89840691], [14.89789271, 56.89825702], [14.9015952, 56.89759363], [14.90475625, 56.89702564], [14.90728689, 56.89588488], [14.90839318, 56.89516939], [14.90941857, 56.89391843], [14.91047892, 56.89262456], [14.91216321, 56.89285452], [14.91338527, 56.89297699], [14.9145735, 56.89274679], [14.91571889, 56.89235525], [14.9162821, 56.89216278], [14.92011226, 56.89085377], [14.92036349, 56.89077435], [14.92036362, 56.89077417], [14.92134805, 56.88848011], [14.92234462, 56.88458029], [14.92239976, 56.88376406], [14.92403663, 56.88406191], [14.9241554, 56.88408354], [14.9242329, 56.88410056], [14.92453229, 56.88420583], [14.92495215, 56.88435347], [14.92510918, 56.8844618], [14.92540864, 56.88466847], [14.92724183, 56.88501392], [14.92740312, 56.8849488], [14.92788294, 56.88475516], [14.92860169, 56.88479545], [14.92866745, 56.88479908], [14.92876392, 56.88480444], [14.92907973, 56.88482213], [14.93006192, 56.88487694], [14.93034033, 56.88492245], [14.93050349, 56.88501254], [14.93061772, 56.88507565], [14.93059704, 56.88564985], [14.9308009, 56.88605406], [14.93110783, 56.88663787], [14.93153024, 56.8871233], [14.93154605, 56.88721303], [14.93162738, 56.88728502], [14.93175709, 56.88747371], [14.93187096, 56.88759063], [14.93196269, 56.88768391], [14.93206616, 56.88778851], [14.93214713, 56.88791421], [14.93221226, 56.88796823], [14.93227704, 56.88806706], [14.9322927, 56.88816578], [14.93232455, 56.88829146], [14.93232223, 56.88859657], [14.93232136, 56.88870408], [14.93233687, 56.88881169], [14.93233424, 56.88914366], [14.93233139, 56.88952044], [14.93289687, 56.89063422], [14.93294549, 56.89068823], [14.93302701, 56.89074217], [14.93310868, 56.89078721], [14.93322699, 56.89092397], [14.93355897, 56.89124166], [14.93507857, 56.89376159], [14.93541194, 56.89431432], [14.93536823, 56.89446403], [14.93489696, 56.89607952], [14.93496119, 56.9004016], [14.93814876, 56.90115562], [14.93860641, 56.90127737], [14.93986058, 56.90203452], [14.94026598, 56.90267557], [14.94101881, 56.9032213], [14.94104412, 56.9049442], [14.94094955, 56.90532903], [14.94066289, 56.90602776], [14.94053852, 56.90633075], [14.94033546, 56.90656077], [14.94033506, 56.90656113], [14.93875329, 56.90732372], [14.93620974, 56.90748844], [14.93466354, 56.90797625], [14.93466313, 56.90797634], [14.93458914, 56.90971616], [14.93804595, 56.91083607], [14.93968995, 56.91172265], [14.94408456, 56.91126348], [14.94809087, 56.91164388], [14.94834508, 56.91290243], [14.94968645, 56.91349658], [14.95051612, 56.91386418], [14.95074418, 56.91396818], [14.95074134, 56.91406698], [14.95082198, 56.91412162], [14.95100108, 56.91417684], [14.95119557, 56.91426826], [14.95135685, 56.91437728], [14.95143693, 56.91444988], [14.95148267, 56.91458489], [14.95152812, 56.91472898], [14.95157572, 56.91478325], [14.95167347, 56.91481095], [14.95200274, 56.91477775], [14.95229882, 56.91475317], [14.95259475, 56.91473774], [14.95272499, 56.91477471], [14.95278868, 56.91484703], [14.95291934, 56.91487502], [14.95318279, 56.91484125], [14.95374161, 56.91480985], [14.95423474, 56.91478694], [14.95472717, 56.914782], [14.95533443, 56.91478689], [14.95590779, 56.91482742], [14.95616967, 56.91485653], [14.95633241, 56.91490275], [14.95655713, 56.91497666], [14.95668489, 56.91505098], [14.95677113, 56.91507697], [14.95703119, 56.91516885], [14.95707234, 56.91518836], [14.95713393, 56.91521757], [14.95725101, 56.91526988], [14.95799957, 56.91560444], [14.9582214, 56.91585555], [14.95826415, 56.9159029], [14.95868628, 56.91652898], [14.95577576, 56.92042994], [14.95567637, 56.92108477], [14.95637749, 56.92188062], [14.95782849, 56.92164095], [14.96028423, 56.92180755], [14.96474393, 56.92210996], [14.97011395, 56.92329354], [14.97032659, 56.92333949], [14.97927268, 56.92527039], [14.98053658, 56.92528263], [14.98431299, 56.92531253], [14.9972626, 56.92534915], [15.00149096, 56.92536084], [15.00104729, 56.9250922]]]}, "properties": {"deso": "0780A0040", "pop": 1980.0, "income": 377.1, "male_frac": 0.522, "child_frac": 0.2131, "elder_frac": 0.1869, "dependency": 0.6667, "needZ": -0.0606, "needZ_v1": -0.1127, "regso": "0780R013", "higher_ed": 59.3, "neet": 7.6, "income_support": 0.1}}, {"type": "Feature", "geometry": {"type": "Polygon", "coordinates": [[[14.77947538, 56.92736253], [14.78100943, 56.9266809], [14.78367747, 56.9242628], [14.79175924, 56.92521547], [14.79180941, 56.92510948], [14.79252603, 56.92359706], [14.79270862, 56.92320728], [14.79272137, 56.92318], [14.79310167, 56.92321791], [14.79418068, 56.92278587], [14.79484679, 56.9228254], [14.79579515, 56.92277271], [14.79584014, 56.92277008], [14.79587351, 56.92251254], [14.79602273, 56.92249823], [14.79625864, 56.92250913], [14.7970701, 56.92254673], [14.7970701, 56.9225461], [14.79713304, 56.9221299], [14.79713305, 56.92212837], [14.79714195, 56.92108731], [14.79638823, 56.92107369], [14.79638715, 56.92107369], [14.79625421, 56.92071123], [14.79583066, 56.92080898], [14.7947047, 56.92062777], [14.79438432, 56.92060991], [14.79412755, 56.92057733], [14.79395935, 56.9205229], [14.79368187, 56.92048759], [14.79292615, 56.92039868], [14.79281064, 56.92039256], [14.79178079, 56.92039741], [14.79174419, 56.92040219], [14.7931626, 56.91927922], [14.79538303, 56.9175854], [14.7953247, 56.9163645], [14.7963531, 56.91633187], [14.79605401, 56.91554673], [14.79604167, 56.91517576], [14.79613241, 56.91480379], [14.79613268, 56.91480326], [14.7962006, 56.91464178], [14.79620087, 56.91464124], [14.79636791, 56.91435715], [14.79666732, 56.91406384], [14.79700841, 56.9136974], [14.79728326, 56.91348525], [14.79740197, 56.9133703], [14.79519018, 56.91300562], [14.79425904, 56.91287763], [14.79325001, 56.91275309], [14.79329703, 56.91247986], [14.79313729, 56.91192937], [14.79343591, 56.91077435], [14.79342535, 56.9104553], [14.79338948, 56.90937338], [14.79320898, 56.90900563], [14.79288737, 56.90854335], [14.79264836, 56.90817847], [14.79255601, 56.90793563], [14.79220586, 56.90795822], [14.78979035, 56.90815537], [14.78810905, 56.90826822], [14.78712649, 56.90827787], [14.78558193, 56.90827379], [14.78505698, 56.90831744], [14.78435767, 56.90840129], [14.78320607, 56.90860507], [14.78226054, 56.90867214], [14.7815383, 56.90857451], [14.78132256, 56.9077002], [14.78143142, 56.90596223], [14.78131241, 56.90545176], [14.78130607, 56.90542498], [14.78102818, 56.90427806], [14.78070221, 56.90191248], [14.78034063, 56.89994788], [14.78017763, 56.89886564], [14.78023459, 56.89806366], [14.77928063, 56.89884592], [14.77929218, 56.89943568], [14.77930345, 56.90000416], [14.77812169, 56.90003773], [14.77811845, 56.89985198], [14.77808188, 56.89983242], [14.77781716, 56.90004887], [14.77763831, 56.90005142], [14.77633563, 56.90008853], [14.76946666, 56.90060867], [14.7683445, 56.90058818], [14.76757511, 56.90096453], [14.76289606, 56.90067407], [14.75897718, 56.90072595], [14.75452553, 56.90154927], [14.75528072, 56.90258043], [14.75873196, 56.91009927], [14.75877763, 56.91009433], [14.75951703, 56.91170835], [14.75947407, 56.91171419], [14.76322493, 56.91988178], [14.76348784, 56.92033002], [14.7635169, 56.92031885], [14.76387215, 56.92092507], [14.76387764, 56.92093442], [14.77314764, 56.92362601], [14.77905411, 56.92760456], [14.77947538, 56.92736253]]]}, "properties": {"deso": "0780C1340", "pop": 2258.0, "income": 359.2, "male_frac": 0.4905, "child_frac": 0.1957, "elder_frac": 0.256, "dependency": 0.8239, "needZ": 0.2223, "needZ_v1": 0.3697, "regso": "0780R006", "higher_ed": 60.8, "neet": 9.4, "income_support": 0.3}}, {"type": "Feature", "geometry": {"type": "Polygon", "coordinates": [[[14.66120872, 56.93093003], [14.66252799, 56.93085402], [14.66407037, 56.93076521], [14.66480133, 56.93081127], [14.66502626, 56.93083891], [14.66576143, 56.93092926], [14.66592315, 56.9300854], [14.66597062, 56.92983718], [14.66598274, 56.92978503], [14.66671617, 56.92988596], [14.66765452, 56.92979658], [14.66797952, 56.92981504], [14.66812699, 56.92982298], [14.66851687, 56.92984413], [14.66885349, 56.92982006], [14.66923711, 56.92975182], [14.66929573, 56.92974138], [14.67038338, 56.92957396], [14.67108278, 56.92960122], [14.67140204, 56.9296722], [14.67155419, 56.92954811], [14.67186191, 56.92966793], [14.67222942, 56.92972108], [14.67279534, 56.92973586], [14.67358224, 56.92976638], [14.67434644, 56.92974278], [14.67563604, 56.92972017], [14.67616582, 56.92968517], [14.67621285, 56.92968287], [14.67640116, 56.9296697], [14.6772844, 56.92952612], [14.67792943, 56.9293847], [14.67866885, 56.92912299], [14.67882201, 56.92905189], [14.67931115, 56.92882446], [14.6796122, 56.92866599], [14.68038605, 56.92811226], [14.68092461, 56.92799759], [14.68142053, 56.92787877], [14.69054909, 56.92569235], [14.69081099, 56.92555674], [14.69324613, 56.924276], [14.69909906, 56.92272128], [14.70074976, 56.92129983], [14.70092176, 56.92115078], [14.70359406, 56.91883373], [14.70362092, 56.91881044], [14.70722423, 56.91854139], [14.71020198, 56.91894137], [14.71020226, 56.91894083], [14.71356208, 56.91176374], [14.71350081, 56.91164791], [14.71336525, 56.91131357], [14.71326872, 56.91097527], [14.71325253, 56.91087904], [14.71319556, 56.91053805], [14.71317828, 56.9101958], [14.7132008, 56.90985364], [14.713263, 56.90951293], [14.71328134, 56.90941668], [14.71338305, 56.90907884], [14.71352372, 56.90874513], [14.71370294, 56.90841698], [14.71375537, 56.90832468], [14.71397231, 56.90800345], [14.71422615, 56.90769038], [14.7145158, 56.90738665], [14.71460776, 56.9072939], [14.71493212, 56.90700084], [14.71521264, 56.90677424], [14.71557048, 56.90649302], [14.71596016, 56.90622482], [14.71608345, 56.90614363], [14.71623512, 56.90605182], [14.71650349, 56.90588941], [14.71695224, 56.90565025], [14.71742782, 56.90542705], [14.71756516, 56.90536619], [14.71806579, 56.90515993], [14.71812444, 56.90513878], [14.71854884, 56.90491268], [14.7190244, 56.90468947], [14.71916174, 56.90462861], [14.71966234, 56.90442234], [14.72018583, 56.90423391], [14.72073015, 56.90406393], [14.72088646, 56.90401892], [14.72117311, 56.90394214], [14.72115626, 56.90384124], [14.72115378, 56.90381123], [14.72113643, 56.90346899], [14.72113882, 56.90312975], [14.72114126, 56.90309257], [14.72114129, 56.90308942], [14.72113881, 56.90304047], [14.72114056, 56.90280542], [14.72114229, 56.90259129], [14.72114399, 56.9023813], [14.72114569, 56.90217131], [14.72114741, 56.90195853], [14.72114899, 56.90174603], [14.72115072, 56.90153343], [14.72115183, 56.90138334], [14.72117428, 56.90104119], [14.72117737, 56.90100841], [14.72119179, 56.9009259], [14.72120593, 56.900845], [14.7210741, 56.90067864], [14.72086206, 56.90035643], [14.720846, 56.90033188], [14.72067178, 56.90000293], [14.72066006, 56.89997758], [14.72052447, 56.89964333], [14.72042791, 56.89930495], [14.72042079, 56.89927915], [14.72041301, 56.8992327], [14.72036377, 56.89893816], [14.72036126, 56.89891202], [14.72034392, 56.89856977], [14.72036637, 56.89822761], [14.7203686, 56.89820157], [14.7204173, 56.89793447], [14.72014316, 56.89768219], [14.72005906, 56.89759712], [14.71977409, 56.89729209], [14.71952507, 56.89697788], [14.71931307, 56.89665568], [14.71926097, 56.8965634], [14.71908679, 56.89623446], [14.71895123, 56.89590012], [14.71885468, 56.89556182], [14.71883321, 56.89544672], [14.71883204, 56.89544142], [14.71881517, 56.89536243], [14.71875817, 56.89502144], [14.71874085, 56.89467919], [14.71876331, 56.89433703], [14.7187773, 56.8942406], [14.71883942, 56.89389988], [14.71890591, 56.8936788], [14.71896379, 56.89336133], [14.7190654, 56.89302349], [14.71910279, 56.89292881], [14.71923715, 56.89260999], [14.71886182, 56.89243076], [14.71882636, 56.8924129], [14.71838138, 56.89217172], [14.71834932, 56.89215216], [14.71793329, 56.89189605], [14.71754783, 56.89162608], [14.7175193, 56.89160482], [14.71716588, 56.89132199], [14.71684612, 56.89102747], [14.71682166, 56.89100478], [14.71653677, 56.89069974], [14.71651638, 56.89067589], [14.71626743, 56.89036168], [14.71605549, 56.89003946], [14.71603944, 56.89001464], [14.71586532, 56.88968569], [14.71585387, 56.88966015], [14.71571836, 56.88932581], [14.71562187, 56.88898751], [14.71561503, 56.88896145], [14.71555807, 56.88862046], [14.71555583, 56.88859413], [14.71553854, 56.88825189], [14.71556103, 56.88790973], [14.71556353, 56.88788342], [14.71562567, 56.8875427], [14.71563402, 56.88751236], [14.71573564, 56.88717451], [14.7177098, 56.88181196], [14.71785033, 56.88147833], [14.7178645, 56.88144773], [14.71804355, 56.88111958], [14.71806052, 56.88109411], [14.71827727, 56.88077287], [14.71853088, 56.88045979], [14.71855245, 56.88043541], [14.71884184, 56.88013167], [14.71916593, 56.8798386], [14.71919181, 56.87981557], [14.71954936, 56.87953434], [14.71957929, 56.87951277], [14.71996866, 56.87924454], [14.72038837, 56.87899031], [14.72042208, 56.87897053], [14.72087049, 56.87873136], [14.72090783, 56.87871348], [14.72138303, 56.87849035], [14.72188328, 56.87828407], [14.72192358, 56.87826845], [14.72244668, 56.87808], [14.72248967, 56.87806653], [14.72303361, 56.87789655], [14.7235962, 56.87774573], [14.72364134, 56.87773478], [14.72412772, 56.87762466], [14.72444198, 56.87740817], [14.72486164, 56.87715392], [14.72486653, 56.87715106], [14.72511401, 56.87692715], [14.72511673, 56.876925], [14.7254742, 56.87664375], [14.72586351, 56.87637551], [14.72588363, 56.8763619], [14.72630327, 56.87610765], [14.72655277, 56.87597445], [14.72655876, 56.87596899], [14.72691622, 56.87568774], [14.72726009, 56.87545074], [14.72739844, 56.87519703], [14.7274131, 56.875172], [14.72754917, 56.87497021], [14.72754023, 56.87491639], [14.72753748, 56.87488557], [14.72752008, 56.87454333], [14.72751929, 56.87431725], [14.72751975, 56.8743106], [14.72751954, 56.87428276], [14.72751908, 56.87427243], [14.72751853, 56.8740689], [14.72751779, 56.87385414], [14.72754016, 56.87351198], [14.72754297, 56.8734801], [14.72760497, 56.87313937], [14.72761247, 56.87311235], [14.72771395, 56.8727745], [14.72785436, 56.87244077], [14.72786672, 56.8724143], [14.72804564, 56.87208613], [14.72806287, 56.87206057], [14.72827948, 56.87173931], [14.72853295, 56.87142621], [14.72855491, 56.87140165], [14.72884416, 56.87109788], [14.72916809, 56.87080479], [14.72919436, 56.87078158], [14.72955175, 56.87050032], [14.72958221, 56.87047874], [14.72997142, 56.87021049], [14.73039096, 56.86995622], [14.73042532, 56.86993635], [14.73087356, 56.86969714], [14.73091143, 56.86967935], [14.73138646, 56.86945609], [14.73188653, 56.86924978], [14.73192736, 56.86923415], [14.73245029, 56.86904566], [14.73299404, 56.86887563], [14.73303769, 56.86886234], [14.73360011, 56.86871148], [14.73364591, 56.86870071], [14.73422468, 56.86856964], [14.73481738, 56.86845889], [14.73486491, 56.86845073], [14.73546936, 56.86836075], [14.73552635, 56.86835432], [14.73614011, 56.86828556], [14.73632702, 56.86826978], [14.73639675, 56.86826041], [14.73679736, 56.86820664], [14.73719202, 56.86815376], [14.73759291, 56.86810009], [14.73797619, 56.86804862], [14.73839034, 56.86799308], [14.73900409, 56.86792421], [14.73905797, 56.86791849], [14.73967833, 56.86787101], [14.73972515, 56.8678685], [14.74034982, 56.86784268], [14.74097624, 56.8678385], [14.74102331, 56.86783851], [14.74164891, 56.86785615], [14.74169569, 56.86785858], [14.74231802, 56.86789777], [14.74293453, 56.8679585], [14.74298076, 56.86796336], [14.743589, 56.86804535], [14.74363413, 56.86805263], [14.74423169, 56.86815553], [14.74481612, 56.86827888], [14.74485975, 56.86828849], [14.74542863, 56.86843192], [14.74547048, 56.86844377], [14.74602152, 56.86860657], [14.74655269, 56.86878818], [14.74659223, 56.8688021], [14.74710109, 56.86900181], [14.74713791, 56.86901778], [14.74762273, 56.86923459], [14.74808133, 56.86946788], [14.7481153, 56.86948573], [14.74854594, 56.86973441], [14.74857665, 56.86975387], [14.74897771, 56.87001695], [14.74934731, 56.87029344], [14.74937449, 56.87031451], [14.74971128, 56.87060323], [14.74973467, 56.87062556], [14.75003716, 56.87092535], [14.75030442, 56.87123513], [14.75032374, 56.87125861], [14.75055443, 56.87157694], [14.75056955, 56.8716014], [14.75076299, 56.87192711], [14.75091811, 56.87225885], [14.75093077, 56.87228807], [14.75104703, 56.87262449], [14.75108909, 56.8727479], [14.75147132, 56.87294222], [14.75160868, 56.87301623], [14.75203938, 56.8732649], [14.75244051, 56.87352796], [14.75281017, 56.87380444], [14.75290934, 56.87388439], [14.75324618, 56.87417311], [14.75354873, 56.87447298], [14.75381605, 56.87478266], [14.753885, 56.87487172], [14.75411574, 56.87519004], [14.75430923, 56.87551575], [14.75446439, 56.87584748], [14.75450016, 56.87594213], [14.75450189, 56.87594726], [14.75481151, 56.87603867], [14.75492072, 56.87607598], [14.75534283, 56.87622025], [14.75547359, 56.87627152], [14.75550929, 56.87627375], [14.75562857, 56.87628125], [14.75569744, 56.87619615], [14.75598651, 56.87589232], [14.75600885, 56.87586919], [14.75633261, 56.87557603], [14.75636335, 56.87555058], [14.75672058, 56.87526924], [14.75692422, 56.87511704], [14.75703897, 56.87494651], [14.75729223, 56.87463336], [14.7573124, 56.87460987], [14.75760144, 56.87430603], [14.75762553, 56.87428371], [14.75794926, 56.87399054], [14.75830646, 56.8737092], [14.75833447, 56.87368824], [14.75872351, 56.8734199], [14.75875488, 56.87340056], [14.75917426, 56.87314619], [14.75927417, 56.87309276], [14.7596583, 56.87282782], [14.75977079, 56.8727533], [14.76019016, 56.87249893], [14.76063824, 56.87225962], [14.76111313, 56.87203625], [14.76125001, 56.87197516], [14.76174995, 56.87176873], [14.76227276, 56.87158012], [14.76281642, 56.87140995], [14.76297241, 56.87136471], [14.76353474, 56.87121372], [14.76411345, 56.87108251], [14.7647061, 56.87097162], [14.76487523, 56.87094383], [14.76547964, 56.8708537], [14.76609339, 56.87078471], [14.76631385, 56.87076787], [14.76655031, 56.87072359], [14.76659703, 56.8707155], [14.76720144, 56.87062537], [14.76724922, 56.87061989], [14.76786296, 56.87055098], [14.76810075, 56.87053265], [14.76841682, 56.87049712], [14.76860724, 56.87048131], [14.76922761, 56.87043369], [14.76985231, 56.87040771], [14.77030284, 56.87039435], [14.7703624, 56.87038763], [14.77055296, 56.87037164], [14.77117332, 56.870324], [14.77179802, 56.87029802], [14.77246353, 56.87027822], [14.77308998, 56.87027388], [14.77328271, 56.87027845], [14.77390836, 56.87029593], [14.7740114, 56.8703024], [14.77416978, 56.8703061], [14.77479542, 56.87032358], [14.77493673, 56.87033246], [14.77505062, 56.87024257], [14.77508038, 56.87022125], [14.77546926, 56.86995285], [14.77588849, 56.86969843], [14.77592188, 56.86967882], [14.77636982, 56.86943945], [14.77640659, 56.86942182], [14.77688135, 56.86919839], [14.77738116, 56.86899189], [14.77742102, 56.86897624], [14.77794372, 56.86878757], [14.77798613, 56.86877426], [14.77852968, 56.86860403], [14.77909191, 56.86845296], [14.77913662, 56.86844199], [14.77971523, 56.86831071], [14.78030778, 56.86819975], [14.78035423, 56.86819121], [14.78078162, 56.86812747], [14.78096575, 56.86805136], [14.78146565, 56.8678708], [14.78153138, 56.86782529], [14.78192019, 56.86755687], [14.78233935, 56.86730242], [14.78238819, 56.86727628], [14.78249963, 56.86713833], [14.78252074, 56.8671143], [14.78280952, 56.86681041], [14.78313299, 56.86651717], [14.78315841, 56.8664944], [14.78351535, 56.86621299], [14.78354456, 56.86619166], [14.78393334, 56.86592324], [14.78419135, 56.86576659], [14.78418399, 56.86561209], [14.78418595, 56.86557715], [14.78419889, 56.86537481], [14.78417299, 56.86522154], [14.78415508, 56.8648793], [14.78415442, 56.86485325], [14.78417627, 56.86451108], [14.78418021, 56.86448504], [14.78424168, 56.86414428], [14.78434262, 56.86380638], [14.78435115, 56.8637807], [14.78449102, 56.86344691], [14.78450402, 56.86342178], [14.7846824, 56.86309353], [14.78489847, 56.86277217], [14.78491592, 56.86274786], [14.78516886, 56.86243465], [14.78519049, 56.86241142], [14.78547921, 56.86210752], [14.78580262, 56.86181428], [14.78582817, 56.86179223], [14.78618505, 56.86151081], [14.78621438, 56.86149029], [14.78651742, 56.86128099], [14.78660309, 56.86122186], [14.78702215, 56.8609674], [14.78705511, 56.8609485], [14.78750288, 56.86070909], [14.78753895, 56.860692], [14.78801354, 56.86046853], [14.78818433, 56.86039795], [14.78823319, 56.86012705], [14.78833409, 56.85978914], [14.78847391, 56.85945534], [14.78865224, 56.85912709], [14.78886825, 56.85880572], [14.78912113, 56.8584925], [14.78940978, 56.85818859], [14.78973313, 56.85789534], [14.79008994, 56.85761391], [14.79047859, 56.85734546], [14.79089757, 56.85709099], [14.79134527, 56.85685156], [14.79181978, 56.85662807], [14.79231934, 56.85642151], [14.79245551, 56.85637234], [14.7924403, 56.85633513], [14.79240919, 56.85623987], [14.79231208, 56.85590163], [14.79226587, 56.85562787], [14.79210649, 56.85532779], [14.79175791, 56.85508398], [14.79165436, 56.85500567], [14.79130073, 56.85472305], [14.7909807, 56.85442871], [14.79069548, 56.85412384], [14.79061503, 56.85402787], [14.7903657, 56.8537138], [14.79019516, 56.8534552], [14.79015333, 56.85339171], [14.79015159, 56.85338893], [14.7900938, 56.85332712], [14.79001361, 56.85323124], [14.78976429, 56.85291717], [14.78955194, 56.85259509], [14.78952299, 56.85254896], [14.78951884, 56.85254105], [14.78950919, 56.85252567], [14.7894927, 56.85250077], [14.78946376, 56.85245464], [14.78946001, 56.85244772], [14.78944996, 56.85243171], [14.78943347, 56.85240663], [14.78940453, 56.8523605], [14.78922993, 56.85203165], [14.78918549, 56.851929], [14.78905893, 56.85161801], [14.78902375, 56.85155184], [14.7889793, 56.8514492], [14.78884328, 56.85111493], [14.78881318, 56.85100988], [14.78863288, 56.85073653], [14.78861264, 56.85070452], [14.7885904, 56.850669], [14.78859, 56.85066828], [14.78857218, 56.85063969], [14.78856842, 56.85063411], [14.78852649, 56.85056713], [14.7883883, 56.85030678], [14.78831419, 56.85021342], [14.78810186, 56.84989133], [14.78805992, 56.84982443], [14.78805939, 56.84982353], [14.78804157, 56.84979503], [14.78803782, 56.84978936], [14.78799615, 56.84972283], [14.78799575, 56.8497222], [14.78797444, 56.84968839], [14.78797417, 56.84968794], [14.7879321, 56.84962113], [14.78775753, 56.84929228], [14.78771282, 56.84918963], [14.78766669, 56.84907611], [14.78753734, 56.84887999], [14.78748803, 56.84880168], [14.78747839, 56.8487863], [14.78747772, 56.84878495], [14.78742922, 56.84870781], [14.78725466, 56.84837895], [14.78721009, 56.84827621], [14.78707409, 56.84794194], [14.78703896, 56.84781973], [14.78702322, 56.84778288], [14.78688723, 56.8474487], [14.78688232, 56.8474318], [14.78686239, 56.84739422], [14.78686199, 56.84739342], [14.78681675, 56.84729032], [14.78668076, 56.84695605], [14.78658373, 56.8466178], [14.78653783, 56.84634602], [14.78646801, 56.8462145], [14.78644308, 56.84615311], [14.78643641, 56.84613846], [14.78643333, 56.84613225], [14.78629735, 56.84579798], [14.78629576, 56.84579295], [14.7862903, 56.84577749], [14.78628487, 56.84575871], [14.78622368, 56.84570247], [14.78593857, 56.84539758], [14.78591829, 56.84537375], [14.78566906, 56.84505967], [14.78364256, 56.84467031], [14.78223563, 56.83957369], [14.78143641, 56.83667813], [14.78148456, 56.83551174], [14.78251384, 56.83508689], [14.78496242, 56.83495649], [14.78512012, 56.83472171], [14.78518321, 56.83463146], [14.78543596, 56.83431824], [14.78572446, 56.83401434], [14.78604762, 56.8337211], [14.7861416, 56.83363925], [14.78649821, 56.83335783], [14.78688663, 56.8330894], [14.78730537, 56.83283493], [14.78742671, 56.83276481], [14.78787414, 56.8325254], [14.78793972, 56.83249443], [14.78831374, 56.83223594], [14.78843784, 56.83215531], [14.78885655, 56.83190084], [14.78888298, 56.8318867], [14.78933039, 56.83164727], [14.7898046, 56.83142379], [14.7899555, 56.83135776], [14.79045474, 56.83115121], [14.79097684, 56.83096247], [14.79151978, 56.83079219], [14.79167705, 56.83074772], [14.79223866, 56.83059659], [14.79281664, 56.83046525], [14.79340856, 56.83035422], [14.79357856, 56.83032747], [14.79418225, 56.83023721], [14.79479529, 56.83016807], [14.79541496, 56.8301204], [14.79559134, 56.83011234], [14.79621535, 56.83008623], [14.79684113, 56.83008178], [14.79746612, 56.83009914], [14.79808788, 56.83013805], [14.79826362, 56.83014911], [14.7988796, 56.83020957], [14.79896277, 56.83022075], [14.79933661, 56.83023114], [14.7993847, 56.83023283], [14.80000647, 56.83027173], [14.80005415, 56.83027594], [14.80030549, 56.8303006], [14.80082332, 56.83009035], [14.80492711, 56.82838694], [14.80545788, 56.8281722], [14.80775554, 56.82724882], [14.80792973, 56.82724406], [14.80798311, 56.82724271], [14.80802784, 56.82724152], [14.82000978, 56.82691787], [14.82199362, 56.82236239], [14.82283047, 56.8217193], [14.82303758, 56.82077164], [14.82313696, 56.82066661], [14.82315479, 56.82060888], [14.82316743, 56.82059461], [14.8233854, 56.82034882], [14.82346525, 56.82023118], [14.82350116, 56.82017832], [14.82243004, 56.81892418], [14.82216433, 56.81846725], [14.82214209, 56.81842887], [14.82211944, 56.81836219], [14.82191082, 56.81774843], [14.82182715, 56.81750229], [14.82180402, 56.81736816], [14.82176169, 56.8171211], [14.82173593, 56.81697187], [14.82173541, 56.81696809], [14.82161404, 56.81624218], [14.82142185, 56.81575517], [14.8213313, 56.8153981], [14.82115267, 56.81518551], [14.82094489, 56.81493821], [14.82085568, 56.81461303], [14.82080443, 56.81442559], [14.82053107, 56.81405604], [14.82046945, 56.81361009], [14.82045652, 56.81351675], [14.81867171, 56.81361701], [14.8180164, 56.81366797], [14.81765739, 56.81358562], [14.81828788, 56.81294146], [14.81836262, 56.81223208], [14.81925619, 56.8114992], [14.81942289, 56.81126644], [14.81964194, 56.81079126], [14.81987663, 56.81031923], [14.82001191, 56.81004719], [14.82034471, 56.80961734], [14.82042647, 56.80952144], [14.82073951, 56.80915426], [14.82081013, 56.80907137], [14.82152739, 56.80849881], [14.82157118, 56.80846384], [14.82127253, 56.80754088], [14.82125682, 56.80749235], [14.82036514, 56.80605073], [14.82010371, 56.80562784], [14.81995099, 56.80376853], [14.81979202, 56.80183341], [14.81936333, 56.79661103], [14.81935771, 56.79654249], [14.81555089, 56.79321476], [14.81298306, 56.79096984], [14.81277286, 56.79078611], [14.810322, 56.7886429], [14.80977441, 56.78797606], [14.80861945, 56.78656978], [14.80818231, 56.78603746], [14.80724863, 56.78269319], [14.8069241, 56.78160955], [14.80678629, 56.7816141], [14.80650019, 56.78156273], [14.80517638, 56.78105974], [14.8040652, 56.78064914], [14.80333389, 56.78037171], [14.80217212, 56.78055741], [14.80164902, 56.78066859], [14.80058173, 56.78087365], [14.79974772, 56.78103256], [14.79960852, 56.78104562], [14.79852142, 56.78103687], [14.79771776, 56.7810468], [14.79677684, 56.78105838], [14.79145801, 56.78105823], [14.7902129, 56.7835411], [14.78948603, 56.78462346], [14.78937879, 56.78478298], [14.7892593, 56.78496098], [14.78919424, 56.78505788], [14.78894368, 56.78543075], [14.78597274, 56.78623478], [14.7785012, 56.78876733], [14.7784705, 56.78877778], [14.77303593, 56.7906193], [14.77299184, 56.79063422], [14.77093519, 56.79133105], [14.76932606, 56.79187626], [14.76628965, 56.79140193], [14.76395697, 56.79103763], [14.76296671, 56.79001342], [14.76013463, 56.78708473], [14.75841615, 56.78530693], [14.75584121, 56.78364177], [14.75532468, 56.78346211], [14.75348308, 56.78282166], [14.75019292, 56.77365867], [14.74891814, 56.76996638], [14.74819558, 56.76793059], [14.74816738, 56.7678514], [14.74502804, 56.75900454], [14.74502831, 56.75900436], [14.75403688, 56.75363789], [14.75403675, 56.75363771], [14.75137262, 56.75037779], [14.74722162, 56.74973737], [14.74278919, 56.74900525], [14.74168308, 56.74823087], [14.74150034, 56.74811902], [14.74128466, 56.7480134], [14.74127526, 56.74800898], [14.74016598, 56.74748589], [14.73966431, 56.74734607], [14.7392911, 56.74727038], [14.73891755, 56.74720367], [14.73846483, 56.7470644], [14.73778718, 56.74681498], [14.73683753, 56.74640124], [14.73498371, 56.74567291], [14.7330964, 56.74543787], [14.73173389, 56.74281002], [14.73209234, 56.74275457], [14.7326684, 56.74334188], [14.73299209, 56.74362569], [14.73313833, 56.74383942], [14.73343009, 56.74402723], [14.73410911, 56.74365152], [14.73517144, 56.7435565], [14.73546932, 56.74341055], [14.73520369, 56.74314942], [14.73469923, 56.74274676], [14.73406588, 56.74261463], [14.73394032, 56.74246849], [14.73964859, 56.74164673], [14.74385982, 56.74370678], [14.74519525, 56.74367107], [14.74519759, 56.74362419], [14.74519977, 56.74358099], [14.74519992, 56.74357947], [14.7452372, 56.74323077], [14.74531155, 56.74292041], [14.74533163, 56.74254339], [14.74531357, 56.74162583], [14.74538887, 56.74093697], [14.74537115, 56.74058609], [14.74533888, 56.73995647], [14.74551559, 56.73958013], [14.74555265, 56.73940083], [14.7453619, 56.73918388], [14.74544719, 56.73904995], [14.74543355, 56.73893307], [14.74525807, 56.73877014], [14.74519492, 56.73867992], [14.74511711, 56.73852679], [14.74505651, 56.73833787], [14.74504505, 56.73814024], [14.74506221, 56.73811333], [14.74503254, 56.73799641], [14.74501943, 56.73786174], [14.74501984, 56.73786156], [14.74513465, 56.73782668], [14.74513452, 56.73782641], [14.7449401, 56.73711598], [14.74483301, 56.73682788], [14.74474334, 56.73649509], [14.74461863, 56.73626076], [14.74455438, 56.73621545], [14.74447493, 56.73612502], [14.7444803, 56.73590964], [14.744486, 56.73568528], [14.74450748, 56.73547892], [14.74461011, 56.73529104], [14.74461038, 56.73529095], [14.74474307, 56.7352023], [14.7447428, 56.7352023], [14.74377863, 56.73523122], [14.74373436, 56.73504242], [14.74372232, 56.73487164], [14.7436267, 56.73478118], [14.74358039, 56.73467312], [14.74360004, 56.73453869], [14.74355669, 56.73431387], [14.74341313, 56.73417813], [14.74305477, 56.73401724], [14.74305196, 56.73371831], [14.74305236, 56.73371813], [14.74418375, 56.73341165], [14.74418348, 56.73341138], [14.74418201, 56.73341012], [14.74405739, 56.73330442], [14.74405578, 56.73330298], [14.74405781, 56.73322214], [14.74402873, 56.73307837], [14.74383409, 56.73302309], [14.74359052, 56.73296744], [14.74349458, 56.73288595], [14.74356401, 56.73272487], [14.74356754, 56.73258125], [14.74345933, 56.73252013], [14.74317597, 56.73243161], [14.74292297, 56.73247448], [14.74281223, 56.73244874], [14.74271205, 56.7323764], [14.74263522, 56.73227906], [14.74253567, 56.7321743], [14.74236122, 56.73204415], [14.74229744, 56.73195043], [14.74214789, 56.73190296], [14.74200868, 56.73182318], [14.74192109, 56.73178321], [14.74183003, 56.73175581], [14.74170414, 56.73165998], [14.74164638, 56.73159321], [14.74163489, 56.73149977], [14.74154776, 56.73143106], [14.74141084, 56.73141065], [14.74124556, 56.73131995], [14.74111319, 56.7312259], [14.7410155, 56.73120387], [14.74080822, 56.73108605], [14.7406571, 56.73093618], [14.74067919, 56.73058611], [14.7405712, 56.7303969], [14.74060679, 56.73021931], [14.7405846, 56.72958521], [14.74069082, 56.7294834], [14.74075025, 56.72905256], [14.74083076, 56.72863335], [14.74086836, 56.72843717], [14.74158588, 56.72848762], [14.74297135, 56.72858488], [14.74336476, 56.72861776], [14.74741958, 56.72895559], [14.7509842, 56.72925253], [14.75100454, 56.72925418], [14.751282, 56.72927737], [14.75147816, 56.72928558], [14.75188046, 56.72928045], [14.75213234, 56.72927817], [14.75236196, 56.72923982], [14.75264103, 56.72918199], [14.75288679, 56.72914736], [14.75311305, 56.72910712], [14.7533912, 56.72910677], [14.75367264, 56.72909754], [14.75385624, 56.7290697], [14.75408227, 56.72904391], [14.75430823, 56.72902703], [14.75444577, 56.72901517], [14.75460879, 56.72904127], [14.75479033, 56.72914286], [14.75485133, 56.72939834], [14.75490616, 56.72954656], [14.75493754, 56.7297153], [14.75497832, 56.72986916], [14.75508006, 56.73009795], [14.7552452, 56.73031735], [14.7554355, 56.73060632], [14.75639946, 56.73044518], [14.75653568, 56.73051236], [14.75735738, 56.73140624], [14.75845436, 56.73170856], [14.75807353, 56.73235354], [14.75804837, 56.73266238], [14.75844194, 56.73280497], [14.75878383, 56.73285234], [14.75905784, 56.73299793], [14.75923458, 56.73311594], [14.75992642, 56.73287844], [14.76041972, 56.73274735], [14.7607033, 56.732724], [14.7607033, 56.73272365], [14.76072146, 56.73266602], [14.7607791, 56.73231178], [14.76077937, 56.73231178], [14.76347619, 56.73183765], [14.76853923, 56.73094732], [14.77106978, 56.73050226], [14.77135551, 56.73080926], [14.77154102, 56.73097577], [14.77171292, 56.73114171], [14.772138, 56.73133982], [14.77262177, 56.73154891], [14.77283043, 56.73158773], [14.77283828, 56.73158119], [14.7819431, 56.72387592], [14.7820823, 56.72375813], [14.78210938, 56.72373528], [14.7823718, 56.71616249], [14.78241883, 56.7148078], [14.78243014, 56.71448096], [14.78246312, 56.71352855], [14.78248704, 56.7128385], [14.78258821, 56.70991842], [14.78235273, 56.70945659], [14.78065, 56.7061164], [14.78060686, 56.70603189], [14.77735429, 56.70360373], [14.77541531, 56.70215611], [14.77431355, 56.70133351], [14.77233901, 56.6998591], [14.76800117, 56.6966196], [14.76659309, 56.69556785], [14.76605258, 56.69516399], [14.76504057, 56.69454618], [14.76463953, 56.69430138], [14.76435859, 56.69410046], [14.7641295, 56.69393933], [14.76391613, 56.69380528], [14.76366486, 56.69359722], [14.76349666, 56.69349577], [14.76327001, 56.69337776], [14.7631476, 56.69327468], [14.76287067, 56.69303774], [14.76156022, 56.6923032], [14.76153054, 56.69226928], [14.76147681, 56.69220747], [14.76114258, 56.69188051], [14.76088957, 56.69158981], [14.76072048, 56.69154583], [14.76054567, 56.69145145], [14.76040143, 56.69128896], [14.76010847, 56.69103761], [14.75997111, 56.69085357], [14.75985378, 56.6906535], [14.75983989, 56.69061556], [14.7598612, 56.69043938], [14.7595408, 56.690186], [14.7566248, 56.68788001], [14.75645645, 56.68772582], [14.75513168, 56.68692246], [14.75393961, 56.68623532], [14.75318553, 56.68586439], [14.75241472, 56.68566732], [14.75230562, 56.68563746], [14.7522345, 56.68562375], [14.75211727, 56.68560116], [14.75170793, 56.68551914], [14.75142359, 56.68544591], [14.75125948, 56.68536825], [14.75121158, 56.68534561], [14.74839198, 56.6835313], [14.74827598, 56.68346666], [14.74820783, 56.68329164], [14.74732294, 56.68080646], [14.74729995, 56.68074192], [14.74514342, 56.67468355], [14.74342444, 56.67001486], [14.74312553, 56.66915483], [14.73995861, 56.66064734], [14.73975482, 56.66009954], [14.74004022, 56.65953974], [14.74979154, 56.64040275], [14.72624575, 56.63022627], [14.72025409, 56.63071353], [14.7173089, 56.63313702], [14.7143614, 56.63195578], [14.71179764, 56.63317971], [14.71010424, 56.63845356], [14.70755232, 56.64008883], [14.70394723, 56.64236673], [14.6991978, 56.64279278], [14.69506584, 56.64451594], [14.69350727, 56.64931266], [14.68836787, 56.66001847], [14.68848967, 56.66785547], [14.69293036, 56.67262598], [14.69567328, 56.67345432], [14.68956932, 56.67555402], [14.68815162, 56.67563545], [14.68654822, 56.67576364], [14.68592598, 56.67364219], [14.67823588, 56.669763], [14.67676336, 56.66974787], [14.67663666, 56.66975868], [14.67647049, 56.66975816], [14.67632311, 56.66974844], [14.67616766, 56.66972243], [14.67600696, 56.66971178], [14.67584502, 56.66972043], [14.6757298, 56.66974141], [14.67566098, 56.66976468], [14.67544954, 56.66985081], [14.67532443, 56.6698944], [14.67438563, 56.66999336], [14.67432784, 56.66998575], [14.67419502, 56.66995568], [14.67406324, 56.66991608], [14.67392816, 56.66985249], [14.6732804, 56.66974705], [14.67323604, 56.66975825], [14.67326512, 56.66949218], [14.67107237, 56.66941518], [14.67098821, 56.67027222], [14.67088389, 56.67027653], [14.67036425, 56.67032249], [14.669982, 56.67032076], [14.66950306, 56.67036027], [14.66909883, 56.67042494], [14.66879597, 56.67045351], [14.66860215, 56.67046153], [14.66840708, 56.67044277], [14.66811554, 56.67034607], [14.66793807, 56.67033033], [14.66766644, 56.67032736], [14.66741394, 56.67033674], [14.66715503, 56.67037036], [14.66688302, 56.67042488], [14.6665897, 56.67050071], [14.6662677, 56.67057853], [14.66604093, 56.67066002], [14.66555719, 56.67090519], [14.66535782, 56.67103741], [14.66520032, 56.6711516], [14.66503528, 56.67126712], [14.66483788, 56.67135803], [14.66469964, 56.67139448], [14.66471106, 56.67144131], [14.66488235, 56.67139605], [14.6650942, 56.67129854], [14.6652648, 56.67117908], [14.66542176, 56.67106534], [14.66561639, 56.67093625], [14.66609135, 56.67069554], [14.66630664, 56.67061816], [14.66662352, 56.67054158], [14.66691441, 56.67046637], [14.66717847, 56.67041345], [14.66742619, 56.67038133], [14.66766847, 56.67037227], [14.66793082, 56.67037513], [14.66808651, 56.67038902], [14.66837831, 56.67048563], [14.66859812, 56.67050679], [14.66880594, 56.67049818], [14.66911715, 56.67046874], [14.66952043, 56.67040424], [14.66998767, 56.67036568], [14.67037045, 56.67036742], [14.67089346, 56.67032119], [14.67098378, 56.67031739], [14.67095114, 56.67064965], [14.67313158, 56.67071215], [14.67323049, 56.66980907], [14.67328672, 56.66979485], [14.67388839, 56.66989281], [14.67401676, 56.66995332], [14.67415996, 56.66999627], [14.67422294, 56.67001054], [14.67386107, 56.67004867], [14.67362405, 56.67167706], [14.66484528, 56.67199552], [14.66460659, 56.67200897], [14.66440964, 56.67316885], [14.66517724, 56.67314712], [14.66586118, 56.67596442], [14.6681979, 56.67666805], [14.67060073, 56.6773462], [14.67152905, 56.67762494], [14.66882561, 56.68080341], [14.66624034, 56.68342891], [14.66390396, 56.68680074], [14.66333333, 56.68746559], [14.66321862, 56.68834293], [14.6628799, 56.68903822], [14.6586873, 56.69639263], [14.66055381, 56.71233278], [14.65221018, 56.7205561], [14.65703086, 56.72661218], [14.65803191, 56.72783335], [14.65836762, 56.72832057], [14.66171208, 56.73328727], [14.66250102, 56.73452553], [14.6625641, 56.73463034], [14.66307399, 56.73544352], [14.665759, 56.73930542], [14.66665876, 56.7406167], [14.66619665, 56.74522481], [14.66559996, 56.74769544], [14.66565485, 56.74798319], [14.66572499, 56.74829811], [14.66590834, 56.74865016], [14.66605879, 56.74900185], [14.66612838, 56.74933465], [14.66621498, 56.74964979], [14.6662747, 56.749803], [14.66646479, 56.75041537], [14.66540108, 56.75045761], [14.66523641, 56.75049166], [14.66456953, 56.75054807], [14.66039274, 56.75080479], [14.65961445, 56.75711168], [14.66079649, 56.75747392], [14.66103601, 56.75765259], [14.6612572, 56.7578614], [14.6614433, 56.75813272], [14.66151715, 56.75834893], [14.66157468, 56.75856493], [14.66192423, 56.75883803], [14.66230481, 56.7591564], [14.66261745, 56.75954572], [14.66280475, 56.75979018], [14.66292848, 56.75997995], [14.6640877, 56.76135688], [14.66398557, 56.76280973], [14.66345893, 56.76381097], [14.66298535, 56.76468356], [14.6618, 56.76788803], [14.6616452, 56.76824069], [14.66045091, 56.76897209], [14.6554827, 56.77173446], [14.65584545, 56.77359574], [14.65748183, 56.77430147], [14.65754636, 56.77435572], [14.65766282, 56.77442825], [14.65774925, 56.77453825], [14.6577452, 56.77476099], [14.65770067, 56.77505719], [14.65769299, 56.77530867], [14.6577671, 56.77555695], [14.6579156, 56.77585952], [14.65803814, 56.77613866], [14.65809473, 56.77666704], [14.65826697, 56.77768392], [14.6573467, 56.7780555], [14.65691844, 56.78106789], [14.6557368, 56.78158739], [14.64940411, 56.78053287], [14.64922301, 56.78057646], [14.64624889, 56.7818136], [14.64400266, 56.78906425], [14.63819675, 56.79781339], [14.63685768, 56.80755463], [14.62004396, 56.80442787], [14.61983609, 56.80367329], [14.61989598, 56.80363961], [14.62004772, 56.80336217], [14.61976361, 56.80311017], [14.6191313, 56.80313393], [14.61866584, 56.80316268], [14.6183877, 56.80316049], [14.61826096, 56.80312893], [14.61811686, 56.80313137], [14.61752745, 56.80314654], [14.61705885, 56.80316441], [14.61675104, 56.80317272], [14.61632317, 56.80314239], [14.61499313, 56.80295937], [14.61431412, 56.8033638], [14.61382589, 56.8033869], [14.61329021, 56.80346716], [14.61296012, 56.80356701], [14.6122761, 56.80379878], [14.61149646, 56.80405683], [14.61067344, 56.80422645], [14.60804175, 56.80436193], [14.60763925, 56.80435868], [14.60667565, 56.80426933], [14.60540857, 56.80419896], [14.60491697, 56.8050418], [14.60488976, 56.80517609], [14.60393239, 56.80558362], [14.60365076, 56.80536033], [14.6032978, 56.8051149], [14.60297074, 56.80510326], [14.60243824, 56.80507031], [14.60192568, 56.80502844], [14.60172618, 56.80490645], [14.60131999, 56.80469111], [14.60082741, 56.80452364], [14.60028334, 56.80443666], [14.59976739, 56.80439836], [14.59908997, 56.80439475], [14.59831258, 56.80445854], [14.59775564, 56.80447749], [14.5972751, 56.80446103], [14.5957896, 56.80433587], [14.59473777, 56.80426626], [14.59448732, 56.80410072], [14.59353271, 56.80451896], [14.59357349, 56.80469361], [14.59358704, 56.80478896], [14.59353841, 56.80489101], [14.59344089, 56.80498016], [14.5926553, 56.80521283], [14.59235665, 56.80569383], [14.59205537, 56.80615507], [14.59168177, 56.80639834], [14.59100281, 56.80690503], [14.59063766, 56.80685533], [14.58688125, 56.80750251], [14.58508349, 56.80736172], [14.57086195, 56.80612037], [14.57086195, 56.80612046], [14.56374466, 56.81819324], [14.55991064, 56.83032366], [14.55633949, 56.84147017], [14.56937552, 56.84373678], [14.57227721, 56.84423115], [14.57497352, 56.843925], [14.57611554, 56.84399095], [14.57915096, 56.84415454], [14.57962668, 56.84337965], [14.580727, 56.84414017], [14.58101576, 56.84401709], [14.5811011, 56.84401253], [14.58128178, 56.84399257], [14.58138868, 56.84403128], [14.58155099, 56.84408302], [14.58221987, 56.8450263], [14.58445652, 56.84483293], [14.58550481, 56.84461438], [14.58715201, 56.84441208], [14.5872076, 56.84420074], [14.58675517, 56.84367236], [14.5867246, 56.84317115], [14.58717719, 56.843046], [14.58842266, 56.84251623], [14.58867081, 56.84239525], [14.58876209, 56.84262585], [14.58890814, 56.84277974], [14.5890704, 56.84293566], [14.58928119, 56.84311528], [14.58952337, 56.84323059], [14.58972708, 56.84331677], [14.58996324, 56.8434141], [14.59031317, 56.84354109], [14.59076165, 56.84376594], [14.59098431, 56.843987], [14.59106747, 56.84426967], [14.59122309, 56.84486173], [14.59134666, 56.84510878], [14.5915993, 56.84541984], [14.59180843, 56.84565513], [14.59211632, 56.84587153], [14.59230622, 56.8459864], [14.59254488, 56.84621658], [14.59269401, 56.84637586], [14.59278159, 56.84651492], [14.59283004, 56.8466464], [14.59284243, 56.84677578], [14.59291308, 56.84736531], [14.59293285, 56.84768684], [14.59292594, 56.84802427], [14.59292725, 56.84841392], [14.59289875, 56.84859858], [14.59282208, 56.84886177], [14.59273852, 56.84902434], [14.59262938, 56.84916527], [14.59250345, 56.84932034], [14.59245318, 56.84946703], [14.59247952, 56.84968098], [14.59248204, 56.84992152], [14.59230994, 56.84987156], [14.59232272, 56.85010145], [14.5923026, 56.85022336], [14.59228703, 56.85041175], [14.59228927, 56.85055359], [14.59235668, 56.85070856], [14.59246145, 56.85082082], [14.59262824, 56.85093723], [14.59280291, 56.85101244], [14.59300432, 56.85107903], [14.59330912, 56.85117316], [14.5933872, 56.85119183], [14.5934186, 56.85123882], [14.59341129, 56.85126385], [14.59333473, 56.85130447], [14.59325093, 56.85136474], [14.59325183, 56.85144378], [14.59329918, 56.8515034], [14.59343362, 56.85149926], [14.5936803, 56.85146736], [14.59379469, 56.85147914], [14.59385842, 56.85153719], [14.5939245, 56.8516275], [14.59399624, 56.85174486], [14.59412291, 56.85178371], [14.59426233, 56.85183168], [14.59439871, 56.85187236], [14.5944725, 56.85192505], [14.594513, 56.85199372], [14.5944689, 56.85204531], [14.59442019, 56.8521365], [14.59436792, 56.85224375], [14.59441689, 56.85235367], [14.5944862, 56.85244587], [14.59460632, 56.8525906], [14.59458274, 56.85272139], [14.59453228, 56.85287356], [14.59434777, 56.8530191], [14.59425085, 56.85307932], [14.59420876, 56.85317044], [14.5942045, 56.85331405], [14.59422756, 56.8534202], [14.59422141, 56.85351351], [14.59411413, 56.85359337], [14.59385745, 56.8538478], [14.59382217, 56.85414723], [14.59381147, 56.85428543], [14.59388628, 56.85451948], [14.59408137, 56.85457149], [14.59426966, 56.85462707], [14.59462008, 56.85474506], [14.594786, 56.85478072], [14.59494216, 56.85481985], [14.59535456, 56.8548325], [14.59545174, 56.85508647], [14.59531033, 56.85532223], [14.59533279, 56.85544626], [14.59539436, 56.85557966], [14.59547254, 56.85570252], [14.5955221, 56.85579627], [14.59558261, 56.8559656], [14.59557401, 56.85624922], [14.59561377, 56.85656192], [14.59564399, 56.85696971], [14.59573443, 56.85744811], [14.59576842, 56.85784522], [14.59572875, 56.85828826], [14.59571866, 56.85873526], [14.59567206, 56.85908128], [14.59562523, 56.85987441], [14.5954889, 56.86005091], [14.59523932, 56.86028391], [14.59506626, 56.86047987], [14.59486733, 56.86066839], [14.59466199, 56.86084781], [14.59447522, 56.8610616], [14.59442792, 56.86122097], [14.59442068, 56.86135199], [14.5944583, 56.8622751], [14.59436754, 56.86267648], [14.5943333, 56.86305316], [14.59421838, 56.86327473], [14.59428363, 56.86339386], [14.59441439, 56.86362117], [14.59472832, 56.86396871], [14.59489341, 56.86414799], [14.59505745, 56.86424993], [14.59515868, 56.86436935], [14.59520776, 56.86448287], [14.59524274, 56.86462507], [14.59523103, 56.86479551], [14.59519304, 56.86496928], [14.59509172, 56.86507072], [14.59499632, 56.86518834], [14.59488773, 56.86531131], [14.59477894, 56.86544138], [14.5946626, 56.86560546], [14.59456094, 56.86571408], [14.5945636, 56.86584334], [14.594625, 56.86673122], [14.59503171, 56.86707008], [14.59542693, 56.867446], [14.59573081, 56.86780123], [14.59577172, 56.86807145], [14.59582432, 56.86838671], [14.59573718, 56.86897941], [14.5955845, 56.86967771], [14.59535942, 56.87027824], [14.59518732, 56.87075696], [14.59488488, 56.8712057], [14.59443359, 56.87169438], [14.59427415, 56.87282613], [14.60512439, 56.87690312], [14.6083251, 56.87707765], [14.60845481, 56.87709404], [14.61623925, 56.87535029], [14.62230732, 56.8740496], [14.62505168, 56.87338656], [14.62633093, 56.87210831], [14.62621991, 56.87297132], [14.6262276, 56.8732585], [14.62661425, 56.87327088], [14.62682982, 56.87341308], [14.62730184, 56.87342446], [14.62759563, 56.87357812], [14.62819968, 56.87388916], [14.62828744, 56.87403017], [14.6284409, 56.87416105], [14.62864786, 56.87436789], [14.62869267, 56.87451577], [14.62861348, 56.87464281], [14.62852261, 56.87472113], [14.62850017, 56.87481448], [14.62853271, 56.8749299], [14.62856479, 56.87506508], [14.62857747, 56.87519105], [14.62851612, 56.87526604], [14.62837678, 56.87542856], [14.62841355, 56.87551337], [14.62846095, 56.87557675], [14.6285072, 56.87567434], [14.62848499, 56.87575861], [14.6283616, 56.87582767], [14.62823097, 56.87591648], [14.62819158, 56.87602764], [14.62825518, 56.87609475], [14.62830541, 56.87617259], [14.62832196, 56.87627701], [14.62827996, 56.87636473], [14.62829392, 56.87644408], [14.62833969, 56.87656314], [14.62837807, 56.87670382], [14.62826924, 56.8768323], [14.62810953, 56.87690646], [14.62800511, 56.87699911], [14.62794126, 56.87716221], [14.62796144, 56.87736383], [14.62798063, 56.87759777], [14.62800883, 56.87786426], [14.62740365, 56.87999934], [14.62754794, 56.8808783], [14.6269454, 56.88336592], [14.62740929, 56.88683064], [14.62847321, 56.88757194], [14.62758759, 56.88887904], [14.62538586, 56.88876432], [14.62487941, 56.88913043], [14.62333457, 56.89205936], [14.62250453, 56.89303409], [14.61725873, 56.89917324], [14.6156668, 56.90113045], [14.61566693, 56.90113054], [14.62176692, 56.90239134], [14.62339997, 56.90318237], [14.62465597, 56.90380347], [14.62597451, 56.90471441], [14.62842873, 56.90646646], [14.6285382, 56.90654134], [14.62991038, 56.90745536], [14.63028082, 56.90770552], [14.63039607, 56.90779883], [14.63057382, 56.90789869], [14.6311336, 56.90828135], [14.63148364, 56.90843184], [14.6329662, 56.90948259], [14.63329868, 56.90956036], [14.63344686, 56.9096675], [14.63373351, 56.90983469], [14.63403991, 56.910019], [14.63446193, 56.91028888], [14.63488738, 56.91055518], [14.63521134, 56.91081345], [14.63540661, 56.91105033], [14.63554617, 56.91133385], [14.63546794, 56.91141239], [14.63501708, 56.91169598], [14.63503273, 56.91195138], [14.63521466, 56.9135011], [14.63549546, 56.91400877], [14.63543836, 56.9141701], [14.6354031, 56.91436939], [14.63540246, 56.91450421], [14.63550568, 56.91468316], [14.63697911, 56.91458999], [14.63779178, 56.91452525], [14.63809376, 56.91452792], [14.63828774, 56.91450935], [14.63895494, 56.91437548], [14.63915585, 56.91435387], [14.63938954, 56.91433254], [14.63968795, 56.91434059], [14.64004087, 56.91439756], [14.64062926, 56.91448728], [14.64112529, 56.91459055], [14.64151744, 56.9146533], [14.64186453, 56.9146833], [14.64218286, 56.91468969], [14.64254472, 56.91466225], [14.64298341, 56.91458878], [14.64326723, 56.91453561], [14.64570035, 56.9149794], [14.64588548, 56.91516621], [14.64608234, 56.91528659], [14.64623702, 56.91538502], [14.64628086, 56.91557601], [14.64637481, 56.91585192], [14.64647867, 56.91596934], [14.65274957, 56.92017039], [14.65575933, 56.92219361], [14.6548701, 56.92298102], [14.65478723, 56.92312414], [14.65473834, 56.92322622], [14.65478364, 56.92336691], [14.65497409, 56.92360222], [14.65516602, 56.92389879], [14.65558933, 56.92460548], [14.65568025, 56.92476516], [14.65602762, 56.92521772], [14.65644709, 56.92553504], [14.65663407, 56.92572372], [14.6568295, 56.92620146], [14.65688943, 56.92867648], [14.65686849, 56.9287737], [14.65686862, 56.9287737], [14.65715027, 56.92892312], [14.65728258, 56.92900252], [14.65744225, 56.92900934], [14.65757026, 56.9291004], [14.65776808, 56.92914343], [14.65832778, 56.92963007], [14.65914792, 56.93008517], [14.65962393, 56.93030239], [14.66046953, 56.93086641], [14.66051303, 56.93089545], [14.66060649, 56.93095786], [14.66120872, 56.93093003]], [[14.64117278, 56.88902558], [14.64109295, 56.8890232], [14.64046838, 56.88899428], [14.63984848, 56.88894381], [14.63980088, 56.8889399], [14.63954335, 56.8889097], [14.63914807, 56.88887748], [14.63853515, 56.88880556], [14.63793191, 56.88871256], [14.63790137, 56.88870762], [14.6373101, 56.8885939], [14.63725001, 56.88857999], [14.63685003, 56.88850302], [14.63627331, 56.88836904], [14.63571317, 56.88821534], [14.63517203, 56.88804257], [14.63514464, 56.88803359], [14.63462466, 56.88784247], [14.63412786, 56.88763362], [14.63365641, 56.88740805], [14.6336327, 56.8873964], [14.63318834, 56.88715483], [14.63306122, 56.8870764], [14.63266013, 56.8869078], [14.63251452, 56.88683875], [14.63204308, 56.88661318], [14.63159874, 56.8863716], [14.63118337, 56.8861152], [14.6307986, 56.88584497], [14.63069028, 56.88576866], [14.63033757, 56.88548558], [14.63001854, 56.88519084], [14.62973441, 56.8848856], [14.62965542, 56.88479914], [14.62940724, 56.88448476], [14.62919608, 56.8841624], [14.62902275, 56.88383333], [14.62897604, 56.88374014], [14.62884133, 56.88340579], [14.62874563, 56.88306734], [14.62868948, 56.88272631], [14.62867677, 56.88262998], [14.62866027, 56.88228772], [14.62868355, 56.88194558], [14.62874646, 56.88160491], [14.62876839, 56.88150895], [14.62879399, 56.88142424], [14.62882401, 56.88126212], [14.62892641, 56.88092434], [14.62893546, 56.8808985], [14.62907677, 56.88056497], [14.62909015, 56.88053995], [14.62926997, 56.88021193], [14.62944106, 56.87995933], [14.62937217, 56.87971535], [14.62936498, 56.87968937], [14.62930882, 56.87934834], [14.62930638, 56.87932211], [14.62928988, 56.87897985], [14.62931315, 56.87863771], [14.62931562, 56.878607], [14.62946922, 56.87771483], [14.62953212, 56.87737415], [14.62954041, 56.87734301], [14.62964278, 56.87700523], [14.62978408, 56.87667162], [14.62979597, 56.87664542], [14.62997577, 56.8763174], [14.62999239, 56.87629203], [14.63020986, 56.87597094], [14.63046418, 56.87565804], [14.63048526, 56.87563377], [14.63077533, 56.87533023], [14.63080086, 56.87530713], [14.6308126, 56.87529656], [14.63050344, 56.87501092], [14.63048095, 56.87498741], [14.63019688, 56.87468218], [14.62994876, 56.87436779], [14.62993061, 56.87434313], [14.6297195, 56.87402077], [14.62970595, 56.87399531], [14.62953266, 56.87366624], [14.62939798, 56.8733318], [14.62938904, 56.87330573], [14.62931755, 56.87305277], [14.62890396, 56.87287882], [14.62843272, 56.87265323], [14.62839705, 56.87263534], [14.6279529, 56.87239375], [14.62792063, 56.87237407], [14.62750544, 56.87211766], [14.62712083, 56.87184741], [14.62709237, 56.87182613], [14.62673982, 56.87154304], [14.62671516, 56.87152034], [14.62639628, 56.87122558], [14.62611227, 56.87092034], [14.62608847, 56.87089233], [14.62584041, 56.87057794], [14.62565701, 56.87033192], [14.62564008, 56.87030663], [14.62542904, 56.86998426], [14.62524521, 56.86967275], [14.62517696, 56.86959935], [14.62492892, 56.86928495], [14.62490943, 56.86925903], [14.6246984, 56.86893666], [14.6246814, 56.86890535], [14.62450817, 56.86857627], [14.62417545, 56.86781855], [14.62404084, 56.86748419], [14.62403032, 56.86745371], [14.62401478, 56.86739906], [14.62386114, 56.86727563], [14.62364437, 56.86708222], [14.62332556, 56.86678747], [14.62329837, 56.86676026], [14.62301443, 56.866455], [14.62276642, 56.86614061], [14.62274746, 56.86611621], [14.62253647, 56.86579384], [14.62252198, 56.86576846], [14.62248708, 56.86570198], [14.6222815, 56.86563382], [14.6217619, 56.86544264], [14.62171527, 56.86542543], [14.62121885, 56.86521653], [14.62118182, 56.86519971], [14.62071073, 56.8649741], [14.62026671, 56.86473248], [14.62023282, 56.86471378], [14.61981777, 56.86445734], [14.61978727, 56.86443686], [14.6194028, 56.86416659], [14.61905039, 56.86388349], [14.61902383, 56.86386158], [14.61876818, 56.86362511], [14.61870907, 56.86360023], [14.618238, 56.8633746], [14.61779402, 56.86313298], [14.61766976, 56.86306434], [14.61725475, 56.86280789], [14.61702701, 56.86264785], [14.61698599, 56.86262545], [14.61684661, 56.86256682], [14.61680878, 56.86255045], [14.61633774, 56.86232481], [14.61630304, 56.86230647], [14.61585908, 56.86206484], [14.61544409, 56.86180839], [14.61541279, 56.86178826], [14.61502838, 56.86151798], [14.61500088, 56.86149625], [14.61464852, 56.86121313], [14.61432982, 56.86091834], [14.61430237, 56.86089149], [14.61401855, 56.86058622], [14.61357035, 56.86009074], [14.61354778, 56.86006246], [14.6132999, 56.85974805], [14.6131223, 56.85947651], [14.61309171, 56.85946671], [14.61304428, 56.85945031], [14.6125248, 56.85925909], [14.61202851, 56.85905016], [14.61199068, 56.85903405], [14.61151971, 56.8588084], [14.61148488, 56.85879033], [14.61104099, 56.85854868], [14.61062608, 56.85829221], [14.61059464, 56.85827235], [14.6102103, 56.85800205], [14.61018253, 56.85798068], [14.60983024, 56.85769755], [14.60951161, 56.85740275], [14.60948778, 56.85737995], [14.60938788, 56.85727248], [14.60904875, 56.85720711], [14.60847262, 56.857073], [14.60831418, 56.85703029], [14.60775462, 56.85687647], [14.60721405, 56.85670358], [14.60669465, 56.85651233], [14.6065545, 56.85645342], [14.60605828, 56.85624446], [14.60558739, 56.85601879], [14.60514358, 56.85577712], [14.60508527, 56.85574109], [14.60495927, 56.85568806], [14.60448839, 56.85546238], [14.60445247, 56.85544475], [14.60400867, 56.85520308], [14.60397602, 56.85518358], [14.60356119, 56.85492708], [14.60317693, 56.85465676], [14.60314795, 56.85463565], [14.60279574, 56.8543525], [14.6027707, 56.85432997], [14.60245216, 56.85403515], [14.60216848, 56.85372985], [14.60214764, 56.85370598], [14.60189989, 56.85339154], [14.60188325, 56.8533667], [14.60167251, 56.85304429], [14.60149956, 56.85271518], [14.60148753, 56.85268963], [14.60135317, 56.85235517], [14.6012578, 56.85201678], [14.60125051, 56.85199071], [14.60119465, 56.85164967], [14.60119195, 56.85162325], [14.60117572, 56.85128099], [14.60119923, 56.85093885], [14.60120127, 56.85091245], [14.60126438, 56.85057178], [14.60127115, 56.85054558], [14.60137371, 56.85020782], [14.60151515, 56.84987424], [14.60152845, 56.84984428], [14.60175061, 56.84943343], [14.60193052, 56.84910545], [14.60194908, 56.84907658], [14.60216663, 56.84875554], [14.602421, 56.8484427], [14.60244099, 56.84841896], [14.60273108, 56.84811549], [14.60275539, 56.84809284], [14.6030801, 56.84780007], [14.60343821, 56.84751918], [14.60346629, 56.84749807], [14.60385616, 56.84723021], [14.60388786, 56.84721055], [14.604308, 56.8469567], [14.60475676, 56.84671786], [14.60479183, 56.84670009], [14.60526732, 56.84647741], [14.60528361, 56.84647063], [14.60558348, 56.84618469], [14.60590816, 56.84589192], [14.60593912, 56.84586552], [14.60629719, 56.84558462], [14.60632769, 56.8455636], [14.60671753, 56.84529573], [14.60713762, 56.84504188], [14.60717189, 56.84502258], [14.60762061, 56.84478373], [14.60809606, 56.84456103], [14.60813355, 56.84454372], [14.60863396, 56.8443379], [14.6086744, 56.84432276], [14.6091976, 56.84413478], [14.60974155, 56.84396529], [14.60978467, 56.8439524], [14.61034721, 56.84380209], [14.61039233, 56.84379154], [14.61097101, 56.84366104], [14.61156381, 56.84355088], [14.61161066, 56.84354295], [14.612215, 56.84345357], [14.61282858, 56.84338532], [14.61287675, 56.84337999], [14.61349687, 56.84333323], [14.61354556, 56.84333051], [14.61416991, 56.84330531], [14.61479593, 56.84330177], [14.614845, 56.84330183], [14.61547012, 56.8433201], [14.61551902, 56.84332268], [14.61572611, 56.84333589], [14.61586035, 56.84332094], [14.61604952, 56.84330131], [14.61666963, 56.84325454], [14.61673509, 56.84325133], [14.61735944, 56.84322611], [14.61798545, 56.84322255], [14.61818441, 56.84322388], [14.61880953, 56.84324214], [14.61943133, 56.84328194], [14.62004723, 56.84334327], [14.6202253, 56.84336456], [14.62083288, 56.84344716], [14.62142971, 56.84355064], [14.62201335, 56.84367457], [14.62217988, 56.84371513], [14.62274792, 56.84385912], [14.622868, 56.84389478], [14.62292304, 56.84389261], [14.62309079, 56.84387992], [14.62371514, 56.84385467], [14.62389134, 56.84384829], [14.62451736, 56.84384469], [14.6251425, 56.84386292], [14.62576431, 56.84390269], [14.62593937, 56.84391516], [14.62655529, 56.84397646], [14.62716289, 56.84405903], [14.62775975, 56.84416248], [14.62792692, 56.84419352], [14.6285106, 56.84431741], [14.62907867, 56.84446137], [14.62937209, 56.84454847], [14.62937452, 56.84454848], [14.63000056, 56.84454486], [14.63062571, 56.84456305], [14.63067436, 56.84456481], [14.63129618, 56.84460456], [14.63134426, 56.84460892], [14.63196034, 56.8446702], [14.63256783, 56.84475273], [14.63261494, 56.8447597], [14.63321182, 56.84486313], [14.63325741, 56.84487269], [14.63384112, 56.84499656], [14.63440922, 56.8451405], [14.63445277, 56.84515239], [14.63500298, 56.84531568], [14.63553328, 56.84549776], [14.63557464, 56.84551199], [14.6360826, 56.84571215], [14.6361211, 56.84572861], [14.63660497, 56.84594585], [14.6370626, 56.84617955], [14.63709784, 56.84619797], [14.63752761, 56.84644703], [14.63755945, 56.84646725], [14.63795935, 56.84673068], [14.6383279, 56.84700749], [14.63835594, 56.8470294], [14.63869166, 56.84731842], [14.6387155, 56.84734175], [14.63901705, 56.84764182], [14.63928309, 56.84795183], [14.63930273, 56.84797632], [14.63953247, 56.84829486], [14.6395475, 56.84832023], [14.63973972, 56.84864611], [14.63981694, 56.8488125], [14.64000479, 56.84897418], [14.64030636, 56.84927423], [14.64057243, 56.84958425], [14.64064432, 56.84967257], [14.64087407, 56.8499911], [14.64106631, 56.85031698], [14.64122037, 56.85064885], [14.64125935, 56.8507431], [14.64137457, 56.85107962], [14.64145068, 56.85141945], [14.64148716, 56.85176132], [14.64149178, 56.85185798], [14.64148851, 56.85220036], [14.64144549, 56.852542], [14.64136288, 56.85288137], [14.64133024, 56.85298546], [14.64120859, 56.85332131], [14.64104817, 56.85365228], [14.64095513, 56.85383794], [14.64075664, 56.8541627], [14.64068768, 56.85426121], [14.64045181, 56.8545784], [14.64017977, 56.85488686], [14.6398724, 56.85518517], [14.63977818, 56.85526699], [14.63943684, 56.85555406], [14.63916108, 56.85575652], [14.63919913, 56.85576454], [14.63936308, 56.8558004], [14.63993137, 56.85594431], [14.64048176, 56.85610757], [14.64101224, 56.85628963], [14.64117395, 56.85634713], [14.64119429, 56.85635519], [14.64121847, 56.85635759], [14.64182631, 56.85644008], [14.6424234, 56.85654347], [14.64259064, 56.85657431], [14.64286998, 56.85663358], [14.64336303, 56.85670047], [14.64339382, 56.85670496], [14.64399092, 56.85680833], [14.64457485, 56.85693215], [14.64464769, 56.85695059], [14.64466969, 56.85695533], [14.64512113, 56.85690496], [14.64574143, 56.85685804], [14.64612015, 56.85683262], [14.6467447, 56.85680726], [14.64679285, 56.85680659], [14.64741909, 56.85680288], [14.64804445, 56.85682099], [14.64866651, 56.85686065], [14.64869785, 56.8568637], [14.64931402, 56.85692489], [14.64941909, 56.8569392], [14.64966091, 56.85696314], [14.64969211, 56.85696646], [14.65029998, 56.85704891], [14.65045294, 56.85707538], [14.65083683, 56.85703254], [14.65086822, 56.85702966], [14.65148852, 56.85698271], [14.65211307, 56.85695733], [14.65273932, 56.85695359], [14.65277109, 56.85695413], [14.65338131, 56.85697172], [14.653814, 56.85676885], [14.65390725, 56.8567304], [14.65417941, 56.85661843], [14.65423004, 56.85659755], [14.65431433, 56.85656284], [14.65483747, 56.85637468], [14.65486486, 56.85636569], [14.65493484, 56.85634378], [14.6549842, 56.85631401], [14.65500676, 56.85630168], [14.65545531, 56.85606265], [14.65572475, 56.8559363], [14.65593062, 56.85583977], [14.65628298, 56.85569469], [14.65643092, 56.85563375], [14.65645738, 56.85562404], [14.65698049, 56.85543587], [14.65752439, 56.85526616], [14.65808691, 56.85511564], [14.65811618, 56.85510889], [14.65869487, 56.85497817], [14.65928771, 56.85486779], [14.65989212, 56.85477818], [14.66050579, 56.8547097], [14.66053706, 56.85470628], [14.6611573, 56.85465928], [14.66178181, 56.85463385], [14.66240802, 56.85463006], [14.66245602, 56.85463001], [14.66308135, 56.85464805], [14.66346598, 56.85466831], [14.66408801, 56.85470789], [14.66470418, 56.854769], [14.66475132, 56.85477407], [14.66535918, 56.85485645], [14.6659046, 56.85495078], [14.66620389, 56.85495939], [14.66638016, 56.85496552], [14.6670022, 56.85500509], [14.6676185, 56.85506619], [14.66822624, 56.85514855], [14.66832428, 56.85516292], [14.6684383, 56.85517418], [14.66904604, 56.85525654], [14.66964319, 56.85535979], [14.66967302, 56.8553658], [14.67025701, 56.8554895], [14.6705862, 56.85557282], [14.67112899, 56.85556949], [14.67130542, 56.85557247], [14.67193077, 56.85559046], [14.67255283, 56.85562999], [14.67316902, 56.85569107], [14.67334096, 56.8557129], [14.67394885, 56.85579523], [14.67454602, 56.85589846], [14.67513004, 56.85602214], [14.67529087, 56.85606181], [14.6758593, 56.85620556], [14.67640986, 56.85636866], [14.67694051, 56.85655057], [14.67709738, 56.85661196], [14.67760571, 56.85681196], [14.67808997, 56.85702904], [14.67818437, 56.85707419], [14.67864239, 56.85730774], [14.67907256, 56.85755665], [14.67920456, 56.85763352], [14.67960487, 56.85789682], [14.67997384, 56.85817351], [14.68030998, 56.85846242], [14.68040353, 56.8585444], [14.68070551, 56.85884436], [14.68097197, 56.85915428], [14.68120213, 56.85947274], [14.68126451, 56.85956317], [14.68145715, 56.85988899], [14.68161161, 56.86022081], [14.68172722, 56.8605573], [14.68175643, 56.86065267], [14.68183293, 56.86099247], [14.68186978, 56.86133433], [14.68186688, 56.86167671], [14.68186146, 56.86177334], [14.6818188, 56.862115], [14.68173653, 56.86245439], [14.68161521, 56.86279028], [14.68157546, 56.86288449], [14.68141536, 56.86321551], [14.68121717, 56.86354033], [14.68098157, 56.8638576], [14.68097652, 56.86386378], [14.68094888, 56.86390099], [14.68087467, 56.86399125], [14.6806029, 56.8642998], [14.68029578, 56.8645982], [14.67995466, 56.86488538], [14.67994282, 56.86489451], [14.67985664, 56.86499228], [14.6795495, 56.86529068], [14.67953082, 56.8653086], [14.67946843, 56.8653926], [14.67919664, 56.86570106], [14.67888949, 56.86599954], [14.67880167, 56.86608339], [14.67846053, 56.86637056], [14.67808676, 56.86664534], [14.67786696, 56.86678714], [14.67780027, 56.86683619], [14.67739536, 56.86709742], [14.67737482, 56.86711066], [14.67694027, 56.86735734], [14.67647813, 56.86758851], [14.67599001, 56.86780308], [14.67596503, 56.86781397], [14.67545312, 56.86801132], [14.67491918, 56.86819047], [14.67436564, 56.8683507], [14.67432307, 56.86836272], [14.67411228, 56.86841462], [14.67375485, 56.86859342], [14.67326671, 56.86880798], [14.67275477, 56.86900532], [14.67272777, 56.86901459], [14.6721938, 56.86919373], [14.67164024, 56.86935395], [14.67106913, 56.86949472], [14.67103945, 56.86950093], [14.67045309, 56.86962154], [14.66985393, 56.86972163], [14.66924452, 56.86980076], [14.66921312, 56.86980373], [14.66859551, 56.86986156], [14.66797255, 56.86989781], [14.66761902, 56.86990612], [14.66742483, 56.86994602], [14.66704973, 56.87015897], [14.66692643, 56.87022816], [14.66646419, 56.87045929], [14.66597598, 56.87067382], [14.66546397, 56.87087113], [14.66531847, 56.87092589], [14.66478444, 56.871105], [14.66423082, 56.87126518], [14.66408007, 56.87130232], [14.66414914, 56.87161014], [14.66417405, 56.87177341], [14.66421076, 56.87211527], [14.66420769, 56.87245765], [14.66416486, 56.8727993], [14.6641162, 56.87300611], [14.66409522, 56.87317338], [14.66401276, 56.87351277], [14.66398768, 56.87359489], [14.66386616, 56.87393075], [14.66370585, 56.87426175], [14.66365858, 56.8743439], [14.66346017, 56.87466869], [14.66322436, 56.87498592], [14.66295236, 56.87529435], [14.66288063, 56.87537373], [14.66257327, 56.87567209], [14.66248665, 56.87575144], [14.66214529, 56.87603856], [14.66204409, 56.87611383], [14.6616701, 56.87638856], [14.66155646, 56.87646379], [14.66115133, 56.87672496], [14.66102553, 56.87679746], [14.66078049, 56.87694967], [14.66062222, 56.87706592], [14.66061106, 56.87707307], [14.66021708, 56.87732709], [14.66011237, 56.87738662], [14.65967759, 56.87763325], [14.65963721, 56.87765407], [14.65917483, 56.87788517], [14.65868649, 56.87809967], [14.65864873, 56.87811564], [14.65813659, 56.87831292], [14.65809627, 56.87832683], [14.6575621, 56.8785059], [14.65729581, 56.87858286], [14.65718296, 56.87889432], [14.65702257, 56.87922531], [14.65700881, 56.87925051], [14.65681032, 56.87957529], [14.65657442, 56.87989251], [14.65655634, 56.8799168], [14.65628425, 56.8802253], [14.65626185, 56.88024859], [14.6559544, 56.88054693], [14.65561295, 56.88083404], [14.6555865, 56.88085597], [14.65521242, 56.88113069], [14.65518219, 56.88115108], [14.65516804, 56.8811602], [14.65516721, 56.88116182], [14.6551521, 56.88118657], [14.65495358, 56.88151134], [14.65471765, 56.88182856], [14.65469822, 56.8818524], [14.65463696, 56.88192193], [14.65452102, 56.88224181], [14.65450929, 56.8822672], [14.65434886, 56.88259819], [14.65415034, 56.88292296], [14.65413401, 56.88294762], [14.65400973, 56.8831147], [14.65389869, 56.88334379], [14.65388614, 56.88336881], [14.6536876, 56.88369358], [14.65367074, 56.88371779], [14.65343478, 56.884035], [14.65316264, 56.8843435], [14.65314145, 56.88436679], [14.65283394, 56.88466512], [14.65280897, 56.88468715], [14.65246747, 56.88497425], [14.65216253, 56.88519804], [14.65202468, 56.8853834], [14.65175251, 56.88569189], [14.65167093, 56.88577753], [14.6513634, 56.88607586], [14.65102186, 56.88636295], [14.65064769, 56.88663765], [14.6505371, 56.88671297], [14.65013179, 56.88697411], [14.64969683, 56.8872207], [14.64923427, 56.88745176], [14.64909903, 56.88751381], [14.6486105, 56.88772827], [14.64809818, 56.88792551], [14.64756382, 56.88810454], [14.6474091, 56.88815098], [14.64685516, 56.8883111], [14.64628366, 56.88845175], [14.64592216, 56.888526], [14.64554193, 56.88861959], [14.64495519, 56.88874008], [14.64435564, 56.88884005], [14.64432475, 56.88884427], [14.64371498, 56.88892328], [14.64309702, 56.88898098], [14.64247372, 56.8890171], [14.64242566, 56.88901831], [14.64179946, 56.88903286], [14.64117278, 56.88902558]]]}, "properties": {"deso": "0780A0030", "pop": 2231.0, "income": 377.1, "male_frac": 0.5193, "child_frac": 0.1856, "elder_frac": 0.2232, "dependency": 0.6914, "needZ": -0.0388, "needZ_v1": -0.0617, "regso": "0780R013", "higher_ed": 59.3, "neet": 7.6, "income_support": 0.1}}, {"type": "Feature", "geometry": {"type": "Polygon", "coordinates": [[[14.84662366, 56.937706], [14.84724758, 56.93766886], [14.84786589, 56.93761016], [14.84794507, 56.93760145], [14.84855533, 56.93752144], [14.84915511, 56.9374205], [14.84974196, 56.93729905], [14.84990499, 56.93726179], [14.85047646, 56.93712021], [14.85103026, 56.93695919], [14.85156434, 56.9367793], [14.85171104, 56.9367254], [14.85222296, 56.93652733], [14.85271097, 56.93631207], [14.85317287, 56.93608026], [14.8532974, 56.93601169], [14.85373145, 56.9357644], [14.85413601, 56.9355026], [14.85450917, 56.9352273], [14.85461589, 56.9351394], [14.8549563, 56.93485175], [14.85526247, 56.93455292], [14.85526724, 56.93454799], [14.85553821, 56.93423915], [14.85561162, 56.93414151], [14.85584604, 56.93382392], [14.85604323, 56.93349882], [14.85620209, 56.93316758], [14.85623605, 56.93307277], [14.85635604, 56.93273672], [14.85639942, 56.9325548], [14.85666403, 56.93245235], [14.85715195, 56.93223708], [14.8571886, 56.93221978], [14.85765042, 56.93198795], [14.85790502, 56.93184283], [14.8583664, 56.93172856], [14.85892008, 56.93156752], [14.85945405, 56.93138759], [14.85956245, 56.93134936], [14.86007426, 56.93115125], [14.86056214, 56.93093596], [14.86102393, 56.93070412], [14.86111638, 56.93065518], [14.86155032, 56.93040786], [14.8618453, 56.93021678], [14.86190084, 56.93021927], [14.86194906, 56.93022103], [14.86257647, 56.9302272], [14.86262485, 56.93022644], [14.86325166, 56.93021078], [14.86387543, 56.93017356], [14.86392327, 56.9301702], [14.86454143, 56.93011141], [14.8645886, 56.93010553], [14.86519871, 56.93002545], [14.86579832, 56.92992442], [14.86584415, 56.92991603], [14.86643082, 56.9297945], [14.86647489, 56.92978368], [14.86704619, 56.92964202], [14.8675998, 56.92948093], [14.86764171, 56.92946777], [14.86817561, 56.9292878], [14.86868734, 56.92908967], [14.86872682, 56.92907435], [14.86921463, 56.92885903], [14.869251, 56.92884173], [14.86971271, 56.92860985], [14.87014657, 56.9283625], [14.87017969, 56.92834322], [14.87058405, 56.92808137], [14.87061366, 56.92806048], [14.87098663, 56.92778512], [14.87132685, 56.92749743], [14.87135254, 56.92747509], [14.87165852, 56.92717622], [14.87168, 56.92715253], [14.87195079, 56.92684357], [14.87218503, 56.92652594], [14.87219265, 56.92651508], [14.87238965, 56.92618996], [14.87254833, 56.9258587], [14.87266815, 56.92552263], [14.87274882, 56.92518311], [14.87278968, 56.9248414], [14.87279084, 56.92449901], [14.87275232, 56.92415722], [14.87274978, 56.92414644], [14.87278207, 56.92401057], [14.87282293, 56.92366886], [14.87282342, 56.92352497], [14.87286561, 56.92334762], [14.87290646, 56.92300591], [14.87291253, 56.92293442], [14.87294125, 56.92281355], [14.87301437, 56.92266076], [14.87313417, 56.92232469], [14.87321484, 56.92198517], [14.87325568, 56.92164346], [14.87325685, 56.92130107], [14.87325334, 56.92125553], [14.87321481, 56.92091374], [14.87313646, 56.92057405], [14.87301894, 56.92023775], [14.87286254, 56.91990616], [14.87266779, 56.91958064], [14.87243577, 56.91926254], [14.87216716, 56.91895302], [14.8718633, 56.91865353], [14.87152514, 56.91836514], [14.87149852, 56.91834535], [14.87163385, 56.91806274], [14.87175365, 56.91772668], [14.87183432, 56.91738716], [14.87187517, 56.91704544], [14.87187635, 56.91670306], [14.87183784, 56.91636126], [14.87178886, 56.9161487], [14.87197323, 56.91593818], [14.87213138, 56.91575071], [14.87236554, 56.91543308], [14.87242969, 56.91532734], [14.8725067, 56.91522278], [14.87258695, 56.91516359], [14.87292704, 56.91487589], [14.87323291, 56.91457701], [14.87330087, 56.91450262], [14.87351121, 56.91429706], [14.87378189, 56.91398818], [14.87381454, 56.91394412], [14.87404868, 56.91362649], [14.87407782, 56.91357837], [14.87408407, 56.91357443], [14.87445687, 56.91329906], [14.87479693, 56.91301136], [14.87510277, 56.91271248], [14.87512071, 56.91269211], [14.87512967, 56.91268691], [14.87553382, 56.91242504], [14.87556287, 56.91240504], [14.87593565, 56.91212967], [14.87596118, 56.91210823], [14.87630122, 56.91182052], [14.87660704, 56.91152164], [14.87662864, 56.91149903], [14.87689928, 56.91119005], [14.87691696, 56.91116635], [14.87715105, 56.91084872], [14.87734793, 56.91052359], [14.87736142, 56.91049908], [14.87751999, 56.91016781], [14.87752901, 56.91014276], [14.87764873, 56.90980669], [14.87772932, 56.90946717], [14.87773415, 56.90944175], [14.87777494, 56.90910004], [14.87777529, 56.90907444], [14.87777641, 56.90873205], [14.87773785, 56.90839026], [14.87773374, 56.90836475], [14.87765537, 56.90802507], [14.87764531, 56.90799578], [14.87752779, 56.90765947], [14.87738387, 56.90732413], [14.87722749, 56.90699255], [14.87721336, 56.90696532], [14.87701864, 56.90663981], [14.87700287, 56.90661716], [14.8767709, 56.90629906], [14.87650234, 56.90598955], [14.87648278, 56.90596798], [14.87617899, 56.9056684], [14.87615226, 56.90564422], [14.87581419, 56.90535583], [14.87578961, 56.90533578], [14.87552215, 56.90502762], [14.87521837, 56.90472813], [14.87519475, 56.90470601], [14.87485669, 56.90441763], [14.87482928, 56.90439685], [14.87450974, 56.90415896], [14.87433346, 56.90395589], [14.87430702, 56.90392865], [14.87400326, 56.90362916], [14.87366522, 56.90334077], [14.87363863, 56.90331874], [14.87326779, 56.90304262], [14.87323739, 56.90302211], [14.87299045, 56.90286082], [14.87278077, 56.90265411], [14.87244274, 56.90236572], [14.87241628, 56.90234369], [14.87204546, 56.90206757], [14.8720152, 56.90204706], [14.87161293, 56.90178437], [14.87118111, 56.90153612], [14.87114719, 56.90151732], [14.87068743, 56.90128448], [14.87064431, 56.90126477], [14.87015837, 56.90104843], [14.87003643, 56.90099809], [14.86952647, 56.90079889], [14.86948388, 56.90078285], [14.86895166, 56.90060176], [14.86891299, 56.90058996], [14.86836095, 56.9004277], [14.8677911, 56.90028483], [14.86775066, 56.90027491], [14.86716532, 56.90015213], [14.86711635, 56.90014292], [14.86651794, 56.90004061], [14.86599055, 56.89995579], [14.86561577, 56.89989548], [14.86524087, 56.89983517], [14.86488612, 56.89977811], [14.86427709, 56.89969671], [14.86422337, 56.89968955], [14.86420781, 56.89968792], [14.8641959, 56.89968674], [14.86413906, 56.89968039], [14.86352184, 56.89962026], [14.86289885, 56.89958167], [14.86285175, 56.89957902], [14.86222557, 56.89956198], [14.86217819, 56.89956175], [14.86155125, 56.89956653], [14.86092613, 56.89959296], [14.86087888, 56.89959516], [14.86025814, 56.89964315], [14.86021155, 56.89964803], [14.8595975, 56.89971741], [14.85899285, 56.89980798], [14.85894734, 56.89981511], [14.85835451, 56.89992645], [14.85830303, 56.89993752], [14.8577242, 56.90006917], [14.85728259, 56.90017842], [14.85692364, 56.9002672], [14.85656482, 56.90035589], [14.8562373, 56.90043689], [14.85603633, 56.90049091], [14.8560375, 56.90018589], [14.85599915, 56.89984409], [14.85599413, 56.89981354], [14.85591597, 56.89947385], [14.85568679, 56.89855951], [14.85567648, 56.89852923], [14.85555919, 56.8981929], [14.85540304, 56.89786129], [14.8553896, 56.89783604], [14.85519512, 56.89751049], [14.85496338, 56.89719235], [14.85494547, 56.8971679], [14.85467716, 56.89685844], [14.85465492, 56.89683506], [14.85435138, 56.89653543], [14.85434666, 56.89653138], [14.853472, 56.89751791], [14.84748074, 56.89892457], [14.84768848, 56.89943652], [14.84820159, 56.90002815], [14.84929246, 56.90110235], [14.84962233, 56.90141657], [14.84968975, 56.90205714], [14.84975088, 56.90237652], [14.84974008, 56.90250522], [14.84932978, 56.90323072], [14.84920317, 56.90350577], [14.84915684, 56.90391565], [14.84976829, 56.90549323], [14.8501465, 56.90632719], [14.85038675, 56.90712704], [14.85042469, 56.90725355], [14.85059832, 56.90720948], [14.85096634, 56.90714229], [14.8510748, 56.9071064], [14.85121208, 56.90636278], [14.85840046, 56.90660223], [14.85871681, 56.9064428], [14.85923757, 56.90604388], [14.85938103, 56.90598763], [14.85958588, 56.9059196], [14.85978272, 56.90585399], [14.86051604, 56.90559757], [14.86202126, 56.90522542], [14.86202912, 56.90522336], [14.86208784, 56.90523294], [14.86373477, 56.90549783], [14.86386888, 56.90555312], [14.86432935, 56.90574323], [14.86438897, 56.90576844], [14.86441344, 56.90577799], [14.86501733, 56.90633542], [14.86546592, 56.90686125], [14.8661892, 56.90747513], [14.86629404, 56.90761563], [14.86652084, 56.90791945], [14.86655952, 56.9079715], [14.86659334, 56.90801689], [14.86725869, 56.90856019], [14.86740601, 56.90890363], [14.86594693, 56.90941144], [14.8658585, 56.90945158], [14.86548036, 56.90962335], [14.86441343, 56.90892126], [14.86437088, 56.90889319], [14.864046, 56.90867862], [14.8637684, 56.90849536], [14.86349095, 56.9083121], [14.86321336, 56.90812893], [14.86293604, 56.90794566], [14.86265846, 56.9077624], [14.86238115, 56.90757923], [14.86210357, 56.90739596], [14.86182613, 56.90721269], [14.86154855, 56.90702943], [14.86148574, 56.90698894], [14.86001462, 56.90767378], [14.85983853, 56.90779843], [14.85969481, 56.90799371], [14.8596253, 56.90822447], [14.85913459, 56.90980408], [14.85908983, 56.91021962], [14.85908069, 56.91063466], [14.85908143, 56.91126509], [14.85907174, 56.91164474], [14.85902928, 56.91212971], [14.85893562, 56.91236897], [14.85833073, 56.91385998], [14.85813252, 56.9142387], [14.85773053, 56.91464189], [14.85694198, 56.91501661], [14.85692708, 56.91501704], [14.85670757, 56.91536555], [14.85736321, 56.91742286], [14.85707141, 56.91740214], [14.85706706, 56.91715783], [14.85705607, 56.91712728], [14.85705452, 56.91710904], [14.85706746, 56.91709038], [14.85709568, 56.91707828], [14.85711576, 56.91706753], [14.85712883, 56.91704967], [14.85713497, 56.9170018], [14.85711966, 56.91696801], [14.85708704, 56.91692891], [14.85703481, 56.91687998], [14.85700564, 56.91685678], [14.85696821, 56.91683482], [14.85693537, 56.91681745], [14.85691092, 56.91679865], [14.85687561, 56.91675271], [14.85685086, 56.91670885], [14.85683248, 56.91666482], [14.85680673, 56.91663228], [14.85677804, 56.91659075], [14.85672404, 56.91654533], [14.85664966, 56.91648219], [14.85660202, 56.91643776], [14.8565755, 56.91639615], [14.85655607, 56.91634071], [14.85653423, 56.91628069], [14.85650606, 56.91624598], [14.85636067, 56.91615726], [14.85628149, 56.9161101], [14.85622254, 56.91608201], [14.85615751, 56.91605283], [14.85596893, 56.91599711], [14.85592492, 56.91599598], [14.85588602, 56.91600384], [14.85584585, 56.91602427], [14.85577648, 56.91606712], [14.85573862, 56.91608747], [14.85567608, 56.91611309], [14.85563043, 56.91611663], [14.85558478, 56.91611882], [14.8554875, 56.9161293], [14.8554421, 56.91613626], [14.85537394, 56.9161448], [14.85532218, 56.91615067], [14.85526714, 56.91616579], [14.85517383, 56.91619909], [14.8551432, 56.91620552], [14.85510901, 56.91622129], [14.85501977, 56.91625091], [14.85498113, 56.91626344], [14.85494335, 56.91626205], [14.85490518, 56.916255], [14.85485837, 56.91624372], [14.85482755, 56.91622734], [14.85471085, 56.91618005], [14.85467191, 56.91616402], [14.85463906, 56.91614763], [14.85462327, 56.91613315], [14.85455798, 56.91610299], [14.85451799, 56.91607537], [14.85443167, 56.9160194], [14.8543551, 56.91592877], [14.85430473, 56.91585471], [14.85420384, 56.91574887], [14.85415161, 56.91570103], [14.85408105, 56.91563205], [14.85404868, 56.91559753], [14.85400871, 56.91556883], [14.85394389, 56.91551899], [14.85382551, 56.91545356], [14.85372193, 56.91541401], [14.85362864, 56.91537294], [14.85359653, 56.91534066], [14.85354509, 56.9153009], [14.85350195, 56.91528486], [14.85344825, 56.91526683], [14.85337482, 56.91524016], [14.85326932, 56.91520393], [14.8532103, 56.91519641], [14.85314735, 56.91519229], [14.85308768, 56.91517776], [14.85299798, 56.91515502], [14.85296374, 56.91514681], [14.85293778, 56.915136], [14.85286972, 56.91512065], [14.85283701, 56.91510435], [14.85279729, 56.91508131], [14.85276454, 56.91503996], [14.85274451, 56.91500158], [14.85268031, 56.9149336], [14.85265812, 56.91489532], [14.85260012, 56.91480202], [14.85256048, 56.91475509], [14.85247387, 56.91467046], [14.85240894, 56.91461847], [14.85233296, 56.91458497], [14.85225278, 56.91455173], [14.85220354, 56.91453811], [14.85214642, 56.91453041], [14.85205663, 56.91453048], [14.85196991, 56.91454062], [14.85191751, 56.91453858], [14.85185316, 56.91454363], [14.85177817, 56.91456949], [14.85172744, 56.91458794], [14.85165523, 56.91459665], [14.85159318, 56.91460278], [14.8515483, 56.91461539], [14.8515112, 56.91464714], [14.85148263, 56.91467872], [14.85144948, 56.9147059], [14.85141109, 56.91472166], [14.8513956, 56.91473466], [14.85139361, 56.91475981], [14.85138641, 56.91479771], [14.85137537, 56.91481619], [14.85134439, 56.91484212], [14.85133767, 56.91486169], [14.85129755, 56.9149061], [14.85126466, 56.91493552], [14.85121549, 56.91497103], [14.85114814, 56.91501496], [14.85108045, 56.91507623], [14.85102793, 56.91510284], [14.85072976, 56.91522877], [14.85060648, 56.91523688], [14.85039468, 56.91529995], [14.85033306, 56.91533536], [14.85008644, 56.91560541], [14.85009494, 56.91564746], [14.84999841, 56.91573959], [14.84998586, 56.91579625], [14.84985763, 56.9159239], [14.84983661, 56.91609875], [14.84988085, 56.91617982], [14.84983466, 56.91638428], [14.84956349, 56.91649012], [14.84955031, 56.91656986], [14.849451, 56.91664483], [14.849154, 56.91670851], [14.84903007, 56.91674564], [14.8490523, 56.91680683], [14.84895596, 56.9168183], [14.8489109, 56.91674038], [14.84832341, 56.91669835], [14.84782425, 56.91688519], [14.84772028, 56.91690725], [14.84767628, 56.91693612], [14.84739721, 56.91711883], [14.8473645, 56.91723591], [14.84731457, 56.91725543], [14.84721111, 56.91725297], [14.84686351, 56.91693854], [14.84683681, 56.91694228], [14.8468041, 56.91689293], [14.84679912, 56.91688511], [14.84685292, 56.91687889], [14.84678554, 56.9167615], [14.84670662, 56.91678673], [14.84642576, 56.9168763], [14.84597529, 56.91697589], [14.84587186, 56.91699875], [14.84590617, 56.91705215], [14.84589113, 56.91708806], [14.84597428, 56.91712337], [14.8460085, 56.91716778], [14.8459771, 56.91719505], [14.845996, 56.91727537], [14.84593167, 56.91730735], [14.84588575, 56.91740663], [14.84580428, 56.9174254], [14.84562363, 56.91741826], [14.84529193, 56.917323], [14.8452072, 56.91724278], [14.84528563, 56.91714335], [14.84538326, 56.91711536], [14.84543085, 56.91706979], [14.8454129, 56.91702136], [14.84547758, 56.91700285], [14.84554146, 56.91694832], [14.84557401, 56.91693893], [14.84567257, 56.91694686], [14.84577215, 56.91697285], [14.8460162, 56.9169075], [14.84608018, 56.91686186], [14.84619517, 56.91686074], [14.84629243, 56.91682377], [14.84652057, 56.91677653], [14.8466087, 56.9167197], [14.84630668, 56.91655352], [14.84609704, 56.91655075], [14.84597618, 56.91653057], [14.84589387, 56.91648763], [14.8458311, 56.9164042], [14.84590359, 56.91626516], [14.84596318, 56.91619949], [14.84593129, 56.91605017], [14.84585423, 56.91588571], [14.84568602, 56.91578814], [14.84540914, 56.91557286], [14.84529322, 56.91540566], [14.84521758, 56.91627329], [14.84515578, 56.91693814], [14.84514741, 56.91702983], [14.84513692, 56.91714164], [14.84510673, 56.91746756], [14.84480219, 56.92074715], [14.8318072, 56.92708693], [14.83177242, 56.92717015], [14.83162365, 56.92744407], [14.83148396, 56.92777792], [14.8314476, 56.92788053], [14.8313469, 56.92821847], [14.83128576, 56.92855924], [14.8312643, 56.92890142], [14.83125843, 56.92900048], [14.8312768, 56.92934271], [14.83133487, 56.92968365], [14.83134531, 56.92974249], [14.83144296, 56.9300807], [14.83157965, 56.93041491], [14.83175498, 56.9307437], [14.83196814, 56.93106572], [14.83221834, 56.9313797], [14.83232581, 56.93149418], [14.83235903, 56.93160901], [14.83249574, 56.93194323], [14.83253027, 56.93200803], [14.83259782, 56.93217303], [14.83277316, 56.93250181], [14.83280705, 56.93255889], [14.83286563, 56.93266882], [14.83307882, 56.93299083], [14.83315576, 56.9330874], [14.83319533, 56.93314592], [14.83332144, 56.93333641], [14.83357166, 56.93365039], [14.83385783, 56.93395516], [14.83417888, 56.93424938], [14.83453359, 56.93453188], [14.83492034, 56.93480149], [14.83533764, 56.93505721], [14.83578388, 56.93529797], [14.83625716, 56.93552286], [14.83675572, 56.9357309], [14.83685367, 56.9357666], [14.83727071, 56.93596474], [14.83776928, 56.93617278], [14.83829097, 56.93636306], [14.83883375, 56.93653495], [14.83939546, 56.93668774], [14.83946666, 56.93670552], [14.84004498, 56.93683856], [14.84063749, 56.93695132], [14.84090414, 56.9369919], [14.84117141, 56.93707649], [14.84173313, 56.93722926], [14.84231147, 56.93736229], [14.842904, 56.93747504], [14.84350854, 56.93756706], [14.84412265, 56.93763797], [14.84474364, 56.93768742], [14.84536918, 56.93771532], [14.84599672, 56.93772158], [14.84662366, 56.937706]]]}, "properties": {"deso": "0780C1350", "pop": 1280.0, "income": 428.4, "male_frac": 0.4891, "child_frac": 0.2039, "elder_frac": 0.2203, "dependency": 0.7368, "needZ": -0.5226, "needZ_v1": -0.422, "regso": "0780R012", "higher_ed": 78.6, "neet": 7.6, "income_support": 0.0}}, {"type": "Feature", "geometry": {"type": "Polygon", "coordinates": [[[14.80042358, 56.94752551], [14.80105071, 56.94751016], [14.80167484, 56.94747325], [14.80172352, 56.94746929], [14.80234206, 56.94741081], [14.80295259, 56.94733102], [14.80300033, 56.94732445], [14.80360039, 56.94722372], [14.80364666, 56.94721463], [14.80423381, 56.9470934], [14.8048056, 56.94695202], [14.80484999, 56.94694042], [14.80540413, 56.94677961], [14.80544608, 56.94676566], [14.80598052, 56.94658596], [14.80649283, 56.94638808], [14.80653208, 56.94637197], [14.80702047, 56.94615689], [14.80748279, 56.94592525], [14.80751893, 56.94590698], [14.8079534, 56.94565984], [14.80798603, 56.94563977], [14.80839102, 56.94537813], [14.80876462, 56.94510296], [14.80879823, 56.9450775], [14.80894606, 56.94495315], [14.80928692, 56.94466562], [14.80931429, 56.94463998], [14.80962091, 56.94434126], [14.80989233, 56.94403243], [14.80991197, 56.94400929], [14.81014684, 56.94369178], [14.81016228, 56.94366783], [14.81035991, 56.94334281], [14.81043812, 56.94318017], [14.81066062, 56.94308216], [14.81112287, 56.9428505], [14.81155728, 56.94260335], [14.81196221, 56.94234169], [14.81207035, 56.94226219], [14.8124439, 56.94198701], [14.8127847, 56.94169947], [14.81309127, 56.94140075], [14.81336264, 56.94109191], [14.81359746, 56.9407744], [14.81364209, 56.94071285], [14.81366231, 56.94067983], [14.8138391, 56.94053063], [14.81414565, 56.94023191], [14.81441428, 56.93992621], [14.81467628, 56.93967097], [14.81477196, 56.93959028], [14.81487338, 56.93949756], [14.81517991, 56.93919883], [14.81545125, 56.93888999], [14.81550227, 56.93882099], [14.81556574, 56.93878489], [14.8159706, 56.93852322], [14.81634407, 56.93824803], [14.8163634, 56.93823162], [14.816436, 56.93821062], [14.81697027, 56.93803087], [14.81748239, 56.93783294], [14.81797061, 56.93761782], [14.81819964, 56.93750301], [14.81836967, 56.93742808], [14.8188318, 56.93719639], [14.81898342, 56.93711703], [14.8194177, 56.93686985], [14.81982251, 56.93660817], [14.82019594, 56.93633296], [14.82053664, 56.93604541], [14.82084309, 56.93574666], [14.82111436, 56.93543781], [14.82117124, 56.93536083], [14.82133319, 56.9352416], [14.82167387, 56.93495404], [14.82198031, 56.9346553], [14.82225156, 56.93434644], [14.82230198, 56.93428561], [14.822467, 56.93406238], [14.82247501, 56.93405781], [14.82287977, 56.93379612], [14.82325315, 56.93352091], [14.8235938, 56.93323334], [14.82390021, 56.93293459], [14.82417143, 56.93262573], [14.82439642, 56.93232148], [14.8245109, 56.93220981], [14.82452752, 56.93219088], [14.82469456, 56.93204993], [14.82500096, 56.93175117], [14.82514793, 56.93158387], [14.82561812, 56.9314021], [14.82610621, 56.93118695], [14.82656822, 56.93095523], [14.82700238, 56.93070803], [14.82707072, 56.93066681], [14.82747541, 56.9304051], [14.8275393, 56.93036037], [14.82791261, 56.93008514], [14.82825318, 56.92979756], [14.82855953, 56.9294988], [14.82867162, 56.92937114], [14.82883069, 56.92918993], [14.8290653, 56.92887239], [14.82926269, 56.92854734], [14.82940029, 56.92826082], [14.82942177, 56.92821612], [14.82943685, 56.92817716], [14.82944672, 56.92815167], [14.82956693, 56.92781565], [14.829648, 56.92747615], [14.82967658, 56.92723934], [14.82968012, 56.92723585], [14.82995125, 56.92692706], [14.83018585, 56.92660952], [14.83038322, 56.92628446], [14.83040728, 56.92623599], [14.83044995, 56.92614713], [14.83093265, 56.92620284], [14.83155343, 56.92625245], [14.83217877, 56.92628042], [14.83225734, 56.92628124], [14.83216883, 56.9264128], [14.8320758, 56.92658422], [14.83202998, 56.92665233], [14.83185171, 56.92698065], [14.8318072, 56.92708693], [14.84480219, 56.92074715], [14.84510673, 56.91746756], [14.84513692, 56.91714164], [14.84514741, 56.91702983], [14.84515578, 56.91693814], [14.84521758, 56.91627329], [14.84529322, 56.91540566], [14.84495629, 56.91539994], [14.84494098, 56.9154019], [14.84459965, 56.9154436], [14.84447022, 56.91546607], [14.84444036, 56.91548301], [14.84439087, 56.91549624], [14.84435563, 56.91550347], [14.84429201, 56.91552603], [14.84425191, 56.9155619], [14.84424283, 56.91559513], [14.84423797, 56.91562476], [14.84422637, 56.91564666], [14.84421032, 56.91566389], [14.84420292, 56.91568463], [14.84418293, 56.9157031], [14.84416077, 56.91572283], [14.84415232, 56.91576854], [14.84415873, 56.91578975], [14.84416423, 56.9158026], [14.84415264, 56.91582216], [14.84413455, 56.91583948], [14.84410884, 56.91586828], [14.844034, 56.91592001], [14.8438085, 56.91546489], [14.84374867, 56.91545835], [14.84284942, 56.91535698], [14.84262896, 56.91477172], [14.84260874, 56.91471906], [14.84213312, 56.9148116], [14.84137845, 56.91498579], [14.84099414, 56.9150709], [14.84096594, 56.91507715], [14.84045091, 56.91517027], [14.84022847, 56.91521785], [14.8397883, 56.915316], [14.83978818, 56.9152172], [14.83978163, 56.91399531], [14.83881273, 56.91385179], [14.83854198, 56.91382737], [14.83745913, 56.91376157], [14.83594714, 56.91362801], [14.8345737, 56.91331256], [14.83304609, 56.91292278], [14.83238376, 56.91258463], [14.83161876, 56.91270692], [14.83081005, 56.91297007], [14.83024812, 56.91307278], [14.82991701, 56.91319143], [14.82908363, 56.91336526], [14.82894545, 56.91281206], [14.82856062, 56.91301075], [14.82817658, 56.91312321], [14.82762511, 56.91321802], [14.82743754, 56.91322001], [14.82705337, 56.91321265], [14.82635686, 56.9132759], [14.8264251, 56.91587803], [14.82634938, 56.91590864], [14.82640206, 56.91643487], [14.82645688, 56.91641339], [14.82645924, 56.91648866], [14.82648202, 56.91706613], [14.82648214, 56.91706891], [14.82600945, 56.91724628], [14.82414021, 56.91800729], [14.82392989, 56.91785772], [14.82384701, 56.91779868], [14.82370479, 56.91765756], [14.82364587, 56.91759918], [14.823732, 56.91757245], [14.82342195, 56.91726474], [14.82270788, 56.91747103], [14.82272745, 56.91748579], [14.82222931, 56.91762789], [14.82170443, 56.91777876], [14.82059638, 56.91809351], [14.82022489, 56.91820058], [14.82008432, 56.9183369], [14.81996701, 56.91845341], [14.81953205, 56.91888552], [14.82008674, 56.91935364], [14.82003483, 56.91936102], [14.81989446, 56.9193981], [14.8195677, 56.91952409], [14.81905454, 56.919739], [14.81885482, 56.91980985], [14.8186885, 56.9198626], [14.81847866, 56.91981388], [14.81552751, 56.91912856], [14.81544769, 56.91932928], [14.81498014, 56.92050493], [14.81442772, 56.92056977], [14.81369597, 56.92060766], [14.81309965, 56.920566], [14.8127783, 56.92052429], [14.81217824, 56.92039109], [14.81151957, 56.9201722], [14.81098907, 56.91989314], [14.81036995, 56.9194891], [14.80937636, 56.91868345], [14.80806258, 56.91762276], [14.80698729, 56.91802277], [14.80598293, 56.91800909], [14.80605046, 56.91705254], [14.80605192, 56.91703215], [14.80507265, 56.91683519], [14.80471227, 56.91675343], [14.80466912, 56.91674366], [14.80388763, 56.91656702], [14.80379145, 56.91654478], [14.80376358, 56.91653836], [14.80341105, 56.91645921], [14.80309518, 56.91638812], [14.80277972, 56.91631648], [14.80271899, 56.91630274], [14.80197173, 56.91613521], [14.80180345, 56.91609767], [14.80154535, 56.91603951], [14.80117091, 56.91595529], [14.80077619, 56.91586655], [14.80033588, 56.9157675], [14.79891961, 56.91544898], [14.79959706, 56.91400346], [14.79961926, 56.91395598], [14.79902741, 56.91383683], [14.7990274, 56.91383701], [14.79728326, 56.91348525], [14.79700841, 56.9136974], [14.79666732, 56.91406384], [14.79636791, 56.91435715], [14.79620087, 56.91464124], [14.7962006, 56.91464178], [14.79613268, 56.91480326], [14.79613241, 56.91480379], [14.79604167, 56.91517576], [14.79605401, 56.91554673], [14.7963531, 56.91633187], [14.7953247, 56.9163645], [14.79538303, 56.9175854], [14.7931626, 56.91927922], [14.79174419, 56.92040219], [14.79178079, 56.92039741], [14.79281064, 56.92039256], [14.79292615, 56.92039868], [14.79368187, 56.92048759], [14.79395935, 56.9205229], [14.79412755, 56.92057733], [14.79438432, 56.92060991], [14.7947047, 56.92062777], [14.79583066, 56.92080898], [14.79625421, 56.92071123], [14.79638715, 56.92107369], [14.79638823, 56.92107369], [14.79714195, 56.92108731], [14.79713305, 56.92212837], [14.79713304, 56.9221299], [14.7970701, 56.9225461], [14.7970701, 56.92254673], [14.79625864, 56.92250913], [14.79602273, 56.92249823], [14.79587351, 56.92251254], [14.79584014, 56.92277008], [14.79579515, 56.92277271], [14.79484679, 56.9228254], [14.79418068, 56.92278587], [14.79310167, 56.92321791], [14.79272137, 56.92318], [14.79270862, 56.92320728], [14.79252603, 56.92359706], [14.79180941, 56.92510948], [14.79175924, 56.92521547], [14.78367747, 56.9242628], [14.78100943, 56.9266809], [14.77947538, 56.92736253], [14.77965068, 56.92752352], [14.78000492, 56.92780617], [14.78002461, 56.92781995], [14.7804109, 56.92808972], [14.78082776, 56.92834563], [14.78127356, 56.92858658], [14.78174643, 56.92881168], [14.78177048, 56.92882304], [14.78226865, 56.9290313], [14.78278996, 56.92922181], [14.78333238, 56.92939395], [14.78336024, 56.92940262], [14.78343463, 56.92942295], [14.78362067, 56.92949091], [14.78416309, 56.92966304], [14.78472447, 56.92981607], [14.78475315, 56.92982375], [14.78533117, 56.92995705], [14.78592341, 56.93007007], [14.78652768, 56.93016235], [14.78657412, 56.93016908], [14.787188, 56.93024027], [14.7872484, 56.93024559], [14.78786918, 56.93029532], [14.78849456, 56.93032351], [14.78854265, 56.93032511], [14.78917005, 56.93033165], [14.7897969, 56.93031636], [14.79042075, 56.93027951], [14.79045233, 56.93027713], [14.7910706, 56.93021871], [14.79168087, 56.93013898], [14.79228068, 56.9300383], [14.79231093, 56.93003261], [14.79289784, 56.92991143], [14.79346942, 56.9297701], [14.79402335, 56.92960934], [14.7940509, 56.9296005], [14.79458515, 56.92942084], [14.79509728, 56.929223], [14.79547551, 56.92905638], [14.79554834, 56.92904141], [14.79565484, 56.929015], [14.79597355, 56.92902935], [14.79600538, 56.92903057], [14.79663276, 56.92903707], [14.79672639, 56.9290348], [14.79674047, 56.92903644], [14.79691747, 56.92905056], [14.79742419, 56.92914722], [14.79747034, 56.92915511], [14.79807464, 56.92924734], [14.798138, 56.92925463], [14.79813276, 56.92927249], [14.79802321, 56.92931201], [14.7975227, 56.92951859], [14.7970473, 56.9297421], [14.79691917, 56.9298088], [14.79647064, 56.93004825], [14.79605087, 56.93030274], [14.79577507, 56.93049288], [14.79567719, 56.93055227], [14.79564511, 56.93057225], [14.79525574, 56.9308407], [14.7952273, 56.9308623], [14.79486983, 56.93114375], [14.79454589, 56.93143701], [14.79452151, 56.93146005], [14.79423233, 56.93176397], [14.794209, 56.93179222], [14.79395567, 56.93210545], [14.79368355, 56.93248232], [14.79346716, 56.93280369], [14.79344925, 56.93283241], [14.79335507, 56.93300542], [14.79324814, 56.93303416], [14.79270372, 56.93320446], [14.7921802, 56.93339319], [14.79202052, 56.93345257], [14.79151993, 56.93365912], [14.79144372, 56.93369384], [14.79096823, 56.93391733], [14.7905196, 56.93415675], [14.79038422, 56.93423197], [14.78996437, 56.93448644], [14.78957492, 56.93475487], [14.78921736, 56.9350363], [14.78912029, 56.93511715], [14.78879627, 56.9354104], [14.78850701, 56.9357143], [14.78825361, 56.93602752], [14.7881871, 56.93611713], [14.78797064, 56.93643849], [14.78779194, 56.93676674], [14.78765182, 56.93710054], [14.78761876, 56.93719551], [14.78751764, 56.93753341], [14.78745608, 56.93787417], [14.78743421, 56.93821633], [14.78743556, 56.93831298], [14.78745354, 56.93865522], [14.78751122, 56.93899617], [14.7876085, 56.93933441], [14.78764442, 56.93942914], [14.78778075, 56.9397634], [14.78795574, 56.94009225], [14.78816858, 56.94041434], [14.78823759, 56.94050338], [14.78848748, 56.94081745], [14.78850042, 56.94083121], [14.7885052, 56.94084792], [14.78851386, 56.94087354], [14.78865021, 56.9412078], [14.78866335, 56.94123288], [14.78883835, 56.94156173], [14.78905121, 56.94188381], [14.78907151, 56.94191214], [14.78915091, 56.94201197], [14.78914838, 56.94205212], [14.78916637, 56.94239435], [14.78922408, 56.94273531], [14.78932138, 56.94307355], [14.78932927, 56.94309296], [14.78938595, 56.94323173], [14.78945774, 56.94340781], [14.78963276, 56.94373666], [14.78984564, 56.94405874], [14.79009556, 56.9443728], [14.79038146, 56.94467767], [14.79070226, 56.944972], [14.79105674, 56.94525462], [14.79144328, 56.94552436], [14.79186041, 56.94578023], [14.79230649, 56.94602114], [14.79277965, 56.9462462], [14.79327811, 56.94645442], [14.79379972, 56.94664488], [14.79434244, 56.94681697], [14.79490412, 56.94696995], [14.79548244, 56.9471032], [14.79607498, 56.94721617], [14.79667956, 56.94730841], [14.79685239, 56.94733168], [14.79746658, 56.94740283], [14.79808766, 56.94745251], [14.7981317, 56.947456], [14.79875737, 56.94748413], [14.79895023, 56.94748884], [14.79906409, 56.94749001], [14.79907208, 56.94749065], [14.79969776, 56.94751878], [14.79974682, 56.94752021], [14.80037451, 56.94752669], [14.80042358, 56.94752551]]]}, "properties": {"deso": "0780C1360", "pop": 2155.0, "income": 518.0, "male_frac": 0.5084, "child_frac": 0.2362, "elder_frac": 0.0947, "dependency": 0.4945, "needZ": -1.058, "needZ_v1": -1.7141, "regso": "0780R023", "higher_ed": 73.1, "neet": 6.0, "income_support": 0.1}}, {"type": "Feature", "geometry": {"type": "Polygon", "coordinates": [[[14.98833828, 57.00171161], [14.99217668, 57.00004662], [14.99265946, 56.99892286], [14.99321485, 56.99762926], [14.99444133, 56.99477279], [14.9953486, 56.99265917], [14.99751289, 56.98937994], [14.99756853, 56.98927261], [14.99797513, 56.98848851], [15.00115975, 56.98234694], [15.00233102, 56.98008776], [15.00890504, 56.96657549], [15.00705187, 56.96611475], [15.00661428, 56.96555773], [15.00680098, 56.96534423], [15.00715784, 56.96493599], [15.00717259, 56.96481509], [15.00733791, 56.96346675], [15.00758461, 56.96295747], [15.00798113, 56.96237453], [15.00811018, 56.96218483], [15.00845734, 56.96167429], [15.00866308, 56.96126875], [15.00896126, 56.96068078], [15.009115, 56.96057461], [15.00965999, 56.96019815], [15.01026077, 56.95956049], [15.01043617, 56.95934455], [15.01069776, 56.95902226], [15.01100155, 56.95877327], [15.01111557, 56.9587455], [15.01176065, 56.95858862], [15.01228261, 56.95841073], [15.01259589, 56.95822209], [15.01329145, 56.95783724], [15.01526918, 56.95571104], [15.01726821, 56.95323631], [15.01738094, 56.95309699], [15.01939798, 56.95059968], [15.02104456, 56.94856101], [15.02145485, 56.94805276], [15.02230995, 56.94699384], [15.02346566, 56.94556266], [15.02383129, 56.94504012], [15.02422653, 56.94441725], [15.02511769, 56.94301296], [15.02398112, 56.93900732], [15.0239818, 56.93900741], [15.02398166, 56.93900705], [15.02478742, 56.93834665], [15.02325516, 56.93813506], [15.01761713, 56.93735655], [15.01697965, 56.93726852], [15.00999281, 56.9305564], [15.00833287, 56.9289258], [15.00845882, 56.92869711], [15.00814251, 56.92823251], [15.0081292, 56.92746026], [15.00709443, 56.92599539], [15.00659284, 56.92557193], [15.00530466, 56.92549789], [15.00494244, 56.92767464], [15.00452538, 56.9282555], [15.0041247, 56.9288934], [15.0037845, 56.93006338], [15.00370649, 56.93042535], [15.00331684, 56.93048967], [15.00258941, 56.93036852], [15.00103402, 56.93009145], [14.9940394, 56.92886432], [14.99403048, 56.92873848], [14.99484245, 56.92746464], [14.9953199, 56.92723239], [14.99585111, 56.92706723], [14.99633425, 56.9266698], [14.99651201, 56.92646511], [14.99666269, 56.92608959], [14.9972626, 56.92534915], [14.98431299, 56.92531253], [14.98053658, 56.92528263], [14.97927268, 56.92527039], [14.97032659, 56.92333949], [14.97011395, 56.92329354], [14.96474393, 56.92210996], [14.96028423, 56.92180755], [14.95782849, 56.92164095], [14.95637749, 56.92188062], [14.95567637, 56.92108477], [14.95577576, 56.92042994], [14.95868628, 56.91652898], [14.95826415, 56.9159029], [14.9582214, 56.91585555], [14.95799957, 56.91560444], [14.95725101, 56.91526988], [14.95713393, 56.91521757], [14.95707234, 56.91518836], [14.95703119, 56.91516885], [14.95677113, 56.91507697], [14.95668489, 56.91505098], [14.95655713, 56.91497666], [14.95633241, 56.91490275], [14.95616967, 56.91485653], [14.95590779, 56.91482742], [14.95533443, 56.91478689], [14.95472717, 56.914782], [14.95423474, 56.91478694], [14.95374161, 56.91480985], [14.95318279, 56.91484125], [14.95291934, 56.91487502], [14.95278868, 56.91484703], [14.95272499, 56.91477471], [14.95259475, 56.91473774], [14.95229882, 56.91475317], [14.95200274, 56.91477775], [14.95167347, 56.91481095], [14.95157572, 56.91478325], [14.95152812, 56.91472898], [14.95148267, 56.91458489], [14.95143693, 56.91444988], [14.95135685, 56.91437728], [14.95119557, 56.91426826], [14.95100108, 56.91417684], [14.95082198, 56.91412162], [14.95074134, 56.91406698], [14.95074418, 56.91396818], [14.95051612, 56.91386418], [14.94968645, 56.91349658], [14.94834508, 56.91290243], [14.94809087, 56.91164388], [14.94408456, 56.91126348], [14.93968995, 56.91172265], [14.93804595, 56.91083607], [14.93458914, 56.90971616], [14.93466313, 56.90797634], [14.93466354, 56.90797625], [14.93620974, 56.90748844], [14.93875329, 56.90732372], [14.94033506, 56.90656113], [14.94033546, 56.90656077], [14.94053852, 56.90633075], [14.94066289, 56.90602776], [14.94094955, 56.90532903], [14.94104412, 56.9049442], [14.94101881, 56.9032213], [14.94026598, 56.90267557], [14.93986058, 56.90203452], [14.93860641, 56.90127737], [14.93814876, 56.90115562], [14.93496119, 56.9004016], [14.93489696, 56.89607952], [14.93536823, 56.89446403], [14.93541194, 56.89431432], [14.93507857, 56.89376159], [14.93355897, 56.89124166], [14.93322699, 56.89092397], [14.93310868, 56.89078721], [14.93302701, 56.89074217], [14.93294549, 56.89068823], [14.93289687, 56.89063422], [14.93233139, 56.88952044], [14.93233424, 56.88914366], [14.93233687, 56.88881169], [14.93232136, 56.88870408], [14.93232223, 56.88859657], [14.93232455, 56.88829146], [14.9322927, 56.88816578], [14.93227704, 56.88806706], [14.93221226, 56.88796823], [14.93214713, 56.88791421], [14.93206616, 56.88778851], [14.93196269, 56.88768391], [14.93187096, 56.88759063], [14.93175709, 56.88747371], [14.93162738, 56.88728502], [14.93154605, 56.88721303], [14.93153024, 56.8871233], [14.93110783, 56.88663787], [14.9308009, 56.88605406], [14.93059704, 56.88564985], [14.93061772, 56.88507565], [14.93050349, 56.88501254], [14.93034033, 56.88492245], [14.93006192, 56.88487694], [14.92907973, 56.88482213], [14.92876392, 56.88480444], [14.92866745, 56.88479908], [14.92860169, 56.88479545], [14.92788294, 56.88475516], [14.92740312, 56.8849488], [14.92724183, 56.88501392], [14.92540864, 56.88466847], [14.92510918, 56.8844618], [14.92495215, 56.88435347], [14.92453229, 56.88420583], [14.9242329, 56.88410056], [14.9241554, 56.88408354], [14.92403663, 56.88406191], [14.92239976, 56.88376406], [14.92234462, 56.88458029], [14.92134805, 56.88848011], [14.92036362, 56.89077417], [14.92036349, 56.89077435], [14.92011226, 56.89085377], [14.9162821, 56.89216278], [14.91571889, 56.89235525], [14.9145735, 56.89274679], [14.91338527, 56.89297699], [14.91216321, 56.89285452], [14.91047892, 56.89262456], [14.90941857, 56.89391843], [14.90839318, 56.89516939], [14.90728689, 56.89588488], [14.90475625, 56.89702564], [14.9015952, 56.89759363], [14.89789271, 56.89825702], [14.89667655, 56.89840691], [14.89638855, 56.89837964], [14.89563769, 56.89865691], [14.88942047, 56.89738567], [14.88802394, 56.897053], [14.88617439, 56.8965805], [14.87891236, 56.89496135], [14.87209611, 56.89318855], [14.87031571, 56.89275676], [14.86657113, 56.89176652], [14.86039722, 56.89019218], [14.85989437, 56.89006336], [14.85542703, 56.8895463], [14.85520069, 56.88879175], [14.8551564, 56.88879924], [14.85511036, 56.88880619], [14.85450091, 56.88888623], [14.85388341, 56.88894497], [14.8538363, 56.88894941], [14.8532132, 56.88898658], [14.85315757, 56.88898885], [14.85253144, 56.88900446], [14.85209157, 56.88901077], [14.85208643, 56.88901076], [14.85206924, 56.88901092], [14.85206396, 56.88901091], [14.85185757, 56.8890113], [14.85185257, 56.88901129], [14.8516275, 56.88901066], [14.85162696, 56.88901066], [14.85160477, 56.88901055], [14.85160368, 56.88901055], [14.85097697, 56.88900432], [14.85078101, 56.88900211], [14.85077248, 56.88900192], [14.85057748, 56.88899837], [14.85055555, 56.88899789], [14.85036286, 56.8889929], [14.85035365, 56.88899262], [14.85016259, 56.88898619], [14.85014053, 56.88898536], [14.84994811, 56.88897749], [14.84993945, 56.88897712], [14.84931472, 56.88894925], [14.84912434, 56.88893994], [14.84910255, 56.88893875], [14.84910174, 56.88893875], [14.84891137, 56.8889281], [14.84890338, 56.88892755], [14.84871139, 56.88891546], [14.84869651, 56.88891446], [14.84859855, 56.88890769], [14.84830644, 56.88888695], [14.8478992, 56.88885807], [14.84749277, 56.8888291], [14.8470862, 56.88880022], [14.84667585, 56.88877107], [14.84647588, 56.88875636], [14.84646817, 56.88875582], [14.845848, 56.88870637], [14.84569877, 56.88869433], [14.8456502, 56.88869041], [14.84562802, 56.88868849], [14.84542684, 56.888671], [14.84541873, 56.88867027], [14.84522446, 56.8886518], [14.84520255, 56.88864971], [14.8449646, 56.88862525], [14.84495486, 56.88862416], [14.84471204, 56.88859718], [14.84470907, 56.88859682], [14.84421991, 56.88854376], [14.84381004, 56.88849887], [14.84380882, 56.88849878], [14.84319551, 56.88842787], [14.84317441, 56.88842542], [14.84317292, 56.88842523], [14.84305997, 56.8884118], [14.84281243, 56.88838239], [14.84280919, 56.88838202], [14.84278755, 56.88837939], [14.84278525, 56.88837903], [14.84240557, 56.88833059], [14.84240151, 56.88832995], [14.84238555, 56.88832787], [14.8423823, 56.8883275], [14.84201725, 56.88827746], [14.84201657, 56.88827737], [14.84199507, 56.88827429], [14.84199426, 56.8882742], [14.84162881, 56.88822093], [14.84161366, 56.88821857], [14.84160676, 56.88821757], [14.84160555, 56.88821739], [14.84100181, 56.88812537], [14.84063638, 56.88806859], [14.84063557, 56.88806841], [14.8406142, 56.88806506], [14.84061366, 56.88806497], [14.84025677, 56.88800622], [14.84025339, 56.88800577], [14.84023242, 56.88800224], [14.84023134, 56.88800206], [14.8398673, 56.88793872], [14.83986621, 56.88793854], [14.8398458, 56.88793483], [14.83984431, 56.88793465], [14.83947812, 56.88786735], [14.83947473, 56.88786672], [14.83945702, 56.88786337], [14.8394558, 56.88786319], [14.83886408, 56.88775043], [14.83851183, 56.88768252], [14.8385071, 56.88768152], [14.83842232, 56.8876648], [14.83837607, 56.88765558], [14.83836573, 56.88766948], [14.83830842, 56.88774647], [14.83803764, 56.88805537], [14.83794751, 56.88814902], [14.8376761, 56.88841399], [14.83770037, 56.88880923], [14.83772464, 56.88920392], [14.83772316, 56.8895463], [14.83772249, 56.88957576], [14.83768135, 56.88991747], [14.83767637, 56.88994261], [14.83759546, 56.89028211], [14.83747544, 56.89061814], [14.83746626, 56.89064292], [14.8373712, 56.89084103], [14.83748731, 56.89100061], [14.83754687, 56.89109158], [14.83774117, 56.89141715], [14.83784873, 56.89164588], [14.83796422, 56.89176001], [14.83798969, 56.89178753], [14.83825782, 56.89209712], [14.83826415, 56.89210476], [14.83828528, 56.89213362], [14.83851684, 56.89245179], [14.83852195, 56.89245979], [14.83871626, 56.89278536], [14.83873264, 56.89281466], [14.83873653, 56.89282284], [14.83889252, 56.89315447], [14.8389043, 56.89318476], [14.83902142, 56.8935211], [14.83902396, 56.89352945], [14.83910195, 56.89386916], [14.83910899, 56.89389988], [14.83911017, 56.89390833], [14.83914836, 56.89425014], [14.83915053, 56.89428095], [14.83914908, 56.89461902], [14.83948372, 56.89451409], [14.83952669, 56.89450193], [14.84008906, 56.89435059], [14.84066786, 56.89421903], [14.84071284, 56.8942093], [14.84130562, 56.89409805], [14.84135019, 56.8940911], [14.84141709, 56.89408112], [14.84144188, 56.89407711], [14.84204649, 56.89398662], [14.84207967, 56.89398208], [14.84269365, 56.8939128], [14.84331432, 56.89386481], [14.84357506, 56.89385382], [14.84429265, 56.89380199], [14.84434869, 56.89379946], [14.84497373, 56.89377311], [14.84560057, 56.8937684], [14.84564876, 56.89376882], [14.84627483, 56.89378594], [14.8463226, 56.89378887], [14.84694547, 56.89382754], [14.84756258, 56.89388776], [14.84760966, 56.89389329], [14.84821856, 56.89397478], [14.84881682, 56.89407718], [14.84886267, 56.89408523], [14.84944785, 56.89420809], [14.84949207, 56.89421847], [14.85006175, 56.89436143], [14.85061363, 56.89452376], [14.85065567, 56.89453657], [14.85118771, 56.89471773], [14.85122745, 56.8947326], [14.85173723, 56.89493189], [14.85222298, 56.89514829], [14.85225973, 56.89516531], [14.85271931, 56.89539821], [14.85275294, 56.89541703], [14.85318457, 56.89566534], [14.85358665, 56.89592808], [14.85361675, 56.89594869], [14.85398738, 56.89622486], [14.85401355, 56.89624699], [14.85434666, 56.89653138], [14.85435138, 56.89653543], [14.85465492, 56.89683506], [14.85467716, 56.89685844], [14.85494547, 56.8971679], [14.85496338, 56.89719235], [14.85519512, 56.89751049], [14.8553896, 56.89783604], [14.85540304, 56.89786129], [14.85555919, 56.8981929], [14.85567648, 56.89852923], [14.85568679, 56.89855951], [14.85591597, 56.89947385], [14.85599413, 56.89981354], [14.85599915, 56.89984409], [14.8560375, 56.90018589], [14.85603633, 56.90049091], [14.8562373, 56.90043689], [14.85656482, 56.90035589], [14.85692364, 56.9002672], [14.85728259, 56.90017842], [14.8577242, 56.90006917], [14.85830303, 56.89993752], [14.85835451, 56.89992645], [14.85894734, 56.89981511], [14.85899285, 56.89980798], [14.8595975, 56.89971741], [14.86021155, 56.89964803], [14.86025814, 56.89964315], [14.86087888, 56.89959516], [14.86092613, 56.89959296], [14.86155125, 56.89956653], [14.86217819, 56.89956175], [14.86222557, 56.89956198], [14.86285175, 56.89957902], [14.86289885, 56.89958167], [14.86352184, 56.89962026], [14.86413906, 56.89968039], [14.8641959, 56.89968674], [14.86420781, 56.89968792], [14.86422337, 56.89968955], [14.86427709, 56.89969671], [14.86488612, 56.89977811], [14.86524087, 56.89983517], [14.86561577, 56.89989548], [14.86599055, 56.89995579], [14.86651794, 56.90004061], [14.86711635, 56.90014292], [14.86716532, 56.90015213], [14.86775066, 56.90027491], [14.8677911, 56.90028483], [14.86836095, 56.9004277], [14.86891299, 56.90058996], [14.86895166, 56.90060176], [14.86948388, 56.90078285], [14.86952647, 56.90079889], [14.87003643, 56.90099809], [14.87015837, 56.90104843], [14.87064431, 56.90126477], [14.87068743, 56.90128448], [14.87114719, 56.90151732], [14.87118111, 56.90153612], [14.87161293, 56.90178437], [14.8720152, 56.90204706], [14.87204546, 56.90206757], [14.87241628, 56.90234369], [14.87244274, 56.90236572], [14.87278077, 56.90265411], [14.87299045, 56.90286082], [14.87323739, 56.90302211], [14.87326779, 56.90304262], [14.87363863, 56.90331874], [14.87366522, 56.90334077], [14.87400326, 56.90362916], [14.87430702, 56.90392865], [14.87433346, 56.90395589], [14.87450974, 56.90415896], [14.87482928, 56.90439685], [14.87485669, 56.90441763], [14.87519475, 56.90470601], [14.87521837, 56.90472813], [14.87552215, 56.90502762], [14.87578961, 56.90533578], [14.87581419, 56.90535583], [14.87615226, 56.90564422], [14.87617899, 56.9056684], [14.87648278, 56.90596798], [14.87650234, 56.90598955], [14.8767709, 56.90629906], [14.87700287, 56.90661716], [14.87701864, 56.90663981], [14.87721336, 56.90696532], [14.87722749, 56.90699255], [14.87738387, 56.90732413], [14.87752779, 56.90765947], [14.87764531, 56.90799578], [14.87765537, 56.90802507], [14.87773374, 56.90836475], [14.87773785, 56.90839026], [14.87777641, 56.90873205], [14.87777529, 56.90907444], [14.87777494, 56.90910004], [14.87773415, 56.90944175], [14.87772932, 56.90946717], [14.87764873, 56.90980669], [14.87752901, 56.91014276], [14.87751999, 56.91016781], [14.87736142, 56.91049908], [14.87734793, 56.91052359], [14.87715105, 56.91084872], [14.87691696, 56.91116635], [14.87689928, 56.91119005], [14.87662864, 56.91149903], [14.87660704, 56.91152164], [14.87630122, 56.91182052], [14.87596118, 56.91210823], [14.87593565, 56.91212967], [14.87556287, 56.91240504], [14.87553382, 56.91242504], [14.87512967, 56.91268691], [14.87512071, 56.91269211], [14.87510277, 56.91271248], [14.87479693, 56.91301136], [14.87445687, 56.91329906], [14.87408407, 56.91357443], [14.87407782, 56.91357837], [14.87404868, 56.91362649], [14.87381454, 56.91394412], [14.87378189, 56.91398818], [14.87351121, 56.91429706], [14.87330087, 56.91450262], [14.87323291, 56.91457701], [14.87292704, 56.91487589], [14.87258695, 56.91516359], [14.8725067, 56.91522278], [14.87242969, 56.91532734], [14.87236554, 56.91543308], [14.87213138, 56.91575071], [14.87197323, 56.91593818], [14.87178886, 56.9161487], [14.87183784, 56.91636126], [14.87187635, 56.91670306], [14.87187517, 56.91704544], [14.87183432, 56.91738716], [14.87175365, 56.91772668], [14.87163385, 56.91806274], [14.87149852, 56.91834535], [14.87152514, 56.91836514], [14.8718633, 56.91865353], [14.87216716, 56.91895302], [14.87243577, 56.91926254], [14.87266779, 56.91958064], [14.87286254, 56.91990616], [14.87301894, 56.92023775], [14.87313646, 56.92057405], [14.87321481, 56.92091374], [14.87325334, 56.92125553], [14.87325685, 56.92130107], [14.87325568, 56.92164346], [14.87321484, 56.92198517], [14.87313417, 56.92232469], [14.87301437, 56.92266076], [14.87294125, 56.92281355], [14.87291253, 56.92293442], [14.87290646, 56.92300591], [14.87286561, 56.92334762], [14.87282342, 56.92352497], [14.87282293, 56.92366886], [14.87278207, 56.92401057], [14.87274978, 56.92414644], [14.87275232, 56.92415722], [14.87279084, 56.92449901], [14.87278968, 56.9248414], [14.87274882, 56.92518311], [14.87266815, 56.92552263], [14.87254833, 56.9258587], [14.87238965, 56.92618996], [14.87219265, 56.92651508], [14.87218503, 56.92652594], [14.87195079, 56.92684357], [14.87168, 56.92715253], [14.87165852, 56.92717622], [14.87135254, 56.92747509], [14.87132685, 56.92749743], [14.87098663, 56.92778512], [14.87061366, 56.92806048], [14.87058405, 56.92808137], [14.87017969, 56.92834322], [14.87014657, 56.9283625], [14.86971271, 56.92860985], [14.869251, 56.92884173], [14.86921463, 56.92885903], [14.86872682, 56.92907435], [14.86868734, 56.92908967], [14.86817561, 56.9292878], [14.86764171, 56.92946777], [14.8675998, 56.92948093], [14.86704619, 56.92964202], [14.86647489, 56.92978368], [14.86643082, 56.9297945], [14.86584415, 56.92991603], [14.86579832, 56.92992442], [14.86519871, 56.93002545], [14.8645886, 56.93010553], [14.86454143, 56.93011141], [14.86392327, 56.9301702], [14.86387543, 56.93017356], [14.86325166, 56.93021078], [14.86262485, 56.93022644], [14.86257647, 56.9302272], [14.86194906, 56.93022103], [14.86190084, 56.93021927], [14.8618453, 56.93021678], [14.86155032, 56.93040786], [14.86111638, 56.93065518], [14.86102393, 56.93070412], [14.86056214, 56.93093596], [14.86007426, 56.93115125], [14.85956245, 56.93134936], [14.85945405, 56.93138759], [14.85892008, 56.93156752], [14.8583664, 56.93172856], [14.85790502, 56.93184283], [14.85765042, 56.93198795], [14.8571886, 56.93221978], [14.85715195, 56.93223708], [14.85666403, 56.93245235], [14.85639942, 56.9325548], [14.85635604, 56.93273672], [14.85623605, 56.93307277], [14.85620209, 56.93316758], [14.85604323, 56.93349882], [14.85584604, 56.93382392], [14.85561162, 56.93414151], [14.85553821, 56.93423915], [14.85526724, 56.93454799], [14.85526247, 56.93455292], [14.8549563, 56.93485175], [14.85461589, 56.9351394], [14.85450917, 56.9352273], [14.85413601, 56.9355026], [14.85373145, 56.9357644], [14.8532974, 56.93601169], [14.85317287, 56.93608026], [14.85271097, 56.93631207], [14.85222296, 56.93652733], [14.85171104, 56.9367254], [14.85156434, 56.9367793], [14.85103026, 56.93695919], [14.85047646, 56.93712021], [14.84990499, 56.93726179], [14.84974196, 56.93729905], [14.84915511, 56.9374205], [14.84855533, 56.93752144], [14.84794507, 56.93760145], [14.84786589, 56.93761016], [14.84724758, 56.93766886], [14.84662366, 56.937706], [14.84599672, 56.93772158], [14.84536918, 56.93771532], [14.84474364, 56.93768742], [14.84412265, 56.93763797], [14.84350854, 56.93756706], [14.842904, 56.93747504], [14.84231147, 56.93736229], [14.84173313, 56.93722926], [14.84117141, 56.93707649], [14.84090414, 56.9369919], [14.84063749, 56.93695132], [14.84004498, 56.93683856], [14.83946666, 56.93670552], [14.83939546, 56.93668774], [14.83883375, 56.93653495], [14.83829097, 56.93636306], [14.83776928, 56.93617278], [14.83727071, 56.93596474], [14.83685367, 56.9357666], [14.83675572, 56.9357309], [14.83625716, 56.93552286], [14.83578388, 56.93529797], [14.83533764, 56.93505721], [14.83492034, 56.93480149], [14.83453359, 56.93453188], [14.83417888, 56.93424938], [14.83385783, 56.93395516], [14.83357166, 56.93365039], [14.83332144, 56.93333641], [14.83319533, 56.93314592], [14.83315576, 56.9330874], [14.83307882, 56.93299083], [14.83286563, 56.93266882], [14.83280705, 56.93255889], [14.83277316, 56.93250181], [14.83259782, 56.93217303], [14.83253027, 56.93200803], [14.83249574, 56.93194323], [14.83235903, 56.93160901], [14.83232581, 56.93149418], [14.83221834, 56.9313797], [14.83196814, 56.93106572], [14.83175498, 56.9307437], [14.83157965, 56.93041491], [14.83144296, 56.9300807], [14.83134531, 56.92974249], [14.83133487, 56.92968365], [14.8312768, 56.92934271], [14.83125843, 56.92900048], [14.8312643, 56.92890142], [14.83128576, 56.92855924], [14.8313469, 56.92821847], [14.8314476, 56.92788053], [14.83148396, 56.92777792], [14.83162365, 56.92744407], [14.83177242, 56.92717015], [14.8318072, 56.92708693], [14.83185171, 56.92698065], [14.83202998, 56.92665233], [14.8320758, 56.92658422], [14.83216883, 56.9264128], [14.83225734, 56.92628124], [14.83217877, 56.92628042], [14.83155343, 56.92625245], [14.83093265, 56.92620284], [14.83044995, 56.92614713], [14.83040728, 56.92623599], [14.83038322, 56.92628446], [14.83018585, 56.92660952], [14.82995125, 56.92692706], [14.82968012, 56.92723585], [14.82967658, 56.92723934], [14.829648, 56.92747615], [14.82956693, 56.92781565], [14.82944672, 56.92815167], [14.82943685, 56.92817716], [14.82942177, 56.92821612], [14.82940029, 56.92826082], [14.82926269, 56.92854734], [14.8290653, 56.92887239], [14.82883069, 56.92918993], [14.82867162, 56.92937114], [14.82855953, 56.9294988], [14.82825318, 56.92979756], [14.82791261, 56.93008514], [14.8275393, 56.93036037], [14.82747541, 56.9304051], [14.82707072, 56.93066681], [14.82700238, 56.93070803], [14.82656822, 56.93095523], [14.82610621, 56.93118695], [14.82561812, 56.9314021], [14.82514793, 56.93158387], [14.82500096, 56.93175117], [14.82469456, 56.93204993], [14.82452752, 56.93219088], [14.8245109, 56.93220981], [14.82439642, 56.93232148], [14.82417143, 56.93262573], [14.82390021, 56.93293459], [14.8235938, 56.93323334], [14.82325315, 56.93352091], [14.82287977, 56.93379612], [14.82247501, 56.93405781], [14.822467, 56.93406238], [14.82230198, 56.93428561], [14.82225156, 56.93434644], [14.82198031, 56.9346553], [14.82167387, 56.93495404], [14.82133319, 56.9352416], [14.82117124, 56.93536083], [14.82111436, 56.93543781], [14.82084309, 56.93574666], [14.82053664, 56.93604541], [14.82019594, 56.93633296], [14.81982251, 56.93660817], [14.8194177, 56.93686985], [14.81898342, 56.93711703], [14.8188318, 56.93719639], [14.81836967, 56.93742808], [14.81819964, 56.93750301], [14.81797061, 56.93761782], [14.81748239, 56.93783294], [14.81697027, 56.93803087], [14.816436, 56.93821062], [14.8163634, 56.93823162], [14.81634407, 56.93824803], [14.8159706, 56.93852322], [14.81556574, 56.93878489], [14.81550227, 56.93882099], [14.81545125, 56.93888999], [14.81517991, 56.93919883], [14.81487338, 56.93949756], [14.81477196, 56.93959028], [14.81467628, 56.93967097], [14.81441428, 56.93992621], [14.81414565, 56.94023191], [14.8138391, 56.94053063], [14.81366231, 56.94067983], [14.81364209, 56.94071285], [14.81359746, 56.9407744], [14.81336264, 56.94109191], [14.81309127, 56.94140075], [14.8127847, 56.94169947], [14.8124439, 56.94198701], [14.81207035, 56.94226219], [14.81196221, 56.94234169], [14.81155728, 56.94260335], [14.81112287, 56.9428505], [14.81066062, 56.94308216], [14.81043812, 56.94318017], [14.81035991, 56.94334281], [14.81016228, 56.94366783], [14.81014684, 56.94369178], [14.80991197, 56.94400929], [14.80989233, 56.94403243], [14.80962091, 56.94434126], [14.80931429, 56.94463998], [14.80928692, 56.94466562], [14.80894606, 56.94495315], [14.80879823, 56.9450775], [14.80876462, 56.94510296], [14.80839102, 56.94537813], [14.80798603, 56.94563977], [14.8079534, 56.94565984], [14.80751893, 56.94590698], [14.80748279, 56.94592525], [14.80702047, 56.94615689], [14.80653208, 56.94637197], [14.80649283, 56.94638808], [14.80598052, 56.94658596], [14.80544608, 56.94676566], [14.80540413, 56.94677961], [14.80484999, 56.94694042], [14.8048056, 56.94695202], [14.80423381, 56.9470934], [14.80364666, 56.94721463], [14.80360039, 56.94722372], [14.80300033, 56.94732445], [14.80295259, 56.94733102], [14.80234206, 56.94741081], [14.80172352, 56.94746929], [14.80167484, 56.94747325], [14.80105071, 56.94751016], [14.80042358, 56.94752551], [14.80037451, 56.94752669], [14.79974682, 56.94752021], [14.79969776, 56.94751878], [14.79907208, 56.94749065], [14.79906409, 56.94749001], [14.79895023, 56.94748884], [14.79875737, 56.94748413], [14.7981317, 56.947456], [14.79808766, 56.94745251], [14.79746658, 56.94740283], [14.79685239, 56.94733168], [14.79667956, 56.94730841], [14.79607498, 56.94721617], [14.79548244, 56.9471032], [14.79490412, 56.94696995], [14.79434244, 56.94681697], [14.79379972, 56.94664488], [14.79327811, 56.94645442], [14.79277965, 56.9462462], [14.79230649, 56.94602114], [14.79186041, 56.94578023], [14.79144328, 56.94552436], [14.79105674, 56.94525462], [14.79070226, 56.944972], [14.79038146, 56.94467767], [14.79009556, 56.9443728], [14.78984564, 56.94405874], [14.78963276, 56.94373666], [14.78945774, 56.94340781], [14.78938595, 56.94323173], [14.78932927, 56.94309296], [14.78932138, 56.94307355], [14.78922408, 56.94273531], [14.78916637, 56.94239435], [14.78914838, 56.94205212], [14.78915091, 56.94201197], [14.78907151, 56.94191214], [14.78905121, 56.94188381], [14.78883835, 56.94156173], [14.78866335, 56.94123288], [14.78865021, 56.9412078], [14.78851386, 56.94087354], [14.7885052, 56.94084792], [14.78850042, 56.94083121], [14.78848748, 56.94081745], [14.78823759, 56.94050338], [14.78816858, 56.94041434], [14.78795574, 56.94009225], [14.78778075, 56.9397634], [14.78764442, 56.93942914], [14.7876085, 56.93933441], [14.78751122, 56.93899617], [14.78745354, 56.93865522], [14.78743556, 56.93831298], [14.78743421, 56.93821633], [14.78745608, 56.93787417], [14.78751764, 56.93753341], [14.78761876, 56.93719551], [14.78765182, 56.93710054], [14.78779194, 56.93676674], [14.78797064, 56.93643849], [14.7881871, 56.93611713], [14.78825361, 56.93602752], [14.78850701, 56.9357143], [14.78879627, 56.9354104], [14.78912029, 56.93511715], [14.78921736, 56.9350363], [14.78957492, 56.93475487], [14.78996437, 56.93448644], [14.79038422, 56.93423197], [14.7905196, 56.93415675], [14.79096823, 56.93391733], [14.79144372, 56.93369384], [14.79151993, 56.93365912], [14.79202052, 56.93345257], [14.7921802, 56.93339319], [14.79270372, 56.93320446], [14.79324814, 56.93303416], [14.79335507, 56.93300542], [14.79344925, 56.93283241], [14.79346716, 56.93280369], [14.79368355, 56.93248232], [14.79395567, 56.93210545], [14.794209, 56.93179222], [14.79423233, 56.93176397], [14.79452151, 56.93146005], [14.79454589, 56.93143701], [14.79486983, 56.93114375], [14.7952273, 56.9308623], [14.79525574, 56.9308407], [14.79564511, 56.93057225], [14.79567719, 56.93055227], [14.79577507, 56.93049288], [14.79605087, 56.93030274], [14.79647064, 56.93004825], [14.79691917, 56.9298088], [14.7970473, 56.9297421], [14.7975227, 56.92951859], [14.79802321, 56.92931201], [14.79813276, 56.92927249], [14.798138, 56.92925463], [14.79807464, 56.92924734], [14.79747034, 56.92915511], [14.79742419, 56.92914722], [14.79691747, 56.92905056], [14.79674047, 56.92903644], [14.79672639, 56.9290348], [14.79663276, 56.92903707], [14.79600538, 56.92903057], [14.79597355, 56.92902935], [14.79565484, 56.929015], [14.79554834, 56.92904141], [14.79547551, 56.92905638], [14.79509728, 56.929223], [14.79458515, 56.92942084], [14.7940509, 56.9296005], [14.79402335, 56.92960934], [14.79346942, 56.9297701], [14.79289784, 56.92991143], [14.79231093, 56.93003261], [14.79228068, 56.9300383], [14.79168087, 56.93013898], [14.7910706, 56.93021871], [14.79045233, 56.93027713], [14.79042075, 56.93027951], [14.7897969, 56.93031636], [14.78917005, 56.93033165], [14.78854265, 56.93032511], [14.78849456, 56.93032351], [14.78786918, 56.93029532], [14.7872484, 56.93024559], [14.787188, 56.93024027], [14.78657412, 56.93016908], [14.78652768, 56.93016235], [14.78592341, 56.93007007], [14.78533117, 56.92995705], [14.78475315, 56.92982375], [14.78472447, 56.92981607], [14.78416309, 56.92966304], [14.78362067, 56.92949091], [14.78343463, 56.92942295], [14.78336024, 56.92940262], [14.78333238, 56.92939395], [14.78278996, 56.92922181], [14.78226865, 56.9290313], [14.78177048, 56.92882304], [14.78174643, 56.92881168], [14.78127356, 56.92858658], [14.78082776, 56.92834563], [14.7804109, 56.92808972], [14.78002461, 56.92781995], [14.78000492, 56.92780617], [14.77965068, 56.92752352], [14.77947538, 56.92736253], [14.77905411, 56.92760456], [14.77314764, 56.92362601], [14.76387764, 56.92093442], [14.763809, 56.92097283], [14.76334672, 56.92120431], [14.76285841, 56.92141922], [14.76277028, 56.9214539], [14.76225809, 56.92165161], [14.7617238, 56.92183112], [14.76116984, 56.92199174], [14.76059826, 56.92213292], [14.76051048, 56.92215395], [14.75992359, 56.92227497], [14.75932381, 56.92237549], [14.75871361, 56.92245507], [14.75809541, 56.92251333], [14.75747166, 56.92255003], [14.75684493, 56.92256515], [14.75667113, 56.92256571], [14.75604387, 56.92255901], [14.75541865, 56.92253067], [14.75479803, 56.92248077], [14.75469027, 56.92247104], [14.75407658, 56.92239968], [14.7534725, 56.92230724], [14.75288049, 56.92219407], [14.75273723, 56.92216576], [14.75215944, 56.92203232], [14.75167579, 56.92190031], [14.75119817, 56.92196259], [14.75116699, 56.92196657], [14.75096352, 56.92198925], [14.75095986, 56.9219896], [14.75092706, 56.92199277], [14.75092353, 56.92199321], [14.75030533, 56.92205144], [14.7500981, 56.92206881], [14.75006693, 56.92207108], [14.74944318, 56.92210774], [14.74923409, 56.92211971], [14.74922975, 56.92211989], [14.74920008, 56.92212117], [14.74919344, 56.92212152], [14.74898425, 56.92212775], [14.74835753, 56.92214283], [14.74832556, 56.9221434], [14.74811532, 56.92214414], [14.74748807, 56.9221374], [14.7474878, 56.9221374], [14.74744744, 56.92213696], [14.74723819, 56.92213213], [14.74720609, 56.9221309], [14.74658088, 56.92210251], [14.74637167, 56.92209202], [14.74637018, 56.92209193], [14.74633471, 56.9220897], [14.74633349, 56.92208961], [14.74616344, 56.92207687], [14.74554285, 56.92202693], [14.74551686, 56.92202463], [14.74534819, 56.92200812], [14.74473452, 56.92193681], [14.74470583, 56.92193316], [14.74455208, 56.92191533], [14.74431039, 56.92188089], [14.74391189, 56.9218198], [14.7438998, 56.92182454], [14.74336542, 56.92200398], [14.74332428, 56.92201727], [14.74277024, 56.92217781], [14.74272696, 56.92218877], [14.74215531, 56.92232986], [14.74156835, 56.9224508], [14.74152345, 56.92245951], [14.74092362, 56.92255994], [14.74087739, 56.92256623], [14.74026714, 56.92264571], [14.73964891, 56.92270388], [14.73960161, 56.92270764], [14.73897784, 56.92274425], [14.73893028, 56.92274549], [14.73830354, 56.92276053], [14.73767628, 56.92275374], [14.73762861, 56.92275247], [14.7370034, 56.92272403], [14.73695615, 56.92272034], [14.73633556, 56.92267035], [14.73572189, 56.92259891], [14.73567561, 56.92259261], [14.73507158, 56.92250008], [14.73447962, 56.92238682], [14.73443471, 56.92237819], [14.73385699, 56.92224466], [14.73381372, 56.92223361], [14.73325266, 56.92208035], [14.73271058, 56.921908], [14.7326626, 56.92189254], [14.7318702, 56.92160801], [14.73134925, 56.92141728], [14.73130374, 56.92139904], [14.73080595, 56.92119058], [14.73033349, 56.92096529], [14.73029745, 56.92094778], [14.72985207, 56.92070665], [14.72981929, 56.92068718], [14.72940287, 56.9204311], [14.72901703, 56.92016117], [14.72898793, 56.92014009], [14.72877354, 56.9199687], [14.72843529, 56.91986109], [14.72839408, 56.91984743], [14.72787318, 56.91965669], [14.72782213, 56.91963565], [14.72732439, 56.91942718], [14.72685197, 56.91920187], [14.72681648, 56.9191841], [14.72637114, 56.91894295], [14.72595476, 56.91868687], [14.72556896, 56.91841693], [14.7255501, 56.91840287], [14.72519637, 56.91812007], [14.72487632, 56.91782557], [14.72459116, 56.91752055], [14.72458002, 56.9175075], [14.72419154, 56.91747619], [14.72414348, 56.91747205], [14.72352993, 56.91740054], [14.72348285, 56.91739379], [14.72287893, 56.9173012], [14.72228709, 56.91718788], [14.72224138, 56.91717862], [14.72166378, 56.91704503], [14.72162012, 56.91703344], [14.72105919, 56.91688013], [14.72051724, 56.91670772], [14.72047577, 56.9166938], [14.71995495, 56.91650303], [14.71990972, 56.91648415], [14.71941207, 56.91627565], [14.719313, 56.91622998], [14.71882602, 56.91602598], [14.71878228, 56.91600729], [14.71830995, 56.91578195], [14.71827555, 56.91576409], [14.71783031, 56.91552291], [14.71741403, 56.9152668], [14.71738289, 56.91524715], [14.71699719, 56.91497718], [14.71696959, 56.91495601], [14.71661595, 56.91467318], [14.716296, 56.91437866], [14.71627234, 56.91435606], [14.71625447, 56.91433689], [14.71614064, 56.91427519], [14.71572438, 56.91401907], [14.71561309, 56.913944], [14.71522742, 56.91367403], [14.71487381, 56.91339119], [14.71455388, 56.91309667], [14.71447152, 56.91301106], [14.71418648, 56.91270602], [14.7139374, 56.9123918], [14.71372536, 56.91206959], [14.71367502, 56.91197687], [14.71356208, 56.91176374], [14.71020226, 56.91894083], [14.71020198, 56.91894137], [14.70722423, 56.91854139], [14.70362092, 56.91881044], [14.70359406, 56.91883373], [14.70092176, 56.92115078], [14.70074976, 56.92129983], [14.69909906, 56.92272128], [14.69324613, 56.924276], [14.69081099, 56.92555674], [14.69054909, 56.92569235], [14.68142053, 56.92787877], [14.68092461, 56.92799759], [14.68038605, 56.92811226], [14.6796122, 56.92866599], [14.67931115, 56.92882446], [14.67882201, 56.92905189], [14.67866885, 56.92912299], [14.67792943, 56.9293847], [14.6772844, 56.92952612], [14.67640116, 56.9296697], [14.67621285, 56.92968287], [14.67616582, 56.92968517], [14.67563604, 56.92972017], [14.67434644, 56.92974278], [14.67358224, 56.92976638], [14.67279534, 56.92973586], [14.67222942, 56.92972108], [14.67186191, 56.92966793], [14.67155419, 56.92954811], [14.67140204, 56.9296722], [14.67108278, 56.92960122], [14.67038338, 56.92957396], [14.66929573, 56.92974138], [14.66923711, 56.92975182], [14.66885349, 56.92982006], [14.66851687, 56.92984413], [14.66812699, 56.92982298], [14.66797952, 56.92981504], [14.66765452, 56.92979658], [14.66671617, 56.92988596], [14.66598274, 56.92978503], [14.66597062, 56.92983718], [14.66592315, 56.9300854], [14.66576143, 56.93092926], [14.66502626, 56.93083891], [14.66480133, 56.93081127], [14.66407037, 56.93076521], [14.66252799, 56.93085402], [14.66120872, 56.93093003], [14.66060649, 56.93095786], [14.66051303, 56.93089545], [14.66046953, 56.93086641], [14.65962393, 56.93030239], [14.65914792, 56.93008517], [14.65832778, 56.92963007], [14.65776808, 56.92914343], [14.65757026, 56.9291004], [14.65744225, 56.92900934], [14.65728258, 56.92900252], [14.65715027, 56.92892312], [14.65686862, 56.9287737], [14.65686849, 56.9287737], [14.65678088, 56.92918141], [14.65650976, 56.92940422], [14.65553351, 56.92953186], [14.65516876, 56.92959382], [14.65490522, 56.9296257], [14.65458979, 56.92962833], [14.65427412, 56.92964174], [14.65272104, 56.92951304], [14.65268103, 56.92976621], [14.65273647, 56.93001121], [14.65284594, 56.9303178], [14.652937, 56.93046248], [14.65295162, 56.93063883], [14.65286733, 56.93083045], [14.65282751, 56.93107644], [14.65282697, 56.93132452], [14.65277405, 56.93156679], [14.65265295, 56.93189833], [14.6526087, 56.93218383], [14.65260492, 56.93254705], [14.6525581, 56.93303562], [14.65203571, 56.9330418], [14.65167713, 56.93306209], [14.65136084, 56.93309525], [14.65065925, 56.93322478], [14.6492983, 56.93778958], [14.65039735, 56.93968333], [14.65431287, 56.94200703], [14.65464837, 56.94186748], [14.6547548, 56.94202477], [14.65481901, 56.94210157], [14.65494209, 56.94220232], [14.65522347, 56.94240573], [14.65538523, 56.94250075], [14.65557062, 56.94259009], [14.65575472, 56.9426735], [14.65596236, 56.94276075], [14.6560692, 56.94280119], [14.6561792, 56.94283571], [14.6563862, 56.94289071], [14.65663109, 56.94295075], [14.6568298, 56.9429936], [14.65708202, 56.94303876], [14.65725461, 56.94306177], [14.65742565, 56.94307706], [14.65758263, 56.94308836], [14.6576843, 56.94310067], [14.65779618, 56.94312326], [14.6580446, 56.94319794], [14.65821178, 56.94323496], [14.65832796, 56.9432474], [14.65842514, 56.94324659], [14.65850315, 56.94323872], [14.65860103, 56.94322102], [14.65872834, 56.94320134], [14.65881766, 56.94320122], [14.65889496, 56.94321033], [14.65899232, 56.94323529], [14.65910173, 56.94327619], [14.6592029, 56.94332811], [14.65930963, 56.9433954], [14.65942257, 56.94348068], [14.65943368, 56.94330278], [14.65960407, 56.94289834], [14.65859042, 56.94280989], [14.65874462, 56.94238305], [14.65884074, 56.94239445], [14.66196611, 56.94285517], [14.66316432, 56.94344447], [14.6643346, 56.94387353], [14.66489836, 56.94424392], [14.66582934, 56.94517064], [14.66623244, 56.94539779], [14.66709231, 56.94570277], [14.66841156, 56.94602153], [14.66933153, 56.94640076], [14.67232983, 56.9480957], [14.67419642, 56.94965918], [14.67610407, 56.95100772], [14.67717551, 56.95159296], [14.67833647, 56.95216028], [14.67866423, 56.95233833], [14.68118779, 56.95368873], [14.68121476, 56.95369033], [14.68122224, 56.95367131], [14.68404944, 56.95219756], [14.684661, 56.95188941], [14.68936895, 56.95393638], [14.69024322, 56.9543165], [14.6911756, 56.95447634], [14.69148822, 56.95465846], [14.69179467, 56.95493064], [14.69166008, 56.95532075], [14.69141638, 56.95578864], [14.69118099, 56.95595583], [14.68828088, 56.95575158], [14.68812704, 56.95736989], [14.69191846, 56.95755955], [14.69192585, 56.95807701], [14.69080309, 56.95823663], [14.6907521, 56.95900651], [14.69050798, 56.95920997], [14.68911951, 56.9603677], [14.68882593, 56.96076073], [14.68837881, 56.96158019], [14.68869654, 56.96167466], [14.68892698, 56.96173361], [14.68908055, 56.96175744], [14.6892842, 56.96176046], [14.6897452, 56.96168445], [14.68989119, 56.96165796], [14.69045463, 56.96170381], [14.69073605, 56.96173127], [14.6912664, 56.96171201], [14.69158643, 56.96175978], [14.69450463, 56.96131929], [14.69541731, 56.96117421], [14.69666951, 56.96096394], [14.69669735, 56.96095924], [14.69679526, 56.96084029], [14.69772161, 56.96059509], [14.69829431, 56.96051896], [14.69878694, 56.96046688], [14.69867847, 56.96066826], [14.69857879, 56.96082125], [14.69821134, 56.96113742], [14.69808873, 56.96122559], [14.69806684, 56.96146778], [14.69804054, 56.9616002], [14.69804427, 56.96172613], [14.69810817, 56.96177281], [14.69812677, 56.96178651], [14.6983718, 56.96188707], [14.69867544, 56.96193459], [14.69892601, 56.96198666], [14.69945811, 56.96207174], [14.69983225, 56.96215428], [14.70013428, 56.96223234], [14.70056558, 56.96235714], [14.70068164, 56.96239344], [14.70095108, 56.9624777], [14.70137185, 56.96254661], [14.70178316, 56.9626119], [14.7022828, 56.96261911], [14.7030387, 56.96263006], [14.70344177, 56.96265743], [14.703916, 56.9626546], [14.70396835, 56.96265418], [14.70418648, 56.96269467], [14.70419962, 56.96269712], [14.70407576, 56.96314798], [14.7031958, 56.9633717], [14.70315993, 56.96338078], [14.70332475, 56.96356143], [14.70505464, 56.96545591], [14.70517066, 56.96553244], [14.7051855, 56.96554227], [14.70903145, 56.96546478], [14.70965152, 56.96544134], [14.71008168, 56.965425], [14.71027119, 56.96541789], [14.71034164, 56.96570637], [14.71034281, 56.96572937], [14.71036307, 56.96607315], [14.71042865, 56.9661853], [14.71043279, 56.96619277], [14.71044368, 56.96630964], [14.71044845, 56.96641214], [14.71044915, 56.96653249], [14.71051611, 56.96671121], [14.71060805, 56.9668527], [14.71078185, 56.96693062], [14.71102157, 56.96693764], [14.71137269, 56.96695524], [14.71153127, 56.96696746], [14.71192763, 56.96697404], [14.71225259, 56.96698951], [14.71247564, 56.9669779], [14.72499802, 56.96967004], [14.72499829, 56.96967013], [14.7249987, 56.9696695], [14.72896376, 56.9635702], [14.73654247, 56.96416006], [14.76497935, 56.96647238], [14.76383612, 56.97189322], [14.76946658, 56.97212853], [14.77081964, 56.97218311], [14.77416812, 56.97108795], [14.78381029, 56.97196372], [14.78381204, 56.97196633], [14.78381108, 56.97196821], [14.78243303, 56.97443041], [14.78316057, 56.97890098], [14.78249421, 56.98190043], [14.78289492, 56.98265766], [14.78435116, 56.98347527], [14.78938568, 56.98474613], [14.79784418, 56.97007659], [14.79784431, 56.97007605], [14.79784472, 56.97007605], [14.80318255, 56.97075181], [14.81680535, 56.98487603], [14.81831687, 56.98504197], [14.84099411, 56.9876204], [14.84376636, 56.99036843], [14.84627126, 56.99147026], [14.85166929, 56.99444576], [14.85743636, 56.99189618], [14.8575509, 56.99185967], [14.85942494, 56.99188954], [14.86390142, 56.99189709], [14.86579846, 56.99066497], [14.86780309, 56.98936278], [14.86961841, 56.98818368], [14.87803585, 56.98940075], [14.87936446, 56.98886699], [14.87941558, 56.98808061], [14.87954907, 56.98603201], [14.87964101, 56.9846209], [14.879657, 56.98437329], [14.8796882, 56.98261003], [14.87969681, 56.9815379], [14.8797022, 56.98087703], [14.88010128, 56.97971132], [14.88010295, 56.97970018], [14.88012623, 56.97954796], [14.8801243, 56.97942949], [14.88013839, 56.97935226], [14.88016254, 56.97926615], [14.88025235, 56.97918037], [14.88032269, 56.9791173], [14.88036201, 56.97908204], [14.88045865, 56.9789836], [14.88060573, 56.97889276], [14.88061755, 56.97888549], [14.88078102, 56.97897223], [14.8807893, 56.9790979], [14.88080125, 56.97909494], [14.88698269, 56.97754047], [14.88730593, 56.9774592], [14.8901395, 56.98032626], [14.89075267, 56.98094662], [14.89236556, 56.98191499], [14.8932098, 56.98226465], [14.89383445, 56.98254891], [14.89478968, 56.98310066], [14.89480106, 56.98310722], [14.8947437, 56.98324172], [14.89466607, 56.98339228], [14.89466155, 56.98350356], [14.89473223, 56.9836511], [14.89475696, 56.98378234], [14.89472166, 56.98398332], [14.89473647, 56.98411985], [14.89488564, 56.98458011], [14.89483157, 56.98470204], [14.89475782, 56.98482206], [14.89474002, 56.98492974], [14.89471769, 56.98515058], [14.89464991, 56.98531911], [14.8946505, 56.98554356], [14.8943921, 56.9857042], [14.89418312, 56.98585788], [14.89403797, 56.98598772], [14.89398709, 56.98603322], [14.89373684, 56.98633389], [14.89362666, 56.98647724], [14.89358899, 56.98660277], [14.89353654, 56.98686661], [14.89347202, 56.98731707], [14.89345108, 56.98756773], [14.89344897, 56.9875936], [14.89357612, 56.98768739], [14.89355378, 56.98790823], [14.89357839, 56.98831772], [14.89341676, 56.98837282], [14.89322491, 56.98846005], [14.89306516, 56.98861395], [14.89291852, 56.98878573], [14.89289419, 56.9888934], [14.89282984, 56.98909256], [14.89282587, 56.98910504], [14.89291191, 56.98933891], [14.89291702, 56.9894484], [14.8929273, 56.98969631], [14.89287841, 56.98994757], [14.89284597, 56.99018448], [14.89279896, 56.99053625], [14.89278003, 56.99074802], [14.89280349, 56.99098875], [14.89279447, 56.99119883], [14.89275396, 56.99155429], [14.89276409, 56.99180749], [14.89274936, 56.99220977], [14.89268606, 56.99255964], [14.89267668, 56.99280204], [14.89254272, 56.99299548], [14.89231274, 56.99325863], [14.89216598, 56.99341793], [14.89210896, 56.99351641], [14.89207705, 56.99371209], [14.89200238, 56.99390756], [14.89191024, 56.99418555], [14.89187076, 56.99446197], [14.89184841, 56.99468102], [14.89194042, 56.9949615], [14.89201601, 56.99524728], [14.89211761, 56.99554753], [14.8922168, 56.99578851], [14.89234945, 56.99596143], [14.8924077, 56.99604779], [14.89253489, 56.99613628], [14.89261228, 56.99626766], [14.89271526, 56.99646732], [14.89277968, 56.99658063], [14.89292329, 56.99667093], [14.89317872, 56.99676896], [14.89339137, 56.99687566], [14.89355431, 56.99699292], [14.89374062, 56.9971067], [14.89390012, 56.99724021], [14.89399698, 56.99740215], [14.89397143, 56.99760502], [14.89403205, 56.99776683], [14.89429208, 56.99811105], [14.89475633, 56.99871995], [14.8980778, 57.00312021], [14.90019911, 57.00217884], [14.90850481, 56.99752092], [14.9452791, 56.99636858], [14.94633418, 57.0001779], [14.96095381, 57.00139673], [14.9735968, 57.00244936], [14.9783883, 57.00288428], [14.98048024, 57.00307404], [14.98446776, 57.00339013], [14.98833828, 57.00171161]]]}, "properties": {"deso": "0780A0050", "pop": 1353.0, "income": 377.1, "male_frac": 0.5321, "child_frac": 0.2025, "elder_frac": 0.2203, "dependency": 0.7324, "needZ": -0.0026, "needZ_v1": 0.0227, "regso": "0780R013", "higher_ed": 59.3, "neet": 7.6, "income_support": 0.1}}, {"type": "Feature", "geometry": {"type": "Polygon", "coordinates": [[[14.88643984, 57.03776683], [14.88268534, 57.02964857], [14.88673373, 57.02624871], [14.88674987, 57.02625833], [14.88673373, 57.02624862], [14.88709893, 57.026043], [14.88760014, 57.02604992], [14.88791567, 57.02605271], [14.88827386, 57.026056], [14.88836674, 57.02611069], [14.88875277, 57.02611463], [14.88941277, 57.0261215], [14.88940909, 57.02607793], [14.8895832, 57.02604234], [14.8913998, 57.02615027], [14.89124258, 57.02570483], [14.8911257, 57.02484392], [14.89078586, 57.02447017], [14.89508099, 57.0229846], [14.89577869, 57.02274914], [14.89751109, 57.02369185], [14.89819881, 57.02402527], [14.90008312, 57.02504252], [14.90038062, 57.0251808], [14.90038076, 57.0251808], [14.90667968, 57.02461946], [14.90668023, 57.02461946], [14.90677264, 57.02470737], [14.90677359, 57.02470826], [14.9078404, 57.02398846], [14.90865163, 57.02351563], [14.90989638, 57.02265133], [14.91079432, 57.02201958], [14.91079282, 57.02201904], [14.9090897, 57.02138856], [14.90908997, 57.02138838], [14.90961027, 57.02100057], [14.90695441, 57.01942118], [14.9080095, 57.01766794], [14.90867087, 57.01766483], [14.90884575, 57.01762238], [14.90888752, 57.01742311], [14.90888603, 57.01742293], [14.90789165, 57.01732547], [14.90789138, 57.01732484], [14.90742251, 57.01604811], [14.91338643, 57.01675942], [14.91383139, 57.01660955], [14.91434421, 57.01641123], [14.91437004, 57.01640092], [14.91485859, 57.01618533], [14.91532124, 57.01595338], [14.9157558, 57.01570587], [14.91577756, 57.01569295], [14.91618242, 57.01543087], [14.91655592, 57.01515547], [14.9168966, 57.01486757], [14.91691333, 57.01485258], [14.9172198, 57.0145536], [14.91749071, 57.01424463], [14.91772524, 57.01392693], [14.91774173, 57.01390206], [14.91793866, 57.01357687], [14.91809731, 57.01324555], [14.91824138, 57.01293632], [14.9183612, 57.01260013], [14.91837311, 57.01255711], [14.91837872, 57.01253637], [14.91845903, 57.01219682], [14.9184997, 57.0118551], [14.91850045, 57.01151272], [14.918499, 57.01149502], [14.91845982, 57.01115325], [14.918381, 57.0108136], [14.91826266, 57.01047725], [14.9182551, 57.01046036], [14.91809792, 57.01012883], [14.91790244, 57.00980339], [14.91766934, 57.00948538], [14.91765566, 57.00946956], [14.91738615, 57.00916023], [14.91708106, 57.00886085], [14.91674173, 57.0085725], [14.91672289, 57.00855856], [14.91635069, 57.00828258], [14.9159471, 57.00801995], [14.91551374, 57.00777186], [14.91505226, 57.00753928], [14.91502853, 57.0075275], [14.91454108, 57.00731125], [14.91402929, 57.00711222], [14.91349534, 57.00693132], [14.91346808, 57.00692232], [14.91291427, 57.00676027], [14.91234263, 57.0066176], [14.91175547, 57.00649504], [14.91171015, 57.00648611], [14.91111005, 57.00638402], [14.91086943, 57.00635061], [14.91025856, 57.00626943], [14.90963936, 57.00620953], [14.90959171, 57.00620563], [14.90947823, 57.00619863], [14.90891881, 57.00612431], [14.90829961, 57.0060644], [14.90815233, 57.00605531], [14.90809226, 57.00602868], [14.90799068, 57.00598513], [14.90747895, 57.00578608], [14.90729732, 57.00572299], [14.90676343, 57.00554206], [14.90620966, 57.00537997], [14.90609449, 57.00534809], [14.9055229, 57.00520539], [14.9054153, 57.00518295], [14.905402, 57.00517899], [14.90484826, 57.0050169], [14.90427668, 57.00487419], [14.90423082, 57.00486383], [14.90364372, 57.00474123], [14.90304367, 57.00463909], [14.9029959, 57.00463124], [14.90238508, 57.00455002], [14.90233622, 57.00454477], [14.90171706, 57.00448483], [14.90109228, 57.00444634], [14.90104274, 57.00444388], [14.90041478, 57.00442713], [14.90036496, 57.00442736], [14.89973626, 57.00443233], [14.89910941, 57.00445895], [14.89905999, 57.00446197], [14.89843755, 57.00451014], [14.89782185, 57.00457979], [14.89777323, 57.0045855], [14.89716697, 57.00467626], [14.89711957, 57.00468457], [14.89652505, 57.00479608], [14.89594473, 57.0049279], [14.89589909, 57.00493882], [14.89533541, 57.00509041], [14.89529206, 57.00510376], [14.89474706, 57.00527449], [14.89422304, 57.00546365], [14.8941824, 57.00547933], [14.8936814, 57.0056863], [14.89320561, 57.00591016], [14.89316808, 57.005928], [14.89271925, 57.00616779], [14.89268512, 57.00618761], [14.89226515, 57.00644242], [14.89187568, 57.00671126], [14.89184548, 57.00673279], [14.89148801, 57.00701451], [14.89146187, 57.00703766], [14.89113803, 57.00733117], [14.89084905, 57.00763521], [14.89082371, 57.00766375], [14.89076553, 57.00773583], [14.89072693, 57.00774872], [14.89064838, 57.00777704], [14.89040327, 57.00783916], [14.89033098, 57.00785858], [14.89031509, 57.00786243], [14.88975134, 57.008014], [14.88960554, 57.00805411], [14.88957429, 57.00806333], [14.88922137, 57.00817367], [14.88875035, 57.008321], [14.88827907, 57.00846851], [14.88790045, 57.00858691], [14.88735537, 57.00875761], [14.88730847, 57.008774], [14.88678423, 57.00896313], [14.88628328, 57.00917007], [14.8862459, 57.00918611], [14.88577001, 57.00940995], [14.88573546, 57.00942788], [14.88528654, 57.00966764], [14.88486648, 57.00992242], [14.88483533, 57.00994206], [14.88444577, 57.01021088], [14.88441828, 57.01023206], [14.88406072, 57.01051375], [14.88373679, 57.01080724], [14.88371323, 57.01082985], [14.88342416, 57.01113388], [14.88341393, 57.01114618], [14.88305471, 57.01117395], [14.88302307, 57.01117644], [14.88240722, 57.01124601], [14.88180081, 57.01133669], [14.88120615, 57.01144813], [14.88117598, 57.01145394], [14.88059551, 57.01158569], [14.88003166, 57.01173721], [14.87948649, 57.01190787], [14.87945903, 57.01191683], [14.87893484, 57.01210593], [14.8788723, 57.01213173], [14.87873968, 57.01216187], [14.87817582, 57.01231338], [14.87763063, 57.01248404], [14.87710642, 57.01267313], [14.87695905, 57.01272688], [14.87645786, 57.01293377], [14.87598186, 57.01315757], [14.87553283, 57.01339729], [14.87540768, 57.0134657], [14.87498751, 57.01372045], [14.87459784, 57.01398924], [14.87424017, 57.01427091], [14.87414172, 57.01435137], [14.87381768, 57.01464484], [14.8735285, 57.01494884], [14.87327526, 57.01526223], [14.87320747, 57.01535152], [14.87299127, 57.01567312], [14.87281294, 57.01600148], [14.87267315, 57.01633528], [14.87263874, 57.01643018], [14.87253832, 57.01676824], [14.87247726, 57.01710903], [14.87245613, 57.01745121], [14.8724562, 57.01754785], [14.872475, 57.01789007], [14.87253372, 57.01823098], [14.87263184, 57.01856924], [14.87266682, 57.01866475], [14.87236642, 57.01890138], [14.87204232, 57.01919484], [14.87175309, 57.01949884], [14.87149981, 57.01981222], [14.87148699, 57.0198282], [14.87127075, 57.02014979], [14.87109238, 57.02047815], [14.87095256, 57.02081195], [14.87094557, 57.020829], [14.87084512, 57.02116706], [14.87078404, 57.02150785], [14.87076289, 57.02185003], [14.87076215, 57.02186745], [14.87078093, 57.02220967], [14.87083965, 57.02255058], [14.87093776, 57.02288884], [14.87094609, 57.02291472], [14.87108361, 57.0232488], [14.87120449, 57.02348559], [14.87122271, 57.02351974], [14.87120918, 57.02373807], [14.87122797, 57.02408029], [14.87122913, 57.02409771], [14.87128785, 57.02443863], [14.87138597, 57.02477689], [14.8715235, 57.02511096], [14.87153469, 57.02513648], [14.87171081, 57.02546521], [14.87175742, 57.02553927], [14.87197147, 57.0258613], [14.87222264, 57.02617519], [14.87224266, 57.02619893], [14.87252986, 57.02650352], [14.87285201, 57.02679763], [14.87311509, 57.02700645], [14.87317007, 57.02705663], [14.87341378, 57.02725007], [14.8735211, 57.02745029], [14.87373517, 57.02777232], [14.87375504, 57.02780126], [14.87399878, 57.02810957], [14.87424998, 57.02842346], [14.87453721, 57.02872805], [14.8748594, 57.02902216], [14.87521532, 57.02930454], [14.87560334, 57.0295741], [14.87602198, 57.02982969], [14.87646962, 57.0300703], [14.87694435, 57.03029504], [14.8774444, 57.03050291], [14.87796762, 57.03069303], [14.87851196, 57.03086474], [14.87907524, 57.03101735], [14.87965504, 57.03115021], [14.88003886, 57.03122288], [14.88005567, 57.03152899], [14.88005965, 57.03155953], [14.88011846, 57.03190044], [14.88021668, 57.03223869], [14.88022475, 57.03226456], [14.88036239, 57.03259863], [14.88037508, 57.03262397], [14.88048744, 57.03283371], [14.88043071, 57.03302478], [14.88036971, 57.03336558], [14.88035855, 57.03345601], [14.88033747, 57.03379819], [14.88035635, 57.03414041], [14.88036253, 57.03424631], [14.88042135, 57.03458722], [14.88051958, 57.03492547], [14.88065723, 57.03525954], [14.88069755, 57.03535406], [14.88087381, 57.03568278], [14.88108799, 57.03600479], [14.8813393, 57.03631867], [14.88141294, 57.03640703], [14.88170029, 57.0367116], [14.8820226, 57.03700569], [14.88237865, 57.03728805], [14.88248248, 57.03736682], [14.88287064, 57.03763637], [14.88328943, 57.03789192], [14.8837372, 57.03813251], [14.88386731, 57.03819864], [14.88434218, 57.03842336], [14.88484225, 57.0386312], [14.88536575, 57.03882128], [14.8855171, 57.03887235], [14.8860616, 57.03904403], [14.88662504, 57.0391966], [14.88688005, 57.03925503], [14.88643984, 57.03776683]]]}, "properties": {"deso": "0780B2010", "pop": 1414.0, "income": 307.8, "male_frac": 0.5117, "child_frac": 0.2143, "elder_frac": 0.2581, "dependency": 0.8954, "needZ": 0.5561, "needZ_v1": 0.9718, "regso": "0780R011", "higher_ed": null, "neet": 12.6, "income_support": 1.1}}, {"type": "Feature", "geometry": {"type": "Polygon", "coordinates": [[[14.89566958, 57.04027166], [14.89571755, 57.04026972], [14.89634314, 57.04023225], [14.89696321, 57.0401733], [14.89701065, 57.04016876], [14.89762249, 57.04008852], [14.89766884, 57.04008155], [14.89827, 57.03998037], [14.89885831, 57.03985869], [14.89890318, 57.03984921], [14.89947604, 57.0397074], [14.89951901, 57.03969567], [14.90007412, 57.03953445], [14.90060944, 57.03935434], [14.90065024, 57.03934036], [14.90116345, 57.03914209], [14.9012014, 57.03912596], [14.90169033, 57.03891051], [14.90215334, 57.03867852], [14.90218831, 57.0386605], [14.90262323, 57.03841303], [14.9026548, 57.0383933], [14.90306, 57.03813126], [14.90343383, 57.03785581], [14.90346174, 57.03783446], [14.90380272, 57.03754659], [14.90382669, 57.03752389], [14.90413346, 57.03722494], [14.90425106, 57.03709094], [14.90434451, 57.03704969], [14.90480748, 57.03681778], [14.90524237, 57.03657031], [14.90536103, 57.03649837], [14.90576618, 57.03623632], [14.90613998, 57.03596095], [14.90648092, 57.03567308], [14.90657148, 57.03558998], [14.9068782, 57.03529103], [14.90714935, 57.03498208], [14.9073841, 57.0346644], [14.90744302, 57.03457319], [14.90764015, 57.03424802], [14.90779899, 57.03391671], [14.90783073, 57.03382791], [14.90818494, 57.03359878], [14.90843125, 57.03343504], [14.90844078, 57.03342804], [14.90845262, 57.03341961], [14.90846228, 57.03341297], [14.90883603, 57.0331376], [14.90905109, 57.03297231], [14.90907097, 57.03295553], [14.90908009, 57.03294808], [14.90942098, 57.03266029], [14.90965122, 57.03245271], [14.90995789, 57.03215375], [14.90998527, 57.03212593], [14.91024737, 57.03182721], [14.91025827, 57.03181662], [14.91052936, 57.03150767], [14.91055212, 57.03147867], [14.91078682, 57.03116098], [14.91092997, 57.03095127], [14.91093938, 57.03093565], [14.91094129, 57.03093269], [14.91094401, 57.03092865], [14.91114109, 57.03060347], [14.9112355, 57.03043693], [14.91133223, 57.0302633], [14.9114482, 57.03005447], [14.91153551, 57.0298978], [14.91162242, 57.0297414], [14.91171205, 57.02958105], [14.91187083, 57.02924974], [14.91188448, 57.02921993], [14.91200441, 57.02888374], [14.91201167, 57.02885761], [14.91209208, 57.02851807], [14.91213282, 57.02817635], [14.91213519, 57.02815004], [14.912136, 57.02780766], [14.91213376, 57.02778134], [14.91210474, 57.02752831], [14.91218392, 57.02736319], [14.91219566, 57.0273376], [14.91231558, 57.02700141], [14.9123227, 57.02697519], [14.9124031, 57.02663565], [14.91244384, 57.02629393], [14.91244621, 57.02626762], [14.91244702, 57.02592524], [14.91244464, 57.02589883], [14.9124055, 57.02555705], [14.91233088, 57.02523537], [14.91236627, 57.02520081], [14.9126373, 57.02489185], [14.91265827, 57.02486762], [14.91289292, 57.02454992], [14.91290941, 57.02452461], [14.91310644, 57.02419943], [14.91326518, 57.02386812], [14.91327706, 57.02384208], [14.91339696, 57.02350589], [14.91340395, 57.02347931], [14.91348433, 57.02313977], [14.91352505, 57.02279804], [14.91352715, 57.02277128], [14.91352795, 57.0224289], [14.91352516, 57.02240213], [14.91348602, 57.02206036], [14.91340722, 57.02172071], [14.91339954, 57.0216942], [14.91328121, 57.02135785], [14.91312403, 57.02102632], [14.91311159, 57.02100035], [14.9129161, 57.0206749], [14.91289891, 57.02064974], [14.91266579, 57.02033172], [14.91263775, 57.02029946], [14.91272436, 57.0201427], [14.91283333, 57.01994581], [14.91287643, 57.01986815], [14.9129423, 57.01974891], [14.91305223, 57.01955032], [14.91321095, 57.019219], [14.91322474, 57.01918893], [14.91334462, 57.01885274], [14.91335161, 57.01882643], [14.91343198, 57.01848689], [14.9134727, 57.01814516], [14.91347507, 57.01811867], [14.91347587, 57.01777629], [14.91347335, 57.01774979], [14.91343422, 57.01740801], [14.91335543, 57.01706836], [14.91334802, 57.01704213], [14.9132749, 57.01683442], [14.9133216, 57.0167812], [14.91338643, 57.01675942], [14.90742251, 57.01604811], [14.90789138, 57.01732484], [14.90789165, 57.01732547], [14.90888603, 57.01742293], [14.90888752, 57.01742311], [14.90884575, 57.01762238], [14.90867087, 57.01766483], [14.9080095, 57.01766794], [14.90695441, 57.01942118], [14.90961027, 57.02100057], [14.90908997, 57.02138838], [14.9090897, 57.02138856], [14.91079282, 57.02201904], [14.91079432, 57.02201958], [14.90989638, 57.02265133], [14.90865163, 57.02351563], [14.9078404, 57.02398846], [14.90677359, 57.02470826], [14.90677264, 57.02470737], [14.90668023, 57.02461946], [14.90667968, 57.02461946], [14.90038076, 57.0251808], [14.90038062, 57.0251808], [14.90008312, 57.02504252], [14.89819881, 57.02402527], [14.89751109, 57.02369185], [14.89577869, 57.02274914], [14.89508099, 57.0229846], [14.89078586, 57.02447017], [14.8911257, 57.02484392], [14.89124258, 57.02570483], [14.8913998, 57.02615027], [14.8895832, 57.02604234], [14.88940909, 57.02607793], [14.88941277, 57.0261215], [14.88875277, 57.02611463], [14.88836674, 57.02611069], [14.88827386, 57.026056], [14.88791567, 57.02605271], [14.88760014, 57.02604992], [14.88709893, 57.026043], [14.88673373, 57.02624862], [14.88674987, 57.02625833], [14.88673373, 57.02624871], [14.88268534, 57.02964857], [14.88643984, 57.03776683], [14.88688005, 57.03925503], [14.88720499, 57.03932943], [14.88737175, 57.03936326], [14.88745527, 57.03937905], [14.88781501, 57.03949245], [14.88785805, 57.03950425], [14.88842137, 57.03965682], [14.88900147, 57.03978963], [14.88904629, 57.03979901], [14.88964072, 57.03991154], [14.89024703, 57.04000332], [14.89029335, 57.04001028], [14.89090925, 57.04008096], [14.89095666, 57.0400855], [14.89157941, 57.04013472], [14.89220671, 57.04016238], [14.89225467, 57.04016431], [14.89279222, 57.04016944], [14.89306567, 57.04020084], [14.89368843, 57.04025005], [14.89373625, 57.04025315], [14.89436355, 57.0402808], [14.89441166, 57.04028138], [14.89504093, 57.04028739], [14.89566958, 57.04027166]]]}, "properties": {"deso": "0780B2020", "pop": 1063.0, "income": 307.8, "male_frac": 0.4953, "child_frac": 0.2418, "elder_frac": 0.1929, "dependency": 0.7687, "needZ": 0.4442, "needZ_v1": 0.7106, "regso": "0780R011", "higher_ed": null, "neet": 12.6, "income_support": 1.1}}, {"type": "Feature", "geometry": {"type": "Polygon", "coordinates": [[[14.93548015, 57.07867389], [14.93581731, 57.0783113], [14.94016647, 57.07692859], [14.94049825, 57.07563558], [14.94105567, 57.07244245], [14.94107134, 57.07233818], [14.94135729, 57.07229341], [14.94141592, 57.07228428], [14.94264796, 57.07211797], [14.94571453, 57.07220906], [14.95116443, 57.07043834], [14.95382556, 57.07025074], [14.95692775, 57.06954059], [14.95693591, 57.06953871], [14.95776086, 57.0688113], [14.95969852, 57.0671023], [14.9596867, 57.06709664], [14.95522654, 57.06497458], [14.95498354, 57.06487013], [14.95310592, 57.06374683], [14.95241453, 57.0630875], [14.95156505, 57.06241544], [14.95092927, 57.06210803], [14.94835265, 57.06118387], [14.94782211, 57.06100051], [14.94672196, 57.06040017], [14.94631646, 57.06016701], [14.94586899, 57.05990231], [14.94559598, 57.05962916], [14.94538196, 57.05937408], [14.94467786, 57.05862839], [14.94394069, 57.05793297], [14.94376647, 57.05762043], [14.94362862, 57.05725931], [14.94346445, 57.05686593], [14.94331023, 57.05645639], [14.94319193, 57.05620665], [14.94290285, 57.05562819], [14.94262679, 57.0550748], [14.94245667, 57.05440667], [14.94776547, 57.05225288], [14.94997634, 57.05135589], [14.95546825, 57.0491273], [14.95703575, 57.04845907], [14.9577503, 57.04817631], [14.96028577, 57.04717255], [14.96273654, 57.04620221], [14.9712196, 57.03565412], [14.97053351, 57.03541693], [14.97031153, 57.03538248], [14.97026045, 57.03521128], [14.9695886, 57.03502107], [14.96839992, 57.03468459], [14.96838946, 57.03468172], [14.96807898, 57.0347146], [14.96779334, 57.0346151], [14.96788977, 57.03450231], [14.97006272, 57.03103361], [14.96975901, 57.03113153], [14.96933954, 57.03124352], [14.96854068, 57.03146032], [14.96775544, 57.03163221], [14.9668279, 57.03185237], [14.96591041, 57.03207056], [14.96512854, 57.03223713], [14.96429381, 57.03240719], [14.96353164, 57.03256118], [14.96283212, 57.03268888], [14.96262109, 57.03272743], [14.96252027, 57.03274088], [14.96247679, 57.0327467], [14.96148353, 57.03288032], [14.96061636, 57.03298908], [14.95977244, 57.03308186], [14.95881672, 57.03315987], [14.9578148, 57.03323777], [14.95682963, 57.03328692], [14.9560851, 57.03330274], [14.95562753, 57.03329054], [14.95501494, 57.0332923], [14.95434312, 57.03328676], [14.95355963, 57.03326833], [14.95263121, 57.03323493], [14.95184758, 57.03322367], [14.95111623, 57.03323767], [14.95059247, 57.0332504], [14.95009134, 57.03330822], [14.94955377, 57.03339108], [14.94885104, 57.03352903], [14.94830928, 57.03368724], [14.9475825, 57.03391839], [14.94684732, 57.03413032], [14.94558912, 57.03448419], [14.94516576, 57.03393658], [14.94521874, 57.03338307], [14.94518649, 57.03332755], [14.94512685, 57.03322881], [14.94509666, 57.03316135], [14.94503491, 57.03302444], [14.94344081, 57.02975694], [14.94343742, 57.0297502], [14.94613079, 57.0270825], [14.94799972, 57.0224494], [14.95347454, 57.0179743], [14.95301273, 57.01695246], [14.95042981, 57.011236], [14.9484528, 57.00685934], [14.94742502, 57.00458395], [14.94725815, 57.00354255], [14.94633418, 57.0001779], [14.9452791, 56.99636858], [14.90850481, 56.99752092], [14.90019911, 57.00217884], [14.8980778, 57.00312021], [14.89475633, 56.99871995], [14.89429208, 56.99811105], [14.89403205, 56.99776683], [14.89397143, 56.99760502], [14.89399698, 56.99740215], [14.89390012, 56.99724021], [14.89374062, 56.9971067], [14.89355431, 56.99699292], [14.89339137, 56.99687566], [14.89317872, 56.99676896], [14.89292329, 56.99667093], [14.89277968, 56.99658063], [14.89271526, 56.99646732], [14.89261228, 56.99626766], [14.89253489, 56.99613628], [14.8924077, 56.99604779], [14.89234945, 56.99596143], [14.8922168, 56.99578851], [14.89211761, 56.99554753], [14.89201601, 56.99524728], [14.89194042, 56.9949615], [14.89184841, 56.99468102], [14.89187076, 56.99446197], [14.89191024, 56.99418555], [14.89200238, 56.99390756], [14.89207705, 56.99371209], [14.89210896, 56.99351641], [14.89216598, 56.99341793], [14.89231274, 56.99325863], [14.89254272, 56.99299548], [14.89267668, 56.99280204], [14.89268606, 56.99255964], [14.89274936, 56.99220977], [14.89276409, 56.99180749], [14.89275396, 56.99155429], [14.89279447, 56.99119883], [14.89280349, 56.99098875], [14.89278003, 56.99074802], [14.89279896, 56.99053625], [14.89284597, 56.99018448], [14.89287841, 56.98994757], [14.8929273, 56.98969631], [14.89291702, 56.9894484], [14.89291191, 56.98933891], [14.89282587, 56.98910504], [14.89282984, 56.98909256], [14.89289419, 56.9888934], [14.89291852, 56.98878573], [14.89306516, 56.98861395], [14.89322491, 56.98846005], [14.89341676, 56.98837282], [14.89357839, 56.98831772], [14.89355378, 56.98790823], [14.89357612, 56.98768739], [14.89344897, 56.9875936], [14.89345108, 56.98756773], [14.89347202, 56.98731707], [14.89353654, 56.98686661], [14.89358899, 56.98660277], [14.89362666, 56.98647724], [14.89373684, 56.98633389], [14.89398709, 56.98603322], [14.89403797, 56.98598772], [14.89418312, 56.98585788], [14.8943921, 56.9857042], [14.8946505, 56.98554356], [14.89464991, 56.98531911], [14.89471769, 56.98515058], [14.89474002, 56.98492974], [14.89475782, 56.98482206], [14.89483157, 56.98470204], [14.89488564, 56.98458011], [14.89473647, 56.98411985], [14.89472166, 56.98398332], [14.89475696, 56.98378234], [14.89473223, 56.9836511], [14.89466155, 56.98350356], [14.89466607, 56.98339228], [14.8947437, 56.98324172], [14.89480106, 56.98310722], [14.89478968, 56.98310066], [14.89383445, 56.98254891], [14.8932098, 56.98226465], [14.89236556, 56.98191499], [14.89075267, 56.98094662], [14.8901395, 56.98032626], [14.88730593, 56.9774592], [14.88698269, 56.97754047], [14.88080125, 56.97909494], [14.8807893, 56.9790979], [14.88078102, 56.97897223], [14.88061755, 56.97888549], [14.88060573, 56.97889276], [14.88045865, 56.9789836], [14.88036201, 56.97908204], [14.88032269, 56.9791173], [14.88025235, 56.97918037], [14.88016254, 56.97926615], [14.88013839, 56.97935226], [14.8801243, 56.97942949], [14.88012623, 56.97954796], [14.88010295, 56.97970018], [14.88010128, 56.97971132], [14.8797022, 56.98087703], [14.87969681, 56.9815379], [14.8796882, 56.98261003], [14.879657, 56.98437329], [14.87964101, 56.9846209], [14.87954907, 56.98603201], [14.87941558, 56.98808061], [14.87936446, 56.98886699], [14.87803585, 56.98940075], [14.86961841, 56.98818368], [14.86780309, 56.98936278], [14.86579846, 56.99066497], [14.86390142, 56.99189709], [14.85942494, 56.99188954], [14.8575509, 56.99185967], [14.85743636, 56.99189618], [14.85166929, 56.99444576], [14.84627126, 56.99147026], [14.84376636, 56.99036843], [14.84099411, 56.9876204], [14.81831687, 56.98504197], [14.81680535, 56.98487603], [14.80318255, 56.97075181], [14.79784472, 56.97007605], [14.79784431, 56.97007605], [14.79784418, 56.97007659], [14.78938568, 56.98474613], [14.78435116, 56.98347527], [14.78289492, 56.98265766], [14.78249421, 56.98190043], [14.78316057, 56.97890098], [14.78243303, 56.97443041], [14.78381108, 56.97196821], [14.78381204, 56.97196633], [14.78381029, 56.97196372], [14.77416812, 56.97108795], [14.77081964, 56.97218311], [14.76946658, 56.97212853], [14.76383612, 56.97189322], [14.76497935, 56.96647238], [14.73654247, 56.96416006], [14.72896376, 56.9635702], [14.7249987, 56.9696695], [14.72499829, 56.96967013], [14.72499802, 56.96967004], [14.71247564, 56.9669779], [14.71225259, 56.96698951], [14.71192763, 56.96697404], [14.71153127, 56.96696746], [14.71137269, 56.96695524], [14.71102157, 56.96693764], [14.71078185, 56.96693062], [14.71060805, 56.9668527], [14.71051611, 56.96671121], [14.71044915, 56.96653249], [14.71044845, 56.96641214], [14.71044368, 56.96630964], [14.71043279, 56.96619277], [14.71042865, 56.9661853], [14.71036307, 56.96607315], [14.71034281, 56.96572937], [14.71034164, 56.96570637], [14.71027119, 56.96541789], [14.71008168, 56.965425], [14.70965152, 56.96544134], [14.70903145, 56.96546478], [14.7051855, 56.96554227], [14.70517066, 56.96553244], [14.70505464, 56.96545591], [14.70332475, 56.96356143], [14.70315993, 56.96338078], [14.7031958, 56.9633717], [14.70407576, 56.96314798], [14.70419962, 56.96269712], [14.70418648, 56.96269467], [14.70396835, 56.96265418], [14.703916, 56.9626546], [14.70344177, 56.96265743], [14.7030387, 56.96263006], [14.7022828, 56.96261911], [14.70178316, 56.9626119], [14.70137185, 56.96254661], [14.70095108, 56.9624777], [14.70068164, 56.96239344], [14.70056558, 56.96235714], [14.70013428, 56.96223234], [14.69983225, 56.96215428], [14.69945811, 56.96207174], [14.69892601, 56.96198666], [14.69867544, 56.96193459], [14.6983718, 56.96188707], [14.69812677, 56.96178651], [14.69810817, 56.96177281], [14.69804427, 56.96172613], [14.69804054, 56.9616002], [14.69806684, 56.96146778], [14.69808873, 56.96122559], [14.69821134, 56.96113742], [14.69857879, 56.96082125], [14.69867847, 56.96066826], [14.69878694, 56.96046688], [14.69829431, 56.96051896], [14.69772161, 56.96059509], [14.69679526, 56.96084029], [14.69669735, 56.96095924], [14.69666951, 56.96096394], [14.69541731, 56.96117421], [14.69450463, 56.96131929], [14.69158643, 56.96175978], [14.6912664, 56.96171201], [14.69073605, 56.96173127], [14.69045463, 56.96170381], [14.68989119, 56.96165796], [14.6897452, 56.96168445], [14.6892842, 56.96176046], [14.68908055, 56.96175744], [14.68892698, 56.96173361], [14.68869654, 56.96167466], [14.68837881, 56.96158019], [14.68882593, 56.96076073], [14.68911951, 56.9603677], [14.69050798, 56.95920997], [14.6907521, 56.95900651], [14.69080309, 56.95823663], [14.69192585, 56.95807701], [14.69191846, 56.95755955], [14.68812704, 56.95736989], [14.68828088, 56.95575158], [14.69118099, 56.95595583], [14.69141638, 56.95578864], [14.69166008, 56.95532075], [14.69179467, 56.95493064], [14.69148822, 56.95465846], [14.6911756, 56.95447634], [14.69024322, 56.9543165], [14.68936895, 56.95393638], [14.684661, 56.95188941], [14.68404944, 56.95219756], [14.68122224, 56.95367131], [14.68121476, 56.95369033], [14.68118779, 56.95368873], [14.68126419, 56.95415724], [14.68179541, 56.95706438], [14.68219434, 56.95922578], [14.67975629, 56.96282754], [14.67609393, 56.9641193], [14.66910408, 56.96659893], [14.65924826, 56.97012387], [14.65932793, 56.97017717], [14.65905627, 56.97028088], [14.6583899, 56.97057816], [14.65802145, 56.97064461], [14.65706557, 56.97114057], [14.65672836, 56.97130437], [14.65648167, 56.97143366], [14.65604095, 56.97149721], [14.65590403, 56.97179871], [14.65581213, 56.97205605], [14.65575877, 56.97213611], [14.65574864, 56.97260116], [14.65560912, 56.97275715], [14.65578584, 56.97434768], [14.65579511, 56.97448979], [14.65577397, 56.97464934], [14.65582129, 56.97488713], [14.65579743, 56.9750323], [14.65576056, 56.97517725], [14.65560217, 56.97531855], [14.6553926, 56.9754933], [14.65512922, 56.97582534], [14.65492315, 56.97619411], [14.6548105, 56.97653726], [14.65480935, 56.97655881], [14.65441213, 56.97686911], [14.65420897, 56.97711214], [14.65403817, 56.9773036], [14.65345289, 56.97952973], [14.65291027, 56.98134784], [14.65009118, 56.98053388], [14.64972947, 56.98044871], [14.64931329, 56.9805732], [14.64380432, 56.98216429], [14.64326193, 56.98231607], [14.64313121, 56.98229477], [14.63733961, 56.98120767], [14.63677798, 56.98110563], [14.63677784, 56.98110581], [14.6365546, 56.98150224], [14.63613764, 56.98228505], [14.63596575, 56.98254735], [14.63550088, 56.98273246], [14.63397109, 56.98328927], [14.63382804, 56.98333475], [14.63360605, 56.98369561], [14.63350488, 56.98410605], [14.63340295, 56.9844679], [14.63333066, 56.98461714], [14.6334341, 56.98473556], [14.63323395, 56.98509604], [14.63318291, 56.98542956], [14.63299374, 56.98579061], [14.63287631, 56.98616876], [14.63278157, 56.98687445], [14.63271771, 56.98722805], [14.6326226, 56.98746067], [14.63229942, 56.98876441], [14.63204513, 56.98958872], [14.63185192, 56.98980587], [14.63172724, 56.99059931], [14.63165425, 56.99069377], [14.63189088, 56.99134411], [14.63202754, 56.9917019], [14.63204568, 56.99198083], [14.63198972, 56.99230213], [14.63189331, 56.99256896], [14.63169275, 56.99288318], [14.63149504, 56.99320989], [14.63113609, 56.9936193], [14.63087223, 56.99411611], [14.63072849, 56.99456945], [14.63062349, 56.99504481], [14.63053792, 56.9952021], [14.63023218, 56.99567687], [14.6303112, 56.99583787], [14.63060547, 56.99612373], [14.63083554, 56.99693052], [14.63093337, 56.99719434], [14.63106403, 56.9973775], [14.6315124, 56.99783976], [14.63158312, 56.99796293], [14.63160231, 56.9981358], [14.63164586, 56.9983575], [14.63191741, 56.99911977], [14.63204458, 56.99963031], [14.63209526, 57.00007883], [14.63220162, 57.00077316], [14.63221555, 57.00134192], [14.63217753, 57.00150869], [14.63205337, 57.00194403], [14.63202243, 57.00223145], [14.63198071, 57.00266263], [14.63192662, 57.00308111], [14.63198098, 57.00350116], [14.63188096, 57.00378747], [14.63186644, 57.00400685], [14.63193275, 57.00419315], [14.63203438, 57.00426665], [14.63198297, 57.00437203], [14.63190306, 57.00451838], [14.63188094, 57.00469616], [14.63198231, 57.00509901], [14.63219221, 57.00608825], [14.6322992, 57.00689952], [14.63235675, 57.00725851], [14.63259693, 57.00823562], [14.6328104, 57.00915472], [14.63289159, 57.00956803], [14.63292142, 57.01008304], [14.63286329, 57.01012535], [14.63292014, 57.01062643], [14.63297494, 57.01097634], [14.63290369, 57.01127576], [14.63282233, 57.01294612], [14.63280979, 57.01332376], [14.63291362, 57.01354843], [14.63305133, 57.01375388], [14.63326085, 57.01397482], [14.63344768, 57.01444547], [14.63362906, 57.01496101], [14.63371206, 57.015207], [14.63355231, 57.01569576], [14.63353659, 57.01594029], [14.63357521, 57.01608662], [14.63366832, 57.01639569], [14.63378182, 57.01668891], [14.63382428, 57.01695588], [14.63331735, 57.01734043], [14.63252573, 57.01794905], [14.63210666, 57.01828993], [14.63191681, 57.01859116], [14.63170853, 57.01892988], [14.631582, 57.0192824], [14.63139079, 57.01987148], [14.63130873, 57.02019045], [14.63135005, 57.0202829], [14.63141288, 57.02060409], [14.63154399, 57.02113512], [14.63181149, 57.02170418], [14.63195927, 57.02210232], [14.63199583, 57.02248433], [14.63199208, 57.02320762], [14.63206952, 57.02356325], [14.63226619, 57.02416902], [14.63232386, 57.02439481], [14.63234336, 57.02504828], [14.632368, 57.02553804], [14.63288991, 57.02557478], [14.63334497, 57.02562856], [14.63348203, 57.02565582], [14.63369904, 57.02566094], [14.63420879, 57.0256777], [14.63455667, 57.02570459], [14.63485378, 57.02575584], [14.63504889, 57.02580563], [14.63543346, 57.02588704], [14.63587576, 57.02587037], [14.63621473, 57.02587737], [14.63670297, 57.02592801], [14.63710498, 57.02598989], [14.63787187, 57.02613294], [14.63903527, 57.02631791], [14.63902773, 57.02666153], [14.63924677, 57.0274115], [14.63941328, 57.02744288], [14.63930055, 57.02765165], [14.63942039, 57.02808356], [14.63935094, 57.02848009], [14.63924231, 57.02886715], [14.63910983, 57.029207], [14.63892038, 57.02956581], [14.63881697, 57.02972251], [14.63881383, 57.02985022], [14.63883284, 57.03006108], [14.6388414, 57.03021595], [14.63880393, 57.0304367], [14.63874149, 57.03062828], [14.63872742, 57.03077553], [14.63871969, 57.03092838], [14.63856207, 57.03150536], [14.63855115, 57.03172116], [14.6385547, 57.03184529], [14.64757638, 57.03195696], [14.64751084, 57.03227805], [14.63858292, 57.03219845], [14.63855158, 57.0325578], [14.63846143, 57.03297214], [14.6381469, 57.03378425], [14.63812457, 57.03390086], [14.63816971, 57.0340508], [14.63825828, 57.03431853], [14.63797269, 57.03436091], [14.63747262, 57.03441093], [14.63710942, 57.03442874], [14.63684637, 57.03441576], [14.63663068, 57.0343819], [14.6363897, 57.03439082], [14.63561051, 57.0344887], [14.63485154, 57.03457433], [14.63468385, 57.03463294], [14.63457985, 57.03473574], [14.63439035, 57.03489839], [14.63419671, 57.03501243], [14.63397787, 57.03510439], [14.63374603, 57.03519263], [14.63358324, 57.03541508], [14.63335529, 57.03568692], [14.63311655, 57.03590995], [14.63291008, 57.03608314], [14.63271338, 57.03625834], [14.63269233, 57.03647752], [14.63270334, 57.0365874], [14.6330731, 57.03728582], [14.63370273, 57.03870964], [14.6336065, 57.04086559], [14.63344385, 57.04127872], [14.63324914, 57.0418696], [14.63324947, 57.04205668], [14.63326056, 57.04222782], [14.63339285, 57.04241511], [14.63352291, 57.04257905], [14.63382457, 57.04280322], [14.63425213, 57.04314613], [14.63455259, 57.04339544], [14.63463622, 57.04350113], [14.63465702, 57.04361112], [14.6346703, 57.04373915], [14.63464546, 57.04390246], [14.63465957, 57.04401603], [14.63470732, 57.04417694], [14.63517968, 57.04506759], [14.63390922, 57.04529112], [14.63395802, 57.04595402], [14.63388027, 57.0463003], [14.63382911, 57.04644368], [14.63375347, 57.04653462], [14.63356147, 57.04665496], [14.63320836, 57.04676637], [14.632818, 57.04681095], [14.63250001, 57.04686157], [14.63238647, 57.04727942], [14.63216809, 57.04777169], [14.63198499, 57.04819967], [14.63193781, 57.04832501], [14.6319297, 57.048458], [14.63197141, 57.0486797], [14.63187619, 57.04894842], [14.6316586, 57.04923574], [14.6310865, 57.04985388], [14.6307794, 57.05043516], [14.63046021, 57.0508904], [14.62998838, 57.05146824], [14.62980803, 57.05162875], [14.62406724, 57.05640453], [14.62291618, 57.06248085], [14.6234912, 57.06269454], [14.62408202, 57.06294699], [14.62480919, 57.06335012], [14.62511685, 57.06350265], [14.62575758, 57.06374302], [14.62607043, 57.06393509], [14.62628768, 57.06412794], [14.62642078, 57.0642786], [14.62652939, 57.06437683], [14.62666194, 57.06444647], [14.62693845, 57.06454825], [14.62743401, 57.06470447], [14.62777686, 57.06479432], [14.62831557, 57.06502828], [14.6289024, 57.06530584], [14.62949196, 57.06559608], [14.62988689, 57.06605674], [14.62991108, 57.06604433], [14.6314376, 57.0649325], [14.63300866, 57.06384566], [14.6330103, 57.06384468], [14.63367881, 57.06318909], [14.63425546, 57.06288567], [14.63466297, 57.06280117], [14.6353133, 57.06271909], [14.63531371, 57.06271855], [14.63582273, 57.06197366], [14.63607813, 57.06157894], [14.63607841, 57.06157876], [14.63678103, 57.06109588], [14.6368533, 57.06107435], [14.63706087, 57.06098109], [14.63718929, 57.06089075], [14.63724039, 57.06082273], [14.63735541, 57.06066939], [14.63748558, 57.06062207], [14.63767803, 57.06058805], [14.63786838, 57.06061518], [14.63827395, 57.06071282], [14.63848257, 57.06077791], [14.63866392, 57.06077969], [14.63897228, 57.06082243], [14.63940269, 57.06086804], [14.63961771, 57.06094581], [14.63972423, 57.0610098], [14.63993569, 57.06118824], [14.64008391, 57.06128513], [14.6402435, 57.06134424], [14.64041594, 57.06141075], [14.64084288, 57.06155002], [14.64100606, 57.06160375], [14.64123553, 57.06173554], [14.64170897, 57.06205871], [14.64223399, 57.06242019], [14.64260307, 57.06275401], [14.6426462, 57.06279303], [14.64266598, 57.06278653], [14.64290659, 57.06270755], [14.64315659, 57.06262733], [14.64334711, 57.06255324], [14.64345411, 57.0625116], [14.64369529, 57.06240073], [14.64387407, 57.06228915], [14.64409127, 57.06211139], [14.64423913, 57.06193487], [14.64434429, 57.06175787], [14.64439252, 57.0616055], [14.64437483, 57.06145061], [14.64431895, 57.06135111], [14.64421564, 57.06119175], [14.64411251, 57.0610288], [14.64404291, 57.06085733], [14.6440024, 57.06068593], [14.64399611, 57.06039087], [14.64399318, 57.0601012], [14.64405971, 57.0597979], [14.64413463, 57.05954142], [14.64427208, 57.05910036], [14.64422511, 57.05873836], [14.6441344, 57.05859897], [14.64403194, 57.05850815], [14.64396804, 57.05845156], [14.64378003, 57.05826618], [14.6445055, 57.05826268], [14.64495723, 57.05826719], [14.64536391, 57.05823349], [14.64548735, 57.0582201], [14.64565175, 57.05820224], [14.64594681, 57.05815485], [14.64634576, 57.05806175], [14.64659893, 57.05798684], [14.64687938, 57.05788893], [14.64711707, 57.05778334], [14.64729818, 57.05769538], [14.64767428, 57.05768836], [14.64825183, 57.05767067], [14.64845382, 57.05764573], [14.64867407, 57.05757234], [14.64895838, 57.05745296], [14.64945792, 57.05721509], [14.64977254, 57.05708151], [14.64997162, 57.05704749], [14.65025976, 57.05701084], [14.65067316, 57.05696996], [14.65087708, 57.05698463], [14.65147077, 57.05704179], [14.65174738, 57.05706142], [14.65194577, 57.05704176], [14.65212775, 57.05701847], [14.65233321, 57.05698455], [14.65251394, 57.05694957], [14.6525602, 57.05679997], [14.65258643, 57.05669963], [14.65262626, 57.05659762], [14.65267307, 57.05647587], [14.6526958, 57.0563863], [14.65288191, 57.05624086], [14.65292529, 57.0560203], [14.65297014, 57.05586091], [14.65299878, 57.05569052], [14.65306597, 57.05555652], [14.65310228, 57.0554527], [14.65316129, 57.05536341], [14.65323962, 57.05518633], [14.65328523, 57.0550035], [14.65332188, 57.0548925], [14.65353247, 57.05480299], [14.65370714, 57.05470225], [14.65385373, 57.05465344], [14.65391999, 57.0544421], [14.65395622, 57.05434682], [14.65400252, 57.05423638], [14.65411124, 57.05413681], [14.6542904, 57.05390324], [14.65439684, 57.05377141], [14.65450899, 57.05366825], [14.6545831, 57.0535199], [14.65478193, 57.05318768], [14.65489558, 57.0529374], [14.65507207, 57.05257979], [14.65523252, 57.05231016], [14.65541353, 57.0520227], [14.65546529, 57.05189369], [14.65534108, 57.05181718], [14.65521733, 57.05167601], [14.65518743, 57.05163183], [14.65515122, 57.05157829], [14.65510203, 57.05147369], [14.65501793, 57.0513673], [14.65184095, 57.04608924], [14.65150247, 57.04541486], [14.65162371, 57.04503518], [14.65164477, 57.04474585], [14.65166762, 57.04464199], [14.65169601, 57.04451265], [14.65180984, 57.04408256], [14.65196893, 57.04373955], [14.65198549, 57.04340691], [14.65198675, 57.04295235], [14.65239232, 57.04294728], [14.65261017, 57.04293154], [14.65282561, 57.04289765], [14.65310987, 57.04285712], [14.65330895, 57.04282875], [14.65350477, 57.04278573], [14.65368432, 57.04273898], [14.65387674, 57.04269604], [14.65425207, 57.04260987], [14.65447391, 57.04257428], [14.65464694, 57.04252563], [14.65480288, 57.04248951], [14.65490305, 57.04248816], [14.65495782, 57.04248742], [14.6549916, 57.04246434], [14.65504371, 57.04242864], [14.65509499, 57.0423934], [14.65518646, 57.04234775], [14.65525384, 57.04230707], [14.65531386, 57.04228263], [14.65548275, 57.04225552], [14.65572387, 57.04223624], [14.65585287, 57.04223238], [14.65599451, 57.04222809], [14.65617045, 57.04218852], [14.65635633, 57.04214726], [14.65651694, 57.04207513], [14.65668683, 57.04201389], [14.65681344, 57.04197373], [14.65704323, 57.04190071], [14.65723557, 57.04185085], [14.65727044, 57.0418417], [14.6574083, 57.0418198], [14.6577621, 57.04178197], [14.65834787, 57.04180386], [14.65910123, 57.04183627], [14.65941643, 57.04187342], [14.65957011, 57.04190545], [14.65997592, 57.04199026], [14.66016048, 57.04198843], [14.66030442, 57.04201504], [14.66051721, 57.04206197], [14.66069708, 57.04209793], [14.66102439, 57.04216393], [14.66135318, 57.04218683], [14.66151765, 57.04221179], [14.6615433, 57.04221563], [14.66175268, 57.04226434], [14.66199156, 57.0423116], [14.6621813, 57.04235298], [14.66232212, 57.0423795], [14.66246653, 57.04239884], [14.66265708, 57.04241148], [14.66287812, 57.04240273], [14.66312283, 57.04242144], [14.66332826, 57.0424413], [14.66349127, 57.04249312], [14.66368944, 57.04257951], [14.66391418, 57.04265889], [14.6640826, 57.04274314], [14.66422279, 57.0427948], [14.66436558, 57.04285904], [14.66455094, 57.04293444], [14.66478408, 57.04295653], [14.66514956, 57.04296542], [14.6653786, 57.04291375], [14.66564377, 57.04286425], [14.66586995, 57.04279812], [14.66605666, 57.04273889], [14.6661293, 57.04271574], [14.66614961, 57.04270923], [14.66619947, 57.04271134], [14.66638, 57.04271874], [14.66675596, 57.04274165], [14.66724493, 57.04277017], [14.66745102, 57.04271647], [14.66760617, 57.04270538], [14.66780373, 57.04270914], [14.66812895, 57.0427374], [14.66828636, 57.04276224], [14.66840601, 57.04283163], [14.6687571, 57.04297698], [14.66886435, 57.04301921], [14.66902321, 57.04309624], [14.66978103, 57.04299756], [14.6700259, 57.04296946], [14.67011476, 57.04297024], [14.67046114, 57.04295741], [14.67088644, 57.04294891], [14.67266781, 57.04288164], [14.67450482, 57.0427305], [14.67556186, 57.04264729], [14.67583965, 57.04261397], [14.67583897, 57.04261352], [14.67581126, 57.04259674], [14.67556712, 57.04244908], [14.67534722, 57.04209293], [14.67525584, 57.04194413], [14.67525222, 57.04193837], [14.67507397, 57.04140539], [14.67488603, 57.04084463], [14.67367911, 57.03949217], [14.67367992, 57.039492], [14.67367966, 57.03949155], [14.67371899, 57.03948365], [14.67508511, 57.03919413], [14.68043818, 57.03899118], [14.68518212, 57.03881107], [14.68521596, 57.03900229], [14.6852406, 57.0391421], [14.68531862, 57.03913907], [14.68636539, 57.03909885], [14.68645916, 57.03922716], [14.68648146, 57.03925767], [14.68650429, 57.0392888], [14.68656983, 57.03939719], [14.68656904, 57.03952284], [14.68654853, 57.03961917], [14.68651867, 57.03975956], [14.68647258, 57.03985968], [14.6864991, 57.03995334], [14.6865734, 57.04010316], [14.68663625, 57.04020697], [14.68666091, 57.04024762], [14.68683618, 57.04042886], [14.68692749, 57.04049439], [14.68695531, 57.04051449], [14.68722359, 57.04057453], [14.68765145, 57.04069343], [14.68805321, 57.04081407], [14.68821588, 57.04086235], [14.6885824, 57.04093942], [14.689023, 57.04096692], [14.689762, 57.04094567], [14.69361197, 57.04083497], [14.69362664, 57.04083447], [14.69403421, 57.04083062], [14.70011908, 57.04077177], [14.70011922, 57.04077123], [14.70013548, 57.0406767], [14.70017199, 57.04056397], [14.70016446, 57.04048662], [14.70014692, 57.04041994], [14.70000033, 57.04016352], [14.69997287, 57.04009681], [14.69995574, 57.04001405], [14.70001704, 57.03964101], [14.69993056, 57.03946242], [14.69989211, 57.03932743], [14.6997302, 57.03903307], [14.6996044, 57.03884514], [14.69954335, 57.03873201], [14.69937441, 57.03841724], [14.69933439, 57.03832526], [14.69920208, 57.03803484], [14.69913133, 57.03787785], [14.69913201, 57.03787776], [14.69914902, 57.0378743], [14.69975824, 57.03774723], [14.70006779, 57.03764244], [14.70023805, 57.03757396], [14.70052511, 57.03746175], [14.70066856, 57.03729782], [14.70080885, 57.03713756], [14.70090299, 57.03702084], [14.7009701, 57.03693792], [14.70121734, 57.03672466], [14.70122262, 57.03672683], [14.70177664, 57.03695619], [14.70199709, 57.03706782], [14.7022365, 57.03720302], [14.70234815, 57.03725978], [14.70249579, 57.03733477], [14.70249749, 57.03732651], [14.70271652, 57.03627079], [14.70273334, 57.03618928], [14.70274744, 57.03619299], [14.70285781, 57.03622236], [14.7031809, 57.03630845], [14.703341, 57.03633757], [14.70347247, 57.0363615], [14.70412917, 57.0365293], [14.70423967, 57.0365751], [14.70475313, 57.03679915], [14.7049548, 57.03688001], [14.70507147, 57.03693687], [14.70509746, 57.03694959], [14.7054293, 57.03708205], [14.70555449, 57.03712761], [14.70574837, 57.03719821], [14.70597315, 57.03727939], [14.70625611, 57.03739152], [14.7066304, 57.03753511], [14.7069528, 57.03766027], [14.70714479, 57.03773032], [14.70745193, 57.03780864], [14.70768446, 57.03785562], [14.70800587, 57.03789993], [14.70800817, 57.03790047], [14.70837927, 57.03796816], [14.70850728, 57.03798373], [14.70872, 57.03802698], [14.70893396, 57.03803259], [14.70954283, 57.0380508], [14.70972573, 57.03810099], [14.71001105, 57.03813964], [14.71058157, 57.03823122], [14.71080443, 57.03826371], [14.7110589, 57.03830301], [14.71137499, 57.0383517], [14.71142372, 57.03805937], [14.71155331, 57.03771397], [14.71160515, 57.03752942], [14.71166956, 57.03715998], [14.71167515, 57.03708823], [14.71166574, 57.03696956], [14.71177098, 57.03687181], [14.71188957, 57.0367705], [14.71205245, 57.03668636], [14.71206364, 57.03668054], [14.71220378, 57.03669021], [14.71260277, 57.03671789], [14.71270877, 57.03680328], [14.71294496, 57.03693836], [14.71309103, 57.03700795], [14.71363241, 57.03728429], [14.71399895, 57.03746728], [14.71387459, 57.03775522], [14.71383111, 57.03787879], [14.71377806, 57.03809747], [14.71371889, 57.03829987], [14.71353494, 57.03849031], [14.71327875, 57.03876285], [14.7132519, 57.03879126], [14.71343551, 57.03882168], [14.71395359, 57.0390025], [14.71421261, 57.03905276], [14.71428438, 57.03906666], [14.71466126, 57.0391277], [14.71512231, 57.03923428], [14.71540273, 57.03932842], [14.71569323, 57.03941917], [14.7159083, 57.03949483], [14.71618931, 57.03956561], [14.71680128, 57.03969705], [14.71741038, 57.03981411], [14.71837342, 57.03998999], [14.71880233, 57.04007304], [14.71941467, 57.04019369], [14.72043467, 57.04044189], [14.72058943, 57.04047942], [14.72144519, 57.04068656], [14.72251773, 57.04098129], [14.72289165, 57.04109681], [14.72321854, 57.04117891], [14.72341673, 57.04122425], [14.72348022, 57.04123877], [14.7234963, 57.0412512], [14.72373113, 57.04143323], [14.72394821, 57.04155209], [14.7239699, 57.04155932], [14.72454167, 57.04175153], [14.72478107, 57.04181214], [14.7248946, 57.04184096], [14.72527854, 57.04188976], [14.72539204, 57.0419042], [14.7257318, 57.04193665], [14.72642966, 57.04205988], [14.72712347, 57.04221525], [14.72750689, 57.04228156], [14.72844258, 57.04238355], [14.72884949, 57.04243401], [14.72916064, 57.04249621], [14.7299766, 57.04254611], [14.73005837, 57.04255114], [14.73018283, 57.04247956], [14.73020602, 57.04246622], [14.73025578, 57.04248277], [14.73033319, 57.04250871], [14.73040575, 57.04250941], [14.73043211, 57.04250964], [14.73060899, 57.04249871], [14.73068621, 57.04249393], [14.73120067, 57.04248076], [14.7324115, 57.0425349], [14.7323697, 57.04239443], [14.73237756, 57.04224724], [14.73238834, 57.04214658], [14.73239607, 57.04207312], [14.73222808, 57.04202022], [14.73221994, 57.04201769], [14.73211281, 57.04196815], [14.73199938, 57.04190612], [14.73191626, 57.04182447], [14.73192179, 57.04175452], [14.73198887, 57.04170508], [14.73202288, 57.04168001], [14.73214324, 57.04162907], [14.73220321, 57.04160441], [14.73216508, 57.04155915], [14.73207404, 57.0415206], [14.7319467, 57.04148351], [14.73182879, 57.04145909], [14.73176444, 57.0414136], [14.7317563, 57.0413922], [14.7317431, 57.04135769], [14.73179422, 57.04129708], [14.73180416, 57.0412945], [14.73192397, 57.04126242], [14.73202654, 57.04124719], [14.73202012, 57.0411394], [14.73200329, 57.04104227], [14.73197291, 57.04095742], [14.73214144, 57.04084048], [14.73227881, 57.04076631], [14.73232182, 57.04054932], [14.73231821, 57.04048402], [14.73231545, 57.04043434], [14.73233255, 57.04039953], [14.73236826, 57.04032712], [14.7324644, 57.04020401], [14.73255831, 57.04014565], [14.73267508, 57.0401018], [14.73276549, 57.04005771], [14.73280233, 57.04003642], [14.73281222, 57.03992695], [14.73278895, 57.03989394], [14.73275236, 57.03984204], [14.73271446, 57.0397842], [14.73278535, 57.0397328], [14.73283812, 57.03970722], [14.73286908, 57.03969229], [14.7329044, 57.0396171], [14.73288721, 57.03953255], [14.73280429, 57.03944192], [14.73271272, 57.0393829], [14.73269121, 57.03936911], [14.73259041, 57.03932866], [14.73264844, 57.03923286], [14.73268763, 57.03916792], [14.73276083, 57.03904107], [14.73275427, 57.03893328], [14.73267579, 57.03881033], [14.73261657, 57.03871329], [14.7326163, 57.03871284], [14.73261617, 57.03871266], [14.73256908, 57.03853284], [14.73262243, 57.03829494], [14.73265471, 57.03811331], [14.73270786, 57.03788385], [14.73267139, 57.03768241], [14.73263508, 57.03753584], [14.73262465, 57.03749342], [14.73260724, 57.03730648], [14.73260901, 57.037249], [14.73261013, 57.03724478], [14.73263939, 57.0371253], [14.73276984, 57.03695232], [14.73287556, 57.03683821], [14.73288312, 57.03682628], [14.73296228, 57.03670079], [14.73302526, 57.03657743], [14.73303102, 57.03656972], [14.73315793, 57.03639907], [14.7334273, 57.03604765], [14.73345338, 57.03602956], [14.73397266, 57.03567006], [14.73431898, 57.035444], [14.73435256, 57.03542198], [14.73437738, 57.03539015], [14.73441015, 57.03534809], [14.73449681, 57.03523655], [14.73455869, 57.03515279], [14.73451293, 57.03503377], [14.73446051, 57.03491654], [14.73424585, 57.03472424], [14.734113, 57.03454881], [14.73444666, 57.03430576], [14.73445463, 57.03427398], [14.73446175, 57.0342466], [14.73445352, 57.03408671], [14.73444719, 57.03405904], [14.73442454, 57.03395893], [14.73441973, 57.03385231], [14.73441867, 57.03382949], [14.73438214, 57.03352197], [14.73439121, 57.03312698], [14.73438089, 57.03303166], [14.73414294, 57.03288655], [14.73410277, 57.03286204], [14.73394059, 57.03278158], [14.73392702, 57.0326832], [14.73392186, 57.03264493], [14.73387846, 57.03234997], [14.73386146, 57.03229523], [14.73384539, 57.03224373], [14.73385227, 57.03221204], [14.73386463, 57.03215584], [14.73392812, 57.03211152], [14.7340196, 57.03204776], [14.73445046, 57.03163849], [14.73765031, 57.02875691], [14.73824254, 57.02822329], [14.73826627, 57.02822855], [14.74460919, 57.02966928], [14.7451831, 57.03029063], [14.74545751, 57.03057124], [14.74546344, 57.03057781], [14.74611482, 57.03129892], [14.74620274, 57.03141478], [14.74624707, 57.03148798], [14.74631478, 57.03159931], [14.74635477, 57.03167331], [14.74640496, 57.03174401], [14.74644832, 57.0318199], [14.74646983, 57.03191371], [14.74647392, 57.03193159], [14.74646765, 57.03201412], [14.74648841, 57.03207722], [14.74651262, 57.0321131], [14.74655418, 57.03217498], [14.74657855, 57.03222739], [14.74674377, 57.03248424], [14.74677962, 57.03258706], [14.74679107, 57.03260065], [14.74683406, 57.03265193], [14.74686479, 57.03268855], [14.74693727, 57.03277923], [14.74709929, 57.03300697], [14.74717546, 57.0331141], [14.74735122, 57.03336037], [14.7472273, 57.03368355], [14.74678773, 57.03483052], [14.74677441, 57.03483094], [14.74648499, 57.0355338], [14.74649843, 57.03553436], [14.74597754, 57.03694468], [14.74566218, 57.03779838], [14.74584209, 57.03819564], [14.74589988, 57.03832923], [14.74594244, 57.03842488], [14.74598827, 57.03861762], [14.74618079, 57.03875975], [14.74629675, 57.03883282], [14.74635847, 57.03892716], [14.74636533, 57.03893778], [14.74734006, 57.04061141], [14.74745733, 57.04081265], [14.74815008, 57.04099359], [14.74866854, 57.04112891], [14.75603825, 57.04305261], [14.75604636, 57.04305838], [14.75605488, 57.04306468], [14.76041348, 57.04625304], [14.76070838, 57.0464688], [14.76113002, 57.04677723], [14.76144534, 57.04700991], [14.76150065, 57.04705313], [14.76161289, 57.04714083], [14.76163521, 57.04715847], [14.76164071, 57.04716953], [14.76168443, 57.04726078], [14.76170388, 57.04734335], [14.76179559, 57.04749613], [14.76179886, 57.04751589], [14.76188103, 57.04758961], [14.76195984, 57.04765604], [14.76196633, 57.04770411], [14.76197281, 57.04775307], [14.76194962, 57.04783027], [14.76195266, 57.04788587], [14.76205798, 57.04793089], [14.76221599, 57.0479831], [14.76223443, 57.04799005], [14.76237707, 57.0480426], [14.7624791, 57.04811267], [14.76260082, 57.04818646], [14.76263028, 57.04825648], [14.76281098, 57.04843618], [14.76292245, 57.04858351], [14.76295851, 57.04866145], [14.76297165, 57.0486895], [14.76294835, 57.04874164], [14.76296484, 57.04875595], [14.76303057, 57.04880808], [14.76300074, 57.04886012], [14.76294781, 57.04889055], [14.76277963, 57.04894071], [14.76273649, 57.04907715], [14.76277877, 57.04926755], [14.76276824, 57.0494063], [14.76276498, 57.04944886], [14.76268211, 57.04961217], [14.76257974, 57.04970188], [14.76224265, 57.04995812], [14.76244686, 57.05005551], [14.76247949, 57.05015967], [14.7624066, 57.0502727], [14.76262932, 57.05028111], [14.76274242, 57.05034303], [14.76287404, 57.05042178], [14.7629957, 57.05050482], [14.7631206, 57.05061454], [14.76325636, 57.050725], [14.76338361, 57.05082853], [14.76349191, 57.05093984], [14.76356412, 57.05104228], [14.76356404, 57.05105377], [14.76356387, 57.05110335], [14.76354377, 57.0512075], [14.76356631, 57.05136014], [14.76357593, 57.05147144], [14.7637239, 57.0515883], [14.76385546, 57.05169705], [14.76387845, 57.05171595], [14.76410535, 57.0518185], [14.76431945, 57.05190127], [14.76443286, 57.05193749], [14.76453338, 57.05196966], [14.76455301, 57.05202547], [14.7645676, 57.05206026], [14.76457256, 57.05207212], [14.76454256, 57.05219422], [14.76448626, 57.05226237], [14.76440041, 57.05238256], [14.76432415, 57.05249029], [14.76505091, 57.05250063], [14.76512824, 57.05250177], [14.76512118, 57.05256472], [14.7650977, 57.05277466], [14.76506773, 57.05287161], [14.76498183, 57.05297743], [14.76486268, 57.05311741], [14.764595, 57.05338114], [14.76465409, 57.05347278], [14.76473283, 57.05357514], [14.76476876, 57.0536758], [14.76473889, 57.05377804], [14.76467588, 57.05393968], [14.76470704, 57.05402013], [14.76471828, 57.05404916], [14.76469822, 57.05414612], [14.76461885, 57.05423049], [14.76450005, 57.0543147], [14.76446698, 57.05438478], [14.76440727, 57.05445472], [14.76436424, 57.05455164], [14.76435403, 57.05463955], [14.76429472, 57.05466827], [14.7641396, 57.05471307], [14.76406447, 57.05472793], [14.7639681, 57.05474706], [14.76381973, 57.05482052], [14.76377346, 57.05485097], [14.76370724, 57.05496051], [14.76364971, 57.05507132], [14.76364902, 57.05507267], [14.76364765, 57.05507527], [14.76365018, 57.05529793], [14.76363292, 57.0555536], [14.76362948, 57.05560317], [14.76365548, 57.05574684], [14.76369115, 57.05591028], [14.7637404, 57.05601088], [14.76374119, 57.05601492], [14.7637575, 57.05610037], [14.76367734, 57.05622183], [14.76365922, 57.05624928], [14.76358867, 57.05635621], [14.7635678, 57.05638778], [14.7634882, 57.05652783], [14.76337596, 57.05664798], [14.76328893, 57.05680158], [14.763273, 57.05689037], [14.76328927, 57.05698372], [14.7633416, 57.05709142], [14.76334899, 57.05710536], [14.76337115, 57.05714716], [14.76335437, 57.05722078], [14.76334444, 57.05726423], [14.7633278, 57.05733749], [14.76328099, 57.05749359], [14.76318508, 57.05765338], [14.76304603, 57.05782026], [14.76299476, 57.05788753], [14.76282448, 57.05811094], [14.76262583, 57.05839258], [14.76247057, 57.05849845], [14.76249337, 57.05863313], [14.76247655, 57.05873369], [14.76245263, 57.05900839], [14.76243879, 57.05923811], [14.76239172, 57.05954151], [14.76238142, 57.0596852], [14.76242406, 57.05973549], [14.76244989, 57.0599061], [14.7625018, 57.06014493], [14.76248185, 57.06024557], [14.76241568, 57.06034604], [14.76234267, 57.06047344], [14.76232259, 57.0605722], [14.76231972, 57.06059627], [14.76230578, 57.06071399], [14.76229549, 57.06083432], [14.7623001, 57.06087879], [14.76230831, 57.06095641], [14.76224524, 57.06108212], [14.76223704, 57.06108884], [14.76202055, 57.06126501], [14.76235788, 57.06143387], [14.76201519, 57.06193116], [14.76196568, 57.06201909], [14.76182947, 57.06235474], [14.76179289, 57.06248401], [14.76173301, 57.06261862], [14.76165037, 57.06272085], [14.76151477, 57.06289672], [14.76147152, 57.06300442], [14.76131543, 57.06338494], [14.76126243, 57.06344421], [14.76101104, 57.06377964], [14.76087583, 57.06382986], [14.75963158, 57.06447874], [14.75961452, 57.0644876], [14.76006577, 57.0701854], [14.76347434, 57.07012541], [14.76805959, 57.07003186], [14.77208003, 57.06993882], [14.77477596, 57.0702347], [14.77806034, 57.07021954], [14.78103548, 57.07020178], [14.78385202, 57.07033017], [14.78601612, 57.07030559], [14.78779163, 57.07036223], [14.79095883, 57.07038794], [14.79269126, 57.07061239], [14.7927243, 57.0706138], [14.79404261, 57.07067013], [14.79505122, 57.07070995], [14.79508657, 57.07071127], [14.7965629, 57.07256172], [14.7932763, 57.08084005], [14.79326209, 57.08087604], [14.79512371, 57.08114864], [14.8059845, 57.08273841], [14.80623979, 57.08277572], [14.81206347, 57.08104962], [14.81260093, 57.08089028], [14.81340216, 57.08089256], [14.81403139, 57.08087858], [14.81403534, 57.0808785], [14.81434169, 57.08085003], [14.81447725, 57.08083739], [14.81498193, 57.08075694], [14.815094, 57.08076052], [14.81515991, 57.08077319], [14.8152522, 57.08081626], [14.81534774, 57.08086301], [14.81538398, 57.08090618], [14.81552877, 57.08108755], [14.81557478, 57.08119171], [14.81570299, 57.0813983], [14.81574975, 57.08157027], [14.81586091, 57.08167624], [14.81586186, 57.0816766], [14.81592607, 57.08170364], [14.81609354, 57.08173011], [14.81610674, 57.08172878], [14.81627538, 57.08171179], [14.8164774, 57.0816828], [14.81649945, 57.08168014], [14.81660775, 57.08170437], [14.81671887, 57.08173624], [14.81678756, 57.08179481], [14.81686163, 57.08186372], [14.81694508, 57.08193578], [14.81695821, 57.08194703], [14.81705318, 57.08197294], [14.81706052, 57.08197367], [14.81717814, 57.08198462], [14.81746588, 57.0819528], [14.8176513, 57.08192549], [14.81776973, 57.08193725], [14.81789778, 57.08195765], [14.81811446, 57.081992], [14.81819001, 57.08200801], [14.81845882, 57.0820648], [14.81870809, 57.08211169], [14.81884931, 57.08213713], [14.81896008, 57.08215795], [14.81917156, 57.08219831], [14.81917509, 57.08219894], [14.81937081, 57.08223533], [14.81957366, 57.08223194], [14.81966441, 57.08223045], [14.81991169, 57.08223782], [14.8202216, 57.08223664], [14.82047131, 57.08222048], [14.82072945, 57.08220378], [14.82084267, 57.08219649], [14.82104232, 57.08220764], [14.82121804, 57.08221741], [14.82160571, 57.08222569], [14.82162027, 57.08222598], [14.82167473, 57.08221537], [14.82175371, 57.08220003], [14.82191158, 57.08218696], [14.82208672, 57.08217383], [14.82245445, 57.0821139], [14.82283802, 57.08207017], [14.82284442, 57.08206901], [14.82305342, 57.08203059], [14.82357486, 57.08165752], [14.82382743, 57.08146728], [14.82412625, 57.08127738], [14.82427486, 57.08114925], [14.82440097, 57.08100473], [14.82450038, 57.08086727], [14.82462506, 57.08076407], [14.82473682, 57.08066255], [14.82485805, 57.08057012], [14.82506287, 57.08043524], [14.82533367, 57.080299], [14.82551093, 57.0802106], [14.82562791, 57.080154], [14.82573758, 57.08000228], [14.82582885, 57.07980176], [14.82648514, 57.07835574], [14.82658534, 57.07807448], [14.82662349, 57.07800295], [14.82670577, 57.07789044], [14.82680663, 57.07781765], [14.82693499, 57.07770906], [14.82742603, 57.07747576], [14.82771013, 57.07733963], [14.82810799, 57.07713441], [14.828356, 57.07700757], [14.82851266, 57.0769274], [14.82865746, 57.07682261], [14.82871842, 57.07675838], [14.82876969, 57.07669953], [14.82881844, 57.07660116], [14.82881916, 57.07659209], [14.82882837, 57.07648091], [14.82873814, 57.07640292], [14.82841628, 57.07623704], [14.82823694, 57.07616377], [14.82808027, 57.0760997], [14.82781341, 57.07598087], [14.82741308, 57.0757838], [14.82707182, 57.07560693], [14.82666269, 57.07537383], [14.82636739, 57.07520107], [14.8260229, 57.07502051], [14.82582536, 57.07488605], [14.82562386, 57.07478212], [14.82540661, 57.07464575], [14.82530626, 57.07458391], [14.82527821, 57.07453222], [14.82526216, 57.07450265], [14.82523545, 57.07439834], [14.82527848, 57.07415617], [14.82530931, 57.07399122], [14.82536082, 57.07379765], [14.82548514, 57.07370881], [14.82570982, 57.07362227], [14.82576841, 57.07359963], [14.8260253, 57.07349032], [14.82651429, 57.07321751], [14.8269776, 57.07291044], [14.82719229, 57.07277745], [14.82751042, 57.07259844], [14.82904809, 57.07194588], [14.82925413, 57.07188643], [14.82934163, 57.07187586], [14.82943607, 57.07186441], [14.82960707, 57.07188368], [14.82970653, 57.0719034], [14.82976781, 57.07191551], [14.8299022, 57.07194165], [14.83011622, 57.07195048], [14.83024956, 57.07193799], [14.8303278, 57.07193064], [14.83059312, 57.07187343], [14.83069981, 57.0718293], [14.8309211, 57.07170753], [14.83095082, 57.07169114], [14.83126551, 57.07151579], [14.83156567, 57.07127378], [14.83175984, 57.07116034], [14.83196099, 57.07103981], [14.83246733, 57.0708534], [14.83274749, 57.07073162], [14.83326478, 57.07049843], [14.83341506, 57.07046764], [14.83349333, 57.07045149], [14.8336692, 57.07041544], [14.8342112, 57.07037107], [14.834284, 57.07036093], [14.83443795, 57.07039266], [14.8346477, 57.07044278], [14.83497158, 57.07048821], [14.83498599, 57.0704902], [14.83501291, 57.07049131], [14.83513841, 57.07049624], [14.83519212, 57.07049829], [14.83540301, 57.07050799], [14.83575725, 57.07032901], [14.8358511, 57.06995595], [14.83585494, 57.06995065], [14.83596169, 57.06988882], [14.83604232, 57.06983018], [14.83616204, 57.06978983], [14.83626464, 57.06977623], [14.83637343, 57.06977709], [14.83651088, 57.06981589], [14.83667051, 57.06988534], [14.83675095, 57.06996323], [14.83686644, 57.07008077], [14.83694252, 57.07018909], [14.83699305, 57.07026676], [14.83708749, 57.07031413], [14.83727759, 57.07035156], [14.83744272, 57.07034387], [14.83760527, 57.07030384], [14.83769207, 57.07026497], [14.83769303, 57.07026426], [14.83770325, 57.0702596], [14.83770393, 57.07025915], [14.83781337, 57.07017253], [14.83781392, 57.07017199], [14.83804252, 57.06998745], [14.83819117, 57.06985929], [14.8382775, 57.06970914], [14.83834752, 57.069557], [14.83841133, 57.06939227], [14.83845415, 57.06927224], [14.83852316, 57.069165], [14.83852356, 57.06916473], [14.83865036, 57.06909052], [14.83881826, 57.06897685], [14.83907182, 57.06886383], [14.83931202, 57.06876148], [14.83947225, 57.06869091], [14.83971655, 57.06867479], [14.83997291, 57.06870188], [14.84013025, 57.06873549], [14.84032928, 57.06881065], [14.84044932, 57.06888338], [14.84051268, 57.06898261], [14.84060377, 57.06914673], [14.84062725, 57.06925292], [14.8407354, 57.06940099], [14.8408685, 57.06947382], [14.84107326, 57.06958141], [14.84121121, 57.06960045], [14.84141248, 57.06960016], [14.84215678, 57.06949988], [14.84244473, 57.06945533], [14.84254231, 57.06940767], [14.84266536, 57.06934747], [14.84266563, 57.0693472], [14.84281435, 57.06920135], [14.84310477, 57.06892364], [14.84312916, 57.06865423], [14.84321712, 57.06856506], [14.84321739, 57.06856488], [14.84532452, 57.06755734], [14.84574794, 57.06773031], [14.84629545, 57.06795364], [14.85148427, 57.07007191], [14.85164344, 57.07544478], [14.85164537, 57.07550604], [14.85171961, 57.07551071], [14.85667833, 57.07582059], [14.85679709, 57.07592177], [14.85925677, 57.07801411], [14.85937733, 57.07810928], [14.86079099, 57.0812447], [14.86079112, 57.08124488], [14.85982301, 57.08170123], [14.8591491, 57.08201878], [14.85914814, 57.08201923], [14.86285711, 57.08267926], [14.86448112, 57.08224246], [14.86657946, 57.08146592], [14.86657987, 57.08146547], [14.86698805, 57.0811026], [14.86763657, 57.0796401], [14.86754744, 57.07877015], [14.86754812, 57.07876997], [14.86915137, 57.07833398], [14.86915137, 57.07833362], [14.86895986, 57.07709594], [14.86896054, 57.07709594], [14.87105949, 57.07712767], [14.87226059, 57.07684023], [14.87446398, 57.07631255], [14.87720786, 57.07565548], [14.87720758, 57.07565521], [14.87425646, 57.0726017], [14.87307048, 57.07137434], [14.87258708, 57.0708742], [14.87093155, 57.0691608], [14.86950433, 57.06768338], [14.86656645, 57.06784663], [14.86629272, 57.06735244], [14.86623706, 57.06710098], [14.8662376, 57.06710071], [14.86662445, 57.06688072], [14.86662458, 57.06688063], [14.86663906, 57.06686385], [14.86706592, 57.06636672], [14.86743064, 57.06594201], [14.86769215, 57.06555312], [14.86798373, 57.06511952], [14.86799658, 57.06510032], [14.86799645, 57.06509969], [14.86794388, 57.0649315], [14.86769764, 57.06462083], [14.86791663, 57.06448625], [14.86824777, 57.06428254], [14.86947023, 57.0635291], [14.86977642, 57.06334035], [14.87031779, 57.06300671], [14.87049607, 57.06280553], [14.87064042, 57.06258392], [14.87077441, 57.06225264], [14.87085905, 57.0620378], [14.87096062, 57.06168286], [14.87102646, 57.06143908], [14.87103353, 57.06128092], [14.87103427, 57.06126493], [14.87113169, 57.0612847], [14.87140152, 57.0613395], [14.87153636, 57.06134952], [14.87183195, 57.06138754], [14.87196988, 57.06140834], [14.87234833, 57.06142732], [14.87249635, 57.06144103], [14.87283834, 57.06142773], [14.87284609, 57.06142747], [14.87270291, 57.06123359], [14.87269005, 57.06121615], [14.87271607, 57.0612027], [14.87283715, 57.06114005], [14.87305673, 57.06105898], [14.87336333, 57.06093742], [14.87352642, 57.06087561], [14.87368286, 57.06081218], [14.87372212, 57.06070111], [14.87386497, 57.06055378], [14.87388462, 57.0605335], [14.8739622, 57.06046756], [14.87403717, 57.06037297], [14.874161, 57.06030026], [14.87432828, 57.0602045], [14.8743958, 57.0601805], [14.87458119, 57.06011476], [14.87475375, 57.06006751], [14.87513142, 57.05999307], [14.87534941, 57.05997676], [14.87560792, 57.05992115], [14.87575438, 57.0598684], [14.87581483, 57.05984268], [14.87593764, 57.05979071], [14.87614789, 57.05968987], [14.87633503, 57.05959063], [14.87676871, 57.05939095], [14.87693256, 57.05930228], [14.87717571, 57.05919995], [14.8772671, 57.05795753], [14.87726767, 57.05794873], [14.8773842, 57.0577772], [14.87749825, 57.05757514], [14.87756761, 57.05744273], [14.87761928, 57.05723297], [14.87764893, 57.05698169], [14.87767269, 57.05682562], [14.87768063, 57.0566442], [14.87768077, 57.05664069], [14.87781281, 57.05638305], [14.87792469, 57.05613419], [14.87798442, 57.05599279], [14.87800383, 57.05587973], [14.87807209, 57.05579043], [14.87815029, 57.05569763], [14.87817186, 57.05562958], [14.87816876, 57.05549665], [14.87815976, 57.05546242], [14.87826636, 57.05529079], [14.87840406, 57.05504312], [14.8784046, 57.05504214], [14.87932922, 57.05509925], [14.87976237, 57.05516892], [14.88018295, 57.05521684], [14.8804588, 57.05524943], [14.88054415, 57.05525715], [14.88061006, 57.05526314], [14.88090576, 57.05529575], [14.88095927, 57.05531206], [14.88111179, 57.05535837], [14.88144208, 57.05545775], [14.88163042, 57.05543583], [14.88172626, 57.05543557], [14.88180511, 57.05543528], [14.88201874, 57.05545839], [14.88207255, 57.0554632], [14.88223904, 57.05547799], [14.88240007, 57.0554953], [14.88254731, 57.05553415], [14.88289623, 57.05567674], [14.88303957, 57.05574424], [14.88311939, 57.05577997], [14.88324795, 57.05583739], [14.88372796, 57.05588221], [14.88417166, 57.0559304], [14.88477581, 57.05601197], [14.88518012, 57.05605267], [14.88544651, 57.05607258], [14.88601339, 57.0560713], [14.88637255, 57.05607397], [14.88681797, 57.05605209], [14.88702245, 57.05604456], [14.887217, 57.0560406], [14.88746506, 57.05600472], [14.88758363, 57.05599665], [14.88767976, 57.05599009], [14.88792692, 57.05598645], [14.88800141, 57.05598705], [14.88817406, 57.05598829], [14.88844074, 57.05599921], [14.88874359, 57.05601223], [14.88915194, 57.05602059], [14.88925403, 57.05602014], [14.88947168, 57.05601926], [14.88986404, 57.05600954], [14.89010806, 57.05600778], [14.89046367, 57.05601393], [14.89075969, 57.05603763], [14.89120727, 57.05606236], [14.89168451, 57.05608379], [14.89186231, 57.0560887], [14.89206648, 57.05609382], [14.89232424, 57.05609036], [14.89247474, 57.05608833], [14.89249839, 57.0560879], [14.89288503, 57.05617697], [14.89295923, 57.05618728], [14.89336445, 57.05624331], [14.89371801, 57.05620633], [14.89412197, 57.05613384], [14.89442309, 57.05608568], [14.89477772, 57.05600388], [14.89500033, 57.05593186], [14.89528152, 57.05576495], [14.89551202, 57.05564093], [14.89569831, 57.05557587], [14.89588325, 57.05555384], [14.89588352, 57.05555366], [14.89610948, 57.05539811], [14.8961847, 57.05533539], [14.89621917, 57.05530659], [14.89621944, 57.05530668], [14.89621971, 57.05530641], [14.89657301, 57.05540954], [14.89659339, 57.05541324], [14.89782292, 57.05563223], [14.89878963, 57.05687131], [14.90431448, 57.0600457], [14.90447718, 57.06021926], [14.90997231, 57.06608093], [14.91001422, 57.06612569], [14.91789656, 57.07451126], [14.91800642, 57.07477386], [14.91808429, 57.07529484], [14.91808052, 57.07552467], [14.91797449, 57.07574555], [14.91776591, 57.07608133], [14.91762662, 57.07633263], [14.91747467, 57.07652653], [14.91741817, 57.07673127], [14.91735132, 57.07700418], [14.91725835, 57.07728075], [14.91716235, 57.07744774], [14.91711582, 57.07757884], [14.91706266, 57.07781044], [14.91697664, 57.07795409], [14.91684764, 57.0780995], [14.91679469, 57.07817671], [14.91677113, 57.07831142], [14.91663565, 57.07843168], [14.91651016, 57.078525], [14.9162889, 57.07868105], [14.91610711, 57.07882822], [14.91604088, 57.07888386], [14.91599132, 57.07896466], [14.91599769, 57.079094], [14.91598388, 57.07936874], [14.91595358, 57.07953398], [14.91592031, 57.07968664], [14.91583385, 57.07996142], [14.91580059, 57.08011579], [14.91582001, 57.08024693], [14.91584951, 57.08031521], [14.91580292, 57.08052526], [14.91577964, 57.08065287], [14.91579221, 57.08087015], [14.91564978, 57.08104977], [14.91560344, 57.08121132], [14.9155304, 57.08138371], [14.91550987, 57.0816765], [14.91538772, 57.0817339], [14.91597122, 57.08183659], [14.91632734, 57.08190868], [14.91693393, 57.08203123], [14.91725046, 57.08210859], [14.91744481, 57.08212848], [14.91804851, 57.08214864], [14.91851342, 57.08218127], [14.9191829, 57.08222662], [14.9198556, 57.08229522], [14.92099395, 57.0821164], [14.92118194, 57.08212361], [14.92164023, 57.08219934], [14.92337784, 57.08253983], [14.92364764, 57.08285246], [14.9237101, 57.08291358], [14.92359754, 57.08306988], [14.92356757, 57.08322425], [14.92364963, 57.08334106], [14.92392631, 57.0835549], [14.92407786, 57.08362325], [14.92508036, 57.08376576], [14.92504622, 57.08430095], [14.92737613, 57.08375625], [14.92791353, 57.083884], [14.92815055, 57.0841482], [14.92824738, 57.08423915], [14.92825593, 57.08424706], [14.92846021, 57.08435226], [14.93548015, 57.07867389]], [[14.89441166, 57.04028138], [14.89436355, 57.0402808], [14.89373625, 57.04025315], [14.89368843, 57.04025005], [14.89306567, 57.04020084], [14.89279222, 57.04016944], [14.89225467, 57.04016431], [14.89220671, 57.04016238], [14.89157941, 57.04013472], [14.89095666, 57.0400855], [14.89090925, 57.04008096], [14.89029335, 57.04001028], [14.89024703, 57.04000332], [14.88964072, 57.03991154], [14.88904629, 57.03979901], [14.88900147, 57.03978963], [14.88842137, 57.03965682], [14.88785805, 57.03950425], [14.88781501, 57.03949245], [14.88745527, 57.03937905], [14.88737175, 57.03936326], [14.88720499, 57.03932943], [14.88688005, 57.03925503], [14.88662504, 57.0391966], [14.8860616, 57.03904403], [14.8855171, 57.03887235], [14.88536575, 57.03882128], [14.88484225, 57.0386312], [14.88434218, 57.03842336], [14.88386731, 57.03819864], [14.8837372, 57.03813251], [14.88328943, 57.03789192], [14.88287064, 57.03763637], [14.88248248, 57.03736682], [14.88237865, 57.03728805], [14.8820226, 57.03700569], [14.88170029, 57.0367116], [14.88141294, 57.03640703], [14.8813393, 57.03631867], [14.88108799, 57.03600479], [14.88087381, 57.03568278], [14.88069755, 57.03535406], [14.88065723, 57.03525954], [14.88051958, 57.03492547], [14.88042135, 57.03458722], [14.88036253, 57.03424631], [14.88035635, 57.03414041], [14.88033747, 57.03379819], [14.88035855, 57.03345601], [14.88036971, 57.03336558], [14.88043071, 57.03302478], [14.88048744, 57.03283371], [14.88037508, 57.03262397], [14.88036239, 57.03259863], [14.88022475, 57.03226456], [14.88021668, 57.03223869], [14.88011846, 57.03190044], [14.88005965, 57.03155953], [14.88005567, 57.03152899], [14.88003886, 57.03122288], [14.87965504, 57.03115021], [14.87907524, 57.03101735], [14.87851196, 57.03086474], [14.87796762, 57.03069303], [14.8774444, 57.03050291], [14.87694435, 57.03029504], [14.87646962, 57.0300703], [14.87602198, 57.02982969], [14.87560334, 57.0295741], [14.87521532, 57.02930454], [14.8748594, 57.02902216], [14.87453721, 57.02872805], [14.87424998, 57.02842346], [14.87399878, 57.02810957], [14.87375504, 57.02780126], [14.87373517, 57.02777232], [14.8735211, 57.02745029], [14.87341378, 57.02725007], [14.87317007, 57.02705663], [14.87311509, 57.02700645], [14.87285201, 57.02679763], [14.87252986, 57.02650352], [14.87224266, 57.02619893], [14.87222264, 57.02617519], [14.87197147, 57.0258613], [14.87175742, 57.02553927], [14.87171081, 57.02546521], [14.87153469, 57.02513648], [14.8715235, 57.02511096], [14.87138597, 57.02477689], [14.87128785, 57.02443863], [14.87122913, 57.02409771], [14.87122797, 57.02408029], [14.87120918, 57.02373807], [14.87122271, 57.02351974], [14.87120449, 57.02348559], [14.87108361, 57.0232488], [14.87094609, 57.02291472], [14.87093776, 57.02288884], [14.87083965, 57.02255058], [14.87078093, 57.02220967], [14.87076215, 57.02186745], [14.87076289, 57.02185003], [14.87078404, 57.02150785], [14.87084512, 57.02116706], [14.87094557, 57.020829], [14.87095256, 57.02081195], [14.87109238, 57.02047815], [14.87127075, 57.02014979], [14.87148699, 57.0198282], [14.87149981, 57.01981222], [14.87175309, 57.01949884], [14.87204232, 57.01919484], [14.87236642, 57.01890138], [14.87266682, 57.01866475], [14.87263184, 57.01856924], [14.87253372, 57.01823098], [14.872475, 57.01789007], [14.8724562, 57.01754785], [14.87245613, 57.01745121], [14.87247726, 57.01710903], [14.87253832, 57.01676824], [14.87263874, 57.01643018], [14.87267315, 57.01633528], [14.87281294, 57.01600148], [14.87299127, 57.01567312], [14.87320747, 57.01535152], [14.87327526, 57.01526223], [14.8735285, 57.01494884], [14.87381768, 57.01464484], [14.87414172, 57.01435137], [14.87424017, 57.01427091], [14.87459784, 57.01398924], [14.87498751, 57.01372045], [14.87540768, 57.0134657], [14.87553283, 57.01339729], [14.87598186, 57.01315757], [14.87645786, 57.01293377], [14.87695905, 57.01272688], [14.87710642, 57.01267313], [14.87763063, 57.01248404], [14.87817582, 57.01231338], [14.87873968, 57.01216187], [14.8788723, 57.01213173], [14.87893484, 57.01210593], [14.87945903, 57.01191683], [14.87948649, 57.01190787], [14.88003166, 57.01173721], [14.88059551, 57.01158569], [14.88117598, 57.01145394], [14.88120615, 57.01144813], [14.88180081, 57.01133669], [14.88240722, 57.01124601], [14.88302307, 57.01117644], [14.88305471, 57.01117395], [14.88341393, 57.01114618], [14.88342416, 57.01113388], [14.88371323, 57.01082985], [14.88373679, 57.01080724], [14.88406072, 57.01051375], [14.88441828, 57.01023206], [14.88444577, 57.01021088], [14.88483533, 57.00994206], [14.88486648, 57.00992242], [14.88528654, 57.00966764], [14.88573546, 57.00942788], [14.88577001, 57.00940995], [14.8862459, 57.00918611], [14.88628328, 57.00917007], [14.88678423, 57.00896313], [14.88730847, 57.008774], [14.88735537, 57.00875761], [14.88790045, 57.00858691], [14.88827907, 57.00846851], [14.88875035, 57.008321], [14.88922137, 57.00817367], [14.88957429, 57.00806333], [14.88960554, 57.00805411], [14.88975134, 57.008014], [14.89031509, 57.00786243], [14.89033098, 57.00785858], [14.89040327, 57.00783916], [14.89064838, 57.00777704], [14.89072693, 57.00774872], [14.89076553, 57.00773583], [14.89082371, 57.00766375], [14.89084905, 57.00763521], [14.89113803, 57.00733117], [14.89146187, 57.00703766], [14.89148801, 57.00701451], [14.89184548, 57.00673279], [14.89187568, 57.00671126], [14.89226515, 57.00644242], [14.89268512, 57.00618761], [14.89271925, 57.00616779], [14.89316808, 57.005928], [14.89320561, 57.00591016], [14.8936814, 57.0056863], [14.8941824, 57.00547933], [14.89422304, 57.00546365], [14.89474706, 57.00527449], [14.89529206, 57.00510376], [14.89533541, 57.00509041], [14.89589909, 57.00493882], [14.89594473, 57.0049279], [14.89652505, 57.00479608], [14.89711957, 57.00468457], [14.89716697, 57.00467626], [14.89777323, 57.0045855], [14.89782185, 57.00457979], [14.89843755, 57.00451014], [14.89905999, 57.00446197], [14.89910941, 57.00445895], [14.89973626, 57.00443233], [14.90036496, 57.00442736], [14.90041478, 57.00442713], [14.90104274, 57.00444388], [14.90109228, 57.00444634], [14.90171706, 57.00448483], [14.90233622, 57.00454477], [14.90238508, 57.00455002], [14.9029959, 57.00463124], [14.90304367, 57.00463909], [14.90364372, 57.00474123], [14.90423082, 57.00486383], [14.90427668, 57.00487419], [14.90484826, 57.0050169], [14.905402, 57.00517899], [14.9054153, 57.00518295], [14.9055229, 57.00520539], [14.90609449, 57.00534809], [14.90620966, 57.00537997], [14.90676343, 57.00554206], [14.90729732, 57.00572299], [14.90747895, 57.00578608], [14.90799068, 57.00598513], [14.90809226, 57.00602868], [14.90815233, 57.00605531], [14.90829961, 57.0060644], [14.90891881, 57.00612431], [14.90947823, 57.00619863], [14.90959171, 57.00620563], [14.90963936, 57.00620953], [14.91025856, 57.00626943], [14.91086943, 57.00635061], [14.91111005, 57.00638402], [14.91171015, 57.00648611], [14.91175547, 57.00649504], [14.91234263, 57.0066176], [14.91291427, 57.00676027], [14.91346808, 57.00692232], [14.91349534, 57.00693132], [14.91402929, 57.00711222], [14.91454108, 57.00731125], [14.91502853, 57.0075275], [14.91505226, 57.00753928], [14.91551374, 57.00777186], [14.9159471, 57.00801995], [14.91635069, 57.00828258], [14.91672289, 57.00855856], [14.91674173, 57.0085725], [14.91708106, 57.00886085], [14.91738615, 57.00916023], [14.91765566, 57.00946956], [14.91766934, 57.00948538], [14.91790244, 57.00980339], [14.91809792, 57.01012883], [14.9182551, 57.01046036], [14.91826266, 57.01047725], [14.918381, 57.0108136], [14.91845982, 57.01115325], [14.918499, 57.01149502], [14.91850045, 57.01151272], [14.9184997, 57.0118551], [14.91845903, 57.01219682], [14.91837872, 57.01253637], [14.91837311, 57.01255711], [14.9183612, 57.01260013], [14.91824138, 57.01293632], [14.91809731, 57.01324555], [14.91793866, 57.01357687], [14.91774173, 57.01390206], [14.91772524, 57.01392693], [14.91749071, 57.01424463], [14.9172198, 57.0145536], [14.91691333, 57.01485258], [14.9168966, 57.01486757], [14.91655592, 57.01515547], [14.91618242, 57.01543087], [14.91577756, 57.01569295], [14.9157558, 57.01570587], [14.91532124, 57.01595338], [14.91485859, 57.01618533], [14.91437004, 57.01640092], [14.91434421, 57.01641123], [14.91383139, 57.01660955], [14.91338643, 57.01675942], [14.9133216, 57.0167812], [14.9132749, 57.01683442], [14.91334802, 57.01704213], [14.91335543, 57.01706836], [14.91343422, 57.01740801], [14.91347335, 57.01774979], [14.91347587, 57.01777629], [14.91347507, 57.01811867], [14.9134727, 57.01814516], [14.91343198, 57.01848689], [14.91335161, 57.01882643], [14.91334462, 57.01885274], [14.91322474, 57.01918893], [14.91321095, 57.019219], [14.91305223, 57.01955032], [14.9129423, 57.01974891], [14.91287643, 57.01986815], [14.91283333, 57.01994581], [14.91272436, 57.0201427], [14.91263775, 57.02029946], [14.91266579, 57.02033172], [14.91289891, 57.02064974], [14.9129161, 57.0206749], [14.91311159, 57.02100035], [14.91312403, 57.02102632], [14.91328121, 57.02135785], [14.91339954, 57.0216942], [14.91340722, 57.02172071], [14.91348602, 57.02206036], [14.91352516, 57.02240213], [14.91352795, 57.0224289], [14.91352715, 57.02277128], [14.91352505, 57.02279804], [14.91348433, 57.02313977], [14.91340395, 57.02347931], [14.91339696, 57.02350589], [14.91327706, 57.02384208], [14.91326518, 57.02386812], [14.91310644, 57.02419943], [14.91290941, 57.02452461], [14.91289292, 57.02454992], [14.91265827, 57.02486762], [14.9126373, 57.02489185], [14.91236627, 57.02520081], [14.91233088, 57.02523537], [14.9124055, 57.02555705], [14.91244464, 57.02589883], [14.91244702, 57.02592524], [14.91244621, 57.02626762], [14.91244384, 57.02629393], [14.9124031, 57.02663565], [14.9123227, 57.02697519], [14.91231558, 57.02700141], [14.91219566, 57.0273376], [14.91218392, 57.02736319], [14.91210474, 57.02752831], [14.91213376, 57.02778134], [14.912136, 57.02780766], [14.91213519, 57.02815004], [14.91213282, 57.02817635], [14.91209208, 57.02851807], [14.91201167, 57.02885761], [14.91200441, 57.02888374], [14.91188448, 57.02921993], [14.91187083, 57.02924974], [14.91171205, 57.02958105], [14.91162242, 57.0297414], [14.91153551, 57.0298978], [14.9114482, 57.03005447], [14.91133223, 57.0302633], [14.9112355, 57.03043693], [14.91114109, 57.03060347], [14.91094401, 57.03092865], [14.91094129, 57.03093269], [14.91093938, 57.03093565], [14.91092997, 57.03095127], [14.91078682, 57.03116098], [14.91055212, 57.03147867], [14.91052936, 57.03150767], [14.91025827, 57.03181662], [14.91024737, 57.03182721], [14.90998527, 57.03212593], [14.90995789, 57.03215375], [14.90965122, 57.03245271], [14.90942098, 57.03266029], [14.90908009, 57.03294808], [14.90907097, 57.03295553], [14.90905109, 57.03297231], [14.90883603, 57.0331376], [14.90846228, 57.03341297], [14.90845262, 57.03341961], [14.90844078, 57.03342804], [14.90843125, 57.03343504], [14.90818494, 57.03359878], [14.90783073, 57.03382791], [14.90779899, 57.03391671], [14.90764015, 57.03424802], [14.90744302, 57.03457319], [14.9073841, 57.0346644], [14.90714935, 57.03498208], [14.9068782, 57.03529103], [14.90657148, 57.03558998], [14.90648092, 57.03567308], [14.90613998, 57.03596095], [14.90576618, 57.03623632], [14.90536103, 57.03649837], [14.90524237, 57.03657031], [14.90480748, 57.03681778], [14.90434451, 57.03704969], [14.90425106, 57.03709094], [14.90413346, 57.03722494], [14.90382669, 57.03752389], [14.90380272, 57.03754659], [14.90346174, 57.03783446], [14.90343383, 57.03785581], [14.90306, 57.03813126], [14.9026548, 57.0383933], [14.90262323, 57.03841303], [14.90218831, 57.0386605], [14.90215334, 57.03867852], [14.90169033, 57.03891051], [14.9012014, 57.03912596], [14.90116345, 57.03914209], [14.90065024, 57.03934036], [14.90060944, 57.03935434], [14.90007412, 57.03953445], [14.89951901, 57.03969567], [14.89947604, 57.0397074], [14.89890318, 57.03984921], [14.89885831, 57.03985869], [14.89827, 57.03998037], [14.89766884, 57.04008155], [14.89762249, 57.04008852], [14.89701065, 57.04016876], [14.89696321, 57.0401733], [14.89634314, 57.04023225], [14.89571755, 57.04026972], [14.89566958, 57.04027166], [14.89504093, 57.04028739], [14.89441166, 57.04028138]]]}, "properties": {"deso": "0780A0070", "pop": 1843.0, "income": 352.4, "male_frac": 0.5218, "child_frac": 0.1763, "elder_frac": 0.2333, "dependency": 0.6939, "needZ": -0.0117, "needZ_v1": 0.162, "regso": "0780R020", "higher_ed": 66.7, "neet": 8.7, "income_support": 0.1}}, {"type": "Feature", "geometry": {"type": "Polygon", "coordinates": [[[15.05911045, 57.07624436], [15.05915859, 57.07624236], [15.05978462, 57.07620407], [15.06040503, 57.07614431], [15.06045263, 57.07613971], [15.06106471, 57.07605876], [15.06111896, 57.07605047], [15.06172026, 57.0759485], [15.06264556, 57.07578009], [15.0632339, 57.07565755], [15.06328706, 57.07564621], [15.06385984, 57.07550365], [15.06390335, 57.07549159], [15.06445828, 57.07532964], [15.06499331, 57.07514884], [15.06503436, 57.07513454], [15.06554719, 57.07493569], [15.06558552, 57.07491923], [15.06607396, 57.07470306], [15.06653639, 57.07447046], [15.06657158, 57.07445203], [15.06700583, 57.074204], [15.06703735, 57.07418368], [15.06744177, 57.0739212], [15.06781475, 57.07364527], [15.06784259, 57.07362343], [15.06818262, 57.0733352], [15.06820638, 57.07331202], [15.06851212, 57.07301259], [15.06878219, 57.07270329], [15.06880173, 57.07267885], [15.06903521, 57.07236087], [15.06923112, 57.07203545], [15.06924604, 57.07201011], [15.06940359, 57.0716786], [15.06941374, 57.07165264], [15.06953238, 57.07131631], [15.06961144, 57.07097667], [15.06961697, 57.07095026], [15.06965631, 57.07060849], [15.06965694, 57.0705819], [15.0696563, 57.07023953], [15.06963488, 57.07005964], [15.06998357, 57.06998705], [15.07002843, 57.06997688], [15.07060111, 57.06983429], [15.07115592, 57.06967231], [15.07119873, 57.0696598], [15.07173366, 57.06947896], [15.07177402, 57.06946421], [15.07228673, 57.06926534], [15.07277506, 57.06904914], [15.07281256, 57.06903232], [15.07327488, 57.0687997], [15.07330925, 57.0687809], [15.07374338, 57.06853285], [15.07414769, 57.06827035], [15.07417839, 57.06824994], [15.07455126, 57.06797399], [15.07457814, 57.06795188], [15.07491807, 57.06766363], [15.0752237, 57.06736418], [15.0752465, 57.06734082], [15.07551648, 57.06703151], [15.0755352, 57.06700707], [15.07576858, 57.06668907], [15.07588038, 57.06650327], [15.0759536, 57.0664664], [15.07638769, 57.06621833], [15.07650993, 57.0661482], [15.0769142, 57.06588569], [15.07728702, 57.06560973], [15.07762691, 57.06532148], [15.07772165, 57.06523969], [15.07802724, 57.06494023], [15.07829718, 57.06463092], [15.07853066, 57.06431291], [15.07859424, 57.06422261], [15.07879003, 57.06389717], [15.07894746, 57.06356565], [15.079066, 57.06322931], [15.07909598, 57.06313409], [15.07917493, 57.06279444], [15.07921418, 57.06245267], [15.07921345, 57.06211029], [15.07920876, 57.06201356], [15.07916806, 57.06167184], [15.07908766, 57.0613323], [15.07896771, 57.0609961], [15.07892493, 57.0608932], [15.07876611, 57.06056188], [15.07856896, 57.06023669], [15.07845709, 57.06005336], [15.07832374, 57.05987282], [15.07822243, 57.05973565], [15.07814365, 57.05963923], [15.07787231, 57.05933026], [15.07756552, 57.05903118], [15.07722449, 57.05874335], [15.07712209, 57.05866447], [15.0767482, 57.05838896], [15.07634293, 57.05812695], [15.07590793, 57.05787941], [15.07577918, 57.05781285], [15.07531608, 57.05758077], [15.07513347, 57.05750032], [15.0750163, 57.05744156], [15.07468756, 57.05729661], [15.07450616, 57.05720574], [15.0744837, 57.05719587], [15.07448125, 57.05719461], [15.07439199, 57.05715488], [15.07437049, 57.05714411], [15.07400745, 57.05697359], [15.0736681, 57.05682398], [15.07366787, 57.05670919], [15.07366687, 57.05668341], [15.07362623, 57.05634169], [15.07362074, 57.05631618], [15.0735404, 57.05597664], [15.07342052, 57.05564044], [15.07341054, 57.05561529], [15.07325179, 57.05528397], [15.07323747, 57.05525946], [15.0730404, 57.05493426], [15.07280582, 57.05461654], [15.07278729, 57.05459293], [15.07251603, 57.05428394], [15.07249356, 57.05426132], [15.07218685, 57.05396223], [15.07215254, 57.05393333], [15.07211931, 57.05390101], [15.072114, 57.05389661], [15.07211087, 57.05389347], [15.07208635, 57.05387058], [15.07174542, 57.05358274], [15.07171696, 57.05356138], [15.07151931, 57.05341572], [15.07146994, 57.0533342], [15.07145413, 57.05330924], [15.07121958, 57.05299151], [15.07119941, 57.05296754], [15.07092818, 57.05265855], [15.0706215, 57.05235946], [15.07059699, 57.05233657], [15.07025608, 57.05204872], [15.07022763, 57.05202736], [15.06985385, 57.05175183], [15.06944871, 57.0514898], [15.06941659, 57.05147005], [15.06898171, 57.05122249], [15.06894606, 57.05120446], [15.06848308, 57.05097236], [15.06799417, 57.05075671], [15.06795568, 57.05074074], [15.06744248, 57.05054244], [15.06690716, 57.05036219], [15.06686582, 57.05034838], [15.06631069, 57.05018701], [15.06626718, 57.05017545], [15.06569429, 57.05003348], [15.06510594, 57.04991155], [15.06506039, 57.04990232], [15.06445918, 57.04980096], [15.06441227, 57.04979425], [15.06380036, 57.04971391], [15.06318019, 57.04965476], [15.06312432, 57.04964994], [15.06249861, 57.04961226], [15.06185144, 57.04957333], [15.06104821, 57.04952532], [15.0609918, 57.04952346], [15.06036301, 57.04950751], [15.05973358, 57.0495132], [15.05968505, 57.04951421], [15.05905756, 57.04954163], [15.05900958, 57.04954525], [15.05838661, 57.04959431], [15.05777045, 57.04966474], [15.0577233, 57.04967087], [15.05711669, 57.0497624], [15.05652194, 57.04987458], [15.05647615, 57.04988322], [15.05589569, 57.05001578], [15.05585154, 57.05002676], [15.05528783, 57.05017907], [15.05486598, 57.05031173], [15.05424092, 57.05033904], [15.05361792, 57.05038808], [15.05356994, 57.05039196], [15.05295377, 57.05046237], [15.05290675, 57.05046876], [15.05280782, 57.05048363], [15.0528066, 57.05048381], [15.05270671, 57.05049525], [15.05265928, 57.05050093], [15.05205265, 57.05059244], [15.05199897, 57.05060198], [15.05140419, 57.05071414], [15.05102725, 57.05079261], [15.0506575, 57.05086964], [15.05028857, 57.05094649], [15.04997236, 57.05101228], [15.04939187, 57.05114481], [15.0493579, 57.05115299], [15.04888973, 57.05112479], [15.04886608, 57.05112382], [15.04886132, 57.05112355], [15.0488586, 57.05112346], [15.04855317, 57.05111567], [15.04841976, 57.05106408], [15.04788453, 57.05088376], [15.04782742, 57.05086609], [15.04727237, 57.05070463], [15.04647069, 57.05048892], [15.04589787, 57.05034686], [15.04582146, 57.05032947], [15.04523318, 57.05020744], [15.04510307, 57.05018297], [15.0445019, 57.05008151], [15.04444644, 57.05007273], [15.04383456, 57.04999229], [15.04378576, 57.04998737], [15.04316562, 57.04992812], [15.04253993, 57.04989035], [15.04249059, 57.04988812], [15.0418618, 57.04987207], [15.04123236, 57.04987767], [15.04118275, 57.04987814], [15.04059737, 57.04990365], [15.04055523, 57.04990547], [15.04050603, 57.04990871], [15.03988303, 57.04995768], [15.03926683, 57.05002803], [15.03921845, 57.05003388], [15.03861179, 57.05012532], [15.03856464, 57.05013378], [15.03796982, 57.05024587], [15.03757764, 57.05033544], [15.03700083, 57.0503807], [15.03638463, 57.05045103], [15.03633815, 57.05045697], [15.03573148, 57.0505484], [15.03568622, 57.05055667], [15.03509139, 57.05066875], [15.03451085, 57.05080121], [15.03446736, 57.05081191], [15.03390355, 57.05096413], [15.03386225, 57.05097707], [15.0333172, 57.0511484], [15.03299245, 57.05126606], [15.03263581, 57.05130675], [15.03202912, 57.05139816], [15.03198277, 57.05140599], [15.03138792, 57.05151805], [15.03080735, 57.05165049], [15.0307553, 57.05166245], [15.0293906, 57.05202033], [15.02882675, 57.05217252], [15.02877701, 57.05218726], [15.0282318, 57.05235858], [15.02770779, 57.05254838], [15.0276677, 57.05256321], [15.02716695, 57.05277071], [15.02712958, 57.0527876], [15.02665398, 57.05301188], [15.02620544, 57.05325223], [15.02617147, 57.05327101], [15.02575175, 57.05352627], [15.02572118, 57.05354684], [15.02533218, 57.05381601], [15.02497541, 57.05409819], [15.02494878, 57.05412011], [15.02462558, 57.05441396], [15.02460303, 57.05443741], [15.02431477, 57.05474185], [15.02406254, 57.05505554], [15.0240442, 57.05507997], [15.02382908, 57.05540182], [15.02381536, 57.05542715], [15.02363817, 57.05575573], [15.02349958, 57.05608969], [15.02349036, 57.05611565], [15.02339119, 57.05645383], [15.02333145, 57.05679469], [15.02332699, 57.05682101], [15.02330722, 57.05716321], [15.02330764, 57.05718961], [15.02332784, 57.05753181], [15.02338801, 57.05787265], [15.02339305, 57.05789896], [15.02349265, 57.0582371], [15.02350245, 57.05826297], [15.02364147, 57.05859687], [15.0238191, 57.05892539], [15.02383339, 57.05895062], [15.02404895, 57.05927239], [15.02407099, 57.05930086], [15.02432367, 57.05961445], [15.02444367, 57.0597504], [15.02452274, 57.05986841], [15.02454465, 57.05989687], [15.02479733, 57.06021046], [15.02549915, 57.06101255], [15.02578787, 57.06131688], [15.02581467, 57.061344], [15.02613834, 57.06163763], [15.02616541, 57.06165972], [15.02652265, 57.06194166], [15.02691211, 57.06221067], [15.02694313, 57.06223096], [15.02736318, 57.06248604], [15.02739759, 57.06250471], [15.0278466, 57.06274487], [15.02832265, 57.06296894], [15.02836033, 57.06298564], [15.02886153, 57.06319291], [15.02890193, 57.06320754], [15.02942651, 57.06339711], [15.02997203, 57.06356817], [15.03001487, 57.06358055], [15.03057914, 57.06373247], [15.03116012, 57.06386463], [15.031205, 57.06387468], [15.03180024, 57.06398644], [15.03184675, 57.06399397], [15.03245381, 57.06408507], [15.03307037, 57.06415505], [15.03311797, 57.06416016], [15.03374131, 57.06420876], [15.03378958, 57.06421127], [15.03412232, 57.06422554], [15.03444054, 57.06427324], [15.03505711, 57.06434322], [15.0351043, 57.06434814], [15.03572765, 57.06439674], [15.03577551, 57.06439915], [15.03640333, 57.06442609], [15.03703303, 57.0644313], [15.03708103, 57.0644311], [15.03718192, 57.06442847], [15.03773196, 57.0644521], [15.03816218, 57.06445566], [15.03820071, 57.06449615], [15.03817908, 57.06461956], [15.03815944, 57.06496177], [15.03817978, 57.06530396], [15.0382401, 57.06564479], [15.03826138, 57.06571727], [15.03831855, 57.06604023], [15.03841776, 57.0663762], [15.03842911, 57.0665684], [15.03846372, 57.06677065], [15.03846851, 57.06679885], [15.03852883, 57.06713968], [15.03862859, 57.06747781], [15.03876778, 57.0678117], [15.03894558, 57.06814019], [15.03916132, 57.06846193], [15.03941419, 57.06877549], [15.03970308, 57.06907978], [15.04002692, 57.06937347], [15.04038434, 57.06965537], [15.04077398, 57.06992434], [15.04092681, 57.07002156], [15.04134705, 57.07027658], [15.04179624, 57.07051669], [15.04227248, 57.07074071], [15.04277387, 57.07094793], [15.04329863, 57.07113744], [15.04384432, 57.07130844], [15.04440876, 57.07146029], [15.04498991, 57.07159239], [15.04558532, 57.07170408], [15.04619254, 57.07179511], [15.04673649, 57.07185679], [15.04691148, 57.07204103], [15.0472354, 57.07233469], [15.04759291, 57.07261658], [15.0475974, 57.07261963], [15.04771068, 57.07272225], [15.0480682, 57.07300422], [15.04845793, 57.07327316], [15.04887839, 57.07352816], [15.04932767, 57.07376824], [15.04933815, 57.07377345], [15.04981447, 57.07399744], [15.05020136, 57.07415734], [15.05029993, 57.07422529], [15.05032988, 57.07424593], [15.05075036, 57.07450093], [15.05078398, 57.07451987], [15.05123328, 57.07475994], [15.05170963, 57.07498392], [15.05174652, 57.07500088], [15.05224802, 57.07520806], [15.05228775, 57.07522313], [15.05281262, 57.0754126], [15.05335842, 57.07558356], [15.05340061, 57.07559629], [15.05396515, 57.07574811], [15.05400937, 57.07575869], [15.05459062, 57.07589074], [15.05518613, 57.07600239], [15.05523212, 57.07601045], [15.05583943, 57.07610143], [15.05588664, 57.07610707], [15.05650344, 57.07617694], [15.05712702, 57.07622543], [15.05717503, 57.07622846], [15.05780307, 57.07625529], [15.05785135, 57.07625581], [15.05848126, 57.07626091], [15.05911045, 57.07624436]]]}, "properties": {"deso": "0780B5010", "pop": 1546.0, "income": 296.7, "male_frac": 0.4968, "child_frac": 0.1902, "elder_frac": 0.2523, "dependency": 0.7935, "needZ": 0.8425, "needZ_v1": 0.8599, "regso": "0780R002", "higher_ed": null, "neet": 16.3, "income_support": 2.4}}, {"type": "Feature", "geometry": {"type": "Polygon", "coordinates": [[[15.06426516, 57.1812589], [15.06473109, 57.18109062], [15.06526242, 57.18096218], [15.06599549, 57.1808348], [15.06698387, 57.18046811], [15.06726443, 57.1803115], [15.06745564, 57.18014551], [15.0681768, 57.179939], [15.06885463, 57.17975388], [15.06963648, 57.17947593], [15.07037887, 57.17918155], [15.07133986, 57.17887034], [15.07204483, 57.17863858], [15.07225143, 57.17854802], [15.07312358, 57.17760967], [15.07333622, 57.17754434], [15.07440602, 57.17705045], [15.07533936, 57.17660262], [15.07549302, 57.17631252], [15.07627851, 57.17580639], [15.07704662, 57.17534877], [15.07812382, 57.17480105], [15.07852418, 57.1745839], [15.07894675, 57.17423048], [15.07919672, 57.17390852], [15.08020563, 57.17328143], [15.08072633, 57.17298048], [15.08118989, 57.17274577], [15.081695, 57.17218446], [15.08198063, 57.17190756], [15.08254618, 57.17149369], [15.08279747, 57.17129746], [15.08281853, 57.1710192], [15.08272598, 57.17060935], [15.08295144, 57.17057273], [15.0835675, 57.16989522], [15.08379936, 57.16967367], [15.08448012, 57.1686805], [15.08467359, 57.16837257], [15.0851432, 57.1679583], [15.08557731, 57.16788301], [15.08473549, 57.16717863], [15.08360394, 57.16622287], [15.08292214, 57.16588966], [15.08237913, 57.16573078], [15.08154591, 57.16553993], [15.08098509, 57.1654635], [15.08036083, 57.16542995], [15.07965587, 57.16527385], [15.07898963, 57.16518078], [15.07838212, 57.16513104], [15.07815713, 57.16453742], [15.07766777, 57.16393884], [15.07772258, 57.16322622], [15.07772499, 57.16307363], [15.07739182, 57.16263383], [15.07731169, 57.16167278], [15.07742948, 57.1613447], [15.07744865, 57.16119039], [15.07718852, 57.16072406], [15.07733882, 57.16023277], [15.07749555, 57.15994985], [15.07730227, 57.15964011], [15.07727096, 57.15933287], [15.0773105, 57.15913912], [15.07769623, 57.15839405], [15.07675474, 57.15776629], [15.0768804, 57.15756045], [15.07611496, 57.15727836], [15.07591856, 57.15715884], [15.07592279, 57.15689667], [15.0761386, 57.15644522], [15.07696234, 57.15559642], [15.0774081, 57.15522333], [15.07764716, 57.15494979], [15.07780702, 57.15467764], [15.07830213, 57.15431556], [15.07884756, 57.15390531], [15.07929512, 57.15362202], [15.08058065, 57.15322072], [15.08144143, 57.15293231], [15.08169218, 57.15173941], [15.08174165, 57.15155112], [15.08233011, 57.15072624], [15.08262002, 57.15037209], [15.08312435, 57.14984841], [15.08352109, 57.14942845], [15.08377318, 57.14917114], [15.08429378, 57.14845003], [15.08458123, 57.14804558], [15.0847325, 57.147689], [15.08483831, 57.1474741], [15.08478188, 57.14729244], [15.08469586, 57.14709805], [15.08539815, 57.14718406], [15.08647781, 57.14703854], [15.08708367, 57.14696969], [15.08733155, 57.14696547], [15.08898754, 57.14632178], [15.09025772, 57.14603167], [15.0908037, 57.14578105], [15.09135621, 57.1455306], [15.09272133, 57.14529474], [15.09365492, 57.14518618], [15.09511243, 57.14474607], [15.09572338, 57.14455861], [15.09710119, 57.14393855], [15.09753235, 57.14363356], [15.09791272, 57.1433984], [15.09874423, 57.14305044], [15.10044618, 57.14260962], [15.10122094, 57.14250562], [15.10195722, 57.14232953], [15.10336586, 57.1418388], [15.10439868, 57.14149539], [15.10554696, 57.14117577], [15.1057618, 57.14116427], [15.10612285, 57.14110666], [15.10646929, 57.14113529], [15.1067576, 57.14108457], [15.10785295, 57.14117767], [15.10791461, 57.14124982], [15.10895069, 57.1413391], [15.10950578, 57.14133449], [15.1100203, 57.14138721], [15.11156304, 57.14140165], [15.1119967, 57.14134441], [15.11245739, 57.141255], [15.11278996, 57.14111288], [15.11376179, 57.140866], [15.11419417, 57.14110146], [15.11497062, 57.14147573], [15.11634562, 57.14213855], [15.11845375, 57.14190234], [15.11855702, 57.14206975], [15.11868138, 57.1421404], [15.11936087, 57.14200351], [15.11974913, 57.14172831], [15.12021334, 57.14130035], [15.12033591, 57.14124203], [15.12039574, 57.14120335], [15.12087395, 57.1407275], [15.12153998, 57.14044376], [15.12295036, 57.1400834], [15.12350949, 57.13933218], [15.12469842, 57.13844974], [15.12546573, 57.13804086], [15.12619348, 57.13798202], [15.12717122, 57.13779871], [15.12869874, 57.13735805], [15.12903288, 57.13714448], [15.12893372, 57.13675784], [15.12818088, 57.13640896], [15.12797347, 57.13623458], [15.12766005, 57.13637043], [15.12740141, 57.13643374], [15.12690129, 57.13607562], [15.12619256, 57.13218385], [15.1274942, 57.13211508], [15.12769168, 57.13210509], [15.12771852, 57.13210587], [15.12859959, 57.13206132], [15.1286467, 57.13205651], [15.12867776, 57.13205495], [15.12868282, 57.13206249], [15.12877387, 57.13211683], [15.12897577, 57.13216189], [15.12923167, 57.13245613], [15.12925759, 57.13262325], [15.12920965, 57.13270512], [15.12919152, 57.13277842], [15.12922953, 57.1328576], [15.12922404, 57.13288644], [15.1294346, 57.13299005], [15.12953232, 57.13311973], [15.12984288, 57.13311096], [15.13000123, 57.13316702], [15.1300257, 57.13322861], [15.12987601, 57.13339043], [15.12939701, 57.13365597], [15.12935474, 57.13376146], [15.12933795, 57.13410394], [15.12939419, 57.13421354], [15.13174111, 57.13408572], [15.13344081, 57.13271461], [15.13380462, 57.12771818], [15.13396151, 57.1255621], [15.13842239, 57.11467868], [15.14019308, 57.11041346], [15.1408752, 57.10981561], [15.14136166, 57.10857238], [15.14126768, 57.10759395], [15.14217207, 57.10700509], [15.14290445, 57.10148843], [15.1266896, 57.09906262], [15.11628001, 57.09434977], [15.10736558, 57.09015715], [15.10880671, 57.0844529], [15.11431004, 57.08310669], [15.11479916, 57.08299101], [15.14109165, 57.07656069], [15.14094667, 57.07638562], [15.1408344, 57.07622686], [15.14082802, 57.07605083], [15.14096497, 57.07579479], [15.14117093, 57.07555358], [15.14142268, 57.07533595], [15.14160936, 57.07506764], [15.14170501, 57.0748976], [15.14179471, 57.07470233], [15.14180995, 57.07459651], [15.1418075, 57.07438275], [15.14177576, 57.07415447], [15.14179892, 57.07398577], [15.14184156, 57.07382801], [15.1419607, 57.07364725], [15.14203536, 57.07353993], [15.14216689, 57.07343398], [15.14233339, 57.07340639], [15.14246406, 57.07336296], [15.14249801, 57.07327732], [15.14261444, 57.07317327], [15.14283004, 57.07311025], [15.14295974, 57.07302666], [15.14307856, 57.07290887], [15.14319072, 57.07275488], [15.14318841, 57.07264953], [15.14313691, 57.07252133], [15.1431335, 57.07234296], [15.14318385, 57.07224339], [15.1433739, 57.07197507], [15.14350055, 57.07177293], [15.1435431, 57.07166241], [15.14366502, 57.07157219], [15.14383411, 57.07133811], [15.14398322, 57.07110487], [15.14419561, 57.07095643], [15.14416863, 57.07080027], [15.14416633, 57.07073534], [15.14416726, 57.07055463], [15.14419624, 57.07045256], [15.14426581, 57.07029557], [15.14433875, 57.07009682], [15.14434077, 57.06988296], [15.1442962, 57.06971515], [15.14420828, 57.06959301], [15.14337896, 57.06912611], [15.14296571, 57.06885022], [15.14238347, 57.06844133], [15.14228303, 57.06835091], [15.14217553, 57.06811858], [15.14178691, 57.06659333], [15.14182278, 57.06644266], [15.14195792, 57.06611477], [15.1421158, 57.06579781], [15.14227943, 57.06552576], [15.14240506, 57.06534329], [15.14260295, 57.06517924], [15.14272237, 57.06497522], [15.14274371, 57.06472389], [15.14275722, 57.06448964], [15.14286377, 57.064121], [15.14290524, 57.06387279], [15.14293682, 57.06370381], [15.14304907, 57.06358333], [15.14334241, 57.0633837], [15.14349135, 57.06325679], [15.14349963, 57.06314658], [15.14354981, 57.06262182], [15.14362148, 57.06234403], [15.14373575, 57.06214648], [15.14394342, 57.06198493], [15.14410318, 57.06191344], [15.1441363, 57.06183023], [15.14408035, 57.06170554], [15.14398596, 57.06162859], [15.14383332, 57.06146386], [15.14371011, 57.06135362], [15.14342863, 57.06123781], [15.14311331, 57.06109051], [15.14302183, 57.06099056], [15.14306923, 57.06083432], [15.14308037, 57.06065683], [15.1429691, 57.06046529], [15.14277439, 57.06035405], [15.14269594, 57.06024681], [15.14269316, 57.06008918], [15.1426196, 57.05994556], [15.14253943, 57.05981767], [15.14251668, 57.059628], [15.14264687, 57.05943457], [15.14262657, 57.05910506], [15.14264381, 57.05888616], [15.14257486, 57.05877405], [15.14243331, 57.05862476], [15.14231354, 57.05844877], [15.14211806, 57.05806135], [15.14191434, 57.05768902], [15.14190136, 57.05760191], [15.14192247, 57.05754001], [15.14213482, 57.0573966], [15.14251159, 57.05712816], [15.14277175, 57.05686695], [15.14293716, 57.05664689], [15.14299541, 57.05645067], [15.14304648, 57.05633349], [15.14304452, 57.05614218], [15.14297245, 57.05592518], [15.14287597, 57.05572159], [15.14267646, 57.05548776], [15.14256973, 57.05527088], [15.14253102, 57.05506588], [15.14246579, 57.05489377], [15.14244328, 57.05480281], [15.14248416, 57.05475777], [15.14313894, 57.05435833], [15.14345045, 57.05420286], [15.14393501, 57.05401351], [15.14419417, 57.05396005], [15.14529016, 57.05363068], [15.14608064, 57.05353195], [15.14639365, 57.0534856], [15.14645959, 57.05345535], [15.14666988, 57.0532487], [15.14692756, 57.05309688], [15.14721713, 57.05300376], [15.14754135, 57.05297473], [15.14802124, 57.0529192], [15.14865023, 57.0528237], [15.14987594, 57.05265994], [15.1504884, 57.05261439], [15.15084076, 57.05262133], [15.15173597, 57.05274617], [15.1523858, 57.05286699], [15.15247168, 57.05285844], [15.15254482, 57.05282836], [15.15285557, 57.05286274], [15.15326298, 57.05290086], [15.15378556, 57.05294728], [15.15393963, 57.0529303], [15.15410899, 57.05286129], [15.15430947, 57.05272596], [15.15473892, 57.05250754], [15.15503438, 57.05239607], [15.15515594, 57.0523405], [15.15383549, 57.0509869], [15.15255814, 57.04964427], [15.14115963, 57.03742962], [15.13915732, 57.0353078], [15.13863324, 57.02712477], [15.14656756, 57.02606102], [15.1477443, 57.02589348], [15.14807438, 57.02575711], [15.14836266, 57.02553043], [15.14853523, 57.02588635], [15.14888534, 57.02658183], [15.14888631, 57.02689241], [15.14858724, 57.02727952], [15.14833439, 57.0276398], [15.14801971, 57.02789588], [15.14652633, 57.02839262], [15.14635122, 57.02845785], [15.14556684, 57.02869624], [15.1451906, 57.02895112], [15.14488079, 57.02938395], [15.14458172, 57.02996046], [15.14461609, 57.03048486], [15.14470679, 57.03057682], [15.14489507, 57.03074833], [15.14534636, 57.03095699], [15.14562198, 57.03101945], [15.14601304, 57.03107522], [15.14647843, 57.03109749], [15.14657075, 57.03111687], [15.14687991, 57.03117678], [15.14732826, 57.03156381], [15.14768796, 57.03193082], [15.14807449, 57.03220996], [15.14867209, 57.0324717], [15.14952474, 57.03250948], [15.15041058, 57.03252046], [15.15099708, 57.03248769], [15.15225716, 57.03172569], [15.15385773, 57.03078857], [15.1544461, 57.0309514], [15.1549294, 57.03106738], [15.15622678, 57.03109721], [15.16530436, 57.03138617], [15.16678467, 57.03264065], [15.17190865, 57.04031175], [15.16752887, 57.04214598], [15.18389619, 57.04035634], [15.18453116, 57.04029738], [15.21067439, 57.0323453], [15.21087571, 57.03227023], [15.21345413, 57.03110786], [15.21592269, 57.02951083], [15.21649008, 57.02933947], [15.21730655, 57.02876457], [15.2177159, 57.0285642], [15.21815474, 57.02841237], [15.21952785, 57.02779167], [15.22031035, 57.02738909], [15.22094789, 57.02700777], [15.22122217, 57.02682873], [15.22225422, 57.02654856], [15.22275989, 57.02629133], [15.22318052, 57.02592098], [15.22349256, 57.02574421], [15.22339981, 57.02567935], [15.2236495, 57.02557166], [15.22404017, 57.02530349], [15.22472581, 57.0247127], [15.22509518, 57.02440559], [15.22567194, 57.02400855], [15.22595611, 57.02380981], [15.22610835, 57.02365029], [15.2266272, 57.02329206], [15.22691254, 57.0230203], [15.22694508, 57.02292099], [15.22685689, 57.02280233], [15.22897286, 57.02143263], [15.22964054, 57.02103595], [15.23091902, 57.01964162], [15.23149379, 57.01896675], [15.23183735, 57.01861242], [15.23198912, 57.01831844], [15.23238305, 57.01815828], [15.23259048, 57.01788423], [15.23311875, 57.01723252], [15.23371088, 57.01648037], [15.23400723, 57.01620489], [15.23429074, 57.01591686], [15.23446191, 57.01564807], [15.23463527, 57.01520873], [15.23502927, 57.01476474], [15.23530875, 57.01425217], [15.23608884, 57.01319724], [15.23627903, 57.01271843], [15.23705157, 57.01227947], [15.22913871, 57.01072529], [15.22684431, 57.01032107], [15.22647774, 57.00974511], [15.22525906, 57.00804258], [15.22497148, 57.00763452], [15.22481844, 57.00731469], [15.22454911, 57.00720659], [15.22427034, 57.00701937], [15.22410607, 57.00695095], [15.22380717, 57.00684811], [15.22362325, 57.00676338], [15.22346004, 57.00651183], [15.22337877, 57.00631599], [15.22341944, 57.00607907], [15.22349269, 57.00591045], [15.2236158, 57.00565748], [15.22386086, 57.00534376], [15.2241082, 57.00525081], [15.22446487, 57.00509892], [15.22448326, 57.00504194], [15.22443187, 57.00493946], [15.22423302, 57.00478785], [15.224181, 57.00473738], [15.22429218, 57.0045332], [15.22448171, 57.00433392], [15.22453156, 57.00409078], [15.22453466, 57.00399647], [15.22458175, 57.0037228], [15.2245633, 57.00363562], [15.22452447, 57.00358962], [15.22452892, 57.00351695], [15.22455777, 57.00346049], [15.22459239, 57.00334933], [15.22456248, 57.00316059], [15.22456731, 57.00306097], [15.22458582, 57.00293349], [15.22458277, 57.00281134], [15.2246287, 57.00250265], [15.22462283, 57.00245326], [15.22466466, 57.00241124], [15.2246793, 57.002317], [15.22468018, 57.00226041], [15.22464862, 57.00206987], [15.22464232, 57.00194684], [15.22466927, 57.0014872], [15.22464574, 57.0014117], [15.22464047, 57.0013254], [15.22467607, 57.00126273], [15.22479535, 57.00109986], [15.22490984, 57.00104109], [15.22505124, 57.00094393], [15.22501822, 57.00084851], [15.22496741, 57.00072977], [15.22503134, 57.00063849], [15.22504117, 57.00053528], [15.22506715, 57.00045458], [15.22510887, 57.00041794], [15.22518028, 57.00037336], [15.22523171, 57.00034937], [15.22532147, 57.00028778], [15.22534109, 57.00018733], [15.22532557, 57.00013517], [15.2253047, 57.0000947], [15.22529252, 57.00003446], [15.2253135, 56.99995637], [15.22533765, 56.99977606], [15.22533219, 56.99970233], [15.22533349, 56.99962607], [15.2252975, 56.99939773], [15.22525641, 56.99929254], [15.22521931, 56.99923935], [15.22516148, 56.99914838], [15.22514775, 56.99907826], [15.22514212, 56.99902168], [15.22512022, 56.99894708], [15.22500743, 56.99890345], [15.22491413, 56.99887246], [15.22484976, 56.9987779], [15.22486738, 56.99870521], [15.22485663, 56.99865574], [15.22484239, 56.99861256], [15.22480909, 56.9985388], [15.22475574, 56.99847027], [15.22471542, 56.99842256], [15.22461677, 56.99820296], [15.22467566, 56.99801917], [15.22476995, 56.99787772], [15.22488521, 56.99776866], [15.22503741, 56.9975063], [15.22509982, 56.99741134], [15.22510905, 56.99734405], [15.22503863, 56.99721349], [15.22504511, 56.99711747], [15.22510585, 56.99701721], [15.22519438, 56.99693316], [15.22531586, 56.99684304], [15.22540987, 56.99672314], [15.22547054, 56.99663358], [15.22557609, 56.99651375], [15.2256847, 56.99640649], [15.22578446, 56.99633967], [15.22590921, 56.99625223], [15.22602955, 56.99613337], [15.22609714, 56.99601963], [15.22619679, 56.9959581], [15.22626766, 56.99584885], [15.22634358, 56.9957244], [15.22642373, 56.99564665], [15.22649254, 56.99555716], [15.22651544, 56.99546209], [15.22654931, 56.99529434], [15.22656414, 56.99518842], [15.22656254, 56.99508154], [15.22653765, 56.99498441], [15.22650953, 56.99489006], [15.22651753, 56.99479933], [15.22655532, 56.99469804], [15.22646647, 56.99459437], [15.22640001, 56.99453306], [15.22634522, 56.99445106], [15.22630282, 56.99432962], [15.22633387, 56.99423543], [15.22641458, 56.99411727], [15.22642893, 56.99404377], [15.22639377, 56.9939762], [15.22629607, 56.99391108], [15.22619186, 56.99384687], [15.2261172, 56.9937783], [15.2260709, 56.9936847], [15.22612158, 56.99360404], [15.22624506, 56.99348975], [15.22638152, 56.99338891], [15.22645859, 56.99329671], [15.22645181, 56.9932078], [15.22645973, 56.99312615], [15.2266124, 56.99303614], [15.22678135, 56.99296596], [15.22687493, 56.99286762], [15.22699334, 56.99276672], [15.22706992, 56.99270595], [15.22702538, 56.99261236], [15.22689501, 56.99253185], [15.22672476, 56.99247629], [15.22666376, 56.99237545], [15.2267507, 56.99218811], [15.22680827, 56.99208157], [15.22688575, 56.9919679], [15.22698874, 56.99190008], [15.22713857, 56.99167805], [15.22730252, 56.99150189], [15.2272792, 56.99141562], [15.22717112, 56.99138456], [15.22705064, 56.99130053], [15.22712447, 56.99121193], [15.22726301, 56.99118743], [15.22734778, 56.99113482], [15.22737776, 56.99099941], [15.22743219, 56.99089009], [15.22753272, 56.99077378], [15.22755374, 56.9906832], [15.2275776, 56.99063484], [15.22759847, 56.99056223], [15.22765961, 56.99041967], [15.22809465, 56.99017053], [15.22853617, 56.98985106], [15.2291833, 56.98940312], [15.2294717, 56.98921173], [15.23387674, 56.98623773], [15.23403879, 56.97633769], [15.23415644, 56.97552229], [15.2341336, 56.9751468], [15.2340869, 56.97468694], [15.23419455, 56.96680931], [15.23420915, 56.96591676], [15.23117787, 56.96521437], [15.23001712, 56.96496619], [15.22984756, 56.96489159], [15.22467223, 56.96223485], [15.21858975, 56.95946892], [15.21543894, 56.95795432], [15.20148318, 56.95003869], [15.19822369, 56.95121261], [15.19383743, 56.93647358], [15.19249818, 56.93588959], [15.19158433, 56.93581141], [15.19128832, 56.9354543], [15.19141164, 56.93540534], [15.19136346, 56.93528443], [15.19147992, 56.93505755], [15.19128733, 56.93502309], [15.19112433, 56.93526387], [15.19005595, 56.93546427], [15.18908137, 56.93543035], [15.18749504, 56.9355981], [15.1870792, 56.93473665], [15.1871715, 56.93436224], [15.18736931, 56.93397995], [15.18766162, 56.93379808], [15.18844397, 56.9334185], [15.18812066, 56.9330916], [15.18737514, 56.93308715], [15.18620938, 56.93279959], [15.18363561, 56.93229368], [15.18090679, 56.93417171], [15.17664644, 56.93741806], [15.17615999, 56.93814573], [15.17607731, 56.93834425], [15.17597447, 56.9384617], [15.17560717, 56.93871092], [15.17512582, 56.93902901], [15.17480568, 56.93925005], [15.17437627, 56.93949325], [15.1740795, 56.93961402], [15.17351512, 56.93977127], [15.17309316, 56.93989957], [15.17243424, 56.94013131], [15.17176348, 56.94032328], [15.17143002, 56.94036631], [15.17102481, 56.94039596], [15.17048863, 56.94050331], [15.17013069, 56.94058742], [15.1696958, 56.94070836], [15.16934088, 56.94079965], [15.1689681, 56.9409303], [15.1686157, 56.94113296], [15.16838317, 56.94129027], [15.16818972, 56.94145885], [15.16795455, 56.94160179], [15.16760406, 56.94175064], [15.16693555, 56.94197141], [15.16628246, 56.94221928], [15.1658204, 56.94245495], [15.16530936, 56.94267918], [15.16440476, 56.94306443], [15.16405557, 56.94326716], [15.16333349, 56.9440514], [15.15113203, 56.94324931], [15.14455915, 56.93930421], [15.13277653, 56.93217884], [15.13282967, 56.93207262], [15.13538278, 56.92732849], [15.16027896, 56.92788314], [15.16208906, 56.9266618], [15.15922065, 56.9251552], [15.15812131, 56.92460556], [15.15824447, 56.9242262], [15.15888667, 56.92380477], [15.15940788, 56.92360183], [15.16020559, 56.92381835], [15.16083551, 56.92410478], [15.16095212, 56.92413229], [15.16111882, 56.92411969], [15.1623321, 56.92382253], [15.16269047, 56.92377724], [15.1627593, 56.92371688], [15.15986079, 56.92165239], [15.15987389, 56.92145217], [15.15990647, 56.92108899], [15.16056172, 56.92110432], [15.16122579, 56.92112215], [15.16191598, 56.9211376], [15.16413426, 56.92119174], [15.16836569, 56.9212268], [15.16967761, 56.91631343], [15.16985018, 56.91581228], [15.16976826, 56.91572652], [15.16974639, 56.91556209], [15.16982601, 56.91523119], [15.16978987, 56.91493825], [15.1698354, 56.91467439], [15.16980133, 56.91426927], [15.16962796, 56.913937], [15.16953571, 56.91357192], [15.16961438, 56.91347984], [15.16955626, 56.91323616], [15.16942679, 56.91302625], [15.16956899, 56.91296776], [15.16960132, 56.91289964], [15.16968022, 56.91279768], [15.16969322, 56.91270883], [15.17000353, 56.91251287], [15.17009152, 56.91235701], [15.1703768, 56.91228575], [15.17041749, 56.91220962], [15.1705944, 56.91213241], [15.17054065, 56.91201715], [15.17076033, 56.91193476], [15.17078593, 56.91187563], [15.17092296, 56.91163661], [15.17112278, 56.91147592], [15.17107669, 56.911288], [15.17088614, 56.91119458], [15.17085298, 56.9110211], [15.17074079, 56.91076904], [15.17069735, 56.91068548], [15.17040089, 56.9105578], [15.17010587, 56.9104506], [15.16977501, 56.9101419], [15.16968759, 56.90991478], [15.16944039, 56.90975066], [15.16903067, 56.90963687], [15.16875841, 56.90943838], [15.16860905, 56.90919796], [15.16772075, 56.90862001], [15.1673786, 56.90841496], [15.16711073, 56.90837625], [15.1664363, 56.90832084], [15.16556677, 56.90811801], [15.16510729, 56.90792291], [15.16489313, 56.90775191], [15.16465151, 56.90733637], [15.16444953, 56.90707032], [15.16399878, 56.90703831], [15.1634194, 56.90722481], [15.16258235, 56.90741363], [15.16211179, 56.90737615], [15.16169824, 56.90718098], [15.16136079, 56.90714243], [15.16097163, 56.90581668], [15.16070431, 56.90571113], [15.16019157, 56.90546155], [15.15986467, 56.90519494], [15.15978479, 56.90478233], [15.15983036, 56.90451677], [15.1595127, 56.90438218], [15.15909592, 56.90437112], [15.15855543, 56.90440244], [15.15846969, 56.90423315], [15.15827901, 56.90387025], [15.15805533, 56.90300155], [15.15818041, 56.90280523], [15.15829608, 56.90268796], [15.15827861, 56.90252792], [15.15813151, 56.90241503], [15.15787925, 56.90230828], [15.15742518, 56.90105589], [15.15727633, 56.90055579], [15.15763697, 56.89991206], [15.15851204, 56.89828129], [15.1586345, 56.89823964], [15.15878244, 56.89804185], [15.15884449, 56.89776774], [15.15873138, 56.89762103], [15.15839483, 56.89739134], [15.15816392, 56.89714113], [15.15806166, 56.89687064], [15.15813479, 56.89665418], [15.15825347, 56.89635727], [15.15819964, 56.89611249], [15.15804824, 56.89583972], [15.15817631, 56.89555556], [15.15838447, 56.89513566], [15.15866018, 56.89465308], [15.15878228, 56.89398503], [15.15869184, 56.89375432], [15.15852767, 56.89356761], [15.15826883, 56.89346079], [15.15810213, 56.89334414], [15.158291, 56.89329397], [15.15856623, 56.89321242], [15.15879678, 56.89309447], [15.15898637, 56.89295932], [15.15906917, 56.8925359], [15.15924616, 56.89169902], [15.1593016, 56.89133554], [15.15922118, 56.89117199], [15.15905848, 56.89103918], [15.15888047, 56.89096917], [15.15882495, 56.89086442], [15.15887747, 56.89077157], [15.15901899, 56.89066343], [15.15867987, 56.88971861], [15.15851368, 56.88955967], [15.15804435, 56.88927706], [15.15801335, 56.88917812], [15.158478, 56.88886712], [15.15956766, 56.88799629], [15.15992773, 56.88785715], [15.16044347, 56.88772868], [15.16056258, 56.88747874], [15.16074571, 56.88723456], [15.16087067, 56.88711934], [15.16104716, 56.8870619], [15.16120902, 56.886999], [15.16129115, 56.88690333], [15.1614772, 56.88686384], [15.16185124, 56.88686308], [15.16198001, 56.88681711], [15.16202133, 56.88670236], [15.16202686, 56.88647879], [15.16224053, 56.88607038], [15.16244101, 56.88586578], [15.16250717, 56.88573771], [15.16268701, 56.88567487], [15.16316842, 56.88544026], [15.16326778, 56.88529166], [15.1636061, 56.88517131], [15.16384182, 56.88501445], [15.16390839, 56.88485673], [15.16407956, 56.88473103], [15.16441633, 56.88441389], [15.16449247, 56.8842796], [15.16459584, 56.88418408], [15.16485139, 56.88410632], [15.16532725, 56.88391033], [15.16590603, 56.8837328], [15.16604289, 56.8835934], [15.16613488, 56.88358762], [15.16624313, 56.88349559], [15.16628055, 56.88341857], [15.16631361, 56.88330832], [15.1664263, 56.88324063], [15.16652421, 56.88307496], [15.16676803, 56.88291997], [15.16706458, 56.8828443], [15.16728118, 56.88274665], [15.16748779, 56.88265072], [15.16763972, 56.88249522], [15.16780371, 56.88240177], [15.1679688, 56.88234424], [15.16826566, 56.88234124], [15.16843066, 56.88229179], [15.16935678, 56.88194178], [15.16958648, 56.8818406], [15.16981055, 56.88168994], [15.17012205, 56.88160356], [15.1704114, 56.88155834], [15.17057832, 56.88148644], [15.17067065, 56.88117078], [15.17080185, 56.8810718], [15.17085879, 56.88100741], [15.17089887, 56.88086392], [15.17103248, 56.88073081], [15.17111615, 56.88053462], [15.17167402, 56.88032907], [15.17168255, 56.88021238], [15.17170074, 56.88010646], [15.1718826, 56.88002124], [15.17188512, 56.87977424], [15.17185871, 56.87959095], [15.17171694, 56.87953726], [15.17168057, 56.8794553], [15.17168921, 56.87933233], [15.17168428, 56.87914282], [15.17141447, 56.87890167], [15.17126659, 56.87872403], [15.17099, 56.87868579], [15.17079973, 56.87858877], [15.17066087, 56.87846052], [15.17032558, 56.87830613], [15.1702581, 56.87822413], [15.17022954, 56.87807309], [15.17013622, 56.87796212], [15.17015227, 56.87789222], [15.17036576, 56.8776822], [15.17055962, 56.87747041], [15.17077627, 56.87736009], [15.17081798, 56.87722117], [15.17084698, 56.87696443], [15.17090517, 56.87672947], [15.17100878, 56.87651628], [15.17100587, 56.87620552], [15.17098919, 56.87593159], [15.1708716, 56.8758061], [15.17071036, 56.87554575], [15.17051193, 56.87525564], [15.1702146, 56.87499369], [15.17032018, 56.87485774], [15.17039021, 56.87469821], [15.17037691, 56.87451132], [15.17042186, 56.8743715], [15.17059113, 56.87425828], [15.17096328, 56.87416588], [15.17115476, 56.87400072], [15.17123746, 56.87386201], [15.17119068, 56.87371899], [15.1712377, 56.87356022], [15.17147779, 56.87322649], [15.17172695, 56.87304363], [15.17209178, 56.87251033], [15.17216419, 56.87210658], [15.17227526, 56.87184308], [15.1722969, 56.87172647], [15.17224193, 56.87168487], [15.17219558, 56.87160831], [15.17216767, 56.87142045], [15.17207491, 56.87128262], [15.17205055, 56.87107418], [15.17201763, 56.87088633], [15.17207375, 56.87076446], [15.17204533, 56.87070234], [15.17193949, 56.87065955], [15.17184414, 56.87057561], [15.17169803, 56.87039438], [15.17140215, 56.87023662], [15.17128297, 56.87011651], [15.17109716, 56.86994854], [15.17066144, 56.86982599], [15.1701758, 56.86955145], [15.16960876, 56.86934016], [15.1693525, 56.86926614], [15.16918339, 56.86899053], [15.16900551, 56.8687471], [15.16875522, 56.86852495], [15.16848928, 56.86834307], [15.16825213, 56.86821432], [15.1682055, 56.86816202], [15.1682752, 56.86801866], [15.16829055, 56.8678832], [15.1682262, 56.86761976], [15.16824557, 56.86744467], [15.16832459, 56.86733193], [15.16845293, 56.86720601], [15.16851569, 56.86708593], [15.16842567, 56.86697953], [15.16851075, 56.86689022], [15.16850975, 56.86675909], [15.16872175, 56.8664386], [15.16894481, 56.86614558], [15.17037511, 56.86626274], [15.17628337, 56.86489935], [15.17915544, 56.86459851], [15.18295943, 56.86379558], [15.18371759, 56.86340349], [15.18364596, 56.8632756], [15.18362186, 56.8630501], [15.18394015, 56.86284162], [15.18430035, 56.86277067], [15.18454614, 56.86278081], [15.18469555, 56.86266482], [15.18491729, 56.86254377], [15.18517122, 56.86245079], [15.18532269, 56.86231503], [15.18532237, 56.86214078], [15.18548358, 56.8620042], [15.18593533, 56.861852], [15.18615655, 56.86176329], [15.18623682, 56.86169653], [15.18629764, 56.86160895], [15.18622202, 56.86146841], [15.18607204, 56.86127534], [15.18605281, 56.86099855], [15.18623637, 56.86089894], [15.1861373, 56.86074666], [15.18598631, 56.86065159], [15.18562335, 56.8605986], [15.18538949, 56.86056239], [15.18529486, 56.86043265], [15.1852696, 56.86027443], [15.18530898, 56.85998012], [15.18528912, 56.85979234], [15.18548009, 56.85974113], [15.1858135, 56.85970147], [15.18606483, 56.85957885], [15.18626687, 56.85955197], [15.18637542, 56.85962707], [15.18674769, 56.85962265], [15.18714067, 56.85964973], [15.18729362, 56.85962354], [15.18744931, 56.8595237], [15.18750354, 56.85941539], [15.18755319, 56.85928445], [15.18752071, 56.85917115], [15.18744013, 56.85898579], [15.18742941, 56.85884201], [15.18749958, 56.85875981], [15.18779653, 56.85864987], [15.18792675, 56.85840537], [15.18773633, 56.85832087], [15.18748978, 56.85826043], [15.18712475, 56.85819505], [15.18689351, 56.85811177], [15.18679034, 56.85800442], [15.18656024, 56.85785117], [15.18638108, 56.85780096], [15.18617117, 56.85779175], [15.18599105, 56.85779085], [15.18587173, 56.85775321], [15.18576099, 56.85764587], [15.18524793, 56.85736792], [15.18500367, 56.85716529], [15.18471189, 56.85703432], [15.18425029, 56.85679581], [15.18400625, 56.85658177], [15.18360733, 56.85632925], [15.18322848, 56.85633448], [15.18293051, 56.85631866], [15.1825629, 56.8562459], [15.18241127, 56.85609514], [15.18224914, 56.85598391], [15.18198984, 56.85590893], [15.18181518, 56.8558614], [15.18162086, 56.85571941], [15.18134214, 56.8556282], [15.18121663, 56.85548216], [15.18106444, 56.85527032], [15.18109283, 56.855046], [15.18106875, 56.85501442], [15.18087527, 56.85482078], [15.18045497, 56.85466914], [15.18036159, 56.85456635], [15.18016911, 56.85441088], [15.17994323, 56.85419878], [15.17984178, 56.85399172], [15.17963229, 56.85386941], [15.17936534, 56.85366061], [15.1790962, 56.85338983], [15.1791848, 56.85308854], [15.17876827, 56.85289872], [15.17820534, 56.85276974], [15.17772464, 56.85273288], [15.17721753, 56.85239786], [15.17671777, 56.85224623], [15.17626835, 56.85204478], [15.17588215, 56.85191616], [15.17557151, 56.85186971], [15.17529695, 56.8518189], [15.17489602, 56.85169246], [15.17444956, 56.85148381], [15.17423537, 56.85115591], [15.173894, 56.85092483], [15.17359419, 56.85070546], [15.17346903, 56.85068192], [15.17302941, 56.85069115], [15.17257149, 56.85054547], [15.1723449, 56.85033794], [15.17209497, 56.85026212], [15.17186866, 56.85014468], [15.17162824, 56.85001684], [15.17138037, 56.84982856], [15.17135146, 56.84968507], [15.17145526, 56.84959035], [15.17167197, 56.84947014], [15.1718894, 56.84930242], [15.17196717, 56.84916076], [15.17206499, 56.84894335], [15.17218282, 56.84878349], [15.17228423, 56.84863901], [15.17214989, 56.84844258], [15.17220378, 56.84825425], [15.17220407, 56.84814144], [15.17211232, 56.84800342], [15.1719912, 56.84773907], [15.17201384, 56.84763602], [15.17220333, 56.84756812], [15.17249363, 56.84749147], [15.17337429, 56.84738677], [15.17395649, 56.84728824], [15.17436587, 56.84715097], [15.17477948, 56.84696509], [15.17514964, 56.84682571], [15.17567731, 56.84674881], [15.17595226, 56.84657327], [15.17601444, 56.84648471], [15.17627481, 56.84639983], [15.17678537, 56.84605123], [15.17756644, 56.84599228], [15.177661, 56.84592164], [15.17771742, 56.84567546], [15.1776687, 56.84546301], [15.1777331, 56.84536017], [15.17800646, 56.84528128], [15.1786042, 56.84519258], [15.17890925, 56.84509667], [15.17895347, 56.84495927], [15.17888357, 56.84475827], [15.17912049, 56.84435239], [15.17924742, 56.84426706], [15.17944323, 56.84419942], [15.1795897, 56.84415879], [15.17973367, 56.84410343], [15.17990073, 56.84395912], [15.17990975, 56.84383884], [15.17979331, 56.84377164], [15.17979552, 56.84366754], [15.17992485, 56.84352113], [15.18003461, 56.84352169], [15.18035428, 56.84351791], [15.18059126, 56.84335562], [15.18058444, 56.8431733], [15.1804257, 56.84296775], [15.18028405, 56.84271556], [15.18047583, 56.84251445], [15.18073396, 56.84256069], [15.1809527, 56.84251241], [15.18108471, 56.84236303], [15.18159276, 56.84215814], [15.18208486, 56.84173051], [15.18204518, 56.84146354], [15.18208073, 56.84115819], [15.1821675, 56.84093432], [15.1823941, 56.84075453], [15.18268191, 56.84062531], [15.18286159, 56.84049724], [15.18299407, 56.84027905], [15.18305796, 56.84004965], [15.18314796, 56.83982398], [15.18345333, 56.83964111], [15.18378752, 56.83949062], [15.18384258, 56.83936354], [15.18383009, 56.83918571], [15.18388268, 56.8390245], [15.1842919, 56.83857651], [15.18449066, 56.83831924], [15.18483991, 56.83807559], [15.18507658, 56.83788679], [15.18522797, 56.83775355], [15.18609996, 56.83753426], [15.18632838, 56.83729204], [15.18639295, 56.83715137], [15.1862386, 56.83687667], [15.1860873, 56.83661642], [15.18619784, 56.83637087], [15.18656459, 56.8357917], [15.18679135, 56.83565268], [15.18731402, 56.83545142], [15.18789006, 56.83519296], [15.18792841, 56.83505125], [15.1878563, 56.83484792], [15.18762143, 56.83479295], [15.18739503, 56.8346776], [15.18674728, 56.83434768], [15.18609713, 56.83394033], [15.18457088, 56.83311554], [15.18412815, 56.83294446], [15.18392714, 56.83271087], [15.18360634, 56.83260059], [15.18288767, 56.83237252], [15.18275968, 56.83228567], [15.18285998, 56.83206978], [15.18274676, 56.83187971], [15.18174302, 56.83126672], [15.1808323, 56.83077188], [15.18074344, 56.83069863], [15.18075564, 56.83045448], [15.18082536, 56.83020154], [15.18088748, 56.82991268], [15.18069848, 56.8297528], [15.18045908, 56.82947947], [15.18033047, 56.82923104], [15.18007758, 56.82887769], [15.18011518, 56.82868749], [15.18051699, 56.82865269], [15.18084857, 56.82851245], [15.1808688, 56.82827997], [15.18066286, 56.82796644], [15.18049458, 56.82764504], [15.18035733, 56.82722947], [15.18066687, 56.82683498], [15.18125411, 56.8265927], [15.18170582, 56.82651506], [15.18235932, 56.82631354], [15.18254735, 56.82613758], [15.18253512, 56.82598491], [15.18236525, 56.82586552], [15.18198335, 56.82568123], [15.18128836, 56.82531946], [15.18121781, 56.82528678], [15.17037614, 56.82304497], [15.13632044, 56.81543249], [15.1290075, 56.81478548], [15.11321105, 56.81154629], [15.11015959, 56.8099858], [15.09440242, 56.80781566], [15.0663149, 56.80692315], [15.06705736, 56.80579714], [15.06704113, 56.80487183], [15.06532209, 56.80273548], [15.06842068, 56.80112291], [15.06886864, 56.80087997], [15.07364392, 56.79844233], [15.07368139, 56.7969654], [15.07483442, 56.79579167], [15.07614722, 56.79482002], [15.08108484, 56.79117903], [15.08124572, 56.79104519], [15.08248728, 56.79023941], [15.08433368, 56.78897567], [15.08660473, 56.78749065], [15.08735297, 56.78701085], [15.08750365, 56.78680263], [15.08764477, 56.78665999], [15.08784399, 56.7865482], [15.08812976, 56.78651082], [15.08836477, 56.78641194], [15.08856748, 56.78629305], [15.08858788, 56.78612966], [15.08846288, 56.78589154], [15.08791665, 56.78547409], [15.08779055, 56.78528088], [15.08778116, 56.78513341], [15.08791701, 56.78493499], [15.08805122, 56.78467361], [15.08815854, 56.78457015], [15.08830267, 56.78456583], [15.08861577, 56.78461851], [15.08892984, 56.78462808], [15.08909605, 56.78465625], [15.08942121, 56.78422201], [15.08944119, 56.78394176], [15.08941719, 56.78372234], [15.08923125, 56.78356637], [15.08880942, 56.78341407], [15.08861741, 56.78336956], [15.08853457, 56.78314786], [15.0885683, 56.78297197], [15.08885077, 56.78280515], [15.08889899, 56.78271206], [15.08888275, 56.78257537], [15.08877243, 56.78226233], [15.08860092, 56.78169866], [15.08768029, 56.78169661], [15.08688655, 56.78188651], [15.08579877, 56.78179124], [15.08519108, 56.78155049], [15.08503623, 56.7808651], [15.08485171, 56.78012448], [15.08472786, 56.78001696], [15.08446079, 56.77971058], [15.08419941, 56.77929094], [15.08384078, 56.77900619], [15.08299623, 56.77847466], [15.08302, 56.77768988], [15.08298621, 56.7775409], [15.08286607, 56.77721619], [15.08285483, 56.7770115], [15.08301386, 56.77637555], [15.08185012, 56.77602064], [15.0812624, 56.77572201], [15.07984636, 56.77529215], [15.07785925, 56.772276], [15.07663909, 56.7713552], [15.06612182, 56.76527816], [15.06601472, 56.76543756], [15.05940588, 56.76553923], [15.05678653, 56.76552357], [15.05492439, 56.76767029], [15.05484085, 56.77430613], [15.05465966, 56.78044576], [15.05455844, 56.78387413], [15.05443869, 56.78776257], [15.05430575, 56.78776326], [15.04413247, 56.78781496], [15.04387621, 56.7878561], [15.04341699, 56.78793], [15.04313868, 56.7879398], [15.04313733, 56.78793971], [15.04313477, 56.7879398], [15.0429713, 56.78792666], [15.0414906, 56.78774563], [15.04055842, 56.78743534], [15.04020454, 56.78744938], [15.03487584, 56.78766062], [15.0336328, 56.78770991], [15.03340907, 56.78791889], [15.03303699, 56.7882666], [15.03274347, 56.78832155], [15.03273524, 56.78832308], [15.03208281, 56.7886819], [15.03119449, 56.78926335], [15.03119179, 56.78926506], [15.02957624, 56.78993443], [15.02796453, 56.79040384], [15.02715299, 56.79091823], [15.02678191, 56.79127517], [15.02565558, 56.79282668], [15.0256406, 56.79282614], [15.02560769, 56.79287088], [15.02557976, 56.79288463], [15.02553523, 56.79290655], [15.02389153, 56.7940881], [15.02234259, 56.79520152], [15.02151324, 56.79579761], [15.02001741, 56.79625289], [15.01755694, 56.79700173], [15.01705842, 56.79741173], [15.01582368, 56.79842748], [15.01444755, 56.79955929], [15.01166091, 56.80185114], [15.01164336, 56.8018657], [15.01088408, 56.80263264], [15.01060034, 56.80291928], [15.01020888, 56.80335449], [15.00901691, 56.8046707], [15.00856792, 56.80522726], [15.00758788, 56.80677958], [15.00674344, 56.80881224], [15.00564954, 56.81228193], [15.00459882, 56.81371387], [15.00319528, 56.81596029], [15.00161503, 56.81820967], [15.00078626, 56.82251974], [14.99921101, 56.82386406], [14.99785133, 56.82664646], [14.99472798, 56.83037297], [15.00194819, 56.83477177], [15.00251977, 56.83787195], [15.01226883, 56.84788061], [15.01059747, 56.8525667], [15.0115179, 56.85638526], [15.00893848, 56.86376191], [15.00821713, 56.86398184], [15.00784063, 56.86412692], [15.00784036, 56.86412701], [15.00763844, 56.86413924], [15.00735347, 56.8641089], [15.0073505, 56.86410863], [15.00691666, 56.86430985], [15.00691504, 56.86431056], [15.00672326, 56.86428192], [15.00672055, 56.86428147], [15.00653582, 56.86436708], [15.00653501, 56.86436744], [15.00645048, 56.86436708], [15.00609464, 56.86436549], [15.00607503, 56.86435938], [15.00586985, 56.8642949], [15.00548776, 56.8641901], [15.00545097, 56.86417995], [15.00525892, 56.86416819], [15.00525554, 56.86416792], [15.00509272, 56.86426664], [15.00496682, 56.86440317], [15.00469107, 56.86457384], [15.00452663, 56.86474521], [15.00443361, 56.86495746], [15.00447041, 56.8650753], [15.00444406, 56.86526105], [15.00436712, 56.86541051], [15.00425149, 56.86552835], [15.00420471, 56.86564638], [15.00420471, 56.86564656], [15.00397925, 56.8657592], [15.00373175, 56.86584633], [15.00373148, 56.86584651], [15.00357571, 56.86622986], [15.00345426, 56.86633288], [15.00345372, 56.86633324], [15.00314547, 56.86633217], [15.00266221, 56.86631377], [15.00246919, 56.86621731], [15.00219436, 56.86626321], [15.00186705, 56.86632384], [15.00186678, 56.86632393], [15.00176994, 56.8664804], [15.00176994, 56.86648049], [15.00159818, 56.86661226], [15.00131955, 56.86660956], [15.00114386, 56.86677277], [15.0011252, 56.86695501], [15.00099644, 56.86707294], [15.0009349, 56.86712935], [15.00093449, 56.8671298], [15.00080884, 56.8671245], [15.0008083, 56.8671245], [15.00080478, 56.86717156], [15.0007991, 56.86724656], [15.00067548, 56.86742979], [15.00051385, 56.86757027], [15.00051344, 56.86757072], [15.00019423, 56.86769611], [14.99998052, 56.86779895], [14.99985744, 56.86790278], [14.99985703, 56.86790323], [14.99982524, 56.8680799], [14.99998458, 56.86821014], [14.99998485, 56.86821023], [14.99978669, 56.86827813], [14.99978656, 56.86827813], [14.99971325, 56.86835178], [14.99971284, 56.86835223], [14.99960571, 56.86837935], [14.9994856, 56.86833651], [14.99948519, 56.86833633], [14.99945801, 56.86845741], [14.99960625, 56.86858234], [14.99958014, 56.86880375], [14.99958014, 56.86880393], [14.9994975, 56.86883572], [14.99923482, 56.86885018], [14.99870092, 56.86927421], [14.9984872, 56.86932037], [14.99848665, 56.86932046], [14.99852642, 56.86951762], [14.99856672, 56.86971791], [14.99870239, 56.86981483], [14.99848256, 56.87020212], [14.99848243, 56.8702023], [14.99835987, 56.87028017], [14.99835946, 56.87028053], [14.99837853, 56.87045837], [14.99837853, 56.87045846], [14.99823527, 56.87056166], [14.99788681, 56.87067797], [14.99774613, 56.87075315], [14.99774572, 56.87075342], [14.99761693, 56.87107047], [14.99743267, 56.87124804], [14.99728954, 56.87142579], [14.99701506, 56.87160452], [14.99685448, 56.87175074], [14.99682647, 56.8718323], [14.99689248, 56.87189113], [14.99688544, 56.87198804], [14.99680006, 56.87222274], [14.9967374, 56.8724621], [14.99672508, 56.87257788], [14.99647912, 56.87288074], [14.99636628, 56.87309019], [14.99611177, 56.87356002], [14.99605575, 56.87367562], [14.99596077, 56.87387151], [14.99546719, 56.87439639], [14.99494316, 56.87504136], [14.99445042, 56.87522942], [14.99368249, 56.87547144], [14.99334733, 56.8758024], [14.99291638, 56.87608782], [14.99236395, 56.87629797], [14.99230991, 56.8765958], [14.99238033, 56.87690065], [14.99230127, 56.87714621], [14.99143702, 56.87774407], [14.99099629, 56.87802499], [14.99098162, 56.87824585], [14.99111493, 56.87867591], [14.99115626, 56.87896361], [14.99065354, 56.88035854], [14.99016984, 56.88185424], [14.99085519, 56.88239392], [14.99251226, 56.88359015], [14.99253634, 56.88362724], [14.99295516, 56.88427198], [14.99300165, 56.88454431], [14.99306318, 56.88550941], [14.99316816, 56.88715157], [14.99317585, 56.88732851], [14.99474824, 56.88734915], [14.99550007, 56.88788459], [14.99548376, 56.88846625], [14.99534311, 56.88882274], [14.99557113, 56.88898684], [14.99598157, 56.88928218], [14.99621337, 56.88954365], [14.99639538, 56.88984275], [14.99538394, 56.89025318], [14.99547108, 56.89035369], [14.99580156, 56.89054978], [14.99636469, 56.89091446], [14.99653047, 56.89098281], [14.99653426, 56.89098218], [14.99694896, 56.89090297], [14.99721005, 56.89074212], [14.99743216, 56.89064116], [14.99743459, 56.89064161], [14.99758563, 56.8906718], [14.99775886, 56.890857], [14.99808327, 56.89095338], [14.99823214, 56.89120398], [14.99823727, 56.89141954], [14.99807037, 56.89185669], [14.99804856, 56.8921071], [14.99781397, 56.8927881], [14.99766367, 56.89367262], [14.99759295, 56.89466269], [14.99761636, 56.89477972], [14.99765791, 56.89498765], [14.99801909, 56.89658723], [14.99803354, 56.89728422], [14.99781746, 56.8978683], [14.997218, 56.89857569], [14.99696442, 56.89891529], [14.99703317, 56.89915097], [14.99760104, 56.89937562], [14.99795584, 56.89966709], [14.99828884, 56.90020627], [14.99831401, 56.90048569], [14.99821368, 56.90064934], [14.9986542, 56.90084443], [14.99923335, 56.90092985], [15.00006268, 56.90105641], [15.0007741, 56.90117146], [15.00125119, 56.90134966], [15.00141947, 56.90147783], [15.00172585, 56.90171108], [15.00223234, 56.90220013], [15.0022658, 56.90242099], [15.00230061, 56.90279032], [15.00230889, 56.90299538], [15.00233872, 56.90374096], [15.00244398, 56.9047259], [15.00219844, 56.9057651], [15.00219004, 56.90578603], [15.0014281, 56.90769629], [15.00077169, 56.90892114], [15.0001239, 56.91009641], [14.99894335, 56.91109904], [14.9981961, 56.91165527], [14.99805566, 56.91175964], [14.99756512, 56.91258272], [14.99728016, 56.91308228], [14.99710788, 56.91338434], [14.99704218, 56.91353298], [14.99684334, 56.91403192], [14.99671006, 56.91428026], [14.99659425, 56.91449816], [14.99655739, 56.91471506], [14.99654316, 56.91480812], [14.99651538, 56.91498766], [14.99641568, 56.91521822], [14.99623906, 56.91539058], [14.99596559, 56.91570924], [14.99592062, 56.91580013], [14.99581401, 56.9160148], [14.99562301, 56.9163217], [14.99553062, 56.91652549], [14.99553881, 56.91715772], [14.99549191, 56.9174948], [14.99546938, 56.91786018], [14.99554491, 56.91824047], [14.995639, 56.91856104], [14.99564669, 56.91882151], [14.99546173, 56.91953259], [14.99513905, 56.92091011], [14.99513402, 56.92106091], [14.99626155, 56.92207868], [14.99630463, 56.92211775], [14.99665082, 56.92243024], [14.99730004, 56.92282329], [14.99862899, 56.92362799], [15.00104729, 56.9250922], [15.00149096, 56.92536084], [14.9972626, 56.92534915], [14.99666269, 56.92608959], [14.99651201, 56.92646511], [14.99633425, 56.9266698], [14.99585111, 56.92706723], [14.9953199, 56.92723239], [14.99484245, 56.92746464], [14.99403048, 56.92873848], [14.9940394, 56.92886432], [15.00103402, 56.93009145], [15.00258941, 56.93036852], [15.00331684, 56.93048967], [15.00370649, 56.93042535], [15.0037845, 56.93006338], [15.0041247, 56.9288934], [15.00452538, 56.9282555], [15.00494244, 56.92767464], [15.00530466, 56.92549789], [15.00659284, 56.92557193], [15.00709443, 56.92599539], [15.0081292, 56.92746026], [15.00814251, 56.92823251], [15.00845882, 56.92869711], [15.00833287, 56.9289258], [15.00999281, 56.9305564], [15.01697965, 56.93726852], [15.01761713, 56.93735655], [15.02325516, 56.93813506], [15.02478742, 56.93834665], [15.02398166, 56.93900705], [15.0239818, 56.93900741], [15.02398112, 56.93900732], [15.02511769, 56.94301296], [15.02422653, 56.94441725], [15.02383129, 56.94504012], [15.02346566, 56.94556266], [15.02230995, 56.94699384], [15.02145485, 56.94805276], [15.02104456, 56.94856101], [15.01939798, 56.95059968], [15.01738094, 56.95309699], [15.01726821, 56.95323631], [15.01526918, 56.95571104], [15.01329145, 56.95783724], [15.01259589, 56.95822209], [15.01228261, 56.95841073], [15.01176065, 56.95858862], [15.01111557, 56.9587455], [15.01100155, 56.95877327], [15.01069776, 56.95902226], [15.01043617, 56.95934455], [15.01026077, 56.95956049], [15.00965999, 56.96019815], [15.009115, 56.96057461], [15.00896126, 56.96068078], [15.00866308, 56.96126875], [15.00845734, 56.96167429], [15.00811018, 56.96218483], [15.00798113, 56.96237453], [15.00758461, 56.96295747], [15.00733791, 56.96346675], [15.00717259, 56.96481509], [15.00715784, 56.96493599], [15.00680098, 56.96534423], [15.00661428, 56.96555773], [15.00705187, 56.96611475], [15.00890504, 56.96657549], [15.00233102, 56.98008776], [15.00115975, 56.98234694], [14.99797513, 56.98848851], [14.99756853, 56.98927261], [14.99751289, 56.98937994], [14.9953486, 56.99265917], [14.99444133, 56.99477279], [14.99321485, 56.99762926], [14.99265946, 56.99892286], [14.99217668, 57.00004662], [14.98833828, 57.00171161], [14.98446776, 57.00339013], [14.98048024, 57.00307404], [14.9783883, 57.00288428], [14.9735968, 57.00244936], [14.96095381, 57.00139673], [14.94633418, 57.0001779], [14.94725815, 57.00354255], [14.94742502, 57.00458395], [14.9484528, 57.00685934], [14.95042981, 57.011236], [14.95301273, 57.01695246], [14.95347454, 57.0179743], [14.94799972, 57.0224494], [14.94613079, 57.0270825], [14.94343742, 57.0297502], [14.94344081, 57.02975694], [14.94503491, 57.03302444], [14.94509666, 57.03316135], [14.94512685, 57.03322881], [14.94518649, 57.03332755], [14.94521874, 57.03338307], [14.94516576, 57.03393658], [14.94558912, 57.03448419], [14.94684732, 57.03413032], [14.9475825, 57.03391839], [14.94830928, 57.03368724], [14.94885104, 57.03352903], [14.94955377, 57.03339108], [14.95009134, 57.03330822], [14.95059247, 57.0332504], [14.95111623, 57.03323767], [14.95184758, 57.03322367], [14.95263121, 57.03323493], [14.95355963, 57.03326833], [14.95434312, 57.03328676], [14.95501494, 57.0332923], [14.95562753, 57.03329054], [14.9560851, 57.03330274], [14.95682963, 57.03328692], [14.9578148, 57.03323777], [14.95881672, 57.03315987], [14.95977244, 57.03308186], [14.96061636, 57.03298908], [14.96148353, 57.03288032], [14.96247679, 57.0327467], [14.96252027, 57.03274088], [14.96262109, 57.03272743], [14.96283212, 57.03268888], [14.96353164, 57.03256118], [14.96429381, 57.03240719], [14.96512854, 57.03223713], [14.96591041, 57.03207056], [14.9668279, 57.03185237], [14.96775544, 57.03163221], [14.96854068, 57.03146032], [14.96933954, 57.03124352], [14.96975901, 57.03113153], [14.97006272, 57.03103361], [14.96788977, 57.03450231], [14.96779334, 57.0346151], [14.96807898, 57.0347146], [14.96838946, 57.03468172], [14.96839992, 57.03468459], [14.9695886, 57.03502107], [14.97026045, 57.03521128], [14.97031153, 57.03538248], [14.97053351, 57.03541693], [14.9712196, 57.03565412], [14.96273654, 57.04620221], [14.96028577, 57.04717255], [14.9577503, 57.04817631], [14.95703575, 57.04845907], [14.95546825, 57.0491273], [14.94997634, 57.05135589], [14.94776547, 57.05225288], [14.94245667, 57.05440667], [14.94262679, 57.0550748], [14.94290285, 57.05562819], [14.94319193, 57.05620665], [14.94331023, 57.05645639], [14.94346445, 57.05686593], [14.94362862, 57.05725931], [14.94376647, 57.05762043], [14.94394069, 57.05793297], [14.94467786, 57.05862839], [14.94538196, 57.05937408], [14.94559598, 57.05962916], [14.94586899, 57.05990231], [14.94631646, 57.06016701], [14.94672196, 57.06040017], [14.94782211, 57.06100051], [14.94835265, 57.06118387], [14.95092927, 57.06210803], [14.95156505, 57.06241544], [14.95241453, 57.0630875], [14.95310592, 57.06374683], [14.95498354, 57.06487013], [14.95522654, 57.06497458], [14.9596867, 57.06709664], [14.95969852, 57.0671023], [14.95776086, 57.0688113], [14.95693591, 57.06953871], [14.95692775, 57.06954059], [14.95382556, 57.07025074], [14.95116443, 57.07043834], [14.94571453, 57.07220906], [14.94264796, 57.07211797], [14.94141592, 57.07228428], [14.94135729, 57.07229341], [14.94107134, 57.07233818], [14.94105567, 57.07244245], [14.94049825, 57.07563558], [14.94016647, 57.07692859], [14.93581731, 57.0783113], [14.93548015, 57.07867389], [14.92846021, 57.08435226], [14.92845966, 57.0843527], [14.9284859, 57.08436619], [14.92809345, 57.08483346], [14.92808909, 57.08483839], [14.92804008, 57.08492531], [14.92794342, 57.08509689], [14.92777126, 57.08540755], [14.92769039, 57.0855063], [14.92762575, 57.0855853], [14.92750984, 57.08579001], [14.92736424, 57.08600899], [14.92727481, 57.08617186], [14.92727153, 57.08617779], [14.9272053, 57.0863017], [14.92713259, 57.08640404], [14.92692751, 57.08663385], [14.92681178, 57.08681692], [14.92659992, 57.08806639], [14.92658797, 57.08812082], [14.92655782, 57.08830213], [14.92649159, 57.08842065], [14.92641877, 57.08857509], [14.92627635, 57.08883008], [14.9261505, 57.08903111], [14.92594535, 57.08935252], [14.92581957, 57.08951951], [14.92564304, 57.0897487], [14.9256279, 57.08976845], [14.92555832, 57.08985876], [14.9254854, 57.08998985], [14.92543558, 57.09013353], [14.92538541, 57.09045144], [14.92537455, 57.09064526], [14.92536042, 57.09090526], [14.92535462, 57.09101358], [14.92528834, 57.09115545], [14.92513571, 57.09154147], [14.92509921, 57.09162588], [14.92500662, 57.09172282], [14.92485783, 57.0918844], [14.92460679, 57.09201349], [14.92447806, 57.09208168], [14.92420053, 57.09224677], [14.92380419, 57.09242257], [14.92352922, 57.09253889], [14.92352023, 57.09254275], [14.92322634, 57.09265573], [14.92310076, 57.09271134], [14.92310053, 57.09282541], [14.92310046, 57.09285505], [14.9231003, 57.09293408], [14.92307069, 57.09297493], [14.92303411, 57.09302565], [14.92297856, 57.09310735], [14.92295877, 57.09313734], [14.92288314, 57.09325136], [14.92283696, 57.09327827], [14.92283041, 57.09328725], [14.92283672, 57.09352248], [14.92285615, 57.09380074], [14.92309032, 57.09380978], [14.9234399, 57.093817], [14.92379775, 57.0938376], [14.92394103, 57.09384586], [14.92395706, 57.09386114], [14.92399386, 57.0938961], [14.92416845, 57.09403084], [14.92442212, 57.09422481], [14.9245012, 57.09428764], [14.92458038, 57.09429847], [14.92486717, 57.09433439], [14.92501559, 57.09435415], [14.92522326, 57.09442064], [14.92537819, 57.09445657], [14.92572115, 57.09450698], [14.92593887, 57.094516], [14.92609713, 57.09451601], [14.926394, 57.09448196], [14.92653574, 57.09451429], [14.92679934, 57.09465078], [14.92657104, 57.09538148], [14.92661998, 57.09588779], [14.92676781, 57.09635456], [14.92671743, 57.09719304], [14.9269712, 57.097493], [14.92705009, 57.09758627], [14.92702258, 57.09759398], [14.92693271, 57.09761889], [14.92502113, 57.09814965], [14.92427795, 57.09886288], [14.9240569, 57.09907498], [14.92402008, 57.09911043], [14.92395135, 57.09917631], [14.92324204, 57.09934851], [14.92293838, 57.09948852], [14.91874474, 57.10069434], [14.91671136, 57.10127896], [14.91614451, 57.10144186], [14.91570578, 57.10152079], [14.9153891, 57.10156198], [14.91538554, 57.10156916], [14.91531962, 57.10170734], [14.91526983, 57.10187616], [14.91513684, 57.10212019], [14.91510114, 57.1021974], [14.91510109, 57.10227644], [14.91513714, 57.10240571], [14.91516667, 57.10258527], [14.91514004, 57.10274144], [14.91509701, 57.10287245], [14.91503069, 57.10306282], [14.91509992, 57.1031472], [14.9151689, 57.10327829], [14.91525456, 57.10337705], [14.91535018, 57.10346891], [14.91537979, 57.1034974], [14.91537818, 57.1035476], [14.91537628, 57.10360329], [14.91534656, 57.1036841], [14.91526723, 57.10379353], [14.91519113, 57.10391563], [14.91508564, 57.10403232], [14.91490374, 57.10423329], [14.91477819, 57.10437152], [14.91471868, 57.10450081], [14.91467887, 57.10458512], [14.91462206, 57.10466736], [14.91456975, 57.10474312], [14.9144177, 57.10498004], [14.91429551, 57.10513444], [14.91419625, 57.1052673], [14.91413685, 57.10534441], [14.91396514, 57.10548979], [14.9138395, 57.10560467], [14.91368098, 57.10575186], [14.91359651, 57.1058426], [14.91351572, 57.10592949], [14.91342658, 57.1060372], [14.91331083, 57.10617185], [14.91318539, 57.10631726], [14.91309751, 57.10634926], [14.91302162, 57.10637705], [14.91298402, 57.10639077], [14.91281565, 57.10644095], [14.91265724, 57.10647865], [14.91251201, 57.10653244], [14.91239642, 57.10659703], [14.91228122, 57.10666736], [14.91226105, 57.10667956], [14.91215198, 57.10680702], [14.91214089, 57.10683135], [14.91206605, 57.10699369], [14.91203899, 57.10703705], [14.91200332, 57.10709442], [14.91198337, 57.10712656], [14.91190872, 57.10715039], [14.91160709, 57.10724673], [14.91129018, 57.10735977], [14.91094366, 57.10744583], [14.91040574, 57.10758745], [14.91042861, 57.10769695], [14.91048449, 57.1078406], [14.91045453, 57.10801473], [14.91043564, 57.10805792], [14.9103917, 57.10815839], [14.9102033, 57.10832352], [14.91010428, 57.10840069], [14.90969738, 57.1085088], [14.90907074, 57.10873558], [14.90907046, 57.10873567], [14.90866556, 57.10924912], [14.90848723, 57.10985308], [14.9083426, 57.11042169], [14.90836451, 57.11086683], [14.90868135, 57.11129637], [14.90897037, 57.11196948], [14.90909876, 57.11213465], [14.90922717, 57.11229273], [14.90943466, 57.11251903], [14.90957297, 57.11263598], [14.90965545, 57.11270583], [14.90987952, 57.11288544], [14.91011703, 57.11297165], [14.91047643, 57.11304717], [14.9105465, 57.11306519], [14.91083932, 57.11314066], [14.91086219, 57.11314436], [14.91096018, 57.11315997], [14.91110975, 57.11318387], [14.91138035, 57.11321263], [14.91170031, 57.11321456], [14.91187837, 57.11328106], [14.91211264, 57.11336008], [14.91233687, 57.11342302], [14.91248426, 57.11333636], [14.91264269, 57.11324315], [14.91265714, 57.11323463], [14.91276964, 57.11327593], [14.9127891, 57.11328313], [14.91301005, 57.11340714], [14.9132377, 57.11335152], [14.91352, 57.11332819], [14.91354138, 57.11332649], [14.91372616, 57.11331575], [14.91378164, 57.11334741], [14.91386458, 57.1133948], [14.914036, 57.11351158], [14.91421721, 57.11363188], [14.91444403, 57.1138184], [14.91479067, 57.11411682], [14.91523381, 57.11437615], [14.91532478, 57.11442938], [14.91529194, 57.11444175], [14.91515307, 57.11449393], [14.91515967, 57.11452627], [14.91522556, 57.11459269], [14.91525849, 57.11465738], [14.91530458, 57.11474713], [14.91540017, 57.11480639], [14.91545018, 57.11484899], [14.91545289, 57.11485133], [14.91546213, 57.11492067], [14.91546481, 57.1149407], [14.915421, 57.11540322], [14.91557928, 57.11561799], [14.91555958, 57.11643673], [14.91578093, 57.11675868], [14.91610271, 57.11699233], [14.9167802, 57.11738877], [14.91727108, 57.11739224], [14.91775403, 57.11771616], [14.91773504, 57.11823267], [14.91786031, 57.11829913], [14.91802503, 57.11838232], [14.91804162, 57.11839068], [14.91815703, 57.11848407], [14.91814935, 57.11850778], [14.91813715, 57.11854513], [14.9181174, 57.11860925], [14.91809079, 57.1186959], [14.91800805, 57.11885572], [14.9176845, 57.11897766], [14.91744356, 57.11906561], [14.91735922, 57.11908576], [14.91718932, 57.1191266], [14.91722544, 57.11923072], [14.91727804, 57.11939772], [14.91730097, 57.11949644], [14.91724812, 57.11956467], [14.9172189, 57.11959941], [14.9171621, 57.119667], [14.91703382, 57.11973149], [14.91694084, 57.11977822], [14.91676599, 57.11983918], [14.91673948, 57.11987868], [14.91671042, 57.11996228], [14.91669644, 57.1200026], [14.91662231, 57.12002518], [14.91653796, 57.12005099], [14.91641243, 57.12015869], [14.91634949, 57.12029328], [14.91627002, 57.12044591], [14.9162071, 57.120629], [14.91619007, 57.12063276], [14.91607508, 57.12065775], [14.91596277, 57.12070078], [14.91596153, 57.12070626], [14.91595287, 57.12074568], [14.91592969, 57.12081563], [14.91593601, 57.12097362], [14.91607116, 57.12106703], [14.91614697, 57.12114782], [14.9164199, 57.12149837], [14.91577568, 57.12231113], [14.9157723, 57.12242249], [14.91577187, 57.12242932], [14.91576212, 57.12258766], [14.91570927, 57.12265049], [14.91560356, 57.12272407], [14.91551105, 57.12280125], [14.91537476, 57.12290211], [14.91536563, 57.12290893], [14.91523349, 57.12304347], [14.91522565, 57.12307858], [14.91521353, 57.12313327], [14.91512088, 57.12327143], [14.91510107, 57.12335944], [14.91509437, 57.12343129], [14.91522281, 57.12360184], [14.91524583, 57.12366114], [14.91522478, 57.12369381], [14.9151928, 57.12374373], [14.91514987, 57.12381546], [14.91511672, 57.12389987], [14.91519917, 57.12393755], [14.91525516, 57.12398968], [14.91531123, 57.12406687], [14.91530863, 57.12413324], [14.91579289, 57.124449], [14.91633618, 57.12498691], [14.91615862, 57.12557301], [14.91638214, 57.12580596], [14.91657329, 57.1260211], [14.9162392, 57.12632086], [14.91623879, 57.12632122], [14.91551462, 57.12649408], [14.91507338, 57.12659105], [14.91494452, 57.12660003], [14.91496112, 57.12660723], [14.9148258, 57.12657489], [14.91472684, 57.12654968], [14.91456813, 57.12650646], [14.914542, 57.12649935], [14.91444957, 57.12647602], [14.91432426, 57.12647953], [14.91423273, 57.1267164], [14.91409401, 57.12703595], [14.91356355, 57.12754394], [14.91351063, 57.12757444], [14.91337515, 57.12766964], [14.91327939, 57.12773244], [14.91326602, 57.12785809], [14.91325597, 57.12796217], [14.91303425, 57.12829964], [14.91278387, 57.12877557], [14.91261738, 57.12902478], [14.91144099, 57.13202449], [14.91224991, 57.1336789], [14.91228574, 57.13390993], [14.9122982, 57.1339376], [14.91229848, 57.13393823], [14.91236962, 57.13392194], [14.91398964, 57.13457412], [14.92209449, 57.13461049], [14.92415612, 57.13332373], [14.93009796, 57.13466847], [14.93061526, 57.13479719], [14.93155941, 57.13483687], [14.93289635, 57.13500761], [14.93440849, 57.13495758], [14.93518391, 57.13535451], [14.93628979, 57.1354695], [14.93643501, 57.13555391], [14.9373298, 57.13547326], [14.93811224, 57.13552897], [14.93944945, 57.13540164], [14.94076005, 57.13555621], [14.94114302, 57.13546109], [14.94167125, 57.13551316], [14.9423712, 57.13543786], [14.94362571, 57.13557621], [14.94445761, 57.1356337], [14.94498262, 57.1355637], [14.94640553, 57.13560868], [14.94719137, 57.1355836], [14.94784506, 57.13555486], [14.94855152, 57.1355962], [14.94906991, 57.13558186], [14.94948918, 57.13562496], [14.9498851, 57.13611147], [14.95147603, 57.1370846], [14.9551181, 57.13587274], [14.95594355, 57.13564464], [14.95732694, 57.13547591], [14.95798404, 57.13532326], [14.95860477, 57.13503418], [14.95872689, 57.13509879], [14.96019942, 57.13473606], [14.96089926, 57.13471805], [14.96336544, 57.13487049], [14.96716216, 57.13479107], [14.96947649, 57.13641918], [14.97053955, 57.13625022], [14.97064459, 57.1362463], [14.97703337, 57.13612306], [14.97720216, 57.13612883], [14.97945933, 57.13587604], [14.98041344, 57.13578665], [14.98283701, 57.1367878], [14.98789134, 57.13847763], [14.99912386, 57.14218054], [14.99720481, 57.14548318], [15.00457423, 57.15118787], [15.00915911, 57.15565858], [15.01116796, 57.16405354], [15.01370428, 57.1647983], [15.02088036, 57.16453083], [15.02246471, 57.16509279], [15.02324449, 57.1653576], [15.02355396, 57.16552702], [15.02394874, 57.16582756], [15.02430698, 57.16612801], [15.02480113, 57.16637319], [15.02513745, 57.16650129], [15.02563284, 57.16655966], [15.02598337, 57.16652806], [15.02654574, 57.16642681], [15.02723126, 57.16620007], [15.02850583, 57.16583271], [15.02896166, 57.16586773], [15.02953009, 57.16587415], [15.03015868, 57.16575509], [15.03084745, 57.16552481], [15.03149958, 57.16535553], [15.03236715, 57.1650609], [15.0329302, 57.16485912], [15.03363215, 57.16461626], [15.03392403, 57.16444445], [15.03445394, 57.16425157], [15.03499731, 57.16401197], [15.03657249, 57.16309937], [15.03718685, 57.16313278], [15.0375405, 57.1631263], [15.03793404, 57.163066], [15.03814084, 57.1633123], [15.03835803, 57.16345271], [15.03874013, 57.16365988], [15.03880908, 57.16375156], [15.03891629, 57.16406049], [15.03865802, 57.16414984], [15.03862749, 57.16428619], [15.03875751, 57.16463472], [15.0389704, 57.16495466], [15.03892643, 57.16514301], [15.03891553, 57.16528663], [15.03913253, 57.16548631], [15.03928306, 57.1657469], [15.03929027, 57.16676477], [15.03928853, 57.1670484], [15.03905881, 57.16733704], [15.03920968, 57.16752938], [15.03985856, 57.16789319], [15.0410869, 57.16807674], [15.04158843, 57.16821587], [15.04206002, 57.16840343], [15.04242569, 57.1686088], [15.0425898, 57.16878675], [15.04286888, 57.16911044], [15.04340548, 57.16947939], [15.04354982, 57.16965556], [15.04364296, 57.17012795], [15.04437276, 57.17080597], [15.04400763, 57.17164909], [15.04423814, 57.17237839], [15.04420444, 57.17247702], [15.04399925, 57.17251975], [15.04373122, 57.17258029], [15.04356866, 57.17269495], [15.04344859, 57.17286887], [15.04345785, 57.17297835], [15.04368204, 57.1730883], [15.04395889, 57.17321627], [15.04430528, 57.17333174], [15.04458532, 57.17349924], [15.04481585, 57.17365579], [15.04487418, 57.17384977], [15.04484026, 57.17399339], [15.04464492, 57.17406478], [15.04435063, 57.17407683], [15.04447249, 57.17414172], [15.0446734, 57.17427314], [15.04512878, 57.1744032], [15.04548244, 57.17442535], [15.04597512, 57.17438314], [15.04627979, 57.17427956], [15.04693856, 57.17411909], [15.04731276, 57.1739977], [15.04765993, 57.17396604], [15.0478978, 57.17398616], [15.04806616, 57.17404034], [15.04815436, 57.17422362], [15.04840074, 57.17449871], [15.0485953, 57.17456546], [15.04893539, 57.1746432], [15.04958944, 57.17472341], [15.05007884, 57.1746775], [15.05042976, 57.17459015], [15.05067167, 57.17447393], [15.05088986, 57.1744671], [15.05120067, 57.17446581], [15.05204393, 57.1743955], [15.05237098, 57.17441224], [15.05267446, 57.1745348], [15.05278924, 57.17468942], [15.05280512, 57.17482763], [15.05270848, 57.17496033], [15.05253171, 57.1752347], [15.05250449, 57.17537104], [15.05247335, 57.17562775], [15.05256431, 57.17590793], [15.05275161, 57.17613086], [15.05295865, 57.17633411], [15.05309259, 57.17662334], [15.05318115, 57.17674914], [15.05395079, 57.17685641], [15.05434382, 57.17691991], [15.05451187, 57.17702609], [15.05462644, 57.17721483], [15.05492811, 57.17766592], [15.05511901, 57.1778152], [15.05544527, 57.17800609], [15.05578168, 57.17814668], [15.05603314, 57.17811478], [15.0564865, 57.17802404], [15.05694623, 57.17799608], [15.05800427, 57.17855613], [15.05819116, 57.17883832], [15.05872743, 57.17933466], [15.06007066, 57.17975875], [15.06058545, 57.17994092], [15.06102679, 57.18024508], [15.06114499, 57.18029523], [15.06167552, 57.18066572], [15.062146, 57.18101289], [15.06240196, 57.18113276], [15.06280623, 57.18127841], [15.0634352, 57.18144677], [15.06401674, 57.18147845], [15.06426516, 57.1812589]], [[15.05785135, 57.07625581], [15.05780307, 57.07625529], [15.05717503, 57.07622846], [15.05712702, 57.07622543], [15.05650344, 57.07617694], [15.05588664, 57.07610707], [15.05583943, 57.07610143], [15.05523212, 57.07601045], [15.05518613, 57.07600239], [15.05459062, 57.07589074], [15.05400937, 57.07575869], [15.05396515, 57.07574811], [15.05340061, 57.07559629], [15.05335842, 57.07558356], [15.05281262, 57.0754126], [15.05228775, 57.07522313], [15.05224802, 57.07520806], [15.05174652, 57.07500088], [15.05170963, 57.07498392], [15.05123328, 57.07475994], [15.05078398, 57.07451987], [15.05075036, 57.07450093], [15.05032988, 57.07424593], [15.05029993, 57.07422529], [15.05020136, 57.07415734], [15.04981447, 57.07399744], [15.04933815, 57.07377345], [15.04932767, 57.07376824], [15.04887839, 57.07352816], [15.04845793, 57.07327316], [15.0480682, 57.07300422], [15.04771068, 57.07272225], [15.0475974, 57.07261963], [15.04759291, 57.07261658], [15.0472354, 57.07233469], [15.04691148, 57.07204103], [15.04673649, 57.07185679], [15.04619254, 57.07179511], [15.04558532, 57.07170408], [15.04498991, 57.07159239], [15.04440876, 57.07146029], [15.04384432, 57.07130844], [15.04329863, 57.07113744], [15.04277387, 57.07094793], [15.04227248, 57.07074071], [15.04179624, 57.07051669], [15.04134705, 57.07027658], [15.04092681, 57.07002156], [15.04077398, 57.06992434], [15.04038434, 57.06965537], [15.04002692, 57.06937347], [15.03970308, 57.06907978], [15.03941419, 57.06877549], [15.03916132, 57.06846193], [15.03894558, 57.06814019], [15.03876778, 57.0678117], [15.03862859, 57.06747781], [15.03852883, 57.06713968], [15.03846851, 57.06679885], [15.03846372, 57.06677065], [15.03842911, 57.0665684], [15.03841776, 57.0663762], [15.03831855, 57.06604023], [15.03826138, 57.06571727], [15.0382401, 57.06564479], [15.03817978, 57.06530396], [15.03815944, 57.06496177], [15.03817908, 57.06461956], [15.03820071, 57.06449615], [15.03816218, 57.06445566], [15.03773196, 57.0644521], [15.03718192, 57.06442847], [15.03708103, 57.0644311], [15.03703303, 57.0644313], [15.03640333, 57.06442609], [15.03577551, 57.06439915], [15.03572765, 57.06439674], [15.0351043, 57.06434814], [15.03505711, 57.06434322], [15.03444054, 57.06427324], [15.03412232, 57.06422554], [15.03378958, 57.06421127], [15.03374131, 57.06420876], [15.03311797, 57.06416016], [15.03307037, 57.06415505], [15.03245381, 57.06408507], [15.03184675, 57.06399397], [15.03180024, 57.06398644], [15.031205, 57.06387468], [15.03116012, 57.06386463], [15.03057914, 57.06373247], [15.03001487, 57.06358055], [15.02997203, 57.06356817], [15.02942651, 57.06339711], [15.02890193, 57.06320754], [15.02886153, 57.06319291], [15.02836033, 57.06298564], [15.02832265, 57.06296894], [15.0278466, 57.06274487], [15.02739759, 57.06250471], [15.02736318, 57.06248604], [15.02694313, 57.06223096], [15.02691211, 57.06221067], [15.02652265, 57.06194166], [15.02616541, 57.06165972], [15.02613834, 57.06163763], [15.02581467, 57.061344], [15.02578787, 57.06131688], [15.02549915, 57.06101255], [15.02479733, 57.06021046], [15.02454465, 57.05989687], [15.02452274, 57.05986841], [15.02444367, 57.0597504], [15.02432367, 57.05961445], [15.02407099, 57.05930086], [15.02404895, 57.05927239], [15.02383339, 57.05895062], [15.0238191, 57.05892539], [15.02364147, 57.05859687], [15.02350245, 57.05826297], [15.02349265, 57.0582371], [15.02339305, 57.05789896], [15.02338801, 57.05787265], [15.02332784, 57.05753181], [15.02330764, 57.05718961], [15.02330722, 57.05716321], [15.02332699, 57.05682101], [15.02333145, 57.05679469], [15.02339119, 57.05645383], [15.02349036, 57.05611565], [15.02349958, 57.05608969], [15.02363817, 57.05575573], [15.02381536, 57.05542715], [15.02382908, 57.05540182], [15.0240442, 57.05507997], [15.02406254, 57.05505554], [15.02431477, 57.05474185], [15.02460303, 57.05443741], [15.02462558, 57.05441396], [15.02494878, 57.05412011], [15.02497541, 57.05409819], [15.02533218, 57.05381601], [15.02572118, 57.05354684], [15.02575175, 57.05352627], [15.02617147, 57.05327101], [15.02620544, 57.05325223], [15.02665398, 57.05301188], [15.02712958, 57.0527876], [15.02716695, 57.05277071], [15.0276677, 57.05256321], [15.02770779, 57.05254838], [15.0282318, 57.05235858], [15.02877701, 57.05218726], [15.02882675, 57.05217252], [15.0293906, 57.05202033], [15.0307553, 57.05166245], [15.03080735, 57.05165049], [15.03138792, 57.05151805], [15.03198277, 57.05140599], [15.03202912, 57.05139816], [15.03263581, 57.05130675], [15.03299245, 57.05126606], [15.0333172, 57.0511484], [15.03386225, 57.05097707], [15.03390355, 57.05096413], [15.03446736, 57.05081191], [15.03451085, 57.05080121], [15.03509139, 57.05066875], [15.03568622, 57.05055667], [15.03573148, 57.0505484], [15.03633815, 57.05045697], [15.03638463, 57.05045103], [15.03700083, 57.0503807], [15.03757764, 57.05033544], [15.03796982, 57.05024587], [15.03856464, 57.05013378], [15.03861179, 57.05012532], [15.03921845, 57.05003388], [15.03926683, 57.05002803], [15.03988303, 57.04995768], [15.04050603, 57.04990871], [15.04055523, 57.04990547], [15.04059737, 57.04990365], [15.04118275, 57.04987814], [15.04123236, 57.04987767], [15.0418618, 57.04987207], [15.04249059, 57.04988812], [15.04253993, 57.04989035], [15.04316562, 57.04992812], [15.04378576, 57.04998737], [15.04383456, 57.04999229], [15.04444644, 57.05007273], [15.0445019, 57.05008151], [15.04510307, 57.05018297], [15.04523318, 57.05020744], [15.04582146, 57.05032947], [15.04589787, 57.05034686], [15.04647069, 57.05048892], [15.04727237, 57.05070463], [15.04782742, 57.05086609], [15.04788453, 57.05088376], [15.04841976, 57.05106408], [15.04855317, 57.05111567], [15.0488586, 57.05112346], [15.04886132, 57.05112355], [15.04886608, 57.05112382], [15.04888973, 57.05112479], [15.0493579, 57.05115299], [15.04939187, 57.05114481], [15.04997236, 57.05101228], [15.05028857, 57.05094649], [15.0506575, 57.05086964], [15.05102725, 57.05079261], [15.05140419, 57.05071414], [15.05199897, 57.05060198], [15.05205265, 57.05059244], [15.05265928, 57.05050093], [15.05270671, 57.05049525], [15.0528066, 57.05048381], [15.05280782, 57.05048363], [15.05290675, 57.05046876], [15.05295377, 57.05046237], [15.05356994, 57.05039196], [15.05361792, 57.05038808], [15.05424092, 57.05033904], [15.05486598, 57.05031173], [15.05528783, 57.05017907], [15.05585154, 57.05002676], [15.05589569, 57.05001578], [15.05647615, 57.04988322], [15.05652194, 57.04987458], [15.05711669, 57.0497624], [15.0577233, 57.04967087], [15.05777045, 57.04966474], [15.05838661, 57.04959431], [15.05900958, 57.04954525], [15.05905756, 57.04954163], [15.05968505, 57.04951421], [15.05973358, 57.0495132], [15.06036301, 57.04950751], [15.0609918, 57.04952346], [15.06104821, 57.04952532], [15.06185144, 57.04957333], [15.06249861, 57.04961226], [15.06312432, 57.04964994], [15.06318019, 57.04965476], [15.06380036, 57.04971391], [15.06441227, 57.04979425], [15.06445918, 57.04980096], [15.06506039, 57.04990232], [15.06510594, 57.04991155], [15.06569429, 57.05003348], [15.06626718, 57.05017545], [15.06631069, 57.05018701], [15.06686582, 57.05034838], [15.06690716, 57.05036219], [15.06744248, 57.05054244], [15.06795568, 57.05074074], [15.06799417, 57.05075671], [15.06848308, 57.05097236], [15.06894606, 57.05120446], [15.06898171, 57.05122249], [15.06941659, 57.05147005], [15.06944871, 57.0514898], [15.06985385, 57.05175183], [15.07022763, 57.05202736], [15.07025608, 57.05204872], [15.07059699, 57.05233657], [15.0706215, 57.05235946], [15.07092818, 57.05265855], [15.07119941, 57.05296754], [15.07121958, 57.05299151], [15.07145413, 57.05330924], [15.07146994, 57.0533342], [15.07151931, 57.05341572], [15.07171696, 57.05356138], [15.07174542, 57.05358274], [15.07208635, 57.05387058], [15.07211087, 57.05389347], [15.072114, 57.05389661], [15.07211931, 57.05390101], [15.07215254, 57.05393333], [15.07218685, 57.05396223], [15.07249356, 57.05426132], [15.07251603, 57.05428394], [15.07278729, 57.05459293], [15.07280582, 57.05461654], [15.0730404, 57.05493426], [15.07323747, 57.05525946], [15.07325179, 57.05528397], [15.07341054, 57.05561529], [15.07342052, 57.05564044], [15.0735404, 57.05597664], [15.07362074, 57.05631618], [15.07362623, 57.05634169], [15.07366687, 57.05668341], [15.07366787, 57.05670919], [15.0736681, 57.05682398], [15.07400745, 57.05697359], [15.07437049, 57.05714411], [15.07439199, 57.05715488], [15.07448125, 57.05719461], [15.0744837, 57.05719587], [15.07450616, 57.05720574], [15.07468756, 57.05729661], [15.0750163, 57.05744156], [15.07513347, 57.05750032], [15.07531608, 57.05758077], [15.07577918, 57.05781285], [15.07590793, 57.05787941], [15.07634293, 57.05812695], [15.0767482, 57.05838896], [15.07712209, 57.05866447], [15.07722449, 57.05874335], [15.07756552, 57.05903118], [15.07787231, 57.05933026], [15.07814365, 57.05963923], [15.07822243, 57.05973565], [15.07832374, 57.05987282], [15.07845709, 57.06005336], [15.07856896, 57.06023669], [15.07876611, 57.06056188], [15.07892493, 57.0608932], [15.07896771, 57.0609961], [15.07908766, 57.0613323], [15.07916806, 57.06167184], [15.07920876, 57.06201356], [15.07921345, 57.06211029], [15.07921418, 57.06245267], [15.07917493, 57.06279444], [15.07909598, 57.06313409], [15.079066, 57.06322931], [15.07894746, 57.06356565], [15.07879003, 57.06389717], [15.07859424, 57.06422261], [15.07853066, 57.06431291], [15.07829718, 57.06463092], [15.07802724, 57.06494023], [15.07772165, 57.06523969], [15.07762691, 57.06532148], [15.07728702, 57.06560973], [15.0769142, 57.06588569], [15.07650993, 57.0661482], [15.07638769, 57.06621833], [15.0759536, 57.0664664], [15.07588038, 57.06650327], [15.07576858, 57.06668907], [15.0755352, 57.06700707], [15.07551648, 57.06703151], [15.0752465, 57.06734082], [15.0752237, 57.06736418], [15.07491807, 57.06766363], [15.07457814, 57.06795188], [15.07455126, 57.06797399], [15.07417839, 57.06824994], [15.07414769, 57.06827035], [15.07374338, 57.06853285], [15.07330925, 57.0687809], [15.07327488, 57.0687997], [15.07281256, 57.06903232], [15.07277506, 57.06904914], [15.07228673, 57.06926534], [15.07177402, 57.06946421], [15.07173366, 57.06947896], [15.07119873, 57.0696598], [15.07115592, 57.06967231], [15.07060111, 57.06983429], [15.07002843, 57.06997688], [15.06998357, 57.06998705], [15.06963488, 57.07005964], [15.0696563, 57.07023953], [15.06965694, 57.0705819], [15.06965631, 57.07060849], [15.06961697, 57.07095026], [15.06961144, 57.07097667], [15.06953238, 57.07131631], [15.06941374, 57.07165264], [15.06940359, 57.0716786], [15.06924604, 57.07201011], [15.06923112, 57.07203545], [15.06903521, 57.07236087], [15.06880173, 57.07267885], [15.06878219, 57.07270329], [15.06851212, 57.07301259], [15.06820638, 57.07331202], [15.06818262, 57.0733352], [15.06784259, 57.07362343], [15.06781475, 57.07364527], [15.06744177, 57.0739212], [15.06703735, 57.07418368], [15.06700583, 57.074204], [15.06657158, 57.07445203], [15.06653639, 57.07447046], [15.06607396, 57.07470306], [15.06558552, 57.07491923], [15.06554719, 57.07493569], [15.06503436, 57.07513454], [15.06499331, 57.07514884], [15.06445828, 57.07532964], [15.06390335, 57.07549159], [15.06385984, 57.07550365], [15.06328706, 57.07564621], [15.0632339, 57.07565755], [15.06264556, 57.07578009], [15.06172026, 57.0759485], [15.06111896, 57.07605047], [15.06106471, 57.07605876], [15.06045263, 57.07613971], [15.06040503, 57.07614431], [15.05978462, 57.07620407], [15.05915859, 57.07624236], [15.05911045, 57.07624436], [15.05848126, 57.07626091], [15.05785135, 57.07625581]]]}, "properties": {"deso": "0780A0060", "pop": 1960.0, "income": 352.4, "male_frac": 0.5135, "child_frac": 0.1903, "elder_frac": 0.2423, "dependency": 0.7626, "needZ": 0.049, "needZ_v1": 0.3035, "regso": "0780R020", "higher_ed": 66.7, "neet": 8.7, "income_support": 0.1}}, {"type": "Feature", "geometry": {"type": "Polygon", "coordinates": [[[14.59163105, 57.18042598], [14.59291427, 57.18026839], [14.59577663, 57.17788191], [14.59867016, 57.17813558], [14.59925554, 57.17920751], [14.60006034, 57.18025004], [14.60052016, 57.18090688], [14.60067224, 57.18083165], [14.60070735, 57.18081353], [14.60114608, 57.18056713], [14.60117767, 57.1805472], [14.60158655, 57.18028624], [14.60196405, 57.18001171], [14.60199197, 57.17999024], [14.6023366, 57.1797032], [14.60236044, 57.17968038], [14.60267081, 57.17938219], [14.60294555, 57.17907391], [14.60296531, 57.17904991], [14.60320358, 57.17873271], [14.60340415, 57.17840804], [14.60342206, 57.1783789], [14.60386916, 57.177511], [14.60423826, 57.17679436], [14.60440041, 57.17646345], [14.60441301, 57.17643323], [14.60453621, 57.17609744], [14.60461975, 57.17575802], [14.6046259, 57.17573163], [14.60466964, 57.17539003], [14.60467088, 57.17536353], [14.60467453, 57.17502117], [14.60463809, 57.17467931], [14.60463455, 57.1746528], [14.60460487, 57.17452032], [14.60476195, 57.17434397], [14.60500018, 57.17402678], [14.60506592, 57.17393699], [14.60526644, 57.17361231], [14.60542857, 57.1732814], [14.60555175, 57.17294561], [14.60558399, 57.1728506], [14.60566752, 57.17251118], [14.60571125, 57.17216957], [14.60571489, 57.17182721], [14.60571238, 57.17173065], [14.60567592, 57.17138879], [14.60559963, 57.17104887], [14.60548362, 57.17071233], [14.60544645, 57.17061782], [14.60529139, 57.17028591], [14.60509782, 57.16995999], [14.60486641, 57.16964132], [14.60479604, 57.16955254], [14.60452799, 57.16924255], [14.60422411, 57.16894242], [14.60388576, 57.16865323], [14.60378489, 57.1685736], [14.60341342, 57.1682967], [14.60301031, 57.16803316], [14.60264685, 57.16782409], [14.60264738, 57.16777496], [14.60261096, 57.1674331], [14.60257179, 57.16725847], [14.60284127, 57.16699939], [14.60311591, 57.16669112], [14.60312958, 57.16667536], [14.60336777, 57.16635816], [14.60356827, 57.16603349], [14.60373038, 57.16570258], [14.60374211, 57.16567711], [14.60386527, 57.16534132], [14.60387095, 57.16532032], [14.60395448, 57.1649809], [14.60399822, 57.1646393], [14.60400054, 57.16461299], [14.6040042, 57.16427062], [14.60396777, 57.16392876], [14.60389151, 57.16358884], [14.60388679, 57.16357167], [14.60377082, 57.16323513], [14.60366392, 57.1630063], [14.60368289, 57.16297951], [14.60388336, 57.16265483], [14.6039349, 57.16255305], [14.60409699, 57.16222214], [14.60422014, 57.16188635], [14.60430366, 57.16154694], [14.60431655, 57.16145052], [14.60436028, 57.16110891], [14.60436393, 57.16076654], [14.6043275, 57.16042468], [14.60425125, 57.16008476], [14.60422923, 57.15998886], [14.60411327, 57.15965231], [14.60395827, 57.15932041], [14.60376477, 57.15899449], [14.60370877, 57.1589027], [14.60347743, 57.15858402], [14.60320947, 57.15827403], [14.6029057, 57.15797389], [14.60281772, 57.15788982], [14.60247948, 57.15760062], [14.60210813, 57.15732371], [14.60170515, 57.15706017], [14.60158884, 57.15698696], [14.60157164, 57.15697712], [14.6015669, 57.15697396], [14.60145648, 57.15691047], [14.60136957, 57.15685505], [14.60093645, 57.15660587], [14.60047524, 57.15637205], [14.60002213, 57.15617005], [14.59989869, 57.15606439], [14.59952737, 57.15578747], [14.59949787, 57.1557669], [14.59909493, 57.15550336], [14.59866185, 57.15525417], [14.59862879, 57.1552352], [14.59816761, 57.15500138], [14.5981314, 57.15498428], [14.59764374, 57.15476681], [14.59713163, 57.15456658], [14.59709254, 57.15455146], [14.59655816, 57.15436921], [14.59651645, 57.15435623], [14.5959617, 57.15419269], [14.59538902, 57.15404867], [14.59533805, 57.15403611], [14.59491078, 57.15394438], [14.59444993, 57.15384553], [14.59405925, 57.15376155], [14.59373712, 57.15366656], [14.59316446, 57.15352252], [14.59257618, 57.15339838], [14.59253076, 57.15338925], [14.59192904, 57.15328562], [14.59190549, 57.15328222], [14.59167685, 57.15325139], [14.59144187, 57.15320176], [14.59138827, 57.15319189], [14.59078656, 57.15308826], [14.59017399, 57.15300552], [14.59012662, 57.15299952], [14.58950564, 57.15293804], [14.58945756, 57.15293455], [14.58883048, 57.1528946], [14.58820016, 57.15287619], [14.58815165, 57.15287531], [14.58752041, 57.15287871], [14.58747187, 57.15288044], [14.58684229, 57.15290549], [14.58621697, 57.15295211], [14.58616908, 57.15295636], [14.58555034, 57.15302446], [14.58550351, 57.15303131], [14.58489407, 57.15312055], [14.58429625, 57.15323057], [14.58425075, 57.15323985], [14.58366701, 57.15337021], [14.58309967, 57.15352039], [14.58305606, 57.15353201], [14.58293569, 57.15356915], [14.58251529, 57.15364652], [14.58246939, 57.15365499], [14.58188564, 57.15378534], [14.58184135, 57.15379615], [14.581274, 57.15394632], [14.58072537, 57.15411568], [14.58067626, 57.15413096], [14.58064014, 57.1541435], [14.58011242, 57.15433143], [14.58006368, 57.15435048], [14.57955892, 57.15455618], [14.57907933, 57.15477875], [14.57904081, 57.1547973], [14.57858815, 57.15503604], [14.57855343, 57.15505658], [14.57812962, 57.15531041], [14.57773632, 57.15557827], [14.57770567, 57.15560071], [14.57734438, 57.15588151], [14.57701675, 57.15617419], [14.57698631, 57.15620229], [14.57669359, 57.1565056], [14.57654736, 57.15665752], [14.57651945, 57.15669057], [14.57635384, 57.15689246], [14.57605835, 57.15672233], [14.57559728, 57.15648842], [14.57510973, 57.15627086], [14.57496631, 57.1562137], [14.5744543, 57.15601338], [14.57392001, 57.15583104], [14.57336534, 57.1556674], [14.57320401, 57.15562661], [14.5726314, 57.15548249], [14.57204316, 57.15535824], [14.57144147, 57.15525452], [14.5708289, 57.15517168], [14.57065619, 57.15514873], [14.57003507, 57.15508714], [14.56940811, 57.15504709], [14.56877776, 57.15502858], [14.56859993, 57.15502437], [14.56796865, 57.15502768], [14.56733903, 57.15505264], [14.56671365, 57.15509916], [14.56652168, 57.15511529], [14.56590299, 57.1551833], [14.56576168, 57.15520293], [14.56515216, 57.15529207], [14.56455424, 57.155402], [14.56437185, 57.15543819], [14.563788, 57.15556846], [14.56322055, 57.15571854], [14.56267181, 57.15588782], [14.56251964, 57.15593794], [14.56240561, 57.1559785], [14.56231773, 57.15599813], [14.56175026, 57.15614821], [14.56170555, 57.15616009], [14.5611568, 57.15632936], [14.56111437, 57.15634358], [14.56058653, 57.15653143], [14.56008163, 57.15673704], [14.56004204, 57.15675352], [14.5595623, 57.15697602], [14.55951992, 57.15699769], [14.55906711, 57.15723627], [14.55881486, 57.15737891], [14.55864555, 57.15744783], [14.5586076, 57.15746404], [14.55812784, 57.15768653], [14.55809286, 57.15770473], [14.55764003, 57.1579433], [14.55721604, 57.15819706], [14.55718445, 57.15821698], [14.55679097, 57.15848468], [14.55676331, 57.15850623], [14.55665543, 57.15859], [14.55620405, 57.1589218], [14.55584257, 57.15920254], [14.55581159, 57.15922785], [14.55548377, 57.15952048], [14.55546114, 57.15954348], [14.55516822, 57.15984674], [14.5549113, 57.16015955], [14.55489288, 57.16018355], [14.55467308, 57.16050449], [14.55465901, 57.16052941], [14.55447716, 57.16085731], [14.55433396, 57.16119083], [14.55432438, 57.16121639], [14.55422066, 57.16155409], [14.55421558, 57.16157994], [14.55415136, 57.16192065], [14.5541272, 57.16226276], [14.55412689, 57.1622888], [14.55414281, 57.16263115], [14.55414699, 57.16265703], [14.55420301, 57.16299817], [14.55423753, 57.16312062], [14.55420534, 57.16329178], [14.55418119, 57.16363389], [14.55418074, 57.16365985], [14.55419666, 57.1640021], [14.55420071, 57.16402807], [14.55425673, 57.16436921], [14.55435233, 57.16470761], [14.55436102, 57.16473315], [14.5544962, 57.16506765], [14.5545094, 57.16509267], [14.55468337, 57.16542183], [14.55489547, 57.1657443], [14.55491318, 57.16576853], [14.5551626, 57.16608314], [14.55544826, 57.16638844], [14.55547008, 57.1664116], [14.55579092, 57.16670652], [14.5558167, 57.16672844], [14.5561715, 57.16701171], [14.55655863, 57.16728226], [14.55658825, 57.16730275], [14.55700624, 57.16755948], [14.55703942, 57.16757828], [14.55748663, 57.16782003], [14.55796118, 57.16804588], [14.55800349, 57.1680657], [14.55819017, 57.16814485], [14.55827979, 57.1681987], [14.55872703, 57.16844044], [14.55920159, 57.16866628], [14.55970172, 57.16887542], [14.55985765, 57.1689383], [14.55995947, 57.16897557], [14.55993685, 57.16929595], [14.55993491, 57.16935603], [14.55993381, 57.1693915], [14.55992936, 57.16953618], [14.55994534, 57.16987843], [14.55994728, 57.16991041], [14.56000336, 57.17025155], [14.56001027, 57.17027861], [14.56010593, 57.17061701], [14.56024119, 57.17095151], [14.56025301, 57.17097813], [14.56042706, 57.17130729], [14.5604438, 57.17133312], [14.5604797, 57.17138776], [14.56037003, 57.1715856], [14.56035462, 57.17161986], [14.56021143, 57.17195338], [14.56018685, 57.1720247], [14.56010506, 57.17226305], [14.56003528, 57.17246615], [14.56001536, 57.17252428], [14.5598558, 57.17281202], [14.55984152, 57.1728426], [14.55969832, 57.17317612], [14.55959461, 57.17351382], [14.55958721, 57.17354047], [14.55952301, 57.17388118], [14.55952051, 57.17390812], [14.55949639, 57.17425023], [14.55951237, 57.17459248], [14.55951491, 57.17461944], [14.559571, 57.17496057], [14.55957846, 57.17498718], [14.55967413, 57.17532558], [14.5598094, 57.17566008], [14.55982163, 57.17568626], [14.55999571, 57.17601541], [14.56020791, 57.17633787], [14.56022507, 57.17636317], [14.5604746, 57.17667777], [14.56049627, 57.1767021], [14.56078206, 57.17700739], [14.56110304, 57.1773023], [14.56112909, 57.1773252], [14.56148403, 57.17760846], [14.56151406, 57.17762994], [14.56190134, 57.17790047], [14.56231949, 57.1781571], [14.56235349, 57.17817688], [14.56280087, 57.17841861], [14.56327558, 57.17864444], [14.56331302, 57.17866217], [14.5638133, 57.17887129], [14.56385377, 57.17888697], [14.56437745, 57.17907848], [14.5649225, 57.17925156], [14.56496559, 57.17926491], [14.56552983, 57.17941892], [14.56557525, 57.17942986], [14.56615637, 57.17956416], [14.56675205, 57.17967822], [14.56680718, 57.17968802], [14.56741497, 57.17978137], [14.56776749, 57.17983378], [14.56805505, 57.17987797], [14.56810285, 57.1798846], [14.56872044, 57.17995687], [14.56876909, 57.17996099], [14.56939389, 57.18001181], [14.57002331, 57.18004109], [14.57007267, 57.18004252], [14.57070425, 57.18005016], [14.5713354, 57.18003597], [14.57139297, 57.18003455], [14.57165516, 57.1800209], [14.57228355, 57.17998514], [14.57237217, 57.17997717], [14.57299508, 57.17991984], [14.57360992, 57.17984118], [14.57393203, 57.17979988], [14.57393367, 57.17979962], [14.57395471, 57.17979664], [14.57396318, 57.17979532], [14.57456762, 57.1796957], [14.57459057, 57.17969182], [14.57459973, 57.17969006], [14.57461887, 57.17968626], [14.57462092, 57.17968591], [14.57484623, 57.17964015], [14.57501411, 57.17963057], [14.57563688, 57.17957322], [14.57581155, 57.1795545], [14.57642638, 57.17947583], [14.5770308, 57.1793762], [14.57762223, 57.17925595], [14.57765217, 57.17924931], [14.5776706, 57.17927246], [14.57769024, 57.17929642], [14.57797619, 57.17960167], [14.5779998, 57.17962456], [14.57832093, 57.17991943], [14.57867603, 57.18020264], [14.57870389, 57.1802242], [14.57909133, 57.18049467], [14.57912274, 57.18051463], [14.57954104, 57.18077119], [14.57998856, 57.18101295], [14.58002341, 57.18103112], [14.58049826, 57.18125688], [14.58053627, 57.18127309], [14.58103669, 57.18148214], [14.58133582, 57.18159145], [14.5815449, 57.18169086], [14.58176687, 57.1817842], [14.5822673, 57.18199325], [14.58279113, 57.18218468], [14.58295555, 57.18224073], [14.58306401, 57.18227513], [14.58338571, 57.18239269], [14.5834266, 57.18240701], [14.58397179, 57.18258001], [14.58401517, 57.18259201], [14.58457954, 57.18274593], [14.58516078, 57.18288015], [14.5852061, 57.18288982], [14.58580189, 57.18300379], [14.58640978, 57.18309705], [14.58645649, 57.1831042], [14.58707417, 57.18317638], [14.58712991, 57.18318187], [14.58775479, 57.1832326], [14.5883672, 57.18327565], [14.59163105, 57.18042598]]]}, "properties": {"deso": "0780B4010", "pop": 1580.0, "income": 283.2, "male_frac": 0.5047, "child_frac": 0.1709, "elder_frac": 0.2576, "dependency": 0.7497, "needZ": 1.0874, "needZ_v1": 0.8891, "regso": "0780R010", "higher_ed": null, "neet": 20.6, "income_support": 2.9}}, {"type": "Feature", "geometry": {"type": "Polygon", "coordinates": [[[14.75057592, 57.22812694], [14.75277375, 57.22773117], [14.75356936, 57.22778365], [14.75385931, 57.22780434], [14.75416694, 57.22779381], [14.75444273, 57.2277471], [14.7547182, 57.22770498], [14.75519851, 57.22750339], [14.7556943, 57.22733335], [14.7563515, 57.22706168], [14.75653697, 57.22697833], [14.75677211, 57.22692247], [14.75706241, 57.22692986], [14.75770577, 57.22710031], [14.75808015, 57.22724141], [14.7595578, 57.22752528], [14.76015299, 57.22752435], [14.76099143, 57.22739688], [14.7619515, 57.22748708], [14.76211756, 57.22748866], [14.76248508, 57.22742495], [14.76272803, 57.22736443], [14.76337991, 57.22699859], [14.76364936, 57.22689357], [14.76394352, 57.22678886], [14.76436002, 57.22675246], [14.7649287, 57.22670996], [14.76512615, 57.22669246], [14.7656672, 57.22665728], [14.76583423, 57.22663433], [14.76633734, 57.22659296], [14.76714403, 57.22648973], [14.76721184, 57.22647926], [14.76856544, 57.22647], [14.76928168, 57.22637135], [14.7700087, 57.22616513], [14.77049973, 57.22610989], [14.77180929, 57.22584454], [14.77232684, 57.22571777], [14.77268661, 57.22559888], [14.7728961, 57.22551043], [14.77367018, 57.22494896], [14.77384247, 57.22439925], [14.77420404, 57.2245631], [14.77648147, 57.22520116], [14.77749708, 57.22545435], [14.77867573, 57.22509844], [14.77987428, 57.22472243], [14.78083131, 57.22486071], [14.78307374, 57.22482993], [14.78335468, 57.22489455], [14.78398112, 57.2251004], [14.78634295, 57.22492221], [14.78705893, 57.22483253], [14.78859031, 57.22479219], [14.78922055, 57.2250793], [14.7896053, 57.2249516], [14.78967034, 57.22463341], [14.78995663, 57.22457533], [14.78997058, 57.22457248], [14.79005806, 57.2243666], [14.79016795, 57.22427759], [14.79033494, 57.22423377], [14.79062389, 57.22423551], [14.79838067, 57.22271832], [14.81073854, 57.22024521], [14.81205339, 57.21964589], [14.81435682, 57.21854523], [14.81766127, 57.21704327], [14.82082002, 57.21535087], [14.82162444, 57.21492675], [14.82439245, 57.21359342], [14.82472571, 57.21315873], [14.82533056, 57.21282646], [14.82568448, 57.2125823], [14.8258383, 57.21200986], [14.82595814, 57.21184037], [14.82626932, 57.21165416], [14.82666404, 57.21143709], [14.82685821, 57.21116468], [14.82722176, 57.21060735], [14.82818978, 57.21022095], [14.82841936, 57.21010855], [14.82890103, 57.20971277], [14.82932034, 57.20951377], [14.82947159, 57.20942515], [14.82985897, 57.20916324], [14.83001138, 57.20902972], [14.83016329, 57.20891424], [14.83047961, 57.20849057], [14.83073351, 57.20804059], [14.83103997, 57.20753086], [14.83430589, 57.20804355], [14.83459925, 57.20715389], [14.8360955, 57.20248158], [14.83657036, 57.20200951], [14.8409771, 57.20306643], [14.84370434, 57.20125041], [14.84467971, 57.2010278], [14.84512982, 57.20092741], [14.84531263, 57.20091066], [14.84682327, 57.200485], [14.84885226, 57.1998743], [14.84972852, 57.20001393], [14.85053833, 57.20015312], [14.85079459, 57.20019492], [14.85139861, 57.20026569], [14.85166337, 57.2002987], [14.85243351, 57.2003614], [14.85318735, 57.2004062], [14.85392519, 57.20042394], [14.85419977, 57.20038977], [14.85479034, 57.2003081], [14.85634649, 57.20007529], [14.85768634, 57.19987258], [14.8578951, 57.19981103], [14.86015066, 57.19906254], [14.86043425, 57.19898804], [14.86115055, 57.19884881], [14.86211509, 57.19874246], [14.86369496, 57.1985589], [14.86502507, 57.19841879], [14.86527401, 57.19841124], [14.86683521, 57.19832614], [14.86735805, 57.19831574], [14.86764096, 57.19827257], [14.86812726, 57.19802448], [14.86979556, 57.19836562], [14.87062613, 57.19831663], [14.87132883, 57.19802941], [14.87143483, 57.19772532], [14.87136541, 57.19747844], [14.87214373, 57.19714235], [14.87253098, 57.19687123], [14.87296069, 57.19655561], [14.87396974, 57.19589371], [14.87434913, 57.19560013], [14.8749823, 57.1950705], [14.87515885, 57.194955], [14.87523576, 57.19484784], [14.87574089, 57.19448774], [14.87593291, 57.19403185], [14.87635028, 57.19350991], [14.87673186, 57.19270995], [14.87683619, 57.19247752], [14.87693431, 57.19214648], [14.8772834, 57.19171382], [14.87733349, 57.19129741], [14.87770658, 57.19090519], [14.87853565, 57.18892919], [14.87930393, 57.18707842], [14.88136564, 57.18522572], [14.88423575, 57.18281968], [14.88779983, 57.1797149], [14.89103233, 57.17687855], [14.89056525, 57.17668001], [14.89056867, 57.17667498], [14.88996273, 57.17629948], [14.88917219, 57.17568158], [14.88916343, 57.17564556], [14.88900166, 57.17542672], [14.88893691, 57.17527712], [14.88887554, 57.17523342], [14.88869959, 57.17514919], [14.8885596, 57.17507964], [14.88849465, 57.17504492], [14.88843419, 57.17496897], [14.88831798, 57.17488166], [14.88812971, 57.17476859], [14.88796654, 57.17469884], [14.88757625, 57.17428759], [14.88748133, 57.17415378], [14.88725462, 57.1739003], [14.88725548, 57.17366319], [14.88723038, 57.17330732], [14.88718913, 57.17315065], [14.88693135, 57.17293818], [14.88661106, 57.17261016], [14.88644272, 57.17249721], [14.88621241, 57.17235689], [14.88592335, 57.17167736], [14.88418535, 57.16735768], [14.88600713, 57.16727528], [14.89222263, 57.16392612], [14.8901675, 57.16170179], [14.89032148, 57.16117597], [14.89032464, 57.16070634], [14.89041458, 57.16058139], [14.89061437, 57.16032632], [14.89081997, 57.15999409], [14.89110612, 57.15962134], [14.89131635, 57.15924421], [14.89134437, 57.15898405], [14.89141887, 57.15882307], [14.89173378, 57.15858525], [14.89176818, 57.15833586], [14.89182859, 57.15809566], [14.89188437, 57.15790045], [14.89191145, 57.15777492], [14.89180235, 57.15746496], [14.89205628, 57.15737932], [14.89267433, 57.15549707], [14.89296954, 57.1549411], [14.89302392, 57.15447276], [14.89297683, 57.1530303], [14.89580524, 57.14965907], [14.89593959, 57.14952365], [14.8962059, 57.14893873], [14.89624029, 57.14857977], [14.89628458, 57.14843467], [14.89622965, 57.14829047], [14.89606461, 57.14775738], [14.89630898, 57.14692248], [14.89637125, 57.14672907], [14.8965938, 57.14648326], [14.89670982, 57.14626878], [14.89686332, 57.14590408], [14.89694243, 57.1455871], [14.89723225, 57.14520257], [14.89746813, 57.14476169], [14.89763897, 57.14437922], [14.89788268, 57.14391148], [14.89810674, 57.14359983], [14.89827748, 57.14330008], [14.89850461, 57.14315907], [14.8986832, 57.14282888], [14.89887667, 57.14253839], [14.89906691, 57.14232865], [14.89989664, 57.14190755], [14.90058088, 57.14156904], [14.90067629, 57.14125396], [14.90069846, 57.14070808], [14.90257357, 57.13910663], [14.90237906, 57.13794589], [14.90206904, 57.13601338], [14.90218478, 57.13587883], [14.90232058, 57.13568135], [14.90244956, 57.13554143], [14.90253885, 57.13546596], [14.90268091, 57.13537626], [14.9028461, 57.13529376], [14.90328887, 57.13513594], [14.90367523, 57.13503016], [14.90413103, 57.13488348], [14.90491999, 57.13497318], [14.90540834, 57.13509911], [14.90676537, 57.1350942], [14.90755337, 57.13502652], [14.91236962, 57.13392194], [14.91229848, 57.13393823], [14.9122982, 57.1339376], [14.91228574, 57.13390993], [14.91224991, 57.1336789], [14.91144099, 57.13202449], [14.91261738, 57.12902478], [14.91278387, 57.12877557], [14.91303425, 57.12829964], [14.91325597, 57.12796217], [14.91326602, 57.12785809], [14.91327939, 57.12773244], [14.91337515, 57.12766964], [14.91351063, 57.12757444], [14.91356355, 57.12754394], [14.91409401, 57.12703595], [14.91423273, 57.1267164], [14.91432426, 57.12647953], [14.91444957, 57.12647602], [14.914542, 57.12649935], [14.91456813, 57.12650646], [14.91472684, 57.12654968], [14.9148258, 57.12657489], [14.91496112, 57.12660723], [14.91494452, 57.12660003], [14.91507338, 57.12659105], [14.91551462, 57.12649408], [14.91623879, 57.12632122], [14.9162392, 57.12632086], [14.91657329, 57.1260211], [14.91638214, 57.12580596], [14.91615862, 57.12557301], [14.91633618, 57.12498691], [14.91579289, 57.124449], [14.91530863, 57.12413324], [14.91531123, 57.12406687], [14.91525516, 57.12398968], [14.91519917, 57.12393755], [14.91511672, 57.12389987], [14.91514987, 57.12381546], [14.9151928, 57.12374373], [14.91522478, 57.12369381], [14.91524583, 57.12366114], [14.91522281, 57.12360184], [14.91509437, 57.12343129], [14.91510107, 57.12335944], [14.91512088, 57.12327143], [14.91521353, 57.12313327], [14.91522565, 57.12307858], [14.91523349, 57.12304347], [14.91536563, 57.12290893], [14.91537476, 57.12290211], [14.91551105, 57.12280125], [14.91560356, 57.12272407], [14.91570927, 57.12265049], [14.91576212, 57.12258766], [14.91577187, 57.12242932], [14.9157723, 57.12242249], [14.91577568, 57.12231113], [14.9164199, 57.12149837], [14.91614697, 57.12114782], [14.91607116, 57.12106703], [14.91593601, 57.12097362], [14.91592969, 57.12081563], [14.91595287, 57.12074568], [14.91596153, 57.12070626], [14.91596277, 57.12070078], [14.91607508, 57.12065775], [14.91619007, 57.12063276], [14.9162071, 57.120629], [14.91627002, 57.12044591], [14.91634949, 57.12029328], [14.91641243, 57.12015869], [14.91653796, 57.12005099], [14.91662231, 57.12002518], [14.91669644, 57.1200026], [14.91671042, 57.11996228], [14.91673948, 57.11987868], [14.91676599, 57.11983918], [14.91694084, 57.11977822], [14.91703382, 57.11973149], [14.9171621, 57.119667], [14.9172189, 57.11959941], [14.91724812, 57.11956467], [14.91730097, 57.11949644], [14.91727804, 57.11939772], [14.91722544, 57.11923072], [14.91718932, 57.1191266], [14.91735922, 57.11908576], [14.91744356, 57.11906561], [14.9176845, 57.11897766], [14.91800805, 57.11885572], [14.91809079, 57.1186959], [14.9181174, 57.11860925], [14.91813715, 57.11854513], [14.91814935, 57.11850778], [14.91815703, 57.11848407], [14.91804162, 57.11839068], [14.91802503, 57.11838232], [14.91786031, 57.11829913], [14.91773504, 57.11823267], [14.91775403, 57.11771616], [14.91727108, 57.11739224], [14.9167802, 57.11738877], [14.91610271, 57.11699233], [14.91578093, 57.11675868], [14.91555958, 57.11643673], [14.91557928, 57.11561799], [14.915421, 57.11540322], [14.91546481, 57.1149407], [14.91546213, 57.11492067], [14.91545289, 57.11485133], [14.91545018, 57.11484899], [14.91540017, 57.11480639], [14.91530458, 57.11474713], [14.91525849, 57.11465738], [14.91522556, 57.11459269], [14.91515967, 57.11452627], [14.91515307, 57.11449393], [14.91529194, 57.11444175], [14.91532478, 57.11442938], [14.91523381, 57.11437615], [14.91479067, 57.11411682], [14.91444403, 57.1138184], [14.91421721, 57.11363188], [14.914036, 57.11351158], [14.91386458, 57.1133948], [14.91378164, 57.11334741], [14.91372616, 57.11331575], [14.91354138, 57.11332649], [14.91352, 57.11332819], [14.9132377, 57.11335152], [14.91301005, 57.11340714], [14.9127891, 57.11328313], [14.91276964, 57.11327593], [14.91265714, 57.11323463], [14.91264269, 57.11324315], [14.91248426, 57.11333636], [14.91233687, 57.11342302], [14.91211264, 57.11336008], [14.91187837, 57.11328106], [14.91170031, 57.11321456], [14.91138035, 57.11321263], [14.91110975, 57.11318387], [14.91096018, 57.11315997], [14.91086219, 57.11314436], [14.91083932, 57.11314066], [14.9105465, 57.11306519], [14.91047643, 57.11304717], [14.91011703, 57.11297165], [14.90987952, 57.11288544], [14.90965545, 57.11270583], [14.90957297, 57.11263598], [14.90943466, 57.11251903], [14.90922717, 57.11229273], [14.90909876, 57.11213465], [14.90897037, 57.11196948], [14.90868135, 57.11129637], [14.90836451, 57.11086683], [14.9083426, 57.11042169], [14.90848723, 57.10985308], [14.90866556, 57.10924912], [14.90907046, 57.10873567], [14.90907074, 57.10873558], [14.90969738, 57.1085088], [14.91010428, 57.10840069], [14.9102033, 57.10832352], [14.9103917, 57.10815839], [14.91043564, 57.10805792], [14.91045453, 57.10801473], [14.91048449, 57.1078406], [14.91042861, 57.10769695], [14.91040574, 57.10758745], [14.91094366, 57.10744583], [14.91129018, 57.10735977], [14.91160709, 57.10724673], [14.91190872, 57.10715039], [14.91198337, 57.10712656], [14.91200332, 57.10709442], [14.91203899, 57.10703705], [14.91206605, 57.10699369], [14.91214089, 57.10683135], [14.91215198, 57.10680702], [14.91226105, 57.10667956], [14.91228122, 57.10666736], [14.91239642, 57.10659703], [14.91251201, 57.10653244], [14.91265724, 57.10647865], [14.91281565, 57.10644095], [14.91298402, 57.10639077], [14.91302162, 57.10637705], [14.91309751, 57.10634926], [14.91318539, 57.10631726], [14.91331083, 57.10617185], [14.91342658, 57.1060372], [14.91351572, 57.10592949], [14.91359651, 57.1058426], [14.91368098, 57.10575186], [14.9138395, 57.10560467], [14.91396514, 57.10548979], [14.91413685, 57.10534441], [14.91419625, 57.1052673], [14.91429551, 57.10513444], [14.9144177, 57.10498004], [14.91456975, 57.10474312], [14.91462206, 57.10466736], [14.91467887, 57.10458512], [14.91471868, 57.10450081], [14.91477819, 57.10437152], [14.91490374, 57.10423329], [14.91508564, 57.10403232], [14.91519113, 57.10391563], [14.91526723, 57.10379353], [14.91534656, 57.1036841], [14.91537628, 57.10360329], [14.91537818, 57.1035476], [14.91537979, 57.1034974], [14.91535018, 57.10346891], [14.91525456, 57.10337705], [14.9151689, 57.10327829], [14.91509992, 57.1031472], [14.91503069, 57.10306282], [14.91509701, 57.10287245], [14.91514004, 57.10274144], [14.91516667, 57.10258527], [14.91513714, 57.10240571], [14.91510109, 57.10227644], [14.91510114, 57.1021974], [14.91513684, 57.10212019], [14.91526983, 57.10187616], [14.91531962, 57.10170734], [14.91538554, 57.10156916], [14.9153891, 57.10156198], [14.91570578, 57.10152079], [14.91614451, 57.10144186], [14.91671136, 57.10127896], [14.91874474, 57.10069434], [14.92293838, 57.09948852], [14.92324204, 57.09934851], [14.92395135, 57.09917631], [14.92402008, 57.09911043], [14.9240569, 57.09907498], [14.92427795, 57.09886288], [14.92502113, 57.09814965], [14.92693271, 57.09761889], [14.92702258, 57.09759398], [14.92705009, 57.09758627], [14.9269712, 57.097493], [14.92671743, 57.09719304], [14.92676781, 57.09635456], [14.92661998, 57.09588779], [14.92657104, 57.09538148], [14.92679934, 57.09465078], [14.92653574, 57.09451429], [14.926394, 57.09448196], [14.92609713, 57.09451601], [14.92593887, 57.094516], [14.92572115, 57.09450698], [14.92537819, 57.09445657], [14.92522326, 57.09442064], [14.92501559, 57.09435415], [14.92486717, 57.09433439], [14.92458038, 57.09429847], [14.9245012, 57.09428764], [14.92442212, 57.09422481], [14.92416845, 57.09403084], [14.92399386, 57.0938961], [14.92395706, 57.09386114], [14.92394103, 57.09384586], [14.92379775, 57.0938376], [14.9234399, 57.093817], [14.92309032, 57.09380978], [14.92285615, 57.09380074], [14.92283672, 57.09352248], [14.92283041, 57.09328725], [14.92283696, 57.09327827], [14.92288314, 57.09325136], [14.92295877, 57.09313734], [14.92297856, 57.09310735], [14.92303411, 57.09302565], [14.92307069, 57.09297493], [14.9231003, 57.09293408], [14.92310046, 57.09285505], [14.92310053, 57.09282541], [14.92310076, 57.09271134], [14.92322634, 57.09265573], [14.92352023, 57.09254275], [14.92352922, 57.09253889], [14.92380419, 57.09242257], [14.92420053, 57.09224677], [14.92447806, 57.09208168], [14.92460679, 57.09201349], [14.92485783, 57.0918844], [14.92500662, 57.09172282], [14.92509921, 57.09162588], [14.92513571, 57.09154147], [14.92528834, 57.09115545], [14.92535462, 57.09101358], [14.92536042, 57.09090526], [14.92537455, 57.09064526], [14.92538541, 57.09045144], [14.92543558, 57.09013353], [14.9254854, 57.08998985], [14.92555832, 57.08985876], [14.9256279, 57.08976845], [14.92564304, 57.0897487], [14.92581957, 57.08951951], [14.92594535, 57.08935252], [14.9261505, 57.08903111], [14.92627635, 57.08883008], [14.92641877, 57.08857509], [14.92649159, 57.08842065], [14.92655782, 57.08830213], [14.92658797, 57.08812082], [14.92659992, 57.08806639], [14.92681178, 57.08681692], [14.92692751, 57.08663385], [14.92713259, 57.08640404], [14.9272053, 57.0863017], [14.92727153, 57.08617779], [14.92727481, 57.08617186], [14.92736424, 57.08600899], [14.92750984, 57.08579001], [14.92762575, 57.0855853], [14.92769039, 57.0855063], [14.92777126, 57.08540755], [14.92794342, 57.08509689], [14.92804008, 57.08492531], [14.92808909, 57.08483839], [14.92809345, 57.08483346], [14.9284859, 57.08436619], [14.92845966, 57.0843527], [14.92846021, 57.08435226], [14.92825593, 57.08424706], [14.92824738, 57.08423915], [14.92815055, 57.0841482], [14.92791353, 57.083884], [14.92737613, 57.08375625], [14.92504622, 57.08430095], [14.92508036, 57.08376576], [14.92407786, 57.08362325], [14.92392631, 57.0835549], [14.92364963, 57.08334106], [14.92356757, 57.08322425], [14.92359754, 57.08306988], [14.9237101, 57.08291358], [14.92364764, 57.08285246], [14.92337784, 57.08253983], [14.92164023, 57.08219934], [14.92118194, 57.08212361], [14.92099395, 57.0821164], [14.9198556, 57.08229522], [14.9191829, 57.08222662], [14.91851342, 57.08218127], [14.91804851, 57.08214864], [14.91744481, 57.08212848], [14.91725046, 57.08210859], [14.91693393, 57.08203123], [14.91632734, 57.08190868], [14.91597122, 57.08183659], [14.91538772, 57.0817339], [14.91550987, 57.0816765], [14.9155304, 57.08138371], [14.91560344, 57.08121132], [14.91564978, 57.08104977], [14.91579221, 57.08087015], [14.91577964, 57.08065287], [14.91580292, 57.08052526], [14.91584951, 57.08031521], [14.91582001, 57.08024693], [14.91580059, 57.08011579], [14.91583385, 57.07996142], [14.91592031, 57.07968664], [14.91595358, 57.07953398], [14.91598388, 57.07936874], [14.91599769, 57.079094], [14.91599132, 57.07896466], [14.91604088, 57.07888386], [14.91610711, 57.07882822], [14.9162889, 57.07868105], [14.91651016, 57.078525], [14.91663565, 57.07843168], [14.91677113, 57.07831142], [14.91679469, 57.07817671], [14.91684764, 57.0780995], [14.91697664, 57.07795409], [14.91706266, 57.07781044], [14.91711582, 57.07757884], [14.91716235, 57.07744774], [14.91725835, 57.07728075], [14.91735132, 57.07700418], [14.91741817, 57.07673127], [14.91747467, 57.07652653], [14.91762662, 57.07633263], [14.91776591, 57.07608133], [14.91797449, 57.07574555], [14.91808052, 57.07552467], [14.91808429, 57.07529484], [14.91800642, 57.07477386], [14.91789656, 57.07451126], [14.91001422, 57.06612569], [14.90997231, 57.06608093], [14.90447718, 57.06021926], [14.90431448, 57.0600457], [14.89878963, 57.05687131], [14.89782292, 57.05563223], [14.89659339, 57.05541324], [14.89657301, 57.05540954], [14.89621971, 57.05530641], [14.89621944, 57.05530668], [14.89621917, 57.05530659], [14.8961847, 57.05533539], [14.89610948, 57.05539811], [14.89588352, 57.05555366], [14.89588325, 57.05555384], [14.89569831, 57.05557587], [14.89551202, 57.05564093], [14.89528152, 57.05576495], [14.89500033, 57.05593186], [14.89477772, 57.05600388], [14.89442309, 57.05608568], [14.89412197, 57.05613384], [14.89371801, 57.05620633], [14.89336445, 57.05624331], [14.89295923, 57.05618728], [14.89288503, 57.05617697], [14.89249839, 57.0560879], [14.89247474, 57.05608833], [14.89232424, 57.05609036], [14.89206648, 57.05609382], [14.89186231, 57.0560887], [14.89168451, 57.05608379], [14.89120727, 57.05606236], [14.89075969, 57.05603763], [14.89046367, 57.05601393], [14.89010806, 57.05600778], [14.88986404, 57.05600954], [14.88947168, 57.05601926], [14.88925403, 57.05602014], [14.88915194, 57.05602059], [14.88874359, 57.05601223], [14.88844074, 57.05599921], [14.88817406, 57.05598829], [14.88800141, 57.05598705], [14.88792692, 57.05598645], [14.88767976, 57.05599009], [14.88758363, 57.05599665], [14.88746506, 57.05600472], [14.887217, 57.0560406], [14.88702245, 57.05604456], [14.88681797, 57.05605209], [14.88637255, 57.05607397], [14.88601339, 57.0560713], [14.88544651, 57.05607258], [14.88518012, 57.05605267], [14.88477581, 57.05601197], [14.88417166, 57.0559304], [14.88372796, 57.05588221], [14.88324795, 57.05583739], [14.88311939, 57.05577997], [14.88303957, 57.05574424], [14.88289623, 57.05567674], [14.88254731, 57.05553415], [14.88240007, 57.0554953], [14.88223904, 57.05547799], [14.88207255, 57.0554632], [14.88201874, 57.05545839], [14.88180511, 57.05543528], [14.88172626, 57.05543557], [14.88163042, 57.05543583], [14.88144208, 57.05545775], [14.88111179, 57.05535837], [14.88095927, 57.05531206], [14.88090576, 57.05529575], [14.88061006, 57.05526314], [14.88054415, 57.05525715], [14.8804588, 57.05524943], [14.88018295, 57.05521684], [14.87976237, 57.05516892], [14.87932922, 57.05509925], [14.8784046, 57.05504214], [14.87840406, 57.05504312], [14.87826636, 57.05529079], [14.87815976, 57.05546242], [14.87816876, 57.05549665], [14.87817186, 57.05562958], [14.87815029, 57.05569763], [14.87807209, 57.05579043], [14.87800383, 57.05587973], [14.87798442, 57.05599279], [14.87792469, 57.05613419], [14.87781281, 57.05638305], [14.87768077, 57.05664069], [14.87768063, 57.0566442], [14.87767269, 57.05682562], [14.87764893, 57.05698169], [14.87761928, 57.05723297], [14.87756761, 57.05744273], [14.87749825, 57.05757514], [14.8773842, 57.0577772], [14.87726767, 57.05794873], [14.8772671, 57.05795753], [14.87717571, 57.05919995], [14.87693256, 57.05930228], [14.87676871, 57.05939095], [14.87633503, 57.05959063], [14.87614789, 57.05968987], [14.87593764, 57.05979071], [14.87581483, 57.05984268], [14.87575438, 57.0598684], [14.87560792, 57.05992115], [14.87534941, 57.05997676], [14.87513142, 57.05999307], [14.87475375, 57.06006751], [14.87458119, 57.06011476], [14.8743958, 57.0601805], [14.87432828, 57.0602045], [14.874161, 57.06030026], [14.87403717, 57.06037297], [14.8739622, 57.06046756], [14.87388462, 57.0605335], [14.87386497, 57.06055378], [14.87372212, 57.06070111], [14.87368286, 57.06081218], [14.87352642, 57.06087561], [14.87336333, 57.06093742], [14.87305673, 57.06105898], [14.87283715, 57.06114005], [14.87271607, 57.0612027], [14.87269005, 57.06121615], [14.87270291, 57.06123359], [14.87284609, 57.06142747], [14.87283834, 57.06142773], [14.87249635, 57.06144103], [14.87234833, 57.06142732], [14.87196988, 57.06140834], [14.87183195, 57.06138754], [14.87153636, 57.06134952], [14.87140152, 57.0613395], [14.87113169, 57.0612847], [14.87103427, 57.06126493], [14.87103353, 57.06128092], [14.87102646, 57.06143908], [14.87096062, 57.06168286], [14.87085905, 57.0620378], [14.87077441, 57.06225264], [14.87064042, 57.06258392], [14.87049607, 57.06280553], [14.87031779, 57.06300671], [14.86977642, 57.06334035], [14.86947023, 57.0635291], [14.86824777, 57.06428254], [14.86791663, 57.06448625], [14.86769764, 57.06462083], [14.86794388, 57.0649315], [14.86799645, 57.06509969], [14.86799658, 57.06510032], [14.86798373, 57.06511952], [14.86769215, 57.06555312], [14.86743064, 57.06594201], [14.86706592, 57.06636672], [14.86663906, 57.06686385], [14.86662458, 57.06688063], [14.86662445, 57.06688072], [14.8662376, 57.06710071], [14.86623706, 57.06710098], [14.86629272, 57.06735244], [14.86656645, 57.06784663], [14.86950433, 57.06768338], [14.87093155, 57.0691608], [14.87258708, 57.0708742], [14.87307048, 57.07137434], [14.87425646, 57.0726017], [14.87720758, 57.07565521], [14.87720786, 57.07565548], [14.87446398, 57.07631255], [14.87226059, 57.07684023], [14.87105949, 57.07712767], [14.86896054, 57.07709594], [14.86895986, 57.07709594], [14.86915137, 57.07833362], [14.86915137, 57.07833398], [14.86754812, 57.07876997], [14.86754744, 57.07877015], [14.86763657, 57.0796401], [14.86698805, 57.0811026], [14.86657987, 57.08146547], [14.86657946, 57.08146592], [14.86448112, 57.08224246], [14.86285711, 57.08267926], [14.85914814, 57.08201923], [14.8591491, 57.08201878], [14.85982301, 57.08170123], [14.86079112, 57.08124488], [14.86079099, 57.0812447], [14.85937733, 57.07810928], [14.85925677, 57.07801411], [14.85679709, 57.07592177], [14.85667833, 57.07582059], [14.85171961, 57.07551071], [14.85164537, 57.07550604], [14.85164344, 57.07544478], [14.85148427, 57.07007191], [14.84629545, 57.06795364], [14.84574794, 57.06773031], [14.84532452, 57.06755734], [14.84321739, 57.06856488], [14.84321712, 57.06856506], [14.84312916, 57.06865423], [14.84310477, 57.06892364], [14.84281435, 57.06920135], [14.84266563, 57.0693472], [14.84266536, 57.06934747], [14.84254231, 57.06940767], [14.84244473, 57.06945533], [14.84215678, 57.06949988], [14.84141248, 57.06960016], [14.84121121, 57.06960045], [14.84107326, 57.06958141], [14.8408685, 57.06947382], [14.8407354, 57.06940099], [14.84062725, 57.06925292], [14.84060377, 57.06914673], [14.84051268, 57.06898261], [14.84044932, 57.06888338], [14.84032928, 57.06881065], [14.84013025, 57.06873549], [14.83997291, 57.06870188], [14.83971655, 57.06867479], [14.83947225, 57.06869091], [14.83931202, 57.06876148], [14.83907182, 57.06886383], [14.83881826, 57.06897685], [14.83865036, 57.06909052], [14.83852356, 57.06916473], [14.83852316, 57.069165], [14.83845415, 57.06927224], [14.83841133, 57.06939227], [14.83834752, 57.069557], [14.8382775, 57.06970914], [14.83819117, 57.06985929], [14.83804252, 57.06998745], [14.83781392, 57.07017199], [14.83781337, 57.07017253], [14.83770393, 57.07025915], [14.83770325, 57.0702596], [14.83769303, 57.07026426], [14.83769207, 57.07026497], [14.83760527, 57.07030384], [14.83744272, 57.07034387], [14.83727759, 57.07035156], [14.83708749, 57.07031413], [14.83699305, 57.07026676], [14.83694252, 57.07018909], [14.83686644, 57.07008077], [14.83675095, 57.06996323], [14.83667051, 57.06988534], [14.83651088, 57.06981589], [14.83637343, 57.06977709], [14.83626464, 57.06977623], [14.83616204, 57.06978983], [14.83604232, 57.06983018], [14.83596169, 57.06988882], [14.83585494, 57.06995065], [14.8358511, 57.06995595], [14.83575725, 57.07032901], [14.83540301, 57.07050799], [14.83519212, 57.07049829], [14.83513841, 57.07049624], [14.83501291, 57.07049131], [14.83498599, 57.0704902], [14.83497158, 57.07048821], [14.8346477, 57.07044278], [14.83443795, 57.07039266], [14.834284, 57.07036093], [14.8342112, 57.07037107], [14.8336692, 57.07041544], [14.83349333, 57.07045149], [14.83341506, 57.07046764], [14.83326478, 57.07049843], [14.83274749, 57.07073162], [14.83246733, 57.0708534], [14.83196099, 57.07103981], [14.83175984, 57.07116034], [14.83156567, 57.07127378], [14.83126551, 57.07151579], [14.83095082, 57.07169114], [14.8309211, 57.07170753], [14.83069981, 57.0718293], [14.83059312, 57.07187343], [14.8303278, 57.07193064], [14.83024956, 57.07193799], [14.83011622, 57.07195048], [14.8299022, 57.07194165], [14.82976781, 57.07191551], [14.82970653, 57.0719034], [14.82960707, 57.07188368], [14.82943607, 57.07186441], [14.82934163, 57.07187586], [14.82925413, 57.07188643], [14.82904809, 57.07194588], [14.82751042, 57.07259844], [14.82719229, 57.07277745], [14.8269776, 57.07291044], [14.82651429, 57.07321751], [14.8260253, 57.07349032], [14.82576841, 57.07359963], [14.82570982, 57.07362227], [14.82548514, 57.07370881], [14.82536082, 57.07379765], [14.82530931, 57.07399122], [14.82527848, 57.07415617], [14.82523545, 57.07439834], [14.82526216, 57.07450265], [14.82527821, 57.07453222], [14.82530626, 57.07458391], [14.82540661, 57.07464575], [14.82562386, 57.07478212], [14.82582536, 57.07488605], [14.8260229, 57.07502051], [14.82636739, 57.07520107], [14.82666269, 57.07537383], [14.82707182, 57.07560693], [14.82741308, 57.0757838], [14.82781341, 57.07598087], [14.82808027, 57.0760997], [14.82823694, 57.07616377], [14.82841628, 57.07623704], [14.82873814, 57.07640292], [14.82882837, 57.07648091], [14.82881916, 57.07659209], [14.82881844, 57.07660116], [14.82876969, 57.07669953], [14.82871842, 57.07675838], [14.82865746, 57.07682261], [14.82851266, 57.0769274], [14.828356, 57.07700757], [14.82810799, 57.07713441], [14.82771013, 57.07733963], [14.82742603, 57.07747576], [14.82693499, 57.07770906], [14.82680663, 57.07781765], [14.82670577, 57.07789044], [14.82662349, 57.07800295], [14.82658534, 57.07807448], [14.82648514, 57.07835574], [14.82582885, 57.07980176], [14.82573758, 57.08000228], [14.82562791, 57.080154], [14.82551093, 57.0802106], [14.82533367, 57.080299], [14.82506287, 57.08043524], [14.82485805, 57.08057012], [14.82473682, 57.08066255], [14.82462506, 57.08076407], [14.82450038, 57.08086727], [14.82440097, 57.08100473], [14.82427486, 57.08114925], [14.82412625, 57.08127738], [14.82382743, 57.08146728], [14.82357486, 57.08165752], [14.82305342, 57.08203059], [14.82284442, 57.08206901], [14.82283802, 57.08207017], [14.82245445, 57.0821139], [14.82208672, 57.08217383], [14.82191158, 57.08218696], [14.82175371, 57.08220003], [14.82167473, 57.08221537], [14.82162027, 57.08222598], [14.82160571, 57.08222569], [14.82121804, 57.08221741], [14.82104232, 57.08220764], [14.82084267, 57.08219649], [14.82072945, 57.08220378], [14.82047131, 57.08222048], [14.8202216, 57.08223664], [14.81991169, 57.08223782], [14.81966441, 57.08223045], [14.81957366, 57.08223194], [14.81937081, 57.08223533], [14.81917509, 57.08219894], [14.81917156, 57.08219831], [14.81896008, 57.08215795], [14.81884931, 57.08213713], [14.81870809, 57.08211169], [14.81845882, 57.0820648], [14.81819001, 57.08200801], [14.81811446, 57.081992], [14.81789778, 57.08195765], [14.81776973, 57.08193725], [14.8176513, 57.08192549], [14.81746588, 57.0819528], [14.81717814, 57.08198462], [14.81706052, 57.08197367], [14.81705318, 57.08197294], [14.81695821, 57.08194703], [14.81694508, 57.08193578], [14.81686163, 57.08186372], [14.81678756, 57.08179481], [14.81671887, 57.08173624], [14.81660775, 57.08170437], [14.81649945, 57.08168014], [14.8164774, 57.0816828], [14.81627538, 57.08171179], [14.81610674, 57.08172878], [14.81609354, 57.08173011], [14.81592607, 57.08170364], [14.81586186, 57.0816766], [14.81586091, 57.08167624], [14.81574975, 57.08157027], [14.81570299, 57.0813983], [14.81557478, 57.08119171], [14.81552877, 57.08108755], [14.81538398, 57.08090618], [14.81534774, 57.08086301], [14.8152522, 57.08081626], [14.81515991, 57.08077319], [14.815094, 57.08076052], [14.81498193, 57.08075694], [14.81447725, 57.08083739], [14.81434169, 57.08085003], [14.81403534, 57.0808785], [14.81403139, 57.08087858], [14.81340216, 57.08089256], [14.81260093, 57.08089028], [14.81206347, 57.08104962], [14.80623979, 57.08277572], [14.8059845, 57.08273841], [14.79512371, 57.08114864], [14.79326209, 57.08087604], [14.7932763, 57.08084005], [14.7965629, 57.07256172], [14.79508657, 57.07071127], [14.79505122, 57.07070995], [14.79404261, 57.07067013], [14.7927243, 57.0706138], [14.79269126, 57.07061239], [14.79095883, 57.07038794], [14.78779163, 57.07036223], [14.78601612, 57.07030559], [14.78385202, 57.07033017], [14.78103548, 57.07020178], [14.77806034, 57.07021954], [14.77477596, 57.0702347], [14.77208003, 57.06993882], [14.76805959, 57.07003186], [14.76347434, 57.07012541], [14.76006577, 57.0701854], [14.75961452, 57.0644876], [14.75963158, 57.06447874], [14.76087583, 57.06382986], [14.76101104, 57.06377964], [14.76126243, 57.06344421], [14.76131543, 57.06338494], [14.76147152, 57.06300442], [14.76151477, 57.06289672], [14.76165037, 57.06272085], [14.76173301, 57.06261862], [14.76179289, 57.06248401], [14.76182947, 57.06235474], [14.76196568, 57.06201909], [14.76201519, 57.06193116], [14.76235788, 57.06143387], [14.76202055, 57.06126501], [14.76223704, 57.06108884], [14.76224524, 57.06108212], [14.76230831, 57.06095641], [14.7623001, 57.06087879], [14.76229549, 57.06083432], [14.76230578, 57.06071399], [14.76231972, 57.06059627], [14.76232259, 57.0605722], [14.76234267, 57.06047344], [14.76241568, 57.06034604], [14.76248185, 57.06024557], [14.7625018, 57.06014493], [14.76244989, 57.0599061], [14.76242406, 57.05973549], [14.76238142, 57.0596852], [14.76239172, 57.05954151], [14.76243879, 57.05923811], [14.76245263, 57.05900839], [14.76247655, 57.05873369], [14.76249337, 57.05863313], [14.76247057, 57.05849845], [14.76262583, 57.05839258], [14.76282448, 57.05811094], [14.76299476, 57.05788753], [14.76304603, 57.05782026], [14.76318508, 57.05765338], [14.76328099, 57.05749359], [14.7633278, 57.05733749], [14.76334444, 57.05726423], [14.76335437, 57.05722078], [14.76337115, 57.05714716], [14.76334899, 57.05710536], [14.7633416, 57.05709142], [14.76328927, 57.05698372], [14.763273, 57.05689037], [14.76328893, 57.05680158], [14.76337596, 57.05664798], [14.7634882, 57.05652783], [14.7635678, 57.05638778], [14.76358867, 57.05635621], [14.76365922, 57.05624928], [14.76367734, 57.05622183], [14.7637575, 57.05610037], [14.76374119, 57.05601492], [14.7637404, 57.05601088], [14.76369115, 57.05591028], [14.76365548, 57.05574684], [14.76362948, 57.05560317], [14.76363292, 57.0555536], [14.76365018, 57.05529793], [14.76364765, 57.05507527], [14.76364902, 57.05507267], [14.76364971, 57.05507132], [14.76370724, 57.05496051], [14.76377346, 57.05485097], [14.76381973, 57.05482052], [14.7639681, 57.05474706], [14.76406447, 57.05472793], [14.7641396, 57.05471307], [14.76429472, 57.05466827], [14.76435403, 57.05463955], [14.76436424, 57.05455164], [14.76440727, 57.05445472], [14.76446698, 57.05438478], [14.76450005, 57.0543147], [14.76461885, 57.05423049], [14.76469822, 57.05414612], [14.76471828, 57.05404916], [14.76470704, 57.05402013], [14.76467588, 57.05393968], [14.76473889, 57.05377804], [14.76476876, 57.0536758], [14.76473283, 57.05357514], [14.76465409, 57.05347278], [14.764595, 57.05338114], [14.76486268, 57.05311741], [14.76498183, 57.05297743], [14.76506773, 57.05287161], [14.7650977, 57.05277466], [14.76512118, 57.05256472], [14.76512824, 57.05250177], [14.76505091, 57.05250063], [14.76432415, 57.05249029], [14.76440041, 57.05238256], [14.76448626, 57.05226237], [14.76454256, 57.05219422], [14.76457256, 57.05207212], [14.7645676, 57.05206026], [14.76455301, 57.05202547], [14.76453338, 57.05196966], [14.76443286, 57.05193749], [14.76431945, 57.05190127], [14.76410535, 57.0518185], [14.76387845, 57.05171595], [14.76385546, 57.05169705], [14.7637239, 57.0515883], [14.76357593, 57.05147144], [14.76356631, 57.05136014], [14.76354377, 57.0512075], [14.76356387, 57.05110335], [14.76356404, 57.05105377], [14.76356412, 57.05104228], [14.76349191, 57.05093984], [14.76338361, 57.05082853], [14.76325636, 57.050725], [14.7631206, 57.05061454], [14.7629957, 57.05050482], [14.76287404, 57.05042178], [14.76274242, 57.05034303], [14.76262932, 57.05028111], [14.7624066, 57.0502727], [14.76247949, 57.05015967], [14.76244686, 57.05005551], [14.76224265, 57.04995812], [14.76257974, 57.04970188], [14.76268211, 57.04961217], [14.76276498, 57.04944886], [14.76276824, 57.0494063], [14.76277877, 57.04926755], [14.76273649, 57.04907715], [14.76277963, 57.04894071], [14.76294781, 57.04889055], [14.76300074, 57.04886012], [14.76303057, 57.04880808], [14.76296484, 57.04875595], [14.76294835, 57.04874164], [14.76297165, 57.0486895], [14.76295851, 57.04866145], [14.76292245, 57.04858351], [14.76281098, 57.04843618], [14.76263028, 57.04825648], [14.76260082, 57.04818646], [14.7624791, 57.04811267], [14.76237707, 57.0480426], [14.76223443, 57.04799005], [14.76221599, 57.0479831], [14.76205798, 57.04793089], [14.76195266, 57.04788587], [14.76194962, 57.04783027], [14.76197281, 57.04775307], [14.76196633, 57.04770411], [14.76195984, 57.04765604], [14.76188103, 57.04758961], [14.76179886, 57.04751589], [14.76179559, 57.04749613], [14.76170388, 57.04734335], [14.76168443, 57.04726078], [14.76164071, 57.04716953], [14.76163521, 57.04715847], [14.76161289, 57.04714083], [14.76150065, 57.04705313], [14.76144534, 57.04700991], [14.76113002, 57.04677723], [14.76070838, 57.0464688], [14.76041348, 57.04625304], [14.75605488, 57.04306468], [14.75604636, 57.04305838], [14.75603825, 57.04305261], [14.74866854, 57.04112891], [14.74815008, 57.04099359], [14.74745733, 57.04081265], [14.74734006, 57.04061141], [14.74636533, 57.03893778], [14.74635847, 57.03892716], [14.74629675, 57.03883282], [14.74618079, 57.03875975], [14.74598827, 57.03861762], [14.74594244, 57.03842488], [14.74589988, 57.03832923], [14.74584209, 57.03819564], [14.74566218, 57.03779838], [14.74597754, 57.03694468], [14.74649843, 57.03553436], [14.74648499, 57.0355338], [14.74677441, 57.03483094], [14.74678773, 57.03483052], [14.7472273, 57.03368355], [14.74735122, 57.03336037], [14.74717546, 57.0331141], [14.74709929, 57.03300697], [14.74693727, 57.03277923], [14.74686479, 57.03268855], [14.74683406, 57.03265193], [14.74679107, 57.03260065], [14.74677962, 57.03258706], [14.74674377, 57.03248424], [14.74657855, 57.03222739], [14.74655418, 57.03217498], [14.74651262, 57.0321131], [14.74648841, 57.03207722], [14.74646765, 57.03201412], [14.74647392, 57.03193159], [14.74646983, 57.03191371], [14.74644832, 57.0318199], [14.74640496, 57.03174401], [14.74635477, 57.03167331], [14.74631478, 57.03159931], [14.74624707, 57.03148798], [14.74620274, 57.03141478], [14.74611482, 57.03129892], [14.74546344, 57.03057781], [14.74545751, 57.03057124], [14.7451831, 57.03029063], [14.74460919, 57.02966928], [14.73826627, 57.02822855], [14.73824254, 57.02822329], [14.73765031, 57.02875691], [14.73445046, 57.03163849], [14.7340196, 57.03204776], [14.73392812, 57.03211152], [14.73386463, 57.03215584], [14.73385227, 57.03221204], [14.73384539, 57.03224373], [14.73386146, 57.03229523], [14.73387846, 57.03234997], [14.73392186, 57.03264493], [14.73392702, 57.0326832], [14.73394059, 57.03278158], [14.73410277, 57.03286204], [14.73414294, 57.03288655], [14.73438089, 57.03303166], [14.73439121, 57.03312698], [14.73438214, 57.03352197], [14.73441867, 57.03382949], [14.73441973, 57.03385231], [14.73442454, 57.03395893], [14.73444719, 57.03405904], [14.73445352, 57.03408671], [14.73446175, 57.0342466], [14.73445463, 57.03427398], [14.73444666, 57.03430576], [14.734113, 57.03454881], [14.73424585, 57.03472424], [14.73446051, 57.03491654], [14.73451293, 57.03503377], [14.73455869, 57.03515279], [14.73449681, 57.03523655], [14.73441015, 57.03534809], [14.73437738, 57.03539015], [14.73435256, 57.03542198], [14.73431898, 57.035444], [14.73397266, 57.03567006], [14.73345338, 57.03602956], [14.7334273, 57.03604765], [14.73315793, 57.03639907], [14.73303102, 57.03656972], [14.73302526, 57.03657743], [14.73296228, 57.03670079], [14.73288312, 57.03682628], [14.73287556, 57.03683821], [14.73276984, 57.03695232], [14.73263939, 57.0371253], [14.73261013, 57.03724478], [14.73260901, 57.037249], [14.73260724, 57.03730648], [14.73262465, 57.03749342], [14.73263508, 57.03753584], [14.73267139, 57.03768241], [14.73270786, 57.03788385], [14.73265471, 57.03811331], [14.73262243, 57.03829494], [14.73256908, 57.03853284], [14.73261617, 57.03871266], [14.7326163, 57.03871284], [14.73261657, 57.03871329], [14.73267579, 57.03881033], [14.73275427, 57.03893328], [14.73276083, 57.03904107], [14.73268763, 57.03916792], [14.73264844, 57.03923286], [14.73259041, 57.03932866], [14.73269121, 57.03936911], [14.73271272, 57.0393829], [14.73280429, 57.03944192], [14.73288721, 57.03953255], [14.7329044, 57.0396171], [14.73286908, 57.03969229], [14.73283812, 57.03970722], [14.73278535, 57.0397328], [14.73271446, 57.0397842], [14.73275236, 57.03984204], [14.73278895, 57.03989394], [14.73281222, 57.03992695], [14.73280233, 57.04003642], [14.73276549, 57.04005771], [14.73267508, 57.0401018], [14.73255831, 57.04014565], [14.7324644, 57.04020401], [14.73236826, 57.04032712], [14.73233255, 57.04039953], [14.73231545, 57.04043434], [14.73231821, 57.04048402], [14.73232182, 57.04054932], [14.73227881, 57.04076631], [14.73214144, 57.04084048], [14.73197291, 57.04095742], [14.73200329, 57.04104227], [14.73202012, 57.0411394], [14.73202654, 57.04124719], [14.73192397, 57.04126242], [14.73180416, 57.0412945], [14.73179422, 57.04129708], [14.7317431, 57.04135769], [14.7317563, 57.0413922], [14.73176444, 57.0414136], [14.73182879, 57.04145909], [14.7319467, 57.04148351], [14.73207404, 57.0415206], [14.73216508, 57.04155915], [14.73220321, 57.04160441], [14.73214324, 57.04162907], [14.73202288, 57.04168001], [14.73198887, 57.04170508], [14.73192179, 57.04175452], [14.73191626, 57.04182447], [14.73199938, 57.04190612], [14.73211281, 57.04196815], [14.73221994, 57.04201769], [14.73222808, 57.04202022], [14.73239607, 57.04207312], [14.73238834, 57.04214658], [14.73237756, 57.04224724], [14.7323697, 57.04239443], [14.7324115, 57.0425349], [14.73120067, 57.04248076], [14.73068621, 57.04249393], [14.73060899, 57.04249871], [14.73043211, 57.04250964], [14.73040575, 57.04250941], [14.73033319, 57.04250871], [14.73025578, 57.04248277], [14.73020602, 57.04246622], [14.73018283, 57.04247956], [14.73005837, 57.04255114], [14.7299766, 57.04254611], [14.72916064, 57.04249621], [14.72884949, 57.04243401], [14.72844258, 57.04238355], [14.72750689, 57.04228156], [14.72712347, 57.04221525], [14.72642966, 57.04205988], [14.7257318, 57.04193665], [14.72539204, 57.0419042], [14.72527854, 57.04188976], [14.7248946, 57.04184096], [14.72478107, 57.04181214], [14.72454167, 57.04175153], [14.7239699, 57.04155932], [14.72394821, 57.04155209], [14.72373113, 57.04143323], [14.7234963, 57.0412512], [14.72348022, 57.04123877], [14.72341673, 57.04122425], [14.72321854, 57.04117891], [14.72289165, 57.04109681], [14.72251773, 57.04098129], [14.72144519, 57.04068656], [14.72058943, 57.04047942], [14.72043467, 57.04044189], [14.71941467, 57.04019369], [14.71880233, 57.04007304], [14.71837342, 57.03998999], [14.71741038, 57.03981411], [14.71680128, 57.03969705], [14.71618931, 57.03956561], [14.7159083, 57.03949483], [14.71569323, 57.03941917], [14.71540273, 57.03932842], [14.71512231, 57.03923428], [14.71466126, 57.0391277], [14.71428438, 57.03906666], [14.71421261, 57.03905276], [14.71395359, 57.0390025], [14.71343551, 57.03882168], [14.7132519, 57.03879126], [14.71327875, 57.03876285], [14.71353494, 57.03849031], [14.71371889, 57.03829987], [14.71377806, 57.03809747], [14.71383111, 57.03787879], [14.71387459, 57.03775522], [14.71399895, 57.03746728], [14.71363241, 57.03728429], [14.71309103, 57.03700795], [14.71294496, 57.03693836], [14.71270877, 57.03680328], [14.71260277, 57.03671789], [14.71220378, 57.03669021], [14.71206364, 57.03668054], [14.71205245, 57.03668636], [14.71188957, 57.0367705], [14.71177098, 57.03687181], [14.71166574, 57.03696956], [14.71167515, 57.03708823], [14.71166956, 57.03715998], [14.71160515, 57.03752942], [14.71155331, 57.03771397], [14.71142372, 57.03805937], [14.71137499, 57.0383517], [14.7110589, 57.03830301], [14.71080443, 57.03826371], [14.71058157, 57.03823122], [14.71001105, 57.03813964], [14.70972573, 57.03810099], [14.70954283, 57.0380508], [14.70893396, 57.03803259], [14.70872, 57.03802698], [14.70850728, 57.03798373], [14.70837927, 57.03796816], [14.70800817, 57.03790047], [14.70800587, 57.03789993], [14.70768446, 57.03785562], [14.70745193, 57.03780864], [14.70714479, 57.03773032], [14.7069528, 57.03766027], [14.7066304, 57.03753511], [14.70625611, 57.03739152], [14.70597315, 57.03727939], [14.70574837, 57.03719821], [14.70555449, 57.03712761], [14.7054293, 57.03708205], [14.70509746, 57.03694959], [14.70507147, 57.03693687], [14.7049548, 57.03688001], [14.70475313, 57.03679915], [14.70423967, 57.0365751], [14.70412917, 57.0365293], [14.70347247, 57.0363615], [14.703341, 57.03633757], [14.7031809, 57.03630845], [14.70285781, 57.03622236], [14.70274744, 57.03619299], [14.70273334, 57.03618928], [14.70271652, 57.03627079], [14.70249749, 57.03732651], [14.70249579, 57.03733477], [14.70234815, 57.03725978], [14.7022365, 57.03720302], [14.70199709, 57.03706782], [14.70177664, 57.03695619], [14.70122262, 57.03672683], [14.70121734, 57.03672466], [14.7009701, 57.03693792], [14.70090299, 57.03702084], [14.70080885, 57.03713756], [14.70066856, 57.03729782], [14.70052511, 57.03746175], [14.70023805, 57.03757396], [14.70006779, 57.03764244], [14.69975824, 57.03774723], [14.69914902, 57.0378743], [14.69913201, 57.03787776], [14.69913133, 57.03787785], [14.69920208, 57.03803484], [14.69933439, 57.03832526], [14.69937441, 57.03841724], [14.69954335, 57.03873201], [14.6996044, 57.03884514], [14.6997302, 57.03903307], [14.69989211, 57.03932743], [14.69993056, 57.03946242], [14.70001704, 57.03964101], [14.69995574, 57.04001405], [14.69997287, 57.04009681], [14.70000033, 57.04016352], [14.70014692, 57.04041994], [14.70016446, 57.04048662], [14.70017199, 57.04056397], [14.70013548, 57.0406767], [14.70011922, 57.04077123], [14.70011908, 57.04077177], [14.69403421, 57.04083062], [14.69362664, 57.04083447], [14.69361197, 57.04083497], [14.689762, 57.04094567], [14.689023, 57.04096692], [14.6885824, 57.04093942], [14.68821588, 57.04086235], [14.68805321, 57.04081407], [14.68765145, 57.04069343], [14.68722359, 57.04057453], [14.68695531, 57.04051449], [14.68692749, 57.04049439], [14.68683618, 57.04042886], [14.68666091, 57.04024762], [14.68663625, 57.04020697], [14.6865734, 57.04010316], [14.6864991, 57.03995334], [14.68647258, 57.03985968], [14.68651867, 57.03975956], [14.68654853, 57.03961917], [14.68656904, 57.03952284], [14.68656983, 57.03939719], [14.68650429, 57.0392888], [14.68648146, 57.03925767], [14.68645916, 57.03922716], [14.68636539, 57.03909885], [14.68531862, 57.03913907], [14.6852406, 57.0391421], [14.68521596, 57.03900229], [14.68518212, 57.03881107], [14.68043818, 57.03899118], [14.67508511, 57.03919413], [14.67371899, 57.03948365], [14.67367966, 57.03949155], [14.67367992, 57.039492], [14.67367911, 57.03949217], [14.67488603, 57.04084463], [14.67507397, 57.04140539], [14.67525222, 57.04193837], [14.67525584, 57.04194413], [14.67534722, 57.04209293], [14.67556712, 57.04244908], [14.67581126, 57.04259674], [14.67583897, 57.04261352], [14.67583965, 57.04261397], [14.67556186, 57.04264729], [14.67450482, 57.0427305], [14.67266781, 57.04288164], [14.67088644, 57.04294891], [14.67046114, 57.04295741], [14.67011476, 57.04297024], [14.6700259, 57.04296946], [14.66978103, 57.04299756], [14.66902321, 57.04309624], [14.66886435, 57.04301921], [14.6687571, 57.04297698], [14.66840601, 57.04283163], [14.66828636, 57.04276224], [14.66812895, 57.0427374], [14.66780373, 57.04270914], [14.66760617, 57.04270538], [14.66745102, 57.04271647], [14.66724493, 57.04277017], [14.66675596, 57.04274165], [14.66638, 57.04271874], [14.66619947, 57.04271134], [14.66614961, 57.04270923], [14.6661293, 57.04271574], [14.66605666, 57.04273889], [14.66586995, 57.04279812], [14.66564377, 57.04286425], [14.6653786, 57.04291375], [14.66514956, 57.04296542], [14.66478408, 57.04295653], [14.66455094, 57.04293444], [14.66436558, 57.04285904], [14.66422279, 57.0427948], [14.6640826, 57.04274314], [14.66391418, 57.04265889], [14.66368944, 57.04257951], [14.66349127, 57.04249312], [14.66332826, 57.0424413], [14.66312283, 57.04242144], [14.66287812, 57.04240273], [14.66265708, 57.04241148], [14.66246653, 57.04239884], [14.66232212, 57.0423795], [14.6621813, 57.04235298], [14.66199156, 57.0423116], [14.66175268, 57.04226434], [14.6615433, 57.04221563], [14.66151765, 57.04221179], [14.66135318, 57.04218683], [14.66102439, 57.04216393], [14.66069708, 57.04209793], [14.66051721, 57.04206197], [14.66030442, 57.04201504], [14.66016048, 57.04198843], [14.65997592, 57.04199026], [14.65957011, 57.04190545], [14.65941643, 57.04187342], [14.65910123, 57.04183627], [14.65834787, 57.04180386], [14.6577621, 57.04178197], [14.6574083, 57.0418198], [14.65727044, 57.0418417], [14.65723557, 57.04185085], [14.65704323, 57.04190071], [14.65681344, 57.04197373], [14.65668683, 57.04201389], [14.65651694, 57.04207513], [14.65635633, 57.04214726], [14.65617045, 57.04218852], [14.65599451, 57.04222809], [14.65585287, 57.04223238], [14.65572387, 57.04223624], [14.65548275, 57.04225552], [14.65531386, 57.04228263], [14.65525384, 57.04230707], [14.65518646, 57.04234775], [14.65509499, 57.0423934], [14.65504371, 57.04242864], [14.6549916, 57.04246434], [14.65495782, 57.04248742], [14.65490305, 57.04248816], [14.65480288, 57.04248951], [14.65464694, 57.04252563], [14.65447391, 57.04257428], [14.65425207, 57.04260987], [14.65387674, 57.04269604], [14.65368432, 57.04273898], [14.65350477, 57.04278573], [14.65330895, 57.04282875], [14.65310987, 57.04285712], [14.65282561, 57.04289765], [14.65261017, 57.04293154], [14.65239232, 57.04294728], [14.65198675, 57.04295235], [14.65198549, 57.04340691], [14.65196893, 57.04373955], [14.65180984, 57.04408256], [14.65169601, 57.04451265], [14.65166762, 57.04464199], [14.65164477, 57.04474585], [14.65162371, 57.04503518], [14.65150247, 57.04541486], [14.65184095, 57.04608924], [14.65501793, 57.0513673], [14.65510203, 57.05147369], [14.65515122, 57.05157829], [14.65518743, 57.05163183], [14.65521733, 57.05167601], [14.65534108, 57.05181718], [14.65546529, 57.05189369], [14.65541353, 57.0520227], [14.65523252, 57.05231016], [14.65507207, 57.05257979], [14.65489558, 57.0529374], [14.65478193, 57.05318768], [14.6545831, 57.0535199], [14.65450899, 57.05366825], [14.65439684, 57.05377141], [14.6542904, 57.05390324], [14.65411124, 57.05413681], [14.65400252, 57.05423638], [14.65395622, 57.05434682], [14.65391999, 57.0544421], [14.65385373, 57.05465344], [14.65370714, 57.05470225], [14.65353247, 57.05480299], [14.65332188, 57.0548925], [14.65328523, 57.0550035], [14.65323962, 57.05518633], [14.65316129, 57.05536341], [14.65310228, 57.0554527], [14.65306597, 57.05555652], [14.65299878, 57.05569052], [14.65297014, 57.05586091], [14.65292529, 57.0560203], [14.65288191, 57.05624086], [14.6526958, 57.0563863], [14.65267307, 57.05647587], [14.65262626, 57.05659762], [14.65258643, 57.05669963], [14.6525602, 57.05679997], [14.65251394, 57.05694957], [14.65233321, 57.05698455], [14.65212775, 57.05701847], [14.65194577, 57.05704176], [14.65174738, 57.05706142], [14.65147077, 57.05704179], [14.65087708, 57.05698463], [14.65067316, 57.05696996], [14.65025976, 57.05701084], [14.64997162, 57.05704749], [14.64977254, 57.05708151], [14.64945792, 57.05721509], [14.64895838, 57.05745296], [14.64867407, 57.05757234], [14.64845382, 57.05764573], [14.64825183, 57.05767067], [14.64767428, 57.05768836], [14.64729818, 57.05769538], [14.64711707, 57.05778334], [14.64687938, 57.05788893], [14.64659893, 57.05798684], [14.64634576, 57.05806175], [14.64594681, 57.05815485], [14.64565175, 57.05820224], [14.64548735, 57.0582201], [14.64536391, 57.05823349], [14.64495723, 57.05826719], [14.6445055, 57.05826268], [14.64378003, 57.05826618], [14.64396804, 57.05845156], [14.64403194, 57.05850815], [14.6441344, 57.05859897], [14.64422511, 57.05873836], [14.64427208, 57.05910036], [14.64413463, 57.05954142], [14.64405971, 57.0597979], [14.64399318, 57.0601012], [14.64399611, 57.06039087], [14.6440024, 57.06068593], [14.64404291, 57.06085733], [14.64411251, 57.0610288], [14.64421564, 57.06119175], [14.64431895, 57.06135111], [14.64437483, 57.06145061], [14.64439252, 57.0616055], [14.64434429, 57.06175787], [14.64423913, 57.06193487], [14.64409127, 57.06211139], [14.64387407, 57.06228915], [14.64369529, 57.06240073], [14.64345411, 57.0625116], [14.64334711, 57.06255324], [14.64315659, 57.06262733], [14.64290659, 57.06270755], [14.64266598, 57.06278653], [14.6426462, 57.06279303], [14.64260307, 57.06275401], [14.64223399, 57.06242019], [14.64170897, 57.06205871], [14.64123553, 57.06173554], [14.64100606, 57.06160375], [14.64084288, 57.06155002], [14.64041594, 57.06141075], [14.6402435, 57.06134424], [14.64008391, 57.06128513], [14.63993569, 57.06118824], [14.63972423, 57.0610098], [14.63961771, 57.06094581], [14.63940269, 57.06086804], [14.63897228, 57.06082243], [14.63866392, 57.06077969], [14.63848257, 57.06077791], [14.63827395, 57.06071282], [14.63786838, 57.06061518], [14.63767803, 57.06058805], [14.63748558, 57.06062207], [14.63735541, 57.06066939], [14.63724039, 57.06082273], [14.63718929, 57.06089075], [14.63706087, 57.06098109], [14.6368533, 57.06107435], [14.63678103, 57.06109588], [14.63607841, 57.06157876], [14.63607813, 57.06157894], [14.63582273, 57.06197366], [14.63531371, 57.06271855], [14.6353133, 57.06271909], [14.63466297, 57.06280117], [14.63425546, 57.06288567], [14.63367881, 57.06318909], [14.6330103, 57.06384468], [14.63300866, 57.06384566], [14.6314376, 57.0649325], [14.62991108, 57.06604433], [14.62988689, 57.06605674], [14.6299541, 57.0661349], [14.63055799, 57.06676513], [14.63091323, 57.06715724], [14.63102632, 57.06740843], [14.63113472, 57.06779074], [14.63113174, 57.06796695], [14.63112035, 57.06819702], [14.63112299, 57.06858908], [14.63115771, 57.06881785], [14.63123963, 57.0690183], [14.6313837, 57.06923194], [14.63142262, 57.06953088], [14.63138605, 57.06981827], [14.63128014, 57.07002032], [14.63110952, 57.07027579], [14.63095586, 57.07042524], [14.63061938, 57.0707149], [14.63025596, 57.07092337], [14.62986781, 57.07108838], [14.62930648, 57.07129842], [14.62898798, 57.0716386], [14.62895133, 57.0717407], [14.62879058, 57.07367406], [14.62949007, 57.07551736], [14.62993717, 57.07704511], [14.63010857, 57.07853405], [14.62975876, 57.07863838], [14.63170706, 57.0796691], [14.63000554, 57.08125922], [14.626981, 57.08314691], [14.62695038, 57.08307999], [14.62437262, 57.08314864], [14.62469029, 57.08386228], [14.62533093, 57.08383474], [14.62715173, 57.08344534], [14.62771386, 57.08442403], [14.62653787, 57.08680542], [14.6207868, 57.08550692], [14.62036496, 57.08503492], [14.62024169, 57.08433048], [14.62010637, 57.08405936], [14.62009146, 57.08392073], [14.61931157, 57.08415359], [14.61599703, 57.08453813], [14.61091422, 57.08668443], [14.60962746, 57.08686024], [14.60913155, 57.086923], [14.60202049, 57.08786435], [14.60015074, 57.09188504], [14.59203683, 57.09281338], [14.58082496, 57.09404621], [14.56869058, 57.09552807], [14.56322538, 57.09619831], [14.55799459, 57.09682432], [14.55667913, 57.09705077], [14.55365969, 57.0977109], [14.55310903, 57.09783558], [14.54536183, 57.09940035], [14.53787315, 57.10274665], [14.53337634, 57.10478948], [14.53189402, 57.10542147], [14.52968976, 57.10637597], [14.52511285, 57.10736331], [14.52281607, 57.10777179], [14.51964202, 57.10849302], [14.51878283, 57.10857981], [14.51756046, 57.10887187], [14.51725934, 57.10916432], [14.51676024, 57.1095205], [14.51639932, 57.10975092], [14.51653125, 57.10995962], [14.51633709, 57.11043158], [14.51609779, 57.11164021], [14.51619628, 57.11171891], [14.51605356, 57.11203568], [14.51580358, 57.11338268], [14.51555463, 57.11463906], [14.51552809, 57.11503477], [14.50623846, 57.11514898], [14.50537297, 57.11570486], [14.49644347, 57.11858593], [14.49661833, 57.11729013], [14.49596287, 57.11725553], [14.49547105, 57.1182753], [14.49479292, 57.11932477], [14.49331431, 57.11910531], [14.4931749, 57.11908292], [14.49242585, 57.12019361], [14.49239417, 57.1202895], [14.4930944, 57.12207509], [14.49247396, 57.12213276], [14.49302875, 57.12288344], [14.4933199, 57.12287501], [14.49305601, 57.12314097], [14.4925437, 57.12355618], [14.49212139, 57.12416154], [14.49211822, 57.1243629], [14.49215667, 57.12568335], [14.49210353, 57.12677952], [14.49215174, 57.12707872], [14.49257055, 57.12818524], [14.4926983, 57.12861508], [14.49262122, 57.12972885], [14.49240364, 57.13142504], [14.49222484, 57.13211662], [14.49212114, 57.13227877], [14.4918962, 57.13248956], [14.49173045, 57.13263645], [14.49162977, 57.1328058], [14.49149104, 57.13314725], [14.49142583, 57.13333336], [14.49138414, 57.1334425], [14.49137613, 57.13360961], [14.4912921, 57.13370726], [14.49114207, 57.13386877], [14.4909364, 57.13395578], [14.49058787, 57.13405864], [14.49029316, 57.1341407], [14.48992683, 57.13427007], [14.48914765, 57.13482888], [14.48846208, 57.13555252], [14.48797003, 57.1359255], [14.48605757, 57.13742542], [14.48587116, 57.13738837], [14.48567111, 57.13736186], [14.48550395, 57.13727298], [14.48530632, 57.13719986], [14.48508429, 57.13708857], [14.48482879, 57.13698396], [14.48466934, 57.1369384], [14.48439473, 57.13688554], [14.48416598, 57.13683708], [14.48395982, 57.13679968], [14.48229118, 57.13653243], [14.48096058, 57.13757984], [14.48090344, 57.13845002], [14.48055659, 57.13867097], [14.48033143, 57.13891945], [14.48014426, 57.13921857], [14.47997589, 57.13946882], [14.47950752, 57.13913429], [14.47889548, 57.1387371], [14.47811194, 57.1386187], [14.47742211, 57.13861915], [14.47684352, 57.13868293], [14.47562162, 57.13853026], [14.47490962, 57.13848031], [14.4746916, 57.13849188], [14.47411285, 57.13916227], [14.47376055, 57.13951422], [14.47329516, 57.1399141], [14.47298481, 57.14012261], [14.47246602, 57.14035719], [14.4827476, 57.14598691], [14.4836101, 57.14661208], [14.48743805, 57.14952605], [14.4875856, 57.14973673], [14.48875322, 57.14990235], [14.48898567, 57.15019341], [14.48909973, 57.15110389], [14.48920407, 57.15182023], [14.4894957, 57.15212024], [14.48951207, 57.15211958], [14.49306471, 57.15288404], [14.49610867, 57.15368874], [14.49742689, 57.15439001], [14.49739353, 57.15470917], [14.4970829, 57.15514964], [14.49740256, 57.15636505], [14.49762016, 57.15656244], [14.49772768, 57.15665574], [14.49774537, 57.15675838], [14.49775424, 57.15696859], [14.49897252, 57.15737017], [14.49864909, 57.15781994], [14.49865977, 57.1579777], [14.49871609, 57.15822815], [14.49874376, 57.15832921], [14.49874385, 57.15845307], [14.4987131, 57.15859988], [14.50599336, 57.16144169], [14.50689662, 57.16183648], [14.50965339, 57.16316703], [14.51111154, 57.16240138], [14.51203397, 57.16062168], [14.51400873, 57.16078536], [14.5146122, 57.16074799], [14.51501383, 57.16071658], [14.51545514, 57.16068389], [14.51588248, 57.16060434], [14.51643696, 57.16049772], [14.51670089, 57.16043487], [14.51728841, 57.16024026], [14.51757184, 57.16009315], [14.51765807, 57.1600669], [14.51798431, 57.16002405], [14.51845497, 57.15993595], [14.51869699, 57.15988012], [14.51929438, 57.15977427], [14.51981689, 57.15962915], [14.52422187, 57.15991169], [14.52722481, 57.16003316], [14.52803027, 57.1600617], [14.52948559, 57.16008108], [14.53422298, 57.16012103], [14.53867651, 57.16067799], [14.53884289, 57.16078287], [14.54374751, 57.17144078], [14.54847259, 57.17117899], [14.550112, 57.17203192], [14.55157932, 57.17366696], [14.54977593, 57.17407761], [14.55326902, 57.17995286], [14.55334062, 57.18019104], [14.55341449, 57.18045625], [14.55341288, 57.18098526], [14.55342115, 57.18122743], [14.5535119, 57.18148382], [14.55339795, 57.18165747], [14.55345149, 57.18178808], [14.55361405, 57.1821304], [14.5535631, 57.1826454], [14.55358156, 57.1828339], [14.5539676, 57.18343398], [14.55425095, 57.18388513], [14.55455538, 57.18444406], [14.55470946, 57.18479084], [14.55474914, 57.1850871], [14.55479893, 57.18605135], [14.55480865, 57.18649076], [14.5548542, 57.18661675], [14.5550154, 57.18675735], [14.55534844, 57.18697139], [14.55571437, 57.1871948], [14.55589391, 57.18728624], [14.55628823, 57.18740681], [14.55701161, 57.18762034], [14.55774423, 57.18780256], [14.55798313, 57.18785881], [14.55847203, 57.18788613], [14.55929278, 57.18792135], [14.56005493, 57.18797387], [14.56034305, 57.18804395], [14.56074672, 57.18813769], [14.56108353, 57.18824422], [14.56130312, 57.18837639], [14.56154643, 57.18854474], [14.56163596, 57.18859948], [14.56180179, 57.18860563], [14.56230783, 57.18858144], [14.56254172, 57.18857722], [14.56346122, 57.18912443], [14.57062139, 57.18995808], [14.57557, 57.18945291], [14.57704149, 57.18781309], [14.57939313, 57.18723432], [14.58071139, 57.18714047], [14.5809746, 57.18697986], [14.58142879, 57.18643414], [14.58147414, 57.18636899], [14.58151823, 57.18633034], [14.58157424, 57.18630008], [14.5817077, 57.18628391], [14.58182074, 57.1862894], [14.58205139, 57.18586975], [14.58222591, 57.18586692], [14.58228639, 57.18605564], [14.58235921, 57.18611902], [14.58278632, 57.18626639], [14.58295276, 57.18625446], [14.58316874, 57.18625194], [14.5834099, 57.18650961], [14.58351284, 57.18661234], [14.58390152, 57.18672024], [14.58402334, 57.18680651], [14.5843337, 57.18679442], [14.58559593, 57.18569486], [14.5883672, 57.18327565], [14.58775479, 57.1832326], [14.58712991, 57.18318187], [14.58707417, 57.18317638], [14.58645649, 57.1831042], [14.58640978, 57.18309705], [14.58580189, 57.18300379], [14.5852061, 57.18288982], [14.58516078, 57.18288015], [14.58457954, 57.18274593], [14.58401517, 57.18259201], [14.58397179, 57.18258001], [14.5834266, 57.18240701], [14.58338571, 57.18239269], [14.58306401, 57.18227513], [14.58295555, 57.18224073], [14.58279113, 57.18218468], [14.5822673, 57.18199325], [14.58176687, 57.1817842], [14.5815449, 57.18169086], [14.58133582, 57.18159145], [14.58103669, 57.18148214], [14.58053627, 57.18127309], [14.58049826, 57.18125688], [14.58002341, 57.18103112], [14.57998856, 57.18101295], [14.57954104, 57.18077119], [14.57912274, 57.18051463], [14.57909133, 57.18049467], [14.57870389, 57.1802242], [14.57867603, 57.18020264], [14.57832093, 57.17991943], [14.5779998, 57.17962456], [14.57797619, 57.17960167], [14.57769024, 57.17929642], [14.5776706, 57.17927246], [14.57765217, 57.17924931], [14.57762223, 57.17925595], [14.5770308, 57.1793762], [14.57642638, 57.17947583], [14.57581155, 57.1795545], [14.57563688, 57.17957322], [14.57501411, 57.17963057], [14.57484623, 57.17964015], [14.57462092, 57.17968591], [14.57461887, 57.17968626], [14.57459973, 57.17969006], [14.57459057, 57.17969182], [14.57456762, 57.1796957], [14.57396318, 57.17979532], [14.57395471, 57.17979664], [14.57393367, 57.17979962], [14.57393203, 57.17979988], [14.57360992, 57.17984118], [14.57299508, 57.17991984], [14.57237217, 57.17997717], [14.57228355, 57.17998514], [14.57165516, 57.1800209], [14.57139297, 57.18003455], [14.5713354, 57.18003597], [14.57070425, 57.18005016], [14.57007267, 57.18004252], [14.57002331, 57.18004109], [14.56939389, 57.18001181], [14.56876909, 57.17996099], [14.56872044, 57.17995687], [14.56810285, 57.1798846], [14.56805505, 57.17987797], [14.56776749, 57.17983378], [14.56741497, 57.17978137], [14.56680718, 57.17968802], [14.56675205, 57.17967822], [14.56615637, 57.17956416], [14.56557525, 57.17942986], [14.56552983, 57.17941892], [14.56496559, 57.17926491], [14.5649225, 57.17925156], [14.56437745, 57.17907848], [14.56385377, 57.17888697], [14.5638133, 57.17887129], [14.56331302, 57.17866217], [14.56327558, 57.17864444], [14.56280087, 57.17841861], [14.56235349, 57.17817688], [14.56231949, 57.1781571], [14.56190134, 57.17790047], [14.56151406, 57.17762994], [14.56148403, 57.17760846], [14.56112909, 57.1773252], [14.56110304, 57.1773023], [14.56078206, 57.17700739], [14.56049627, 57.1767021], [14.5604746, 57.17667777], [14.56022507, 57.17636317], [14.56020791, 57.17633787], [14.55999571, 57.17601541], [14.55982163, 57.17568626], [14.5598094, 57.17566008], [14.55967413, 57.17532558], [14.55957846, 57.17498718], [14.559571, 57.17496057], [14.55951491, 57.17461944], [14.55951237, 57.17459248], [14.55949639, 57.17425023], [14.55952051, 57.17390812], [14.55952301, 57.17388118], [14.55958721, 57.17354047], [14.55959461, 57.17351382], [14.55969832, 57.17317612], [14.55984152, 57.1728426], [14.5598558, 57.17281202], [14.56001536, 57.17252428], [14.56003528, 57.17246615], [14.56010506, 57.17226305], [14.56018685, 57.1720247], [14.56021143, 57.17195338], [14.56035462, 57.17161986], [14.56037003, 57.1715856], [14.5604797, 57.17138776], [14.5604438, 57.17133312], [14.56042706, 57.17130729], [14.56025301, 57.17097813], [14.56024119, 57.17095151], [14.56010593, 57.17061701], [14.56001027, 57.17027861], [14.56000336, 57.17025155], [14.55994728, 57.16991041], [14.55994534, 57.16987843], [14.55992936, 57.16953618], [14.55993381, 57.1693915], [14.55993491, 57.16935603], [14.55993685, 57.16929595], [14.55995947, 57.16897557], [14.55985765, 57.1689383], [14.55970172, 57.16887542], [14.55920159, 57.16866628], [14.55872703, 57.16844044], [14.55827979, 57.1681987], [14.55819017, 57.16814485], [14.55800349, 57.1680657], [14.55796118, 57.16804588], [14.55748663, 57.16782003], [14.55703942, 57.16757828], [14.55700624, 57.16755948], [14.55658825, 57.16730275], [14.55655863, 57.16728226], [14.5561715, 57.16701171], [14.5558167, 57.16672844], [14.55579092, 57.16670652], [14.55547008, 57.1664116], [14.55544826, 57.16638844], [14.5551626, 57.16608314], [14.55491318, 57.16576853], [14.55489547, 57.1657443], [14.55468337, 57.16542183], [14.5545094, 57.16509267], [14.5544962, 57.16506765], [14.55436102, 57.16473315], [14.55435233, 57.16470761], [14.55425673, 57.16436921], [14.55420071, 57.16402807], [14.55419666, 57.1640021], [14.55418074, 57.16365985], [14.55418119, 57.16363389], [14.55420534, 57.16329178], [14.55423753, 57.16312062], [14.55420301, 57.16299817], [14.55414699, 57.16265703], [14.55414281, 57.16263115], [14.55412689, 57.1622888], [14.5541272, 57.16226276], [14.55415136, 57.16192065], [14.55421558, 57.16157994], [14.55422066, 57.16155409], [14.55432438, 57.16121639], [14.55433396, 57.16119083], [14.55447716, 57.16085731], [14.55465901, 57.16052941], [14.55467308, 57.16050449], [14.55489288, 57.16018355], [14.5549113, 57.16015955], [14.55516822, 57.15984674], [14.55546114, 57.15954348], [14.55548377, 57.15952048], [14.55581159, 57.15922785], [14.55584257, 57.15920254], [14.55620405, 57.1589218], [14.55665543, 57.15859], [14.55676331, 57.15850623], [14.55679097, 57.15848468], [14.55718445, 57.15821698], [14.55721604, 57.15819706], [14.55764003, 57.1579433], [14.55809286, 57.15770473], [14.55812784, 57.15768653], [14.5586076, 57.15746404], [14.55864555, 57.15744783], [14.55881486, 57.15737891], [14.55906711, 57.15723627], [14.55951992, 57.15699769], [14.5595623, 57.15697602], [14.56004204, 57.15675352], [14.56008163, 57.15673704], [14.56058653, 57.15653143], [14.56111437, 57.15634358], [14.5611568, 57.15632936], [14.56170555, 57.15616009], [14.56175026, 57.15614821], [14.56231773, 57.15599813], [14.56240561, 57.1559785], [14.56251964, 57.15593794], [14.56267181, 57.15588782], [14.56322055, 57.15571854], [14.563788, 57.15556846], [14.56437185, 57.15543819], [14.56455424, 57.155402], [14.56515216, 57.15529207], [14.56576168, 57.15520293], [14.56590299, 57.1551833], [14.56652168, 57.15511529], [14.56671365, 57.15509916], [14.56733903, 57.15505264], [14.56796865, 57.15502768], [14.56859993, 57.15502437], [14.56877776, 57.15502858], [14.56940811, 57.15504709], [14.57003507, 57.15508714], [14.57065619, 57.15514873], [14.5708289, 57.15517168], [14.57144147, 57.15525452], [14.57204316, 57.15535824], [14.5726314, 57.15548249], [14.57320401, 57.15562661], [14.57336534, 57.1556674], [14.57392001, 57.15583104], [14.5744543, 57.15601338], [14.57496631, 57.1562137], [14.57510973, 57.15627086], [14.57559728, 57.15648842], [14.57605835, 57.15672233], [14.57635384, 57.15689246], [14.57651945, 57.15669057], [14.57654736, 57.15665752], [14.57669359, 57.1565056], [14.57698631, 57.15620229], [14.57701675, 57.15617419], [14.57734438, 57.15588151], [14.57770567, 57.15560071], [14.57773632, 57.15557827], [14.57812962, 57.15531041], [14.57855343, 57.15505658], [14.57858815, 57.15503604], [14.57904081, 57.1547973], [14.57907933, 57.15477875], [14.57955892, 57.15455618], [14.58006368, 57.15435048], [14.58011242, 57.15433143], [14.58064014, 57.1541435], [14.58067626, 57.15413096], [14.58072537, 57.15411568], [14.581274, 57.15394632], [14.58184135, 57.15379615], [14.58188564, 57.15378534], [14.58246939, 57.15365499], [14.58251529, 57.15364652], [14.58293569, 57.15356915], [14.58305606, 57.15353201], [14.58309967, 57.15352039], [14.58366701, 57.15337021], [14.58425075, 57.15323985], [14.58429625, 57.15323057], [14.58489407, 57.15312055], [14.58550351, 57.15303131], [14.58555034, 57.15302446], [14.58616908, 57.15295636], [14.58621697, 57.15295211], [14.58684229, 57.15290549], [14.58747187, 57.15288044], [14.58752041, 57.15287871], [14.58815165, 57.15287531], [14.58820016, 57.15287619], [14.58883048, 57.1528946], [14.58945756, 57.15293455], [14.58950564, 57.15293804], [14.59012662, 57.15299952], [14.59017399, 57.15300552], [14.59078656, 57.15308826], [14.59138827, 57.15319189], [14.59144187, 57.15320176], [14.59167685, 57.15325139], [14.59190549, 57.15328222], [14.59192904, 57.15328562], [14.59253076, 57.15338925], [14.59257618, 57.15339838], [14.59316446, 57.15352252], [14.59373712, 57.15366656], [14.59405925, 57.15376155], [14.59444993, 57.15384553], [14.59491078, 57.15394438], [14.59533805, 57.15403611], [14.59538902, 57.15404867], [14.5959617, 57.15419269], [14.59651645, 57.15435623], [14.59655816, 57.15436921], [14.59709254, 57.15455146], [14.59713163, 57.15456658], [14.59764374, 57.15476681], [14.5981314, 57.15498428], [14.59816761, 57.15500138], [14.59862879, 57.1552352], [14.59866185, 57.15525417], [14.59909493, 57.15550336], [14.59949787, 57.1557669], [14.59952737, 57.15578747], [14.59989869, 57.15606439], [14.60002213, 57.15617005], [14.60047524, 57.15637205], [14.60093645, 57.15660587], [14.60136957, 57.15685505], [14.60145648, 57.15691047], [14.6015669, 57.15697396], [14.60157164, 57.15697712], [14.60158884, 57.15698696], [14.60170515, 57.15706017], [14.60210813, 57.15732371], [14.60247948, 57.15760062], [14.60281772, 57.15788982], [14.6029057, 57.15797389], [14.60320947, 57.15827403], [14.60347743, 57.15858402], [14.60370877, 57.1589027], [14.60376477, 57.15899449], [14.60395827, 57.15932041], [14.60411327, 57.15965231], [14.60422923, 57.15998886], [14.60425125, 57.16008476], [14.6043275, 57.16042468], [14.60436393, 57.16076654], [14.60436028, 57.16110891], [14.60431655, 57.16145052], [14.60430366, 57.16154694], [14.60422014, 57.16188635], [14.60409699, 57.16222214], [14.6039349, 57.16255305], [14.60388336, 57.16265483], [14.60368289, 57.16297951], [14.60366392, 57.1630063], [14.60377082, 57.16323513], [14.60388679, 57.16357167], [14.60389151, 57.16358884], [14.60396777, 57.16392876], [14.6040042, 57.16427062], [14.60400054, 57.16461299], [14.60399822, 57.1646393], [14.60395448, 57.1649809], [14.60387095, 57.16532032], [14.60386527, 57.16534132], [14.60374211, 57.16567711], [14.60373038, 57.16570258], [14.60356827, 57.16603349], [14.60336777, 57.16635816], [14.60312958, 57.16667536], [14.60311591, 57.16669112], [14.60284127, 57.16699939], [14.60257179, 57.16725847], [14.60261096, 57.1674331], [14.60264738, 57.16777496], [14.60264685, 57.16782409], [14.60301031, 57.16803316], [14.60341342, 57.1682967], [14.60378489, 57.1685736], [14.60388576, 57.16865323], [14.60422411, 57.16894242], [14.60452799, 57.16924255], [14.60479604, 57.16955254], [14.60486641, 57.16964132], [14.60509782, 57.16995999], [14.60529139, 57.17028591], [14.60544645, 57.17061782], [14.60548362, 57.17071233], [14.60559963, 57.17104887], [14.60567592, 57.17138879], [14.60571238, 57.17173065], [14.60571489, 57.17182721], [14.60571125, 57.17216957], [14.60566752, 57.17251118], [14.60558399, 57.1728506], [14.60555175, 57.17294561], [14.60542857, 57.1732814], [14.60526644, 57.17361231], [14.60506592, 57.17393699], [14.60500018, 57.17402678], [14.60476195, 57.17434397], [14.60460487, 57.17452032], [14.60463455, 57.1746528], [14.60463809, 57.17467931], [14.60467453, 57.17502117], [14.60467088, 57.17536353], [14.60466964, 57.17539003], [14.6046259, 57.17573163], [14.60461975, 57.17575802], [14.60453621, 57.17609744], [14.60441301, 57.17643323], [14.60440041, 57.17646345], [14.60423826, 57.17679436], [14.60386916, 57.177511], [14.60342206, 57.1783789], [14.60340415, 57.17840804], [14.60320358, 57.17873271], [14.60296531, 57.17904991], [14.60294555, 57.17907391], [14.60267081, 57.17938219], [14.60236044, 57.17968038], [14.6023366, 57.1797032], [14.60199197, 57.17999024], [14.60196405, 57.18001171], [14.60158655, 57.18028624], [14.60117767, 57.1805472], [14.60114608, 57.18056713], [14.60070735, 57.18081353], [14.60067224, 57.18083165], [14.60052016, 57.18090688], [14.60076075, 57.18125047], [14.6030955, 57.18092664], [14.60340932, 57.18024315], [14.60517924, 57.18012856], [14.60574493, 57.18020183], [14.60621764, 57.18030911], [14.60648822, 57.18041603], [14.61086712, 57.18064713], [14.61203822, 57.18307288], [14.61060166, 57.1884954], [14.610317, 57.1899267], [14.60857424, 57.19732479], [14.60678252, 57.20440871], [14.61493424, 57.20347484], [14.61643293, 57.20329629], [14.62206299, 57.20365223], [14.62238023, 57.20367465], [14.6226459, 57.20368147], [14.62324866, 57.20379887], [14.6237113, 57.2038836], [14.62688627, 57.20410001], [14.62715846, 57.20416512], [14.6274961, 57.20426223], [14.62778544, 57.20430512], [14.6286191, 57.20448272], [14.62896676, 57.20452165], [14.62925642, 57.20456014], [14.62948879, 57.20456667], [14.63006145, 57.20485845], [14.63059141, 57.20519026], [14.63135239, 57.20502221], [14.63213856, 57.20484542], [14.63283976, 57.20473063], [14.63342256, 57.20469093], [14.63408186, 57.2045892], [14.63436689, 57.2045021], [14.63469341, 57.2044154], [14.63497066, 57.20431471], [14.63869423, 57.20452217], [14.63945314, 57.20442125], [14.63997031, 57.20434962], [14.6421028, 57.20415319], [14.64373521, 57.20401062], [14.6452938, 57.20383594], [14.64609354, 57.20375782], [14.64834279, 57.20347628], [14.64934279, 57.20336411], [14.64990881, 57.20331989], [14.6505091, 57.20324459], [14.65095029, 57.20320809], [14.65217183, 57.20317861], [14.65302555, 57.2032354], [14.65341595, 57.20322983], [14.65404049, 57.20317263], [14.65512265, 57.20308804], [14.65578092, 57.20301323], [14.65613891, 57.20298503], [14.65636955, 57.20304529], [14.6565329, 57.20313627], [14.65667004, 57.20327191], [14.65647306, 57.20374496], [14.6564338, 57.20394622], [14.65666172, 57.20437373], [14.65686634, 57.20447407], [14.65661472, 57.20483471], [14.65634865, 57.20511905], [14.65585583, 57.20603749], [14.65570285, 57.20643037], [14.65561399, 57.20689994], [14.65466341, 57.20785017], [14.65443022, 57.20814825], [14.65436715, 57.20830894], [14.65448008, 57.20842187], [14.65484653, 57.2086626], [14.65512658, 57.20874114], [14.65544039, 57.20880218], [14.65580542, 57.20881432], [14.65630381, 57.20881425], [14.65672048, 57.20876419], [14.65710487, 57.20869141], [14.65759558, 57.20866437], [14.65782165, 57.20860364], [14.65836938, 57.20834414], [14.65884728, 57.20819607], [14.65905748, 57.20810827], [14.65961846, 57.20768317], [14.65997372, 57.20746678], [14.66036685, 57.20737615], [14.66089142, 57.20733149], [14.66129212, 57.20726332], [14.66166943, 57.2071412], [14.66216898, 57.20710079], [14.66340148, 57.20699057], [14.66404656, 57.2070813], [14.66476645, 57.20717277], [14.66539761, 57.20717374], [14.66572075, 57.20719894], [14.66620671, 57.20733315], [14.66665113, 57.20747139], [14.66734977, 57.20743714], [14.66777356, 57.20742739], [14.66811314, 57.2074617], [14.66842656, 57.20753609], [14.66870593, 57.20763266], [14.66912674, 57.20772591], [14.66935932, 57.20772787], [14.66963519, 57.20766762], [14.6700619, 57.20755925], [14.67036992, 57.20753509], [14.67074245, 57.20757864], [14.6711715, 57.20769904], [14.67164032, 57.20782834], [14.67300427, 57.207764], [14.67392023, 57.20768232], [14.67428444, 57.20772583], [14.67452477, 57.20780935], [14.67611457, 57.20846731], [14.67679249, 57.20857172], [14.67701349, 57.20868123], [14.6773566, 57.20887674], [14.68165948, 57.20942005], [14.6822487, 57.20971631], [14.682561, 57.20983098], [14.68302182, 57.20997836], [14.68366299, 57.21020335], [14.68439369, 57.21049636], [14.68492048, 57.21065765], [14.68529253, 57.21071462], [14.68721916, 57.21072662], [14.68758929, 57.21085077], [14.68764417, 57.21096326], [14.68763947, 57.21140675], [14.68882203, 57.21186935], [14.68943821, 57.21210314], [14.69082985, 57.2125137], [14.69218792, 57.21294194], [14.6928993, 57.21319148], [14.69679602, 57.21469078], [14.69963001, 57.21509897], [14.70066672, 57.21549744], [14.70141021, 57.21573982], [14.70206825, 57.21596493], [14.70265047, 57.21622973], [14.7046313, 57.21696325], [14.7052337, 57.21738957], [14.70750336, 57.21790601], [14.7076339, 57.21799217], [14.70772279, 57.21807806], [14.70777, 57.21816808], [14.70779938, 57.21830278], [14.70780378, 57.21843724], [14.70791859, 57.21849193], [14.70936959, 57.21887602], [14.71003607, 57.21910119], [14.71106906, 57.2195848], [14.71150327, 57.21979452], [14.71175094, 57.21985042], [14.7127541, 57.219926], [14.71281948, 57.22054488], [14.71293864, 57.2210253], [14.71310898, 57.22145688], [14.71324985, 57.22176266], [14.71334562, 57.22189796], [14.71350771, 57.22203817], [14.71366199, 57.22216489], [14.71475624, 57.22283272], [14.71531152, 57.22327101], [14.71803559, 57.2247554], [14.72004851, 57.22380474], [14.72395194, 57.22420802], [14.72507096, 57.22446024], [14.7253996, 57.22459739], [14.72592345, 57.22487507], [14.72635077, 57.22503991], [14.72711436, 57.2250686], [14.72860354, 57.22530059], [14.7291236, 57.2252048], [14.73215678, 57.22538401], [14.73257273, 57.22535086], [14.7327485, 57.22529366], [14.73357985, 57.2252454], [14.7346066, 57.22500993], [14.73481938, 57.22514151], [14.73524216, 57.22552572], [14.73559756, 57.22559536], [14.7358542, 57.2256285], [14.73631959, 57.22561367], [14.73653539, 57.22561062], [14.73705758, 57.22565447], [14.73727375, 57.22563795], [14.73848107, 57.22543533], [14.73872439, 57.22538285], [14.73941914, 57.22514511], [14.74073838, 57.22518081], [14.74150139, 57.22521723], [14.74246689, 57.22547491], [14.74277432, 57.22555044], [14.7445219, 57.22601341], [14.74593649, 57.22646795], [14.74666936, 57.22676267], [14.74737359, 57.22705185], [14.74807864, 57.22732307], [14.74894879, 57.22761823], [14.74965269, 57.22792087], [14.749952, 57.22801119], [14.75025212, 57.22812378], [14.75042584, 57.22814344], [14.75057592, 57.22812694]]]}, "properties": {"deso": "0780A0080", "pop": 1650.0, "income": 352.4, "male_frac": 0.5276, "child_frac": 0.163, "elder_frac": 0.2715, "dependency": 0.7685, "needZ": 0.0542, "needZ_v1": 0.3156, "regso": "0780R020", "higher_ed": 66.7, "neet": 8.7, "income_support": 0.1}}]}