{"type":"FeatureCollection","features":[{"type":"Feature","properties":{"id":1253850576,"osm_type":"node","name":"","category":"playground","tags":{"leisure":"playground"}},"geometry":{"type":"Point","coordinates":[17.6917411,59.8047389]}},{"type":"Feature","properties":{"id":1253850627,"osm_type":"node","name":"","category":"playground","tags":{"leisure":"playground"}},"geometry":{"type":"Point","coordinates":[17.6919754,59.8037654]}},{"type":"Feature","properties":{"id":1253850718,"osm_type":"node","name":"","category":"playground","tags":{"leisure":"playground"}},"geometry":{"type":"Point","coordinates":[17.6934758,59.804944]}},{"type":"Feature","properties":{"id":1253850883,"osm_type":"node","name":"","category":"playground","tags":{"leisure":"playground"}},"geometry":{"type":"Point","coordinates":[17.6940844,59.8040027]}},{"type":"Feature","properties":{"id":1260536851,"osm_type":"node","name":"","category":"playground","tags":{"leisure":"playground"}},"geometry":{"type":"Point","coordinates":[17.6940552,59.8055136]}},{"type":"Feature","properties":{"id":1260537282,"osm_type":"node","name":"","category":"playground","tags":{"leisure":"playground"}},"geometry":{"type":"Point","coordinates":[17.6934812,59.8055553]}},{"type":"Feature","properties":{"id":1263332830,"osm_type":"node","name":"","category":"playground","tags":{"leisure":"playground"}},"geometry":{"type":"Point","coordinates":[17.6995451,59.8089443]}},{"type":"Feature","properties":{"id":1263332866,"osm_type":"node","name":"","category":"playground","tags":{"leisure":"playground"}},"geometry":{"type":"Point","coordinates":[17.7026288,59.8089629]}},{"type":"Feature","properties":{"id":1263333024,"osm_type":"node","name":"","category":"playground","tags":{"leisure":"playground"}},"geometry":{"type":"Point","coordinates":[17.7005641,59.8085622]}},{"type":"Feature","properties":{"id":1263789270,"osm_type":"node","name":"","category":"playground","tags":{"leisure":"playground"}},"geometry":{"type":"Point","coordinates":[17.6955213,59.8111789]}},{"type":"Feature","properties":{"id":1263789958,"osm_type":"node","name":"","category":"playground","tags":{"leisure":"playground"}},"geometry":{"type":"Point","coordinates":[17.6966498,59.8094776]}},{"type":"Feature","properties":{"id":1264711456,"osm_type":"node","name":"","category":"playground","tags":{"leisure":"playground"}},"geometry":{"type":"Point","coordinates":[17.7002453,59.8110534]}},{"type":"Feature","properties":{"id":1264711478,"osm_type":"node","name":"","category":"playground","tags":{"leisure":"playground"}},"geometry":{"type":"Point","coordinates":[17.6977607,59.8105635]}},{"type":"Feature","properties":{"id":1264711750,"osm_type":"node","name":"","category":"playground","tags":{"leisure":"playground"}},"geometry":{"type":"Point","coordinates":[17.6970738,59.8113396]}},{"type":"Feature","properties":{"id":1264711839,"osm_type":"node","name":"","category":"playground","tags":{"leisure":"playground"}},"geometry":{"type":"Point","coordinates":[17.7002312,59.8107569]}},{"type":"Feature","properties":{"id":1264711925,"osm_type":"node","name":"","category":"playground","tags":{"leisure":"playground"}},"geometry":{"type":"Point","coordinates":[17.6991391,59.8103687]}},{"type":"Feature","properties":{"id":1271157918,"osm_type":"node","name":"","category":"playground","tags":{"leisure":"playground"}},"geometry":{"type":"Point","coordinates":[17.7018206,59.8132985]}},{"type":"Feature","properties":{"id":1271158218,"osm_type":"node","name":"","category":"playground","tags":{"access":"yes","leisure":"playground"}},"geometry":{"type":"Point","coordinates":[17.7011706,59.8125461]}},{"type":"Feature","properties":{"id":1271959670,"osm_type":"node","name":"","category":"playground","tags":{"leisure":"playground"}},"geometry":{"type":"Point","coordinates":[17.6988264,59.8135712]}},{"type":"Feature","properties":{"id":1271960062,"osm_type":"node","name":"","category":"playground","tags":{"leisure":"playground"}},"geometry":{"type":"Point","coordinates":[17.7004031,59.8140931]}},{"type":"Feature","properties":{"id":1271960174,"osm_type":"node","name":"","category":"playground","tags":{"leisure":"playground"}},"geometry":{"type":"Point","coordinates":[17.699963,59.8135189]}},{"type":"Feature","properties":{"id":1271960183,"osm_type":"node","name":"","category":"playground","tags":{"leisure":"playground"}},"geometry":{"type":"Point","coordinates":[17.6979999,59.8150915]}},{"type":"Feature","properties":{"id":1272949513,"osm_type":"node","name":"","category":"playground","tags":{"leisure":"playground"}},"geometry":{"type":"Point","coordinates":[17.6997922,59.816919]}},{"type":"Feature","properties":{"id":1273118090,"osm_type":"node","name":"","category":"playground","tags":{"leisure":"playground"}},"geometry":{"type":"Point","coordinates":[17.7020322,59.815884]}},{"type":"Feature","properties":{"id":1273118204,"osm_type":"node","name":"","category":"playground","tags":{"leisure":"playground"}},"geometry":{"type":"Point","coordinates":[17.7010057,59.8151692]}},{"type":"Feature","properties":{"id":1273118344,"osm_type":"node","name":"","category":"playground","tags":{"leisure":"playground"}},"geometry":{"type":"Point","coordinates":[17.7013699,59.8163979]}},{"type":"Feature","properties":{"id":1273118391,"osm_type":"node","name":"","category":"playground","tags":{"leisure":"playground"}},"geometry":{"type":"Point","coordinates":[17.7005686,59.8157209]}},{"type":"Feature","properties":{"id":1274029499,"osm_type":"node","name":"","category":"playground","tags":{"leisure":"playground"}},"geometry":{"type":"Point","coordinates":[17.7077497,59.8151111]}},{"type":"Feature","properties":{"id":1274029784,"osm_type":"node","name":"","category":"playground","tags":{"leisure":"playground"}},"geometry":{"type":"Point","coordinates":[17.7059885,59.8146666]}},{"type":"Feature","properties":{"id":1274029790,"osm_type":"node","name":"","category":"playground","tags":{"leisure":"playground"}},"geometry":{"type":"Point","coordinates":[17.7088024,59.8153465]}},{"type":"Feature","properties":{"id":1274029904,"osm_type":"node","name":"","category":"playground","tags":{"leisure":"playground"}},"geometry":{"type":"Point","coordinates":[17.7091003,59.814315]}},{"type":"Feature","properties":{"id":1274030264,"osm_type":"node","name":"","category":"playground","tags":{"leisure":"playground"}},"geometry":{"type":"Point","coordinates":[17.7092882,59.81358]}},{"type":"Feature","properties":{"id":1274030540,"osm_type":"node","name":"","category":"playground","tags":{"leisure":"playground"}},"geometry":{"type":"Point","coordinates":[17.7039888,59.8143091]}},{"type":"Feature","properties":{"id":1274030597,"osm_type":"node","name":"","category":"playground","tags":{"leisure":"playground"}},"geometry":{"type":"Point","coordinates":[17.7090771,59.8125277]}},{"type":"Feature","properties":{"id":1281421949,"osm_type":"node","name":"","category":"playground","tags":{"leisure":"playground"}},"geometry":{"type":"Point","coordinates":[17.7081656,59.822108]}},{"type":"Feature","properties":{"id":1300815864,"osm_type":"node","name":"","category":"playground","tags":{"access":"yes","leisure":"playground"}},"geometry":{"type":"Point","coordinates":[17.6913189,59.8266266]}},{"type":"Feature","properties":{"id":1305781271,"osm_type":"node","name":"","category":"playground","tags":{"leisure":"playground"}},"geometry":{"type":"Point","coordinates":[17.6943148,59.8222251]}},{"type":"Feature","properties":{"id":1399829461,"osm_type":"node","name":"Kullen","category":"playground","tags":{"leisure":"playground","name":"Kullen"}},"geometry":{"type":"Point","coordinates":[17.6079979,59.8054232]}},{"type":"Feature","properties":{"id":1432496279,"osm_type":"node","name":"","category":"playground","tags":{"access":"private","leisure":"playground"}},"geometry":{"type":"Point","coordinates":[17.6022063,59.8500487]}},{"type":"Feature","properties":{"id":1483471055,"osm_type":"node","name":"","category":"playground","tags":{"leisure":"playground"}},"geometry":{"type":"Point","coordinates":[17.6443587,59.8843814]}},{"type":"Feature","properties":{"id":1487166443,"osm_type":"node","name":"","category":"playground","tags":{"leisure":"playground"}},"geometry":{"type":"Point","coordinates":[17.6538801,59.8855522]}},{"type":"Feature","properties":{"id":1487166511,"osm_type":"node","name":"","category":"playground","tags":{"leisure":"playground"}},"geometry":{"type":"Point","coordinates":[17.6489232,59.8878328]}},{"type":"Feature","properties":{"id":1487166530,"osm_type":"node","name":"","category":"playground","tags":{"leisure":"playground"}},"geometry":{"type":"Point","coordinates":[17.6532688,59.886128]}},{"type":"Feature","properties":{"id":1487166542,"osm_type":"node","name":"","category":"playground","tags":{"leisure":"playground"}},"geometry":{"type":"Point","coordinates":[17.6526176,59.8862984]}},{"type":"Feature","properties":{"id":1488480280,"osm_type":"node","name":"","category":"playground","tags":{"leisure":"playground"}},"geometry":{"type":"Point","coordinates":[17.6570224,59.8865096]}},{"type":"Feature","properties":{"id":1488480281,"osm_type":"node","name":"","category":"playground","tags":{"leisure":"playground"}},"geometry":{"type":"Point","coordinates":[17.657704,59.8870643]}},{"type":"Feature","properties":{"id":1488480285,"osm_type":"node","name":"","category":"playground","tags":{"leisure":"playground"}},"geometry":{"type":"Point","coordinates":[17.6564298,59.8875425]}},{"type":"Feature","properties":{"id":1488480286,"osm_type":"node","name":"","category":"playground","tags":{"leisure":"playground"}},"geometry":{"type":"Point","coordinates":[17.6581935,59.8875766]}},{"type":"Feature","properties":{"id":1488480289,"osm_type":"node","name":"","category":"playground","tags":{"leisure":"playground"}},"geometry":{"type":"Point","coordinates":[17.6570224,59.8879985]}},{"type":"Feature","properties":{"id":1488480301,"osm_type":"node","name":"","category":"playground","tags":{"leisure":"playground"}},"geometry":{"type":"Point","coordinates":[17.6535395,59.888613]}},{"type":"Feature","properties":{"id":1488480303,"osm_type":"node","name":"","category":"playground","tags":{"leisure":"playground"}},"geometry":{"type":"Point","coordinates":[17.6553196,59.888633]}},{"type":"Feature","properties":{"id":1488480304,"osm_type":"node","name":"","category":"playground","tags":{"leisure":"playground"}},"geometry":{"type":"Point","coordinates":[17.651099,59.8886542]}},{"type":"Feature","properties":{"id":1488480312,"osm_type":"node","name":"","category":"playground","tags":{"leisure":"playground"}},"geometry":{"type":"Point","coordinates":[17.6514737,59.8889926]}},{"type":"Feature","properties":{"id":1488480316,"osm_type":"node","name":"","category":"playground","tags":{"leisure":"playground"}},"geometry":{"type":"Point","coordinates":[17.6541532,59.8890713]}},{"type":"Feature","properties":{"id":1488480322,"osm_type":"node","name":"","category":"playground","tags":{"leisure":"playground"}},"geometry":{"type":"Point","coordinates":[17.6497662,59.8892522]}},{"type":"Feature","properties":{"id":1488480328,"osm_type":"node","name":"","category":"playground","tags":{"leisure":"playground"}},"geometry":{"type":"Point","coordinates":[17.6522747,59.8894156]}},{"type":"Feature","properties":{"id":1488480330,"osm_type":"node","name":"","category":"playground","tags":{"leisure":"playground"}},"geometry":{"type":"Point","coordinates":[17.6502979,59.8896177]}},{"type":"Feature","properties":{"id":1488480335,"osm_type":"node","name":"","category":"playground","tags":{"leisure":"playground"}},"geometry":{"type":"Point","coordinates":[17.6512793,59.8898856]}},{"type":"Feature","properties":{"id":1489633418,"osm_type":"node","name":"","category":"playground","tags":{"leisure":"playground"}},"geometry":{"type":"Point","coordinates":[17.6568228,59.8872419]}},{"type":"Feature","properties":{"id":1489754972,"osm_type":"node","name":"","category":"playground","tags":{"leisure":"playground"}},"geometry":{"type":"Point","coordinates":[17.6426496,59.8905852]}},{"type":"Feature","properties":{"id":1490323415,"osm_type":"node","name":"","category":"playground","tags":{"leisure":"playground"}},"geometry":{"type":"Point","coordinates":[17.6371074,59.8826338]}},{"type":"Feature","properties":{"id":1490324303,"osm_type":"node","name":"","category":"playground","tags":{"leisure":"playground"}},"geometry":{"type":"Point","coordinates":[17.6367447,59.8844695]}},{"type":"Feature","properties":{"id":1490545559,"osm_type":"node","name":"","category":"playground","tags":{"leisure":"playground"}},"geometry":{"type":"Point","coordinates":[17.6397203,59.8845954]}},{"type":"Feature","properties":{"id":1490545728,"osm_type":"node","name":"","category":"playground","tags":{"leisure":"playground"}},"geometry":{"type":"Point","coordinates":[17.637698,59.8853388]}},{"type":"Feature","properties":{"id":1490545778,"osm_type":"node","name":"","category":"playground","tags":{"leisure":"playground"}},"geometry":{"type":"Point","coordinates":[17.637777,59.8855225]}},{"type":"Feature","properties":{"id":1490545993,"osm_type":"node","name":"","category":"playground","tags":{"leisure":"playground"}},"geometry":{"type":"Point","coordinates":[17.6382851,59.886597]}},{"type":"Feature","properties":{"id":1495170491,"osm_type":"node","name":"","category":"playground","tags":{"leisure":"playground"}},"geometry":{"type":"Point","coordinates":[17.6386807,59.8826338]}},{"type":"Feature","properties":{"id":1495170636,"osm_type":"node","name":"","category":"playground","tags":{"leisure":"playground"}},"geometry":{"type":"Point","coordinates":[17.6363648,59.8832253]}},{"type":"Feature","properties":{"id":1495170706,"osm_type":"node","name":"","category":"playground","tags":{"leisure":"playground"}},"geometry":{"type":"Point","coordinates":[17.6381905,59.8835961]}},{"type":"Feature","properties":{"id":1495171098,"osm_type":"node","name":"","category":"playground","tags":{"leisure":"playground"}},"geometry":{"type":"Point","coordinates":[17.6384075,59.8845943]}},{"type":"Feature","properties":{"id":1495297631,"osm_type":"node","name":"","category":"playground","tags":{"leisure":"playground"}},"geometry":{"type":"Point","coordinates":[17.6404898,59.8828605]}},{"type":"Feature","properties":{"id":1495298288,"osm_type":"node","name":"","category":"playground","tags":{"leisure":"playground"}},"geometry":{"type":"Point","coordinates":[17.643186,59.8838187]}},{"type":"Feature","properties":{"id":1495298355,"osm_type":"node","name":"","category":"playground","tags":{"leisure":"playground"}},"geometry":{"type":"Point","coordinates":[17.641473,59.884036]}},{"type":"Feature","properties":{"id":1495298482,"osm_type":"node","name":"","category":"playground","tags":{"leisure":"playground"}},"geometry":{"type":"Point","coordinates":[17.6407399,59.8843945]}},{"type":"Feature","properties":{"id":1495298517,"osm_type":"node","name":"","category":"playground","tags":{"leisure":"playground"}},"geometry":{"type":"Point","coordinates":[17.6426956,59.8845402]}},{"type":"Feature","properties":{"id":1495298603,"osm_type":"node","name":"","category":"playground","tags":{"leisure":"playground"}},"geometry":{"type":"Point","coordinates":[17.6424639,59.8851233]}},{"type":"Feature","properties":{"id":1495298695,"osm_type":"node","name":"","category":"playground","tags":{"leisure":"playground"}},"geometry":{"type":"Point","coordinates":[17.6417892,59.8856637]}},{"type":"Feature","properties":{"id":1495514554,"osm_type":"node","name":"","category":"playground","tags":{"access":"yes","leisure":"playground"}},"geometry":{"type":"Point","coordinates":[17.6406243,59.8881524]}},{"type":"Feature","properties":{"id":1868987171,"osm_type":"node","name":"Kyrkstigens lekplats","category":"playground","tags":{"access":"yes","leisure":"playground","name":"Kyrkstigens lekplats","operator":"Uppsala kommun","source":"Bing"}},"geometry":{"type":"Point","coordinates":[17.5381093,59.946822]}},{"type":"Feature","properties":{"id":1868987188,"osm_type":"node","name":"Målstavägens lekplats","category":"playground","tags":{"access":"yes","leisure":"playground","name":"Målstavägens lekplats","operator":"Uppsala kommun","source":"Bing"}},"geometry":{"type":"Point","coordinates":[17.5375336,59.9446922]}},{"type":"Feature","properties":{"id":2144767801,"osm_type":"node","name":"","category":"playground","tags":{"leisure":"playground"}},"geometry":{"type":"Point","coordinates":[17.6386403,59.9889966]}},{"type":"Feature","properties":{"id":2288480148,"osm_type":"node","name":"","category":"playground","tags":{"leisure":"playground","wheelchair":"no"}},"geometry":{"type":"Point","coordinates":[17.633105,59.8088439]}},{"type":"Feature","properties":{"id":2604751478,"osm_type":"node","name":"","category":"playground","tags":{"leisure":"playground"}},"geometry":{"type":"Point","coordinates":[17.6356475,59.8974735]}},{"type":"Feature","properties":{"id":2927612938,"osm_type":"node","name":"","category":"playground","tags":{"leisure":"playground"}},"geometry":{"type":"Point","coordinates":[17.623586,59.8102324]}},{"type":"Feature","properties":{"id":3122889410,"osm_type":"node","name":"","category":"playground","tags":{"leisure":"playground"}},"geometry":{"type":"Point","coordinates":[17.6490676,59.8530656]}},{"type":"Feature","properties":{"id":3202346651,"osm_type":"node","name":"","category":"playground","tags":{"leisure":"playground"}},"geometry":{"type":"Point","coordinates":[17.6890035,59.8056841]}},{"type":"Feature","properties":{"id":3202347781,"osm_type":"node","name":"","category":"playground","tags":{"leisure":"playground"}},"geometry":{"type":"Point","coordinates":[17.6951564,59.809105]}},{"type":"Feature","properties":{"id":3202347788,"osm_type":"node","name":"","category":"playground","tags":{"leisure":"playground"}},"geometry":{"type":"Point","coordinates":[17.6981705,59.8098695]}},{"type":"Feature","properties":{"id":3202347789,"osm_type":"node","name":"","category":"playground","tags":{"leisure":"playground"}},"geometry":{"type":"Point","coordinates":[17.6945866,59.8098799]}},{"type":"Feature","properties":{"id":3202347792,"osm_type":"node","name":"","category":"playground","tags":{"leisure":"playground"}},"geometry":{"type":"Point","coordinates":[17.6942884,59.8107899]}},{"type":"Feature","properties":{"id":3202347793,"osm_type":"node","name":"","category":"playground","tags":{"leisure":"playground"}},"geometry":{"type":"Point","coordinates":[17.6995196,59.810977]}},{"type":"Feature","properties":{"id":3203542606,"osm_type":"node","name":"Piratlekplats","category":"playground","tags":{"leisure":"playground","name":"Piratlekplats","name:en":"Pirate playground"}},"geometry":{"type":"Point","coordinates":[17.6976127,59.9569294]}},{"type":"Feature","properties":{"id":3203580334,"osm_type":"node","name":"","category":"playground","tags":{"access":"yes","leisure":"playground"}},"geometry":{"type":"Point","coordinates":[17.7097256,59.9580098]}},{"type":"Feature","properties":{"id":3763543596,"osm_type":"node","name":"","category":"playground","tags":{"leisure":"playground"}},"geometry":{"type":"Point","coordinates":[17.6420419,59.8778104]}},{"type":"Feature","properties":{"id":3763543597,"osm_type":"node","name":"","category":"playground","tags":{"leisure":"playground"}},"geometry":{"type":"Point","coordinates":[17.6474332,59.8760632]}},{"type":"Feature","properties":{"id":3763543598,"osm_type":"node","name":"","category":"playground","tags":{"leisure":"playground"}},"geometry":{"type":"Point","coordinates":[17.6466393,59.8753686]}},{"type":"Feature","properties":{"id":3872603175,"osm_type":"node","name":"","category":"playground","tags":{"leisure":"playground"}},"geometry":{"type":"Point","coordinates":[17.6105349,59.8040865]}},{"type":"Feature","properties":{"id":3872603199,"osm_type":"node","name":"","category":"playground","tags":{"leisure":"playground"}},"geometry":{"type":"Point","coordinates":[17.6094241,59.8024161]}},{"type":"Feature","properties":{"id":3872603200,"osm_type":"node","name":"","category":"playground","tags":{"leisure":"playground"}},"geometry":{"type":"Point","coordinates":[17.6094684,59.8027168]}},{"type":"Feature","properties":{"id":3872603568,"osm_type":"node","name":"Anneroparken","category":"playground","tags":{"leisure":"playground","name":"Anneroparken"}},"geometry":{"type":"Point","coordinates":[17.6107043,59.8046607]}},{"type":"Feature","properties":{"id":3961891557,"osm_type":"node","name":"","category":"playground","tags":{"leisure":"playground"}},"geometry":{"type":"Point","coordinates":[17.6258469,59.8662261]}},{"type":"Feature","properties":{"id":4194049271,"osm_type":"node","name":"","category":"playground","tags":{"leisure":"playground"}},"geometry":{"type":"Point","coordinates":[17.6984894,59.8113178]}},{"type":"Feature","properties":{"id":4339510492,"osm_type":"node","name":"","category":"playground","tags":{"leisure":"playground"}},"geometry":{"type":"Point","coordinates":[17.6862162,59.8653679]}},{"type":"Feature","properties":{"id":4340093009,"osm_type":"node","name":"","category":"playground","tags":{"leisure":"playground"}},"geometry":{"type":"Point","coordinates":[17.6985563,59.8673609]}},{"type":"Feature","properties":{"id":4340276659,"osm_type":"node","name":"","category":"playground","tags":{"access":"yes","leisure":"playground"}},"geometry":{"type":"Point","coordinates":[17.6515654,59.8691899]}},{"type":"Feature","properties":{"id":4345079162,"osm_type":"node","name":"","category":"playground","tags":{"leisure":"playground"}},"geometry":{"type":"Point","coordinates":[17.6620371,59.8737336]}},{"type":"Feature","properties":{"id":4345080206,"osm_type":"node","name":"","category":"playground","tags":{"access":"yes","leisure":"playground"}},"geometry":{"type":"Point","coordinates":[17.6560654,59.87171]}},{"type":"Feature","properties":{"id":4345434209,"osm_type":"node","name":"Röbo naturlekplats","category":"playground","tags":{"access":"yes","leisure":"playground","name":"Röbo naturlekplats","operator":"Uppsala kommun"}},"geometry":{"type":"Point","coordinates":[17.625123,59.8834667]}},{"type":"Feature","properties":{"id":4362540549,"osm_type":"node","name":"","category":"playground","tags":{"access":"yes","leisure":"playground"}},"geometry":{"type":"Point","coordinates":[17.6688724,59.8663575]}},{"type":"Feature","properties":{"id":4808450639,"osm_type":"node","name":"","category":"playground","tags":{"leisure":"playground"}},"geometry":{"type":"Point","coordinates":[17.6403776,59.8625585]}},{"type":"Feature","properties":{"id":5139782323,"osm_type":"node","name":"","category":"playground","tags":{"leisure":"playground"}},"geometry":{"type":"Point","coordinates":[17.6672414,59.8674332]}},{"type":"Feature","properties":{"id":6276850287,"osm_type":"node","name":"Lyckans lekplats","category":"playground","tags":{"access":"yes","addr:street":"Hammarbyvägen","leisure":"playground","name":"Lyckans lekplats","phone":"+46 18 727 00 00"}},"geometry":{"type":"Point","coordinates":[17.6663295,59.8591034]}},{"type":"Feature","properties":{"id":6276927327,"osm_type":"node","name":"","category":"playground","tags":{"leisure":"playground"}},"geometry":{"type":"Point","coordinates":[17.6824071,59.8208151]}},{"type":"Feature","properties":{"id":6276972214,"osm_type":"node","name":"","category":"playground","tags":{"leisure":"playground"}},"geometry":{"type":"Point","coordinates":[17.6361549,59.7899566]}},{"type":"Feature","properties":{"id":6601832773,"osm_type":"node","name":"","category":"playground","tags":{"leisure":"playground"}},"geometry":{"type":"Point","coordinates":[17.7055085,59.961637]}},{"type":"Feature","properties":{"id":6715577790,"osm_type":"node","name":"","category":"playground","tags":{"leisure":"playground"}},"geometry":{"type":"Point","coordinates":[17.5521604,59.8478464]}},{"type":"Feature","properties":{"id":7668836976,"osm_type":"node","name":"","category":"playground","tags":{"access":"yes","leisure":"playground"}},"geometry":{"type":"Point","coordinates":[17.6362444,59.869593]}},{"type":"Feature","properties":{"id":7668861852,"osm_type":"node","name":"","category":"playground","tags":{"access":"yes","leisure":"playground"}},"geometry":{"type":"Point","coordinates":[17.6372196,59.8695846]}},{"type":"Feature","properties":{"id":8242421409,"osm_type":"node","name":"Klosterparkens lekplats","category":"playground","tags":{"access":"yes","addr:street":"Klostergatan","description":"Öppen lekplats med klätterställning etc.","indoor":"no","leisure":"playground","name":"Klosterparkens lekplats","operator":"Uppsala Kommun","playground:theme":"medieval","surface":"stone","wheelchair":"limited"}},"geometry":{"type":"Point","coordinates":[17.6356336,59.8597307]}},{"type":"Feature","properties":{"id":9394660065,"osm_type":"node","name":"","category":"playground","tags":{"leisure":"playground"}},"geometry":{"type":"Point","coordinates":[17.6510791,59.8925302]}},{"type":"Feature","properties":{"id":9394688880,"osm_type":"node","name":"Kastellparken","category":"playground","tags":{"access":"yes","leisure":"playground","name":"Kastellparken","operator":"Uppsala Kommun","playground:theme":"car","surface":"asphalt"}},"geometry":{"type":"Point","coordinates":[17.6500027,59.8868685]}},{"type":"Feature","properties":{"id":9415809010,"osm_type":"node","name":"","category":"playground","tags":{"access":"yes","leisure":"playground","surface":"gravel"}},"geometry":{"type":"Point","coordinates":[17.5648049,59.858184]}},{"type":"Feature","properties":{"id":9532331006,"osm_type":"node","name":"","category":"playground","tags":{"leisure":"playground"}},"geometry":{"type":"Point","coordinates":[17.620366,59.7938069]}},{"type":"Feature","properties":{"id":9532367112,"osm_type":"node","name":"","category":"playground","tags":{"leisure":"playground"}},"geometry":{"type":"Point","coordinates":[17.6906387,59.8182534]}},{"type":"Feature","properties":{"id":9532371145,"osm_type":"node","name":"","category":"playground","tags":{"leisure":"playground"}},"geometry":{"type":"Point","coordinates":[17.6451772,59.8164103]}},{"type":"Feature","properties":{"id":9532371981,"osm_type":"node","name":"","category":"playground","tags":{"leisure":"playground"}},"geometry":{"type":"Point","coordinates":[17.605542,59.8663791]}},{"type":"Feature","properties":{"id":9844195129,"osm_type":"node","name":"Vallarparkens Lekplats","category":"playground","tags":{"addr:street":"Norbyvägen / Norra Parkvägen","leisure":"playground","name":"Vallarparkens Lekplats"}},"geometry":{"type":"Point","coordinates":[17.6159091,59.832886]}},{"type":"Feature","properties":{"id":10107016633,"osm_type":"node","name":"Fjärdingsvägens lekplats","category":"playground","tags":{"access":"yes","leisure":"playground","name":"Fjärdingsvägens lekplats","operator":"Uppsala kommun"}},"geometry":{"type":"Point","coordinates":[17.5321144,59.9540621]}},{"type":"Feature","properties":{"id":10107016634,"osm_type":"node","name":"Flädervägens lekplats","category":"playground","tags":{"access":"yes","leisure":"playground","name":"Flädervägens lekplats","operator":"Uppsala kommun"}},"geometry":{"type":"Point","coordinates":[17.5753543,59.9607763]}},{"type":"Feature","properties":{"id":10537585713,"osm_type":"node","name":"Gatstenens lekplats","category":"playground","tags":{"access":"yes","leisure":"playground","name":"Gatstenens lekplats"}},"geometry":{"type":"Point","coordinates":[17.5680204,59.8534336]}},{"type":"Feature","properties":{"id":10537585725,"osm_type":"node","name":"","category":"playground","tags":{"leisure":"playground"}},"geometry":{"type":"Point","coordinates":[17.5687581,59.8514673]}},{"type":"Feature","properties":{"id":10537585726,"osm_type":"node","name":"","category":"playground","tags":{"leisure":"playground"}},"geometry":{"type":"Point","coordinates":[17.5668913,59.8508335]}},{"type":"Feature","properties":{"id":10537585727,"osm_type":"node","name":"","category":"playground","tags":{"leisure":"playground"}},"geometry":{"type":"Point","coordinates":[17.5653754,59.850815]}},{"type":"Feature","properties":{"id":10537585728,"osm_type":"node","name":"","category":"playground","tags":{"access":"yes","leisure":"playground"}},"geometry":{"type":"Point","coordinates":[17.5637825,59.8508707]}},{"type":"Feature","properties":{"id":10537585729,"osm_type":"node","name":"","category":"playground","tags":{"access":"yes","leisure":"playground"}},"geometry":{"type":"Point","coordinates":[17.5629567,59.851317]}},{"type":"Feature","properties":{"id":10537585731,"osm_type":"node","name":"","category":"playground","tags":{"leisure":"playground"}},"geometry":{"type":"Point","coordinates":[17.5646299,59.8526678]}},{"type":"Feature","properties":{"id":10537585732,"osm_type":"node","name":"","category":"playground","tags":{"leisure":"playground"}},"geometry":{"type":"Point","coordinates":[17.5648928,59.8529682]}},{"type":"Feature","properties":{"id":10537585733,"osm_type":"node","name":"","category":"playground","tags":{"leisure":"playground"}},"geometry":{"type":"Point","coordinates":[17.5662169,59.8528184]}},{"type":"Feature","properties":{"id":10537585734,"osm_type":"node","name":"","category":"playground","tags":{"leisure":"playground"}},"geometry":{"type":"Point","coordinates":[17.5675945,59.852516]}},{"type":"Feature","properties":{"id":10537585735,"osm_type":"node","name":"","category":"playground","tags":{"leisure":"playground"}},"geometry":{"type":"Point","coordinates":[17.5675697,59.8528786]}},{"type":"Feature","properties":{"id":11077853335,"osm_type":"node","name":"","category":"playground","tags":{"access":"yes","leisure":"playground"}},"geometry":{"type":"Point","coordinates":[17.6698069,59.8776756]}},{"type":"Feature","properties":{"id":11099842401,"osm_type":"node","name":"","category":"playground","tags":{"access":"yes","leisure":"playground"}},"geometry":{"type":"Point","coordinates":[17.5373273,59.9456964]}},{"type":"Feature","properties":{"id":11945790855,"osm_type":"node","name":"Trädgårdslandet","category":"playground","tags":{"leisure":"playground","name":"Trädgårdslandet"}},"geometry":{"type":"Point","coordinates":[17.6546027,59.835054]}},{"type":"Feature","properties":{"id":12056572975,"osm_type":"node","name":"","category":"playground","tags":{"access":"yes","leisure":"playground","operator":"Uppsalahem"}},"geometry":{"type":"Point","coordinates":[17.6758956,59.8668379]}},{"type":"Feature","properties":{"id":13045613458,"osm_type":"node","name":"","category":"playground","tags":{"leisure":"playground"}},"geometry":{"type":"Point","coordinates":[17.6084804,59.8736206]}},{"type":"Feature","properties":{"id":13123043654,"osm_type":"node","name":"Lyrikparken","category":"playground","tags":{"amenity":"shelter","leisure":"playground","name":"Lyrikparken","panoramax":"4db2ed4b-860e-411d-99cf-8a6b42390892"}},"geometry":{"type":"Point","coordinates":[17.650053,59.8322692]}},{"type":"Feature","properties":{"id":13123213080,"osm_type":"node","name":"","category":"playground","tags":{"leisure":"playground"}},"geometry":{"type":"Point","coordinates":[17.6520167,59.8309527]}},{"type":"Feature","properties":{"id":13893716591,"osm_type":"node","name":"","category":"playground","tags":{"leisure":"playground"}},"geometry":{"type":"Point","coordinates":[17.6272995,59.8688672]}},{"type":"Feature","properties":{"id":28291521,"osm_type":"way","name":"Naturstensparkens lekplats","category":"playground","tags":{"access":"yes","leisure":"playground","name":"Naturstensparkens lekplats"}},"geometry":{"type":"Point","coordinates":[17.5507278,59.8501985]}},{"type":"Feature","properties":{"id":32008404,"osm_type":"way","name":"","category":"playground","tags":{"leisure":"playground"}},"geometry":{"type":"Point","coordinates":[17.6052118,59.8417292]}},{"type":"Feature","properties":{"id":32014433,"osm_type":"way","name":"","category":"playground","tags":{"leisure":"playground"}},"geometry":{"type":"Point","coordinates":[17.6059125,59.8434052]}},{"type":"Feature","properties":{"id":32015138,"osm_type":"way","name":"","category":"playground","tags":{"leisure":"playground"}},"geometry":{"type":"Point","coordinates":[17.605677,59.8422815]}},{"type":"Feature","properties":{"id":32015159,"osm_type":"way","name":"","category":"playground","tags":{"leisure":"playground"}},"geometry":{"type":"Point","coordinates":[17.6065801,59.8412562]}},{"type":"Feature","properties":{"id":32027897,"osm_type":"way","name":"","category":"playground","tags":{"access":"yes","leisure":"playground"}},"geometry":{"type":"Point","coordinates":[17.6082148,59.8394438]}},{"type":"Feature","properties":{"id":32027900,"osm_type":"way","name":"","category":"playground","tags":{"access":"yes","leisure":"playground"}},"geometry":{"type":"Point","coordinates":[17.6080628,59.8392488]}},{"type":"Feature","properties":{"id":32028244,"osm_type":"way","name":"","category":"playground","tags":{"leisure":"playground"}},"geometry":{"type":"Point","coordinates":[17.6075459,59.8369324]}},{"type":"Feature","properties":{"id":32028322,"osm_type":"way","name":"","category":"playground","tags":{"created_by":"Potlatch 0.10f","leisure":"playground"}},"geometry":{"type":"Point","coordinates":[17.6025065,59.8377973]}},{"type":"Feature","properties":{"id":32028376,"osm_type":"way","name":"Norbyvretens lekplats","category":"playground","tags":{"leisure":"playground","name":"Norbyvretens lekplats"}},"geometry":{"type":"Point","coordinates":[17.6178567,59.8411202]}},{"type":"Feature","properties":{"id":32055299,"osm_type":"way","name":"","category":"playground","tags":{"created_by":"Potlatch 0.10f","leisure":"playground"}},"geometry":{"type":"Point","coordinates":[17.6122116,59.8464711]}},{"type":"Feature","properties":{"id":32057720,"osm_type":"way","name":"","category":"playground","tags":{"leisure":"playground"}},"geometry":{"type":"Point","coordinates":[17.6112798,59.8382549]}},{"type":"Feature","properties":{"id":32059092,"osm_type":"way","name":"","category":"playground","tags":{"barrier":"fence","leisure":"playground"}},"geometry":{"type":"Point","coordinates":[17.6041665,59.8389156]}},{"type":"Feature","properties":{"id":32062388,"osm_type":"way","name":"Flogstaparken Norra","category":"playground","tags":{"access":"yes","addr:street":"Sernanders Väg","leisure":"playground","name":"Flogstaparken Norra"}},"geometry":{"type":"Point","coordinates":[17.585673,59.8493741]}},{"type":"Feature","properties":{"id":32109050,"osm_type":"way","name":"","category":"playground","tags":{"leisure":"playground"}},"geometry":{"type":"Point","coordinates":[17.6225147,59.8458846]}},{"type":"Feature","properties":{"id":32195979,"osm_type":"way","name":"","category":"playground","tags":{"leisure":"playground"}},"geometry":{"type":"Point","coordinates":[17.606902,59.8426489]}},{"type":"Feature","properties":{"id":32196692,"osm_type":"way","name":"","category":"playground","tags":{"leisure":"playground"}},"geometry":{"type":"Point","coordinates":[17.602408,59.8415735]}},{"type":"Feature","properties":{"id":32196829,"osm_type":"way","name":"","category":"playground","tags":{"leisure":"playground"}},"geometry":{"type":"Point","coordinates":[17.597513,59.8415129]}},{"type":"Feature","properties":{"id":32244227,"osm_type":"way","name":"Sankt Göransparken","category":"playground","tags":{"access":"yes","leisure":"playground","name":"Sankt Göransparken","short_name":"S:t Göransparken"}},"geometry":{"type":"Point","coordinates":[17.6516665,59.8612639]}},{"type":"Feature","properties":{"id":32255812,"osm_type":"way","name":"","category":"playground","tags":{"leisure":"playground"}},"geometry":{"type":"Point","coordinates":[17.5749799,59.8383542]}},{"type":"Feature","properties":{"id":32255877,"osm_type":"way","name":"","category":"playground","tags":{"leisure":"playground"}},"geometry":{"type":"Point","coordinates":[17.5794604,59.8389522]}},{"type":"Feature","properties":{"id":52101251,"osm_type":"way","name":"","category":"playground","tags":{"access":"yes","leisure":"playground"}},"geometry":{"type":"Point","coordinates":[17.6721344,59.8679369]}},{"type":"Feature","properties":{"id":58004815,"osm_type":"way","name":"","category":"playground","tags":{"access":"yes","leisure":"playground","wheelchair":"yes"}},"geometry":{"type":"Point","coordinates":[17.6421826,59.8526255]}},{"type":"Feature","properties":{"id":65732516,"osm_type":"way","name":"","category":"playground","tags":{"access":"yes","leisure":"playground"}},"geometry":{"type":"Point","coordinates":[17.644407,59.8719543]}},{"type":"Feature","properties":{"id":77928986,"osm_type":"way","name":"Svankärrsparken","category":"playground","tags":{"leisure":"playground","name":"Svankärrsparken"}},"geometry":{"type":"Point","coordinates":[17.6392214,59.7910248]}},{"type":"Feature","properties":{"id":77929134,"osm_type":"way","name":"Tallparken","category":"playground","tags":{"leisure":"playground","name":"Tallparken"}},"geometry":{"type":"Point","coordinates":[17.6315757,59.8052828]}},{"type":"Feature","properties":{"id":78415882,"osm_type":"way","name":"Batteriparkens lekplats","category":"playground","tags":{"access":"yes","addr:street":"Döbelnsgatan","leisure":"playground","name":"Batteriparkens lekplats","operator":"Uppsala Kommun","phone":"+46 18 727 00 00","surface":"sand","website":"https://www.uppsala.se/kultur-och-fritid/natur-parker-och-friluftsliv/parker-lekplatser-och-hundrastgardar/lekplatser/batteriparkens-lekplats/"}},"geometry":{"type":"Point","coordinates":[17.6354056,59.8464138]}},{"type":"Feature","properties":{"id":79507609,"osm_type":"way","name":"I målarens trädgård","category":"playground","tags":{"leisure":"playground","name":"I målarens trädgård"}},"geometry":{"type":"Point","coordinates":[17.6153965,59.8260084]}},{"type":"Feature","properties":{"id":80339009,"osm_type":"way","name":"","category":"playground","tags":{"leisure":"playground"}},"geometry":{"type":"Point","coordinates":[17.6324196,59.7883868]}},{"type":"Feature","properties":{"id":80359510,"osm_type":"way","name":"","category":"playground","tags":{"leisure":"playground"}},"geometry":{"type":"Point","coordinates":[17.6593679,59.8201747]}},{"type":"Feature","properties":{"id":81079130,"osm_type":"way","name":"Cirkusparken","category":"playground","tags":{"access":"yes","leisure":"playground","name":"Cirkusparken"}},"geometry":{"type":"Point","coordinates":[17.6656091,59.8611894]}},{"type":"Feature","properties":{"id":82227284,"osm_type":"way","name":"","category":"playground","tags":{"leisure":"playground"}},"geometry":{"type":"Point","coordinates":[17.6223155,59.8070694]}},{"type":"Feature","properties":{"id":82227495,"osm_type":"way","name":"","category":"playground","tags":{"leisure":"playground"}},"geometry":{"type":"Point","coordinates":[17.6213819,59.8081123]}},{"type":"Feature","properties":{"id":82227924,"osm_type":"way","name":"","category":"playground","tags":{"leisure":"playground"}},"geometry":{"type":"Point","coordinates":[17.6194518,59.8090763]}},{"type":"Feature","properties":{"id":82227926,"osm_type":"way","name":"","category":"playground","tags":{"leisure":"playground"}},"geometry":{"type":"Point","coordinates":[17.6185496,59.8094724]}},{"type":"Feature","properties":{"id":82228655,"osm_type":"way","name":"","category":"playground","tags":{"leisure":"playground"}},"geometry":{"type":"Point","coordinates":[17.63088,59.8033944]}},{"type":"Feature","properties":{"id":82230652,"osm_type":"way","name":"","category":"playground","tags":{"leisure":"playground"}},"geometry":{"type":"Point","coordinates":[17.6229134,59.8051225]}},{"type":"Feature","properties":{"id":82362260,"osm_type":"way","name":"","category":"playground","tags":{"leisure":"playground"}},"geometry":{"type":"Point","coordinates":[17.6217374,59.8097259]}},{"type":"Feature","properties":{"id":82362261,"osm_type":"way","name":"","category":"playground","tags":{"leisure":"playground"}},"geometry":{"type":"Point","coordinates":[17.6211128,59.8102309]}},{"type":"Feature","properties":{"id":84458479,"osm_type":"way","name":"Giraffparken","category":"playground","tags":{"access":"yes","leisure":"playground","name":"Giraffparken"}},"geometry":{"type":"Point","coordinates":[17.6116555,59.8614316]}},{"type":"Feature","properties":{"id":85469977,"osm_type":"way","name":"","category":"playground","tags":{"leisure":"playground"}},"geometry":{"type":"Point","coordinates":[17.6525233,59.8291539]}},{"type":"Feature","properties":{"id":85470224,"osm_type":"way","name":"","category":"playground","tags":{"leisure":"playground"}},"geometry":{"type":"Point","coordinates":[17.6495398,59.8310814]}},{"type":"Feature","properties":{"id":85564406,"osm_type":"way","name":"Holmvägens lekplats","category":"playground","tags":{"alt_name":"Grågåsparken","leisure":"playground","name":"Holmvägens lekplats"}},"geometry":{"type":"Point","coordinates":[17.6561951,59.8046439]}},{"type":"Feature","properties":{"id":85564919,"osm_type":"way","name":"","category":"playground","tags":{"leisure":"playground"}},"geometry":{"type":"Point","coordinates":[17.6484769,59.8007645]}},{"type":"Feature","properties":{"id":85565601,"osm_type":"way","name":"","category":"playground","tags":{"leisure":"playground"}},"geometry":{"type":"Point","coordinates":[17.6550928,59.8038024]}},{"type":"Feature","properties":{"id":85585495,"osm_type":"way","name":"","category":"playground","tags":{"leisure":"playground"}},"geometry":{"type":"Point","coordinates":[17.6489625,59.8296062]}},{"type":"Feature","properties":{"id":88523213,"osm_type":"way","name":"","category":"playground","tags":{"leisure":"playground"}},"geometry":{"type":"Point","coordinates":[17.6976803,59.8639271]}},{"type":"Feature","properties":{"id":88523251,"osm_type":"way","name":"","category":"playground","tags":{"leisure":"playground"}},"geometry":{"type":"Point","coordinates":[17.6956163,59.8650073]}},{"type":"Feature","properties":{"id":88523269,"osm_type":"way","name":"","category":"playground","tags":{"access":"yes","leisure":"playground"}},"geometry":{"type":"Point","coordinates":[17.6910905,59.8640041]}},{"type":"Feature","properties":{"id":88523296,"osm_type":"way","name":"","category":"playground","tags":{"leisure":"playground"}},"geometry":{"type":"Point","coordinates":[17.6968904,59.8636602]}},{"type":"Feature","properties":{"id":88523299,"osm_type":"way","name":"","category":"playground","tags":{"access":"yes","leisure":"playground"}},"geometry":{"type":"Point","coordinates":[17.6904668,59.8646717]}},{"type":"Feature","properties":{"id":88523305,"osm_type":"way","name":"","category":"playground","tags":{"access":"yes","leisure":"playground"}},"geometry":{"type":"Point","coordinates":[17.6902107,59.8623651]}},{"type":"Feature","properties":{"id":88523310,"osm_type":"way","name":"","category":"playground","tags":{"access":"yes","leisure":"playground"}},"geometry":{"type":"Point","coordinates":[17.6941858,59.8633314]}},{"type":"Feature","properties":{"id":88523319,"osm_type":"way","name":"","category":"playground","tags":{"leisure":"playground"}},"geometry":{"type":"Point","coordinates":[17.6950849,59.8653685]}},{"type":"Feature","properties":{"id":88523349,"osm_type":"way","name":"","category":"playground","tags":{"leisure":"playground"}},"geometry":{"type":"Point","coordinates":[17.6865973,59.8623494]}},{"type":"Feature","properties":{"id":88523351,"osm_type":"way","name":"","category":"playground","tags":{"leisure":"playground"}},"geometry":{"type":"Point","coordinates":[17.6940458,59.8659162]}},{"type":"Feature","properties":{"id":88523383,"osm_type":"way","name":"","category":"playground","tags":{"access":"yes","leisure":"playground"}},"geometry":{"type":"Point","coordinates":[17.6915186,59.8649672]}},{"type":"Feature","properties":{"id":88523453,"osm_type":"way","name":"","category":"playground","tags":{"leisure":"playground"}},"geometry":{"type":"Point","coordinates":[17.6988157,59.8641493]}},{"type":"Feature","properties":{"id":88523521,"osm_type":"way","name":"","category":"playground","tags":{"access":"yes","leisure":"playground"}},"geometry":{"type":"Point","coordinates":[17.6889179,59.8628718]}},{"type":"Feature","properties":{"id":88523543,"osm_type":"way","name":"","category":"playground","tags":{"leisure":"playground"}},"geometry":{"type":"Point","coordinates":[17.6926042,59.8639724]}},{"type":"Feature","properties":{"id":88523557,"osm_type":"way","name":"","category":"playground","tags":{"access":"yes","leisure":"playground"}},"geometry":{"type":"Point","coordinates":[17.6920764,59.8643531]}},{"type":"Feature","properties":{"id":88523579,"osm_type":"way","name":"","category":"playground","tags":{"access":"yes","leisure":"playground"}},"geometry":{"type":"Point","coordinates":[17.690254,59.8650284]}},{"type":"Feature","properties":{"id":88523583,"osm_type":"way","name":"","category":"playground","tags":{"access":"yes","leisure":"playground"}},"geometry":{"type":"Point","coordinates":[17.6950492,59.8634689]}},{"type":"Feature","properties":{"id":88523601,"osm_type":"way","name":"","category":"playground","tags":{"access":"yes","leisure":"playground"}},"geometry":{"type":"Point","coordinates":[17.6912908,59.8654667]}},{"type":"Feature","properties":{"id":88523610,"osm_type":"way","name":"","category":"playground","tags":{"access":"yes","leisure":"playground"}},"geometry":{"type":"Point","coordinates":[17.6921922,59.863]}},{"type":"Feature","properties":{"id":88523617,"osm_type":"way","name":"","category":"playground","tags":{"access":"yes","leisure":"playground"}},"geometry":{"type":"Point","coordinates":[17.6885296,59.8632872]}},{"type":"Feature","properties":{"id":88523706,"osm_type":"way","name":"","category":"playground","tags":{"access":"yes","leisure":"playground"}},"geometry":{"type":"Point","coordinates":[17.6890989,59.8621234]}},{"type":"Feature","properties":{"id":88523715,"osm_type":"way","name":"","category":"playground","tags":{"access":"yes","leisure":"playground"}},"geometry":{"type":"Point","coordinates":[17.6916218,59.8634904]}},{"type":"Feature","properties":{"id":88523720,"osm_type":"way","name":"","category":"playground","tags":{"leisure":"playground"}},"geometry":{"type":"Point","coordinates":[17.6965753,59.8644591]}},{"type":"Feature","properties":{"id":88600978,"osm_type":"way","name":"","category":"playground","tags":{"access":"yes","leisure":"playground"}},"geometry":{"type":"Point","coordinates":[17.678132,59.8636386]}},{"type":"Feature","properties":{"id":89538878,"osm_type":"way","name":"","category":"playground","tags":{"leisure":"playground"}},"geometry":{"type":"Point","coordinates":[17.6488991,59.8293024]}},{"type":"Feature","properties":{"id":95454436,"osm_type":"way","name":"Skivlingparken","category":"playground","tags":{"leisure":"playground","name":"Skivlingparken"}},"geometry":{"type":"Point","coordinates":[17.6265498,59.8268474]}},{"type":"Feature","properties":{"id":95569663,"osm_type":"way","name":"","category":"playground","tags":{"leisure":"playground"}},"geometry":{"type":"Point","coordinates":[17.6064364,59.836353]}},{"type":"Feature","properties":{"id":95569711,"osm_type":"way","name":"","category":"playground","tags":{"leisure":"playground"}},"geometry":{"type":"Point","coordinates":[17.6092037,59.8363054]}},{"type":"Feature","properties":{"id":95704944,"osm_type":"way","name":"Arosparken","category":"playground","tags":{"access":"yes","alt_name":"Muminparken","blind":"yes","indoor":"no","leisure":"playground","name":"Arosparken","playground:theme":"moomin","source":"survey","surface":"grass","wheelchair":"yes"}},"geometry":{"type":"Point","coordinates":[17.6140135,59.8488315]}},{"type":"Feature","properties":{"id":95981065,"osm_type":"way","name":"","category":"playground","tags":{"leisure":"playground"}},"geometry":{"type":"Point","coordinates":[17.6171292,59.8185346]}},{"type":"Feature","properties":{"id":96046684,"osm_type":"way","name":"","category":"playground","tags":{"leisure":"playground"}},"geometry":{"type":"Point","coordinates":[17.61448,59.8370223]}},{"type":"Feature","properties":{"id":96046685,"osm_type":"way","name":"","category":"playground","tags":{"leisure":"playground"}},"geometry":{"type":"Point","coordinates":[17.6155293,59.8377041]}},{"type":"Feature","properties":{"id":96046695,"osm_type":"way","name":"","category":"playground","tags":{"leisure":"playground"}},"geometry":{"type":"Point","coordinates":[17.6130837,59.8368816]}},{"type":"Feature","properties":{"id":96046698,"osm_type":"way","name":"","category":"playground","tags":{"leisure":"playground"}},"geometry":{"type":"Point","coordinates":[17.6138817,59.8386016]}},{"type":"Feature","properties":{"id":96046704,"osm_type":"way","name":"","category":"playground","tags":{"leisure":"playground"}},"geometry":{"type":"Point","coordinates":[17.6154863,59.838699]}},{"type":"Feature","properties":{"id":96131250,"osm_type":"way","name":"","category":"playground","tags":{"leisure":"playground"}},"geometry":{"type":"Point","coordinates":[17.6130745,59.8254113]}},{"type":"Feature","properties":{"id":96131305,"osm_type":"way","name":"","category":"playground","tags":{"leisure":"playground"}},"geometry":{"type":"Point","coordinates":[17.610348,59.8259625]}},{"type":"Feature","properties":{"id":96131311,"osm_type":"way","name":"","category":"playground","tags":{"leisure":"playground"}},"geometry":{"type":"Point","coordinates":[17.6122146,59.8263224]}},{"type":"Feature","properties":{"id":96131355,"osm_type":"way","name":"","category":"playground","tags":{"leisure":"playground"}},"geometry":{"type":"Point","coordinates":[17.6135741,59.826065]}},{"type":"Feature","properties":{"id":96131358,"osm_type":"way","name":"","category":"playground","tags":{"leisure":"playground"}},"geometry":{"type":"Point","coordinates":[17.6110136,59.8264796]}},{"type":"Feature","properties":{"id":96152285,"osm_type":"way","name":"","category":"playground","tags":{"leisure":"playground"}},"geometry":{"type":"Point","coordinates":[17.6190187,59.818]}},{"type":"Feature","properties":{"id":96576059,"osm_type":"way","name":"","category":"playground","tags":{"leisure":"playground"}},"geometry":{"type":"Point","coordinates":[17.5951333,59.8409816]}},{"type":"Feature","properties":{"id":96576068,"osm_type":"way","name":"","category":"playground","tags":{"leisure":"playground"}},"geometry":{"type":"Point","coordinates":[17.5943194,59.8406744]}},{"type":"Feature","properties":{"id":96577263,"osm_type":"way","name":"","category":"playground","tags":{"leisure":"playground"}},"geometry":{"type":"Point","coordinates":[17.5983559,59.8417632]}},{"type":"Feature","properties":{"id":96584721,"osm_type":"way","name":"","category":"playground","tags":{"access":"yes","leisure":"playground"}},"geometry":{"type":"Point","coordinates":[17.5967988,59.8402004]}},{"type":"Feature","properties":{"id":96584729,"osm_type":"way","name":"","category":"playground","tags":{"leisure":"playground"}},"geometry":{"type":"Point","coordinates":[17.5969939,59.8405522]}},{"type":"Feature","properties":{"id":96584747,"osm_type":"way","name":"","category":"playground","tags":{"leisure":"playground"}},"geometry":{"type":"Point","coordinates":[17.5979228,59.8402915]}},{"type":"Feature","properties":{"id":96689298,"osm_type":"way","name":"","category":"playground","tags":{"leisure":"playground"}},"geometry":{"type":"Point","coordinates":[17.6032596,59.8425491]}},{"type":"Feature","properties":{"id":96802249,"osm_type":"way","name":"","category":"playground","tags":{"leisure":"playground"}},"geometry":{"type":"Point","coordinates":[17.6023987,59.8431511]}},{"type":"Feature","properties":{"id":96926375,"osm_type":"way","name":"","category":"playground","tags":{"leisure":"playground"}},"geometry":{"type":"Point","coordinates":[17.5946133,59.839362]}},{"type":"Feature","properties":{"id":97727125,"osm_type":"way","name":"","category":"playground","tags":{"leisure":"playground","note":"Is this really a playground ?"}},"geometry":{"type":"Point","coordinates":[17.6084885,59.8479999]}},{"type":"Feature","properties":{"id":97736113,"osm_type":"way","name":"Pelle Svanslös","category":"playground","tags":{"access":"yes","leisure":"playground","name":"Pelle Svanslös","wikidata":"Q31899382"}},"geometry":{"type":"Point","coordinates":[17.6291581,59.8549318]}},{"type":"Feature","properties":{"id":99728413,"osm_type":"way","name":"","category":"playground","tags":{"leisure":"playground"}},"geometry":{"type":"Point","coordinates":[17.682322,59.8697116]}},{"type":"Feature","properties":{"id":99728455,"osm_type":"way","name":"","category":"playground","tags":{"leisure":"playground"}},"geometry":{"type":"Point","coordinates":[17.6816576,59.8718053]}},{"type":"Feature","properties":{"id":99728473,"osm_type":"way","name":"","category":"playground","tags":{"leisure":"playground"}},"geometry":{"type":"Point","coordinates":[17.6857765,59.872585]}},{"type":"Feature","properties":{"id":99728573,"osm_type":"way","name":"","category":"playground","tags":{"access":"yes","leisure":"playground"}},"geometry":{"type":"Point","coordinates":[17.685857,59.8702922]}},{"type":"Feature","properties":{"id":99830748,"osm_type":"way","name":"","category":"playground","tags":{"leisure":"playground"}},"geometry":{"type":"Point","coordinates":[17.6894328,59.8708039]}},{"type":"Feature","properties":{"id":99938867,"osm_type":"way","name":"","category":"playground","tags":{"leisure":"playground"}},"geometry":{"type":"Point","coordinates":[17.6830763,59.8679895]}},{"type":"Feature","properties":{"id":99938921,"osm_type":"way","name":"","category":"playground","tags":{"leisure":"playground"}},"geometry":{"type":"Point","coordinates":[17.681998,59.8680325]}},{"type":"Feature","properties":{"id":99938950,"osm_type":"way","name":"","category":"playground","tags":{"leisure":"playground"}},"geometry":{"type":"Point","coordinates":[17.6825188,59.8673799]}},{"type":"Feature","properties":{"id":99938952,"osm_type":"way","name":"","category":"playground","tags":{"access":"yes","leisure":"playground"}},"geometry":{"type":"Point","coordinates":[17.6838914,59.868445]}},{"type":"Feature","properties":{"id":99995397,"osm_type":"way","name":"","category":"playground","tags":{"leisure":"playground"}},"geometry":{"type":"Point","coordinates":[17.6929278,59.8677995]}},{"type":"Feature","properties":{"id":99995410,"osm_type":"way","name":"","category":"playground","tags":{"leisure":"playground"}},"geometry":{"type":"Point","coordinates":[17.6917392,59.8692655]}},{"type":"Feature","properties":{"id":100015358,"osm_type":"way","name":"","category":"playground","tags":{"leisure":"playground"}},"geometry":{"type":"Point","coordinates":[17.6920231,59.8731532]}},{"type":"Feature","properties":{"id":100015421,"osm_type":"way","name":"","category":"playground","tags":{"leisure":"playground"}},"geometry":{"type":"Point","coordinates":[17.6933659,59.8737839]}},{"type":"Feature","properties":{"id":100015455,"osm_type":"way","name":"","category":"playground","tags":{"leisure":"playground"}},"geometry":{"type":"Point","coordinates":[17.6926906,59.8719807]}},{"type":"Feature","properties":{"id":100117694,"osm_type":"way","name":"","category":"playground","tags":{"leisure":"playground"}},"geometry":{"type":"Point","coordinates":[17.6947758,59.8742819]}},{"type":"Feature","properties":{"id":102310302,"osm_type":"way","name":"","category":"playground","tags":{"leisure":"playground"}},"geometry":{"type":"Point","coordinates":[17.7058933,59.8625415]}},{"type":"Feature","properties":{"id":102310451,"osm_type":"way","name":"","category":"playground","tags":{"leisure":"playground"}},"geometry":{"type":"Point","coordinates":[17.7081993,59.8638505]}},{"type":"Feature","properties":{"id":102310616,"osm_type":"way","name":"","category":"playground","tags":{"leisure":"playground"}},"geometry":{"type":"Point","coordinates":[17.7075539,59.8635614]}},{"type":"Feature","properties":{"id":102550825,"osm_type":"way","name":"","category":"playground","tags":{"leisure":"playground"}},"geometry":{"type":"Point","coordinates":[17.7046094,59.8609776]}},{"type":"Feature","properties":{"id":102550853,"osm_type":"way","name":"","category":"playground","tags":{"leisure":"playground"}},"geometry":{"type":"Point","coordinates":[17.7045886,59.8614502]}},{"type":"Feature","properties":{"id":102550885,"osm_type":"way","name":"","category":"playground","tags":{"leisure":"playground"}},"geometry":{"type":"Point","coordinates":[17.7048797,59.8621261]}},{"type":"Feature","properties":{"id":102579938,"osm_type":"way","name":"","category":"playground","tags":{"leisure":"playground"}},"geometry":{"type":"Point","coordinates":[17.7085141,59.8599968]}},{"type":"Feature","properties":{"id":102579960,"osm_type":"way","name":"","category":"playground","tags":{"access":"yes","leisure":"playground"}},"geometry":{"type":"Point","coordinates":[17.7053556,59.8630165]}},{"type":"Feature","properties":{"id":102838172,"osm_type":"way","name":"","category":"playground","tags":{"leisure":"playground"}},"geometry":{"type":"Point","coordinates":[17.6704103,59.8557421]}},{"type":"Feature","properties":{"id":102943883,"osm_type":"way","name":"","category":"playground","tags":{"leisure":"playground","source":"bing"}},"geometry":{"type":"Point","coordinates":[17.6518751,59.8319105]}},{"type":"Feature","properties":{"id":105575550,"osm_type":"way","name":"","category":"playground","tags":{"leisure":"playground"}},"geometry":{"type":"Point","coordinates":[17.6215189,59.8172079]}},{"type":"Feature","properties":{"id":105575587,"osm_type":"way","name":"","category":"playground","tags":{"leisure":"playground"}},"geometry":{"type":"Point","coordinates":[17.6296877,59.8133474]}},{"type":"Feature","properties":{"id":105575596,"osm_type":"way","name":"","category":"playground","tags":{"leisure":"playground"}},"geometry":{"type":"Point","coordinates":[17.6228881,59.8165569]}},{"type":"Feature","properties":{"id":105575617,"osm_type":"way","name":"","category":"playground","tags":{"leisure":"playground"}},"geometry":{"type":"Point","coordinates":[17.6300538,59.8133931]}},{"type":"Feature","properties":{"id":105575628,"osm_type":"way","name":"","category":"playground","tags":{"leisure":"playground"}},"geometry":{"type":"Point","coordinates":[17.6286845,59.8140174]}},{"type":"Feature","properties":{"id":105577159,"osm_type":"way","name":"","category":"playground","tags":{"leisure":"playground"}},"geometry":{"type":"Point","coordinates":[17.6341663,59.818944]}},{"type":"Feature","properties":{"id":106492541,"osm_type":"way","name":"","category":"playground","tags":{"leisure":"playground"}},"geometry":{"type":"Point","coordinates":[17.6525745,59.8707543]}},{"type":"Feature","properties":{"id":106492603,"osm_type":"way","name":"","category":"playground","tags":{"access":"yes","leisure":"playground"}},"geometry":{"type":"Point","coordinates":[17.6513114,59.8713615]}},{"type":"Feature","properties":{"id":108123510,"osm_type":"way","name":"","category":"playground","tags":{"leisure":"playground"}},"geometry":{"type":"Point","coordinates":[17.6563937,59.8044079]}},{"type":"Feature","properties":{"id":109524764,"osm_type":"way","name":"","category":"playground","tags":{"leisure":"playground"}},"geometry":{"type":"Point","coordinates":[17.6897319,59.8040549]}},{"type":"Feature","properties":{"id":109524781,"osm_type":"way","name":"","category":"playground","tags":{"leisure":"playground"}},"geometry":{"type":"Point","coordinates":[17.6883674,59.8049282]}},{"type":"Feature","properties":{"id":109524786,"osm_type":"way","name":"","category":"playground","tags":{"leisure":"playground"}},"geometry":{"type":"Point","coordinates":[17.6901709,59.8051853]}},{"type":"Feature","properties":{"id":114797265,"osm_type":"way","name":"","category":"playground","tags":{"leisure":"playground"}},"geometry":{"type":"Point","coordinates":[17.694089,59.8323388]}},{"type":"Feature","properties":{"id":124280960,"osm_type":"way","name":"Torkelsplan","category":"playground","tags":{"access":"yes","leisure":"playground","name":"Torkelsplan"}},"geometry":{"type":"Point","coordinates":[17.6569261,59.8611071]}},{"type":"Feature","properties":{"id":126882203,"osm_type":"way","name":"","category":"playground","tags":{"leisure":"playground"}},"geometry":{"type":"Point","coordinates":[17.5955189,59.8467864]}},{"type":"Feature","properties":{"id":126882223,"osm_type":"way","name":"","category":"playground","tags":{"leisure":"playground"}},"geometry":{"type":"Point","coordinates":[17.5952495,59.8474324]}},{"type":"Feature","properties":{"id":126883546,"osm_type":"way","name":"","category":"playground","tags":{"access":"yes","leisure":"playground"}},"geometry":{"type":"Point","coordinates":[17.5932485,59.8464922]}},{"type":"Feature","properties":{"id":126883563,"osm_type":"way","name":"","category":"playground","tags":{"leisure":"playground"}},"geometry":{"type":"Point","coordinates":[17.59349,59.8478578]}},{"type":"Feature","properties":{"id":127103429,"osm_type":"way","name":"","category":"playground","tags":{"leisure":"playground"}},"geometry":{"type":"Point","coordinates":[17.5971939,59.8472176]}},{"type":"Feature","properties":{"id":127185319,"osm_type":"way","name":"","category":"playground","tags":{"leisure":"playground"}},"geometry":{"type":"Point","coordinates":[17.5937038,59.8472077]}},{"type":"Feature","properties":{"id":127185774,"osm_type":"way","name":"","category":"playground","tags":{"leisure":"playground"}},"geometry":{"type":"Point","coordinates":[17.5913663,59.84776]}},{"type":"Feature","properties":{"id":127485355,"osm_type":"way","name":"","category":"playground","tags":{"leisure":"playground"}},"geometry":{"type":"Point","coordinates":[17.6136154,59.8378172]}},{"type":"Feature","properties":{"id":128090484,"osm_type":"way","name":"","category":"playground","tags":{"leisure":"playground"}},"geometry":{"type":"Point","coordinates":[17.5969197,59.8420277]}},{"type":"Feature","properties":{"id":128970310,"osm_type":"way","name":"","category":"playground","tags":{"access":"yes","leisure":"playground"}},"geometry":{"type":"Point","coordinates":[17.5873815,59.8468244]}},{"type":"Feature","properties":{"id":128971939,"osm_type":"way","name":"","category":"playground","tags":{"access":"yes","leisure":"playground"}},"geometry":{"type":"Point","coordinates":[17.5912614,59.8519836]}},{"type":"Feature","properties":{"id":128982469,"osm_type":"way","name":"","category":"playground","tags":{"leisure":"playground"}},"geometry":{"type":"Point","coordinates":[17.6010817,59.8475957]}},{"type":"Feature","properties":{"id":129087367,"osm_type":"way","name":"","category":"playground","tags":{"leisure":"playground"}},"geometry":{"type":"Point","coordinates":[17.6038184,59.8482397]}},{"type":"Feature","properties":{"id":129104557,"osm_type":"way","name":"","category":"playground","tags":{"leisure":"playground"}},"geometry":{"type":"Point","coordinates":[17.6351655,59.8442763]}},{"type":"Feature","properties":{"id":129912554,"osm_type":"way","name":"","category":"playground","tags":{"leisure":"playground"}},"geometry":{"type":"Point","coordinates":[17.6034795,59.8495646]}},{"type":"Feature","properties":{"id":129912559,"osm_type":"way","name":"","category":"playground","tags":{"leisure":"playground"}},"geometry":{"type":"Point","coordinates":[17.6037471,59.8498328]}},{"type":"Feature","properties":{"id":132433633,"osm_type":"way","name":"","category":"playground","tags":{"access":"yes","leisure":"playground"}},"geometry":{"type":"Point","coordinates":[17.6407483,59.8808831]}},{"type":"Feature","properties":{"id":132433635,"osm_type":"way","name":"","category":"playground","tags":{"access":"yes","leisure":"playground"}},"geometry":{"type":"Point","coordinates":[17.640664,59.8802673]}},{"type":"Feature","properties":{"id":132433641,"osm_type":"way","name":"","category":"playground","tags":{"access":"yes","leisure":"playground"}},"geometry":{"type":"Point","coordinates":[17.6408817,59.8795729]}},{"type":"Feature","properties":{"id":132433671,"osm_type":"way","name":"","category":"playground","tags":{"access":"yes","leisure":"playground"}},"geometry":{"type":"Point","coordinates":[17.6439218,59.880072]}},{"type":"Feature","properties":{"id":132433672,"osm_type":"way","name":"","category":"playground","tags":{"access":"yes","leisure":"playground"}},"geometry":{"type":"Point","coordinates":[17.6442745,59.8814612]}},{"type":"Feature","properties":{"id":132433675,"osm_type":"way","name":"","category":"playground","tags":{"access":"yes","leisure":"playground"}},"geometry":{"type":"Point","coordinates":[17.6439097,59.8810162]}},{"type":"Feature","properties":{"id":132433679,"osm_type":"way","name":"","category":"playground","tags":{"access":"yes","leisure":"playground"}},"geometry":{"type":"Point","coordinates":[17.6443455,59.8805397]}},{"type":"Feature","properties":{"id":135017417,"osm_type":"way","name":"","category":"playground","tags":{"access":"yes","leisure":"playground"}},"geometry":{"type":"Point","coordinates":[17.6487188,59.8852337]}},{"type":"Feature","properties":{"id":135017510,"osm_type":"way","name":"","category":"playground","tags":{"leisure":"playground"}},"geometry":{"type":"Point","coordinates":[17.647014,59.8881807]}},{"type":"Feature","properties":{"id":135996066,"osm_type":"way","name":"","category":"playground","tags":{"access":"yes","leisure":"playground"}},"geometry":{"type":"Point","coordinates":[17.5551667,59.8504833]}},{"type":"Feature","properties":{"id":136603223,"osm_type":"way","name":"Gunsta backar","category":"playground","tags":{"access":"yes","leisure":"playground","name":"Gunsta backar","source":"survey","wikidata":"Q19365550","wikipedia":"sv:Gunsta Backar"}},"geometry":{"type":"Point","coordinates":[17.6727203,59.8600006]}},{"type":"Feature","properties":{"id":151690534,"osm_type":"way","name":"","category":"playground","tags":{"access":"yes","leisure":"playground"}},"geometry":{"type":"Point","coordinates":[17.6755138,59.869321]}},{"type":"Feature","properties":{"id":155557114,"osm_type":"way","name":"Myrgångsparken","category":"playground","tags":{"leisure":"playground","name":"Myrgångsparken"}},"geometry":{"type":"Point","coordinates":[17.6878544,59.8174988]}},{"type":"Feature","properties":{"id":156990425,"osm_type":"way","name":"","category":"playground","tags":{"leisure":"playground"}},"geometry":{"type":"Point","coordinates":[17.626733,59.808365]}},{"type":"Feature","properties":{"id":162381826,"osm_type":"way","name":"","category":"playground","tags":{"access":"yes","leisure":"playground"}},"geometry":{"type":"Point","coordinates":[17.5824576,59.8487638]}},{"type":"Feature","properties":{"id":166123296,"osm_type":"way","name":"","category":"playground","tags":{"access":"yes","leisure":"playground"}},"geometry":{"type":"Point","coordinates":[17.6333873,59.8020867]}},{"type":"Feature","properties":{"id":168279864,"osm_type":"way","name":"","category":"playground","tags":{"access":"yes","leisure":"playground"}},"geometry":{"type":"Point","coordinates":[17.6139295,59.8684889]}},{"type":"Feature","properties":{"id":168279865,"osm_type":"way","name":"","category":"playground","tags":{"access":"yes","leisure":"playground"}},"geometry":{"type":"Point","coordinates":[17.6169779,59.8690181]}},{"type":"Feature","properties":{"id":168279866,"osm_type":"way","name":"","category":"playground","tags":{"leisure":"playground"}},"geometry":{"type":"Point","coordinates":[17.6155308,59.869214]}},{"type":"Feature","properties":{"id":168279867,"osm_type":"way","name":"","category":"playground","tags":{"leisure":"playground"}},"geometry":{"type":"Point","coordinates":[17.6155785,59.8690765]}},{"type":"Feature","properties":{"id":168279871,"osm_type":"way","name":"","category":"playground","tags":{"access":"yes","leisure":"playground"}},"geometry":{"type":"Point","coordinates":[17.6143084,59.8685485]}},{"type":"Feature","properties":{"id":184653540,"osm_type":"way","name":"","category":"playground","tags":{"access":"yes","leisure":"playground"}},"geometry":{"type":"Point","coordinates":[17.6237203,59.8610028]}},{"type":"Feature","properties":{"id":188862118,"osm_type":"way","name":"","category":"playground","tags":{"leisure":"playground"}},"geometry":{"type":"Point","coordinates":[17.6478185,59.7900184]}},{"type":"Feature","properties":{"id":220110412,"osm_type":"way","name":"","category":"playground","tags":{"leisure":"playground","wheelchair":"no"}},"geometry":{"type":"Point","coordinates":[17.6336116,59.8096606]}},{"type":"Feature","properties":{"id":224414415,"osm_type":"way","name":"","category":"playground","tags":{"access":"private","leisure":"playground"}},"geometry":{"type":"Point","coordinates":[17.644049,59.8667584]}},{"type":"Feature","properties":{"id":225141220,"osm_type":"way","name":"Blenda","category":"playground","tags":{"access":"yes","addr:country":"SE","addr:housenumber":"9 A-F","addr:street":"Repslagatan","leisure":"playground","max_age":"10","min_age":"1","name":"Blenda","phone":"+46187273663"}},"geometry":{"type":"Point","coordinates":[17.631437,59.8662801]}},{"type":"Feature","properties":{"id":228807365,"osm_type":"way","name":"","category":"playground","tags":{"leisure":"playground"}},"geometry":{"type":"Point","coordinates":[17.5801989,59.8548916]}},{"type":"Feature","properties":{"id":237457727,"osm_type":"way","name":"","category":"playground","tags":{"access":"yes","leisure":"playground"}},"geometry":{"type":"Point","coordinates":[17.6319653,59.8695005]}},{"type":"Feature","properties":{"id":237457728,"osm_type":"way","name":"","category":"playground","tags":{"leisure":"playground"}},"geometry":{"type":"Point","coordinates":[17.6271625,59.8667158]}},{"type":"Feature","properties":{"id":254732910,"osm_type":"way","name":"","category":"playground","tags":{"access":"private","leisure":"playground","note":"really playground of Gunnars Förskola"}},"geometry":{"type":"Point","coordinates":[17.6463671,59.8551194]}},{"type":"Feature","properties":{"id":255020246,"osm_type":"way","name":"","category":"playground","tags":{"leisure":"playground"}},"geometry":{"type":"Point","coordinates":[17.6080144,59.8358701]}},{"type":"Feature","properties":{"id":255664950,"osm_type":"way","name":"Äppelträdgården","category":"playground","tags":{"leisure":"playground","name":"Äppelträdgården"}},"geometry":{"type":"Point","coordinates":[17.708021,59.8618132]}},{"type":"Feature","properties":{"id":256024984,"osm_type":"way","name":"","category":"playground","tags":{"leisure":"playground"}},"geometry":{"type":"Point","coordinates":[17.6004895,59.8561444]}},{"type":"Feature","properties":{"id":256024993,"osm_type":"way","name":"","category":"playground","tags":{"leisure":"playground"}},"geometry":{"type":"Point","coordinates":[17.6038517,59.8564906]}},{"type":"Feature","properties":{"id":256025048,"osm_type":"way","name":"","category":"playground","tags":{"access":"yes","leisure":"playground"}},"geometry":{"type":"Point","coordinates":[17.6073312,59.8528867]}},{"type":"Feature","properties":{"id":263033819,"osm_type":"way","name":"","category":"playground","tags":{"access":"yes","leisure":"playground"}},"geometry":{"type":"Point","coordinates":[17.5839322,59.8502649]}},{"type":"Feature","properties":{"id":269818375,"osm_type":"way","name":"","category":"playground","tags":{"leisure":"playground","wheelchair":"no"}},"geometry":{"type":"Point","coordinates":[17.6048304,59.8642627]}},{"type":"Feature","properties":{"id":269818376,"osm_type":"way","name":"","category":"playground","tags":{"access":"yes","leisure":"playground"}},"geometry":{"type":"Point","coordinates":[17.6065095,59.8650325]}},{"type":"Feature","properties":{"id":276199073,"osm_type":"way","name":"","category":"playground","tags":{"access":"yes","leisure":"playground"}},"geometry":{"type":"Point","coordinates":[17.6621859,59.862469]}},{"type":"Feature","properties":{"id":276231941,"osm_type":"way","name":"Lekplats Gränbyparken","category":"playground","tags":{"access":"yes","leisure":"playground","name":"Lekplats Gränbyparken"}},"geometry":{"type":"Point","coordinates":[17.6608563,59.87549]}},{"type":"Feature","properties":{"id":296613170,"osm_type":"way","name":"Byggmästarparken","category":"playground","tags":{"access":"yes","leisure":"playground","name":"Byggmästarparken","wikidata":"Q18449756","wikipedia":"sv:Byggmästarparken"}},"geometry":{"type":"Point","coordinates":[17.6724157,59.8637757]}},{"type":"Feature","properties":{"id":298787607,"osm_type":"way","name":"","category":"playground","tags":{"leisure":"playground"}},"geometry":{"type":"Point","coordinates":[17.6449684,59.970788]}},{"type":"Feature","properties":{"id":299262526,"osm_type":"way","name":"","category":"playground","tags":{"leisure":"playground"}},"geometry":{"type":"Point","coordinates":[17.6892038,59.9543518]}},{"type":"Feature","properties":{"id":299266747,"osm_type":"way","name":"Storvretaskolans gungor","category":"playground","tags":{"leisure":"playground","name":"Storvretaskolans gungor"}},"geometry":{"type":"Point","coordinates":[17.7057378,59.9617298]}},{"type":"Feature","properties":{"id":301905999,"osm_type":"way","name":"","category":"playground","tags":{"leisure":"playground"}},"geometry":{"type":"Point","coordinates":[17.7054776,59.8596217]}},{"type":"Feature","properties":{"id":303678017,"osm_type":"way","name":"Ynglingaparkens lekplats","category":"playground","tags":{"access":"yes","leisure":"playground","name":"Ynglingaparkens lekplats","operator":"Uppsala kommun"}},"geometry":{"type":"Point","coordinates":[17.6338005,59.8779032]}},{"type":"Feature","properties":{"id":311335490,"osm_type":"way","name":"","category":"playground","tags":{"leisure":"playground"}},"geometry":{"type":"Point","coordinates":[17.6202141,59.862353]}},{"type":"Feature","properties":{"id":342316838,"osm_type":"way","name":"","category":"playground","tags":{"leisure":"playground"}},"geometry":{"type":"Point","coordinates":[17.6516492,59.8946848]}},{"type":"Feature","properties":{"id":350458144,"osm_type":"way","name":"","category":"playground","tags":{"leisure":"playground"}},"geometry":{"type":"Point","coordinates":[17.6215106,59.8757104]}},{"type":"Feature","properties":{"id":360838970,"osm_type":"way","name":"","category":"playground","tags":{"access":"yes","leisure":"playground","operator":"BRF knivstahus nr2"}},"geometry":{"type":"Point","coordinates":[17.7718282,59.7244778]}},{"type":"Feature","properties":{"id":361160493,"osm_type":"way","name":"","category":"playground","tags":{"leisure":"playground"}},"geometry":{"type":"Point","coordinates":[17.6153668,59.8825019]}},{"type":"Feature","properties":{"id":361177836,"osm_type":"way","name":"","category":"playground","tags":{"access":"yes","leisure":"playground"}},"geometry":{"type":"Point","coordinates":[17.6223703,59.8769537]}},{"type":"Feature","properties":{"id":361191295,"osm_type":"way","name":"","category":"playground","tags":{"access":"yes","leisure":"playground","playground":"swing"}},"geometry":{"type":"Point","coordinates":[17.7730132,59.7265058]}},{"type":"Feature","properties":{"id":361191297,"osm_type":"way","name":"","category":"playground","tags":{"access":"yes","leisure":"playground","playground":"swing"}},"geometry":{"type":"Point","coordinates":[17.7726134,59.7268835]}},{"type":"Feature","properties":{"id":362250889,"osm_type":"way","name":"Tallkottsparken","category":"playground","tags":{"leisure":"playground","name":"Tallkottsparken"}},"geometry":{"type":"Point","coordinates":[17.7988618,59.7232316]}},{"type":"Feature","properties":{"id":362254662,"osm_type":"way","name":"","category":"playground","tags":{"leisure":"playground"}},"geometry":{"type":"Point","coordinates":[17.7960342,59.7241557]}},{"type":"Feature","properties":{"id":362828120,"osm_type":"way","name":"Lekplats högåsen","category":"playground","tags":{"access":"yes","leisure":"playground","name":"Lekplats högåsen"}},"geometry":{"type":"Point","coordinates":[17.7885805,59.7317843]}},{"type":"Feature","properties":{"id":365834822,"osm_type":"way","name":"Glasäpplet","category":"playground","tags":{"access":"yes","leisure":"playground","name":"Glasäpplet"}},"geometry":{"type":"Point","coordinates":[17.770907,59.7240451]}},{"type":"Feature","properties":{"id":365834823,"osm_type":"way","name":"","category":"playground","tags":{"access":"yes","leisure":"playground"}},"geometry":{"type":"Point","coordinates":[17.7696377,59.7238842]}},{"type":"Feature","properties":{"id":369688631,"osm_type":"way","name":"","category":"playground","tags":{"leisure":"playground"}},"geometry":{"type":"Point","coordinates":[17.6461718,59.8872176]}},{"type":"Feature","properties":{"id":372803081,"osm_type":"way","name":"","category":"playground","tags":{"access":"yes","leisure":"playground"}},"geometry":{"type":"Point","coordinates":[17.6526924,59.8766729]}},{"type":"Feature","properties":{"id":372803085,"osm_type":"way","name":"","category":"playground","tags":{"leisure":"playground"}},"geometry":{"type":"Point","coordinates":[17.6527975,59.8775023]}},{"type":"Feature","properties":{"id":372806175,"osm_type":"way","name":"","category":"playground","tags":{"access":"yes","leisure":"playground"}},"geometry":{"type":"Point","coordinates":[17.6528982,59.8783164]}},{"type":"Feature","properties":{"id":372815445,"osm_type":"way","name":"","category":"playground","tags":{"leisure":"playground"}},"geometry":{"type":"Point","coordinates":[17.650065,59.8738475]}},{"type":"Feature","properties":{"id":372815446,"osm_type":"way","name":"","category":"playground","tags":{"leisure":"playground"}},"geometry":{"type":"Point","coordinates":[17.6509439,59.8745481]}},{"type":"Feature","properties":{"id":372815447,"osm_type":"way","name":"","category":"playground","tags":{"leisure":"playground"}},"geometry":{"type":"Point","coordinates":[17.6517129,59.8752433]}},{"type":"Feature","properties":{"id":373776962,"osm_type":"way","name":"","category":"playground","tags":{"access":"yes","leisure":"playground"}},"geometry":{"type":"Point","coordinates":[17.7875848,59.7312898]}},{"type":"Feature","properties":{"id":373777213,"osm_type":"way","name":"","category":"playground","tags":{"access":"yes","leisure":"playground"}},"geometry":{"type":"Point","coordinates":[17.7865672,59.7318782]}},{"type":"Feature","properties":{"id":374150469,"osm_type":"way","name":"","category":"playground","tags":{"leisure":"playground"}},"geometry":{"type":"Point","coordinates":[17.7965843,59.7171991]}},{"type":"Feature","properties":{"id":374632219,"osm_type":"way","name":"","category":"playground","tags":{"leisure":"playground"}},"geometry":{"type":"Point","coordinates":[17.792294,59.7354829]}},{"type":"Feature","properties":{"id":374813562,"osm_type":"way","name":"Utmarkvägens lekplats","category":"playground","tags":{"access":"yes","leisure":"playground","name":"Utmarkvägens lekplats","operator":"Uppsala kommun"}},"geometry":{"type":"Point","coordinates":[17.5383634,59.9541387]}},{"type":"Feature","properties":{"id":374813776,"osm_type":"way","name":"","category":"playground","tags":{"access":"yes","leisure":"playground"}},"geometry":{"type":"Point","coordinates":[17.5299171,59.9473954]}},{"type":"Feature","properties":{"id":399928101,"osm_type":"way","name":"","category":"playground","tags":{"leisure":"playground"}},"geometry":{"type":"Point","coordinates":[17.7664106,59.7237499]}},{"type":"Feature","properties":{"id":402600819,"osm_type":"way","name":"","category":"playground","tags":{"leisure":"playground"}},"geometry":{"type":"Point","coordinates":[17.6042692,59.8554578]}},{"type":"Feature","properties":{"id":410976998,"osm_type":"way","name":"Höganäshöjden","category":"playground","tags":{"access":"yes","addr:street":"Botvidsgatan","leisure":"playground","name":"Höganäshöjden","phone":"+46 18 727 00 00"}},"geometry":{"type":"Point","coordinates":[17.6433355,59.8661151]}},{"type":"Feature","properties":{"id":417955932,"osm_type":"way","name":"","category":"playground","tags":{"access":"yes","leisure":"playground"}},"geometry":{"type":"Point","coordinates":[17.7707068,59.7247759]}},{"type":"Feature","properties":{"id":429374012,"osm_type":"way","name":"","category":"playground","tags":{"access":"yes","leisure":"playground"}},"geometry":{"type":"Point","coordinates":[17.5818003,59.849782]}},{"type":"Feature","properties":{"id":429597607,"osm_type":"way","name":"","category":"playground","tags":{"leisure":"playground"}},"geometry":{"type":"Point","coordinates":[17.6865972,59.8668916]}},{"type":"Feature","properties":{"id":431575157,"osm_type":"way","name":"Midsommarängen","category":"playground","tags":{"leisure":"playground","name":"Midsommarängen"}},"geometry":{"type":"Point","coordinates":[17.6003174,59.7727319]}},{"type":"Feature","properties":{"id":435415447,"osm_type":"way","name":"","category":"playground","tags":{"access":"yes","leisure":"playground"}},"geometry":{"type":"Point","coordinates":[17.6471801,59.785934]}},{"type":"Feature","properties":{"id":436023118,"osm_type":"way","name":"","category":"playground","tags":{"leisure":"playground"}},"geometry":{"type":"Point","coordinates":[17.641974,59.8681567]}},{"type":"Feature","properties":{"id":436023948,"osm_type":"way","name":"","category":"playground","tags":{"access":"yes","leisure":"playground"}},"geometry":{"type":"Point","coordinates":[17.641528,59.8687509]}},{"type":"Feature","properties":{"id":436023950,"osm_type":"way","name":"","category":"playground","tags":{"access":"yes","leisure":"playground"}},"geometry":{"type":"Point","coordinates":[17.6422234,59.8693571]}},{"type":"Feature","properties":{"id":436201178,"osm_type":"way","name":"","category":"playground","tags":{"leisure":"playground"}},"geometry":{"type":"Point","coordinates":[17.6412182,59.8730157]}},{"type":"Feature","properties":{"id":436201179,"osm_type":"way","name":"","category":"playground","tags":{"leisure":"playground"}},"geometry":{"type":"Point","coordinates":[17.642162,59.8726439]}},{"type":"Feature","properties":{"id":436201196,"osm_type":"way","name":"","category":"playground","tags":{"leisure":"playground"}},"geometry":{"type":"Point","coordinates":[17.6402601,59.8722885]}},{"type":"Feature","properties":{"id":436211312,"osm_type":"way","name":"","category":"playground","tags":{"leisure":"playground"}},"geometry":{"type":"Point","coordinates":[17.6412595,59.8703742]}},{"type":"Feature","properties":{"id":436219144,"osm_type":"way","name":"","category":"playground","tags":{"leisure":"playground"}},"geometry":{"type":"Point","coordinates":[17.6403446,59.8699816]}},{"type":"Feature","properties":{"id":436219145,"osm_type":"way","name":"","category":"playground","tags":{"leisure":"playground"}},"geometry":{"type":"Point","coordinates":[17.6403978,59.8705374]}},{"type":"Feature","properties":{"id":436342824,"osm_type":"way","name":"","category":"playground","tags":{"access":"yes","leisure":"playground"}},"geometry":{"type":"Point","coordinates":[17.643485,59.8697109]}},{"type":"Feature","properties":{"id":436342825,"osm_type":"way","name":"","category":"playground","tags":{"leisure":"playground"}},"geometry":{"type":"Point","coordinates":[17.6450585,59.8706435]}},{"type":"Feature","properties":{"id":436342826,"osm_type":"way","name":"","category":"playground","tags":{"access":"yes","leisure":"playground"}},"geometry":{"type":"Point","coordinates":[17.6445949,59.8700436]}},{"type":"Feature","properties":{"id":436343980,"osm_type":"way","name":"","category":"playground","tags":{"access":"yes","leisure":"playground"}},"geometry":{"type":"Point","coordinates":[17.6466541,59.8715822]}},{"type":"Feature","properties":{"id":436343981,"osm_type":"way","name":"","category":"playground","tags":{"access":"yes","leisure":"playground"}},"geometry":{"type":"Point","coordinates":[17.6477542,59.871907]}},{"type":"Feature","properties":{"id":436343982,"osm_type":"way","name":"","category":"playground","tags":{"leisure":"playground"}},"geometry":{"type":"Point","coordinates":[17.6482354,59.8725156]}},{"type":"Feature","properties":{"id":437354722,"osm_type":"way","name":"","category":"playground","tags":{"access":"yes","leisure":"playground"}},"geometry":{"type":"Point","coordinates":[17.5283969,59.9509269]}},{"type":"Feature","properties":{"id":437459511,"osm_type":"way","name":"","category":"playground","tags":{"leisure":"playground"}},"geometry":{"type":"Point","coordinates":[17.6504233,59.868365]}},{"type":"Feature","properties":{"id":440854414,"osm_type":"way","name":"Lekpark Lännakatten","category":"playground","tags":{"access":"yes","addr:street":"Duvhöksvägen","leisure":"playground","name":"Lekpark Lännakatten","phone":"+46 18 727 00 00"}},"geometry":{"type":"Point","coordinates":[17.657506,59.8572937]}},{"type":"Feature","properties":{"id":440982063,"osm_type":"way","name":"","category":"playground","tags":{"leisure":"playground"}},"geometry":{"type":"Point","coordinates":[17.6927003,59.9598881]}},{"type":"Feature","properties":{"id":445024999,"osm_type":"way","name":"","category":"playground","tags":{"leisure":"playground"}},"geometry":{"type":"Point","coordinates":[17.6879321,59.9512895]}},{"type":"Feature","properties":{"id":468421228,"osm_type":"way","name":"","category":"playground","tags":{"access":"yes","leisure":"playground"}},"geometry":{"type":"Point","coordinates":[17.6516973,59.8702634]}},{"type":"Feature","properties":{"id":468421229,"osm_type":"way","name":"","category":"playground","tags":{"leisure":"playground"}},"geometry":{"type":"Point","coordinates":[17.6497888,59.8703817]}},{"type":"Feature","properties":{"id":468421230,"osm_type":"way","name":"","category":"playground","tags":{"access":"yes","leisure":"playground"}},"geometry":{"type":"Point","coordinates":[17.644208,59.866269]}},{"type":"Feature","properties":{"id":469777472,"osm_type":"way","name":"Lekplats","category":"playground","tags":{"access":"yes","description":"Djungellekplatsen","leisure":"playground","name":"Lekplats","operator":"Knivsta Kommun","playground:theme":"playground"}},"geometry":{"type":"Point","coordinates":[17.7897546,59.7510742]}},{"type":"Feature","properties":{"id":469778911,"osm_type":"way","name":"Lekplats","category":"playground","tags":{"leisure":"playground","name":"Lekplats","playground:theme":"playground","surface":"gravel"}},"geometry":{"type":"Point","coordinates":[17.7856271,59.7514392]}},{"type":"Feature","properties":{"id":479538845,"osm_type":"way","name":"","category":"playground","tags":{"leisure":"playground"}},"geometry":{"type":"Point","coordinates":[17.705689,59.8116534]}},{"type":"Feature","properties":{"id":487128859,"osm_type":"way","name":"","category":"playground","tags":{"leisure":"playground"}},"geometry":{"type":"Point","coordinates":[17.5638398,59.7702324]}},{"type":"Feature","properties":{"id":488528262,"osm_type":"way","name":"","category":"playground","tags":{"leisure":"playground"}},"geometry":{"type":"Point","coordinates":[17.7047435,59.8086991]}},{"type":"Feature","properties":{"id":488533310,"osm_type":"way","name":"","category":"playground","tags":{"leisure":"playground"}},"geometry":{"type":"Point","coordinates":[17.7009315,59.809292]}},{"type":"Feature","properties":{"id":492715652,"osm_type":"way","name":"","category":"playground","tags":{"leisure":"playground"}},"geometry":{"type":"Point","coordinates":[17.658262,59.8664941]}},{"type":"Feature","properties":{"id":493149657,"osm_type":"way","name":"","category":"playground","tags":{"leisure":"playground"}},"geometry":{"type":"Point","coordinates":[17.7020565,59.8108974]}},{"type":"Feature","properties":{"id":525685716,"osm_type":"way","name":"","category":"playground","tags":{"leisure":"playground"}},"geometry":{"type":"Point","coordinates":[17.6686279,59.8709006]}},{"type":"Feature","properties":{"id":525685718,"osm_type":"way","name":"","category":"playground","tags":{"leisure":"playground"}},"geometry":{"type":"Point","coordinates":[17.6703765,59.8704934]}},{"type":"Feature","properties":{"id":525685727,"osm_type":"way","name":"","category":"playground","tags":{"access":"yes","leisure":"playground"}},"geometry":{"type":"Point","coordinates":[17.6706077,59.8717502]}},{"type":"Feature","properties":{"id":525685742,"osm_type":"way","name":"","category":"playground","tags":{"access":"yes","leisure":"playground"}},"geometry":{"type":"Point","coordinates":[17.6712901,59.8710166]}},{"type":"Feature","properties":{"id":525685757,"osm_type":"way","name":"","category":"playground","tags":{"leisure":"playground"}},"geometry":{"type":"Point","coordinates":[17.6717141,59.8701432]}},{"type":"Feature","properties":{"id":529016102,"osm_type":"way","name":"","category":"playground","tags":{"leisure":"playground"}},"geometry":{"type":"Point","coordinates":[17.6677403,59.8698481]}},{"type":"Feature","properties":{"id":529016111,"osm_type":"way","name":"","category":"playground","tags":{"leisure":"playground"}},"geometry":{"type":"Point","coordinates":[17.6652084,59.8693227]}},{"type":"Feature","properties":{"id":529016113,"osm_type":"way","name":"","category":"playground","tags":{"leisure":"playground"}},"geometry":{"type":"Point","coordinates":[17.6658068,59.8681528]}},{"type":"Feature","properties":{"id":529016114,"osm_type":"way","name":"","category":"playground","tags":{"leisure":"playground"}},"geometry":{"type":"Point","coordinates":[17.6653802,59.8680172]}},{"type":"Feature","properties":{"id":531078531,"osm_type":"way","name":"","category":"playground","tags":{"leisure":"playground"}},"geometry":{"type":"Point","coordinates":[17.6443846,59.804463]}},{"type":"Feature","properties":{"id":531078533,"osm_type":"way","name":"","category":"playground","tags":{"leisure":"playground"}},"geometry":{"type":"Point","coordinates":[17.6445448,59.8044807]}},{"type":"Feature","properties":{"id":533955225,"osm_type":"way","name":"Åkerlyckan","category":"playground","tags":{"access":"yes","leisure":"playground","name":"Åkerlyckan"}},"geometry":{"type":"Point","coordinates":[17.6088108,59.8624984]}},{"type":"Feature","properties":{"id":544253501,"osm_type":"way","name":"","category":"playground","tags":{"leisure":"playground"}},"geometry":{"type":"Point","coordinates":[17.6201206,59.8754643]}},{"type":"Feature","properties":{"id":544253502,"osm_type":"way","name":"","category":"playground","tags":{"leisure":"playground"}},"geometry":{"type":"Point","coordinates":[17.618526,59.8774003]}},{"type":"Feature","properties":{"id":544253503,"osm_type":"way","name":"","category":"playground","tags":{"leisure":"playground"}},"geometry":{"type":"Point","coordinates":[17.6171327,59.876193]}},{"type":"Feature","properties":{"id":556957495,"osm_type":"way","name":"","category":"playground","tags":{"leisure":"playground"}},"geometry":{"type":"Point","coordinates":[17.6769812,59.8702369]}},{"type":"Feature","properties":{"id":593894406,"osm_type":"way","name":"","category":"playground","tags":{"leisure":"playground"}},"geometry":{"type":"Point","coordinates":[17.6574406,59.8785509]}},{"type":"Feature","properties":{"id":594767773,"osm_type":"way","name":"","category":"playground","tags":{"leisure":"playground"}},"geometry":{"type":"Point","coordinates":[17.6758909,59.8732752]}},{"type":"Feature","properties":{"id":594767774,"osm_type":"way","name":"","category":"playground","tags":{"leisure":"playground"}},"geometry":{"type":"Point","coordinates":[17.6755305,59.8716001]}},{"type":"Feature","properties":{"id":594767777,"osm_type":"way","name":"","category":"playground","tags":{"leisure":"playground"}},"geometry":{"type":"Point","coordinates":[17.6750375,59.872381]}},{"type":"Feature","properties":{"id":601029898,"osm_type":"way","name":"","category":"playground","tags":{"access":"yes","leisure":"playground","operator":"Husbyborgs koloniträdgårdsförening"}},"geometry":{"type":"Point","coordinates":[17.5922193,59.8697155]}},{"type":"Feature","properties":{"id":601125241,"osm_type":"way","name":"","category":"playground","tags":{"access":"yes","leisure":"playground"}},"geometry":{"type":"Point","coordinates":[17.7025522,59.9485617]}},{"type":"Feature","properties":{"id":609494688,"osm_type":"way","name":"","category":"playground","tags":{"leisure":"playground"}},"geometry":{"type":"Point","coordinates":[17.7366942,60.0144097]}},{"type":"Feature","properties":{"id":609494689,"osm_type":"way","name":"","category":"playground","tags":{"leisure":"playground"}},"geometry":{"type":"Point","coordinates":[17.740568,60.0177053]}},{"type":"Feature","properties":{"id":645851189,"osm_type":"way","name":"","category":"playground","tags":{"access":"yes","leisure":"playground"}},"geometry":{"type":"Point","coordinates":[17.7891063,59.7274491]}},{"type":"Feature","properties":{"id":670001079,"osm_type":"way","name":"","category":"playground","tags":{"leisure":"playground"}},"geometry":{"type":"Point","coordinates":[17.7478433,59.8370163]}},{"type":"Feature","properties":{"id":670002257,"osm_type":"way","name":"","category":"playground","tags":{"access":"yes","leisure":"playground"}},"geometry":{"type":"Point","coordinates":[17.7394495,59.8323144]}},{"type":"Feature","properties":{"id":670061880,"osm_type":"way","name":"","category":"playground","tags":{"access":"yes","leisure":"playground"}},"geometry":{"type":"Point","coordinates":[17.5572918,59.8545825]}},{"type":"Feature","properties":{"id":670064304,"osm_type":"way","name":"","category":"playground","tags":{"access":"yes","leisure":"playground"}},"geometry":{"type":"Point","coordinates":[17.5577033,59.8564396]}},{"type":"Feature","properties":{"id":670064305,"osm_type":"way","name":"","category":"playground","tags":{"access":"yes","leisure":"playground"}},"geometry":{"type":"Point","coordinates":[17.5569283,59.8568612]}},{"type":"Feature","properties":{"id":670064306,"osm_type":"way","name":"","category":"playground","tags":{"access":"yes","leisure":"playground"}},"geometry":{"type":"Point","coordinates":[17.5568101,59.8562145]}},{"type":"Feature","properties":{"id":670064309,"osm_type":"way","name":"","category":"playground","tags":{"leisure":"playground"}},"geometry":{"type":"Point","coordinates":[17.551399,59.8524974]}},{"type":"Feature","properties":{"id":670258880,"osm_type":"way","name":"Mariedalsparken","category":"playground","tags":{"access":"yes","leisure":"playground","name":"Mariedalsparken"}},"geometry":{"type":"Point","coordinates":[17.7063117,59.8575721]}},{"type":"Feature","properties":{"id":670263597,"osm_type":"way","name":"","category":"playground","tags":{"access":"yes","leisure":"playground"}},"geometry":{"type":"Point","coordinates":[17.6656799,59.8613596]}},{"type":"Feature","properties":{"id":670264676,"osm_type":"way","name":"","category":"playground","tags":{"addr:city":"Uppsala","addr:country":"SE","leisure":"playground"}},"geometry":{"type":"Point","coordinates":[17.7213407,59.8135016]}},{"type":"Feature","properties":{"id":670269226,"osm_type":"way","name":"","category":"playground","tags":{"leisure":"playground"}},"geometry":{"type":"Point","coordinates":[17.6913468,59.8151371]}},{"type":"Feature","properties":{"id":670269228,"osm_type":"way","name":"","category":"playground","tags":{"leisure":"playground"}},"geometry":{"type":"Point","coordinates":[17.6900045,59.81477]}},{"type":"Feature","properties":{"id":670269230,"osm_type":"way","name":"","category":"playground","tags":{"leisure":"playground"}},"geometry":{"type":"Point","coordinates":[17.6884867,59.8154767]}},{"type":"Feature","properties":{"id":670269232,"osm_type":"way","name":"","category":"playground","tags":{"leisure":"playground"}},"geometry":{"type":"Point","coordinates":[17.6870628,59.8158003]}},{"type":"Feature","properties":{"id":670269234,"osm_type":"way","name":"","category":"playground","tags":{"leisure":"playground"}},"geometry":{"type":"Point","coordinates":[17.6866253,59.8151983]}},{"type":"Feature","properties":{"id":670269236,"osm_type":"way","name":"","category":"playground","tags":{"leisure":"playground"}},"geometry":{"type":"Point","coordinates":[17.6868952,59.8151603]}},{"type":"Feature","properties":{"id":670270624,"osm_type":"way","name":"","category":"playground","tags":{"leisure":"playground"}},"geometry":{"type":"Point","coordinates":[17.6830133,59.8211091]}},{"type":"Feature","properties":{"id":676027639,"osm_type":"way","name":"Gottsunda torg","category":"playground","tags":{"access":"yes","leisure":"playground","name":"Gottsunda torg","wheelchair":"yes"}},"geometry":{"type":"Point","coordinates":[17.6274558,59.8116492]}},{"type":"Feature","properties":{"id":705715779,"osm_type":"way","name":"","category":"playground","tags":{"access":"yes","leisure":"playground"}},"geometry":{"type":"Point","coordinates":[17.5871432,59.8491602]}},{"type":"Feature","properties":{"id":707569099,"osm_type":"way","name":"","category":"playground","tags":{"access":"yes","leisure":"playground"}},"geometry":{"type":"Point","coordinates":[17.6562435,59.8717709]}},{"type":"Feature","properties":{"id":714427080,"osm_type":"way","name":"","category":"playground","tags":{"access":"yes","leisure":"playground"}},"geometry":{"type":"Point","coordinates":[17.5517221,59.8491603]}},{"type":"Feature","properties":{"id":719973855,"osm_type":"way","name":"Månstensparken","category":"playground","tags":{"access":"yes","description":"Även kallad Grisparken.","leisure":"playground","name":"Månstensparken"}},"geometry":{"type":"Point","coordinates":[17.5580541,59.8534807]}},{"type":"Feature","properties":{"id":721308036,"osm_type":"way","name":"","category":"playground","tags":{"leisure":"playground"}},"geometry":{"type":"Point","coordinates":[17.6189995,59.8711378]}},{"type":"Feature","properties":{"id":740536959,"osm_type":"way","name":"Stenskogens lekplats","category":"playground","tags":{"access":"yes","leisure":"playground","name":"Stenskogens lekplats"}},"geometry":{"type":"Point","coordinates":[17.5623318,59.850857]}},{"type":"Feature","properties":{"id":751012752,"osm_type":"way","name":"","category":"playground","tags":{"access":"yes","leisure":"playground"}},"geometry":{"type":"Point","coordinates":[17.5936122,59.8493747]}},{"type":"Feature","properties":{"id":751013376,"osm_type":"way","name":"","category":"playground","tags":{"leisure":"playground"}},"geometry":{"type":"Point","coordinates":[17.5822073,59.8493704]}},{"type":"Feature","properties":{"id":760016683,"osm_type":"way","name":"","category":"playground","tags":{"access":"yes","leisure":"playground"}},"geometry":{"type":"Point","coordinates":[17.7723582,59.7261965]}},{"type":"Feature","properties":{"id":760593883,"osm_type":"way","name":"","category":"playground","tags":{"leisure":"playground"}},"geometry":{"type":"Point","coordinates":[17.7658961,59.7212872]}},{"type":"Feature","properties":{"id":793226693,"osm_type":"way","name":"Linbaneparkens lekplats","category":"playground","tags":{"leisure":"playground","name":"Linbaneparkens lekplats"}},"geometry":{"type":"Point","coordinates":[17.6943866,59.9492877]}},{"type":"Feature","properties":{"id":793276331,"osm_type":"way","name":"Tipptoppens lekplats","category":"playground","tags":{"leisure":"playground","name":"Tipptoppens lekplats","playground:theme":"adventure"}},"geometry":{"type":"Point","coordinates":[17.7094041,59.9511349]}},{"type":"Feature","properties":{"id":812748426,"osm_type":"way","name":"","category":"playground","tags":{"access":"yes","description":"Främst för förskolan men kan nyttjas av andra när skolan är stängd och på helgerna.","leisure":"playground","operator":"Trasthagens förskola"}},"geometry":{"type":"Point","coordinates":[17.6467624,59.7898542]}},{"type":"Feature","properties":{"id":884502700,"osm_type":"way","name":"","category":"playground","tags":{"leisure":"playground"}},"geometry":{"type":"Point","coordinates":[17.7070435,59.9512872]}},{"type":"Feature","properties":{"id":884502736,"osm_type":"way","name":"","category":"playground","tags":{"leisure":"playground"}},"geometry":{"type":"Point","coordinates":[17.7076284,59.9524408]}},{"type":"Feature","properties":{"id":885291364,"osm_type":"way","name":"","category":"playground","tags":{"leisure":"playground"}},"geometry":{"type":"Point","coordinates":[17.7025718,59.9585704]}},{"type":"Feature","properties":{"id":887908528,"osm_type":"way","name":"","category":"playground","tags":{"access":"yes","leisure":"playground","playground:theme":"castle"}},"geometry":{"type":"Point","coordinates":[17.6791553,59.9386413]}},{"type":"Feature","properties":{"id":887913056,"osm_type":"way","name":"","category":"playground","tags":{"leisure":"playground"}},"geometry":{"type":"Point","coordinates":[17.7055846,59.9666174]}},{"type":"Feature","properties":{"id":887913057,"osm_type":"way","name":"","category":"playground","tags":{"leisure":"playground"}},"geometry":{"type":"Point","coordinates":[17.7071899,59.965898]}},{"type":"Feature","properties":{"id":888934628,"osm_type":"way","name":"","category":"playground","tags":{"leisure":"playground"}},"geometry":{"type":"Point","coordinates":[17.6975415,59.9568628]}},{"type":"Feature","properties":{"id":889666262,"osm_type":"way","name":"","category":"playground","tags":{"leisure":"playground"}},"geometry":{"type":"Point","coordinates":[17.6892273,59.9588825]}},{"type":"Feature","properties":{"id":889666297,"osm_type":"way","name":"","category":"playground","tags":{"leisure":"playground"}},"geometry":{"type":"Point","coordinates":[17.6881982,59.9583688]}},{"type":"Feature","properties":{"id":889666380,"osm_type":"way","name":"","category":"playground","tags":{"leisure":"playground"}},"geometry":{"type":"Point","coordinates":[17.6872481,59.9506523]}},{"type":"Feature","properties":{"id":899086523,"osm_type":"way","name":"","category":"playground","tags":{"access":"yes","leisure":"playground","playground:theme":"playground","surface":"gravel"}},"geometry":{"type":"Point","coordinates":[17.7864567,59.7506501]}},{"type":"Feature","properties":{"id":925274977,"osm_type":"way","name":"","category":"playground","tags":{"access":"yes","leisure":"playground","playground:theme":"playground","surface":"gravel"}},"geometry":{"type":"Point","coordinates":[17.5610006,59.8581564]}},{"type":"Feature","properties":{"id":925274978,"osm_type":"way","name":"","category":"playground","tags":{"access":"yes","leisure":"playground","surface":"gravel"}},"geometry":{"type":"Point","coordinates":[17.5634663,59.8584594]}},{"type":"Feature","properties":{"id":931764871,"osm_type":"way","name":"","category":"playground","tags":{"access":"yes","leisure":"playground"}},"geometry":{"type":"Point","coordinates":[17.6285513,59.871447]}},{"type":"Feature","properties":{"id":933267278,"osm_type":"way","name":"","category":"playground","tags":{"access":"yes","leisure":"playground"}},"geometry":{"type":"Point","coordinates":[17.636711,59.836178]}},{"type":"Feature","properties":{"id":937066004,"osm_type":"way","name":"","category":"playground","tags":{"access":"yes","leisure":"playground"}},"geometry":{"type":"Point","coordinates":[17.6374668,59.8363193]}},{"type":"Feature","properties":{"id":937066005,"osm_type":"way","name":"","category":"playground","tags":{"access":"yes","leisure":"playground"}},"geometry":{"type":"Point","coordinates":[17.6375229,59.8361917]}},{"type":"Feature","properties":{"id":954035016,"osm_type":"way","name":"","category":"playground","tags":{"access":"yes","leisure":"playground"}},"geometry":{"type":"Point","coordinates":[17.6319998,59.8310209]}},{"type":"Feature","properties":{"id":954035018,"osm_type":"way","name":"","category":"playground","tags":{"access":"yes","leisure":"playground","lit":"yes"}},"geometry":{"type":"Point","coordinates":[17.6310056,59.8320069]}},{"type":"Feature","properties":{"id":975933918,"osm_type":"way","name":"","category":"playground","tags":{"leisure":"playground"}},"geometry":{"type":"Point","coordinates":[17.7663479,59.7591776]}},{"type":"Feature","properties":{"id":1020528109,"osm_type":"way","name":"Lina Sandells Park","category":"playground","tags":{"addr:country":"SE","addr:housenumber":"9","addr:street":"Rangströms väg","description":"large tunnelslide; climbing tunnel; toddler slide; climbing wall; hammock; climbing bars","leisure":"playground","name":"Lina Sandells Park","phone":"+46 18 727 40 45"}},"geometry":{"type":"Point","coordinates":[17.6214737,59.8137084]}},{"type":"Feature","properties":{"id":1020885521,"osm_type":"way","name":"","category":"playground","tags":{"access":"yes","leisure":"playground","surface":"gravel"}},"geometry":{"type":"Point","coordinates":[17.5629529,59.8590031]}},{"type":"Feature","properties":{"id":1101416772,"osm_type":"way","name":"","category":"playground","tags":{"access":"yes","leisure":"playground"}},"geometry":{"type":"Point","coordinates":[17.6164067,59.8573946]}},{"type":"Feature","properties":{"id":1104494388,"osm_type":"way","name":"Lövstalöts lekplats","category":"playground","tags":{"access":"yes","leisure":"playground","name":"Lövstalöts lekplats","operator":"Uppsala kommun"}},"geometry":{"type":"Point","coordinates":[17.5763427,59.9559026]}},{"type":"Feature","properties":{"id":1104494389,"osm_type":"way","name":"Sjungarbackens lekplats","category":"playground","tags":{"access":"yes","leisure":"playground","name":"Sjungarbackens lekplats","operator":"Uppsala kommun"}},"geometry":{"type":"Point","coordinates":[17.5400121,59.9506734]}},{"type":"Feature","properties":{"id":1118899086,"osm_type":"way","name":"","category":"playground","tags":{"leisure":"playground"}},"geometry":{"type":"Point","coordinates":[17.5683909,59.8543856]}},{"type":"Feature","properties":{"id":1130711217,"osm_type":"way","name":"","category":"playground","tags":{"access":"yes","leisure":"playground","lit":"yes"}},"geometry":{"type":"Point","coordinates":[17.5580515,59.8496514]}},{"type":"Feature","properties":{"id":1134396966,"osm_type":"way","name":"","category":"playground","tags":{"access":"yes","leisure":"playground","surface":"gravel"}},"geometry":{"type":"Point","coordinates":[17.674412,59.8751988]}},{"type":"Feature","properties":{"id":1171239451,"osm_type":"way","name":"","category":"playground","tags":{"leisure":"playground"}},"geometry":{"type":"Point","coordinates":[17.7962167,59.7181915]}},{"type":"Feature","properties":{"id":1199992536,"osm_type":"way","name":"Lilla Uppsala","category":"playground","tags":{"access":"yes","leisure":"playground","name":"Lilla Uppsala","playground:theme":"local_landmarks"}},"geometry":{"type":"Point","coordinates":[17.6712896,59.8849432]}},{"type":"Feature","properties":{"id":1204266584,"osm_type":"way","name":"Brötåkersvägens lekplats","category":"playground","tags":{"access":"yes","leisure":"playground","name":"Brötåkersvägens lekplats","operator":"Uppsala kommun"}},"geometry":{"type":"Point","coordinates":[17.5460984,59.9429729]}},{"type":"Feature","properties":{"id":1212070709,"osm_type":"way","name":"Tröskvägens lekplats","category":"playground","tags":{"access":"yes","leisure":"playground","name":"Tröskvägens lekplats","operator":"Uppsala kommun"}},"geometry":{"type":"Point","coordinates":[17.5271543,59.9501576]}},{"type":"Feature","properties":{"id":1217251765,"osm_type":"way","name":"","category":"playground","tags":{"leisure":"playground"}},"geometry":{"type":"Point","coordinates":[17.6169278,59.8128873]}},{"type":"Feature","properties":{"id":1222299300,"osm_type":"way","name":"","category":"playground","tags":{"access":"yes","leisure":"playground"}},"geometry":{"type":"Point","coordinates":[17.6210447,59.8784889]}},{"type":"Feature","properties":{"id":1237381522,"osm_type":"way","name":"","category":"playground","tags":{"access":"yes","leisure":"playground"}},"geometry":{"type":"Point","coordinates":[17.6806562,59.8620489]}},{"type":"Feature","properties":{"id":1237381523,"osm_type":"way","name":"","category":"playground","tags":{"access":"yes","leisure":"playground"}},"geometry":{"type":"Point","coordinates":[17.6817658,59.862004]}},{"type":"Feature","properties":{"id":1242175787,"osm_type":"way","name":"","category":"playground","tags":{"access":"private","leisure":"playground"}},"geometry":{"type":"Point","coordinates":[17.6108541,59.8274938]}},{"type":"Feature","properties":{"id":1243560536,"osm_type":"way","name":"Bondbönsparken","category":"playground","tags":{"access":"yes","leisure":"playground","name":"Bondbönsparken"}},"geometry":{"type":"Point","coordinates":[17.685983,59.8646155]}},{"type":"Feature","properties":{"id":1243560537,"osm_type":"way","name":"","category":"playground","tags":{"access":"yes","leisure":"playground"}},"geometry":{"type":"Point","coordinates":[17.6848272,59.8643217]}},{"type":"Feature","properties":{"id":1243560538,"osm_type":"way","name":"","category":"playground","tags":{"access":"private","leisure":"playground"}},"geometry":{"type":"Point","coordinates":[17.6855053,59.8637947]}},{"type":"Feature","properties":{"id":1271523783,"osm_type":"way","name":"","category":"playground","tags":{"leisure":"playground"}},"geometry":{"type":"Point","coordinates":[17.6879113,59.8639821]}},{"type":"Feature","properties":{"id":1271523786,"osm_type":"way","name":"","category":"playground","tags":{"access":"yes","leisure":"playground"}},"geometry":{"type":"Point","coordinates":[17.68744,59.8647671]}},{"type":"Feature","properties":{"id":1271523794,"osm_type":"way","name":"","category":"playground","tags":{"leisure":"playground"}},"geometry":{"type":"Point","coordinates":[17.6906241,59.8702301]}},{"type":"Feature","properties":{"id":1271523796,"osm_type":"way","name":"","category":"playground","tags":{"leisure":"playground"}},"geometry":{"type":"Point","coordinates":[17.6903178,59.8702037]}},{"type":"Feature","properties":{"id":1272351049,"osm_type":"way","name":"","category":"playground","tags":{"access":"yes","leisure":"playground"}},"geometry":{"type":"Point","coordinates":[17.5707718,59.8551063]}},{"type":"Feature","properties":{"id":1272351065,"osm_type":"way","name":"","category":"playground","tags":{"access":"yes","leisure":"playground"}},"geometry":{"type":"Point","coordinates":[17.5690467,59.8557122]}},{"type":"Feature","properties":{"id":1272351074,"osm_type":"way","name":"","category":"playground","tags":{"access":"private","leisure":"playground"}},"geometry":{"type":"Point","coordinates":[17.5686102,59.8556209]}},{"type":"Feature","properties":{"id":1285998306,"osm_type":"way","name":"","category":"playground","tags":{"access":"yes","leisure":"playground","source":"local knowledge"}},"geometry":{"type":"Point","coordinates":[17.5567369,59.8544094]}},{"type":"Feature","properties":{"id":1291912346,"osm_type":"way","name":"","category":"playground","tags":{"leisure":"playground"}},"geometry":{"type":"Point","coordinates":[17.6050829,59.8530872]}},{"type":"Feature","properties":{"id":1292432038,"osm_type":"way","name":"","category":"playground","tags":{"access":"yes","leisure":"playground","operator":"brf Bronsyxan","playground:theme":"train","source":"local knowledge","surface":"gravel"}},"geometry":{"type":"Point","coordinates":[17.5614776,59.8584032]}},{"type":"Feature","properties":{"id":1298201825,"osm_type":"way","name":"","category":"playground","tags":{"access":"yes","leisure":"playground"}},"geometry":{"type":"Point","coordinates":[17.6799624,59.8630316]}},{"type":"Feature","properties":{"id":1298201826,"osm_type":"way","name":"","category":"playground","tags":{"access":"yes","leisure":"playground"}},"geometry":{"type":"Point","coordinates":[17.6807531,59.8630349]}},{"type":"Feature","properties":{"id":1298201827,"osm_type":"way","name":"","category":"playground","tags":{"access":"yes","leisure":"playground"}},"geometry":{"type":"Point","coordinates":[17.6815439,59.8631101]}},{"type":"Feature","properties":{"id":1298201829,"osm_type":"way","name":"","category":"playground","tags":{"leisure":"playground"}},"geometry":{"type":"Point","coordinates":[17.6798306,59.8643902]}},{"type":"Feature","properties":{"id":1298208836,"osm_type":"way","name":"","category":"playground","tags":{"leisure":"playground"}},"geometry":{"type":"Point","coordinates":[17.6084241,59.8519893]}},{"type":"Feature","properties":{"id":1300231883,"osm_type":"way","name":"","category":"playground","tags":{"leisure":"playground"}},"geometry":{"type":"Point","coordinates":[17.5399345,59.9519985]}},{"type":"Feature","properties":{"id":1300846572,"osm_type":"way","name":"Blåtistelvägens lekplats","category":"playground","tags":{"access":"yes","leisure":"playground","name":"Blåtistelvägens lekplats","operator":"Uppsala kommun"}},"geometry":{"type":"Point","coordinates":[17.5729101,59.9570085]}},{"type":"Feature","properties":{"id":1304403652,"osm_type":"way","name":"","category":"playground","tags":{"leisure":"playground"}},"geometry":{"type":"Point","coordinates":[17.6291979,59.8350669]}},{"type":"Feature","properties":{"id":1305016077,"osm_type":"way","name":"","category":"playground","tags":{"access":"yes","leisure":"playground"}},"geometry":{"type":"Point","coordinates":[17.6291321,59.8342889]}},{"type":"Feature","properties":{"id":1314875185,"osm_type":"way","name":"","category":"playground","tags":{"leisure":"playground"}},"geometry":{"type":"Point","coordinates":[17.6459304,59.8854937]}},{"type":"Feature","properties":{"id":1323697109,"osm_type":"way","name":"Råbocksvägens lekplats","category":"playground","tags":{"access":"yes","leisure":"playground","name":"Råbocksvägens lekplats","operator":"Uppsala kommun","source":"Bing","surface":"grass"}},"geometry":{"type":"Point","coordinates":[17.5826375,59.9565574]}},{"type":"Feature","properties":{"id":1332911580,"osm_type":"way","name":"","category":"playground","tags":{"leisure":"playground","surface":"gravel"}},"geometry":{"type":"Point","coordinates":[17.610295,59.8598694]}},{"type":"Feature","properties":{"id":1332911581,"osm_type":"way","name":"","category":"playground","tags":{"leisure":"playground","surface":"gravel"}},"geometry":{"type":"Point","coordinates":[17.6105834,59.8602706]}},{"type":"Feature","properties":{"id":1332911582,"osm_type":"way","name":"","category":"playground","tags":{"leisure":"playground"}},"geometry":{"type":"Point","coordinates":[17.6102042,59.8603318]}},{"type":"Feature","properties":{"id":1348301147,"osm_type":"way","name":"","category":"playground","tags":{"barrier":"fence","leisure":"playground"}},"geometry":{"type":"Point","coordinates":[17.7567368,59.8774679]}},{"type":"Feature","properties":{"id":1355737122,"osm_type":"way","name":"","category":"playground","tags":{"access":"yes","leisure":"playground"}},"geometry":{"type":"Point","coordinates":[17.6606267,59.8743759]}},{"type":"Feature","properties":{"id":1359690437,"osm_type":"way","name":"","category":"playground","tags":{"leisure":"playground"}},"geometry":{"type":"Point","coordinates":[17.6241674,59.8624758]}},{"type":"Feature","properties":{"id":1360733254,"osm_type":"way","name":"","category":"playground","tags":{"leisure":"playground"}},"geometry":{"type":"Point","coordinates":[17.6149026,59.8597285]}},{"type":"Feature","properties":{"id":1360916516,"osm_type":"way","name":"","category":"playground","tags":{"access":"private","leisure":"playground"}},"geometry":{"type":"Point","coordinates":[17.6179907,59.8683044]}},{"type":"Feature","properties":{"id":1361203091,"osm_type":"way","name":"","category":"playground","tags":{"leisure":"playground"}},"geometry":{"type":"Point","coordinates":[17.6137514,59.8666942]}},{"type":"Feature","properties":{"id":1378987238,"osm_type":"way","name":"","category":"playground","tags":{"leisure":"playground","surface":"gravel"}},"geometry":{"type":"Point","coordinates":[17.5672113,59.856176]}},{"type":"Feature","properties":{"id":1387874764,"osm_type":"way","name":"Åsen","category":"playground","tags":{"leisure":"playground","lit":"yes","name":"Åsen"}},"geometry":{"type":"Point","coordinates":[17.7791613,59.7466498]}},{"type":"Feature","properties":{"id":1417522002,"osm_type":"way","name":"kindergarden's playground","category":"playground","tags":{"access":"private","leisure":"playground","name":"kindergarden's playground"}},"geometry":{"type":"Point","coordinates":[17.6078834,59.8355671]}},{"type":"Feature","properties":{"id":1420047829,"osm_type":"way","name":"","category":"playground","tags":{"leisure":"playground"}},"geometry":{"type":"Point","coordinates":[17.6764432,59.9383334]}},{"type":"Feature","properties":{"id":1487743479,"osm_type":"way","name":"","category":"playground","tags":{"leisure":"playground"}},"geometry":{"type":"Point","coordinates":[17.7326853,59.9071936]}},{"type":"Feature","properties":{"id":1500260395,"osm_type":"way","name":"","category":"playground","tags":{"leisure":"playground"}},"geometry":{"type":"Point","coordinates":[17.6072839,59.8368694]}},{"type":"Feature","properties":{"id":1500264715,"osm_type":"way","name":"","category":"playground","tags":{"leisure":"playground"}},"geometry":{"type":"Point","coordinates":[17.6034857,59.838192]}},{"type":"Feature","properties":{"id":1500264716,"osm_type":"way","name":"","category":"playground","tags":{"leisure":"playground"}},"geometry":{"type":"Point","coordinates":[17.6041542,59.8382519]}},{"type":"Feature","properties":{"id":1504574373,"osm_type":"way","name":"","category":"playground","tags":{"leisure":"playground"}},"geometry":{"type":"Point","coordinates":[17.6383167,59.8709925]}},{"type":"Feature","properties":{"id":1507626163,"osm_type":"way","name":"","category":"playground","tags":{"leisure":"playground"}},"geometry":{"type":"Point","coordinates":[17.676951,59.8688315]}},{"type":"Feature","properties":{"id":1518976138,"osm_type":"way","name":"","category":"playground","tags":{"leisure":"playground"}},"geometry":{"type":"Point","coordinates":[17.6939688,59.8185588]}},{"type":"Feature","properties":{"id":1518976141,"osm_type":"way","name":"","category":"playground","tags":{"leisure":"playground"}},"geometry":{"type":"Point","coordinates":[17.6872861,59.8190996]}},{"type":"Feature","properties":{"id":1518976148,"osm_type":"way","name":"","category":"playground","tags":{"leisure":"playground"}},"geometry":{"type":"Point","coordinates":[17.6888566,59.8189797]}},{"type":"Feature","properties":{"id":1518976149,"osm_type":"way","name":"","category":"playground","tags":{"leisure":"playground"}},"geometry":{"type":"Point","coordinates":[17.6881377,59.8193961]}},{"type":"Feature","properties":{"id":1518976154,"osm_type":"way","name":"","category":"playground","tags":{"leisure":"playground"}},"geometry":{"type":"Point","coordinates":[17.6912996,59.8201448]}},{"type":"Feature","properties":{"id":1518976156,"osm_type":"way","name":"","category":"playground","tags":{"leisure":"playground"}},"geometry":{"type":"Point","coordinates":[17.6949173,59.8192389]}},{"type":"Feature","properties":{"id":1520883549,"osm_type":"way","name":"","category":"playground","tags":{"leisure":"playground"}},"geometry":{"type":"Point","coordinates":[17.6289911,59.8701502]}},{"type":"Feature","properties":{"id":1524955073,"osm_type":"way","name":"","category":"playground","tags":{"leisure":"playground"}},"geometry":{"type":"Point","coordinates":[17.6745594,59.8651786]}},{"type":"Feature","properties":{"id":1524955078,"osm_type":"way","name":"","category":"playground","tags":{"leisure":"playground"}},"geometry":{"type":"Point","coordinates":[17.6744294,59.8636727]}},{"type":"Feature","properties":{"id":1524955081,"osm_type":"way","name":"","category":"playground","tags":{"leisure":"playground"}},"geometry":{"type":"Point","coordinates":[17.6736259,59.8626421]}},{"type":"Feature","properties":{"id":1524955104,"osm_type":"way","name":"","category":"playground","tags":{"leisure":"playground"}},"geometry":{"type":"Point","coordinates":[17.6772303,59.8649205]}},{"type":"Feature","properties":{"id":1525480787,"osm_type":"way","name":"","category":"playground","tags":{"leisure":"playground"}},"geometry":{"type":"Point","coordinates":[17.5832078,59.8488852]}},{"type":"Feature","properties":{"id":1527956682,"osm_type":"way","name":"","category":"playground","tags":{"leisure":"playground","surface":"gravel"}},"geometry":{"type":"Point","coordinates":[17.6570785,59.8756408]}},{"type":"Feature","properties":{"id":16948820,"osm_type":"relation","name":"Näckrosparkens lekplats","category":"playground","tags":{"access":"yes","indoor":"no","leisure":"playground","name":"Näckrosparkens lekplats","smoking":"no","source":"survey","surface":"gravel","type":"multipolygon"}},"geometry":{"type":"Point","coordinates":[17.682182,59.8596801]}},{"type":"Feature","properties":{"id":18228694,"osm_type":"relation","name":"Lekplats","category":"playground","tags":{"leisure":"playground","name":"Lekplats","type":"multipolygon"}},"geometry":{"type":"Point","coordinates":[17.7891305,59.7463258]}}]}