{"type":"FeatureCollection","features":[{"type":"Feature","properties":{"id":29898149,"osm_type":"node","name":"ICA nära Karlaplan","category":"grocery","tags":{"brand":"ICA Nära","brand:wikidata":"Q1663776","brand:wikipedia":"sv:Ica","check_date":"2025-12-06","check_date:opening_hours":"2025-12-06","contact:phone":"+4686624035","contact:website":"https://www.ica.se/butiker/nara/stockholm/ica-karlaplan-1003714/","name":"ICA nära Karlaplan","opening_hours":"Mo-Fr 07:00-23:00; Sa-Su 08:00-23:00","operator":"ICA","shop":"supermarket"}},"geometry":{"type":"Point","coordinates":[18.0911217,59.337217]}},{"type":"Feature","properties":{"id":29898162,"osm_type":"node","name":"Coop Erik Dahlbergsgatan","category":"grocery","tags":{"brand":"Coop","brand:wikidata":"Q106684510","check_date":"2025-12-08","check_date:opening_hours":"2025-12-08","contact:phone":"+46107418090","contact:website":"https://www.coop.se/butiker-erbjudanden/coop/coop-erik-dahlbergsgatan/","name":"Coop Erik Dahlbergsgatan","opening_hours":"Mo-Fr 07:00-22:00; Sa-Su 08:00-22:00","operator":"Coop","shop":"supermarket"}},"geometry":{"type":"Point","coordinates":[18.0911049,59.3423537]}},{"type":"Feature","properties":{"id":38453442,"osm_type":"node","name":"ICA nära Norrviken","category":"grocery","tags":{"addr:city":"Sollentuna","addr:country":"SE","addr:housenumber":"2","addr:postcode":"19270","addr:street":"Stationsallén","brand":"ICA Nära","brand:wikidata":"Q1663776","brand:wikipedia":"sv:Ica","check_date":"2025-12-05","check_date:opening_hours":"2025-12-05","contact:email":"kundkontakt.norrviken@nara.ica.se","contact:phone":"+4687541775","contact:website":"https://www.ica.se/butiker/nara/sollentuna/ica-nara-norrviken-1213/start/","name":"ICA nära Norrviken","opening_hours":"Mo-Fr 08:00-22:00; Sa,Su 09:00-22:00","shop":"supermarket"}},"geometry":{"type":"Point","coordinates":[17.9231,59.4586]}},{"type":"Feature","properties":{"id":49888802,"osm_type":"node","name":"Hemköp Sollentuna Rotehallen","category":"grocery","tags":{"addr:city":"Sollentuna","addr:street":"Rotebro Centrum","brand":"Hemköp","brand:wikidata":"Q10521746","brand:wikipedia":"sv:Hemköp","contact:email":"info.sollentuna.rotehallen@hemkop.se","contact:phone":"+4687541168","contact:website":"https://www.hemkop.se/butik/4690","name":"Hemköp Sollentuna Rotehallen","opening_hours":"Mo-Fr 07:00-21:00; Sa-Su 08:00-21:00","shop":"supermarket"}},"geometry":{"type":"Point","coordinates":[17.9118,59.4768]}},{"type":"Feature","properties":{"id":60750116,"osm_type":"node","name":"Maxi ICA Stormarknad Häggvik","category":"grocery","tags":{"addr:city":"Sollentuna","addr:country":"SE","addr:housenumber":"1","addr:postcode":"19162","addr:street":"Mossvägen","brand":"Maxi ICA Stormarknad","brand:wikidata":"Q1663776","brand:wikipedia":"sv:Ica","check_date":"2025-11-24","check_date:opening_hours":"2025-11-24","contact:email":"kundkontakt.haggvik@maxi.ica.se","contact:phone":"+46856256800","contact:website":"https://www.ica.se/butiker/maxi/sollentuna/maxi-ica-stormarknad-haggvik-12313/start/","name":"Maxi ICA Stormarknad Häggvik","opening_hours":"Mo-Su 07:00-22:00","shop":"supermarket","short_name":"ICA Maxi"}},"geometry":{"type":"Point","coordinates":[17.9319525,59.4377882]}},{"type":"Feature","properties":{"id":90159005,"osm_type":"node","name":"Hemköp Stockholm Älvsjö","category":"grocery","tags":{"addr:city":"Älvsjö","addr:country":"SE","addr:housenumber":"208","addr:postcode":"12534","addr:street":"Sjättenovembervägen","brand":"Hemköp","brand:wikidata":"Q10521746","check_date":"2025-09-15","check_date:opening_hours":"2023-02-10","contact:phone":"+46 8 647 12 30","name":"Hemköp Stockholm Älvsjö","opening_hours":"08:00-21:00","operator":"Hemköp","phone":"08-6471230","shop":"supermarket","website":"https://www.hemkop.se/butik/4787","wheelchair":"limited"}},"geometry":{"type":"Point","coordinates":[18.00228,59.2787519]}},{"type":"Feature","properties":{"id":90399562,"osm_type":"node","name":"Hemköp Danderyd Mörby Centrum","category":"grocery","tags":{"addr:city":"Danderyd","addr:street":"Mörby Centrum","brand":"Hemköp","brand:wikidata":"Q10521746","brand:wikipedia":"sv:Hemköp","check_date:opening_hours":"2025-08-05","contact:email":"info.danderyd.morby@hemkop.se","contact:phone":"+46855770750","contact:website":"https://www.hemkop.se/butik/4239","level":"1","name":"Hemköp Danderyd Mörby Centrum","opening_hours":"Mo-Su 07:00-22:00; PH 07:00-16:00,07:00-20:00","shop":"supermarket","wheelchair":"yes"}},"geometry":{"type":"Point","coordinates":[18.0367377,59.398465]}},{"type":"Feature","properties":{"id":91625237,"osm_type":"node","name":"ICA Nära Klingsta","category":"grocery","tags":{"addr:city":"Danderyd","addr:country":"SE","addr:housenumber":"31","addr:postcode":"18233","addr:street":"Edsviksvägen","brand":"ICA Nära","brand:wikidata":"Q1663776","brand:wikipedia":"sv:Ica","name":"ICA Nära Klingsta","opening_hours":"Mo-Fr 08:00-20:00; Sa,Su 09:00-20:00","phone":"+46 8 755 60 02","shop":"supermarket","source":"survey","website":"https://www.ica.se/butiker/nara/danderyd/ica-nara-klingsta-1205/"}},"geometry":{"type":"Point","coordinates":[18.0256737,59.4003431]}},{"type":"Feature","properties":{"id":148580618,"osm_type":"node","name":"ICA Tornet","category":"grocery","tags":{"addr:city":"Stocksund","addr:country":"SE","addr:housenumber":"43","addr:postcode":"18207","addr:street":"Stockholmsvägen","brand":"ICA Nära","brand:wikidata":"Q1663776","brand:wikipedia":"sv:Ica","contact:phone":"+468851800","contact:website":"https://www.ica.se/butiker/nara/danderyd/ica-tornet-stocksund-1003862/","name":"ICA Tornet","opening_hours":"Mo-Fr 07:00-22:00; Sa-Su 08:00-22:00","operator":"ICA","shop":"supermarket","source":"survey","wheelchair":"yes"}},"geometry":{"type":"Point","coordinates":[18.0577742,59.3847828]}},{"type":"Feature","properties":{"id":223805462,"osm_type":"node","name":"ICA Kvantum BEA Livsmedel","category":"grocery","tags":{"addr:city":"Enskede","addr:country":"SE","addr:housenumber":"188","addr:street":"Handelsvägen","brand":"ICA Kvantum","brand:wikidata":"Q1663776","check_date:opening_hours":"2022-11-06","name":"ICA Kvantum BEA Livsmedel","opening_hours":"PH,Mo-Su 08:00-22:00","shop":"supermarket","website":"https://www.ica.se/butiker/kvantum/stockholm/ica-kvantum-bea-livsmedel-1292/start/","wheelchair":"yes"}},"geometry":{"type":"Point","coordinates":[18.0699775,59.2787858]}},{"type":"Feature","properties":{"id":252294303,"osm_type":"node","name":"Tempo Sticklinge","category":"grocery","tags":{"created_by":"Potlatch 0.7b","name":"Tempo Sticklinge","shop":"supermarket"}},"geometry":{"type":"Point","coordinates":[18.1135603,59.3828946]}},{"type":"Feature","properties":{"id":252450823,"osm_type":"node","name":"Hemköp Lidingö Brevik","category":"grocery","tags":{"addr:city":"Lidingö","addr:country":"SE","addr:housenumber":"240","addr:street":"Södra Kungsvägen","brand":"Hemköp","brand:wikidata":"Q10521746","name":"Hemköp Lidingö Brevik","opening_hours":"Mo-Su,PH 08:00-22:00","phone":"08-7660030","shop":"supermarket","website":"https://www.hemkop.se/butik/4697"}},"geometry":{"type":"Point","coordinates":[18.2047912,59.3480867]}},{"type":"Feature","properties":{"id":254698035,"osm_type":"node","name":"ICA Nära Abrahamsberg","category":"grocery","tags":{"addr:city":"Bromma","addr:country":"SE","addr:housenumber":"8","addr:postcode":"168 30","addr:street":"Abrahamsbergsvägen","brand":"ICA Nära","brand:wikidata":"Q1663776","brand:wikipedia":"sv:Ica","name":"ICA Nära Abrahamsberg","opening_hours":"Mo-Su 08:00-22:00","shop":"supermarket","website":"https://www.ica.se/butiker/nara/stockholm/ica-abrahamsberg-1235/start/"}},"geometry":{"type":"Point","coordinates":[17.9518695,59.3361456]}},{"type":"Feature","properties":{"id":254709903,"osm_type":"node","name":"Garpes","category":"grocery","tags":{"name":"Garpes","opening_hours":"Mo-Fr 10:00-20:00; Sa,Su 10:00-18:00","shop":"convenience"}},"geometry":{"type":"Point","coordinates":[17.9133605,59.3290115]}},{"type":"Feature","properties":{"id":254913118,"osm_type":"node","name":"ICA Nära Rudboda","category":"grocery","tags":{"brand":"ICA Nära","brand:wikidata":"Q1663776","brand:wikipedia":"sv:Ica","name":"ICA Nära Rudboda","opening_hours":"Mo-Su 08:00-20:00","shop":"supermarket"}},"geometry":{"type":"Point","coordinates":[18.1784213,59.374961]}},{"type":"Feature","properties":{"id":270944204,"osm_type":"node","name":"Lidl Täby","category":"grocery","tags":{"name":"Lidl Täby","opening_hours":"Mo-Fr 08:00-22:00; Sa 08:00-21:00; Su 09:00-21:00","operator":"Lidl Stiftung & Co. KG","organisationsnummer":"969667-6312","shop":"supermarket"}},"geometry":{"type":"Point","coordinates":[18.0348535,59.4400265]}},{"type":"Feature","properties":{"id":273417984,"osm_type":"node","name":"Ica Armégatan","category":"grocery","tags":{"brand":"ICA Nära","brand:wikidata":"Q1663776","brand:wikipedia":"sv:Ica","name":"Ica Armégatan","opening_hours":"PH,Mo-Su 08:00-22:00","shop":"convenience"}},"geometry":{"type":"Point","coordinates":[18.0034067,59.3508548]}},{"type":"Feature","properties":{"id":289820241,"osm_type":"node","name":"Coop Västertorp","category":"grocery","tags":{"addr:city":"Stockholm","addr:country":"SE","addr:housenumber":"17","addr:postcode":"129 47","addr:street":"Störtloppsvägen","brand":"Coop","brand:wikidata":"Q106684510","name":"Coop Västertorp","opening_hours":"Mo-Fr 07:00-22:00; Sa-Su 08:00-21:00","operator":"Coop","phone":"+46 10 741 74 40","shop":"supermarket","website":"https://www.coop.se/butiker-erbjudanden/coop/coop-vastertorp/"}},"geometry":{"type":"Point","coordinates":[17.9676426,59.2927384]}},{"type":"Feature","properties":{"id":289820256,"osm_type":"node","name":"Hemköp Hägersten Västertorp","category":"grocery","tags":{"addr:city":"Hägersten","addr:country":"SE","addr:housenumber":"22","addr:postcode":"129 47","addr:street":"Störtloppsvägen","brand":"Hemköp","brand:wikidata":"Q10521746","name":"Hemköp Hägersten Västertorp","phone":"+46 8-97 03 84","shop":"supermarket","website":"https://www.hemkop.se/butik/4684"}},"geometry":{"type":"Point","coordinates":[17.9677873,59.2930981]}},{"type":"Feature","properties":{"id":297787328,"osm_type":"node","name":"Willys","category":"grocery","tags":{"addr:city":"Sundbyberg","addr:country":"SE","addr:housenumber":"7","addr:postcode":"174 55","addr:street":"Madenvägen","brand":"Willys","brand:wikidata":"Q10720214","brand:wikipedia":"sv:Willys","check_date:opening_hours":"2023-04-18","name":"Willys","opening_hours":"Mo-Su 07:00-22:00","shop":"supermarket","wheelchair":"yes"}},"geometry":{"type":"Point","coordinates":[17.9467058,59.3797828]}},{"type":"Feature","properties":{"id":299726810,"osm_type":"node","name":"Tempo Lidingö Baggeby","category":"grocery","tags":{"addr:city":"Lidingö","addr:country":"SE","addr:housenumber":"8","addr:street":"Baggeby Torg","check_date":"2024-12-29","name":"Tempo Lidingö Baggeby","shop":"supermarket"}},"geometry":{"type":"Point","coordinates":[18.1334611,59.3547349]}},{"type":"Feature","properties":{"id":302898582,"osm_type":"node","name":"ICA Supermarket","category":"grocery","tags":{"brand":"ICA Supermarket","brand:wikidata":"Q1663776","brand:wikipedia":"sv:Ica","name":"ICA Supermarket","shop":"supermarket","wheelchair":"yes"}},"geometry":{"type":"Point","coordinates":[18.2180344,59.3542669]}},{"type":"Feature","properties":{"id":304567324,"osm_type":"node","name":"7-Eleven","category":"grocery","tags":{"brand":"7-Eleven","brand:wikidata":"Q259340","brand:wikipedia":"en:7-Eleven","check_date:opening_hours":"2024-07-03","name":"7-Eleven","note":"Keep opening_hours of the ATM inside 7-Eleven in sync with 7-Eleven's opening_hours!","opening_hours":"Mo-Fr 06:00-24:00; Sa 07:00-24:00; Su 07:00-23:00","operator":"7-Eleven","phone":"+46-8-7919160","shop":"convenience","website":"http://www.7-eleven.se/","wheelchair":"yes"}},"geometry":{"type":"Point","coordinates":[18.0717624,59.3463707]}},{"type":"Feature","properties":{"id":318561966,"osm_type":"node","name":"ICA Esplanaden","category":"grocery","tags":{"brand":"ICA Supermarket","brand:wikidata":"Q1663776","brand:wikipedia":"sv:Ica","check_date":"2025-12-05","check_date:opening_hours":"2025-12-05","contact:email":"esplanadia@esplanadia.se","contact:phone":"+46854583831","contact:website":"https://www.ica.se/butiker/supermarket/stockholm/ica-supermarket-esplanad-sthlm-1254/start/","name":"ICA Esplanaden","opening_hours":"Mo-Sa 07:00-22:00; Su 08:00-22:00","shop":"supermarket"}},"geometry":{"type":"Point","coordinates":[18.0817425,59.3391555]}},{"type":"Feature","properties":{"id":321696904,"osm_type":"node","name":"Tors Livs","category":"grocery","tags":{"name":"Tors Livs","shop":"convenience"}},"geometry":{"type":"Point","coordinates":[18.1449877,59.1706435]}},{"type":"Feature","properties":{"id":324291304,"osm_type":"node","name":"ICA Supermarket Alviks Torg","category":"grocery","tags":{"brand":"ICA Supermarket","brand:wikidata":"Q1663776","brand:wikipedia":"sv:Ica","name":"ICA Supermarket Alviks Torg","opening_hours":"Mo-Su 07:00-23:00","shop":"supermarket","website":"https://www.ica.se/FrontServlet?s=butiker&state=butikssida&butiksid=09736"}},"geometry":{"type":"Point","coordinates":[17.9829618,59.3327076]}},{"type":"Feature","properties":{"id":332315208,"osm_type":"node","name":"Coop Vendelsömalm","category":"grocery","tags":{"addr:city":"Haninge","addr:country":"SE","addr:housenumber":"4","addr:street":"Tyrestavägen","brand":"Coop","brand:wikidata":"Q106684510","name":"Coop Vendelsömalm","opening_hours":"Mo-Fr 07:00-22:00; Sa,Su 08:00-22:00","phone":"010-7417600","shop":"supermarket","website":"https://www.coop.se/butiker-erbjudanden/coop/coop-vendelsomalm/"}},"geometry":{"type":"Point","coordinates":[18.1800972,59.1796756]}},{"type":"Feature","properties":{"id":334103410,"osm_type":"node","name":"ICA Supermarket","category":"grocery","tags":{"brand":"ICA Supermarket","brand:wikidata":"Q1663776","brand:wikipedia":"sv:Ica","check_date":"2025-02-18","name":"ICA Supermarket","opening_hours":"Mo-Fr 07:00-22:00; Sa-Su 08:00-22:00","shop":"supermarket","source":"survey"}},"geometry":{"type":"Point","coordinates":[17.9383011,59.3380314]}},{"type":"Feature","properties":{"id":357177571,"osm_type":"node","name":"ICA Gärdet","category":"grocery","tags":{"brand":"ICA Nära","brand:wikidata":"Q1663776","brand:wikipedia":"sv:Ica","check_date":"2025-12-08","check_date:opening_hours":"2025-12-08","contact:phone":"+4686618083","contact:website":"https://www.ica.se/butiker/nara/stockholm/ica-gardet-rokubbsgatan-1004714/","name":"ICA Gärdet","opening_hours":"Mo-Su 07:00-23:00","operator":"ICA","shop":"convenience","source":"local_knowledge","toilets:wheelchair":"designated"}},"geometry":{"type":"Point","coordinates":[18.11067,59.3452002]}},{"type":"Feature","properties":{"id":362412184,"osm_type":"node","name":"ICA Näset","category":"grocery","tags":{"brand":"ICA Nära","brand:wikidata":"Q1663776","brand:wikipedia":"sv:Ica","name":"ICA Näset","opening_hours":"Mo-Su 09:00-21:00","shop":"supermarket","website":"https://www.ica.se/butiker/nara/lidingo/ica-naset-1004381/"}},"geometry":{"type":"Point","coordinates":[18.143241,59.3734253]}},{"type":"Feature","properties":{"id":365064960,"osm_type":"node","name":"ICA Gribbylund","category":"grocery","tags":{"addr:city":"Täby","addr:country":"SE","addr:housenumber":"2","addr:street":"Gribbylunds torg","brand":"ICA Nära","brand:wikidata":"Q1663776","name":"ICA Gribbylund","opening_hours":"Mo-Fr 09:00-21:00; Su 10:00-21:00","shop":"supermarket","website":"https://www.ica.se/butiker/nara/taby/ica-gribbylund-1196/start/"}},"geometry":{"type":"Point","coordinates":[18.0887684,59.4622282]}},{"type":"Feature","properties":{"id":369307380,"osm_type":"node","name":"Hemköp Stockholm Gärdet","category":"grocery","tags":{"addr:city":"Stockholm","addr:country":"SE","addr:housenumber":"12","addr:street":"Kampementsgatan","brand":"Hemköp","brand:wikidata":"Q10521746","check_date":"2025-12-08","check_date:opening_hours":"2025-12-08","contact:email":"info.stockholm.gardet@hemkop.se","contact:phone":"+46852400750","contact:website":"https://www.hemkop.se/butik/4234","name":"Hemköp Stockholm Gärdet","opening_hours":"Mo-Su 07:00-22:00","shop":"supermarket"}},"geometry":{"type":"Point","coordinates":[18.1032618,59.3462738]}},{"type":"Feature","properties":{"id":369976635,"osm_type":"node","name":"7-Eleven","category":"grocery","tags":{"brand":"7-Eleven","brand:wikidata":"Q259340","brand:wikipedia":"en:7-Eleven","check_date":"2025-12-05","check_date:opening_hours":"2025-12-05","contact:phone":"+4686795959","contact:website":"http://www.7-eleven.se/","name":"7-Eleven","opening_hours":"24/7","operator":"7-Eleven","payment:cash":"yes","shop":"convenience"}},"geometry":{"type":"Point","coordinates":[18.0760665,59.333251]}},{"type":"Feature","properties":{"id":372741887,"osm_type":"node","name":"ICA Nära Roslagstull","category":"grocery","tags":{"brand":"ICA Nära","brand:wikidata":"Q1663776","brand:wikipedia":"sv:Ica","check_date":"2025-11-13","contact:phone":"+468150060","contact:website":"https://www.ica.se/butiker/nara/stockholm/ica-nara-roslagstull-1003482/","name":"ICA Nära Roslagstull","opening_hours":"Mo-Fr 07:00-23:00; Sa-Su 08:00-23:00","operator":"ICA","shop":"supermarket"}},"geometry":{"type":"Point","coordinates":[18.0594196,59.3493596]}},{"type":"Feature","properties":{"id":373373524,"osm_type":"node","name":"Hemköp Stockholm Jungfrugatan","category":"grocery","tags":{"addr:city":"Stockholm","addr:country":"SE","addr:housenumber":"53","addr:postcode":"11531","addr:street":"Jungfrugatan","brand":"Hemköp","brand:wikidata":"Q10521746","brand:wikipedia":"sv:Hemköp","check_date":"2025-12-08","check_date:opening_hours":"2025-12-08","contact:email":"info.stockholm.matgladjen@hemkop.se","contact:phone":"+4686645533","contact:website":"https://www.hemkop.se/butik/4785","name":"Hemköp Stockholm Jungfrugatan","opening_hours":"Mo-Su 06:55-23:05","operator":"Hemköp","payment:cash":"yes","payment:credit_cards":"yes","payment:debit_cards":"yes","shop":"supermarket"}},"geometry":{"type":"Point","coordinates":[18.0863,59.343]}},{"type":"Feature","properties":{"id":373815775,"osm_type":"node","name":"Skroten matbutik & deli","category":"grocery","tags":{"name":"Skroten matbutik & deli","shop":"convenience","wheelchair":"yes"}},"geometry":{"type":"Point","coordinates":[18.100331,59.3233072]}},{"type":"Feature","properties":{"id":410520820,"osm_type":"node","name":"7-Eleven","category":"grocery","tags":{"brand":"7-Eleven","brand:wikidata":"Q259340","brand:wikipedia":"en:7-Eleven","check_date":"2025-12-06","check_date:opening_hours":"2025-12-06","contact:phone":"+4686960002","contact:website":"http://www.7-eleven.se/","name":"7-Eleven","opening_hours":"Mo-Fr 07:00-24:00; Sa 08:00-24:00; Su 08:00-23:00","operator":"7-Eleven","shop":"convenience"}},"geometry":{"type":"Point","coordinates":[18.07623,59.3407517]}},{"type":"Feature","properties":{"id":410579911,"osm_type":"node","name":"7-Eleven","category":"grocery","tags":{"brand":"7-Eleven","brand:wikidata":"Q259340","brand:wikipedia":"en:7-Eleven","check_date":"2025-12-03","check_date:opening_hours":"2025-12-03","contact:phone":"+468295171","contact:website":"http://www.7-eleven.se/","name":"7-Eleven","opening_hours":"Mo-Fr 06:30-19:00; Sa-Su off","operator":"7-Eleven","shop":"convenience","wheelchair":"yes"}},"geometry":{"type":"Point","coordinates":[18.0546193,59.330426]}},{"type":"Feature","properties":{"id":410595543,"osm_type":"node","name":"ICA Banér","category":"grocery","tags":{"brand":"ICA Nära","brand:wikidata":"Q1663776","brand:wikipedia":"sv:Ica","check_date":"2025-12-07","check_date:opening_hours":"2025-12-07","contact:phone":"+4686602206","contact:website":"https://www.ica.se/butiker/nara/stockholm/ica-nara-baner-1004414/","name":"ICA Banér","opening_hours":"Mo-Fr 08:00-21:00; Sa 09:00-21:00; Su 10:00-20:00","opening_hours:signed":"no","shop":"supermarket","wheelchair":"no"}},"geometry":{"type":"Point","coordinates":[18.0909196,59.3324119]}},{"type":"Feature","properties":{"id":415280387,"osm_type":"node","name":"Express Butiken","category":"grocery","tags":{"name":"Express Butiken","opening_hours":"Mo-Fr 10:00-20:00; Sa,Su 11:00-19:00","payment:cash":"yes","shop":"convenience","wheelchair":"no"}},"geometry":{"type":"Point","coordinates":[18.0405435,59.3162549]}},{"type":"Feature","properties":{"id":415283429,"osm_type":"node","name":"ICA Supermarket Högalid","category":"grocery","tags":{"brand":"ICA Supermarket","brand:wikidata":"Q1663776","check_date":"2025-12-09","check_date:opening_hours":"2025-12-09","contact:phone":"+4686697269","contact:website":"https://www.ica.se/butiker/supermarket/stockholm/ica-supermarket-hogalid-15234/start/","name":"ICA Supermarket Högalid","opening_hours":"Mo-Fr 07:00-22:00; Sa-Su 08:00-22:00","operator":"ICA","payment:cash":"yes","shop":"supermarket","wheelchair":"yes"}},"geometry":{"type":"Point","coordinates":[18.0393903,59.3161686]}},{"type":"Feature","properties":{"id":416100929,"osm_type":"node","name":"Stora Coop Stuvsta","category":"grocery","tags":{"addr:city":"Huddinge","addr:country":"SE","addr:housenumber":"1","addr:street":"Ågestavägen","brand":"Coop","brand:wikidata":"Q106684510","internet_access":"yes","name":"Stora Coop Stuvsta","opening_hours":"Mo-Su 07:00-22:00","operator":"Coop","payment:cash":"yes","payment:credit_cards":"yes","payment:debit_cards":"yes","phone":"010-7419560","shop":"supermarket","source":"local_knowledge","website":"https://www.coop.se/butiker-erbjudanden/stora-coop/stora-coop-stuvsta/"}},"geometry":{"type":"Point","coordinates":[18.0108336,59.2507056]}},{"type":"Feature","properties":{"id":417751300,"osm_type":"node","name":"Stora Coop Haninge","category":"grocery","tags":{"addr:city":"Haninge","addr:country":"SE","addr:housenumber":"21","addr:postcode":"136 47","addr:street":"Nynäsvägen","brand":"Coop","brand:wikidata":"Q106684510","name":"Stora Coop Haninge","opening_hours":"Mo-Su 08:00-22:00","opening_hours:url":"https://www.coop.se/butiker-erbjudanden/coop-forum/coop-forum-haninge/","payment:cards":"yes","payment:coins":"yes","payment:contactless":"yes","payment:credit_cards":"yes","payment:debit_cards":"yes","payment:maestro":"yes","payment:mastercard":"yes","payment:notes":"yes","payment:visa":"yes","payment:visa_electron":"yes","phone":"010-7417000","shop":"supermarket","website":"https://www.coop.se/butiker-erbjudanden/coop-forum/coop-forum-haninge/","wheelchair":"yes"}},"geometry":{"type":"Point","coordinates":[18.1485218,59.1790595]}},{"type":"Feature","properties":{"id":418320552,"osm_type":"node","name":"Coop Järntorget","category":"grocery","tags":{"brand":"Coop","brand:wikidata":"Q106684510","check_date":"2024-05-25","name":"Coop Järntorget","opening_hours":"Mo-Fr 07:30-22:00; Sa-Su 09:00-22:00","operator":"Coop","payment:cash":"yes","phone":"+46107418570","shop":"supermarket","website":"https://www.coop.se/butiker-erbjudanden/coop/coop-jarntorget/","wheelchair":"yes"}},"geometry":{"type":"Point","coordinates":[18.0728524,59.3225751]}},{"type":"Feature","properties":{"id":423406295,"osm_type":"node","name":"Tempo Solberga","category":"grocery","tags":{"addr:city":"Hägersten","addr:country":"SE","addr:housenumber":"4A","addr:postcode":"12639","addr:street":"Klacktorget","brand":"Tempo","brand:wikidata":"Q10692628","check_date:opening_hours":"2024-09-19","name":"Tempo Solberga","opening_hours":"08:00-20:00","phone":"+46 8 645 35 66","shop":"convenience","wheelchair":"yes"}},"geometry":{"type":"Point","coordinates":[18.0103958,59.287266]}},{"type":"Feature","properties":{"id":429340749,"osm_type":"node","name":"7-Eleven","category":"grocery","tags":{"brand":"7-Eleven","brand:wikidata":"Q259340","brand:wikipedia":"en:7-Eleven","check_date":"2025-11-26","check_date:opening_hours":"2025-11-26","name":"7-Eleven","opening_hours":"Mo-Fr 06:30-20:00; Sa 09:00-18:00; Su 11:00-16:00","operator":"7-Eleven","phone":"+4686514717","shop":"convenience","website":"http://www.7-eleven.se/"}},"geometry":{"type":"Point","coordinates":[18.0450542,59.3327132]}},{"type":"Feature","properties":{"id":429340750,"osm_type":"node","name":"7-Eleven","category":"grocery","tags":{"brand":"7-Eleven","brand:wikidata":"Q259340","brand:wikipedia":"en:7-Eleven","check_date":"2025-12-02","check_date:opening_hours":"2025-12-02","contact:phone":"+4686506585","contact:website":"http://www.7-eleven.se/","name":"7-Eleven","opening_hours":"Mo-Th 06:30-01:00; Fr 06:30-02:00; Sa 07:00-02:00; Su 08:00-01:00","operator":"7-Eleven","shop":"convenience"}},"geometry":{"type":"Point","coordinates":[18.0305152,59.331065]}},{"type":"Feature","properties":{"id":429340751,"osm_type":"node","name":"7-Eleven","category":"grocery","tags":{"brand":"7-Eleven","brand:wikidata":"Q259340","brand:wikipedia":"en:7-Eleven","check_date":"2025-11-28","check_date:opening_hours":"2025-11-28","name":"7-Eleven","opening_hours":"Mo-Th 06:00-22:00; Fr 06:00-24:00; Sa 09:00-24:00; Su 09:00-20:00","operator":"7-Eleven","phone":"+4686501860","shop":"convenience","website":"http://www.7-eleven.se/"}},"geometry":{"type":"Point","coordinates":[18.0358569,59.3341806]}},{"type":"Feature","properties":{"id":429340752,"osm_type":"node","name":"7-Eleven","category":"grocery","tags":{"brand":"7-Eleven","brand:wikidata":"Q259340","brand:wikipedia":"en:7-Eleven","check_date":"2025-12-01","check_date:opening_hours":"2025-12-01","contact:phone":"+468246252","contact:website":"https://7-eleven.se","name":"7-Eleven","opening_hours":"24/7","operator":"7-Eleven","shop":"convenience","wheelchair":"yes"}},"geometry":{"type":"Point","coordinates":[18.0568474,59.3337345]}},{"type":"Feature","properties":{"id":429340753,"osm_type":"node","name":"7-Eleven","category":"grocery","tags":{"brand":"7-Eleven","brand:wikidata":"Q259340","brand:wikipedia":"en:7-Eleven","check_date":"2025-12-02","check_date:opening_hours":"2025-12-02","contact:phone":"+4686534140","contact:website":"http://www.7-eleven.se/","name":"7-Eleven","opening_hours":"Mo-Fr 06:30-20:00; Sa 09:00-18:00; Su 11:00-17:00","operator":"7-Eleven","shop":"convenience","wheelchair":"no"}},"geometry":{"type":"Point","coordinates":[18.046456,59.328467]}},{"type":"Feature","properties":{"id":433633924,"osm_type":"node","name":"ICA Lappkärrsberget","category":"grocery","tags":{"addr:city":"Stockholm","addr:housenumber":"15","addr:postcode":"114 17","addr:street":"Professorsslingan","branch":"Nära","brand":"ICA Nära","brand:wikidata":"Q1663776","brand:wikipedia":"sv:Ica","name":"ICA Lappkärrsberget","opening_hours":"Mo-Fr 08:00-23:00; Sa-Su 09:00-23:00","operator":"ICA","shop":"supermarket","website":"https://www.ica.se/butiker/nara/stockholm/ica-lappkarrsberget-1251/start/"}},"geometry":{"type":"Point","coordinates":[18.063029,59.3697507]}},{"type":"Feature","properties":{"id":433875680,"osm_type":"node","name":"Coop Storsjövägen","category":"grocery","tags":{"brand":"Coop","brand:wikidata":"Q106684510","check_date":"2026-02-01","check_date:opening_hours":"2025-03-22","name":"Coop Storsjövägen","opening_hours":"Mo-Su 08:00-22:00","shop":"supermarket","website":"https://www.coop.se/butiker-erbjudanden/coop/coop-storsjovagen"}},"geometry":{"type":"Point","coordinates":[18.0425,59.2992874]}},{"type":"Feature","properties":{"id":434463045,"osm_type":"node","name":"ICA S:t Eriksplan","category":"grocery","tags":{"brand":"ICA Nära","brand:wikidata":"Q1663776","brand:wikipedia":"sv:Ica","check_date":"2025-11-15","check_date:opening_hours":"2025-11-15","contact:email":"Ica.st.eriksplan@nara.ica.se","contact:phone":"+468311043","contact:website":"https://www.ica.se/butiker/nara/stockholm/ica-st-eriksplan-1234/start/","name":"ICA S:t Eriksplan","opening_hours":"Mo-Fr 07:00-23:00; Sa 08:00-23:00; Su 09:00-23:00","operator":"ICA","shop":"convenience"}},"geometry":{"type":"Point","coordinates":[18.0360275,59.3394656]}},{"type":"Feature","properties":{"id":434463046,"osm_type":"node","name":"Coop Tomtebogatan","category":"grocery","tags":{"brand":"Coop","brand:wikidata":"Q106684510","check_date":"2025-11-15","check_date:opening_hours":"2025-11-15","name":"Coop Tomtebogatan","opening_hours":"Mo-Fr 07:00-22:00; Sa, Su 08:00-22:00","operator":"Coop","phone":"+46107418150","shop":"supermarket","website":"https://www.coop.se/butiker-erbjudanden/coop/coop-nara-tomtebogatan/"}},"geometry":{"type":"Point","coordinates":[18.0359252,59.341453]}},{"type":"Feature","properties":{"id":436373621,"osm_type":"node","name":"Coop Sveavägen 70","category":"grocery","tags":{"addr:city":"Stockholm","addr:housenumber":"70","addr:postcode":"11134","addr:street":"Sveavägen","brand":"Coop","brand:wikidata":"Q106684510","check_date":"2025-11-15","check_date:opening_hours":"2025-11-15","name":"Coop Sveavägen 70","opening_hours":"Mo-Fr 07:00-23:00; Sa-Su 08:00-23:00","operator":"Coop","payment:debit_cards":"yes","phone":"+46107418370","shop":"supermarket","website":"https://www.coop.se/butiker-erbjudanden/coop/coop-sveavagen/"}},"geometry":{"type":"Point","coordinates":[18.0602009,59.3394891]}},{"type":"Feature","properties":{"id":441605736,"osm_type":"node","name":"Stora Coop Västberga","category":"grocery","tags":{"addr:city":"Hägersten","addr:country":"SE","addr:housenumber":"4","addr:postcode":"126 30","addr:street":"Västbergavägen","brand":"Coop","brand:wikidata":"Q106684510","level":"1","name":"Stora Coop Västberga","opening_hours":"07:00-23:00","phone":"+46 10-7419520","shop":"supermarket","website":"https://www.coop.se/butiker-erbjudanden/stora-coop/stora-coop-vastberga/","wheelchair":"yes"}},"geometry":{"type":"Point","coordinates":[18.0046482,59.2937143]}},{"type":"Feature","properties":{"id":442049898,"osm_type":"node","name":"ICA Supermarket Årsta","category":"grocery","tags":{"brand":"ICA Supermarket","brand:wikidata":"Q1663776","brand:wikipedia":"sv:Ica","check_date":"2026-02-01","name":"ICA Supermarket Årsta","opening_hours":"Mo-Su 06:30-23:00","operator":"ICA","phone":"+46-8-6025120","shop":"supermarket"}},"geometry":{"type":"Point","coordinates":[18.0523255,59.2963336]}},{"type":"Feature","properties":{"id":442366355,"osm_type":"node","name":"ICA Supermarket Enskededalen","category":"grocery","tags":{"addr:city":"Enskededalen","addr:country":"SE","addr:housenumber":"5","addr:postcode":"121 31","addr:street":"Dalens allé","brand":"ICA Supermarket","brand:wikidata":"Q1663776","brand:wikipedia":"sv:Ica","contact:phone":"+46-8-4480960","contact:website":"http://www.ica.se/butiker/supermarket/stockholm/ica-supermarket-enskededalen-1294/start/","name":"ICA Supermarket Enskededalen","opening_hours":"Mo-Fr 07:00-21:00; Sa,Su 08:00-21:00","shop":"supermarket","wheelchair":"yes"}},"geometry":{"type":"Point","coordinates":[18.0931537,59.2852736]}},{"type":"Feature","properties":{"id":442682228,"osm_type":"node","name":"Willys Stockholm Älvsjö","category":"grocery","tags":{"addr:city":"Älvsjö","addr:country":"SE","addr:housenumber":"2-6","addr:postcode":"12530","addr:street":"Älvsjö Ängsväg","brand":"Willys","brand:wikidata":"Q10720214","brand:wikipedia":"sv:Willys","check_date":"2025-09-12","name":"Willys Stockholm Älvsjö","opening_hours":"08:00-22:00","payment:cash":"yes","phone":"08-4471240","shop":"supermarket","website":"https://www.willys.se/butik/2219"}},"geometry":{"type":"Point","coordinates":[18.0132,59.2753]}},{"type":"Feature","properties":{"id":444564609,"osm_type":"node","name":"Ritorps Livs","category":"grocery","tags":{"addr:country":"SE","addr:housenumber":"9","addr:street":"Fläderstigen","name":"Ritorps Livs","opening_hours":"Mo-Fr 09:00-19:00; Sa 11:00-17:00","shop":"convenience","wheelchair":"yes"}},"geometry":{"type":"Point","coordinates":[18.0064529,59.3769646]}},{"type":"Feature","properties":{"id":444806296,"osm_type":"node","name":"Filippinska Asian Market","category":"grocery","tags":{"description":"Filipino-food store","diet:gluten_free":"yes","diet:halal":"only","diet:kosher":"only","name":"Filippinska Asian Market","opening_hours":"Mo-Sa 10:00-19:00; Su 10:00-18:00","payment:credit_cards":"yes","payment:debit_cards":"yes","shop":"convenience","wheelchair":"no"}},"geometry":{"type":"Point","coordinates":[18.060617,59.3363922]}},{"type":"Feature","properties":{"id":444823502,"osm_type":"node","name":"7-Eleven","category":"grocery","tags":{"brand":"7-Eleven","brand:wikidata":"Q259340","brand:wikipedia":"en:7-Eleven","check_date":"2024-04-27","level":"0","name":"7-Eleven","opening_hours":"Mo-Th 06:00-01:00;Fr 06:00-03:00;Sa 07:00-03:00;Su 07:00-01:00","operator":"7-Eleven","phone":"+46-8-4112130","shop":"convenience","website":"http://www.7-eleven.se/"}},"geometry":{"type":"Point","coordinates":[18.0578593,59.3311027]}},{"type":"Feature","properties":{"id":445081064,"osm_type":"node","name":"Stadens tobak","category":"grocery","tags":{"addr:city":"Solna","addr:country":"SE","addr:housenumber":"45","addr:postcode":"170 69","addr:street":"Fridensborgsvägen","name":"Stadens tobak","shop":"convenience","wheelchair":"yes"}},"geometry":{"type":"Point","coordinates":[17.9921892,59.3821377]}},{"type":"Feature","properties":{"id":446002191,"osm_type":"node","name":"Coop Rådhuset","category":"grocery","tags":{"brand":"Coop","brand:wikidata":"Q106684510","check_date":"2025-11-26","check_date:opening_hours":"2025-11-26","name":"Coop Rådhuset","opening_hours":"Mo-Fr 07:00-22:00; Sa-Su 08:00-22:00","operator":"Coop","phone":"+46107418260","shop":"supermarket","website":"https://www.coop.se/butiker-erbjudanden/coop/coop-radhuset/","wheelchair":"yes"}},"geometry":{"type":"Point","coordinates":[18.0449186,59.3316303]}},{"type":"Feature","properties":{"id":449795376,"osm_type":"node","name":"ICA nära Dalastan","category":"grocery","tags":{"brand":"ICA Nära","brand:wikidata":"Q1663776","brand:wikipedia":"sv:Ica","check_date":"2025-11-14","check_date:opening_hours":"2025-11-14","contact:phone":"+468342111","contact:website":"https://www.ica.se/butiker/nara/stockholm/ica-dalastan-1003535/","name":"ICA nära Dalastan","opening_hours":"Mo-Fr 07:00-23:00, Sa,Su 08:00-23:00","shop":"supermarket","wheelchair":"yes"}},"geometry":{"type":"Point","coordinates":[18.0430968,59.3438926]}},{"type":"Feature","properties":{"id":449884292,"osm_type":"node","name":"7-Eleven","category":"grocery","tags":{"brand":"7-Eleven","brand:wikidata":"Q259340","brand:wikipedia":"en:7-Eleven","check_date":"2025-12-01","check_date:opening_hours":"2025-12-01","contact:phone":"+4687917767","contact:website":"http://www.7-eleven.se/","name":"7-Eleven","opening_hours":"Mo-Th 07:00-24:00, Fr 07:00-06:00, Sa 10:00-06:00, Su 10:00-18:00","operator":"7-Eleven","shop":"convenience","wheelchair":"yes"}},"geometry":{"type":"Point","coordinates":[18.069727,59.335925]}},{"type":"Feature","properties":{"id":454221010,"osm_type":"node","name":"Coop Daglivs","category":"grocery","tags":{"brand":"Coop","brand:wikidata":"Q106684510","check_date":"2025-11-16","check_date:opening_hours":"2025-11-16","name":"Coop Daglivs","opening_hours":"Mo-Su 08:00-22:00","operator":"Coop","payment:cash":"yes","phone":"+46107419700","shop":"supermarket","website":"https://www.coop.se/butiker-erbjudanden/coop/coop-daglivs/","wheelchair":"yes"}},"geometry":{"type":"Point","coordinates":[18.0324376,59.3337873]}},{"type":"Feature","properties":{"id":455341429,"osm_type":"node","name":"7-Eleven","category":"grocery","tags":{"brand":"7-Eleven","brand:wikidata":"Q259340","brand:wikipedia":"en:7-Eleven","check_date":"2025-11-30","check_date:opening_hours":"2025-11-30","name":"7-Eleven","opening_hours":"Mo-Th 07:00-22:00; Fr 07:00-23:00; Sa 09:00-23:00; Su 10:00-19:00","operator":"7-Eleven","phone":"+46841092558","shop":"convenience","website":"http://www.7-eleven.se/","wheelchair":"limited"}},"geometry":{"type":"Point","coordinates":[18.0625929,59.340127]}},{"type":"Feature","properties":{"id":458709470,"osm_type":"node","name":"7-Eleven","category":"grocery","tags":{"brand":"7-Eleven","brand:wikidata":"Q259340","brand:wikipedia":"en:7-Eleven","check_date":"2025-11-15","check_date:opening_hours":"2025-11-15","name":"7-Eleven","opening_hours":"Mo-Th 07:00-23:00, Fr 07:00-02:00, Sa 10:00-02:00, Su 10:00-19:00","operator":"7-Eleven","phone":"+468328161","shop":"convenience","website":"http://www.7-eleven.se/"}},"geometry":{"type":"Point","coordinates":[18.058483,59.3404714]}},{"type":"Feature","properties":{"id":458888900,"osm_type":"node","name":"Willys","category":"grocery","tags":{"brand":"Willys","brand:wikidata":"Q10720214","brand:wikipedia":"sv:Willys","check_date":"2025-01-08","name":"Willys","opening_hours":"Mo-Su 08:00-21:00","shop":"supermarket","wheelchair":"yes"}},"geometry":{"type":"Point","coordinates":[18.1309923,59.30463]}},{"type":"Feature","properties":{"id":458888901,"osm_type":"node","name":"ICA Kvantum","category":"grocery","tags":{"addr:city":"Nacka","addr:country":"SE","addr:housenumber":"4","addr:postcode":"131 54","addr:street":"Siroccogatan","brand":"ICA Kvantum","brand:wikidata":"Q1663776","brand:wikipedia":"sv:Ica","check_date":"2025-04-16","check_date:opening_hours":"2024-07-01","email":"kundkontakt.nacka@kvantum.ica.se","name":"ICA Kvantum","opening_hours":"Mo-Su 07:00-22:00","operator":"Ica","payment:cash":"yes","phone":"+46 8 452 99 00","shop":"supermarket","website":"https://www.ica.se/butiker/kvantum/","wheelchair":"yes"}},"geometry":{"type":"Point","coordinates":[18.1288674,59.3053953]}},{"type":"Feature","properties":{"id":459394022,"osm_type":"node","name":"Caspian Deli","category":"grocery","tags":{"addr:city":"Kista","addr:housenumber":"52","addr:postcode":"16440","addr:street":"Danmarksgatan","name":"Caspian Deli","opening_hours":"Mo-Fr 10:00-20:00; Sa 10:00-19:00; Su 11:00-18:00","phone":"+46 73 146 07 32","shop":"supermarket"}},"geometry":{"type":"Point","coordinates":[17.9380156,59.406221]}},{"type":"Feature","properties":{"id":459394023,"osm_type":"node","name":"Kista Grossen","category":"grocery","tags":{"addr:housenumber":"4-6","addr:street":"Torsnäsgatan","check_date":"2026-02-11","check_date:opening_hours":"2026-02-11","name":"Kista Grossen","opening_hours":"Mo-Fr 08:30-20:00; Sa 10:00-20:00; Su 11:00-19:00","shop":"supermarket","website":"https://www.kistagrossen.com/","wheelchair":"limited"}},"geometry":{"type":"Point","coordinates":[17.9474828,59.4030627]}},{"type":"Feature","properties":{"id":459776346,"osm_type":"node","name":"ICA Supermarket","category":"grocery","tags":{"brand":"ICA Supermarket","brand:wikidata":"Q1663776","email":"kundkontakt.sjovikshallen@supermarket.ica.se","name":"ICA Supermarket","opening_hours":"Mo-Fr 07:00-22:00; Sa,Su 08:00-22:00","payment:cash":"yes","payment:credit_cards":"yes","payment:debit_cards":"yes","shop":"supermarket","website":"https://www.ica.se/butiker/supermarket/stockholm/ica-supermarket-sjovikshallen-1109001/"}},"geometry":{"type":"Point","coordinates":[18.0296528,59.3073101]}},{"type":"Feature","properties":{"id":461149694,"osm_type":"node","name":"Myway","category":"grocery","tags":{"addr:country":"SE","addr:housenumber":"101","addr:street":"Victor Balcks väg","name":"Myway","shop":"convenience"}},"geometry":{"type":"Point","coordinates":[18.0852394,59.2712865]}},{"type":"Feature","properties":{"id":461166949,"osm_type":"node","name":"Mälarpiratens Livs","category":"grocery","tags":{"check_date":"2025-03-22","name":"Mälarpiratens Livs","opening_hours":"Mo-Fr 09:00-22:00; Sa-Su 10:00-21:00","payment:cards":"yes","payment:cash":"yes","shop":"convenience"}},"geometry":{"type":"Point","coordinates":[18.0007865,59.3299159]}},{"type":"Feature","properties":{"id":462722792,"osm_type":"node","name":"ICA Nära Henriksdal","category":"grocery","tags":{"addr:city":"Nacka","addr:country":"SE","addr:housenumber":"117","addr:postcode":"131 32","addr:street":"Henriksdalsringen","brand":"ICA Nära","brand:wikidata":"Q1663776","brand:wikipedia":"sv:Ica","check_date:opening_hours":"2024-07-26","name":"ICA Nära Henriksdal","opening_hours":"Mo-Su 09:00-21:00","operator":"ICA","phone":"+4686152600","shop":"supermarket","website":"https://www.ica.se/butiker/nara/nacka/ica-nara-henriksdal-1320/start/"}},"geometry":{"type":"Point","coordinates":[18.116887,59.3110883]}},{"type":"Feature","properties":{"id":463211146,"osm_type":"node","name":"Lidl","category":"grocery","tags":{"brand":"Lidl","brand:wikidata":"Q151954","brand:wikipedia":"en:Lidl","check_date":"2025-11-15","check_date:opening_hours":"2025-11-15","contact:website":"https://www.lidl.se/s/sv-SE/butiker/stockholm/sveavaegen-59/","name":"Lidl","opening_hours":"Mo-Su 08:00-22:00","shop":"supermarket","website":"https://www.lidl.se/"}},"geometry":{"type":"Point","coordinates":[18.0582308,59.3407476]}},{"type":"Feature","properties":{"id":466524079,"osm_type":"node","name":"ICA Nära Gärdet","category":"grocery","tags":{"atm":"yes","brand":"ICA Nära","brand:wikidata":"Q1663776","brand:wikipedia":"sv:Ica","check_date":"2025-12-08","check_date:opening_hours":"2025-12-08","contact:phone":"+4686624353","contact:website":"https://www.ica.se/butiker/nara/stockholm/ica-gardet-stockholm-1228/start/","name":"ICA Nära Gärdet","opening_hours":"Mo-Su 07:00-23:00","shop":"supermarket","source":"survey","wheelchair":"yes"}},"geometry":{"type":"Point","coordinates":[18.1001204,59.346649]}},{"type":"Feature","properties":{"id":467128515,"osm_type":"node","name":"ICA Supermarket Vanadis","category":"grocery","tags":{"brand":"ICA Supermarket","brand:wikidata":"Q1663776","brand:wikipedia":"sv:Ica","check_date":"2025-08-28","contact:phone":"+4684415730","contact:website":"https://www.ica.se/butiker/supermarket/stockholm/ica-supermarket-vanadis-1003855/","name":"ICA Supermarket Vanadis","opening_hours":"Mo-Su 07:00-23:00","shop":"supermarket","wheelchair":"yes"}},"geometry":{"type":"Point","coordinates":[18.0488944,59.3475762]}},{"type":"Feature","properties":{"id":468043008,"osm_type":"node","name":"Maxi ICA Stormarknad Lindhagen","category":"grocery","tags":{"brand":"Maxi ICA Stormarknad","brand:wikidata":"Q1663776","brand:wikipedia":"sv:Ica","check_date":"2025-11-29","check_date:opening_hours":"2025-11-29","contact:email":"kundkontakt.lindhagen@maxi.ica.se","contact:phone":"+46812044400","contact:website":"https://www.ica.se/butiker/maxi/stockholm/maxi-ica-stormarknad-lindhagen-1003418/","level":"4","name":"Maxi ICA Stormarknad Lindhagen","opening_hours":"07:00-22:00","operator":"ICA","shop":"supermarket","short_name":"ICA Maxi","website":"https://www.ica.se/butiker/maxi/stockholm/maxi-ica-stormarknad-lindhagen-13164/start/"}},"geometry":{"type":"Point","coordinates":[18.0098203,59.337221]}},{"type":"Feature","properties":{"id":469735872,"osm_type":"node","name":"Matbutiken","category":"grocery","tags":{"name":"Matbutiken","opening_hours":"Mo-Fr 08:00-22:00; Sa-Su 09:00-22:00","shop":"convenience"}},"geometry":{"type":"Point","coordinates":[18.0952912,59.3457876]}},{"type":"Feature","properties":{"id":470495630,"osm_type":"node","name":"7-Eleven","category":"grocery","tags":{"brand":"7-Eleven","brand:wikidata":"Q259340","brand:wikipedia":"en:7-Eleven","check_date":"2025-12-03","check_date:opening_hours":"2025-12-03","contact:phone":"+4687912300","contact:website":"http://www.7-eleven.se/","name":"7-Eleven","opening_hours":"Mo-Th 08:00-23:00, Fr 08:00-02:00, Sa 09:00-02:00, Su 10:00-20:00","operator":"7-Eleven","shop":"convenience"}},"geometry":{"type":"Point","coordinates":[18.0600111,59.3318095]}},{"type":"Feature","properties":{"id":471131391,"osm_type":"node","name":"7-Eleven","category":"grocery","tags":{"brand":"7-Eleven","brand:wikidata":"Q259340","brand:wikipedia":"en:7-Eleven","check_date":"2024-10-22","name":"7-Eleven","opening_hours":"Mo-Th 06:00-24:00;Fr-Sa 06:00-02:00;Su 06:00-24:00","operator":"7-Eleven","phone":"+46-8-302119","shop":"convenience","website":"http://www.7-eleven.se/"}},"geometry":{"type":"Point","coordinates":[18.0491505,59.3422659]}},{"type":"Feature","properties":{"id":471590077,"osm_type":"node","name":"Coop Bondegatan","category":"grocery","tags":{"brand":"Coop","brand:wikidata":"Q106684510","check_date":"2025-12-11","check_date:opening_hours":"2025-12-11","contact:phone":"+46107418130","contact:website":"https://www.coop.se/butiker-erbjudanden/coop/coop-bondegatan/","internet_access":"yes","name":"Coop Bondegatan","opening_hours":"Mo-Fr 07:00-22:00; Sa-Su 09:00-22:00","payment:cash":"yes","shop":"supermarket","wheelchair":"yes"}},"geometry":{"type":"Point","coordinates":[18.0928114,59.3135231]}},{"type":"Feature","properties":{"id":473470763,"osm_type":"node","name":"7-Eleven","category":"grocery","tags":{"brand":"7-Eleven","brand:wikidata":"Q259340","brand:wikipedia":"en:7-Eleven","check_date":"2025-11-16","check_date:opening_hours":"2025-11-16","name":"7-Eleven","opening_hours":"Mo-Th 06:00-23:00; Sa 06:00-01:00; Sa 07:00-01:00; Su 09:00-21:00","operator":"7-Eleven","phone":"+468301530","shop":"convenience","website":"http://www.7-eleven.se/"}},"geometry":{"type":"Point","coordinates":[18.0377875,59.3418234]}},{"type":"Feature","properties":{"id":473470766,"osm_type":"node","name":"7-Eleven","category":"grocery","tags":{"brand":"7-Eleven","brand:wikidata":"Q259340","brand:wikipedia":"en:7-Eleven","check_date":"2025-12-07","check_date:opening_hours":"2025-12-07","contact:phone":"+468325955","contact:website":"http://www.7-eleven.se/","name":"7-Eleven","opening_hours":"Mo-Th 06:00-24:00; Fr 06:00-02:00; Sa 07:00-02:00; Su 07:00-22:00","operator":"7-Eleven","shop":"convenience","wheelchair":"yes"}},"geometry":{"type":"Point","coordinates":[18.0344374,59.3400099]}},{"type":"Feature","properties":{"id":473470784,"osm_type":"node","name":"In & Ut","category":"grocery","tags":{"check_date":"2024-05-27","name":"In & Ut","opening_hours":"Mo-Fr 07:30-21:00; Sa 11:00-20:00; Su 11:00-18:00","shop":"convenience","wheelchair":"yes"}},"geometry":{"type":"Point","coordinates":[18.0409826,59.3454165]}},{"type":"Feature","properties":{"id":473573056,"osm_type":"node","name":"7-Eleven","category":"grocery","tags":{"brand":"7-Eleven","brand:wikidata":"Q259340","brand:wikipedia":"en:7-Eleven","check_date":"2025-12-02","check_date:opening_hours":"2025-12-02","contact:phone":"+4684111185","contact:website":"http://www.7-eleven.se/","name":"7-Eleven","opening_hours":"Mo-Th 07:00-23:00; Fr 07:00-24:00; Sa 09:00-24:00; Su 09:00-21:00","operator":"7-Eleven","shop":"convenience","wheelchair":"yes"}},"geometry":{"type":"Point","coordinates":[18.058832,59.3368087]}},{"type":"Feature","properties":{"id":475902865,"osm_type":"node","name":"7-Eleven","category":"grocery","tags":{"brand":"7-Eleven","brand:wikidata":"Q259340","brand:wikipedia":"en:7-Eleven","check_date":"2025-12-04","check_date:opening_hours":"2025-12-04","contact:phone":"+4684111655","contact:website":"http://www.7-eleven.se/","name":"7-Eleven","opening_hours":"Mo-Fr 07:00-22:00; Sa 09:00-24:00; Su 11:00-17:00","operator":"7-Eleven","shop":"convenience","wheelchair":"no"}},"geometry":{"type":"Point","coordinates":[18.0678764,59.3352699]}},{"type":"Feature","properties":{"id":481977723,"osm_type":"node","name":"Coop Reimersholme","category":"grocery","tags":{"check_date":"2025-12-09","check_date:opening_hours":"2025-12-09","contact:phone":"+46107417980","contact:website":"https://www.coop.se/butiker-erbjudanden/coop/coop-reimersholme/","name":"Coop Reimersholme","opening_hours":"Mo-Su 09:00-21:00","shop":"supermarket"}},"geometry":{"type":"Point","coordinates":[18.0228986,59.3175339]}},{"type":"Feature","properties":{"id":496103999,"osm_type":"node","name":"Hemköp","category":"grocery","tags":{"addr:city":"Huddinge","addr:housenumber":"14","addr:postcode":"141 47","addr:street":"Forellvägen","brand":"Hemköp","brand:wikidata":"Q10521746","brand:wikipedia":"sv:Hemköp","check_date":"2025-08-01","name":"Hemköp","opening_hours":"07:00-22:00","phone":"+46 8-449 84 40","shop":"supermarket","website":"https://www.hemkop.se/butik/4605"}},"geometry":{"type":"Point","coordinates":[17.9812506,59.2365831]}},{"type":"Feature","properties":{"id":496104000,"osm_type":"node","name":"Stora Coop Huddinge","category":"grocery","tags":{"addr:city":"Huddinge","addr:country":"SE","addr:housenumber":"6","addr:postcode":"141 47","addr:street":"Forelltorget","brand":"Coop","brand:wikidata":"Q106684510","name":"Stora Coop Huddinge","opening_hours":"Mo-Fr 07:00-21:00; Sa,Su 08:00-21:00","operator":"Coop Östra","phone":"+46 10-7417640","shop":"supermarket","website":"https://www.coop.se/butiker-erbjudanden/stora-coop/stora-coop-huddinge/","wheelchair":"yes"}},"geometry":{"type":"Point","coordinates":[17.980705,59.236197]}},{"type":"Feature","properties":{"id":496742879,"osm_type":"node","name":"Hemköp Huddinge Matbörsen","category":"grocery","tags":{"addr:city":"Huddinge","addr:country":"SE","addr:housenumber":"66","addr:street":"Kallkärrsvägen","brand":"Hemköp","brand:wikidata":"Q10521746","name":"Hemköp Huddinge Matbörsen","opening_hours":"07:00-22:00","phone":"08-4493405","shop":"supermarket","website":"https://www.hemkop.se/butik/4610"}},"geometry":{"type":"Point","coordinates":[17.9716261,59.254085]}},{"type":"Feature","properties":{"id":496786568,"osm_type":"node","name":"Ica Nära Stuvsta","category":"grocery","tags":{"brand":"ICA Nära","brand:wikidata":"Q1663776","brand:wikipedia":"sv:Ica","check_date:opening_hours":"2022-04-09","name":"Ica Nära Stuvsta","opening_hours":"Mo-Su 08:00-22:00","payment:cash":"yes","shop":"supermarket"}},"geometry":{"type":"Point","coordinates":[17.9982482,59.2519638]}},{"type":"Feature","properties":{"id":496839830,"osm_type":"node","name":"PLOQ","category":"grocery","tags":{"name":"PLOQ","operator":"St1","shop":"convenience"}},"geometry":{"type":"Point","coordinates":[18.0711647,59.4348345]}},{"type":"Feature","properties":{"id":498086675,"osm_type":"node","name":"7-Eleven","category":"grocery","tags":{"brand":"7-Eleven","brand:wikidata":"Q259340","brand:wikipedia":"en:7-Eleven","check_date":"2025-11-30","check_date:opening_hours":"2025-11-30","contact:phone":"+4686732820","contact:website":"http://www.7-eleven.se/","name":"7-Eleven","opening_hours":"Mo-Fr 07:00-22:00; Sa 08:00-22:00; Su 09:00-21:00","operator":"7-Eleven","shop":"convenience"}},"geometry":{"type":"Point","coordinates":[18.0621386,59.3458193]}},{"type":"Feature","properties":{"id":499604913,"osm_type":"node","name":"Farsta Orient Livs","category":"grocery","tags":{"addr:country":"SE","addr:housenumber":"6","addr:street":"Östmarksgatan","name":"Farsta Orient Livs","shop":"convenience"}},"geometry":{"type":"Point","coordinates":[18.0978292,59.2454217]}},{"type":"Feature","properties":{"id":499605021,"osm_type":"node","name":"","category":"grocery","tags":{"shop":"convenience"}},"geometry":{"type":"Point","coordinates":[18.0932128,59.2473219]}},{"type":"Feature","properties":{"id":503503180,"osm_type":"node","name":"7-Eleven","category":"grocery","tags":{"brand":"7-Eleven","brand:wikidata":"Q259340","brand:wikipedia":"en:7-Eleven","name":"7-Eleven","opening_hours":"Mo-Th 07:00-23:00;Fr-Sa 07:00-24:00;Su 07:00-23:00","operator":"7-Eleven","phone":"+46-8-324860","shop":"convenience","website":"http://www.7-eleven.se/"}},"geometry":{"type":"Point","coordinates":[18.0304582,59.3413684]}},{"type":"Feature","properties":{"id":503503224,"osm_type":"node","name":"7-Eleven","category":"grocery","tags":{"brand":"7-Eleven","brand:wikidata":"Q259340","check_date":"2025-11-30","check_date:opening_hours":"2025-11-30","contact:phone":"+468327284","name":"7-Eleven","opening_hours":"24/7","shop":"convenience","wheelchair":"yes"}},"geometry":{"type":"Point","coordinates":[18.055379,59.3437903]}},{"type":"Feature","properties":{"id":503503249,"osm_type":"node","name":"7-Eleven","category":"grocery","tags":{"brand":"7-Eleven","brand:wikidata":"Q259340","brand:wikipedia":"en:7-Eleven","check_date":"2025-12-02","check_date:opening_hours":"2025-12-02","contact:phone":"+4684117420","name":"7-Eleven","opening_hours":"Mo-Fr 07:00-23:00; Sa 08:00-23:00; Su 09:00-21:00","operator":"7-Eleven","shop":"convenience","website":"http://www.7-eleven.se/","wheelchair":"yes"}},"geometry":{"type":"Point","coordinates":[18.056847,59.3386338]}},{"type":"Feature","properties":{"id":503682494,"osm_type":"node","name":"Coop Gröndal","category":"grocery","tags":{"brand":"Coop","brand:wikidata":"Q106684510","name":"Coop Gröndal","opening_hours":"Mo-Su 08:00-22:00","phone":"010-7417970","shop":"supermarket","website":"https://www.coop.se/butiker-erbjudanden/coop/coop-grondal/","wheelchair":"yes"}},"geometry":{"type":"Point","coordinates":[18.0116571,59.3160917]}},{"type":"Feature","properties":{"id":503682496,"osm_type":"node","name":"Ekensbergs Livs","category":"grocery","tags":{"check_date":"2024-09-28","name":"Ekensbergs Livs","opening_hours":"Mo-Fr 09:00-20:00;Sa-Su 10:00-20:00","shop":"convenience"}},"geometry":{"type":"Point","coordinates":[17.9954694,59.3148489]}},{"type":"Feature","properties":{"id":524227714,"osm_type":"node","name":"Circle K Solna Råsunda","category":"grocery","tags":{"amenity":"fuel","brand":"Circle K","brand:wikidata":"Q3268010","car_rental":"yes","compressed_air":"yes","compressed_air:fee":"no","compressed_air:valves":"shrader","fuel:diesel":"yes","fuel:e85":"yes","fuel:octane_95":"yes","fuel:octane_98":"yes","name":"Circle K Solna Råsunda","opening_hours":"24/7","operator":"Circle K","shop":"convenience","website":"https://www.circlek.se/station/circle-k-solna-rasunda","wheelchair":"yes"}},"geometry":{"type":"Point","coordinates":[17.9959696,59.3607482]}},{"type":"Feature","properties":{"id":529957086,"osm_type":"node","name":"Coop Norrtull","category":"grocery","tags":{"brand":"Coop","brand:wikidata":"Q106684510","check_date":"2025-11-14","contact:website":"https://www.coop.se/butiker-erbjudanden/coop/coop-norrtull/","name":"Coop Norrtull","opening_hours":"Mo-Fr 07:00-22:00; Sa,Su 08:00-22:00","shop":"supermarket","wheelchair":"yes"}},"geometry":{"type":"Point","coordinates":[18.0470673,59.3466272]}},{"type":"Feature","properties":{"id":534693827,"osm_type":"node","name":"Coop Essingen","category":"grocery","tags":{"brand":"Coop","brand:wikidata":"Q106684510","name":"Coop Essingen","opening_hours":"Mo-Su 08:00-22:00","operator":"Coop","shop":"supermarket","website":"https://www.coop.se/butiker-erbjudanden/coop/coop-essingen"}},"geometry":{"type":"Point","coordinates":[17.9894538,59.3218698]}},{"type":"Feature","properties":{"id":535261083,"osm_type":"node","name":"ICA Baronen","category":"grocery","tags":{"brand":"ICA Supermarket","brand:wikidata":"Q1663776","brand:wikipedia":"sv:Ica","check_date":"2025-11-15","check_date:opening_hours":"2025-11-15","contact:email":"kundkontakt.baronen.stockholm@supermarket.ica.se","contact:website":"https://www.ica.se/butiker/supermarket/stockholm/ica-supermarket-baronen-stockholm-1004155/","name":"ICA Baronen","opening_hours":"07:00-22:00","phone":"+4686744340","shop":"supermarket"}},"geometry":{"type":"Point","coordinates":[18.0578962,59.3447776]}},{"type":"Feature","properties":{"id":535273946,"osm_type":"node","name":"ICA Sabbatsberg","category":"grocery","tags":{"brand":"ICA Supermarket","brand:wikidata":"Q1663776","brand:wikipedia":"sv:Ica","check_date":"2025-11-14","check_date:opening_hours":"2025-11-14","contact:email":"kundkontakt.sabbatsberg@supermarket.ica.se","contact:phone":"+4684415330","contact:website":"https://www.ica.se/butiker/supermarket/stockholm/ica-supermarket-sabbatsberg-1004134/","name":"ICA Sabbatsberg","opening_hours":"07:00-23:00","shop":"supermarket"}},"geometry":{"type":"Point","coordinates":[18.0471082,59.3398607]}},{"type":"Feature","properties":{"id":536525957,"osm_type":"node","name":"Wasahallen","category":"grocery","tags":{"brand":"Hemköp","brand:wikidata":"Q10521746","check_date":"2025-11-14","check_date:opening_hours":"2025-11-14","contact:email":"info.stockholm.wasahallen@hemkop.se","contact:phone":"+46854541780","contact:website":"https://www.hemkop.se/butik/4658","name":"Wasahallen","opening_hours":"Mo-Su 07:00-23:00","operator":"Hemköp","shop":"supermarket"}},"geometry":{"type":"Point","coordinates":[18.0512412,59.3403358]}},{"type":"Feature","properties":{"id":537661075,"osm_type":"node","name":"ICA HM:s Livs","category":"grocery","tags":{"brand":"ICA Nära","brand:wikidata":"Q1663776","brand:wikipedia":"sv:Ica","name":"ICA HM:s Livs","opening_hours":"Mo-Fr 08:00-21:00; Sa,Su 09:00-19:00","shop":"supermarket","website":"https://www.ica.se/butiker/nara/stockholm/hms-livs-1222/start/","wheelchair":"yes"}},"geometry":{"type":"Point","coordinates":[17.9567889,59.3232066]}},{"type":"Feature","properties":{"id":538907080,"osm_type":"node","name":"Coop Odengatan","category":"grocery","tags":{"brand":"Coop","brand:wikidata":"Q106684510","check_date":"2025-11-15","check_date:opening_hours":"2025-11-15","contact:phone":"+46107418160","contact:website":"https://www.coop.se/butiker-erbjudanden/coop/coop-odengatan/","name":"Coop Odengatan","opening_hours":"Mo-Fr 08:00-22:00;Sa-Su 09:00-22:00","shop":"supermarket"}},"geometry":{"type":"Point","coordinates":[18.0608759,59.34516]}},{"type":"Feature","properties":{"id":548881375,"osm_type":"node","name":"7-Eleven","category":"grocery","tags":{"brand":"7-Eleven","brand:wikidata":"Q259340","brand:wikipedia":"en:7-Eleven","check_date":"2024-06-06","name":"7-Eleven","opening_hours":"Mo-Fr 07:00-23:00;Sa 09:00-20:00;Su 10:00-19:00","operator":"7-Eleven","phone":"+46-8-211002","shop":"convenience","website":"http://www.7-eleven.se/","wheelchair":"limited"}},"geometry":{"type":"Point","coordinates":[18.0514632,59.3354434]}},{"type":"Feature","properties":{"id":552513869,"osm_type":"node","name":"Coop Grindsgatan","category":"grocery","tags":{"brand":"Coop","brand:wikidata":"Q106684510","check_date":"2025-12-12","check_date:opening_hours":"2025-12-12","contact:phone":"+46107417950","contact:website":"https://www.coop.se/butiker-erbjudanden/coop/coop-grindsgatan-/","internet_access":"yes","name":"Coop Grindsgatan","old_name":"Coop nära","opening_hours":"Mo-Su 08:00-22:00","payment:cash":"yes","shop":"supermarket","wheelchair":"yes"}},"geometry":{"type":"Point","coordinates":[18.066885,59.3092929]}},{"type":"Feature","properties":{"id":566435738,"osm_type":"node","name":"Coop Engströms Livs","category":"grocery","tags":{"addr:city":"Bromma","addr:postcode":"16774","addr:street":"Nockeby Torg","alt_name":"Coop Nockebytorg","brand":"Coop","brand:wikidata":"Q106684510","check_date":"2025-12-08","check_date:opening_hours":"2025-12-08","name":"Coop Engströms Livs","opening_hours":"Mo-Su 07:00-22:00; Jun 06 11:00-21:00","phone":"+46107418980","shop":"supermarket","website":"https://www.coop.se/butiker-erbjudanden/coop/coop-engstroms-livs/","wheelchair":"yes"}},"geometry":{"type":"Point","coordinates":[17.9286351,59.3288554]}},{"type":"Feature","properties":{"id":566438140,"osm_type":"node","name":"ICA Nära Smelivs","category":"grocery","tags":{"brand":"ICA Nära","brand:wikidata":"Q1663776","name":"ICA Nära Smelivs","opening_hours":"Mo-Fr 09:00-20:00;Sa-Su 09:00-18:00","shop":"supermarket","website":"https://www.ica.se/butiker/nara/stockholm/ica-nara-smelivs-1246/start/"}},"geometry":{"type":"Point","coordinates":[17.9724739,59.3209746]}},{"type":"Feature","properties":{"id":572460433,"osm_type":"node","name":"ICA Bomben","category":"grocery","tags":{"addr:city":"Farsta","addr:country":"SE","addr:housenumber":"4","addr:postcode":"12357","addr:street":"Tobaksvägen","brand":"ICA Nära","brand:wikidata":"Q1663776","brand:wikipedia":"sv:Ica","name":"ICA Bomben","opening_hours":"Mo-Su 07:00-22:00","operator":"ICA","shop":"supermarket","website":"https://www.ica.se/butiker/nara/stockholm/ica-bomben-1286/start/"}},"geometry":{"type":"Point","coordinates":[18.0785564,59.2552572]}},{"type":"Feature","properties":{"id":580137592,"osm_type":"node","name":"ICA Supermarket Medis","category":"grocery","tags":{"brand":"ICA Supermarket","brand:wikidata":"Q1663776","brand:wikipedia":"sv:Ica","check_date":"2025-12-12","check_date:opening_hours":"2025-12-12","contact:phone":"+4684623030","contact:website":"https://www.ica.se/butiker/supermarket/stockholm/ica-supermarket-medborgarplatsen-1003941/","name":"ICA Supermarket Medis","opening_hours":"Mo-Su 06:30-23:45","operator":"ICA","shop":"supermarket","wheelchair":"yes"}},"geometry":{"type":"Point","coordinates":[18.075372,59.3143045]}},{"type":"Feature","properties":{"id":580137593,"osm_type":"node","name":"Lidl","category":"grocery","tags":{"brand":"Lidl","brand:wikidata":"Q151954","brand:wikipedia":"en:Lidl","check_date":"2025-12-12","check_date:opening_hours":"2025-12-12","contact:website":"https://www.lidl.se/s/sv-SE/butiker/stockholm/folkungagatan-51/","name":"Lidl","opening_hours":"Mo-Su 08:00-22:00","operator":"Lidl","shop":"supermarket","wheelchair":"yes"}},"geometry":{"type":"Point","coordinates":[18.0748485,59.3145253]}},{"type":"Feature","properties":{"id":580137594,"osm_type":"node","name":"Matöppet Mosebacke","category":"grocery","tags":{"check_date":"2025-12-12","check_date:opening_hours":"2025-12-12","contact:email":"matoppet.mosebacke@hotmail.com","contact:phone":"+4686413061","contact:website":"https://www.matoppet.se/butik/mosebacke/","name":"Matöppet Mosebacke","opening_hours":"Mo-Fr 07:00-22:00; Sa-Su 09:00-22:00","shop":"convenience","wheelchair":"yes"}},"geometry":{"type":"Point","coordinates":[18.0752448,59.3168613]}},{"type":"Feature","properties":{"id":583071980,"osm_type":"node","name":"ICA Supermarket Södra Station","category":"grocery","tags":{"brand":"ICA Supermarket","brand:wikidata":"Q1663776","check_date":"2025-12-12","check_date:opening_hours":"2025-12-12","contact:phone":"+4687201356","contact:website":"https://www.ica.se/butiker/supermarket/stockholm/ica-supermarket-sodra-station-1260/start/","name":"ICA Supermarket Södra Station","opening_hours":"Mo-Fr 07:00-21:00; Sa 08:00-21:00; Su,PH 08:00-21:00","operator":"ICA","shop":"supermarket","wheelchair":"yes"}},"geometry":{"type":"Point","coordinates":[18.0574,59.3129]}},{"type":"Feature","properties":{"id":602784887,"osm_type":"node","name":"Matdax","category":"grocery","tags":{"addr:country":"SE","addr:housenumber":"5","addr:street":"Pepparvägen","check_date":"2025-01-10","name":"Matdax","opening_hours":"Mo-Su 07:00-22:00","shop":"supermarket","url":"http://www.matdax.se/?pg=9774020&PHPSESSID=8b91b601a43662b6b9fdcf1409a5539a"}},"geometry":{"type":"Point","coordinates":[18.0817065,59.2572882]}},{"type":"Feature","properties":{"id":605392903,"osm_type":"node","name":"ICA Nära Telefonplan","category":"grocery","tags":{"addr:city":"Hägersten","addr:country":"SE","addr:housenumber":"20","addr:postcode":"126 37","addr:street":"Telefonvägen","brand":"ICA Nära","brand:wikidata":"Q1663776","name":"ICA Nära Telefonplan","opening_hours":"Mo-Su 06:19-23:19","phone":"+46 8 794 01 50","shop":"supermarket","website":"https://www.ica.se/butiker/nara/stockholm/ica-nara-telefonplan-1110001/"}},"geometry":{"type":"Point","coordinates":[17.9969403,59.2988217]}},{"type":"Feature","properties":{"id":614920406,"osm_type":"node","name":"Din Närlivs Butik","category":"grocery","tags":{"name":"Din Närlivs Butik","opening_hours":"Mo-Su 10:00-23:00","payment:cash":"yes","shop":"convenience"}},"geometry":{"type":"Point","coordinates":[17.9993951,59.3311418]}},{"type":"Feature","properties":{"id":617553542,"osm_type":"node","name":"Lidl","category":"grocery","tags":{"brand":"Lidl","brand:wikidata":"Q151954","brand:wikipedia":"en:Lidl","check_date:opening_hours":"2024-08-24","name":"Lidl","opening_hours":"Mo-Fr 08:00-21:00, Sa 08:00-20:00, Su 09:00-20:00","shop":"supermarket","wheelchair":"yes"}},"geometry":{"type":"Point","coordinates":[18.0590131,59.3117405]}},{"type":"Feature","properties":{"id":617553543,"osm_type":"node","name":"ICA Kvantum Södermalm","category":"grocery","tags":{"brand":"ICA Kvantum","brand:wikidata":"Q1663776","brand:wikipedia":"sv:Ica","check_date":"2025-12-12","check_date:opening_hours":"2025-12-12","contact:email":"info.sodermalm@kvantum.ica.se","contact:phone":"+4687121280","contact:website":"https://www.ica.se/butiker/kvantum/stockholm/ica-kvantum-sodermalm-1004222/","name":"ICA Kvantum Södermalm","opening_hours":"07:00-22:00","operator":"ICA","payment:cash":"yes","shop":"supermarket","wheelchair":"yes"}},"geometry":{"type":"Point","coordinates":[18.0659885,59.3122081]}},{"type":"Feature","properties":{"id":623626900,"osm_type":"node","name":"Stora Coop Arninge","category":"grocery","tags":{"addr:city":"Täby","addr:country":"SE","addr:housenumber":"10","addr:postcode":"187 66","addr:street":"Saluvägen","brand":"Coop","brand:wikidata":"Q106684510","name":"Stora Coop Arninge","opening_hours":"Mo-Su 07:00-23:00","payment:cash":"yes","phone":"+46 10 741 85 00","shop":"supermarket","source":"survey","website":"https://www.coop.se/butiker-erbjudanden/stora-coop/stora-coop-arninge/","wheelchair":"yes"}},"geometry":{"type":"Point","coordinates":[18.137803,59.4590591]}},{"type":"Feature","properties":{"id":623636744,"osm_type":"node","name":"Willys","category":"grocery","tags":{"addr:city":"Täby","addr:country":"SE","addr:housenumber":"2","addr:postcode":"187 66","addr:street":"Hantverkarvägen","brand":"Willys","brand:wikidata":"Q10720214","brand:wikipedia":"sv:Willys","name":"Willys","opening_hours":"Mo-Su 07:00-21:00","payment:cash":"yes","payment:coins":"yes","payment:contactless":"yes","payment:credit_cards":"yes","payment:debit_cards":"yes","phone":"+46854443730","shop":"supermarket","source":"survey"}},"geometry":{"type":"Point","coordinates":[18.1329856,59.4642335]}},{"type":"Feature","properties":{"id":625082311,"osm_type":"node","name":"7-Eleven","category":"grocery","tags":{"brand":"7-Eleven","brand:wikidata":"Q259340","brand:wikipedia":"en:7-Eleven","check_date":"2025-09-17","check_date:opening_hours":"2025-09-17","name":"7-Eleven","opening_hours":"Mo-Th 07:00-22:00; Fr 07:00-23:00; Sa 09:00-23:00; Su 10:00-22:00","operator":"7-Eleven","shop":"convenience","website":"http://www.7-eleven.se/"}},"geometry":{"type":"Point","coordinates":[17.9705899,59.3625156]}},{"type":"Feature","properties":{"id":628550030,"osm_type":"node","name":"Gabriels Livs","category":"grocery","tags":{"check_date":"2026-04-12","check_date:opening_hours":"2026-04-12","name":"Gabriels Livs","opening_hours":"Mo-Fr 07:00-23:00; Sa,Su 09:00-23:00","shop":"convenience"}},"geometry":{"type":"Point","coordinates":[17.9629366,59.3654325]}},{"type":"Feature","properties":{"id":632467534,"osm_type":"node","name":"Jarans livs","category":"grocery","tags":{"check_date":"2025-07-30","check_date:opening_hours":"2022-10-02","internet_access":"no","name":"Jarans livs","opening_hours":"Mo-Su 09:00-21:00","payment:mastercard":"yes","payment:visa":"yes","shop":"convenience","wheelchair":"yes"}},"geometry":{"type":"Point","coordinates":[18.0349944,59.3188387]}},{"type":"Feature","properties":{"id":632467552,"osm_type":"node","name":"Heleneborgs Livs","category":"grocery","tags":{"name":"Heleneborgs Livs","opening_hours":"Mo-Su 08:00-22:00","operator":"Handlar'n","payment:cash":"yes","shop":"convenience","wheelchair":"no"}},"geometry":{"type":"Point","coordinates":[18.0388813,59.3194371]}},{"type":"Feature","properties":{"id":637944651,"osm_type":"node","name":"Ica Supermarket Hagsätra","category":"grocery","tags":{"addr:housenumber":"28","addr:postcode":"12473","addr:street":"Hagsätra Torg","brand":"ICA Supermarket","brand:wikidata":"Q1663776","brand:wikipedia":"sv:Ica","check_date":"2026-04-12","check_date:opening_hours":"2024-11-01","internet_access":"yes","name":"Ica Supermarket Hagsätra","opening_hours":"Mo-Su 07:00-22:00","organic":"yes","payment:cash":"yes","payment:credit_cards":"yes","payment:debit_cards":"yes","shop":"supermarket"}},"geometry":{"type":"Point","coordinates":[18.01401,59.262219]}},{"type":"Feature","properties":{"id":638357460,"osm_type":"node","name":"ICA Nära Rågsved","category":"grocery","tags":{"brand":"ICA Nära","brand:wikidata":"Q1663776","brand:wikipedia":"sv:Ica","name":"ICA Nära Rågsved","opening_hours":"Mo-Fr 08:00-22:00; Sa,Su 09:00-22:00","shop":"supermarket","website":"https://www.ica.se/butiker/nara/stockholm/ica-nara-ragsved-1284/start/","wheelchair":"yes"}},"geometry":{"type":"Point","coordinates":[18.0276093,59.2568378]}},{"type":"Feature","properties":{"id":638357462,"osm_type":"node","name":"Ammouris Livs","category":"grocery","tags":{"check_date:opening_hours":"2022-03-20","name":"Ammouris Livs","opening_hours":"09:00-21:00","shop":"supermarket"}},"geometry":{"type":"Point","coordinates":[18.0271926,59.2567399]}},{"type":"Feature","properties":{"id":638357465,"osm_type":"node","name":"Rågsveds spel och tobak","category":"grocery","tags":{"name":"Rågsveds spel och tobak","opening_hours":"Mo-Fr 09:00-20:00; Sa 09:00-17:00; Su 10:00-16:00","payment:cash":"yes","shop":"convenience"}},"geometry":{"type":"Point","coordinates":[18.0276485,59.2572705]}},{"type":"Feature","properties":{"id":661142081,"osm_type":"node","name":"Hemköp Sundbyberg Rissne","category":"grocery","tags":{"addr:city":"Sundbyberg","addr:country":"SE","addr:housenumber":"7","addr:street":"Rissne Torg","brand":"Hemköp","brand:wikidata":"Q10521746","brand:wikipedia":"sv:Hemköp","check_date":"2025-02-14","name":"Hemköp Sundbyberg Rissne","opening_hours":"Mo-Fr 07:00-22:00; Sa,Su 08:00-22:00","phone":"08-7330490","shop":"supermarket","website":"https://www.hemkop.se/butik/4566"}},"geometry":{"type":"Point","coordinates":[17.9405787,59.3760234]}},{"type":"Feature","properties":{"id":661187346,"osm_type":"node","name":"ICA Supermarket Fridhemsplan","category":"grocery","tags":{"brand":"ICA Supermarket","brand:wikidata":"Q1663776","brand:wikipedia":"sv:Ica","check_date":"2025-11-16","check_date:opening_hours":"2025-11-16","contact:phone":"+4686500206","name":"ICA Supermarket Fridhemsplan","opening_hours":"Mo-Su 07:00-23:00","operator":"ICA","shop":"supermarket","website":"https://www.ica.se/butiker/supermarket/stockholm/ica-supermarket-fridhemsplan-1232/start/"}},"geometry":{"type":"Point","coordinates":[18.0317258,59.3325068]}},{"type":"Feature","properties":{"id":661476944,"osm_type":"node","name":"Hemköp Stockholm Skanstull","category":"grocery","tags":{"brand":"Hemköp","brand:wikidata":"Q10521746","check_date":"2025-12-10","check_date:opening_hours":"2025-12-10","contact:email":"info.stockholm.skanstull@hemkop.se","contact:phone":"+4684427120","contact:website":"https://www.hemkop.se/butik/4127","name":"Hemköp Stockholm Skanstull","opening_hours":"06:00-23:47","shop":"supermarket","wheelchair":"yes"}},"geometry":{"type":"Point","coordinates":[18.0761243,59.3074396]}},{"type":"Feature","properties":{"id":661477618,"osm_type":"node","name":"ICA Ringen","category":"grocery","tags":{"brand":"ICA Supermarket","brand:wikidata":"Q1663776","brand:wikipedia":"sv:Ica","check_date":"2025-12-10","check_date:opening_hours":"2025-12-10","contact:phone":"+46855696100","contact:website":"https://www.ica.se/butiker/supermarket/stockholm/ica-supermarket-ringen-sthlm-1003933/","level":"0","name":"ICA Ringen","opening_hours":"Mo-Su 07:00-23:00","shop":"supermarket","wheelchair":"limited"}},"geometry":{"type":"Point","coordinates":[18.0750449,59.3086228]}},{"type":"Feature","properties":{"id":661480594,"osm_type":"node","name":"Willys Hemma Stockholm Götgatan","category":"grocery","tags":{"brand":"Willys","brand:wikidata":"Q10720214","brand:wikipedia":"sv:Willys","check_date":"2025-12-11","check_date:opening_hours":"2025-12-11","contact:phone":"+46812135720","contact:website":"https://www.willys.se/butik/2853","name":"Willys Hemma Stockholm Götgatan","opening_hours":"08:00-22:00","operator":"Willy's","shop":"supermarket"}},"geometry":{"type":"Point","coordinates":[18.0753293,59.310839]}},{"type":"Feature","properties":{"id":661482729,"osm_type":"node","name":"Coop Södra Station","category":"grocery","tags":{"brand":"Coop","brand:wikidata":"Q106684510","check_date":"2025-12-12","check_date:opening_hours":"2025-12-12","contact:phone":"+46107417990","contact:website":"https://www.coop.se/butiker-erbjudanden/coop/coop-sodra-station-/","name":"Coop Södra Station","old_name":"Coop Nära","opening_hours":"Mo-Fr 07:00-22:00; Sa-Su 08:00-22:00","operator":"Coop","payment:credit_cards":"yes","payment:debit_cards":"yes","shop":"supermarket","wheelchair":"yes"}},"geometry":{"type":"Point","coordinates":[18.0652792,59.3140949]}},{"type":"Feature","properties":{"id":661482756,"osm_type":"node","name":"Coop Medborgarplatsen","category":"grocery","tags":{"brand":"Coop","brand:wikidata":"Q106684510","check_date":"2025-12-13","check_date:opening_hours":"2025-12-13","contact:website":"https://www.coop.se/butiker-erbjudanden/coop/coop-medborgarplatsen/","name":"Coop Medborgarplatsen","old_name":"Coop Xtra","opening_hours":"Mo-Fr 07:00-22:00; Sa-Su 09:00-22:00","payment:cash":"yes","payment:credit_cards":"yes","payment:debit_cards":"yes","shop":"supermarket","wheelchair":"yes"}},"geometry":{"type":"Point","coordinates":[18.0702221,59.3149587]}},{"type":"Feature","properties":{"id":661482780,"osm_type":"node","name":"Hemköp Stockholm Fatburen","category":"grocery","tags":{"brand":"Hemköp","brand:wikidata":"Q10521746","check_date":"2025-12-12","check_date:opening_hours":"2025-12-12","contact:email":"info.stockholm.fatburen@hemkop.se","contact:phone":"+46855606690","contact:website":"https://www.hemkop.se/butik/4726","level":"0","name":"Hemköp Stockholm Fatburen","opening_hours":"Mo-Fr 07:00-22:00; Sa-Su 08:00-22:00","operator":"Vi","payment:cash":"yes","payment:credit_cards":"yes","payment:debit_cards":"yes","shop":"supermarket","wheelchair":"yes"}},"geometry":{"type":"Point","coordinates":[18.06492,59.3146142]}},{"type":"Feature","properties":{"id":661484280,"osm_type":"node","name":"ICA Lansen","category":"grocery","tags":{"brand":"ICA Nära","brand:wikidata":"Q1663776","check_date":"2025-12-10","check_date:opening_hours":"2025-12-10","contact:phone":"+46732218528","contact:website":"https://www.ica.se/butiker/nara/stockholm/ica-lansen-1270/start/","name":"ICA Lansen","opening_hours":"Mo-Fr 08:00-22:00; Sa-Su 09:00-22:00","operator":"ICA","shop":"supermarket","wheelchair":"limited"}},"geometry":{"type":"Point","coordinates":[18.0812274,59.3082535]}},{"type":"Feature","properties":{"id":661491748,"osm_type":"node","name":"ICA Nära","category":"grocery","tags":{"brand":"ICA Nära","brand:wikidata":"Q1663776","brand:wikipedia":"sv:Ica","check_date":"2025-12-09","check_date:opening_hours":"2025-12-09","contact:phone":"+4686683744","contact:website":"https://www.ica.se/butiker/nara/stockholm/ica-nara-hornstull-1261/start/","name":"ICA Nära","opening_hours":"Mo-Fr 07:00-23:00; Sa-Su 08:00-23:00","operator":"ICA","payment:cash":"yes","shop":"supermarket"}},"geometry":{"type":"Point","coordinates":[18.0329535,59.3157334]}},{"type":"Feature","properties":{"id":661495998,"osm_type":"node","name":"Bergsunds livs","category":"grocery","tags":{"name":"Bergsunds livs","opening_hours":"Mo-Sa 09:00-21:00; Su 10:00-21:00","payment:cash":"yes","shop":"convenience"}},"geometry":{"type":"Point","coordinates":[18.0278975,59.317128]}},{"type":"Feature","properties":{"id":663078864,"osm_type":"node","name":"Coop Älvsjö","category":"grocery","tags":{"addr:city":"Älvsjö","addr:country":"SE","addr:housenumber":"4","addr:postcode":"12531","addr:street":"Älvsjö Torg","brand":"Coop","brand:wikidata":"Q106684510","check_date":"2025-08-31","check_date:opening_hours":"2023-08-30","internet_access":"yes","name":"Coop Älvsjö","opening_hours":"Mo-Fr 07:00-22:00; Sa-Su 08:00-22:00","operator":"Coop","payment:cash":"yes","payment:credit_cards":"yes","payment:debit_cards":"yes","shop":"supermarket","website":"https://www.coop.se/butiker-erbjudanden/coop/coop-alvsjo/","wheelchair":"yes"}},"geometry":{"type":"Point","coordinates":[18.0099095,59.2790528]}},{"type":"Feature","properties":{"id":665413937,"osm_type":"node","name":"Aliss","category":"grocery","tags":{"name":"Aliss","opening_hours":"Mo-Fr 09:00-21:00;Sa-Su 10:00-21:00","shop":"convenience"}},"geometry":{"type":"Point","coordinates":[18.0209019,59.3369356]}},{"type":"Feature","properties":{"id":666042053,"osm_type":"node","name":"Direkten","category":"grocery","tags":{"brand":"Direkten","brand:wikidata":"Q105693281","check_date":"2025-12-09","check_date:opening_hours":"2025-12-09","contact:email":"marias.godis@servicebutik.se","contact:phone":"+46707510283","contact:website":"https://direkten.se/butik/marias-godis/","name":"Direkten","opening_hours":"Mo-Fr 10:00-20:00; Sa 10:00-18:00; Su 12:00-18:00","payment:cash":"yes","shop":"convenience"}},"geometry":{"type":"Point","coordinates":[18.0329981,59.3175647]}},{"type":"Feature","properties":{"id":666042119,"osm_type":"node","name":"ICA Kvantum Hornstull","category":"grocery","tags":{"addr:city":"Stockholm","addr:country":"SE","addr:housenumber":"23","addr:street":"Långholmsgatan","brand":"ICA Kvantum","brand:wikidata":"Q1663776","contact:email":"hornstull@kvantum.ica.se","contact:phone":"+468840975","contact:website":"https://www.ica.se/butiker/kvantum/stockholm/ica-kvantum-hornstull-1109004/","level":"-1","name":"ICA Kvantum Hornstull","opening_hours":"Mo-Fr 08:00-22:00; Sa-Su 09:00-22:00","payment:cash":"yes","shop":"supermarket","wheelchair":"yes"}},"geometry":{"type":"Point","coordinates":[18.0339531,59.3167445]}},{"type":"Feature","properties":{"id":670786489,"osm_type":"node","name":"Lidl","category":"grocery","tags":{"brand":"Lidl","brand:wikidata":"Q151954","brand:wikipedia":"en:Lidl","check_date":"2025-07-15","check_date:opening_hours":"2025-07-15","name":"Lidl","opening_hours":"Mo-Fr 08:00-21:00; Sa 08:00-21:00; Su 09:00-21:00","operator":"LIDL","shop":"supermarket","website":"https://www.lidl.se/"}},"geometry":{"type":"Point","coordinates":[18.0312841,59.3334553]}},{"type":"Feature","properties":{"id":672431788,"osm_type":"node","name":"Snabbköp","category":"grocery","tags":{"check_date":"2023-04-22","name":"Snabbköp","opening_hours":"Mo-Fr 08:00-20:00; Sa 10:00-18:00; Su off","shop":"convenience","wheelchair":"yes"}},"geometry":{"type":"Point","coordinates":[18.0448383,59.3430126]}},{"type":"Feature","properties":{"id":675127147,"osm_type":"node","name":"7-Eleven","category":"grocery","tags":{"brand":"7-Eleven","brand:wikidata":"Q259340","brand:wikipedia":"en:7-Eleven","check_date":"2025-12-10","check_date:opening_hours":"2025-12-10","contact:phone":"+46841003764","contact:website":"https://7-eleven.se","name":"7-Eleven","opening_hours":"Mo-Th 06:30-24:00, Fr 06:30-01:00, Sa 07:00-01:00, Su 07:00-23:00","operator":"7-Eleven","shop":"convenience"}},"geometry":{"type":"Point","coordinates":[18.0828193,59.3128122]}},{"type":"Feature","properties":{"id":675127150,"osm_type":"node","name":"ICA Supermarket Pelikan","category":"grocery","tags":{"brand":"ICA Supermarket","check_date":"2025-12-12","check_date:opening_hours":"2025-12-12","contact:phone":"+4686423008","contact:website":"https://www.ica.se/butiker/supermarket/stockholm/ica-supermarket-pelikan-1003447/","name":"ICA Supermarket Pelikan","opening_hours":"Mo-Fr 07:00-22:00; Sa-Su 08:00-22:00","operator":"ICA","shop":"supermarket"}},"geometry":{"type":"Point","coordinates":[18.0851035,59.3154232]}},{"type":"Feature","properties":{"id":675127151,"osm_type":"node","name":"Coop Nytorgsgatan","category":"grocery","tags":{"check_date":"2025-12-11","check_date:opening_hours":"2025-12-11","contact:website":"https://www.coop.se/016401","name":"Coop Nytorgsgatan","old_name":"Coop nära","opening_hours":"Mo-Fr 07:00-22:00; Sa,Su 08:00-22:00","shop":"convenience","wheelchair":"yes"}},"geometry":{"type":"Point","coordinates":[18.0819569,59.3144608]}},{"type":"Feature","properties":{"id":676888555,"osm_type":"node","name":"Coop Vintertullen","category":"grocery","tags":{"brand":"Coop","brand:wikidata":"Q106684510","check_date":"2025-12-12","check_date:opening_hours":"2025-12-12","contact:website":"https://www.coop.se/016021","name":"Coop Vintertullen","opening_hours":"Mo-Fr 07:00-22:00;Sa-Su 08:00-22:00","shop":"supermarket"}},"geometry":{"type":"Point","coordinates":[18.0908573,59.3081024]}},{"type":"Feature","properties":{"id":677103680,"osm_type":"node","name":"Coop Zinken","category":"grocery","tags":{"brand":"Coop","brand:wikidata":"Q106684510","check_date":"2025-12-10","check_date:opening_hours":"2025-12-10","contact:website":"https://www.coop.se/016137","name":"Coop Zinken","opening_hours":"Mo-Fr 07:00-22:00; Sa-Su 08:00-22:00","payment:app":"yes","payment:cash":"yes","payment:coins":"yes","payment:contactless":"yes","payment:credit_cards":"yes","payment:debit_cards":"yes","payment:notes":"yes","shop":"supermarket","wheelchair":"yes"}},"geometry":{"type":"Point","coordinates":[18.0509555,59.3175777]}},{"type":"Feature","properties":{"id":677103708,"osm_type":"node","name":"ICA Supermarket Aptiten","category":"grocery","tags":{"atm":"yes","brand":"ICA Supermarket","brand:wikidata":"Q1663776","check_date":"2025-12-12","check_date:opening_hours":"2025-12-12","contact:phone":"+4684121200","contact:website":"https://www.ica.se/butiker/supermarket/stockholm/ica-supermarket-aptiten-1258/start/","name":"ICA Supermarket Aptiten","opening_hours":"Mo-Su 08:00-22:00","shop":"supermarket","wheelchair":"yes"}},"geometry":{"type":"Point","coordinates":[18.0571716,59.3176963]}},{"type":"Feature","properties":{"id":677103710,"osm_type":"node","name":"Willys Stockholm Mariahallen","category":"grocery","tags":{"addr:city":"Stockholm","addr:country":"SE","addr:housenumber":"74","addr:postcode":"11821","addr:street":"Hornsgatan","brand":"Willys","brand:wikidata":"Q10720214","brand:wikipedia":"sv:Willys","check_date":"2025-12-12","check_date:opening_hours":"2025-12-12","contact:phone":"+46846007310","contact:website":"https://www.willys.se/butik/stockholm/willys-mariahallen-2283","name":"Willys Stockholm Mariahallen","opening_hours":"Mo-Su 08:00-22:00","shop":"supermarket","wheelchair":"yes"}},"geometry":{"type":"Point","coordinates":[18.0572712,59.3183602]}},{"type":"Feature","properties":{"id":678308899,"osm_type":"node","name":"Nora närlivs","category":"grocery","tags":{"name":"Nora närlivs","shop":"convenience"}},"geometry":{"type":"Point","coordinates":[18.0261662,59.4052431]}},{"type":"Feature","properties":{"id":680281572,"osm_type":"node","name":"ICA Supermarket Kungsholmstorg","category":"grocery","tags":{"brand":"ICA Supermarket","brand:wikidata":"Q1663776","brand:wikipedia":"sv:Ica","check_date":"2025-11-28","check_date:opening_hours":"2025-11-28","contact:phone":"+46854551930","contact:website":"https://www.ica.se/butiker/supermarket/stockholm/ica-supermarket-kungsholmstorg-1004026/","name":"ICA Supermarket Kungsholmstorg","opening_hours":"Mo-Su 07:00-23:00","operator":"ICA","shop":"supermarket","wheelchair":"yes"}},"geometry":{"type":"Point","coordinates":[18.0433809,59.3285144]}},{"type":"Feature","properties":{"id":681288639,"osm_type":"node","name":"Time","category":"grocery","tags":{"name":"Time","opening_hours":"Mo-Fr 08:00-20:00;Sa-Su 09:00-18:00","payment:cash":"yes","shop":"convenience"}},"geometry":{"type":"Point","coordinates":[18.0396877,59.3295803]}},{"type":"Feature","properties":{"id":683449722,"osm_type":"node","name":"Asian Market","category":"grocery","tags":{"name":"Asian Market","opening_hours":"Mo-Fr 10:00-20:00; Sa 10:00-18:00; Su 11:00-17:00","shop":"supermarket","wheelchair":"limited"}},"geometry":{"type":"Point","coordinates":[18.0333903,59.3351799]}},{"type":"Feature","properties":{"id":687035013,"osm_type":"node","name":"Ica","category":"grocery","tags":{"addr:city":"Hägersten","addr:street":"Sparbanksvägen","atm":"yes","brand":"ICA Supermarket","brand:wikidata":"Q1663776","brand:wikipedia":"sv:Ica","check_date":"2025-05-18","name":"Ica","opening_hours":"Mo-Su 07:00-23:00","shop":"supermarket"}},"geometry":{"type":"Point","coordinates":[17.982747,59.2971133]}},{"type":"Feature","properties":{"id":688461308,"osm_type":"node","name":"Coop Bergshamra","category":"grocery","tags":{"addr:city":"Solna","addr:housenumber":"3","addr:postcode":"17076","addr:street":"Rådjursstigen","brand":"Coop","brand:wikidata":"Q106684510","check_date":"2025-08-12","check_date:opening_hours":"2023-06-12","name":"Coop Bergshamra","opening_hours":"Mo-Fr 07:00-22:00; Sa-Su 08:00-22:00","phone":"010-741 41 30","shop":"supermarket","website":"https://www.coop.se/butiker-erbjudanden/coop/coop-bergshamra/","wheelchair":"yes"}},"geometry":{"type":"Point","coordinates":[18.0355315,59.3812222]}},{"type":"Feature","properties":{"id":693144898,"osm_type":"node","name":"Benneboden","category":"grocery","tags":{"check_date":"2025-01-10","name":"Benneboden","opening_hours":"Mo-Fr 07:00-21:00;Sa-Su 09:00-21:00","payment:cash":"yes","payment:credit_cards":"yes","payment:debit_cards":"yes","shop":"convenience"}},"geometry":{"type":"Point","coordinates":[18.0259533,59.3367448]}},{"type":"Feature","properties":{"id":701186500,"osm_type":"node","name":"ICA Nära Birkahallen","category":"grocery","tags":{"brand":"ICA Nära","brand:wikidata":"Q1663776","brand:wikipedia":"sv:Ica","check_date":"2025-12-07","check_date:opening_hours":"2025-12-07","contact:phone":"+468319448","contact:website":"https://www.ica.se/butiker/nara/stockholm/ica-nara-birkahallen-1003970/","name":"ICA Nära Birkahallen","opening_hours":"Mo-Fr 07:00-23:00; Sa-Su 08:00-23:00","operator":"ICA","shop":"convenience","wheelchair":"yes"}},"geometry":{"type":"Point","coordinates":[18.0322926,59.3404247]}},{"type":"Feature","properties":{"id":702195640,"osm_type":"node","name":"Coop Örnsberg","category":"grocery","tags":{"addr:city":"Hägersten","addr:country":"SE","addr:housenumber":"27","addr:postcode":"126 53","addr:street":"Junkergatan","branch":"Örnsberg","brand":"Coop","brand:wikidata":"Q106684510","check_date":"2026-02-01","check_date:opening_hours":"2025-01-14","name":"Coop Örnsberg","opening_hours":"Mo-Fr 07:00-23:00, Sa-Su 08:00-23:00","operator":"Coop","phone":"+46 10 741 51 61","shop":"supermarket","website":"https://www.coop.se/butiker-erbjudanden/coop/coop-ornsberg/","wheelchair":"yes"}},"geometry":{"type":"Point","coordinates":[17.9895142,59.3057786]}},{"type":"Feature","properties":{"id":703476356,"osm_type":"node","name":"Lilla Affären","category":"grocery","tags":{"name":"Lilla Affären","opening_hours":"Mo-Fr 08:30-19:00; Sa 10:30-16:00; Su 11:00-16:00","shop":"convenience"}},"geometry":{"type":"Point","coordinates":[18.0827714,59.3053217]}},{"type":"Feature","properties":{"id":704031414,"osm_type":"node","name":"ICA Nära Årsta","category":"grocery","tags":{"brand":"ICA Nära","brand:wikidata":"Q1663776","brand:wikipedia":"sv:Ica","check_date:opening_hours":"2026-04-19","name":"ICA Nära Årsta","opening_hours":"Mo-Su 07:00-22:00","payment:cash":"yes","shop":"convenience"}},"geometry":{"type":"Point","coordinates":[18.063044,59.2978849]}},{"type":"Feature","properties":{"id":706164040,"osm_type":"node","name":"Coop Kristineberg","category":"grocery","tags":{"addr:city":"Stockholm","addr:housenumber":"12","addr:postcode":"11252","addr:street":"Hjalmar Söderbergs Väg","brand":"Coop","brand:wikidata":"Q106684510","check_date":"2025-11-29","check_date:opening_hours":"2025-11-29","name":"Coop Kristineberg","old_name":"Coop Nära","opening_hours":"Mo-Fr 07:00-23:00; Sa-Su 08:00-22:00","operator":"Coop","phone":"+46107418290","shop":"supermarket","website":"https://www.coop.se/016009"}},"geometry":{"type":"Point","coordinates":[18.0022757,59.3331617]}},{"type":"Feature","properties":{"id":707694467,"osm_type":"node","name":"Hemköp Sabis Fältöversten","category":"grocery","tags":{"brand":"Hemköp","brand:wikidata":"Q10521746","brand:wikipedia":"sv:Hemköp","check_date":"2025-11-17","check_date:opening_hours":"2025-11-17","contact:email":"info.sabis.stockholm.faltoversten@hemkop.se","level":"0","name":"Hemköp Sabis Fältöversten","opening_hours":"Mo-Su 07:00-22:00","operator":"Hemköp","phone":"+46854585662","shop":"supermarket","website":"https://www.hemkop.se/butik/4626"}},"geometry":{"type":"Point","coordinates":[18.0917292,59.3399042]}},{"type":"Feature","properties":{"id":707694491,"osm_type":"node","name":"ICA Supermarket Fältöversten","category":"grocery","tags":{"brand":"ICA Supermarket","brand:wikidata":"Q1663776","brand:wikipedia":"sv:Ica","check_date":"2025-11-16","check_date:opening_hours":"2025-11-16","contact:phone":"+46854585980","level":"-1","name":"ICA Supermarket Fältöversten","opening_hours":"Mo-Fr 07:00-22:00; Sa-Su 08:00-22:00","operator":"ICA","shop":"supermarket","website":"https://www.ica.se/butiker/supermarket/stockholm/ica-supermarket-faltoversten-14926/start/","wheelchair":"yes"}},"geometry":{"type":"Point","coordinates":[18.091119,59.3393244]}},{"type":"Feature","properties":{"id":712600430,"osm_type":"node","name":"7-Eleven","category":"grocery","tags":{"brand":"7-Eleven","brand:wikidata":"Q259340","brand:wikipedia":"en:7-Eleven","check_date":"2025-09-12","name":"7-Eleven","opening_hours":"24/7","operator":"7-Eleven","payment:cash":"yes","payment:credit_cards":"yes","payment:debit_cards":"yes","phone":"+46-8-817898","shop":"convenience","website":"http://www.7-eleven.se/","wheelchair":"yes"}},"geometry":{"type":"Point","coordinates":[18.0794814,59.2987078]}},{"type":"Feature","properties":{"id":714182317,"osm_type":"node","name":"Coop Sockenplan","category":"grocery","tags":{"addr:city":"Enskede","addr:country":"SE","addr:housenumber":"89","addr:street":"Enskedevägen","brand":"Coop","brand:wikidata":"Q106684510","contact:phone":"+46-8-6597628","name":"Coop Sockenplan","opening_hours":"Mo-Sa 08:00-22:00; Su 10:00-22:00","shop":"supermarket"}},"geometry":{"type":"Point","coordinates":[18.072513,59.2827467]}},{"type":"Feature","properties":{"id":736797451,"osm_type":"node","name":"ICA Supermarket Globen","category":"grocery","tags":{"addr:city":"Johanneshov","addr:country":"SE","addr:housenumber":"1","addr:postcode":"121 77","addr:street":"Arenaslingan","brand":"ICA Supermarket","brand:wikidata":"Q1663776","brand:wikipedia":"sv:Ica","name":"ICA Supermarket Globen","opening_hours":"08:00-21:00","operator":"ICA","phone":"+46 8-600 30 30","shop":"supermarket","website":"https://www.ica.se/butiker/supermarket/stockholm/ica-supermarket-globen-1003633/","wheelchair":"yes"}},"geometry":{"type":"Point","coordinates":[18.0822718,59.2922069]}},{"type":"Feature","properties":{"id":746319706,"osm_type":"node","name":"Thai-China Supermarket","category":"grocery","tags":{"check_date":"2024-07-20","name":"Thai-China Supermarket","opening_hours":"Mo-Fr 10:00-19:00;Sa 10:00-18:00;Su 11:00-17:00","payment:cash":"no","shop":"supermarket"}},"geometry":{"type":"Point","coordinates":[18.0383638,59.3335709]}},{"type":"Feature","properties":{"id":751969584,"osm_type":"node","name":"Coop Östgötagatan","category":"grocery","tags":{"brand":"Coop","brand:wikidata":"Q106684510","check_date":"2025-12-12","check_date:opening_hours":"2025-12-12","contact:website":"https://www.coop.se/016255","name":"Coop Östgötagatan","old_name":"Coop Konsum","opening_hours":"Mo-Su 07:00-23:00","operator":"Coop","shop":"supermarket","wheelchair":"yes"}},"geometry":{"type":"Point","coordinates":[18.0789038,59.310112]}},{"type":"Feature","properties":{"id":760423850,"osm_type":"node","name":"ICA Kvantum","category":"grocery","tags":{"addr:city":"Sollentuna","addr:country":"SE","addr:housenumber":"163C","addr:postcode":"19147","addr:street":"Sollentunavägen","brand":"ICA Kvantum","brand:wikidata":"Q1663776","brand:wikipedia":"sv:Ica","check_date":"2025-11-18","check_date:opening_hours":"2025-11-18","contact:phone":"+46859470700","contact:website":"https://www.ica.se/butiker/kvantum/sollentuna/ica-kvantum-sollentuna-c-1003673/","level":"0","name":"ICA Kvantum","opening_hours":"PH,Mo-Su 07:00-22:00","operator":"ICA","payment:cards":"yes","payment:cash":"yes","payment:credit_cards":"yes","shop":"supermarket","wheelchair":"yes"}},"geometry":{"type":"Point","coordinates":[17.9512064,59.4274423]}},{"type":"Feature","properties":{"id":760425696,"osm_type":"node","name":"Sollentuna matcenter","category":"grocery","tags":{"check_date":"2025-11-26","check_date:opening_hours":"2025-11-26","name":"Sollentuna matcenter","opening_hours":"Mo-Sa 09:00-21:00; Su 10:00-21:00","shop":"convenience","wheelchair":"yes"}},"geometry":{"type":"Point","coordinates":[17.9447045,59.4280141]}},{"type":"Feature","properties":{"id":768855595,"osm_type":"node","name":"7-Eleven","category":"grocery","tags":{"brand":"7-Eleven","brand:wikidata":"Q259340","brand:wikipedia":"en:7-Eleven","check_date":"2025-12-08","check_date:opening_hours":"2025-12-08","contact:phone":"+46841092563","contact:website":"http://www.7-eleven.se/","name":"7-Eleven","opening_hours":"Mo-Fr 07:00-20:00; Sa 09:00-20:00; Su 10:00-18:00","operator":"7-Eleven","shop":"convenience"}},"geometry":{"type":"Point","coordinates":[18.0871594,59.3419453]}},{"type":"Feature","properties":{"id":769271245,"osm_type":"node","name":"Sunny livs","category":"grocery","tags":{"check_date":"2024-07-22","name":"Sunny livs","opening_hours":"Mo-Fr 10:00-20:00; Sa 11:00-20:00; Su off","shop":"convenience"}},"geometry":{"type":"Point","coordinates":[18.0644669,59.348885]}},{"type":"Feature","properties":{"id":769288910,"osm_type":"node","name":"Myway Turhörnan","category":"grocery","tags":{"check_date":"2024-01-07","name":"Myway Turhörnan","opening_hours":"Mo-Fr 09:00-20:00; Sa 09:00-17:00; Su 10:00-16:00","operator":"Myway","shop":"convenience","wheelchair":"no"}},"geometry":{"type":"Point","coordinates":[18.0506043,59.343521]}},{"type":"Feature","properties":{"id":769405911,"osm_type":"node","name":"X:-TRA","category":"grocery","tags":{"branch":"Aspudden","brand":"Coop","brand:wikidata":"Q106684510","check_date":"2026-04-26","name":"X:-TRA","opening_hours":"Mo-Sa 08:00-20:00; Su 10:00-20:00","operator":"Coop","phone":"+46 10 746 46 10","shop":"supermarket","website":"https://www.coop.se/butiker-erbjudanden/coop-butiker/coop-aspudden/"}},"geometry":{"type":"Point","coordinates":[17.9932874,59.3053907]}},{"type":"Feature","properties":{"id":772187502,"osm_type":"node","name":"Lidl","category":"grocery","tags":{"brand":"Lidl","brand:wikidata":"Q151954","brand:wikipedia":"en:Lidl","check_date":"2025-02-14","name":"Lidl","opening_hours":"Mo-Su 08:00-21:00","shop":"supermarket","wheelchair":"yes"}},"geometry":{"type":"Point","coordinates":[17.917468,59.413598]}},{"type":"Feature","properties":{"id":772317369,"osm_type":"node","name":"Hemköp Sundbyberg Sturegatan","category":"grocery","tags":{"addr:city":"Sundbyberg","addr:country":"SE","addr:housenumber":"5","addr:street":"Sturegatan","brand":"Hemköp","brand:wikidata":"Q10521746","brand:wikipedia":"sv:Hemköp","check_date":"2025-11-11","check_date:opening_hours":"2022-08-09","name":"Hemköp Sundbyberg Sturegatan","opening_hours":"Mo-Su 07:00-22:00","phone":"08-291949","shop":"supermarket","website":"https://www.hemkop.se/butik/4168"}},"geometry":{"type":"Point","coordinates":[17.9735,59.3612]}},{"type":"Feature","properties":{"id":772330136,"osm_type":"node","name":"Kista torg","category":"grocery","tags":{"amenity":"marketplace","name":"Kista torg","opening_hours":"24/7","wheelchair":"yes"}},"geometry":{"type":"Point","coordinates":[17.9428249,59.4019926]}},{"type":"Feature","properties":{"id":773641858,"osm_type":"node","name":"Tranebergs Livs","category":"grocery","tags":{"name":"Tranebergs Livs","shop":"convenience"}},"geometry":{"type":"Point","coordinates":[17.9842793,59.333639]}},{"type":"Feature","properties":{"id":775603747,"osm_type":"node","name":"Hemköp Stockholm Matpressen","category":"grocery","tags":{"brand":"Hemköp","brand:wikidata":"Q10521746","check_date":"2025-11-29","check_date:opening_hours":"2025-11-29","contact:email":"info.stockholm.matpressen@hemkop.se","contact:phone":"+4686183130","contact:website":"https://www.hemkop.se/butik/4641","email":"info.stockholm.matpressen@hemkop.se","name":"Hemköp Stockholm Matpressen","opening_hours":"Mo-Su 07:00-23:00","operator":"Hemköp","payment:cash":"yes","shop":"supermarket"}},"geometry":{"type":"Point","coordinates":[18.017395,59.3279591]}},{"type":"Feature","properties":{"id":776660027,"osm_type":"node","name":"Norrbacka Livs","category":"grocery","tags":{"name":"Norrbacka Livs","opening_hours":"Mo-Fr 08:00-21:30; Sa 09:00-21:30; Su 09:00-21:30","shop":"convenience"}},"geometry":{"type":"Point","coordinates":[18.0320937,59.3436051]}},{"type":"Feature","properties":{"id":778239678,"osm_type":"node","name":"Stora Coop Häggvik","category":"grocery","tags":{"addr:city":"Sollentuna","addr:country":"SE","addr:housenumber":"82","addr:postcode":"19162","addr:street":"Norra Malmvägen","brand":"Coop","brand:wikidata":"Q106684510","check_date":"2025-12-07","check_date:opening_hours":"2025-12-07","contact:website":"https://www.coop.se/butiker-erbjudanden/stora-coop/stora-coop-haggvik/","name":"Stora Coop Häggvik","old_name":"Coop Forum Häggvik","opening_hours":"Mo-Sa 07:00-22:00; Su 08:00-22:00","shop":"supermarket","toilets":"yes"}},"geometry":{"type":"Point","coordinates":[17.9337428,59.4407104]}},{"type":"Feature","properties":{"id":804687572,"osm_type":"node","name":"ICA Hallen, Axelsberg","category":"grocery","tags":{"brand":"ICA Nära","brand:wikidata":"Q1663776","brand:wikipedia":"sv:Ica","name":"ICA Hallen, Axelsberg","shop":"supermarket","website":"https://www.ica.se/butiker/nara/stockholm/ica-hallen-axelsberg-1306/start/"}},"geometry":{"type":"Point","coordinates":[17.9755631,59.3048107]}},{"type":"Feature","properties":{"id":810298509,"osm_type":"node","name":"Folkkiosken","category":"grocery","tags":{"addr:city":"Hägersten","addr:country":"SE","addr:housename":"Mälarhöjdens T-bana","addr:housenumber":"2","addr:postcode":"129 41","addr:street":"Slättgårdsvägen","name":"Folkkiosken","shop":"convenience"}},"geometry":{"type":"Point","coordinates":[17.9567808,59.3009857]}},{"type":"Feature","properties":{"id":822916974,"osm_type":"node","name":"Hemköp Solna Centrum","category":"grocery","tags":{"addr:city":"Solna","addr:country":"SE","addr:housenumber":"40","addr:street":"Postgången","brand":"Hemköp","brand:wikidata":"Q10521746","check_date":"2025-06-29","check_date:opening_hours":"2025-06-29","level":"0","name":"Hemköp Solna Centrum","opening_hours":"Mo-Su 07:00-22:00","phone":"08-7053330","shop":"supermarket","website":"https://www.hemkop.se/butik/4138","wheelchair":"yes"}},"geometry":{"type":"Point","coordinates":[17.9998593,59.3606349]}},{"type":"Feature","properties":{"id":822916978,"osm_type":"node","name":"ICA Kvantum Solna C","category":"grocery","tags":{"addr:city":"Solna","addr:postcode":"17145","brand":"ICA Kvantum","brand:wikidata":"Q1663776","brand:wikipedia":"sv:Ica","check_date":"2023-04-15","level":"-1","name":"ICA Kvantum Solna C","opening_hours":"Mo-Su 07:00-22:00","phone":"+46851494100","shop":"supermarket","wheelchair":"yes"}},"geometry":{"type":"Point","coordinates":[18.0006989,59.3606266]}},{"type":"Feature","properties":{"id":825063292,"osm_type":"node","name":"Coop Kärrtorp","category":"grocery","tags":{"addr:city":"Johanneshov","addr:country":"SE","addr:housenumber":"15","addr:street":"Lågskärsvägen","brand":"Coop","brand:wikidata":"Q106684510","name":"Coop Kärrtorp","phone":"010-7417880","shop":"supermarket","website":"https://www.coop.se/butiker-erbjudanden/coop/coop-karrtorp/"}},"geometry":{"type":"Point","coordinates":[18.1138104,59.2839961]}},{"type":"Feature","properties":{"id":825063308,"osm_type":"node","name":"Ica Nära","category":"grocery","tags":{"brand":"ICA Nära","brand:wikidata":"Q1663776","brand:wikipedia":"sv:Ica","check_date":"2025-07-07","check_date:opening_hours":"2024-05-06","name":"Ica Nära","opening_hours":"Mo-Sa 07:00-22:00; Su 09:00-21:00","shop":"supermarket","url":"http://www.ica.se/butiker/nara/stockholm/ica-nara-karrtorp-12954/start/"}},"geometry":{"type":"Point","coordinates":[18.1140675,59.2838843]}},{"type":"Feature","properties":{"id":825063311,"osm_type":"node","name":"Kärrtorps delikatesser","category":"grocery","tags":{"name":"Kärrtorps delikatesser","shop":"convenience"}},"geometry":{"type":"Point","coordinates":[18.1136706,59.2836952]}},{"type":"Feature","properties":{"id":842293234,"osm_type":"node","name":"Lidl","category":"grocery","tags":{"brand":"Lidl","brand:wikidata":"Q151954","brand:wikipedia":"en:Lidl","name":"Lidl","opening_hours":"Mo-Su 08:00-21:00","shop":"supermarket","wheelchair":"yes"}},"geometry":{"type":"Point","coordinates":[18.1020997,59.3021163]}},{"type":"Feature","properties":{"id":848904198,"osm_type":"node","name":"Häggviks Gross","category":"grocery","tags":{"addr:city":"Sollentuna","addr:country":"SE","addr:housenumber":"2","addr:postcode":"19150","addr:street":"Studievägen","check_date":"2026-01-14","contact:phone":"+468965045","name":"Häggviks Gross","opening_hours":"Mo-Fr 09:00-20:00; Sa,Su 10:00-19:00","shop":"convenience"}},"geometry":{"type":"Point","coordinates":[17.9326919,59.445466]}},{"type":"Feature","properties":{"id":849821142,"osm_type":"node","name":"Hemköp Solna Huvudsta C","category":"grocery","tags":{"addr:city":"Solna","addr:country":"SE","addr:housenumber":"62-64","addr:street":"Storgatan","brand":"Hemköp","brand:wikidata":"Q10521746","name":"Hemköp Solna Huvudsta C","opening_hours":"Mo-Fr 07:00-21:00; Sa-Su 08:00-21:00","operator":"Hemköp","payment:coins":"yes","payment:notes":"yes","phone":"+46-8-51493450","shop":"supermarket","website":"https://www.hemkop.se/butik/4607"}},"geometry":{"type":"Point","coordinates":[17.9865667,59.3498308]}},{"type":"Feature","properties":{"id":856571594,"osm_type":"node","name":"Hemköp Stockholm Fruängen C","category":"grocery","tags":{"addr:city":"Hägersten","addr:country":"SE","addr:housenumber":"10","addr:postcode":"129 52","addr:street":"Fruängsgången","brand":"Hemköp","brand:wikidata":"Q10521746","name":"Hemköp Stockholm Fruängen C","opening_hours":"Mo-Su 07:00-22:00","phone":"08-6463416","shop":"supermarket","website":"https://www.hemkop.se/butik/4633"}},"geometry":{"type":"Point","coordinates":[17.9646492,59.2856612]}},{"type":"Feature","properties":{"id":871963185,"osm_type":"node","name":"Coop Fruängen","category":"grocery","tags":{"addr:city":"Hägersten","addr:country":"SE","addr:housenumber":"3","addr:postcode":"129 52","addr:street":"Fruängsgången","brand":"Coop","brand:wikidata":"Q106684510","check_date":"2022-07-04","name":"Coop Fruängen","opening_hours":"Mo-Fr 07:00-22:00; Sa-Su 08:00-22:00","operator":"Coop","phone":"+46 10-7417690","shop":"supermarket","website":"https://www.coop.se/butiker-erbjudanden/coop/coop-fruangen/"}},"geometry":{"type":"Point","coordinates":[17.9653558,59.2854719]}},{"type":"Feature","properties":{"id":873904263,"osm_type":"node","name":"Cajsa Warg","category":"grocery","tags":{"check_date":"2025-11-14","check_date:opening_hours":"2025-11-14","contact:email":"vasastan@cajsawarg.se","contact:phone":"+468330120","contact:website":"https://www.cajsawarg.se/","name":"Cajsa Warg","opening_hours":"Mo-Fr 09:00-20:00;Sa-Su 10:00-20:00","payment:cash":"yes","shop":"supermarket"}},"geometry":{"type":"Point","coordinates":[18.0382761,59.3399239]}},{"type":"Feature","properties":{"id":884883281,"osm_type":"node","name":"Hemköp","category":"grocery","tags":{"brand":"Hemköp","brand:wikidata":"Q10521746","fixme":"Is this store still active? Does not exist on ICA's website","name":"Hemköp","operator":"Hemköp","shop":"supermarket"}},"geometry":{"type":"Point","coordinates":[17.9348416,59.2951595]}},{"type":"Feature","properties":{"id":903327001,"osm_type":"node","name":"Hemköp Solna Frösunda Boulevard","category":"grocery","tags":{"addr:city":"Solna","addr:country":"SE","addr:housenumber":"47","addr:postcode":"169 73","addr:street":"Gustav III:s boulevard","brand":"Hemköp","brand:wikidata":"Q10521746","brand:wikipedia":"sv:Hemköp","check_date:opening_hours":"2025-07-18","name":"Hemköp Solna Frösunda Boulevard","opening_hours":"Mo-Fr 07:00-22:00; Sa,Su 08:00-22:00","payment:cash":"yes","phone":"08-51483380","shop":"supermarket","website":"https://www.hemkop.se/butik/4655","wheelchair":"yes"}},"geometry":{"type":"Point","coordinates":[18.016057,59.3718791]}},{"type":"Feature","properties":{"id":904498187,"osm_type":"node","name":"Coop Stamgatan","category":"grocery","tags":{"addr:city":"Älvsjö","addr:country":"SE","addr:housenumber":"4","addr:street":"Stamgatan","brand":"Coop","brand:wikidata":"Q106684510","internet_access":"yes","name":"Coop Stamgatan","opening_hours":"Mo-Fr 08:00-21:00; Sa,Su 09:00-21:00","payment:cash":"yes","phone":"010-7417750","shop":"supermarket","website":"https://www.coop.se/butiker-erbjudanden/coop/coop-stamgatan/"}},"geometry":{"type":"Point","coordinates":[18.0419679,59.2836548]}},{"type":"Feature","properties":{"id":918526305,"osm_type":"node","name":"Eko","category":"grocery","tags":{"addr:city":"Djursholm","addr:country":"SE","addr:housenumber":"8","addr:street":"Vendevägen","name":"Eko","shop":"supermarket","source":"survey"}},"geometry":{"type":"Point","coordinates":[18.0896182,59.3974955]}},{"type":"Feature","properties":{"id":918545837,"osm_type":"node","name":"SoS Kiosken","category":"grocery","tags":{"addr:city":"Djursholm","name":"SoS Kiosken","opening_hours":"Mo-Fr 08:00-19:00; Sa,Su 08:00-18:00","shop":"convenience","source":"survey"}},"geometry":{"type":"Point","coordinates":[18.0876976,59.3974519]}},{"type":"Feature","properties":{"id":928531207,"osm_type":"node","name":"ICA Nära Humlegården","category":"grocery","tags":{"brand":"ICA Nära","brand:wikidata":"Q1663776","brand:wikipedia":"sv:Ica","check_date":"2025-12-06","check_date:opening_hours":"2025-12-06","contact:phone":"+4686110664","contact:website":"https://www.ica.se/butiker/nara/stockholm/ica-nara-humlegarden-1003770/","name":"ICA Nära Humlegården","opening_hours":"Mo-Sa 08:00-22:00; Su 09:00-22:00","operator":"ICA","shop":"supermarket"}},"geometry":{"type":"Point","coordinates":[18.069239,59.3420961]}},{"type":"Feature","properties":{"id":933733963,"osm_type":"node","name":"ICA Myran","category":"grocery","tags":{"brand":"ICA Nära","brand:wikidata":"Q1663776","brand:wikipedia":"sv:Ica","name":"ICA Myran","opening_hours":"Mo-Fr 08:00-21:00; Sa 09:00-20:00; Su 10:00-20:00","operator":"ICA","shop":"supermarket","source":"survey","wheelchair":"yes"}},"geometry":{"type":"Point","coordinates":[18.0443137,59.3970823]}},{"type":"Feature","properties":{"id":934843266,"osm_type":"node","name":"Butik Ceder","category":"grocery","tags":{"addr:city":"Stocksund","addr:country":"SE","amenity":"cafe","cuisine":"lebanese","name":"Butik Ceder","shop":"convenience","source":"survey"}},"geometry":{"type":"Point","coordinates":[18.0583201,59.3852914]}},{"type":"Feature","properties":{"id":936819371,"osm_type":"node","name":"Matkanonen","category":"grocery","tags":{"addr:country":"SE","addr:housenumber":"9","addr:street":"Vejlegatan","name":"Matkanonen","opening_hours":"Mo-Su 08:00-21:00","phone":"+46-87509860","shop":"supermarket"}},"geometry":{"type":"Point","coordinates":[17.9428221,59.4011227]}},{"type":"Feature","properties":{"id":947972210,"osm_type":"node","name":"Hemköp Stockholm Östermalmstorg","category":"grocery","tags":{"brand":"Hemköp","brand:wikidata":"Q10521746","brand:wikipedia":"sv:Hemköp","check_date":"2025-12-05","check_date:opening_hours":"2025-12-05","contact:email":"info.ostermalm@hemkop.se","contact:phone":"+46854567050","contact:website":"https://www.hemkop.se/butik/4147","name":"Hemköp Stockholm Östermalmstorg","opening_hours":"07:30-22:30","shop":"supermarket"}},"geometry":{"type":"Point","coordinates":[18.0784494,59.3363569]}},{"type":"Feature","properties":{"id":973447733,"osm_type":"node","name":"Fresha","category":"grocery","tags":{"addr:city":"Segeltorp","addr:country":"SE","addr:housenumber":"2","addr:street":"Orrvägen","name":"Fresha","opening_hours":"09:00-21:00","shop":"convenience"}},"geometry":{"type":"Point","coordinates":[17.9536392,59.2715946]}},{"type":"Feature","properties":{"id":973453295,"osm_type":"node","name":"Snättringekiosken","category":"grocery","tags":{"addr:country":"SE","addr:housenumber":"77","addr:street":"Häradsvägen","name":"Snättringekiosken","shop":"convenience"}},"geometry":{"type":"Point","coordinates":[17.9731337,59.2609481]}},{"type":"Feature","properties":{"id":1039107250,"osm_type":"node","name":"Coop Liljeholmen","category":"grocery","tags":{"brand":"Coop","brand:wikidata":"Q106684510","check_date":"2025-08-05","check_date:opening_hours":"2025-08-05","name":"Coop Liljeholmen","opening_hours":"Mo-Fr 06:30-22:00; Sa-Su 08:00-22:00","operator":"Coop","payment:cash":"yes","phone":"010-7412390","shop":"supermarket","website":"https://www.coop.se/butiker-erbjudanden/coop/coop-liljeholmen/"}},"geometry":{"type":"Point","coordinates":[18.0235883,59.3106203]}},{"type":"Feature","properties":{"id":1086158629,"osm_type":"node","name":"Zinkens jour","category":"grocery","tags":{"name":"Zinkens jour","shop":"convenience","wheelchair":"no"}},"geometry":{"type":"Point","coordinates":[18.0499852,59.3175852]}},{"type":"Feature","properties":{"id":1090529122,"osm_type":"node","name":"7-Eleven","category":"grocery","tags":{"brand":"7-Eleven","brand:wikidata":"Q259340","brand:wikipedia":"en:7-Eleven","check_date":"2025-12-05","check_date:opening_hours":"2025-12-05","contact:phone":"+4686632840","contact:website":"http://www.7-eleven.se/","name":"7-Eleven","opening_hours":"Mo-Fr 06:00-23:59; Sa,Su 00:00-24:00","operator":"7-Eleven","shop":"convenience","wheelchair":"yes"}},"geometry":{"type":"Point","coordinates":[18.076209,59.3364539]}},{"type":"Feature","properties":{"id":1090545144,"osm_type":"node","name":"7-Eleven","category":"grocery","tags":{"brand":"7-Eleven","brand:wikidata":"Q259340","brand:wikipedia":"en:7-Eleven","check_date":"2025-12-08","check_date:opening_hours":"2025-12-08","contact:phone":"+4686612040","contact:website":"https://7-eleven.se","name":"7-Eleven","opening_hours":"24/7","operator":"7-Eleven","shop":"convenience"}},"geometry":{"type":"Point","coordinates":[18.0806891,59.3372595]}},{"type":"Feature","properties":{"id":1096582620,"osm_type":"node","name":"7-Eleven","category":"grocery","tags":{"brand":"7-Eleven","brand:wikidata":"Q259340","brand:wikipedia":"en:7-Eleven","check_date":"2025-11-17","check_date:opening_hours":"2025-11-17","name":"7-Eleven","opening_hours":"Mo-Fr 06:00-23:30; Sa-Su 07:00-23:00","operator":"7-Eleven","phone":"+4686676755","shop":"convenience","website":"http://www.7-eleven.se/"}},"geometry":{"type":"Point","coordinates":[18.1014332,59.3379498]}},{"type":"Feature","properties":{"id":1100118047,"osm_type":"node","name":"Coop Garnisonen","category":"grocery","tags":{"brand":"Coop","brand:wikidata":"Q106684510","check_date":"2025-12-06","check_date:opening_hours":"2025-12-06","contact:phone":"+46107418250","contact:website":"https://www.coop.se/butiker-erbjudanden/lilla-coop/lilla-coop-garnisonen/","name":"Coop Garnisonen","opening_hours":"Mo-Fr 07:00-20:00; Sa-Su 10:00-19:00","shop":"supermarket"}},"geometry":{"type":"Point","coordinates":[18.0973819,59.3359124]}},{"type":"Feature","properties":{"id":1133529443,"osm_type":"node","name":"Stora Coop Danderyd","category":"grocery","tags":{"addr:city":"Danderyd","addr:country":"SE","addr:housenumber":"2","addr:street":"Sunnanängsvägen A","brand":"Coop","brand:wikidata":"Q106684510","name":"Stora Coop Danderyd","opening_hours":"Mo-Su 07:00-22:00","phone":"010-7419000","shop":"supermarket","website":"https://www.coop.se/butiker-erbjudanden/stora-coop/stora-coop-danderyd/","wheelchair":"yes"}},"geometry":{"type":"Point","coordinates":[18.0458618,59.4212538]}},{"type":"Feature","properties":{"id":1144620809,"osm_type":"node","name":"Coop Mariatorget","category":"grocery","tags":{"brand":"Coop","brand:wikidata":"Q106684510","check_date":"2025-12-09","check_date:opening_hours":"2025-12-09","contact:website":"https://www.coop.se/016018","internet_access":"yes","name":"Coop Mariatorget","opening_hours":"Mo-Fr 07:00-22:00; Sa,Su 08:00-22:00","payment:cash":"yes","shop":"supermarket","wheelchair":"yes"}},"geometry":{"type":"Point","coordinates":[18.0622402,59.3189728]}},{"type":"Feature","properties":{"id":1156788625,"osm_type":"node","name":"","category":"grocery","tags":{"shop":"convenience"}},"geometry":{"type":"Point","coordinates":[17.9447707,59.3971085]}},{"type":"Feature","properties":{"id":1161921239,"osm_type":"node","name":"Lidl","category":"grocery","tags":{"brand":"Lidl","brand:wikidata":"Q151954","brand:wikipedia":"en:Lidl","check_date":"2025-05-18","name":"Lidl","opening_hours":"Mo-Fr 08:00-21:00; Sa 08:00-20:00; Su 09:00-20:00","payment:cash":"yes","shop":"supermarket"}},"geometry":{"type":"Point","coordinates":[18.0233359,59.3100484]}},{"type":"Feature","properties":{"id":1163618161,"osm_type":"node","name":"Coop Björkhagen","category":"grocery","tags":{"addr:city":"Johanneshov","addr:country":"SE","addr:housenumber":"37","addr:street":"Halmstadsvägen","brand":"Coop","brand:wikidata":"Q106684510","name":"Coop Björkhagen","opening_hours":"Mo-Fr 07:00-22:00; Sa-Su 09:00-22:00","phone":"010-7417890","shop":"supermarket","website":"https://www.coop.se/butiker-erbjudanden/coop/coop-bjorkhagen/"}},"geometry":{"type":"Point","coordinates":[18.1167089,59.2902487]}},{"type":"Feature","properties":{"id":1163618242,"osm_type":"node","name":"Tempo","category":"grocery","tags":{"addr:country":"SE","addr:housenumber":"17","addr:street":"Olaus Magnus Väg","name":"Tempo","shop":"convenience"}},"geometry":{"type":"Point","coordinates":[18.0895632,59.2985137]}},{"type":"Feature","properties":{"id":1163883751,"osm_type":"node","name":"Coop Storgatan","category":"grocery","tags":{"brand":"Coop","brand:wikidata":"Q106684510","check_date":"2025-11-13","contact:phone":"+46107418120","contact:website":"https://www.coop.se/butiker-erbjudanden/coop/coop-storgatan/","name":"Coop Storgatan","opening_hours":"Mo-Fr 07:00-22:00; Sa-Su 08:00-22:00","shop":"supermarket"}},"geometry":{"type":"Point","coordinates":[18.0860164,59.3347018]}},{"type":"Feature","properties":{"id":1165070134,"osm_type":"node","name":"Ica Enebytorg","category":"grocery","tags":{"brand":"ICA Nära","brand:wikidata":"Q1663776","brand:wikipedia":"sv:Ica","name":"Ica Enebytorg","opening_hours":"08:00-22:00","shop":"supermarket"}},"geometry":{"type":"Point","coordinates":[18.039006,59.4325478]}},{"type":"Feature","properties":{"id":1189395052,"osm_type":"node","name":"Nybohov Livs","category":"grocery","tags":{"name":"Nybohov Livs","opening_hours":"Mo-Fr 10:00-22:00; Sa,Su 11:00-22:00","operator":"nära dej","shop":"convenience"}},"geometry":{"type":"Point","coordinates":[18.0165429,59.3087074]}},{"type":"Feature","properties":{"id":1191565779,"osm_type":"node","name":"Josephs livs","category":"grocery","tags":{"name":"Josephs livs","opening_hours":"Mo-Su 09:00-21:00","shop":"convenience","wheelchair":"yes"}},"geometry":{"type":"Point","coordinates":[18.0752496,59.2964809]}},{"type":"Feature","properties":{"id":1192859863,"osm_type":"node","name":"7-Eleven","category":"grocery","tags":{"brand":"7-Eleven","brand:wikidata":"Q259340","brand:wikipedia":"en:7-Eleven","check_date":"2025-12-07","check_date:opening_hours":"2025-12-07","contact:phone":"+4686622517","contact:website":"http://www.7-eleven.se/","name":"7-Eleven","opening_hours":"Mo-Th 07:00-23:30; Fr-Sa 07:00-01:00; Su 08:00-23:00","operator":"7-Eleven","shop":"convenience"}},"geometry":{"type":"Point","coordinates":[18.0838058,59.3348912]}},{"type":"Feature","properties":{"id":1193159769,"osm_type":"node","name":"Direkten","category":"grocery","tags":{"addr:country":"SE","addr:housenumber":"48","addr:street":"Storforsplan","brand":"Direkten","brand:wikidata":"Q105693281","name":"Direkten","shop":"convenience","wheelchair":"yes"}},"geometry":{"type":"Point","coordinates":[18.0929765,59.2423719]}},{"type":"Feature","properties":{"id":1193159961,"osm_type":"node","name":"Lidl","category":"grocery","tags":{"addr:country":"SE","addr:housenumber":"42","addr:street":"Storforsplan","brand":"Lidl","brand:wikidata":"Q151954","brand:wikipedia":"en:Lidl","name":"Lidl","shop":"supermarket","wheelchair":"yes"}},"geometry":{"type":"Point","coordinates":[18.0931762,59.2422463]}},{"type":"Feature","properties":{"id":1196822281,"osm_type":"node","name":"Rot","category":"grocery","tags":{"bulk_purchase":"yes","check_date":"2025-12-13","check_date:opening_hours":"2025-12-13","contact:phone":"+4686422350","contact:website":"https://butikrot.se/","name":"Rot","opening_hours":"Mo-Fr 08:00-20:00; Sa-Su 09:00-20:00","payment:cash":"yes","shop":"supermarket"}},"geometry":{"type":"Point","coordinates":[18.0838771,59.3149004]}},{"type":"Feature","properties":{"id":1199402527,"osm_type":"node","name":"","category":"grocery","tags":{"shop":"convenience"}},"geometry":{"type":"Point","coordinates":[18.0667717,59.2734592]}},{"type":"Feature","properties":{"id":1202976493,"osm_type":"node","name":"Jourhörnet","category":"grocery","tags":{"check_date":"2026-01-25","name":"Jourhörnet","shop":"convenience","source":"survey"}},"geometry":{"type":"Point","coordinates":[17.997328,59.363448]}},{"type":"Feature","properties":{"id":1211022316,"osm_type":"node","name":"Direkten","category":"grocery","tags":{"brand":"Direkten","brand:wikidata":"Q105693281","name":"Direkten","opening_hours":"Mo-Fr 08:00-20:00; Sa 09:00-17:00; Su 10:00-16:00","shop":"convenience","wheelchair":"yes"}},"geometry":{"type":"Point","coordinates":[18.0629982,59.319067]}},{"type":"Feature","properties":{"id":1223955845,"osm_type":"node","name":"Danviksklippans livs","category":"grocery","tags":{"name":"Danviksklippans livs","opening_hours":"Mo-Su 10:30-21:00","shop":"convenience"}},"geometry":{"type":"Point","coordinates":[18.1062788,59.3127379]}},{"type":"Feature","properties":{"id":1233967911,"osm_type":"node","name":"Karamellboss","category":"grocery","tags":{"name":"Karamellboss","shop":"convenience"}},"geometry":{"type":"Point","coordinates":[18.0825408,59.2533621]}},{"type":"Feature","properties":{"id":1234015488,"osm_type":"node","name":"Kazi Indian Livs","category":"grocery","tags":{"addr:city":"Enskede","addr:country":"SE","addr:housenumber":"108","addr:postcode":"122 45","addr:street":"Gubbängsvägen","name":"Kazi Indian Livs","opening_hours":"Mo-Fr 10:00-20:00; Sa,Su 11:00-20:00","shop":"convenience"}},"geometry":{"type":"Point","coordinates":[18.0840807,59.2629128]}},{"type":"Feature","properties":{"id":1234015497,"osm_type":"node","name":"Direkten","category":"grocery","tags":{"brand":"Direkten","brand:wikidata":"Q105693281","check_date":"2024-03-20","name":"Direkten","opening_hours":"Mo-Fr 08:00-20:00; Sa 10:00-18:00; Su 11:00-17:00","shop":"convenience"}},"geometry":{"type":"Point","coordinates":[18.082742,59.2621672]}},{"type":"Feature","properties":{"id":1246188809,"osm_type":"node","name":"Götgatsbacken","category":"grocery","tags":{"addr:floor":"0","addr:housenumber":"17","addr:street":"Götgatan","check_date":"2026-04-24","check_date:opening_hours":"2026-04-24","contact:instagram":"https://www.instagram.com/gotgatsbackensmatbutik","level":"0","name":"Götgatsbacken","opening_hours":"Mo-Fr 07:00-23:00; Sa-Su 09:00-23:00","phone":"+466418197","shop":"supermarket","website":"http://www.gotgatsbacken.se","wheelchair":"yes"}},"geometry":{"type":"Point","coordinates":[18.0715628,59.3180322]}},{"type":"Feature","properties":{"id":1246188974,"osm_type":"node","name":"7-Eleven","category":"grocery","tags":{"brand":"7-Eleven","brand:wikidata":"Q259340","brand:wikipedia":"en:7-Eleven","check_date":"2025-12-14","check_date:opening_hours":"2025-12-14","contact:phone":"+4686413660","contact:website":"https://7-eleven.se","name":"7-Eleven","opening_hours":"Mo-Th 06:00-24:00, Fr 06:00-04:00, Sa 07:00-04:00, Su 07:00-22:00","operator":"7-Eleven","shop":"convenience","wheelchair":"limited"}},"geometry":{"type":"Point","coordinates":[18.0719017,59.3173013]}},{"type":"Feature","properties":{"id":1251649209,"osm_type":"node","name":"ICA Supermarket Edsberg","category":"grocery","tags":{"addr:city":"Sollentuna","addr:country":"SE","addr:housenumber":"16","addr:postcode":"19252","addr:street":"Edsbergs torg","brand":"ICA Supermarket","brand:wikidata":"Q1663776","brand:wikipedia":"sv:Ica","contact:email":"ica.edsberg@supermarket.ica.se","contact:phone":"+46859469970","contact:website":"https://www.ica.se/butiker/supermarket/sollentuna/ica-supermarket-edsberg-1212/start/","int_name":"Ica Supermarket","name":"ICA Supermarket Edsberg","opening_hours":"Mo-Su 08:00-21:00","shop":"supermarket"}},"geometry":{"type":"Point","coordinates":[17.9656312,59.44574]}},{"type":"Feature","properties":{"id":1258634040,"osm_type":"node","name":"Eriksdal Mini Livs","category":"grocery","tags":{"check_date:opening_hours":"2024-03-06","name":"Eriksdal Mini Livs","opening_hours:signed":"no","shop":"convenience","wheelchair":"yes"}},"geometry":{"type":"Point","coordinates":[18.0733287,59.3077098]}},{"type":"Feature","properties":{"id":1258634201,"osm_type":"node","name":"Ica Riddaren","category":"grocery","tags":{"brand":"ICA Nära","brand:wikidata":"Q1663776","brand:wikipedia":"sv:Ica","check_date":"2025-12-10","check_date:opening_hours":"2025-12-10","contact:phone":"+4686692787","contact:website":"https://www.ica.se/butiker/nara/stockholm/ica-riddaren-stockholm-1004711/","name":"Ica Riddaren","opening_hours":"Mo-Fr 08:00-22:00; Sa-Su 09:00-22:00","operator":"ICA","shop":"supermarket","wheelchair":"yes"}},"geometry":{"type":"Point","coordinates":[18.0640811,59.3092417]}},{"type":"Feature","properties":{"id":1281441051,"osm_type":"node","name":"ICA Kvantum Liljeholmen","category":"grocery","tags":{"brand":"ICA Kvantum","brand:wikidata":"Q1663776","check_date":"2024-08-01","level":"-1","name":"ICA Kvantum Liljeholmen","opening_hours":"Mo-Su 07:00-22:00","payment:cash":"yes","shop":"supermarket","website":"https://www.ica.se/butiker/kvantum/stockholm/ica-kvantum-liljeholmen-1003417","wheelchair":"yes"}},"geometry":{"type":"Point","coordinates":[18.0222688,59.3094423]}},{"type":"Feature","properties":{"id":1281441063,"osm_type":"node","name":"Willys","category":"grocery","tags":{"brand":"Willys","brand:wikidata":"Q10720214","brand:wikipedia":"sv:Willys","level":"-1","name":"Willys","opening_hours":"Mo-Su 08:00-22:00","payment:cash":"yes","shop":"supermarket","wheelchair":"yes"}},"geometry":{"type":"Point","coordinates":[18.0211932,59.3093766]}},{"type":"Feature","properties":{"id":1304955806,"osm_type":"node","name":"Hemköp Täby Näsbypark C","category":"grocery","tags":{"addr:city":"Täby","addr:country":"SE","addr:housenumber":"6","addr:postcode":"183 54","addr:street":"Eskadervägen","brand":"Hemköp","brand:wikidata":"Q10521746","brand:wikipedia":"sv:Hemköp","description":"Hemköp Täby Näsbypark C","name":"Hemköp Täby Näsbypark C","opening_hours":"Mo-Su 08:00-22:00","operator":"Hemköp","phone":"+46854443171","shop":"supermarket","source":"local knowledge","stroller":"yes","website":"https://www.hemkop.se/butik/4642","wheelchair":"yes"}},"geometry":{"type":"Point","coordinates":[18.0949368,59.430486]}},{"type":"Feature","properties":{"id":1306639103,"osm_type":"node","name":"Coop Älta Gård","category":"grocery","tags":{"addr:city":"Älta","addr:country":"SE","addr:housenumber":"170","addr:street":"Ältavägen","brand":"Coop","brand:wikidata":"Q106684510","check_date":"2022-10-25","currency:SEK":"yes","internet_access":"yes","name":"Coop Älta Gård","operator":"Coop","payment:cash":"yes","payment:mastercard":"yes","payment:visa":"yes","phone":"010-7417420","shop":"supermarket","website":"https://www.coop.se/butiker-erbjudanden/coop/coop-alta-gard/","wheelchair":"yes"}},"geometry":{"type":"Point","coordinates":[18.1832188,59.2615332]}},{"type":"Feature","properties":{"id":1311562479,"osm_type":"node","name":"Willy:s","category":"grocery","tags":{"addr:country":"SE","addr:housenumber":"1","addr:postcode":"172 67","addr:street":"Esplanaden","brand":"Willys","brand:wikidata":"Q10720214","check_date":"2025-05-26","name":"Willy:s","opening_hours":"Mo-Su 08:00-22:00","phone":"+46 8 56485480","shop":"supermarket","website":"https://www.willys.se/"}},"geometry":{"type":"Point","coordinates":[17.9639597,59.3618068]}},{"type":"Feature","properties":{"id":1315476244,"osm_type":"node","name":"Stureby snabbköp","category":"grocery","tags":{"addr:city":"Enskede","addr:country":"SE","addr:housenumber":"78","addr:street":"Sågverksgatan","name":"Stureby snabbköp","opening_hours":"Mo-Su 11:00-22:00","shop":"convenience"}},"geometry":{"type":"Point","coordinates":[18.0455625,59.2790523]}},{"type":"Feature","properties":{"id":1326129924,"osm_type":"node","name":"Fruktaffären","category":"grocery","tags":{"check_date":"2025-12-02","check_date:opening_hours":"2025-12-02","contact:email":"info@fruktaffaren.se","contact:mobile":"+46708321685","contact:phone":"+4686503408","contact:website":"https://www.fruktaffaren.se","name":"Fruktaffären","opening_hours":"Mo-Fr 07:00-18:00; Sa 10:00-15:00","shop":"greengrocer"}},"geometry":{"type":"Point","coordinates":[18.0468825,59.3286056]}},{"type":"Feature","properties":{"id":1332646377,"osm_type":"node","name":"Allgrönt","category":"grocery","tags":{"addr:country":"SE","addr:housenumber":"14","addr:street":"Marknadsvägen","name":"Allgrönt","shop":"greengrocer"}},"geometry":{"type":"Point","coordinates":[18.0326622,59.294595]}},{"type":"Feature","properties":{"id":1332646387,"osm_type":"node","name":"Fruktgården i Årsta","category":"grocery","tags":{"addr:country":"SE","addr:housenumber":"14","addr:street":"Marknadsvägen","name":"Fruktgården i Årsta","shop":"greengrocer"}},"geometry":{"type":"Point","coordinates":[18.0325282,59.2944005]}},{"type":"Feature","properties":{"id":1332646390,"osm_type":"node","name":"Alanya Import","category":"grocery","tags":{"addr:country":"SE","addr:housenumber":"10","addr:street":"Marknadsvägen","name":"Alanya Import","shop":"supermarket"}},"geometry":{"type":"Point","coordinates":[18.0330028,59.2950675]}},{"type":"Feature","properties":{"id":1332646396,"osm_type":"node","name":"Lotus Frukt och Grönt","category":"grocery","tags":{"addr:country":"SE","addr:housenumber":"10","addr:street":"Marknadsvägen","name":"Lotus Frukt och Grönt","shop":"greengrocer"}},"geometry":{"type":"Point","coordinates":[18.0329384,59.2952579]}},{"type":"Feature","properties":{"id":1332654778,"osm_type":"node","name":"Lindus Frukt och Grönt","category":"grocery","tags":{"addr:country":"SE","addr:housenumber":"14","addr:street":"Marknadsvägen","name":"Lindus Frukt och Grönt","shop":"greengrocer"}},"geometry":{"type":"Point","coordinates":[18.0321902,59.2939116]}},{"type":"Feature","properties":{"id":1332654783,"osm_type":"node","name":"Grönkvist Grönsaker","category":"grocery","tags":{"addr:country":"SE","addr:housenumber":"18","addr:street":"Marknadsvägen","name":"Grönkvist Grönsaker","shop":"greengrocer"}},"geometry":{"type":"Point","coordinates":[18.0320774,59.293791]}},{"type":"Feature","properties":{"id":1348515076,"osm_type":"node","name":"7-Eleven","category":"grocery","tags":{"brand":"7-Eleven","brand:wikidata":"Q259340","brand:wikipedia":"en:7-Eleven","check_date":"2025-12-11","check_date:opening_hours":"2025-12-11","contact:phone":"+46840060204","contact:website":"http://www.7-eleven.se/","name":"7-Eleven","opening_hours":"24/7","operator":"7-Eleven","shop":"convenience","wheelchair":"yes"}},"geometry":{"type":"Point","coordinates":[18.0739809,59.3136212]}},{"type":"Feature","properties":{"id":1348515111,"osm_type":"node","name":"7-Eleven","category":"grocery","tags":{"brand":"7-Eleven","brand:wikidata":"Q259340","brand:wikipedia":"en:7-Eleven","check_date":"2025-12-11","check_date:opening_hours":"2025-12-11","contact:phone":"+4686426860","name":"7-Eleven","opening_hours":"Mo-Th 06:00-24:00; Fr 06:00-03:00; Sa 07:00-03:00; Su 08:00-24:00","operator":"7-Eleven","shop":"convenience","website":"https://7-eleven.se","wheelchair":"limited"}},"geometry":{"type":"Point","coordinates":[18.0748792,59.3103823]}},{"type":"Feature","properties":{"id":1348515173,"osm_type":"node","name":"Direkten","category":"grocery","tags":{"brand":"Direkten","brand:wikidata":"Q105693281","name":"Direkten","shop":"convenience"}},"geometry":{"type":"Point","coordinates":[18.0754575,59.309271]}},{"type":"Feature","properties":{"id":1349320789,"osm_type":"node","name":"ICA Stop","category":"grocery","tags":{"addr:city":"Täby","addr:country":"SE","addr:housenumber":"43B","addr:postcode":"183 64","addr:street":"Bergtorpsvägen","brand":"ICA Supermarket","brand:wikidata":"Q1663776","brand:wikipedia":"sv:Ica","name":"ICA Stop","opening_hours":"Mo-Su 07:00-23:00","phone":"+46 8-544 406 80","shop":"supermarket","source":"survey","website":"https://www.icastop.com/"}},"geometry":{"type":"Point","coordinates":[18.096066,59.4421999]}},{"type":"Feature","properties":{"id":1350462591,"osm_type":"node","name":"Gubbängskiosken","category":"grocery","tags":{"addr:city":"Enskede","addr:country":"SE","addr:housenumber":"142","addr:street":"Herrhagsvägen","name":"Gubbängskiosken","shop":"convenience"}},"geometry":{"type":"Point","coordinates":[18.0821339,59.2640087]}},{"type":"Feature","properties":{"id":1396346340,"osm_type":"node","name":"Hemköp Stockholm City","category":"grocery","tags":{"brand":"Hemköp","brand:wikidata":"Q10521746","brand:wikipedia":"sv:Hemköp","check_date":"2025-12-03","check_date:opening_hours":"2025-12-03","contact:email":"info.stockholm@hemkop.se","contact:fax":"+468107030","contact:phone":"+4687236530","contact:website":"https://www.hemkop.se/butik/4297","level":"-2","name":"Hemköp Stockholm City","opening_hours":"Mo-Fr 07:00-23:00","operator":"Hemköp","shop":"supermarket"}},"geometry":{"type":"Point","coordinates":[18.0622008,59.332435]}},{"type":"Feature","properties":{"id":1408221860,"osm_type":"node","name":"Coop Midsommarkransen","category":"grocery","tags":{"addr:city":"Hägersten","addr:country":"SE","addr:housenumber":"20","addr:street":"Svandammsvägen","brand":"Coop","brand:wikidata":"Q106684510","name":"Coop Midsommarkransen","opening_hours":"Mo-Fr 07:00-23:00; Sa-Su 08:00-23:00","phone":"010-7411173","shop":"supermarket","website":"https://www.coop.se/butiker-erbjudanden/coop/coop-midsommarkransen/"}},"geometry":{"type":"Point","coordinates":[18.0124794,59.301647]}},{"type":"Feature","properties":{"id":1408221907,"osm_type":"node","name":"1:ans Livs & Tobak","category":"grocery","tags":{"name":"1:ans Livs & Tobak","opening_hours":"Mo-Su 10:00-22:00","phone":"+46765559226","shop":"convenience"}},"geometry":{"type":"Point","coordinates":[18.0162495,59.3016428]}},{"type":"Feature","properties":{"id":1413340506,"osm_type":"node","name":"Viggbygärdets Livs & Grill","category":"grocery","tags":{"name":"Viggbygärdets Livs & Grill","payment:cash":"yes","payment:coins":"yes","payment:credit_cards":"yes","payment:debit_cards":"yes","shop":"convenience","source":"survey"}},"geometry":{"type":"Point","coordinates":[18.0998423,59.4476303]}},{"type":"Feature","properties":{"id":1427353870,"osm_type":"node","name":"Frukt och grönsaker","category":"grocery","tags":{"name":"Frukt och grönsaker","shop":"convenience"}},"geometry":{"type":"Point","coordinates":[17.9281591,59.4082124]}},{"type":"Feature","properties":{"id":1435752038,"osm_type":"node","name":"ICA Supermarket Älta","category":"grocery","tags":{"brand":"ICA Supermarket","brand:wikidata":"Q1663776","brand:wikipedia":"sv:Ica","check_date":"2026-04-10","internet_access":"no","name":"ICA Supermarket Älta","payment:mastercard":"yes","payment:visa":"yes","shop":"supermarket","website":"https://www.ica.se/butiker/supermarket/nacka/ica-supermarket-alta-1135007/","wheelchair":"yes"}},"geometry":{"type":"Point","coordinates":[18.1781356,59.2556251]}},{"type":"Feature","properties":{"id":1450512321,"osm_type":"node","name":"Direkten","category":"grocery","tags":{"brand":"Direkten","brand:wikidata":"Q105693281","check_date":"2023-11-11","contact:website":"https://direkten.se","name":"Direkten","opening_hours":"Mo-Fr 09:30-19:00; Sa 10:00-16:00; Su 10:00-15:00","shop":"convenience"}},"geometry":{"type":"Point","coordinates":[18.0544407,59.3439035]}},{"type":"Feature","properties":{"id":1453941193,"osm_type":"node","name":"Myway","category":"grocery","tags":{"name":"Myway","shop":"convenience"}},"geometry":{"type":"Point","coordinates":[18.0104989,59.3159345]}},{"type":"Feature","properties":{"id":1457881988,"osm_type":"node","name":"Coop Bromsten","category":"grocery","tags":{"addr:city":"Spånga","addr:country":"SE","addr:housenumber":"107","addr:street":"Duvbovägen","brand":"Coop","brand:wikidata":"Q106684510","name":"Coop Bromsten","opening_hours":"Mo-Fr 07:00-22:00; Sa,Su 08:00-22:00","phone":"010-7417480","shop":"supermarket","website":"https://www.coop.se/butiker-erbjudanden/coop/coop-bromsten/","wheelchair":"no"}},"geometry":{"type":"Point","coordinates":[17.9140826,59.3793685]}},{"type":"Feature","properties":{"id":1472287953,"osm_type":"node","name":"7-Eleven","category":"grocery","tags":{"brand":"7-Eleven","brand:wikidata":"Q259340","brand:wikipedia":"en:7-Eleven","check_date":"2025-11-30","check_date:opening_hours":"2025-11-30","contact:phone":"+4684118510","contact:website":"http://www.7-eleven.se/","name":"7-Eleven","opening_hours":"Mo-Th 07:00-23:00; Fr 07:00-24:00; Sa 08:00-24:00; Su 10:00-21:00","operator":"7-Eleven","ref":"19136","shop":"convenience","wheelchair":"limited"}},"geometry":{"type":"Point","coordinates":[18.0679792,59.3388007]}},{"type":"Feature","properties":{"id":1474631351,"osm_type":"node","name":"Matöppet Täby","category":"grocery","tags":{"name":"Matöppet Täby","opening_hours":"Mo-Su 08:00-21:00","shop":"convenience","website":"https://www.matoppet.se/butik/taby/"}},"geometry":{"type":"Point","coordinates":[18.1203781,59.4506738]}},{"type":"Feature","properties":{"id":1477543915,"osm_type":"node","name":"Munkbrohallen","category":"grocery","tags":{"contact:email":"info@munkbrohallen.se","contact:phone":"+46854513140","contact:website":"http://munkbrohallen.se/","level":"-1","name":"Munkbrohallen","opening_hours":"Mo-Fr 07:00-22:00; Sa-Su 09:00-22:00","shop":"supermarket"}},"geometry":{"type":"Point","coordinates":[18.0680818,59.3233874]}},{"type":"Feature","properties":{"id":1487014912,"osm_type":"node","name":"ICA Lunden","category":"grocery","tags":{"addr:city":"Sollentuna","addr:country":"SE","addr:housenumber":"1","addr:postcode":"19142","addr:street":"Stupvägen","brand":"ICA Supermarket","brand:wikidata":"Q1663776","brand:wikipedia":"sv:Ica","contact:phone":"+468962600","contact:website":"https://www.ica.se/butiker/supermarket/sollentuna/ica-supermarket-lunden-1004019/","name":"ICA Lunden","opening_hours":"Mo-Fr 07:00-22:00; Sa-Su 08:00-22:00","shop":"supermarket"}},"geometry":{"type":"Point","coordinates":[17.9636055,59.4103487]}},{"type":"Feature","properties":{"id":1501279558,"osm_type":"node","name":"Handlarn","category":"grocery","tags":{"check_date":"2026-03-26","check_date:opening_hours":"2026-03-26","name":"Handlarn","opening_hours":"Mo-Fr 10:00-21:00; Sa-Su 10:00-20:00","payment:cash":"yes","payment:credit_cards":"yes","payment:debit_cards":"yes","shop":"convenience"}},"geometry":{"type":"Point","coordinates":[17.9460437,59.2135653]}},{"type":"Feature","properties":{"id":1501759406,"osm_type":"node","name":"Direkten","category":"grocery","tags":{"brand":"Direkten","brand:wikidata":"Q105693281","check_date":"2024-04-08","name":"Direkten","opening_hours":"Mo-Th 08:30-24:00, Fr,Sa 09:30-03:00, Su 09:30-24:00","payment:cash":"yes","shop":"convenience"}},"geometry":{"type":"Point","coordinates":[18.0765675,59.314735]}},{"type":"Feature","properties":{"id":1501759692,"osm_type":"node","name":"Sofia matbutik","category":"grocery","tags":{"check_date":"2025-05-22","name":"Sofia matbutik","opening_hours":"Mo-Su 07:00-23:00","shop":"convenience","wheelchair":"limited"}},"geometry":{"type":"Point","coordinates":[18.0884347,59.3154633]}},{"type":"Feature","properties":{"id":1506586414,"osm_type":"node","name":"","category":"grocery","tags":{"shop":"convenience"}},"geometry":{"type":"Point","coordinates":[17.9653787,59.2906614]}},{"type":"Feature","properties":{"id":1509877833,"osm_type":"node","name":"ICA Nära","category":"grocery","tags":{"branch":"Bonden","brand":"ICA Nära","brand:wikidata":"Q1663776","brand:wikipedia":"sv:Ica","check_date":"2025-12-11","check_date:opening_hours":"2025-12-11","contact:phone":"+4686408555","contact:website":"https://www.ica.se/butiker/nara/stockholm/ica-bonden-1003641/","name":"ICA Nära","opening_hours":"Mo-Fr 08:00-22:00; Sa-Su 09:00-22:00","operator":"ICA","shop":"supermarket"}},"geometry":{"type":"Point","coordinates":[18.0778897,59.3121648]}},{"type":"Feature","properties":{"id":1515243832,"osm_type":"node","name":"Bromma Närlivs","category":"grocery","tags":{"name":"Bromma Närlivs","shop":"convenience"}},"geometry":{"type":"Point","coordinates":[17.9451796,59.3409526]}},{"type":"Feature","properties":{"id":1547114168,"osm_type":"node","name":"Coop Brommaplan","category":"grocery","tags":{"addr:city":"Bromma","addr:country":"SE","addr:housenumber":"12","addr:street":"Klädesvägen","brand":"Coop","brand:wikidata":"Q106684510","check_date":"2025-12-08","check_date:opening_hours":"2025-12-08","contact:phone":"+46107416990","contact:website":"https://www.coop.se/butiker-erbjudanden/coop/coop-brommaplan/","name":"Coop Brommaplan","opening_hours":"Mo-Fr 07:00-22:00, Sa,Su 08:00-22:00","shop":"supermarket"}},"geometry":{"type":"Point","coordinates":[17.9394968,59.3385721]}},{"type":"Feature","properties":{"id":1550153814,"osm_type":"node","name":"ICA Nära Essingen","category":"grocery","tags":{"addr:city":"Stockholm","addr:country":"SE","addr:housenumber":"6","addr:postcode":"11261","addr:street":"Disponentgatan","brand":"ICA Nära","brand:wikidata":"Q1663776","brand:wikipedia":"sv:Ica","check_date":"2025-11-29","check_date:opening_hours":"2025-11-29","email":"emil.jakobsson@nara.ica.se","name":"ICA Nära Essingen","opening_hours":"Mo-Fr 07:00-22:00; Sa-Su 08:00-22:00","operator":"ICA","phone":"+4686561060","shop":"supermarket","website":"https://www.ica.se/butiker/nara/stockholm/ica-nara-essingen-1004215/","wheelchair":"yes"}},"geometry":{"type":"Point","coordinates":[18.0072805,59.3249766]}},{"type":"Feature","properties":{"id":1550839971,"osm_type":"node","name":"7-Eleven","category":"grocery","tags":{"brand":"7-Eleven","brand:wikidata":"Q259340","brand:wikipedia":"en:7-Eleven","check_date":"2025-12-10","check_date:opening_hours":"2025-12-10","contact:phone":"+4684629799","contact:website":"http://www.7-eleven.se/","name":"7-Eleven","opening_hours":"Mo-Tu 06:00-01:00; We-Th 06:00-24:00; Th-Su 00:00-24:00","operator":"7-Eleven","payment:cash":"yes","shop":"convenience","wheelchair":"no"}},"geometry":{"type":"Point","coordinates":[18.0633437,59.3188515]}},{"type":"Feature","properties":{"id":1554679997,"osm_type":"node","name":"Coop Odenplan","category":"grocery","tags":{"brand":"Coop","brand:wikidata":"Q106684510","check_date":"2025-11-15","check_date:opening_hours":"2025-11-15","name":"Coop Odenplan","opening_hours":"Mo-Fr 07:00-22:00; Sa-Su 09:00-22:00","operator":"Coop","phone":"+46107411720","shop":"supermarket","website":"https://www.coop.se/butiker-erbjudanden/coop/coop-odenplan/"}},"geometry":{"type":"Point","coordinates":[18.0521068,59.3429707]}},{"type":"Feature","properties":{"id":1554680007,"osm_type":"node","name":"Hemköp Stockholm Odenplan","category":"grocery","tags":{"brand":"Hemköp","brand:wikidata":"Q10521746","brand:wikipedia":"sv:Hemköp","check_date":"2025-11-14","check_date:opening_hours":"2025-11-14","contact:email":"info.stockholm.odenplan@hemkop.se","contact:phone":"+468300211","contact:website":"https://www.hemkop.se/butik/4129","name":"Hemköp Stockholm Odenplan","opening_hours":"Mo-Su 07:00-23:00","operator":"Axfood","payment:cash":"yes","shop":"supermarket","wheelchair":"yes"}},"geometry":{"type":"Point","coordinates":[18.046,59.3431]}},{"type":"Feature","properties":{"id":1554680014,"osm_type":"node","name":"ICA Mathörnan","category":"grocery","tags":{"brand":"ICA Nära","brand:wikidata":"Q1663776","brand:wikipedia":"sv:Ica","check_date":"2025-11-15","check_date:opening_hours":"2025-11-15","contact:phone":"+468328622","contact:website":"https://www.ica.se/butiker/nara/stockholm/ica-mathornan-stockholm-1003865/","name":"ICA Mathörnan","opening_hours":"Mo-Sa 07:00-23:00; Su 08:00-23:00","operator":"ICA","shop":"supermarket","wheelchair":"yes"}},"geometry":{"type":"Point","coordinates":[18.0378524,59.3427718]}},{"type":"Feature","properties":{"id":1563086958,"osm_type":"node","name":"Tempo","category":"grocery","tags":{"name":"Tempo","opening_hours":"Mo-Su 08:00-21:00","shop":"supermarket"}},"geometry":{"type":"Point","coordinates":[18.0055939,59.3230071]}},{"type":"Feature","properties":{"id":1571439042,"osm_type":"node","name":"Coop Skeppet","category":"grocery","tags":{"addr:city":"Lidingö","addr:country":"SE","addr:street":"Friggavägen","brand":"Coop","brand:wikidata":"Q106684510","contact:phone":"+46 107419300","name":"Coop Skeppet","opening_hours":"Mo-Su 08:00-21:00","payment:credit_cards":"yes","payment:debit_cards":"yes","shop":"supermarket","source":"survey","wheelchair":"yes"}},"geometry":{"type":"Point","coordinates":[18.1346003,59.3663474]}},{"type":"Feature","properties":{"id":1571459242,"osm_type":"node","name":"Coop Torsvik","category":"grocery","tags":{"addr:city":"Lidingö","addr:country":"SE","addr:housenumber":"1","addr:street":"Herserudsvägen","brand":"Coop","brand:wikidata":"Q106684510","brand:wikipedia":"sv:Coop","name":"Coop Torsvik","opening_hours":"Mo-Fr 07:00-22:00; Sa, Su 09:00-22:00","phone":"010-7417300","shop":"supermarket","website":"https://www.coop.se/butiker-erbjudanden/coop/coop-torsvik/"}},"geometry":{"type":"Point","coordinates":[18.1233349,59.362868]}},{"type":"Feature","properties":{"id":1597505762,"osm_type":"node","name":"7-Eleven","category":"grocery","tags":{"brand":"7-Eleven","brand:wikidata":"Q259340","brand:wikipedia":"en:7-Eleven","name":"7-Eleven","opening_hours":"9:00-23:00","operator":"7-Eleven","shop":"convenience","website":"http://www.7-eleven.se/"}},"geometry":{"type":"Point","coordinates":[17.9384085,59.4184711]}},{"type":"Feature","properties":{"id":1624489242,"osm_type":"node","name":"Nya Pia Livs","category":"grocery","tags":{"name":"Nya Pia Livs","opening_hours":"Mo-Fr 09:00-21:00, Sa,Su 10:00-21:00","shop":"convenience","source":"Local_knowledge"}},"geometry":{"type":"Point","coordinates":[17.9426152,59.3986772]}},{"type":"Feature","properties":{"id":1647596356,"osm_type":"node","name":"Coop Matboden","category":"grocery","tags":{"addr:city":"Nacka","addr:country":"SE","addr:housenumber":"4","addr:street":"Ektorpsvägen","brand":"Coop","brand:wikidata":"Q106684510","name":"Coop Matboden","opening_hours":"Mo-Sa 08:00-21:00, 09:00-18:00; Su 08:00-20:00","operator":"Coop","phone":"010-7435080","shop":"supermarket","website":"https://www.coop.se/butiker-erbjudanden/coop/coop-matboden/"}},"geometry":{"type":"Point","coordinates":[18.2008784,59.311426]}},{"type":"Feature","properties":{"id":1664520675,"osm_type":"node","name":"Ör livs","category":"grocery","tags":{"name":"Ör livs","shop":"convenience","source":"survey"}},"geometry":{"type":"Point","coordinates":[17.9774156,59.3732805]}},{"type":"Feature","properties":{"id":1671342049,"osm_type":"node","name":"ICA Aspudden","category":"grocery","tags":{"branch":"nära","brand":"ICA Nära","brand:wikidata":"Q1663776","brand:wikipedia":"sv:Ica","check_date":"2025-05-18","name":"ICA Aspudden","opening_hours":"Mo-Fr 07:00-23:00; Sa-Su 08:00-23:00","operator":"ica","shop":"supermarket","website":"https://www.ica.se/butiker/nara/stockholm/ica-aspudden-1300/start/","wheelchair":"yes"}},"geometry":{"type":"Point","coordinates":[18.0013445,59.3061194]}},{"type":"Feature","properties":{"id":1674641739,"osm_type":"node","name":"Ica Nära Tallkrogen","category":"grocery","tags":{"addr:country":"SE","addr:housenumber":"96-98","addr:street":"Tallkrogsplan","brand":"ICA Nära","brand:wikidata":"Q1663776","brand:wikipedia":"sv:Ica","name":"Ica Nära Tallkrogen","shop":"supermarket"}},"geometry":{"type":"Point","coordinates":[18.0840579,59.2713643]}},{"type":"Feature","properties":{"id":1686938512,"osm_type":"node","name":"Coop Råsundavägen","category":"grocery","tags":{"brand":"Coop","brand:wikidata":"Q106684510","check_date:opening_hours":"2024-11-15","name":"Coop Råsundavägen","old_name":"Coop konsum","opening_hours":"Mo-Fr 07:00-22:00; Sa,Su 08:00-22:00","shop":"supermarket","source":"survey"}},"geometry":{"type":"Point","coordinates":[17.9817,59.3648]}},{"type":"Feature","properties":{"id":1686980425,"osm_type":"node","name":"Direkten Tulegatan","category":"grocery","tags":{"addr:city":"Sundbyberg","addr:country":"SE","addr:housenumber":"12","addr:postcode":"17278","addr:street":"Tulegatan","branch":"Tulegatan","brand":"Direkten","brand:wikidata":"Q105693281","name":"Direkten Tulegatan","opening_hours":"Mo-Th 08:00-19:00; Fr 08:00-18:00; Sa 10:00-16:00","post_office":"post_partner","post_office:brand":"Bring;DHL;Schenker;PostNord","shop":"convenience","source":"survey;local knowledge"}},"geometry":{"type":"Point","coordinates":[17.97494,59.3649529]}},{"type":"Feature","properties":{"id":1687047576,"osm_type":"node","name":"Ica Nära Skogsbacken","category":"grocery","tags":{"brand":"ICA Nära","brand:wikidata":"Q1663776","brand:wikipedia":"sv:Ica","check_date:opening_hours":"2023-09-29","name":"Ica Nära Skogsbacken","opening_hours":"Mo-Fr 07:00-22:00; Sa,Su 08:00-22:00","post_office":"post_partner","post_office:brand":"PostNord","shop":"supermarket","source":"survey"}},"geometry":{"type":"Point","coordinates":[17.9797487,59.3680622]}},{"type":"Feature","properties":{"id":1693050277,"osm_type":"node","name":"Direkten","category":"grocery","tags":{"name":"Direkten","opening_hours":"Mo-Th 07:30-15:30; Fr 07:30-14:00","payment:cards":"yes","payment:cash":"no","payment:swish":"yes","shop":"convenience"}},"geometry":{"type":"Point","coordinates":[17.9565126,59.4063748]}},{"type":"Feature","properties":{"id":1696430678,"osm_type":"node","name":"ICA Nära Furuviks","category":"grocery","tags":{"addr:city":"Solna","addr:country":"SE","addr:housenumber":"115","addr:postcode":"16950","addr:street":"Råsundavägen","alt_name":"Furuviks Livs","brand":"ICA Nära","brand:wikidata":"Q1663776","brand:wikipedia":"sv:Ica","check_date:opening_hours":"2021-12-28","name":"ICA Nära Furuviks","opening_hours":"Mo-Su 08:00-22:00","operator":"ICA","shop":"supermarket","source":"survey","wheelchair":"no"}},"geometry":{"type":"Point","coordinates":[17.9941505,59.3648518]}},{"type":"Feature","properties":{"id":1697643008,"osm_type":"node","name":"Kashmir","category":"grocery","tags":{"name":"Kashmir","opening_hours":"Mo-Fr 10:00-20:00; Sa,Su 11:00-19:00","shop":"convenience","source":"survey"}},"geometry":{"type":"Point","coordinates":[17.9587808,59.3652229]}},{"type":"Feature","properties":{"id":1706342281,"osm_type":"node","name":"Sjöstads livs","category":"grocery","tags":{"name":"Sjöstads livs","opening_hours":"Mo-Fr 08:00-21:00; Sa,Su 09:00-21:00","shop":"convenience"}},"geometry":{"type":"Point","coordinates":[18.0983512,59.31062]}},{"type":"Feature","properties":{"id":1707693485,"osm_type":"node","name":"Direkten","category":"grocery","tags":{"branch":"Gärdescentralen","brand":"Direkten","brand:wikidata":"Q105693281","name":"Direkten","post_office":"post_partner","post_office:brand":"DHL;DB Schenker","shop":"convenience","source":"survey"}},"geometry":{"type":"Point","coordinates":[18.100679,59.3468467]}},{"type":"Feature","properties":{"id":1713407197,"osm_type":"node","name":"Spelöversten","category":"grocery","tags":{"check_date":"2025-11-17","check_date:opening_hours":"2025-11-17","contact:phone":"+4686618527","level":"0","name":"Spelöversten","opening_hours":"Mo-Fr 09:00-20:00; Sa 09:00-18:00; Su 10:00-17:00","shop":"convenience","source":"survey","wheelchair":"yes"}},"geometry":{"type":"Point","coordinates":[18.0915722,59.3398842]}},{"type":"Feature","properties":{"id":1728254563,"osm_type":"node","name":"Närlivs","category":"grocery","tags":{"addr:country":"SE","addr:housenumber":"43","addr:street":"Bastuhagsvägen","entrance":"yes","name":"Närlivs","shop":"convenience"}},"geometry":{"type":"Point","coordinates":[18.048673,59.275456]}},{"type":"Feature","properties":{"id":1728279165,"osm_type":"node","name":"Bandhagen Livs","category":"grocery","tags":{"name":"Bandhagen Livs","shop":"convenience"}},"geometry":{"type":"Point","coordinates":[18.0522135,59.2664693]}},{"type":"Feature","properties":{"id":1735712621,"osm_type":"node","name":"Direkten","category":"grocery","tags":{"brand":"Direkten","brand:wikidata":"Q105693281","name":"Direkten","shop":"convenience"}},"geometry":{"type":"Point","coordinates":[18.0938385,59.3362514]}},{"type":"Feature","properties":{"id":1740704803,"osm_type":"node","name":"Handlar'n Henriksdal","category":"grocery","tags":{"name":"Handlar'n Henriksdal","opening_hours":"Mo-Fr 08:00-21:00, Sa-Su 09:00-21:00","shop":"convenience","wheelchair":"yes"}},"geometry":{"type":"Point","coordinates":[18.1050601,59.3108266]}},{"type":"Feature","properties":{"id":1748391265,"osm_type":"node","name":"Willys Hemma Solna Hagahallen","category":"grocery","tags":{"addr:city":"Solna","addr:country":"SE","addr:housenumber":"19","addr:postcode":"169 66","addr:street":"Hagalundsgatan","branch":"Hemma Solna Hagahallen","brand":"Willys","brand:wikidata":"Q10720214","brand:wikipedia":"sv:Willys","level":"1","name":"Willys Hemma Solna Hagahallen","opening_hours":"Mo-Sa 08:00-21:00; Su 09:00-21:00","phone":"08-51484230","shop":"supermarket","toilets":"no","website":"https://www.willys.se/butik/2849","wheelchair":"yes"}},"geometry":{"type":"Point","coordinates":[18.011,59.3629]}},{"type":"Feature","properties":{"id":1764601936,"osm_type":"node","name":"Sundbyberg mini livs","category":"grocery","tags":{"name":"Sundbyberg mini livs","opening_hours":"Mo-Fr 09:00-19:00; Sa 10:00-18:00","payment:cash":"yes","shop":"convenience"}},"geometry":{"type":"Point","coordinates":[17.9702261,59.3568923]}},{"type":"Feature","properties":{"id":1764611424,"osm_type":"node","name":"ICA Supermarket Sundbyberg","category":"grocery","tags":{"addr:country":"SE","addr:housenumber":"63","addr:street":"Landsvägen","brand":"ICA Supermarket","brand:wikidata":"Q1663776","brand:wikipedia":"sv:Ica","check_date":"2025-11-08","name":"ICA Supermarket Sundbyberg","opening_hours":"Mo-Fr 07:00-23:00; Sa-Su 08:00-23:00","operator":"ICA","shop":"supermarket","website":"https://www.ica.se/butiker/supermarket/sundbyberg/ica-supermarket-sundbyberg-10808/start/"}},"geometry":{"type":"Point","coordinates":[17.9662184,59.3612502]}},{"type":"Feature","properties":{"id":1779515460,"osm_type":"node","name":"7-Eleven","category":"grocery","tags":{"brand":"7-Eleven","brand:wikidata":"Q259340","brand:wikipedia":"en:7-Eleven","check_date":"2025-06-06","check_date:opening_hours":"2025-06-06","contact:phone":"+4684116130","contact:website":"http://www.7-eleven.se/","name":"7-Eleven","opening_hours":"Mo-Th 07:00-23:00, Fr,Sa 07:00-24:00, Su 07:00-23:00","operator":"7-Eleven","shop":"convenience"}},"geometry":{"type":"Point","coordinates":[18.0697818,59.3245074]}},{"type":"Feature","properties":{"id":1804364268,"osm_type":"node","name":"7-Eleven","category":"grocery","tags":{"brand":"7-Eleven","brand:wikidata":"Q259340","brand:wikipedia":"en:7-Eleven","check_date":"2025-12-09","check_date:opening_hours":"2025-12-09","contact:phone":"+4686581170","contact:website":"http://www.7-eleven.se/","name":"7-Eleven","opening_hours":"24/7","operator":"7-Eleven","payment:cash":"yes","shop":"convenience"}},"geometry":{"type":"Point","coordinates":[18.03415,59.316091]}},{"type":"Feature","properties":{"id":1831230579,"osm_type":"node","name":"Lidl","category":"grocery","tags":{"addr:city":"Sundbyberg","addr:country":"SE","addr:housenumber":"47","addr:postcode":"172 65","addr:street":"Landsvägen","brand":"Lidl","brand:wikidata":"Q151954","brand:wikipedia":"en:Lidl","check_date":"2025-11-10","name":"Lidl","opening_hours":"Mo-Fr 08:00-20:00; Sa 08:00-19:00; Su 09:00-19:00","shop":"supermarket"}},"geometry":{"type":"Point","coordinates":[17.9692108,59.3610101]}},{"type":"Feature","properties":{"id":1831920377,"osm_type":"node","name":"Västra Livs & Grönt","category":"grocery","tags":{"check_date":"2023-05-02","name":"Västra Livs & Grönt","opening_hours":"Mo-Sa 09:00-22:00; Su 11:00-18:00","shop":"greengrocer","source":"survey"}},"geometry":{"type":"Point","coordinates":[18.0041034,59.347775]}},{"type":"Feature","properties":{"id":1831920380,"osm_type":"node","name":"Coop Västra Skogen","category":"grocery","tags":{"addr:city":"Solna","addr:country":"SE","addr:housenumber":"16","addr:street":"Johan Enbergs väg","brand":"Coop","brand:wikidata":"Q106684510","check_date:opening_hours":"2026-04-28","name":"Coop Västra Skogen","old_name":"Coop Nära","opening_hours":"Mo-Fr 07:00-22:00; Sa,Su 08:00-22:00","phone":"010-7417180","shop":"supermarket","website":"https://www.coop.se/butiker-erbjudanden/coop/coop-vastra-skogen/"}},"geometry":{"type":"Point","coordinates":[18.003602,59.347874]}},{"type":"Feature","properties":{"id":1868973397,"osm_type":"node","name":"Tules Market","category":"grocery","tags":{"name":"Tules Market","shop":"convenience"}},"geometry":{"type":"Point","coordinates":[17.9767964,59.3643436]}},{"type":"Feature","properties":{"id":1886380720,"osm_type":"node","name":"Coop Nära Minneberg","category":"grocery","tags":{"name":"Coop Nära Minneberg","shop":"supermarket"}},"geometry":{"type":"Point","coordinates":[17.9894805,59.3393269]}},{"type":"Feature","properties":{"id":1900409205,"osm_type":"node","name":"Hammarby livs","category":"grocery","tags":{"name":"Hammarby livs","shop":"convenience"}},"geometry":{"type":"Point","coordinates":[18.0927867,59.2969105]}},{"type":"Feature","properties":{"id":1938065298,"osm_type":"node","name":"Klubbackens livs","category":"grocery","tags":{"addr:housenumber":"51","addr:street":"Klubbacken","name":"Klubbackens livs","opening_hours":"Mo-Fr 11:00-20:30; Sa 11:00-20:30; Su 11:00-18:00","shop":"convenience"}},"geometry":{"type":"Point","coordinates":[17.9632996,59.3054661]}},{"type":"Feature","properties":{"id":1958044242,"osm_type":"node","name":"Iran Livs","category":"grocery","tags":{"name":"Iran Livs","opening_hours":"Mo-Fr 10:00-20:00; Sa,Su 10:00-18:00","shop":"greengrocer"}},"geometry":{"type":"Point","coordinates":[17.9698706,59.3753898]}},{"type":"Feature","properties":{"id":1983296281,"osm_type":"node","name":"Hemköp Sköndal C","category":"grocery","tags":{"addr:city":"Sköndal","addr:country":"SE","addr:housenumber":"91","addr:postcode":"128 66","addr:street":"Sköndalsvägen","brand":"Hemköp","brand:wikidata":"Q10521746","brand:wikipedia":"sv:Hemköp","name":"Hemköp Sköndal C","opening_hours":"07:00-22:00","phone":"+46 8-447 53 50","shop":"supermarket","website":"https://www.hemkop.se/butik/4608"}},"geometry":{"type":"Point","coordinates":[18.1142,59.2555]}},{"type":"Feature","properties":{"id":1983296306,"osm_type":"node","name":"Sköndals tobak","category":"grocery","tags":{"addr:country":"SE","addr:housenumber":"85","addr:street":"Sköndalsvägen","name":"Sköndals tobak","shop":"convenience"}},"geometry":{"type":"Point","coordinates":[18.1142469,59.2558824]}},{"type":"Feature","properties":{"id":2014176502,"osm_type":"node","name":"East Trading Wang","category":"grocery","tags":{"check_date":"2025-02-04","check_date:opening_hours":"2025-02-04","name":"East Trading Wang","opening_hours":"Mo-Fr 10:00-18:30; Sa 10:00-17:00; Su 12:00-16:00","shop":"convenience"}},"geometry":{"type":"Point","coordinates":[18.0622446,59.3363006]}},{"type":"Feature","properties":{"id":2076156005,"osm_type":"node","name":"Pizzeria Il Secondo","category":"grocery","tags":{"addr:city":"Nacka","addr:country":"SE","addr:housenumber":"2","addr:postcode":"131 60","addr:street":"Gustaf de Lavals torg","amenity":"restaurant","name":"Pizzeria Il Secondo","opening_hours":"Mo-Su 12:00-21:00","payment:cash":"yes","payment:contactless":"yes","payment:credit_cards":"yes","payment:debit_cards":"yes","phone":"+46 8 4669836","restaurant":"pizza","shop":"convenience","website":"https://ilsecondo.wixsite.com/ilsecondo"}},"geometry":{"type":"Point","coordinates":[18.1516484,59.3061557]}},{"type":"Feature","properties":{"id":2101094999,"osm_type":"node","name":"Ryska delikatesser","category":"grocery","tags":{"addr:city":"Bandhagen","addr:country":"SE","addr:housenumber":"21","addr:postcode":"124 58","addr:street":"Harpsundsvägen","check_date:opening_hours":"2021-08-19","entrance":"yes","name":"Ryska delikatesser","opening_hours":"Mo-Fr 11:00-20:00; Sa 11:00-18:00; Su 11:00-16:00","shop":"convenience"}},"geometry":{"type":"Point","coordinates":[18.04495,59.2635133]}},{"type":"Feature","properties":{"id":2101132990,"osm_type":"node","name":"Matdax","category":"grocery","tags":{"addr:city":"Bandhagen","addr:country":"SE","addr:housenumber":"2","addr:postcode":"124 36","addr:street":"Högdalsgången","check_date:opening_hours":"2021-08-19","name":"Matdax","opening_hours":"Mo-Su 07:00-22:00","phone":"+4684471390","shop":"supermarket","website":"https://www.matdax.se/","wheelchair":"yes"}},"geometry":{"type":"Point","coordinates":[18.0436237,59.2631483]}},{"type":"Feature","properties":{"id":2102543039,"osm_type":"node","name":"ICA Supermarket Högdalen","category":"grocery","tags":{"addr:city":"Bandhagen","addr:country":"SE","addr:housenumber":"6","addr:postcode":"124 54","addr:street":"Högdalsgången","brand":"ICA Supermarket","brand:wikidata":"Q1663776","brand:wikipedia":"sv:Ica","check_date":"2024-06-20","name":"ICA Supermarket Högdalen","opening_hours":"Mo-Su 07:00-22:00","phone":"08-447 13 50","shop":"supermarket","wheelchair":"yes"}},"geometry":{"type":"Point","coordinates":[18.0431703,59.2632879]}},{"type":"Feature","properties":{"id":2102543054,"osm_type":"node","name":"Coop Högdalen","category":"grocery","tags":{"addr:city":"Bandhagen","addr:country":"SE","addr:housenumber":"19","addr:postcode":"124 54","addr:street":"Högdalsgången","brand":"Coop","brand:wikidata":"Q106684510","internet_access":"yes","level":"0","name":"Coop Högdalen","opening_hours":"Mo-Su 07:00-22:00","payment:cash":"yes","payment:credit_cards":"yes","shop":"supermarket","wheelchair":"yes"}},"geometry":{"type":"Point","coordinates":[18.0402122,59.2637164]}},{"type":"Feature","properties":{"id":2119663381,"osm_type":"node","name":"Hemköp Solna Ulriksdal","category":"grocery","tags":{"addr:city":"Solna","addr:country":"SE","addr:housenumber":"53","addr:street":"Bagartorpsringen","brand":"Hemköp","brand:wikidata":"Q10521746","brand:wikipedia":"sv:Hemköp","check_date":"2025-12-06","check_date:opening_hours":"2025-12-06","contact:email":"info.solna.ulriksdal@hemkop.se","contact:phone":"+46812439860","contact:website":"https://www.hemkop.se/butik/4647","name":"Hemköp Solna Ulriksdal","opening_hours":"Mo-Fr 07:00-21:00; Sa,Su 10:00-21:00","payment:cash":"yes","shop":"supermarket","wheelchair":"yes"}},"geometry":{"type":"Point","coordinates":[17.9992,59.3808]}},{"type":"Feature","properties":{"id":2133604325,"osm_type":"node","name":"Lisebergs Livs","category":"grocery","tags":{"addr:city":"Älvsjö","addr:country":"SE","addr:housenumber":"31","addr:postcode":"12546","addr:street":"Annebodavägen","name":"Lisebergs Livs","opening_hours":"Mo-Fr 09:00-19:00; Sa 10:00-18:00; Su 10:00-16:00","operator":"nära dej","phone":"+46 8 86 36 10","shop":"convenience","wheelchair":"yes"}},"geometry":{"type":"Point","coordinates":[18.0262647,59.2875953]}},{"type":"Feature","properties":{"id":2137164821,"osm_type":"node","name":"Direkten","category":"grocery","tags":{"addr:city":"Nacka Strand","addr:country":"SE","addr:housenumber":"16","addr:postcode":"131 52","addr:street":"Augustendalsvägen","brand":"Direkten","brand:wikidata":"Q105693281","entrance":"main","name":"Direkten","shop":"convenience"}},"geometry":{"type":"Point","coordinates":[18.1604291,59.3163409]}},{"type":"Feature","properties":{"id":2137322616,"osm_type":"node","name":"ICA Nära","category":"grocery","tags":{"brand":"ICA Nära","brand:wikidata":"Q1663776","brand:wikipedia":"sv:Ica","name":"ICA Nära","opening_hours":"Mo-Fr 08:00-22:00; Sa, Su 09:00-22:00","payment:cash":"yes","shop":"supermarket","wheelchair":"yes"}},"geometry":{"type":"Point","coordinates":[18.0650803,59.4362108]}},{"type":"Feature","properties":{"id":2173437271,"osm_type":"node","name":"Coop Bagarmossen","category":"grocery","tags":{"addr:city":"Bagarmossen","addr:country":"SE","addr:housenumber":"7","addr:postcode":"128 45","addr:street":"Svartågatan","brand":"Coop","brand:wikidata":"Q106684510","check_date":"2025-01-26","name":"Coop Bagarmossen","opening_hours":"Mo-Fr 07:00-22:00; Sa-Su 8:00-22:00","shop":"supermarket","source":"Local knowledge"}},"geometry":{"type":"Point","coordinates":[18.1320168,59.2768576]}},{"type":"Feature","properties":{"id":2184437556,"osm_type":"node","name":"Coop Finn Malmgren","category":"grocery","tags":{"addr:country":"SE","addr:housenumber":"11","addr:street":"Finn Malmgrens väg","brand":"Coop","brand:wikidata":"Q106684510","name":"Coop Finn Malmgren","opening_hours":"07:00-22:00","post_office":"post_partner","post_office:operator":"Postnord","shop":"supermarket","website":"https://www.coop.se/butiker-erbjudanden/coop/coop-finn-malmgren","wheelchair":"yes"}},"geometry":{"type":"Point","coordinates":[18.1012608,59.2954323]}},{"type":"Feature","properties":{"id":2200133486,"osm_type":"node","name":"Matöppet Ekensberg","category":"grocery","tags":{"name":"Matöppet Ekensberg","name:sv":"Handlar'n Ekensberg","opening_hours":"Mo-Su 08:00-21:00","shop":"convenience","website":"https://www.matoppet.se"}},"geometry":{"type":"Point","coordinates":[17.9895966,59.3141574]}},{"type":"Feature","properties":{"id":2222858138,"osm_type":"node","name":"7-Eleven","category":"grocery","tags":{"brand":"7-Eleven","brand:wikidata":"Q259340","brand:wikipedia":"en:7-Eleven","check_date":"2025-09-05","contact:phone":"+468150083","contact:website":"https://7-eleven.se","name":"7-Eleven","opening_hours":"Mo-Fr 07:00-18:00; Sa-Su closed","shop":"convenience"}},"geometry":{"type":"Point","coordinates":[18.0547205,59.3651151]}},{"type":"Feature","properties":{"id":2238199856,"osm_type":"node","name":"Tempo Hjorthagen","category":"grocery","tags":{"check_date":"2025-11-11","email":"info.stockholm.hjorthagen@tempo.se","name":"Tempo Hjorthagen","opening_hours":"Mo-Fr 07:00-21:00; Sa-Su 08:00-21:00","operator":"Tempo","phone":"08-460 076 20","shop":"supermarket"}},"geometry":{"type":"Point","coordinates":[18.0997211,59.3553338]}},{"type":"Feature","properties":{"id":2258713126,"osm_type":"node","name":"Älvsjö livs","category":"grocery","tags":{"name":"Älvsjö livs","shop":"convenience"}},"geometry":{"type":"Point","coordinates":[18.0087743,59.2796713]}},{"type":"Feature","properties":{"id":2268290794,"osm_type":"node","name":"MyWay","category":"grocery","tags":{"name":"MyWay","opening_hours":"Mo-Fr 06:15-20:00; Sa 09:00-19:00; Su 10:00-18:00","shop":"convenience","source":"survey"}},"geometry":{"type":"Point","coordinates":[18.042844,59.3901633]}},{"type":"Feature","properties":{"id":2270006180,"osm_type":"node","name":"Coop Skarpnäck","category":"grocery","tags":{"addr:city":"Skarpnäck","addr:country":"SE","addr:housenumber":"18","addr:postcode":"12832","addr:street":"Pilotgatan","brand":"Coop","brand:wikidata":"Q106684510","name":"Coop Skarpnäck","opening_hours":"Mo-Fr 07:00-22:00; Sa,Su 09:00-22:00","phone":"010-7417400","shop":"supermarket","website":"https://www.coop.se/Butiker-varor--erbjudanden/Butiker-import/Coop-Nara/Coop-Nara-Skarpnack-Enskede/","wheelchair":"yes"}},"geometry":{"type":"Point","coordinates":[18.1350524,59.2659755]}},{"type":"Feature","properties":{"id":2284766607,"osm_type":"node","name":"Ababil","category":"grocery","tags":{"level":"0","name":"Ababil","shop":"convenience","source":"knowledge"}},"geometry":{"type":"Point","coordinates":[17.9211656,59.2851404]}},{"type":"Feature","properties":{"id":2284766640,"osm_type":"node","name":"Ica Sätra","category":"grocery","tags":{"brand":"ICA Nära","brand:wikidata":"Q1663776","brand:wikipedia":"sv:Ica","level":"0","name":"Ica Sätra","opening_hours":"Mo-Su 08:00-21:00","shop":"supermarket","source":"knowledge"}},"geometry":{"type":"Point","coordinates":[17.9215537,59.285038]}},{"type":"Feature","properties":{"id":2291233622,"osm_type":"node","name":"Thailandstorget","category":"grocery","tags":{"check_date":"2024-02-14","name":"Thailandstorget","opening_hours":"Mo 11:00-17:00; Tu-Fr 10:30-19:00; Sa-Su 11:00-18:00","shop":"convenience"}},"geometry":{"type":"Point","coordinates":[18.0819103,59.2558318]}},{"type":"Feature","properties":{"id":2291422064,"osm_type":"node","name":"7-Eleven","category":"grocery","tags":{"brand":"7-Eleven","brand:wikidata":"Q259340","brand:wikipedia":"en:7-Eleven","check_date":"2025-12-05","check_date:opening_hours":"2025-12-05","contact:phone":"+4686783312","contact:website":"http://www.7-eleven.se/","name":"7-Eleven","opening_hours":"Mo-Th 07:00-23:00, Fr 07:00-03:00, Sa 09:00-03:00, Su 11:00-18:00","operator":"7-Eleven","shop":"convenience"}},"geometry":{"type":"Point","coordinates":[18.0747064,59.3349746]}},{"type":"Feature","properties":{"id":2298649902,"osm_type":"node","name":"Livs och sånt","category":"grocery","tags":{"addr:city":"Hägersten","addr:country":"SE","addr:housenumber":"64","addr:postcode":"126 38","addr:street":"Korpmossevägen","name":"Livs och sånt","shop":"convenience"}},"geometry":{"type":"Point","coordinates":[17.990382,59.2912078]}},{"type":"Feature","properties":{"id":2304099676,"osm_type":"node","name":"Plusen","category":"grocery","tags":{"name":"Plusen","opening_hours":"Mo-Su 08:00-20:00","shop":"supermarket"}},"geometry":{"type":"Point","coordinates":[17.9392834,59.2233233]}},{"type":"Feature","properties":{"id":2354110639,"osm_type":"node","name":"Ica Kvantum Haninge","category":"grocery","tags":{"brand":"ICA Kvantum","brand:wikidata":"Q1663776","brand:wikipedia":"sv:Ica","check_date:opening_hours":"2024-10-07","name":"Ica Kvantum Haninge","opening_hours":"Mo-Su 08:00-21:00","shop":"supermarket"}},"geometry":{"type":"Point","coordinates":[18.1692972,59.1721694]}},{"type":"Feature","properties":{"id":2364185207,"osm_type":"node","name":"Matöppet Sickla","category":"grocery","tags":{"addr:city":"Nacka","addr:country":"SE","addr:housenumber":"11","addr:postcode":"131 35","addr:street":"Alphyddevägen","entrance":"yes","name":"Matöppet Sickla","opening_hours":"Mo-Su 07:00-23:00","shop":"convenience"}},"geometry":{"type":"Point","coordinates":[18.1249062,59.3075337]}},{"type":"Feature","properties":{"id":2371693628,"osm_type":"node","name":"OKQ8","category":"grocery","tags":{"name":"OKQ8","shop":"convenience","source":"survey"}},"geometry":{"type":"Point","coordinates":[18.1200338,59.3691159]}},{"type":"Feature","properties":{"id":2372959411,"osm_type":"node","name":"Sabis Näsby Park","category":"grocery","tags":{"name":"Sabis Näsby Park","shop":"supermarket","website":"https://www.sabis.se/butiker/nasby-park/"}},"geometry":{"type":"Point","coordinates":[18.0950134,59.4305495]}},{"type":"Feature","properties":{"id":2376866322,"osm_type":"node","name":"Handlarn","category":"grocery","tags":{"check_date:opening_hours":"2024-07-01","name":"Handlarn","opening_hours":"Mo-Fr 07:00-22:00; Sa,Su 09:00-22:00","shop":"convenience","wheelchair":"yes"}},"geometry":{"type":"Point","coordinates":[18.1092963,59.3059931]}},{"type":"Feature","properties":{"id":2392157499,"osm_type":"node","name":"Willys Stockholm Fridhemsplan","category":"grocery","tags":{"brand":"Willys","brand:wikidata":"Q10720214","brand:wikipedia":"sv:Willys","check_date":"2025-11-16","check_date:opening_hours":"2025-11-16","level":"-1","name":"Willys Stockholm Fridhemsplan","opening_hours":"07:00-22:00","phone":"+46842003380","shop":"supermarket","website":"https://www.willys.se/butik/2258"}},"geometry":{"type":"Point","coordinates":[18.0330947,59.3345555]}},{"type":"Feature","properties":{"id":2417324699,"osm_type":"node","name":"ICA Nära Duvbo","category":"grocery","tags":{"branch":"ICA Nära","brand":"ICA Nära","brand:wikidata":"Q1663776","brand:wikipedia":"sv:Ica","name":"ICA Nära Duvbo","opening_hours":"Mo-Fr 07:00-22:00; Sa,Su 08:00-22:00","shop":"supermarket"}},"geometry":{"type":"Point","coordinates":[17.9648867,59.3677582]}},{"type":"Feature","properties":{"id":2434308953,"osm_type":"node","name":"Handlar'n","category":"grocery","tags":{"addr:city":"Sundbyberg","addr:housenumber":"14A","addr:postcode":"174 63","addr:street":"Ursviks allé","brand":"Handlar'n","brand:wikidata":"Q10517161","name":"Handlar'n","opening_hours":"Mo-Th 07:00-22:00; Fr 07:00-23:00; Sa 09:00-23:00; Su 09:00-23:00","phone":"+46 8-403 777 79","shop":"convenience","toilets:wheelchair":"no","wheelchair":"yes"}},"geometry":{"type":"Point","coordinates":[17.9455917,59.3842593]}},{"type":"Feature","properties":{"id":2459685229,"osm_type":"node","name":"Selme livs","category":"grocery","tags":{"addr:city":"Hägersten","addr:country":"SE","addr:housenumber":"11","addr:postcode":"129 36","addr:street":"Selmedalsringen","name":"Selme livs","shop":"convenience"}},"geometry":{"type":"Point","coordinates":[17.9810812,59.307084]}},{"type":"Feature","properties":{"id":2463808318,"osm_type":"node","name":"ICA Kvantum Värtan","category":"grocery","tags":{"brand":"ICA Kvantum","brand:wikidata":"Q1663776","brand:wikipedia":"sv:Ica","name":"ICA Kvantum Värtan","opening_hours":"Mo-Su 08:00-22:00","shop":"supermarket"}},"geometry":{"type":"Point","coordinates":[18.1132634,59.347186]}},{"type":"Feature","properties":{"id":2488368944,"osm_type":"node","name":"Björkhagens Livs","category":"grocery","tags":{"addr:city":"Johanneshov","addr:country":"SE","addr:housenumber":"9","addr:postcode":"12149","addr:street":"Båstadsvägen","name":"Björkhagens Livs","old_name":"Björkens Livs","shop":"convenience"}},"geometry":{"type":"Point","coordinates":[18.112464,59.2938503]}},{"type":"Feature","properties":{"id":2489815938,"osm_type":"node","name":"Hemköp Stockholm Birger Jarl","category":"grocery","tags":{"brand":"Hemköp","brand:wikidata":"Q10521746","check_date":"2025-12-04","check_date:opening_hours":"2025-12-04","contact:email":"info.stockholm.birger.jarl@hemkop.se","contact:phone":"+4686746160","contact:website":"https://www.hemkop.se/butik/4150","name":"Hemköp Stockholm Birger Jarl","opening_hours":"Mo-Su 07:00-23:00","payment:cash":"yes","shop":"supermarket","wheelchair":"yes"}},"geometry":{"type":"Point","coordinates":[18.0639526,59.3419827]}},{"type":"Feature","properties":{"id":2507420662,"osm_type":"node","name":"Abrahams Livs","category":"grocery","tags":{"name":"Abrahams Livs","phone":"+46-8-6452330","shop":"convenience"}},"geometry":{"type":"Point","coordinates":[17.9949363,59.3092453]}},{"type":"Feature","properties":{"id":2532773926,"osm_type":"node","name":"Hemköp Stockholm Torsplan","category":"grocery","tags":{"brand":"Hemköp","brand:wikidata":"Q10521746","brand:wikipedia":"sv:Hemköp","check_date":"2025-11-30","check_date:opening_hours":"2025-11-30","contact:email":"info.stockholm.torsplan@hemkop.se","contact:phone":"+46812139430","contact:website":"https://www.hemkop.se/butik/4190","name":"Hemköp Stockholm Torsplan","opening_hours":"Mo-Su 07:00-23:00","shop":"supermarket"}},"geometry":{"type":"Point","coordinates":[18.033715,59.3464164]}},{"type":"Feature","properties":{"id":2560497486,"osm_type":"node","name":"Matgrossen Högdalen","category":"grocery","tags":{"addr:city":"Bandhagen","addr:housenumber":"1","addr:postcode":"124 54","addr:street":"Högdalsgången","check_date:opening_hours":"2021-09-21","name":"Matgrossen Högdalen","opening_hours":"Mo-Fr 08:00-21:00; Sa-Su 09:00-20:00","operator":"Högdalens Matbutik AB","phone":"073-760 95 91","shop":"supermarket","website":"https://www.hogdalencentrum.se/butiker/dagligvaror/1007876/hogdalens-matbutik-ab","wheelchair":"limited"}},"geometry":{"type":"Point","coordinates":[18.0433936,59.2630532]}},{"type":"Feature","properties":{"id":2575887490,"osm_type":"node","name":"Willys Stockholm Port 73","category":"grocery","tags":{"addr:city":"Haninge","addr:country":"SE","addr:housenumber":"21","addr:street":"Nynäsvägen","brand":"Willys","brand:wikidata":"Q10720214","brand:wikipedia":"sv:Willys","check_date:opening_hours":"2025-07-12","name":"Willys Stockholm Port 73","opening_hours":"Mo-Sa 08:00-21:00; Su 09:00-21:00","phone":"08-12135620","shop":"supermarket","website":"https://www.willys.se/butik/2252"}},"geometry":{"type":"Point","coordinates":[18.1475101,59.1787882]}},{"type":"Feature","properties":{"id":2612397592,"osm_type":"node","name":"7-Eleven","category":"grocery","tags":{"brand":"7-Eleven","brand:wikidata":"Q259340","brand:wikipedia":"en:7-Eleven","check_date":"2022-06-20","name":"7-Eleven","opening_hours":"Mo-Su 07:00-23:00","operator":"7-Eleven","phone":"+46 8 273280","shop":"convenience","website":"http://www.7-eleven.se/","wheelchair":"limited"}},"geometry":{"type":"Point","coordinates":[17.9985089,59.358694]}},{"type":"Feature","properties":{"id":2617602951,"osm_type":"node","name":"Livs","category":"grocery","tags":{"name":"Livs","shop":"supermarket"}},"geometry":{"type":"Point","coordinates":[18.0311636,59.2554313]}},{"type":"Feature","properties":{"id":2633893659,"osm_type":"node","name":"Coop Centralen","category":"grocery","tags":{"addr:city":"Stockholm","addr:country":"SE","addr:housenumber":"1","addr:street":"Centralplan","brand":"Coop","brand:wikidata":"Q106684510","check_date":"2025-12-03","check_date:opening_hours":"2025-12-03","contact:phone":"+46107419870","contact:website":"https://www.coop.se/butiker-erbjudanden/coop/coop-centralen/","level":"-1","name":"Coop Centralen","opening_hours":"Mo-Su 06:00-23:30","payment:credit_cards":"yes","payment:debit_cards":"yes","shop":"supermarket","wheelchair":"yes"}},"geometry":{"type":"Point","coordinates":[18.0584272,59.3301138]}},{"type":"Feature","properties":{"id":2654882682,"osm_type":"node","name":"Matkanonen Sollentuna","category":"grocery","tags":{"addr:city":"Sollentuna","addr:country":"SE","addr:housenumber":"29","addr:postcode":"19160","addr:street":"Tingsvägen","addr:unit":"D","contact:email":"info@sollentunagross.se","contact:phone":"+468350307","contact:website":"https://www.facebook.com/sollentunagross/","name":"Matkanonen Sollentuna","opening_hours":"Mo-Su 09:00-21:00","payment:cash":"yes","payment:debit_cards":"yes","shop":"supermarket"}},"geometry":{"type":"Point","coordinates":[17.9440256,59.4292533]}},{"type":"Feature","properties":{"id":2694358778,"osm_type":"node","name":"Tempo","category":"grocery","tags":{"name":"Tempo","shop":"convenience"}},"geometry":{"type":"Point","coordinates":[18.1378762,59.3079594]}},{"type":"Feature","properties":{"id":2703186238,"osm_type":"node","name":"","category":"grocery","tags":{"shop":"convenience"}},"geometry":{"type":"Point","coordinates":[18.1864279,59.1927721]}},{"type":"Feature","properties":{"id":2707818041,"osm_type":"node","name":"Årstabergs livs","category":"grocery","tags":{"name":"Årstabergs livs","opening_hours":"Mo-Su 09:00-21:00","shop":"convenience"}},"geometry":{"type":"Point","coordinates":[18.0341504,59.2988255]}},{"type":"Feature","properties":{"id":2709199639,"osm_type":"node","name":"Matöppet","category":"grocery","tags":{"brand":"Matöppet","brand:wikidata":"Q10578618","name":"Matöppet","opening_hours":"Mo-Fr 07:00-21:00; Sa,Su 09:00-21:00","shop":"convenience"}},"geometry":{"type":"Point","coordinates":[17.9571845,59.2178894]}},{"type":"Feature","properties":{"id":2723624806,"osm_type":"node","name":"ICA Nära","category":"grocery","tags":{"addr:city":"Bandhagen","addr:country":"SE","addr:housenumber":"5","addr:postcode":"124 34","addr:street":"Bandhagsplan","branch":"Bandhagen","brand":"ICA Nära","brand:wikidata":"Q1663776","brand:wikipedia":"sv:Ica","name":"ICA Nära","opening_hours":"Mo-Su 08:00-22:00","phone":"+468 64 73 233","shop":"supermarket","website":"https://www.ica.se/butiker/nara/stockholm/ica-nara-bandhagen-1283/start/","wheelchair":"yes"}},"geometry":{"type":"Point","coordinates":[18.0490861,59.2700049]}},{"type":"Feature","properties":{"id":2772268018,"osm_type":"node","name":"Carolas lilla trädgård","category":"grocery","tags":{"name":"Carolas lilla trädgård","shop":"greengrocer"}},"geometry":{"type":"Point","coordinates":[17.9861085,59.281012]}},{"type":"Feature","properties":{"id":2783564685,"osm_type":"node","name":"Japan Food & Kitchen","category":"grocery","tags":{"amenity":"restaurant","check_date":"2024-05-14","check_date:opening_hours":"2024-02-12","contact:facebook":"https://www.facebook.com/jfkshopjapan","contact:instagram":"https://www.instagram.com/jfkshop","cuisine":"japanese","diet:vegetarian":"yes","name":"Japan Food & Kitchen","opening_hours":"Mo-Fr 11:00-18:00; Sa 11:00-15:00","phone":"+46 8 343 815","shop":"convenience","wheelchair":"yes"}},"geometry":{"type":"Point","coordinates":[18.0650166,59.3134274]}},{"type":"Feature","properties":{"id":2805529802,"osm_type":"node","name":"Brandbergens Delikatesser","category":"grocery","tags":{"name":"Brandbergens Delikatesser","opening_hours":"Mo-Su 09:00-21:00","shop":"convenience"}},"geometry":{"type":"Point","coordinates":[18.1694481,59.1716366]}},{"type":"Feature","properties":{"id":2807952079,"osm_type":"node","name":"Handlarn","category":"grocery","tags":{"addr:city":"Enskededalen","addr:street":"Sofielundsvägen","name":"Handlarn","opening_hours":"Mo-Fr 08:00-22:00; Sa 10:00-22:00; Su 10:00-21:00","shop":"supermarket"}},"geometry":{"type":"Point","coordinates":[18.0934695,59.2894478]}},{"type":"Feature","properties":{"id":2815016755,"osm_type":"node","name":"ICA Supermarket Sjöstaden","category":"grocery","tags":{"addr:city":"Stockholm","addr:housenumber":"49","addr:postcode":"120 30","addr:street":"Hammarby Allé","alt_name":"Ica Sjöstaden","brand":"ICA Supermarket","brand:wikidata":"Q1663776","brand:wikipedia":"sv:Ica","check_date:opening_hours":"2025-07-15","name":"ICA Supermarket Sjöstaden","opening_hours":"07:00-22:00","phone":"08-4427470","shop":"supermarket","website":"https://www.ica.se/butiker/supermarket/stockholm/ica-supermarket-sjostaden-1003754/","wheelchair":"yes"}},"geometry":{"type":"Point","coordinates":[18.0883676,59.3029946]}},{"type":"Feature","properties":{"id":2889260990,"osm_type":"node","name":"Pressbyrån","category":"grocery","tags":{"check_date":"2025-12-13","check_date:opening_hours":"2025-12-13","contact:phone":"+468843130","contact:website":"https://www.pressbyran.se","name":"Pressbyrån","opening_hours":"Mo-Fr 06:00-21:00; Sa,Su 09:00-19:00","shop":"convenience"}},"geometry":{"type":"Point","coordinates":[18.055557,59.3098853]}},{"type":"Feature","properties":{"id":2937010183,"osm_type":"node","name":"Normal","category":"grocery","tags":{"name":"Normal","shop":"convenience"}},"geometry":{"type":"Point","coordinates":[18.1537851,59.2176005]}},{"type":"Feature","properties":{"id":2988601074,"osm_type":"node","name":"Konsum","category":"grocery","tags":{"name":"Konsum","shop":"convenience","website":"https://www.skansen.se/sv/konsumbutiken","wikidata":"Q10547753","wikimedia_commons":"Category:Konsumbutiken, Skansen","wikipedia":"sv:Konsumbutiken, Skansen"}},"geometry":{"type":"Point","coordinates":[18.1002192,59.3263268]}},{"type":"Feature","properties":{"id":3052572024,"osm_type":"node","name":"ICA Kvantum Farsta","category":"grocery","tags":{"addr:city":"Farsta","addr:country":"SE","addr:housenumber":"2","addr:postcode":"12347","addr:street":"Storöplan","brand":"ICA Kvantum","brand:wikidata":"Q1663776","brand:wikipedia":"sv:Ica","check_date:opening_hours":"2025-07-20","contact:phone":"+46 8 447 56 80","name":"ICA Kvantum Farsta","opening_hours":"Mo-Su 08:00-22:00","shop":"supermarket","website":"https://www.ica.se/butiker/kvantum/stockholm/ica-kvantum-farsta-14993/start/","wheelchair":"yes"}},"geometry":{"type":"Point","coordinates":[18.0892246,59.2422164]}},{"type":"Feature","properties":{"id":3089463758,"osm_type":"node","name":"Direkten","category":"grocery","tags":{"branch":"Svea","brand":"Direkten","brand:wikidata":"Q105693281","check_date":"2022-06-03","name":"Direkten","shop":"convenience","website":"https://direkten.se/butik/svea/"}},"geometry":{"type":"Point","coordinates":[18.0503753,59.3490973]}},{"type":"Feature","properties":{"id":3111710626,"osm_type":"node","name":"Lidl","category":"grocery","tags":{"brand":"Lidl","brand:wikidata":"Q151954","brand:wikipedia":"en:Lidl","check_date":"2025-11-14","check_date:opening_hours":"2025-11-14","contact:website":"https://www.lidl.se/s/sv-SE/butiker/stockholm/sankt-eriksgatan-113/","name":"Lidl","opening_hours":"Mo-Fr 08:00-21:00, Sa 08:00-20:00, Su 09:00-20:00","shop":"supermarket","wheelchair":"yes"}},"geometry":{"type":"Point","coordinates":[18.0396,59.3460827]}},{"type":"Feature","properties":{"id":3125745497,"osm_type":"node","name":"Damascus deli","category":"grocery","tags":{"check_date":"2023-07-13","name":"Damascus deli","shop":"convenience"}},"geometry":{"type":"Point","coordinates":[18.0704837,59.3461305]}},{"type":"Feature","properties":{"id":3176830561,"osm_type":"node","name":"närlivs","category":"grocery","tags":{"addr:country":"SE","addr:housenumber":"4","addr:street":"Bällstaågatan","check_date":"2024-01-03","last_check":"2021-01-28","name":"närlivs","shop":"convenience"}},"geometry":{"type":"Point","coordinates":[17.9531126,59.364268]}},{"type":"Feature","properties":{"id":3176874461,"osm_type":"node","name":"Direkten","category":"grocery","tags":{"addr:city":"Bromma","addr:country":"SE","addr:postcode":"168 71","addr:street":"Pippi Långstrumps Gata","branch":"Annedal","brand":"Direkten","brand:wikidata":"Q105693281","check_date":"2023-12-20","name":"Direkten","shop":"convenience"}},"geometry":{"type":"Point","coordinates":[17.9461995,59.36371]}},{"type":"Feature","properties":{"id":3339996892,"osm_type":"node","name":"Midsommarparkens Livs","category":"grocery","tags":{"name":"Midsommarparkens Livs","opening_hours":"Mo-Fr 09:00-21:00, Sa,Su 10:00-20:00","shop":"convenience"}},"geometry":{"type":"Point","coordinates":[18.0118757,59.3009166]}},{"type":"Feature","properties":{"id":3350546423,"osm_type":"node","name":"Maxi ICA Stormarknad Haninge","category":"grocery","tags":{"brand":"Maxi ICA Stormarknad","brand:wikidata":"Q1663776","brand:wikipedia":"sv:Ica","name":"Maxi ICA Stormarknad Haninge","opening_hours":"Mo-Su 07:00-22:00","payment:cash":"yes","shop":"supermarket","short_name":"ICA Maxi","website":"https://www.ica.se/butiker/maxi/haninge/maxi-ica-stormarknad-haninge-9563/start/","wheelchair":"yes"}},"geometry":{"type":"Point","coordinates":[18.1576055,59.1813721]}},{"type":"Feature","properties":{"id":3385841920,"osm_type":"node","name":"MyWay","category":"grocery","tags":{"amenity":"post_office","name":"MyWay","post_office:type":"post_partner","shop":"convenience"}},"geometry":{"type":"Point","coordinates":[17.966547,59.2940056]}},{"type":"Feature","properties":{"id":3402696471,"osm_type":"node","name":"Hagis handel","category":"grocery","tags":{"addr:city":"Bandhagen","addr:country":"SE","addr:housenumber":"8","addr:postcode":"124 73","addr:street":"Kvarntorpsgränd","name":"Hagis handel","opening_hours":"Mo-Sa 09:00-21:00; Su 09:00-20:00","payment:cash":"yes","phone":"+46 8 749 39 30","shop":"convenience","wheelchair":"yes"}},"geometry":{"type":"Point","coordinates":[18.012551,59.261993]}},{"type":"Feature","properties":{"id":3402696485,"osm_type":"node","name":"MatDax","category":"grocery","tags":{"addr:city":"Bandhagen","addr:country":"SE","addr:housenumber":"7-11","addr:postcode":"124 73","addr:street":"Hagsätra Torg","check_date:opening_hours":"2026-03-06","name":"MatDax","opening_hours":"Mo-Su 07:00-22:00","payment:cash":"yes","payment:contactless":"yes","payment:debit_cards":"yes","phone":"+46 8 867215","shop":"supermarket","website":"https://www.matdax.se/"}},"geometry":{"type":"Point","coordinates":[18.014827,59.262297]}},{"type":"Feature","properties":{"id":3561824232,"osm_type":"node","name":"EG-hallen","category":"grocery","tags":{"check_date:opening_hours":"2022-12-12","name":"EG-hallen","opening_hours":"Mo-Fr 08:00-22:00","shop":"convenience"}},"geometry":{"type":"Point","coordinates":[18.0099047,59.3627989]}},{"type":"Feature","properties":{"id":3563621594,"osm_type":"node","name":"Hökarängens tobak","category":"grocery","tags":{"name":"Hökarängens tobak","shop":"convenience"}},"geometry":{"type":"Point","coordinates":[18.0813696,59.2570291]}},{"type":"Feature","properties":{"id":3585558593,"osm_type":"node","name":"Järva Gross","category":"grocery","tags":{"addr:city":"Spånga","addr:country":"SE","addr:housenumber":"15","addr:postcode":"16362","addr:street":"Krällingegränd","name":"Järva Gross","opening_hours":"08:00-22:00","shop":"supermarket"}},"geometry":{"type":"Point","coordinates":[17.916169,59.3944313]}},{"type":"Feature","properties":{"id":3613053920,"osm_type":"node","name":"Ica Nära Älvsjö","category":"grocery","tags":{"addr:city":"Älvsjö","addr:country":"SE","addr:housenumber":"181","addr:postcode":"12556","addr:street":"Svartlösavägen","brand":"ICA Nära","brand:wikidata":"Q1663776","brand:wikipedia":"sv:Ica","name":"Ica Nära Älvsjö","opening_hours":"PH,Mo-Su 08:00-22:00","shop":"supermarket"}},"geometry":{"type":"Point","coordinates":[17.9779185,59.2726121]}},{"type":"Feature","properties":{"id":3631991403,"osm_type":"node","name":"Coop","category":"grocery","tags":{"brand":"Coop","brand:wikidata":"Q106684510","check_date":"2025-12-13","check_date:opening_hours":"2025-12-13","contact:website":"https://www.coop.se/016037","name":"Coop","opening_hours":"Mo-Fr 07:00-22:00;Sa-Su 08:00-22:00","shop":"supermarket"}},"geometry":{"type":"Point","coordinates":[18.0847822,59.31389]}},{"type":"Feature","properties":{"id":3648954848,"osm_type":"node","name":"ICA Nära Annedal","category":"grocery","tags":{"brand":"ICA Nära","brand:wikidata":"Q1663776","brand:wikipedia":"sv:Ica","check_date:opening_hours":"2022-04-24","name":"ICA Nära Annedal","opening_hours":"07:00-22:00","operator":"ICA","shop":"supermarket"}},"geometry":{"type":"Point","coordinates":[17.9490899,59.3610384]}},{"type":"Feature","properties":{"id":3696210530,"osm_type":"node","name":"ICA Supermarket","category":"grocery","tags":{"brand":"ICA Supermarket","brand:wikidata":"Q1663776","brand:wikipedia":"sv:Ica","name":"ICA Supermarket","opening_hours":"Mo-Sa 08:00-22:00","phone":"+46 8 771 15 30","shop":"supermarket","website":"https://www.ica.se/butiker/supermarket/huddinge/ica-supermarket-skogas-1169/start/"}},"geometry":{"type":"Point","coordinates":[18.1531992,59.2177839]}},{"type":"Feature","properties":{"id":3696210532,"osm_type":"node","name":"Matrix","category":"grocery","tags":{"name":"Matrix","opening_hours":"Mo-Su 08:00-22:00","phone":"+46 8 771 66 60","shop":"supermarket"}},"geometry":{"type":"Point","coordinates":[18.1530553,59.2177532]}},{"type":"Feature","properties":{"id":3723792929,"osm_type":"node","name":"Kärrtorpshallens orientlivs","category":"grocery","tags":{"name":"Kärrtorpshallens orientlivs","shop":"convenience"}},"geometry":{"type":"Point","coordinates":[18.115373,59.284149]}},{"type":"Feature","properties":{"id":3770678438,"osm_type":"node","name":"7-Eleven","category":"grocery","tags":{"brand":"7-Eleven","brand:wikidata":"Q259340","brand:wikipedia":"en:7-Eleven","name":"7-Eleven","opening_hours":"Mo-Fr 06:00-24:00;Sa-Su 07:00-24:00","operator":"7-Eleven","phone":"+46-8-6490018","shop":"convenience","website":"http://www.7-eleven.se/","wheelchair":"no"}},"geometry":{"type":"Point","coordinates":[18.102749,59.2952656]}},{"type":"Feature","properties":{"id":3771423137,"osm_type":"node","name":"7-Eleven","category":"grocery","tags":{"brand":"7-Eleven","brand:wikidata":"Q259340","brand:wikipedia":"en:7-Eleven","check_date":"2025-11-30","check_date:opening_hours":"2025-11-30","contact:phone":"+46841092557","contact:website":"http://www.7-eleven.se/","name":"7-Eleven","opening_hours":"Mo-Th 07:00-23:00; Fr 07:00-01:00; Sa 08:00-01:00; Su 09:00-21:00","operator":"7-Eleven","shop":"convenience","wheelchair":"limited"}},"geometry":{"type":"Point","coordinates":[18.0596316,59.3452029]}},{"type":"Feature","properties":{"id":3775349655,"osm_type":"node","name":"7-Eleven","category":"grocery","tags":{"brand":"7-Eleven","brand:wikidata":"Q259340","brand:wikipedia":"en:7-Eleven","check_date":"2025-12-01","check_date:opening_hours":"2025-12-01","contact:phone":"+4684117408","contact:website":"http://www.7-eleven.se/","name":"7-Eleven","opening_hours":"Mo-Th 06:00-21:00; Fr 06:00-22:00; Sa 08:00-22:00; Su 10:00-17:00","operator":"7-Eleven","shop":"convenience","wheelchair":"yes"}},"geometry":{"type":"Point","coordinates":[18.071149,59.3336523]}},{"type":"Feature","properties":{"id":3811784554,"osm_type":"node","name":"Ica Nära Trångsund","category":"grocery","tags":{"brand":"ICA Nära","brand:wikidata":"Q1663776","brand:wikipedia":"sv:Ica","name":"Ica Nära Trångsund","opening_hours":"08:00-22:00","operator":"ica","shop":"supermarket","wheelchair":"yes"}},"geometry":{"type":"Point","coordinates":[18.1311823,59.2280519]}},{"type":"Feature","properties":{"id":3876645345,"osm_type":"node","name":"Brandbergens livs","category":"grocery","tags":{"name":"Brandbergens livs","opening_hours":"Mo-Fr 08:00-20:00; Sa,Su 09:00-20:00","shop":"supermarket"}},"geometry":{"type":"Point","coordinates":[18.170397,59.172391]}},{"type":"Feature","properties":{"id":3978335389,"osm_type":"node","name":"7-Eleven","category":"grocery","tags":{"brand":"7-Eleven","brand:wikidata":"Q259340","check_date":"2019-12-09","name":"7-Eleven","shop":"convenience"}},"geometry":{"type":"Point","coordinates":[18.033207,59.3349551]}},{"type":"Feature","properties":{"id":3978808401,"osm_type":"node","name":"Götahallen","category":"grocery","tags":{"name":"Götahallen","opening_hours":"08:00-22:00","shop":"supermarket"}},"geometry":{"type":"Point","coordinates":[18.032981,59.295324]}},{"type":"Feature","properties":{"id":3978808404,"osm_type":"node","name":"Trekantens minilivs","category":"grocery","tags":{"check_date":"2023-08-19","name":"Trekantens minilivs","shop":"convenience"}},"geometry":{"type":"Point","coordinates":[18.0183344,59.3138585]}},{"type":"Feature","properties":{"id":4013808449,"osm_type":"node","name":"Handlar'n","category":"grocery","tags":{"brand":"Handlar'n","brand:wikidata":"Q10517161","layer":"-1","level":"-1","name":"Handlar'n","shop":"convenience"}},"geometry":{"type":"Point","coordinates":[18.0665986,59.3470381]}},{"type":"Feature","properties":{"id":4013808455,"osm_type":"node","name":"T-Snabben","category":"grocery","tags":{"check_date":"2026-04-23","layer":"-1","name":"T-Snabben","opening_hours":"Mo-Fr 06:30-21:00; Sa-Su 09:00-19:00","phone":"+46 8 612 18 95","shop":"supermarket"}},"geometry":{"type":"Point","coordinates":[18.0714647,59.3455269]}},{"type":"Feature","properties":{"id":4020607817,"osm_type":"node","name":"Onsdagslivs","category":"grocery","tags":{"name":"Onsdagslivs","opening_hours":"Mo-Fr 07:00-20:00; Sa 08:00-20:00; Su 08:00-19:00","phone":"+46-86053470","shop":"convenience"}},"geometry":{"type":"Point","coordinates":[18.0906549,59.258823]}},{"type":"Feature","properties":{"id":4027968596,"osm_type":"node","name":"Hemköp Solna Mall Of Scandinavia","category":"grocery","tags":{"brand":"Hemköp","brand:wikidata":"Q10521746","brand:wikipedia":"sv:Hemköp","check_date":"2025-09-14","email":"info.solna.mall.of.scandinavia@hemkop.se","level":"0","name":"Hemköp Solna Mall Of Scandinavia","opening_hours":"Mo-Su 07:00-22:00","phone":"+46855760200","shop":"supermarket","website":"https://www.hemkop.se/butik/4197","wheelchair":"yes"}},"geometry":{"type":"Point","coordinates":[18.0048,59.3696]}},{"type":"Feature","properties":{"id":4027968597,"osm_type":"node","name":"ICA Kvantum Mall of Scandinavia","category":"grocery","tags":{"brand":"ICA Kvantum","brand:wikidata":"Q1663776","brand:wikipedia":"sv:Ica","check_date":"2025-09-14","email":"conny.x.johansson@kvantum.ica.se","level":"0","name":"ICA Kvantum Mall of Scandinavia","opening_hours":"Mo-Su 07:00-22:00","phone":"+4686308300","shop":"supermarket","website":"https://www.ica.se/butiker/kvantum/solna/ica-kvantum-mall-of-scandinavia-1004581/","wheelchair":"yes"}},"geometry":{"type":"Point","coordinates":[18.0049901,59.3697374]}},{"type":"Feature","properties":{"id":4050297533,"osm_type":"node","name":"Coop Vasalund","category":"grocery","tags":{"addr:city":"Solna","addr:country":"SE","addr:housenumber":"27","addr:postcode":"16959","addr:street":"Södra Långgatan","brand":"Coop","brand:wikidata":"Q106684510","check_date:opening_hours":"2021-09-07","name":"Coop Vasalund","old_name":"Coop Nära Vasalund","opening_hours":"Mo-Fr 07:00-22:00; Sa-Su 09:00-22:00","shop":"supermarket","website":"https://www.coop.se/butiker-erbjudanden/coop-nara/coop-nara-vasalund/","wheelchair":"yes"}},"geometry":{"type":"Point","coordinates":[18.0043563,59.3645709]}},{"type":"Feature","properties":{"id":4087736666,"osm_type":"node","name":"ICA Nära Finnboda","category":"grocery","tags":{"addr:city":"Nacka","addr:country":"SE","addr:housenumber":"12","addr:postcode":"131 72","addr:street":"Finnboda Varvsväg","brand":"ICA Nära","brand:wikidata":"Q1663776","brand:wikipedia":"sv:Ica","name":"ICA Nära Finnboda","opening_hours":"08:00-22:00","operator":"ICA","phone":"+46 8 46505440","shop":"supermarket","website":"https://www.ica.se/butiker/nara/nacka/ica-nara-finnboda-15182/start/"}},"geometry":{"type":"Point","coordinates":[18.1237938,59.3147857]}},{"type":"Feature","properties":{"id":4122527772,"osm_type":"node","name":"ICA Nära Ynglingagatan","category":"grocery","tags":{"brand":"ICA Nära","brand:wikidata":"Q1663776","brand:wikipedia":"sv:Ica","check_date":"2025-11-29","check_date:opening_hours":"2025-11-29","contact:phone":"+468343646","contact:website":"https://www.ica.se/butiker/nara/stockholm/ica-nara-ynglingagatan-1003813/","name":"ICA Nära Ynglingagatan","opening_hours":"Mo-Fr 07:00-22:00; Sa-Su 09:00-22:00","operator":"ICA","shop":"supermarket"}},"geometry":{"type":"Point","coordinates":[18.046845,59.3490682]}},{"type":"Feature","properties":{"id":4328291089,"osm_type":"node","name":"Direkten","category":"grocery","tags":{"brand":"Direkten","brand:wikidata":"Q105693281","check_date":"2026-02-01","name":"Direkten","opening_hours":"Mo-Sa 10:00-21:00; PH,Su 12:00-19:00","shop":"convenience"}},"geometry":{"type":"Point","coordinates":[18.0470593,59.2984664]}},{"type":"Feature","properties":{"id":4466737081,"osm_type":"node","name":"Palla","category":"grocery","tags":{"check_date:opening_hours":"2024-08-24","name":"Palla","opening_hours:signed":"no","shop":"convenience","website":"https://www.palla.se/"}},"geometry":{"type":"Point","coordinates":[18.0903178,59.3150268]}},{"type":"Feature","properties":{"id":4501809923,"osm_type":"node","name":"Willys Hemma Stockholm Torsplan","category":"grocery","tags":{"brand":"Willys","brand:wikidata":"Q10720214","brand:wikipedia":"sv:Willys","check_date":"2025-11-30","check_date:opening_hours":"2025-11-30","contact:phone":"+46840017970","contact:website":"https://www.willys.se/butik/stockholm/willys-hemma-torsplan-2848","name":"Willys Hemma Stockholm Torsplan","opening_hours":"Mo-Su 08:00-21:00","operator":"Willys Hemma","shop":"supermarket","wheelchair":"yes"}},"geometry":{"type":"Point","coordinates":[18.0321762,59.3458174]}},{"type":"Feature","properties":{"id":4616665702,"osm_type":"node","name":"Maxi ICA Stormarknad Flemingsberg","category":"grocery","tags":{"addr:city":"Huddinge","addr:country":"SE","addr:housenumber":"40","addr:postcode":"141 51","addr:street":"Ebba Bååts torg","brand":"Maxi ICA Stormarknad","brand:wikidata":"Q1663776","brand:wikipedia":"sv:Ica","check_date":"2025-09-01","name":"Maxi ICA Stormarknad Flemingsberg","opening_hours":"Mo-Su 07:00-22:00","phone":"+46 08 799 06 00","shop":"supermarket","short_name":"ICA Maxi","website":"https://www.ica.se/butiker/maxi/huddinge/maxi-ica-stormarknad-flemingsberg-1003430/"}},"geometry":{"type":"Point","coordinates":[17.9488026,59.2185844]}},{"type":"Feature","properties":{"id":4666232729,"osm_type":"node","name":"ICA Supermarket Ektorp","category":"grocery","tags":{"addr:city":"Nacka","addr:country":"SE","addr:housenumber":"10","addr:postcode":"131 47","addr:street":"Gamla Landsvägen","brand":"ICA Supermarket","brand:wikidata":"Q1663776","brand:wikipedia":"sv:Ica","level":"0","name":"ICA Supermarket Ektorp","opening_hours":"Mo-Su 08:00-22:00","phone":"+46-8-7184317","shop":"supermarket","website":"https://www.ica.se/butiker/supermarket/nacka/ica-supermarket-ektorp-1317/","wheelchair":"limited"}},"geometry":{"type":"Point","coordinates":[18.2031162,59.3118209]}},{"type":"Feature","properties":{"id":4706455475,"osm_type":"node","name":"Hagens ombud","category":"grocery","tags":{"check_date:opening_hours":"2024-06-05","name":"Hagens ombud","opening_hours":"Mo-Fr 08:00-20:00; Sa 10:00-17:00; Su off","shop":"convenience"}},"geometry":{"type":"Point","coordinates":[18.0056556,59.3378678]}},{"type":"Feature","properties":{"id":4727957968,"osm_type":"node","name":"Hemköp Nacka Forum","category":"grocery","tags":{"addr:city":"Nacka","addr:housenumber":"14","addr:postcode":"13153","addr:street":"Forumvägen","brand":"Hemköp","brand:wikidata":"Q10521746","brand:wikipedia":"sv:Hemköp","level":"0","name":"Hemköp Nacka Forum","opening_hours":"Mo-Su 07:00-22:00","operator":"Westfield","phone":"08-460 071 70","shop":"supermarket","website":"https://www.hemkop.se/butik/4201"}},"geometry":{"type":"Point","coordinates":[18.1649044,59.3108663]}},{"type":"Feature","properties":{"id":4756139246,"osm_type":"node","name":"Årsta Thai livs","category":"grocery","tags":{"name":"Årsta Thai livs","opening_hours":"Mo-Fr 11:00-18:30; Sa,Su 11:00-18:00","shop":"convenience"}},"geometry":{"type":"Point","coordinates":[18.0565304,59.2997241]}},{"type":"Feature","properties":{"id":4756402491,"osm_type":"node","name":"Direkten","category":"grocery","tags":{"brand":"Direkten","brand:wikidata":"Q105693281","check_date":"2025-11-29","check_date:opening_hours":"2025-11-29","contact:email":"hornsbergs.strand@direkten.se","contact:phone":"+4686190011","contact:website":"https://direkten.se/butik/hornsbergs-strand/","name":"Direkten","opening_hours":"Mo-Su,PH 10:00-22:00","shop":"convenience"}},"geometry":{"type":"Point","coordinates":[18.0083339,59.3404381]}},{"type":"Feature","properties":{"id":4852088326,"osm_type":"node","name":"Malins Kiosk","category":"grocery","tags":{"name":"Malins Kiosk","name:sv":"Malins Kiosk","phone":"+46 87302859","shop":"convenience"}},"geometry":{"type":"Point","coordinates":[17.9991511,59.3558218]}},{"type":"Feature","properties":{"id":4863554779,"osm_type":"node","name":"Wai Shing Asian Trading Livs","category":"grocery","tags":{"check_date:opening_hours":"2025-01-19","name":"Wai Shing Asian Trading Livs","opening_hours":"Mo-Fr 10:00-19:00; Sa 10:00-18:00; Su 12:00-17:00","shop":"convenience","wheelchair":"limited"}},"geometry":{"type":"Point","coordinates":[17.999846,59.3578703]}},{"type":"Feature","properties":{"id":4868240380,"osm_type":"node","name":"Coop Norra Djurgårdsstaden","category":"grocery","tags":{"branch":"Norra Djurgårdsstaden","brand":"Coop","brand:wikidata":"Q106684510","check_date":"2025-11-11","check_date:opening_hours":"2025-03-04","name":"Coop Norra Djurgårdsstaden","opening_hours":"Mo-Fr 07:00-22:00; Sa-Su 08:00-22:00","phone":"010-7416632","shop":"supermarket","website":"https://www.coop.se/butiker-erbjudanden/coop/coop-norra-djurgardsstaden/","wheelchair":"yes"}},"geometry":{"type":"Point","coordinates":[18.0910677,59.3586351]}},{"type":"Feature","properties":{"id":4988600612,"osm_type":"node","name":"Rissne Deli","category":"grocery","tags":{"name":"Rissne Deli","shop":"convenience"}},"geometry":{"type":"Point","coordinates":[17.9413054,59.3756291]}},{"type":"Feature","properties":{"id":5002776966,"osm_type":"node","name":"Lidl","category":"grocery","tags":{"brand":"Lidl","brand:wikidata":"Q151954","brand:wikipedia":"en:Lidl","check_date":"2025-05-06","check_date:opening_hours":"2025-05-06","name":"Lidl","opening_hours":"Mo-Fr 08:00-21:00; Sa 08:00-20:00; Su 09:00-20:00","shop":"supermarket"}},"geometry":{"type":"Point","coordinates":[17.9491379,59.2183069]}},{"type":"Feature","properties":{"id":5077285330,"osm_type":"node","name":"Ica Nära","category":"grocery","tags":{"branch":"Sergel","brand":"ICA Nära","brand:wikidata":"Q1663776","brand:wikipedia":"sv:Ica","check_date":"2025-12-02","check_date:opening_hours":"2025-12-02","contact:phone":"+4684404680","contact:website":"https://www.ica.se/butiker/nara/stockholm/ica-nara-sergels-torg-12805/butikserbjudanden/","email":"order.sergelstorg@nara.ica.se","level":"-1","name":"Ica Nära","opening_hours":"Mo-Fr 07:00-22:00; Sa-Su 09:00-22:00","operator":"ICA","shop":"supermarket"}},"geometry":{"type":"Point","coordinates":[18.0629243,59.3321058]}},{"type":"Feature","properties":{"id":5105103624,"osm_type":"node","name":"Solna Frukt & Grönt","category":"grocery","tags":{"name":"Solna Frukt & Grönt","opening_hours":"Mo-Fr 09:00-19:00; Sa 10:00-17:00","shop":"greengrocer","wheelchair":"limited"}},"geometry":{"type":"Point","coordinates":[17.9990022,59.3583923]}},{"type":"Feature","properties":{"id":5126267926,"osm_type":"node","name":"Liljeholmens servicecenter","category":"grocery","tags":{"name":"Liljeholmens servicecenter","shop":"convenience"}},"geometry":{"type":"Point","coordinates":[18.0235102,59.3113013]}},{"type":"Feature","properties":{"id":5158570559,"osm_type":"node","name":"ICA Nära Årstadal","category":"grocery","tags":{"brand":"ICA Nära","brand:wikidata":"Q1663776","name":"ICA Nära Årstadal","opening_hours":"Mo-Su 07:00-23:00","operator":"ICA","shop":"supermarket","website":"https://www.ica.se/butiker/nara/stockholm/ica-nara-arstadal-15215/start/"}},"geometry":{"type":"Point","coordinates":[18.0251194,59.3059912]}},{"type":"Feature","properties":{"id":5272588841,"osm_type":"node","name":"Direkten","category":"grocery","tags":{"brand":"Direkten","brand:wikidata":"Q105693281","name":"Direkten","shop":"convenience"}},"geometry":{"type":"Point","coordinates":[18.029504,59.3069715]}},{"type":"Feature","properties":{"id":5279239367,"osm_type":"node","name":"Hallonbergen matcenter","category":"grocery","tags":{"check_date":"2025-02-15","name":"Hallonbergen matcenter","opening_hours":"Mo-Fr 08:00-20:00; Sa-Su 09:00-19:00","phone":"+46 86283105","shop":"supermarket","source":"survey","wheelchair":"yes"}},"geometry":{"type":"Point","coordinates":[17.9695024,59.3751779]}},{"type":"Feature","properties":{"id":5359969740,"osm_type":"node","name":"ICA Supermarket Rotebro","category":"grocery","tags":{"addr:city":"Sollentuna","addr:country":"SE","addr:housenumber":"1","addr:postcode":"19278","addr:street":"Bollstanäsvägen","brand":"ICA Supermarket","brand:wikidata":"Q1663776","name":"ICA Supermarket Rotebro","opening_hours":"Mo-Su 08:00-21:00","phone":"+46842003800","shop":"supermarket","website":"https://www.ica.se/butiker/supermarket/stockholm/ica-supermarket-rotebro-1178010/"}},"geometry":{"type":"Point","coordinates":[17.917121,59.4848465]}},{"type":"Feature","properties":{"id":5371216698,"osm_type":"node","name":"Stora Coop Rotebro","category":"grocery","tags":{"addr:city":"Sollentuna","addr:country":"SE","addr:housenumber":"1","addr:postcode":"19268","addr:street":"Konsumentvägen","brand":"Coop","brand:wikidata":"Q106684510","check_date":"2025-12-14","check_date:opening_hours":"2025-12-14","contact:website":"https://www.coop.se/butiker-erbjudanden/stora-coop/stora-coop-rotebro/","name":"Stora Coop Rotebro","opening_hours":"Mo-Su 08:00-22:00","shop":"supermarket","toilets":"yes"}},"geometry":{"type":"Point","coordinates":[17.9161981,59.4712181]}},{"type":"Feature","properties":{"id":5371216699,"osm_type":"node","name":"Willys Sollentuna Rotebro","category":"grocery","tags":{"addr:city":"Sollentuna","addr:country":"SE","addr:housenumber":"1","addr:postcode":"19268","addr:street":"Konsumentvägen","brand":"Willys","brand:wikidata":"Q10720214","brand:wikipedia":"sv:Willys","check_date":"2025-12-14","check_date:opening_hours":"2025-12-14","contact:email":"+4684443940","contact:website":"https://www.willys.se/butik/sollentuna/willys-rotebro-2228","name":"Willys Sollentuna Rotebro","opening_hours":"Mo-Sa 08:00-21:00; Su 09:00-21:00","operator":"Willys","payment:cash":"yes","payment:credit_cards":"yes","payment:debit_cards":"yes","shop":"supermarket"}},"geometry":{"type":"Point","coordinates":[17.9160289,59.4710561]}},{"type":"Feature","properties":{"id":5459854523,"osm_type":"node","name":"Myway","category":"grocery","tags":{"name":"Myway","opening_hours":"Mo-Fr 06:00-21:00; Sa,Su 10:00-17:00","shop":"convenience"}},"geometry":{"type":"Point","coordinates":[18.0578611,59.3128709]}},{"type":"Feature","properties":{"id":5644743540,"osm_type":"node","name":"ICA Supermarket Telefonplan","category":"grocery","tags":{"addr:housenumber":"87","addr:street":"Tellusborgsvägen","brand":"ICA Supermarket","brand:wikidata":"Q1663776","brand:wikipedia":"sv:Ica","check_date:opening_hours":"2026-02-28","name":"ICA Supermarket Telefonplan","opening_hours":"Mo-Su 07:00-23:00","payment:cash":"yes","payment:mastercard":"yes","payment:visa":"yes","shop":"supermarket"}},"geometry":{"type":"Point","coordinates":[18.0014892,59.2966808]}},{"type":"Feature","properties":{"id":5663219278,"osm_type":"node","name":"Willys Hemma Stockholm Nacka","category":"grocery","tags":{"addr:city":"Nacka","addr:country":"SE","addr:housenumber":"12","addr:street":"Forumvägen","brand":"Willys","brand:wikidata":"Q10720214","brand:wikipedia":"sv:Willys","check_date":"2025-04-16","level":"-1","name":"Willys Hemma Stockholm Nacka","opening_hours":"Mo-Su 08:00-20:00","phone":"08-55611660","shop":"supermarket","website":"https://www.willys.se/butik/2822"}},"geometry":{"type":"Point","coordinates":[18.1653,59.3089]}},{"type":"Feature","properties":{"id":5694849305,"osm_type":"node","name":"Coop Hammarby Sjöstad","category":"grocery","tags":{"brand":"Coop","brand:wikidata":"Q106684510","name":"Coop Hammarby Sjöstad","opening_hours":"Mo-Fr 07:00-22:00; Sa-Su 08:00-22:00","operator":"Coop","phone":"010-7418020","shop":"supermarket","website":"https://www.coop.se/butiker-erbjudanden/coop/coop-hammarby-sjostad/","wheelchair":"yes"}},"geometry":{"type":"Point","coordinates":[18.1027385,59.3025202]}},{"type":"Feature","properties":{"id":6017784724,"osm_type":"node","name":"Hemköp Stockholm Gullmarsplan","category":"grocery","tags":{"brand":"Hemköp","brand:wikidata":"Q10521746","brand:wikipedia":"sv:Hemköp","name":"Hemköp Stockholm Gullmarsplan","opening_hours":"Mo-Su 07:00-23:00","phone":"08-916900","shop":"supermarket","website":"https://www.hemkop.se/butik/4628","wheelchair":"no"}},"geometry":{"type":"Point","coordinates":[18.0790858,59.2983705]}},{"type":"Feature","properties":{"id":6183476805,"osm_type":"node","name":"Hela Rubbet","category":"grocery","tags":{"addr:city":"Sundbyberg","addr:country":"SE","addr:housenumber":"77","addr:postcode":"172 65","addr:street":"Landsvägen","name":"Hela Rubbet","shop":"convenience"}},"geometry":{"type":"Point","coordinates":[17.9629057,59.3604953]}},{"type":"Feature","properties":{"id":6352261907,"osm_type":"node","name":"Lidl","category":"grocery","tags":{"addr:city":"Solna","addr:country":"SE","addr:housenumber":"2A","addr:street":"Bibliotekstorget","brand":"Lidl","brand:wikidata":"Q151954","brand:wikipedia":"en:Lidl","check_date":"2026-02-12","level":"-1","name":"Lidl","opening_hours":"Mo-Fr 08:00-21:00; Sa 08:00-20:00; Su 09:00-20:00","shop":"supermarket","wheelchair":"yes"}},"geometry":{"type":"Point","coordinates":[18.0012196,59.3597055]}},{"type":"Feature","properties":{"id":6352917803,"osm_type":"node","name":"Lidl","category":"grocery","tags":{"branch":"Östermalm","brand":"Lidl","brand:wikidata":"Q151954","check_date":"2025-12-08","check_date:opening_hours":"2025-12-08","contact:website":"https://www.lidl.se/s/sv-SE/butiker/stockholm/sibyllegatan-8/","name":"Lidl","opening_hours":"Mo-Su 08:00-21:00","shop":"supermarket"}},"geometry":{"type":"Point","coordinates":[18.0804218,59.3363624]}},{"type":"Feature","properties":{"id":6450813485,"osm_type":"node","name":"","category":"grocery","tags":{"check_date:opening_hours":"2024-05-06","name:signed":"no","opening_hours:signed":"no","shop":"greengrocer"}},"geometry":{"type":"Point","coordinates":[17.9383028,59.3384109]}},{"type":"Feature","properties":{"id":6450813486,"osm_type":"node","name":"","category":"grocery","tags":{"check_date:opening_hours":"2024-05-06","name:signed":"no","opening_hours:signed":"no","organic":"yes","shop":"greengrocer"}},"geometry":{"type":"Point","coordinates":[17.9384315,59.3383541]}},{"type":"Feature","properties":{"id":6482470630,"osm_type":"node","name":"ICA Supermarket Västermalmsgallerian","category":"grocery","tags":{"brand":"ICA Supermarket","brand:wikidata":"Q1663776","brand:wikipedia":"sv:Ica","check_date":"2025-11-11","name":"ICA Supermarket Västermalmsgallerian","opening_hours":"Mo-Fr 07:00-22:00; Sa, Su 08:00-22:00","operator":"ICA","shop":"supermarket","website":"https://www.ica.se/butiker/supermarket/stockholm/ica-supermarket-vastermalmsgallerian-11063/start/"}},"geometry":{"type":"Point","coordinates":[18.0322992,59.3348287]}},{"type":"Feature","properties":{"id":6653696486,"osm_type":"node","name":"Sunny Delikatess","category":"grocery","tags":{"addr:city":"Stockholm","addr:housenumber":"10","addr:postcode":"115 44","addr:street":"Lövängsgatan","check_date":"2025-11-11","email":"sunnydelikatess@gmail.com","name":"Sunny Delikatess","opening_hours":"Mo-Fr 10:00-20:00; Sa 09:00-18:00; Su 10:00-17:00","phone":"+46 735301638","shop":"greengrocer","website":"https://sunnydelikatess.se"}},"geometry":{"type":"Point","coordinates":[18.0886558,59.3538847]}},{"type":"Feature","properties":{"id":6759144898,"osm_type":"node","name":"Coop Kvarnholmen","category":"grocery","tags":{"addr:city":"Nacka","addr:country":"SE","addr:housenumber":"92","addr:street":"Kvarnholmsvägen","brand":"Coop","brand:wikidata":"Q106684510","name":"Coop Kvarnholmen","phone":"010-7412980","shop":"supermarket","website":"https://www.coop.se/butiker-erbjudanden/coop/coop-kvarnholmen/"}},"geometry":{"type":"Point","coordinates":[18.1395778,59.3165046]}},{"type":"Feature","properties":{"id":6838918871,"osm_type":"node","name":"ICA Nära Björknäs","category":"grocery","tags":{"addr:city":"Saltsjö-Boo","addr:country":"SE","addr:housenumber":"25","addr:postcode":"132 40","addr:street":"Björknäs Torg","brand":"ICA Nära","brand:wikidata":"Q1663776","brand:wikipedia":"sv:Ica","name":"ICA Nära Björknäs","opening_hours":"Mo-Su 08:00-22:00","shop":"supermarket","website":"https://www.ica.se/butiker/nara/nacka/ica-nara-bjorknas-14714/start/"}},"geometry":{"type":"Point","coordinates":[18.2292513,59.3156096]}},{"type":"Feature","properties":{"id":6939389983,"osm_type":"node","name":"","category":"grocery","tags":{"shop":"convenience"}},"geometry":{"type":"Point","coordinates":[17.9118456,59.3675766]}},{"type":"Feature","properties":{"id":6949287619,"osm_type":"node","name":"Goodstore","category":"grocery","tags":{"check_date":"2025-12-11","check_date:opening_hours":"2025-12-11","contact:website":"https://www.goodstore.se/","diet:vegan":"only","name":"Goodstore","opening_hours":"Mo-Fr 10:00-19:00; Sa 11:00-18:00; Su 12:00-17:00","shop":"convenience"}},"geometry":{"type":"Point","coordinates":[18.0749876,59.3129414]}},{"type":"Feature","properties":{"id":6982145932,"osm_type":"node","name":"ICA Kvantum Kungsholmen","category":"grocery","tags":{"brand":"ICA Kvantum","brand:wikidata":"Q1663776","brand:wikipedia":"sv:Ica","check_date":"2025-11-28","check_date:opening_hours":"2025-11-28","contact:email":"info.kungsholmen@kvantum.ica.se","contact:phone":"+46850077700","level":"-1","name":"ICA Kvantum Kungsholmen","opening_hours":"Mo-Su 07:00-22:00","operator":"ICA","shop":"supermarket"}},"geometry":{"type":"Point","coordinates":[18.044925,59.3331623]}},{"type":"Feature","properties":{"id":7035888241,"osm_type":"node","name":"OKQ8","category":"grocery","tags":{"brand":"OKQ8","check_date":"2019-12-05","name":"OKQ8","opening_hours":"Mo-Fr 07:00-18:00; Sa 08:00-14:00","shop":"convenience"}},"geometry":{"type":"Point","coordinates":[18.046817,59.3499133]}},{"type":"Feature","properties":{"id":7063094522,"osm_type":"node","name":"Kungsklippan Tobak 17","category":"grocery","tags":{"level":"-1","name":"Kungsklippan Tobak 17","shop":"convenience"}},"geometry":{"type":"Point","coordinates":[18.0467715,59.3303156]}},{"type":"Feature","properties":{"id":7063139281,"osm_type":"node","name":"Best of Africa","category":"grocery","tags":{"name":"Best of Africa","shop":"supermarket","wheelchair":"yes"}},"geometry":{"type":"Point","coordinates":[17.9481129,59.4025645]}},{"type":"Feature","properties":{"id":7077478416,"osm_type":"node","name":"Solna Centrum Tobak","category":"grocery","tags":{"level":"0","name":"Solna Centrum Tobak","shop":"convenience","wheelchair":"yes"}},"geometry":{"type":"Point","coordinates":[18.002659,59.3589957]}},{"type":"Feature","properties":{"id":7113861750,"osm_type":"node","name":"Direkten","category":"grocery","tags":{"brand":"Direkten","brand:wikidata":"Q105693281","check_date":"2024-05-22","name":"Direkten","shop":"convenience"}},"geometry":{"type":"Point","coordinates":[18.0540372,59.3460024]}},{"type":"Feature","properties":{"id":7303967621,"osm_type":"node","name":"Coop Hötorget","category":"grocery","tags":{"brand":"Coop","brand:wikidata":"Q106684510","check_date":"2025-12-01","check_date:opening_hours":"2025-12-01","level":"-1","name":"Coop Hötorget","opening_hours":"Mo-Fr 07:00-21:00; Sa,Su 09:00-21:00","payment:credit_cards":"yes","payment:debit_cards":"yes","shop":"supermarket","website":"https://www.coop.se/butiker-erbjudanden/coop/coop-hotorget/","wheelchair":"yes"}},"geometry":{"type":"Point","coordinates":[18.0638099,59.3353591]}},{"type":"Feature","properties":{"id":7633130556,"osm_type":"node","name":"","category":"grocery","tags":{"shop":"convenience"}},"geometry":{"type":"Point","coordinates":[18.0917061,59.2552374]}},{"type":"Feature","properties":{"id":7707748991,"osm_type":"node","name":"Grannens Närbutik","category":"grocery","tags":{"name":"Grannens Närbutik","opening_hours":"Mo-Su 10:00-20:00","shop":"convenience"}},"geometry":{"type":"Point","coordinates":[18.1216983,59.4447036]}},{"type":"Feature","properties":{"id":7867655022,"osm_type":"node","name":"Vega Servicebutik","category":"grocery","tags":{"addr:city":"Haninge","addr:country":"SE","addr:housenumber":"76","addr:postcode":"136 58","addr:street":"Vega allé","check_date:opening_hours":"2025-01-31","name":"Vega Servicebutik","opening_hours":"Mo-Fr 09:00-19:00; Sa 10:00-18:00; Su 10:00-17:00","phone":"+46 73 6730777","shop":"convenience","website":"https://direkten.se/butik/vega/"}},"geometry":{"type":"Point","coordinates":[18.1371184,59.1853931]}},{"type":"Feature","properties":{"id":7927662072,"osm_type":"node","name":"Lidl","category":"grocery","tags":{"addr:city":"Lidingö","addr:country":"SE","addr:housenumber":"20","addr:street":"Stockholmsvägen","brand":"Lidl","brand:wikidata":"Q151954","brand:wikipedia":"en:Lidl","name":"Lidl","opening_hours":"Mo-Fr 08:00-21:00; Sa 08:00-20:00; Su 09:00-20:00","shop":"supermarket"}},"geometry":{"type":"Point","coordinates":[18.1236364,59.3633802]}},{"type":"Feature","properties":{"id":7997062393,"osm_type":"node","name":"Coop Hagastaden","category":"grocery","tags":{"brand":"Coop","brand:wikidata":"Q106684510","check_date":"2025-12-06","check_date:opening_hours":"2025-12-06","contact:phone":"+46107419950","contact:website":"https://www.coop.se/butiker-erbjudanden/coop/coop-hagastaden","name":"Coop Hagastaden","opening_hours":"Mo-Su 07:00-23:00","operator":"Coop","payment:mastercard":"yes","payment:visa":"yes","shop":"supermarket"}},"geometry":{"type":"Point","coordinates":[18.036604,59.3479919]}},{"type":"Feature","properties":{"id":8121052974,"osm_type":"node","name":"City Gross","category":"grocery","tags":{"addr:city":"Sollentuna","addr:country":"SE","addr:housenumber":"61","addr:postcode":"19162","addr:street":"Bagarbyvägen","brand":"City Gross","brand:wikidata":"Q10453555","brand:wikipedia":"sv:City Gross","check_date":"2025-11-24","check_date:opening_hours":"2025-11-24","contact:email":"citygross.haggvik@citygross.se","contact:phone":"+46851838900","contact:website":"https://www.citygross.se/butiker/haggvik/","name":"City Gross","opening_hours":"Mo-Su 08:00-22:00","shop":"supermarket"}},"geometry":{"type":"Point","coordinates":[17.928751,59.4373452]}},{"type":"Feature","properties":{"id":8121052975,"osm_type":"node","name":"Willys","category":"grocery","tags":{"addr:city":"Sollentuna","addr:country":"SE","addr:housenumber":"61","addr:postcode":"19162","addr:street":"Bagarbyvägen","brand":"Willys","brand:wikidata":"Q10720214","brand:wikipedia":"sv:Willys","contact:phone":"+46850077930","contact:website":"https://www.willys.se/butik/sollentuna/willys-haggvik-2294","name":"Willys","opening_hours":"PH,Mo-Su 08:00-21:00","shop":"supermarket"}},"geometry":{"type":"Point","coordinates":[17.9281995,59.4372763]}},{"type":"Feature","properties":{"id":8299750631,"osm_type":"node","name":"Lidl","category":"grocery","tags":{"addr:city":"Arninge","brand":"Lidl","brand:wikidata":"Q151954","brand:wikipedia":"en:Lidl","name":"Lidl","opening_hours":"Mo-Sa 08:00-21:00; Su 09:00-21:00","shop":"supermarket","wheelchair":"yes"}},"geometry":{"type":"Point","coordinates":[18.1367895,59.4585588]}},{"type":"Feature","properties":{"id":8306041722,"osm_type":"node","name":"Aydi Livs","category":"grocery","tags":{"name":"Aydi Livs","opening_hours":"Mo-Fr 08:00-21:00; Sa-Su 09:00-21:00","shop":"convenience"}},"geometry":{"type":"Point","coordinates":[18.1355272,59.1666944]}},{"type":"Feature","properties":{"id":8306041728,"osm_type":"node","name":"Emar Polsk Minimarket","category":"grocery","tags":{"check_date":"2025-07-10","name":"Emar Polsk Minimarket","shop":"convenience"}},"geometry":{"type":"Point","coordinates":[18.1360584,59.1675763]}},{"type":"Feature","properties":{"id":8306041730,"osm_type":"node","name":"Handens livs","category":"grocery","tags":{"name":"Handens livs","shop":"convenience"}},"geometry":{"type":"Point","coordinates":[18.1361807,59.1678212]}},{"type":"Feature","properties":{"id":8870893017,"osm_type":"node","name":"ICA Nära Alléns","category":"grocery","tags":{"addr:city":"Täby","addr:country":"SE","addr:housenumber":"27","addr:postcode":"18352","addr:street":"Djursholmsvägen","brand":"ICA Nära","brand:wikidata":"Q1663776","brand:wikipedia":"sv:Ica","ele":"0","name":"ICA Nära Alléns","opening_hours":"Mo-Fr 07:00-22:00; Sa-Su 08:00-22:00","operator":"ICA","shop":"supermarket","stroller":"yes","website":"https://www.ica.se/butiker/nara/taby/ica-nara-allens-16240/start/"}},"geometry":{"type":"Point","coordinates":[18.0851836,59.4271574]}},{"type":"Feature","properties":{"id":8910624214,"osm_type":"node","name":"Minilivs Källan","category":"grocery","tags":{"addr:city":"Kista","addr:country":"SE","addr:housenumber":"10","addr:postcode":"164 55","addr:street":"Kista Gårdsväg","contact:tiktok":"https://www.tiktok.com/@user8892170238602","entrance":"yes","name":"Minilivs Källan","opening_hours":"Mo-Fr 08:00-20:00","shop":"convenience","wheelchair":"limited"}},"geometry":{"type":"Point","coordinates":[17.944877,59.4072203]}},{"type":"Feature","properties":{"id":8949396299,"osm_type":"node","name":"Axet livs","category":"grocery","tags":{"addr:city":"Bandhagen","addr:country":"SE","addr:housenumber":"2","addr:postcode":"124 66","addr:street":"Sköllerstagatan","internet_access":"no","name":"Axet livs","opening_hours":"Mo-Sa 09:00-22:00; Su 10:00-22:00","payment:cash":"yes","shop":"convenience"}},"geometry":{"type":"Point","coordinates":[18.0261357,59.2602714]}},{"type":"Feature","properties":{"id":9057038204,"osm_type":"node","name":"Thailaan","category":"grocery","tags":{"email":"liljeholmen@thailaan.se","level":"-1","name":"Thailaan","opening_hours":"Mo-Su 10:00-20:00","origin":"asian","phone":"+468 645 07 44","shop":"supermarket","website":"https://www.thailaan.se/"}},"geometry":{"type":"Point","coordinates":[18.0214941,59.3093456]}},{"type":"Feature","properties":{"id":9112053103,"osm_type":"node","name":"Maxi ICA Stormarknad Bromma","category":"grocery","tags":{"addr:city":"Bromma","addr:country":"SE","addr:housenumber":"4","addr:postcode":"16867","addr:street":"Köpsvängen","brand":"Maxi ICA Stormarknad","brand:wikidata":"Q1663776","brand:wikipedia":"sv:Ica","building:levels":"1","check_date":"2025-06-28","email":"info.stormarknad.bromma@maxi.ica.se","name":"Maxi ICA Stormarknad Bromma","opening_hours":"07:00-23:00","payment:mastercard":"yes","payment:visa":"yes","phone":"+46 8 599 800 00","shop":"supermarket","short_name":"ICA Maxi","toilets":"yes","toilets:handwashing":"yes","website":"https://www.ica.se/butiker/maxi/stockholm/maxi-ica-stormarknad-bromma-17115/start/","wheelchair":"yes"}},"geometry":{"type":"Point","coordinates":[17.9562145,59.3537504]}},{"type":"Feature","properties":{"id":9376242828,"osm_type":"node","name":"Solna Grossen","category":"grocery","tags":{"name":"Solna Grossen","shop":"supermarket"}},"geometry":{"type":"Point","coordinates":[18.006469,59.3522462]}},{"type":"Feature","properties":{"id":9417908826,"osm_type":"node","name":"","category":"grocery","tags":{"opening_hours":"Mo-Fr 11:30-18:00; Sa 11:00-17:00","shop":"supermarket"}},"geometry":{"type":"Point","coordinates":[18.0816151,59.3383905]}},{"type":"Feature","properties":{"id":9504440817,"osm_type":"node","name":"MyWay Kista T-bana Södra hallen","category":"grocery","tags":{"check_date":"2025-02-14","description:en":"In front of the subway ticket office","level":"2","name":"MyWay Kista T-bana Södra hallen","name:en":"Myway","name:sv":"MyWay Kista T-bana Södra hallen","shop":"convenience"}},"geometry":{"type":"Point","coordinates":[17.9420668,59.4033386]}},{"type":"Feature","properties":{"id":9507964661,"osm_type":"node","name":"Hemköp Sollentuna Sjöbergshallen","category":"grocery","tags":{"addr:city":"Sollentuna","addr:country":"SE","addr:housenumber":"25","addr:postcode":"192 56","addr:street":"Lomvägen","brand":"Hemköp","brand:wikidata":"Q10521746","brand:wikipedia":"sv:Hemköp","contact:phone":"+46850077230","contact:website":"https://www.hemkop.se/butik/4725","name":"Hemköp Sollentuna Sjöbergshallen","opening_hours":"Mo-Fr 07:00-22:00; Sa, Su 08:00-22:00","shop":"supermarket"}},"geometry":{"type":"Point","coordinates":[17.9992465,59.4308616]}},{"type":"Feature","properties":{"id":9608210354,"osm_type":"node","name":"Ursvik Livs","category":"grocery","tags":{"name":"Ursvik Livs","opening_hours":"Mo-Fr 09:00-22:00; Sa,Su 10:00-22:00","shop":"convenience"}},"geometry":{"type":"Point","coordinates":[17.9541967,59.3806707]}},{"type":"Feature","properties":{"id":9631576261,"osm_type":"node","name":"Matöppet","category":"grocery","tags":{"addr:postcode":"131 52","check_date":"2023-07-15","name":"Matöppet","opening_hours":"Mo-Su 08:00-20:00","shop":"supermarket"}},"geometry":{"type":"Point","coordinates":[18.1606785,59.3171795]}},{"type":"Feature","properties":{"id":9651725301,"osm_type":"node","name":"Coop Svandammsplan","category":"grocery","tags":{"brand":"Coop","brand:wikidata":"Q106684510","name":"Coop Svandammsplan","opening_hours":"Mo-Fr 07:00-22:00; Sa,Su 08:00-22:00","shop":"supermarket"}},"geometry":{"type":"Point","coordinates":[18.0032136,59.3010865]}},{"type":"Feature","properties":{"id":9744140645,"osm_type":"node","name":"96:an","category":"grocery","tags":{"name":"96:an","shop":"convenience"}},"geometry":{"type":"Point","coordinates":[17.9765954,59.2945266]}},{"type":"Feature","properties":{"id":9791341423,"osm_type":"node","name":"Rinkeby Matcenter","category":"grocery","tags":{"addr:city":"Spånga","addr:country":"SE","addr:housenumber":"8","addr:postcode":"163 73","addr:street":"Rinkeby Torget","contact:phone":"+46 8 363158","name":"Rinkeby Matcenter","opening_hours":"Mo-Fr 8:00-20:00; Sa-Su 9:00-19:00","shop":"supermarket"}},"geometry":{"type":"Point","coordinates":[17.9294354,59.3880468]}},{"type":"Feature","properties":{"id":9910302352,"osm_type":"node","name":"nära dej Älvsjö","category":"grocery","tags":{"addr:city":"Älvsjö","addr:country":"SE","addr:housenumber":"17","addr:postcode":"125 45","addr:street":"Kabelverksgatan","name":"nära dej Älvsjö","opening_hours":"24/7","payment:cash":"no","shop":"convenience","website":"https://www.menigo.se/nara-dej"}},"geometry":{"type":"Point","coordinates":[18.0031831,59.2816918]}},{"type":"Feature","properties":{"id":9919135154,"osm_type":"node","name":"AM Store","category":"grocery","tags":{"level":"-1","name":"AM Store","opening_hours":"Mo-Fr 09:00-21:00; Sa 09:00-20:00; Su 10:00-19:00","payment:cash":"yes","shop":"supermarket"}},"geometry":{"type":"Point","coordinates":[18.0637915,59.3324585]}},{"type":"Feature","properties":{"id":10039161126,"osm_type":"node","name":"Pocky Asian Market","category":"grocery","tags":{"check_date:opening_hours":"2024-02-28","description":"Asia Shop, Asiatische Lebensmittel","name":"Pocky Asian Market","opening_hours":"Mo-Fr 10:00-20:00; Sa 11:00-19:00; Su 12:00-18:00","payment:cash":"no","phone":"+468836683","shop":"supermarket"}},"geometry":{"type":"Point","coordinates":[18.0617387,59.3364139]}},{"type":"Feature","properties":{"id":10126084676,"osm_type":"node","name":"Hemköp Haninge Vega","category":"grocery","tags":{"addr:city":"Haninge","addr:country":"SE","addr:housenumber":"2","addr:street":"Vega Allé","brand":"Hemköp","brand:wikidata":"Q10521746","check_date:opening_hours":"2025-01-24","name":"Hemköp Haninge Vega","opening_hours":"Mo-Fr 06:00-22:00; Sa,Su 08:00-22:00","phone":"08-40077120","shop":"supermarket","website":"https://www.hemkop.se/butik/4751"}},"geometry":{"type":"Point","coordinates":[18.1445629,59.1868402]}},{"type":"Feature","properties":{"id":10129838036,"osm_type":"node","name":"ICA Nära","category":"grocery","tags":{"branch":"vega","brand":"ICA Nära","brand:wikidata":"Q1663776","check_date:opening_hours":"2024-10-26","name":"ICA Nära","opening_hours":"Mo-Fr 06:00-22:00; Sa,Su 08:00-22:00","shop":"supermarket"}},"geometry":{"type":"Point","coordinates":[18.1344929,59.1857437]}},{"type":"Feature","properties":{"id":10141676193,"osm_type":"node","name":"Lord Afrique","category":"grocery","tags":{"addr:city":"Bandhagen","addr:housenumber":"18","addr:postcode":"124 32","addr:street":"Bandhagsplan","name":"Lord Afrique","opening_hours":"Mon-Fri 10:00-19:00, Sat 10:00-18:00,Sun 10:00-17:00","origin":"Africa","phone":"+4686452497","shop":"convenience","website":"https://www.lordafrique.se/"}},"geometry":{"type":"Point","coordinates":[18.0502363,59.2694923]}},{"type":"Feature","properties":{"id":10172419499,"osm_type":"node","name":"Bandhagens tobak och kiosk","category":"grocery","tags":{"addr:city":"Bandhagen","addr:country":"SE","addr:housenumber":"4","addr:postcode":"124 32","addr:street":"Bandhagsplan","name":"Bandhagens tobak och kiosk","opening_hours":"Mo-Sa 09:00-21:00; Su 10:00-20:00","shop":"convenience","wheelchair":"no"}},"geometry":{"type":"Point","coordinates":[18.0490739,59.2698835]}},{"type":"Feature","properties":{"id":10239675796,"osm_type":"node","name":"Asian Food Market","category":"grocery","tags":{"check_date":"2024-11-02","name":"Asian Food Market","opening_hours":"Mo-Fr 09:00-21:00; Sa,Su 10:00-21:00","shop":"supermarket","website":"https://asianfood.nu/"}},"geometry":{"type":"Point","coordinates":[18.000667,59.3587775]}},{"type":"Feature","properties":{"id":10575448903,"osm_type":"node","name":"Hemköp Sickla Köpkvarter","category":"grocery","tags":{"addr:city":"Nacka","addr:country":"SE","addr:housenumber":"11","addr:postcode":"131 54","addr:street":"Järnvägsgatan","brand":"Hemköp","brand:wikidata":"Q10521746","level":"0","name":"Hemköp Sickla Köpkvarter","opening_hours":"Mo-Su 07:00-22:00","phone":"08-55760010","shop":"supermarket","website":"https://www.hemkop.se/butik/4753"}},"geometry":{"type":"Point","coordinates":[18.1234032,59.3061305]}},{"type":"Feature","properties":{"id":10683412360,"osm_type":"node","name":"Kalinka","category":"grocery","tags":{"cuisine":"russian","name":"Kalinka","shop":"convenience"}},"geometry":{"type":"Point","coordinates":[17.9690627,59.3752344]}},{"type":"Feature","properties":{"id":10697778860,"osm_type":"node","name":"Willys Huddinge Flemingsberg","category":"grocery","tags":{"addr:city":"Huddinge","addr:country":"SE","addr:housenumber":"7","addr:street":"Röntgenvägen","brand":"Willys","brand:wikidata":"Q10720214","check_date:opening_hours":"2025-11-30","name":"Willys Huddinge Flemingsberg","opening_hours":"Mo-Su 08:00-21:00","phone":"08-121 042 50","shop":"supermarket","website":"https://www.willys.se/butik/2332"}},"geometry":{"type":"Point","coordinates":[17.9393043,59.2229886]}},{"type":"Feature","properties":{"id":10711674452,"osm_type":"node","name":"Nära dej Fridens","category":"grocery","tags":{"addr:housenumber":"64","addr:street":"Fridensborgsvägen","name":"Nära dej Fridens","opening_hours":"Mo-Su 08:00-21:00","phone":"+46708987789","shop":"convenience","wheelchair":"yes"}},"geometry":{"type":"Point","coordinates":[17.9914514,59.3827602]}},{"type":"Feature","properties":{"id":10732884456,"osm_type":"node","name":"24-Sju Liljeholmskajen","category":"grocery","tags":{"brand":"Pizzabakeren","brand:wikidata":"Q11995777","cuisine":"pizza","name":"24-Sju Liljeholmskajen","opening_hours":"Mo-Su 00:00-23:59","phone":"+46739096799","shop":"convenience","takeaway":"yes","website":"https://www.24-sju.se/"}},"geometry":{"type":"Point","coordinates":[18.0358258,59.3056225]}},{"type":"Feature","properties":{"id":10760950480,"osm_type":"node","name":"Coop Tyresö","category":"grocery","tags":{"addr:city":"Tyresö","addr:country":"SE","addr:housenumber":"25","addr:street":"Marknadsgränd","brand":"Coop","brand:wikidata":"Q106684510","name":"Coop Tyresö","opening_hours":"Mo-Fr 06:00-21:00; Sa,Su 08:00-21:00","phone":"010-7418630","shop":"supermarket","website":"https://www.coop.se/butiker-erbjudanden/coop/coop-tyreso-centrum/"}},"geometry":{"type":"Point","coordinates":[18.2302032,59.2437318]}},{"type":"Feature","properties":{"id":10760950481,"osm_type":"node","name":"Ica Kvantum","category":"grocery","tags":{"brand":"ICA Kvantum","brand:wikidata":"Q1663776","name":"Ica Kvantum","opening_hours":"Mo-Su 07:00-22:00","shop":"supermarket"}},"geometry":{"type":"Point","coordinates":[18.2282423,59.2448612]}},{"type":"Feature","properties":{"id":10763308854,"osm_type":"node","name":"Coop Haningeterrassen","category":"grocery","tags":{"addr:city":"Handen","addr:country":"SE","addr:housenumber":"84","addr:street":"Nynäsvägen","brand":"Coop","brand:wikidata":"Q106684510","name":"Coop Haningeterrassen","phone":"010-7450380","shop":"supermarket","website":"https://www.coop.se/butiker-erbjudanden/coop/coop-haningeterrassen/"}},"geometry":{"type":"Point","coordinates":[18.1375908,59.1671797]}},{"type":"Feature","properties":{"id":10763308864,"osm_type":"node","name":"Coop Farsta Strand","category":"grocery","tags":{"addr:city":"Farsta","addr:country":"SE","addr:housenumber":"15","addr:street":"Farsta Strandplan","brand":"Coop","brand:wikidata":"Q106684510","name":"Coop Farsta Strand","phone":"010-7417830","shop":"supermarket","website":"https://www.coop.se/butiker-erbjudanden/coop/coop-farsta-strand/"}},"geometry":{"type":"Point","coordinates":[18.1020768,59.2350853]}},{"type":"Feature","properties":{"id":10763559246,"osm_type":"node","name":"Hemköp Vendelsö","category":"grocery","tags":{"addr:city":"Vendelsö","addr:country":"SE","addr:housenumber":"8","addr:street":"Sågenvägen","brand":"Hemköp","brand:wikidata":"Q10521746","name":"Hemköp Vendelsö","phone":"08-7760150","shop":"supermarket","website":"https://www.hemkop.se/butik/4616"}},"geometry":{"type":"Point","coordinates":[18.1915,59.1998]}},{"type":"Feature","properties":{"id":10763559247,"osm_type":"node","name":"Hemköp Tyresö Granängsringen","category":"grocery","tags":{"addr:city":"Tyresö","addr:country":"SE","addr:housenumber":"2","addr:street":"Granängsringen","brand":"Hemköp","brand:wikidata":"Q10521746","name":"Hemköp Tyresö Granängsringen","opening_hours":"Mo-Fr 07:00-22:00; Sa,Su 08:00-22:00","phone":"08-50077310","shop":"supermarket","website":"https://www.hemkop.se/butik/4741"}},"geometry":{"type":"Point","coordinates":[18.2295441,59.2380262]}},{"type":"Feature","properties":{"id":10763559248,"osm_type":"node","name":"Hemköp Farsta","category":"grocery","tags":{"addr:city":"Farsta","addr:country":"SE","addr:housenumber":"26","addr:street":"Farsta Torg","brand":"Hemköp","brand:wikidata":"Q10521746","name":"Hemköp Farsta","phone":"08-939410","shop":"supermarket","website":"https://www.hemkop.se/butik/4799"}},"geometry":{"type":"Point","coordinates":[18.0934,59.242]}},{"type":"Feature","properties":{"id":10763559250,"osm_type":"node","name":"Hemköp Haninge C","category":"grocery","tags":{"addr:city":"Haninge","addr:country":"SE","addr:housenumber":"26","addr:street":"Store Gränd","brand":"Hemköp","brand:wikidata":"Q10521746","name":"Hemköp Haninge C","opening_hours":"Mo-Fr 10:00-19:00; Sa 10:00-18:00; Su 11:00-17:00","phone":"08-4485830","shop":"supermarket","website":"https://www.hemkop.se/butik/4189"}},"geometry":{"type":"Point","coordinates":[18.1397,59.1687]}},{"type":"Feature","properties":{"id":10763789611,"osm_type":"node","name":"Willys Täby Centrum","category":"grocery","tags":{"addr:city":"Täby","addr:floor":"1","addr:street":"Täby C","brand":"Willys","brand:wikidata":"Q10720214","contact:phone":"+46846007360","contact:website":"https://www.willys.se/butik/2293","level":"1","name":"Willys Täby Centrum","opening_hours":"PH,Mo-Su 08:00-21:00","shop":"supermarket"}},"geometry":{"type":"Point","coordinates":[18.0737,59.4455]}},{"type":"Feature","properties":{"id":10763879500,"osm_type":"node","name":"Tempo Täby Roslags Näsby","category":"grocery","tags":{"addr:city":"Täby","addr:country":"SE","addr:housenumber":"64","addr:street":"Östra Banvägen","name":"Tempo Täby Roslags Näsby","shop":"supermarket"}},"geometry":{"type":"Point","coordinates":[18.0583422,59.4349651]}},{"type":"Feature","properties":{"id":10781350833,"osm_type":"node","name":"Trångsund Direkten","category":"grocery","tags":{"addr:city":"Trångsund","addr:country":"SE","addr:housenumber":"3","addr:postcode":"14260","addr:street":"Trångsundstorget","name":"Trångsund Direkten","shop":"supermarket"}},"geometry":{"type":"Point","coordinates":[18.1328548,59.2281107]}},{"type":"Feature","properties":{"id":10787113717,"osm_type":"node","name":"Kungsholms Strands livs","category":"grocery","tags":{"name":"Kungsholms Strands livs","opening_hours":"Mo-Fr 10:00-20:00; Sa,Su 10:00-21:00","shop":"convenience"}},"geometry":{"type":"Point","coordinates":[18.0051045,59.3388134]}},{"type":"Feature","properties":{"id":10814492692,"osm_type":"node","name":"Golden Leaves Sundbyberg","category":"grocery","tags":{"addr:housenumber":"39","addr:street":"Sturegatan","level":"0","name":"Golden Leaves Sundbyberg","shop":"greengrocer"}},"geometry":{"type":"Point","coordinates":[17.9668686,59.3634569]}},{"type":"Feature","properties":{"id":10828760367,"osm_type":"node","name":"","category":"grocery","tags":{"check_date":"2025-09-26","shop":"greengrocer"}},"geometry":{"type":"Point","coordinates":[18.0585926,59.3494935]}},{"type":"Feature","properties":{"id":10919542062,"osm_type":"node","name":"7-Eleven","category":"grocery","tags":{"brand":"7-Eleven","brand:wikidata":"Q259340","check_date":"2026-02-13","check_date:diet:gluten_free":"2026-02-13","diet:gluten_free":"no","level":"3","name":"7-Eleven","opening_hours":"Mo-Fr 07:00-18:00; Sa-Su closed","payment:cash":"yes","shop":"convenience","wheelchair":"yes"}},"geometry":{"type":"Point","coordinates":[18.0585462,59.3631122]}},{"type":"Feature","properties":{"id":10931274927,"osm_type":"node","name":"Asiensmat","category":"grocery","tags":{"check_date":"2023-08-22","name":"Asiensmat","opening_hours":"Mo-Fr 11:00-18:00; Sa-Su 12:00-17:00","shop":"supermarket","wheelchair":"no"}},"geometry":{"type":"Point","coordinates":[18.0682638,59.323921]}},{"type":"Feature","properties":{"id":11044209186,"osm_type":"node","name":"Himalaya livsmedelsbutik","category":"grocery","tags":{"check_date":"2023-07-13","name":"Himalaya livsmedelsbutik","shop":"convenience"}},"geometry":{"type":"Point","coordinates":[18.069436,59.3464577]}},{"type":"Feature","properties":{"id":11046699762,"osm_type":"node","name":"Tuk tuk","category":"grocery","tags":{"check_date":"2023-07-14","name":"Tuk tuk","shop":"convenience"}},"geometry":{"type":"Point","coordinates":[18.0036489,59.3584638]}},{"type":"Feature","properties":{"id":11064473036,"osm_type":"node","name":"ICA Nära Rapidköp","category":"grocery","tags":{"brand":"ICA Nära","brand:wikidata":"Q1663776","brand:wikipedia":"sv:Ica","check_date":"2023-07-22","check_date:opening_hours":"2023-07-22","email":"jimmy.skoglund@nara.ica.se","name":"ICA Nära Rapidköp","opening_hours":"Mo-Su 07:00-22:00","operator":"ICA","phone":"+468822900","shop":"convenience","website":"https://www.ica.se/butiker/nara/solna/ica-nara-rapidkop-16282/start/"}},"geometry":{"type":"Point","coordinates":[17.9975663,59.3536581]}},{"type":"Feature","properties":{"id":11092816685,"osm_type":"node","name":"Ammar Livs","category":"grocery","tags":{"name":"Ammar Livs","shop":"greengrocer"}},"geometry":{"type":"Point","coordinates":[18.0356479,59.3815632]}},{"type":"Feature","properties":{"id":11107782243,"osm_type":"node","name":"Direkten","category":"grocery","tags":{"check_date":"2024-07-20","name":"Direkten","shop":"convenience"}},"geometry":{"type":"Point","coordinates":[18.1326392,59.2662755]}},{"type":"Feature","properties":{"id":11155896184,"osm_type":"node","name":"Fredens Livs","category":"grocery","tags":{"name":"Fredens Livs","shop":"convenience"}},"geometry":{"type":"Point","coordinates":[17.9383789,59.3725452]}},{"type":"Feature","properties":{"id":11185814204,"osm_type":"node","name":"Silverdalsbutiken","category":"grocery","tags":{"addr:city":"Sollentuna","addr:housenumber":"7","addr:place":"Silverdals torg","addr:postcode":"191 38","name":"Silverdalsbutiken","opening_hours":"Mo-Su 08:00-20:00","phone":"+46812205909","shop":"convenience"}},"geometry":{"type":"Point","coordinates":[17.9813582,59.4028838]}},{"type":"Feature","properties":{"id":11227873286,"osm_type":"node","name":"Coop Mini","category":"grocery","tags":{"name":"Coop Mini","not:brand:wikidata":"Q15229319","opening_hours":"24/7","shop":"supermarket"}},"geometry":{"type":"Point","coordinates":[18.0859529,59.4449907]}},{"type":"Feature","properties":{"id":11432166594,"osm_type":"node","name":"Indisk livs","category":"grocery","tags":{"addr:city":"Bandhagen","addr:housenumber":"4","addr:postcode":"124 34","addr:street":"Bandhagsplan","check_date":"2024-02-22","name":"Indisk livs","phone":"+46728494801","shop":"convenience"}},"geometry":{"type":"Point","coordinates":[18.0485437,59.270056]}},{"type":"Feature","properties":{"id":11435524082,"osm_type":"node","name":"Meta live","category":"grocery","tags":{"name":"Meta live","shop":"convenience"}},"geometry":{"type":"Point","coordinates":[17.9512566,59.3645539]}},{"type":"Feature","properties":{"id":11438856317,"osm_type":"node","name":"Franzens Livs","category":"grocery","tags":{"check_date":"2023-12-21","name":"Franzens Livs","opening_hours":"Mo-Fr 08:00-20:00; Sa,Su 08:00-18:00","shop":"convenience"}},"geometry":{"type":"Point","coordinates":[18.0646449,59.3503173]}},{"type":"Feature","properties":{"id":11542740404,"osm_type":"node","name":"Skarpnäck Hörne Livs","category":"grocery","tags":{"name":"Skarpnäck Hörne Livs","shop":"convenience"}},"geometry":{"type":"Point","coordinates":[18.1345344,59.2656063]}},{"type":"Feature","properties":{"id":11542815720,"osm_type":"node","name":"Dhaka Livs","category":"grocery","tags":{"cuisine":"indian","name":"Dhaka Livs","opening_hours":"Mo-Su 09:00-21:00","shop":"convenience"}},"geometry":{"type":"Point","coordinates":[18.1341229,59.2657783]}},{"type":"Feature","properties":{"id":11542910442,"osm_type":"node","name":"ICA Nära Skarpnäck","category":"grocery","tags":{"name":"ICA Nära Skarpnäck","shop":"supermarket"}},"geometry":{"type":"Point","coordinates":[18.1269728,59.2681442]}},{"type":"Feature","properties":{"id":11583962472,"osm_type":"node","name":"Matmissionen Hägersten","category":"grocery","tags":{"access":"private","name":"Matmissionen Hägersten","operator":"Matmissionen","private":"members","shop":"convenience","website":"https://matmissionen.se"}},"geometry":{"type":"Point","coordinates":[17.9850903,59.3010114]}},{"type":"Feature","properties":{"id":11753527387,"osm_type":"node","name":"HS Asien Livs","category":"grocery","tags":{"name":"HS Asien Livs","shop":"supermarket"}},"geometry":{"type":"Point","coordinates":[18.0663336,59.3124644]}},{"type":"Feature","properties":{"id":11813696287,"osm_type":"node","name":"Urban Deli Nytorget","category":"grocery","tags":{"check_date":"2025-12-11","check_date:opening_hours":"2025-12-11","contact:email":"butiknytorget@urbandeli.se","contact:phone":"+46842550030","contact:website":"https://urbandeli.se/nytorget/","name":"Urban Deli Nytorget","opening_hours":"Mo-Th 08:00-20:00; Fr-Sa 08:00-21:00","payment:cards":"yes","payment:cash":"no","shop":"supermarket"}},"geometry":{"type":"Point","coordinates":[18.0825834,59.3124242]}},{"type":"Feature","properties":{"id":11867083076,"osm_type":"node","name":"Hemköp","category":"grocery","tags":{"brand":"Hemköp","brand:wikidata":"Q10521746","check_date":"2025-11-29","check_date:opening_hours":"2025-11-29","contact:phone":"+46855116970","contact:website":"https://www.hemkop.se/butik/4229","name":"Hemköp","opening_hours":"Mo-Su 07:00-22:00","shop":"supermarket"}},"geometry":{"type":"Point","coordinates":[18.0143398,59.3386858]}},{"type":"Feature","properties":{"id":11903885399,"osm_type":"node","name":"Matvärlden","category":"grocery","tags":{"name":"Matvärlden","shop":"supermarket"}},"geometry":{"type":"Point","coordinates":[17.9339304,59.2949964]}},{"type":"Feature","properties":{"id":11903885401,"osm_type":"node","name":"Bredäng Köttgross","category":"grocery","tags":{"name":"Bredäng Köttgross","shop":"supermarket"}},"geometry":{"type":"Point","coordinates":[17.9335137,59.2943537]}},{"type":"Feature","properties":{"id":11903885402,"osm_type":"node","name":"Bredängs Livs","category":"grocery","tags":{"name":"Bredängs Livs","shop":"supermarket"}},"geometry":{"type":"Point","coordinates":[17.9342896,59.2943208]}},{"type":"Feature","properties":{"id":11973768100,"osm_type":"node","name":"L’Agora","category":"grocery","tags":{"addr:floor":"0","addr:housenumber":"11","addr:street":"Björngårdsgatan","check_date":"2025-12-13","check_date:opening_hours":"2025-12-13","contact:email":"connect@lagorakooperativ.se","contact:facebook":"https://www.facebook.com/lagorakooperativ/","contact:instagram":"https://www.instagram.com/lagorakooperativ","contact:phone":"+46840069680","contact:website":"https://www.lagorakooperativ.se/","level":"0","name":"L’Agora","opening_hours":"Th-Fr 15:00-19:00; Fr 18:00+","shop":"supermarket"}},"geometry":{"type":"Point","coordinates":[18.065723,59.3165244]}},{"type":"Feature","properties":{"id":11984373587,"osm_type":"node","name":"Coop Xtra","category":"grocery","tags":{"addr:city":"Kista","addr:housenumber":"19","addr:postcode":"16472","addr:street":"Sibeliusgången","addr:unit":"D","name":"Coop Xtra","opening_hours":"Mo-Sa 08:00-21:00, Su 09:00-21:00","phone":"+46 10-746 29 60","shop":"supermarket","wheelchair":"yes"}},"geometry":{"type":"Point","coordinates":[17.9125736,59.4154002]}},{"type":"Feature","properties":{"id":11989570146,"osm_type":"node","name":"Orient Livs","category":"grocery","tags":{"name":"Orient Livs","shop":"convenience"}},"geometry":{"type":"Point","coordinates":[17.9296364,59.3888018]}},{"type":"Feature","properties":{"id":11989589702,"osm_type":"node","name":"Makro Market","category":"grocery","tags":{"name":"Makro Market","not:brand:wikidata":"Q704606","shop":"supermarket"}},"geometry":{"type":"Point","coordinates":[17.9306221,59.3900655]}},{"type":"Feature","properties":{"id":11989602900,"osm_type":"node","name":"Shahbaa Livs","category":"grocery","tags":{"name":"Shahbaa Livs","shop":"convenience"}},"geometry":{"type":"Point","coordinates":[17.9295724,59.3924421]}},{"type":"Feature","properties":{"id":11989637671,"osm_type":"node","name":"Sagal Livs","category":"grocery","tags":{"name":"Sagal Livs","shop":"convenience"}},"geometry":{"type":"Point","coordinates":[17.9282862,59.3895296]}},{"type":"Feature","properties":{"id":11989658497,"osm_type":"node","name":"Mahan Gross","category":"grocery","tags":{"addr:city":"Spånga","addr:housenumber":"3","addr:postcode":"163 71","addr:street":"Mjölbyplan","check_date":"2025-02-16","name":"Mahan Gross","shop":"convenience"}},"geometry":{"type":"Point","coordinates":[17.924952,59.3865409]}},{"type":"Feature","properties":{"id":11989681006,"osm_type":"node","name":"Euro Grossen","category":"grocery","tags":{"name":"Euro Grossen","shop":"convenience"}},"geometry":{"type":"Point","coordinates":[17.9238479,59.3882675]}},{"type":"Feature","properties":{"id":11989683396,"osm_type":"node","name":"Sahal Livs","category":"grocery","tags":{"name":"Sahal Livs","shop":"convenience"}},"geometry":{"type":"Point","coordinates":[17.9293568,59.3877102]}},{"type":"Feature","properties":{"id":11989683397,"osm_type":"node","name":"Visbyringen Livs","category":"grocery","tags":{"name":"Visbyringen Livs","shop":"convenience"}},"geometry":{"type":"Point","coordinates":[17.9292092,59.3874491]}},{"type":"Feature","properties":{"id":11989692744,"osm_type":"node","name":"Lidl","category":"grocery","tags":{"brand":"Lidl","brand:wikidata":"Q151954","name":"Lidl","shop":"supermarket"}},"geometry":{"type":"Point","coordinates":[17.9290869,59.3883218]}},{"type":"Feature","properties":{"id":11989704490,"osm_type":"node","name":"Medine Market","category":"grocery","tags":{"addr:housenumber":"4","addr:street":"Gärdebyplan","name":"Medine Market","shop":"convenience"}},"geometry":{"type":"Point","coordinates":[17.9344262,59.3843715]}},{"type":"Feature","properties":{"id":11989748518,"osm_type":"node","name":"Sahal Livs","category":"grocery","tags":{"name":"Sahal Livs","shop":"convenience"}},"geometry":{"type":"Point","coordinates":[17.9290998,59.3878135]}},{"type":"Feature","properties":{"id":11989754853,"osm_type":"node","name":"Najib Livs","category":"grocery","tags":{"name":"Najib Livs","shop":"convenience"}},"geometry":{"type":"Point","coordinates":[17.928042,59.388056]}},{"type":"Feature","properties":{"id":11989758669,"osm_type":"node","name":"Rinkeby Tobak & Spel","category":"grocery","tags":{"addr:housenumber":"6","addr:street":"Rinkebytorget","name":"Rinkeby Tobak & Spel","shop":"convenience"}},"geometry":{"type":"Point","coordinates":[17.9288768,59.3878985]}},{"type":"Feature","properties":{"id":11989763424,"osm_type":"node","name":"Rinkeby Livs","category":"grocery","tags":{"name":"Rinkeby Livs","shop":"convenience"}},"geometry":{"type":"Point","coordinates":[17.9281472,59.3882521]}},{"type":"Feature","properties":{"id":11989994200,"osm_type":"node","name":"Rinkeby Kiosk","category":"grocery","tags":{"name":"Rinkeby Kiosk","shop":"convenience"}},"geometry":{"type":"Point","coordinates":[17.9281574,59.3883921]}},{"type":"Feature","properties":{"id":11991468099,"osm_type":"node","name":"Sri Lanka Livs","category":"grocery","tags":{"name":"Sri Lanka Livs","shop":"convenience"}},"geometry":{"type":"Point","coordinates":[17.9215787,59.2849378]}},{"type":"Feature","properties":{"id":11993289250,"osm_type":"node","name":"Prima Gross","category":"grocery","tags":{"name":"Prima Gross","shop":"convenience"}},"geometry":{"type":"Point","coordinates":[17.9433581,59.4025403]}},{"type":"Feature","properties":{"id":11993316663,"osm_type":"node","name":"Hajdar Livs","category":"grocery","tags":{"name":"Hajdar Livs","shop":"convenience"}},"geometry":{"type":"Point","coordinates":[17.9130245,59.3942486]}},{"type":"Feature","properties":{"id":11993317752,"osm_type":"node","name":"Mini Mart","category":"grocery","tags":{"check_date":"2025-02-16","level":"1","name":"Mini Mart","shop":"convenience","wheelchair":"yes"}},"geometry":{"type":"Point","coordinates":[17.9429237,59.4040332]}},{"type":"Feature","properties":{"id":11993319610,"osm_type":"node","name":"Matmissionen","category":"grocery","tags":{"level":"1","name":"Matmissionen","shop":"supermarket","wheelchair":"yes"}},"geometry":{"type":"Point","coordinates":[17.9426478,59.4044138]}},{"type":"Feature","properties":{"id":11993324589,"osm_type":"node","name":"Tensta Delikatess & Livs","category":"grocery","tags":{"name":"Tensta Delikatess & Livs","shop":"convenience"}},"geometry":{"type":"Point","coordinates":[17.9113345,59.3947092]}},{"type":"Feature","properties":{"id":11993330314,"osm_type":"node","name":"Kiryana AB","category":"grocery","tags":{"name":"Kiryana AB","shop":"convenience"}},"geometry":{"type":"Point","coordinates":[17.9131985,59.3956406]}},{"type":"Feature","properties":{"id":12005981363,"osm_type":"node","name":"Akalla Frukt Och Grönt","category":"grocery","tags":{"name":"Akalla Frukt Och Grönt","shop":"supermarket"}},"geometry":{"type":"Point","coordinates":[17.9135459,59.4150582]}},{"type":"Feature","properties":{"id":12006064226,"osm_type":"node","name":"Akalla Närlivs","category":"grocery","tags":{"check_date":"2025-02-14","name":"Akalla Närlivs","shop":"convenience"}},"geometry":{"type":"Point","coordinates":[17.9177579,59.4140975]}},{"type":"Feature","properties":{"id":12006090244,"osm_type":"node","name":"ICA Supermarket","category":"grocery","tags":{"brand":"ICA Supermarket","brand:wikidata":"Q1663776","name":"ICA Supermarket","shop":"supermarket"}},"geometry":{"type":"Point","coordinates":[17.92549,59.4100698]}},{"type":"Feature","properties":{"id":12006150629,"osm_type":"node","name":"Direkten","category":"grocery","tags":{"brand":"Direkten","brand:wikidata":"Q105693281","name":"Direkten","shop":"convenience"}},"geometry":{"type":"Point","coordinates":[17.9262912,59.4100663]}},{"type":"Feature","properties":{"id":12006173224,"osm_type":"node","name":"Husby Frukt Och Grönt","category":"grocery","tags":{"name":"Husby Frukt Och Grönt","shop":"greengrocer"}},"geometry":{"type":"Point","coordinates":[17.9263465,59.4098805]}},{"type":"Feature","properties":{"id":12006178271,"osm_type":"node","name":"ICA","category":"grocery","tags":{"brand":"ICA","brand:wikidata":"Q1663776","name":"ICA","shop":"convenience"}},"geometry":{"type":"Point","coordinates":[17.9255946,59.4100341]}},{"type":"Feature","properties":{"id":12009014904,"osm_type":"node","name":"Myway","category":"grocery","tags":{"name":"Myway","shop":"convenience"}},"geometry":{"type":"Point","coordinates":[18.0131259,59.2622786]}},{"type":"Feature","properties":{"id":12009135367,"osm_type":"node","name":"Grönsaks Kompaniet","category":"grocery","tags":{"name":"Grönsaks Kompaniet","shop":"greengrocer"}},"geometry":{"type":"Point","coordinates":[18.0049766,59.2701457]}},{"type":"Feature","properties":{"id":12009161081,"osm_type":"node","name":"Smått & Gott","category":"grocery","tags":{"name":"Smått & Gott","shop":"convenience"}},"geometry":{"type":"Point","coordinates":[18.0271338,59.2571321]}},{"type":"Feature","properties":{"id":12009172402,"osm_type":"node","name":"Dagens Habesha Butiken","category":"grocery","tags":{"name":"Dagens Habesha Butiken","shop":"convenience"}},"geometry":{"type":"Point","coordinates":[18.0270547,59.2569354]}},{"type":"Feature","properties":{"id":12009187332,"osm_type":"node","name":"Prisvärt","category":"grocery","tags":{"name":"Prisvärt","shop":"convenience"}},"geometry":{"type":"Point","coordinates":[17.9647786,59.2858377]}},{"type":"Feature","properties":{"id":12009189104,"osm_type":"node","name":"Direkten","category":"grocery","tags":{"addr:city":"Hägersten","addr:country":"SE","addr:housenumber":"5","addr:postcode":"129 52","addr:street":"Fruängsgången","brand":"Direkten","brand:wikidata":"Q105693281","name":"Direkten","opening_hours":"Mo-Fr 09:00-20:00; Sa 09:30-16:00; Su 11:00-14:00","phone":"+46 72-980 85 43","shop":"convenience","website":"https://direkten.se/butik/fruangen/"}},"geometry":{"type":"Point","coordinates":[17.9643272,59.2855314]}},{"type":"Feature","properties":{"id":12009235132,"osm_type":"node","name":"Bjäller’s Livs","category":"grocery","tags":{"name":"Bjäller’s Livs","shop":"convenience"}},"geometry":{"type":"Point","coordinates":[17.9616166,59.2902375]}},{"type":"Feature","properties":{"id":12014362294,"osm_type":"node","name":"Livs","category":"grocery","tags":{"name":"Livs","shop":"convenience"}},"geometry":{"type":"Point","coordinates":[18.1005164,59.2382541]}},{"type":"Feature","properties":{"id":12014419070,"osm_type":"node","name":"Sam Matnära","category":"grocery","tags":{"name":"Sam Matnära","shop":"convenience"}},"geometry":{"type":"Point","coordinates":[18.0874217,59.2461127]}},{"type":"Feature","properties":{"id":12014502692,"osm_type":"node","name":"Naked Juicebar","category":"grocery","tags":{"check_date":"2026-04-02","name":"Naked Juicebar","shop":"convenience"}},"geometry":{"type":"Point","coordinates":[18.0932537,59.2427885]}},{"type":"Feature","properties":{"id":12014503589,"osm_type":"node","name":"Hemköp","category":"grocery","tags":{"brand":"Hemköp","brand:wikidata":"Q10521746","name":"Hemköp","shop":"supermarket"}},"geometry":{"type":"Point","coordinates":[18.0910896,59.2428452]}},{"type":"Feature","properties":{"id":12014503592,"osm_type":"node","name":"Direkten","category":"grocery","tags":{"brand":"Direkten","brand:wikidata":"Q105693281","name":"Direkten","shop":"convenience"}},"geometry":{"type":"Point","coordinates":[18.0910369,59.2429445]}},{"type":"Feature","properties":{"id":12014510106,"osm_type":"node","name":"Coop","category":"grocery","tags":{"brand":"Coop","brand:wikidata":"Q106684510","name":"Coop","shop":"supermarket"}},"geometry":{"type":"Point","coordinates":[18.0915118,59.2431164]}},{"type":"Feature","properties":{"id":12016563688,"osm_type":"node","name":"Giging AsiaFood Market","category":"grocery","tags":{"name":"Giging AsiaFood Market","opening_hours":"Mo-Fr 10:00-19:00; Sa 10:00-18:00; Su 11:00-18:00","shop":"convenience"}},"geometry":{"type":"Point","coordinates":[18.0413675,59.2637525]}},{"type":"Feature","properties":{"id":12016590214,"osm_type":"node","name":"Balkan Deli","category":"grocery","tags":{"name":"Balkan Deli","shop":"convenience"}},"geometry":{"type":"Point","coordinates":[18.040081,59.2647339]}},{"type":"Feature","properties":{"id":12016618649,"osm_type":"node","name":"Hemköp","category":"grocery","tags":{"name":"Hemköp","opening_hours":"Mo-Su 08:00-22:00","shop":"supermarket"}},"geometry":{"type":"Point","coordinates":[18.0261014,59.2744845]}},{"type":"Feature","properties":{"id":12016634876,"osm_type":"node","name":"Sarat Livs","category":"grocery","tags":{"name":"Sarat Livs","shop":"convenience"}},"geometry":{"type":"Point","coordinates":[18.0378421,59.2668901]}},{"type":"Feature","properties":{"id":12016685452,"osm_type":"node","name":"Myway","category":"grocery","tags":{"name":"Myway","shop":"convenience"}},"geometry":{"type":"Point","coordinates":[18.0492069,59.2699767]}},{"type":"Feature","properties":{"id":12025236403,"osm_type":"node","name":"Åsen","category":"grocery","tags":{"name":"Åsen","shop":"convenience"}},"geometry":{"type":"Point","coordinates":[17.9767088,59.2942653]}},{"type":"Feature","properties":{"id":12025286644,"osm_type":"node","name":"Hökmossens Livs&Tobak","category":"grocery","tags":{"name":"Hökmossens Livs&Tobak","shop":"convenience"}},"geometry":{"type":"Point","coordinates":[17.9903508,59.2912012]}},{"type":"Feature","properties":{"id":12027826232,"osm_type":"node","name":"Albatoul Kiosk","category":"grocery","tags":{"name":"Albatoul Kiosk","shop":"convenience"}},"geometry":{"type":"Point","coordinates":[17.9528332,59.336421]}},{"type":"Feature","properties":{"id":12027826277,"osm_type":"node","name":"Abrahamsbergs Spel & Tobak","category":"grocery","tags":{"name":"Abrahamsbergs Spel & Tobak","shop":"convenience"}},"geometry":{"type":"Point","coordinates":[17.9528464,59.3362377]}},{"type":"Feature","properties":{"id":12027954864,"osm_type":"node","name":"Bon Bon","category":"grocery","tags":{"name":"Bon Bon","shop":"convenience"}},"geometry":{"type":"Point","coordinates":[17.9387023,59.3390852]}},{"type":"Feature","properties":{"id":12030786170,"osm_type":"node","name":"Grill, Tobak & Spel","category":"grocery","tags":{"name":"Grill, Tobak & Spel","shop":"convenience"}},"geometry":{"type":"Point","coordinates":[17.9608129,59.3490351]}},{"type":"Feature","properties":{"id":12030863461,"osm_type":"node","name":"Asian Market","category":"grocery","tags":{"name":"Asian Market","shop":"convenience"}},"geometry":{"type":"Point","coordinates":[18.0806217,59.2937185]}},{"type":"Feature","properties":{"id":12032779913,"osm_type":"node","name":"Östberga Livs","category":"grocery","tags":{"name":"Östberga Livs","shop":"convenience"}},"geometry":{"type":"Point","coordinates":[18.0333656,59.2888146]}},{"type":"Feature","properties":{"id":12032823215,"osm_type":"node","name":"Stureby Livs & Tobak","category":"grocery","tags":{"name":"Stureby Livs & Tobak","shop":"convenience"}},"geometry":{"type":"Point","coordinates":[18.0486551,59.275426]}},{"type":"Feature","properties":{"id":12035188646,"osm_type":"node","name":"Gesundaplan Livs & Tobak","category":"grocery","tags":{"name":"Gesundaplan Livs & Tobak","shop":"convenience"}},"geometry":{"type":"Point","coordinates":[17.9813654,59.338039]}},{"type":"Feature","properties":{"id":12068270442,"osm_type":"node","name":"Odenplan Thai Market","category":"grocery","tags":{"check_date":"2024-07-22","name":"Odenplan Thai Market","opening_hours":"Mo-Fr 10:00-20:00; Sa,Su 11:00-18:30","shop":"convenience"}},"geometry":{"type":"Point","coordinates":[18.0576398,59.3443655]}},{"type":"Feature","properties":{"id":12097728305,"osm_type":"node","name":"Maxi ICA Stormarknad Solna","category":"grocery","tags":{"brand":"Maxi ICA Stormarknad","brand:wikidata":"Q1663776","brand:wikipedia":"sv:Ica","check_date":"2025-06-13","name":"Maxi ICA Stormarknad Solna","opening_hours":"Mo-Su 06:00-23:00","operator":"ICA","shop":"supermarket","short_name":"ICA Maxi","toilets":"yes","toilets:access":"yes","toilets:wheelchair":"yes","website":"http://www.maxisolna.se","wheelchair":"yes"}},"geometry":{"type":"Point","coordinates":[17.980286,59.358382]}},{"type":"Feature","properties":{"id":12100681993,"osm_type":"node","name":"Oriental market","category":"grocery","tags":{"name":"Oriental market","opening_hours":"Mo-Su 09:30-20:00","shop":"convenience"}},"geometry":{"type":"Point","coordinates":[18.061681,59.3360889]}},{"type":"Feature","properties":{"id":12110517934,"osm_type":"node","name":"Världens mat","category":"grocery","tags":{"check_date":"2024-08-14","name":"Världens mat","opening_hours":"Mo-Fr 10:00-23:00; Sa-Su 11:00-23:00","shop":"convenience"}},"geometry":{"type":"Point","coordinates":[18.1689024,59.3442315]}},{"type":"Feature","properties":{"id":12115254589,"osm_type":"node","name":"Solnavägens Livs","category":"grocery","tags":{"addr:housenumber":"13B","addr:street":"Solnavägen","check_date":"2024-08-17","internet_access":"no","name":"Solnavägens Livs","opening_hours":"Mo-Fr 08:00-20:00; Sa-Su 09:00-18:00","payment:cash":"no","payment:credit_cards":"yes","payment:debit_cards":"yes","shop":"convenience","wheelchair":"limited"}},"geometry":{"type":"Point","coordinates":[18.0216831,59.3514197]}},{"type":"Feature","properties":{"id":12185585978,"osm_type":"node","name":"Trollbäckens Minilivs","category":"grocery","tags":{"addr:street":"Vendelsövägen 60, 13553 Tyresö","name":"Trollbäckens Minilivs","opening_hours":"Mo-Sa 09:00-20:00; Su 09:00-18:00","shop":"convenience"}},"geometry":{"type":"Point","coordinates":[18.2094516,59.2189908]}},{"type":"Feature","properties":{"id":12196777813,"osm_type":"node","name":"Sunneplans Livs","category":"grocery","tags":{"name":"Sunneplans Livs","shop":"convenience"}},"geometry":{"type":"Point","coordinates":[18.1013769,59.2407149]}},{"type":"Feature","properties":{"id":12330596678,"osm_type":"node","name":"ICA Kvantum","category":"grocery","tags":{"brand":"ICA Kvantum","brand:wikidata":"Q1663776","shop":"supermarket"}},"geometry":{"type":"Point","coordinates":[18.1468538,59.3494193]}},{"type":"Feature","properties":{"id":12355178456,"osm_type":"node","name":"ICA Kvantum Larsberg","category":"grocery","tags":{"brand":"ICA Kvantum","brand:wikidata":"Q1663776","name":"ICA Kvantum Larsberg","shop":"supermarket"}},"geometry":{"type":"Point","coordinates":[18.1468962,59.3494175]}},{"type":"Feature","properties":{"id":12437740648,"osm_type":"node","name":"Matvärlden","category":"grocery","tags":{"check_date":"2025-04-30","name":"Matvärlden","opening_hours":"07:00-22:00","shop":"supermarket","website":"https://www.matvarlden.se/"}},"geometry":{"type":"Point","coordinates":[17.917414,59.2699361]}},{"type":"Feature","properties":{"id":12469875229,"osm_type":"node","name":"Lidl","category":"grocery","tags":{"addr:city":"Täby","addr:housenumber":"42","addr:postcode":"183 34","addr:street":"Grindstuguvägen","brand":"Lidl","brand:wikidata":"Q151954","name":"Lidl","opening_hours":"Mo-Su 08:00-21:00","shop":"supermarket","website":"https://www.lidl.se/s/sv-SE/butiker/taeby/grindstuguvaegen-42/"}},"geometry":{"type":"Point","coordinates":[18.098874,59.4435239]}},{"type":"Feature","properties":{"id":12488390421,"osm_type":"node","name":"Jasmina Livs","category":"grocery","tags":{"check_date":"2025-01-10","layer":"-1","level":"-1","name":"Jasmina Livs","opening_hours":"Mo-Fr 06:00-19:00; Sa 11:00-17:00; Su off","payment:cash":"yes","payment:credit_cards":"yes","payment:debit_cards":"yes","shop":"convenience"}},"geometry":{"type":"Point","coordinates":[18.024886,59.3349628]}},{"type":"Feature","properties":{"id":12512299802,"osm_type":"node","name":"Tobak & Livs","category":"grocery","tags":{"addr:housenumber":"76","addr:street":"Järnvägsgatan","name":"Tobak & Livs","opening_hours":"Mo-Fr 10:00-18:00; Sa 11:00-16:00","shop":"convenience"}},"geometry":{"type":"Point","coordinates":[17.957314,59.365555]}},{"type":"Feature","properties":{"id":12541099860,"osm_type":"node","name":"Hamoon Livs","category":"grocery","tags":{"name":"Hamoon Livs","shop":"convenience"}},"geometry":{"type":"Point","coordinates":[18.0884669,59.2931454]}},{"type":"Feature","properties":{"id":12542818205,"osm_type":"node","name":"DeliGo","category":"grocery","tags":{"name":"DeliGo","opening_hours":"Mo-Fr 07:00-18:00; Sa 11:00-17:00","shop":"convenience"}},"geometry":{"type":"Point","coordinates":[18.0937696,59.3038857]}},{"type":"Feature","properties":{"id":12616167691,"osm_type":"node","name":"Matbah","category":"grocery","tags":{"check_date:opening_hours":"2025-02-24","name":"Matbah","opening_hours:signed":"no","shop":"convenience"}},"geometry":{"type":"Point","coordinates":[18.0639471,59.3355554]}},{"type":"Feature","properties":{"id":12623543601,"osm_type":"node","name":"ICA Kvantum Danderyd","category":"grocery","tags":{"addr:street":"Mörby centrum","brand":"ICA Kvantum","brand:wikidata":"Q1663776","contact:email":"kundkontakt.danderyd@kvantum.ica.se","contact:phone":"+46858782100","contact:website":"https://www.ica.se/butiker/kvantum/danderyd/ica-kvantum-danderyd-1070002/","level":"1","name":"ICA Kvantum Danderyd","opening_hours":"Mo-Su 07:00-22:00","shop":"supermarket"}},"geometry":{"type":"Point","coordinates":[18.0360968,59.3983881]}},{"type":"Feature","properties":{"id":12672720310,"osm_type":"node","name":"Lidl","category":"grocery","tags":{"addr:city":"Sundbyberg","addr:housenumber":"16","addr:postcode":"174 52","addr:street":"Hallonbergsplan","brand":"Lidl","brand:wikidata":"Q151954","name":"Lidl","opening_hours":"Mo-Su 08:00-21:00","phone":"+46201908070","shop":"supermarket","website":"https://www.lidl.se/"}},"geometry":{"type":"Point","coordinates":[17.9688719,59.3761156]}},{"type":"Feature","properties":{"id":12794685449,"osm_type":"node","name":"7-Eleven","category":"grocery","tags":{"brand":"7-Eleven","brand:wikidata":"Q259340","brand:wikipedia":"en:7-Eleven","check_date":"2025-05-18","level":"1","name":"7-Eleven","operator":"7-Eleven","payment:cash":"yes","shop":"convenience","website":"http://www.7-eleven.se/"}},"geometry":{"type":"Point","coordinates":[18.0229562,59.3098028]}},{"type":"Feature","properties":{"id":12899170483,"osm_type":"node","name":"Tre brudar baltiska matvaror","category":"grocery","tags":{"addr:city":"Sollentuna","addr:country":"SE","addr:housenumber":"6","addr:postcode":"19147","addr:street":"Aniaraplatsen","contact:email":"info@trebrudar.se","contact:facebook":"https://www.facebook.com/trebrudar/","contact:phone":"+468358284","name":"Tre brudar baltiska matvaror","opening_hours":"Mo-Fr 11:00-19:00; Sa, Su 11:00-16:00","shop":"convenience"}},"geometry":{"type":"Point","coordinates":[17.9519996,59.4266977]}},{"type":"Feature","properties":{"id":12899210052,"osm_type":"node","name":"Willys Hemma Sollentuna Tureberg","category":"grocery","tags":{"addr:city":"Sollentuna","addr:country":"SE","addr:housenumber":"2A","addr:postcode":"19161","addr:street":"Malmvägen","check_date":"2025-11-19","check_date:opening_hours":"2025-11-19","contact:phone":"+46840074770","contact:website":"https://www.willys.se/butik/sollentuna/willys-hemma-tureberg-2881","name":"Willys Hemma Sollentuna Tureberg","opening_hours":"Mo-Sa 08:00-21:00; Su 09:00-21:00","shop":"supermarket"}},"geometry":{"type":"Point","coordinates":[17.9473446,59.4247891]}},{"type":"Feature","properties":{"id":12899229055,"osm_type":"node","name":"Canas Livs","category":"grocery","tags":{"addr:city":"Sollentuna","addr:country":"SE","addr:housenumber":"4B","addr:postcode":"19161","addr:street":"Malmvägen","contact:phone":"+46735572606","name":"Canas Livs","opening_hours":"Mo-Fr 10:00-20:00; Sa 10:00-19:00; Su 12:00-18:00","shop":"convenience"}},"geometry":{"type":"Point","coordinates":[17.9466134,59.4255042]}},{"type":"Feature","properties":{"id":12899291729,"osm_type":"node","name":"Gross & Grön - Indisk mataffär","category":"grocery","tags":{"addr:city":"Sollentuna","addr:country":"SE","addr:housenumber":"12C","addr:postcode":"19161","addr:street":"Malmvägen","contact:email":"storeinfo@grossandgron.se","contact:facebook":"https://www.facebook.com/grossandgron/","contact:phone":"+46760711629","contact:website":"https://www.grossandgron.se","name":"Gross & Grön - Indisk mataffär","opening_hours":"Mo-Sa 10:00-20:00; Su 10:00-19:00","shop":"supermarket"}},"geometry":{"type":"Point","coordinates":[17.9453648,59.4266956]}},{"type":"Feature","properties":{"id":12957707470,"osm_type":"node","name":"Ploq","category":"grocery","tags":{"amenity":"toilets;device_charging_station","changing_table":"yes","internet_access":"wlan","name":"Ploq","opening_hours":"24/7","operator":"Ploq","phone":"+468-863585","shop":"convenience","wheelchair":"yes"}},"geometry":{"type":"Point","coordinates":[18.0576172,59.2694641]}},{"type":"Feature","properties":{"id":12987782918,"osm_type":"node","name":"Ica","category":"grocery","tags":{"name":"Ica","shop":"supermarket"}},"geometry":{"type":"Point","coordinates":[18.1531942,59.217821]}},{"type":"Feature","properties":{"id":13006286409,"osm_type":"node","name":"Ammar Frukt & Livs","category":"grocery","tags":{"name":"Ammar Frukt & Livs","opening_hours":"Mo-Su 09:30-20:00","shop":"convenience"}},"geometry":{"type":"Point","coordinates":[18.0356036,59.3815828]}},{"type":"Feature","properties":{"id":13045337017,"osm_type":"node","name":"ICA Maxi Stormarknad Arninge","category":"grocery","tags":{"addr:city":"Täby","addr:housenumber":"1E","addr:postcode":"187 66","addr:street":"Kundvägen","brand":"Maxi ICA Stormarknad","brand:wikidata":"Q1663776","level":"2","name":"ICA Maxi Stormarknad Arninge","opening_hours":"Mo-Su 07:00-22:00","phone":"0812430700","shop":"supermarket","short_name":"ICA Maxi"}},"geometry":{"type":"Point","coordinates":[18.1297183,59.4621163]}},{"type":"Feature","properties":{"id":13046045790,"osm_type":"node","name":"Asian Supermarket","category":"grocery","tags":{"addr:city":"Sollentuna","addr:country":"SE","addr:housenumber":"26","addr:postcode":"19252","addr:street":"Edsbergs torg","check_date":"2025-11-22","check_date:opening_hours":"2025-11-22","contact:email":"contact@asiensupermarket.com","contact:phone":"+46761563652","contact:website":"https://asiensupermarket.com","name":"Asian Supermarket","opening_hours":"Mo-Su 10:00-22:00","shop":"supermarket"}},"geometry":{"type":"Point","coordinates":[17.96551,59.4459026]}},{"type":"Feature","properties":{"id":13056871013,"osm_type":"node","name":"Direkten","category":"grocery","tags":{"addr:city":"Huddinge","addr:country":"SE","addr:housenumber":"10","addr:postcode":"141 35","addr:street":"Patron Pehrs väg","brand":"Direkten","brand:wikidata":"Q105693281","name":"Direkten","opening_hours":"Mo-Fr 09:00-19:00; Sa 10:00-17:00; Su 11:00-16:00","phone":"+46 8-608 19 40","shop":"convenience","website":"https://direkten.se/butik/huddinge/"}},"geometry":{"type":"Point","coordinates":[17.9786009,59.2371861]}},{"type":"Feature","properties":{"id":13072942302,"osm_type":"node","name":"Thailaan Asian Market","category":"grocery","tags":{"addr:city":"Sollentuna","addr:district":"SE","addr:housenumber":"163C","addr:postcode":"19147","addr:street":"Sollentunavägen","check_date":"2025-11-18","check_date:opening_hours":"2025-11-18","contact:email":"sollentuna@thailaan.se","contact:phone":"+468351700","contact:website":"https://www.thailaan.se","level":"0","name":"Thailaan Asian Market","opening_hours":"Mo-Fr 10:00-20:00; Sa-Su 10:00-18:00; PH closed","payment:cash":"yes","payment:coins":"yes","payment:contactless":"yes","payment:credit_cards":"yes","payment:debit_cards":"yes","payment:mastercard":"yes","payment:samsung_pay":"yes","payment:visa":"yes","shop":"supermarket","wheelchair":"limited"}},"geometry":{"type":"Point","coordinates":[17.951945,59.4276097]}},{"type":"Feature","properties":{"id":13100743212,"osm_type":"node","name":"","category":"grocery","tags":{"shop":"greengrocer"}},"geometry":{"type":"Point","coordinates":[17.9492453,59.4291722]}},{"type":"Feature","properties":{"id":13119335334,"osm_type":"node","name":"Polska Delikatesser","category":"grocery","tags":{"name":"Polska Delikatesser","shop":"supermarket"}},"geometry":{"type":"Point","coordinates":[17.9480269,59.4262136]}},{"type":"Feature","properties":{"id":13157714441,"osm_type":"node","name":"Bondens egen Marknad","category":"grocery","tags":{"amenity":"marketplace","name":"Bondens egen Marknad","operator":"www.bondensegen.com","website":"https://bondensegen.com/stockholm-ostermalm-tessinparken/"}},"geometry":{"type":"Point","coordinates":[18.0930288,59.3410974]}},{"type":"Feature","properties":{"id":13272248506,"osm_type":"node","name":"Bagis Livs","category":"grocery","tags":{"name":"Bagis Livs","opening_hours":"Mo-Fr 09:00-23:00; Sa-Su 09:00-23:00","shop":"convenience"}},"geometry":{"type":"Point","coordinates":[18.1308808,59.27655]}},{"type":"Feature","properties":{"id":13338657070,"osm_type":"node","name":"SQ Kiosk","category":"grocery","tags":{"addr:housenumber":"11","addr:street":"Huvudstagatan","check_date":"2025-11-28","name":"SQ Kiosk","opening_hours":"Mo-Fr 08:00-20:00; Sa 10:00-18:00; Su 10:00-17:00","payment:cash":"yes","payment:credit_cards":"yes","payment:debit_cards":"yes","shop":"convenience"}},"geometry":{"type":"Point","coordinates":[17.9974212,59.3533774]}},{"type":"Feature","properties":{"id":13340835662,"osm_type":"node","name":"Seoul Kimchi","category":"grocery","tags":{"check_date":"2025-11-28","check_date:opening_hours":"2025-11-28","contact:email":"info@seoul-food.se","contact:phone":"+46764049771","contact:website":"https://seoul-food.se","name":"Seoul Kimchi","opening_hours":"Mo-Fr 11:00-18:00; Sa 11:00-16:00","shop":"supermarket"}},"geometry":{"type":"Point","coordinates":[18.0260469,59.3381581]}},{"type":"Feature","properties":{"id":13342012275,"osm_type":"node","name":"Bara Snus","category":"grocery","tags":{"addr:housenumber":"2","addr:postcode":"183 38","addr:street":"Korsvägen","name":"Bara Snus","payment:debit_cards":"yes","phone":"087582628","shop":"convenience"}},"geometry":{"type":"Point","coordinates":[18.0584576,59.4352275]}},{"type":"Feature","properties":{"id":13357644341,"osm_type":"node","name":"24SJU","category":"grocery","tags":{"brand":"24SJU","opening_hours":"24/7","shop":"convenience"}},"geometry":{"type":"Point","coordinates":[18.0281135,59.3016301]}},{"type":"Feature","properties":{"id":13418636470,"osm_type":"node","name":"Kom & Gå","category":"grocery","tags":{"addr:city":"Huddinge","addr:country":"SE","addr:housenumber":"11","addr:postcode":"141 47","addr:street":"Sjödalstorget","name":"Kom & Gå","shop":"convenience"}},"geometry":{"type":"Point","coordinates":[17.9821948,59.2359901]}},{"type":"Feature","properties":{"id":13525030540,"osm_type":"node","name":"Lilla Mathemmet","category":"grocery","tags":{"addr:city":"Solna","addr:housenumber":"109","addr:postcode":"169 50","addr:street":"Råsundavägen","name":"Lilla Mathemmet","opening_hours":"Mo-Fr 08:00-18:00; Sa-Su 09:00-17:00","shop":"supermarket","website":"https://lillamathemmet.se"}},"geometry":{"type":"Point","coordinates":[17.9961558,59.3649133]}},{"type":"Feature","properties":{"id":13588350864,"osm_type":"node","name":"Pers Market","category":"grocery","tags":{"level":"-1","name":"Pers Market","shop":"supermarket"}},"geometry":{"type":"Point","coordinates":[18.0015652,59.3595838]}},{"type":"Feature","properties":{"id":13647071952,"osm_type":"node","name":"Spicy Livs","category":"grocery","tags":{"name":"Spicy Livs","shop":"convenience"}},"geometry":{"type":"Point","coordinates":[17.996932,59.3638516]}},{"type":"Feature","properties":{"id":13724752780,"osm_type":"node","name":"Drevvikens Livs","category":"grocery","tags":{"check_date":"2026-04-12","name":"Drevvikens Livs","opening_hours":"Mo-Fr 09:00-20:00; Sa-Su 10:00-20:00","shop":"convenience"}},"geometry":{"type":"Point","coordinates":[18.102545,59.2478367]}},{"type":"Feature","properties":{"id":13738262881,"osm_type":"node","name":"MyWay","category":"grocery","tags":{"name":"MyWay","shop":"convenience"}},"geometry":{"type":"Point","coordinates":[17.9510907,59.4473458]}},{"type":"Feature","properties":{"id":13791283041,"osm_type":"node","name":"Normal","category":"grocery","tags":{"name":"Normal","shop":"supermarket"}},"geometry":{"type":"Point","coordinates":[18.0407154,59.263699]}},{"type":"Feature","properties":{"id":10106639,"osm_type":"way","name":"ICA Nära Bergshamra","category":"grocery","tags":{"branch":"Nära Bergshamra","brand":"ICA Nära","brand:wikidata":"Q1663776","brand:wikipedia":"sv:Ica","building":"retail","name":"ICA Nära Bergshamra","opening_hours":"Mo-Su 08:00-22:00","shop":"supermarket","website":"https://www.ica.se/butiker/nara/solna/ica-nara-bergshamra-1327/start/"}},"geometry":{"type":"Point","coordinates":[18.0381625,59.379025]}},{"type":"Feature","properties":{"id":17950777,"osm_type":"way","name":"ICA Kvantum","category":"grocery","tags":{"brand":"ICA Kvantum","brand:wikidata":"Q1663776","brand:wikipedia":"sv:Ica","building":"retail","building:levels":"1","check_date":"2022-07-18","name":"ICA Kvantum","opening_hours":"Mo-Su 08:00-22:00","payment:cash":"yes","roof:levels":"1","roof:shape":"flat","shop":"supermarket","website":"https://www.ica-kungen.se/"}},"geometry":{"type":"Point","coordinates":[17.920778,59.2709701]}},{"type":"Feature","properties":{"id":23168795,"osm_type":"way","name":"ICA Supermarket Husby","category":"grocery","tags":{"brand":"ICA Supermarket","brand:wikidata":"Q1663776","brand:wikipedia":"sv:Ica","building":"yes","name":"ICA Supermarket Husby","shop":"supermarket","website":"https://www.ica.se/butiker/supermarket/stockholm/ica-supermarket-husby-1313/start/","wheelchair":"yes"}},"geometry":{"type":"Point","coordinates":[17.9255476,59.4101042]}},{"type":"Feature","properties":{"id":24586122,"osm_type":"way","name":"J&D saluhall","category":"grocery","tags":{"addr:country":"SE","addr:housenumber":"57-61","addr:street":"Rinkebysvängen","building":"yes","name":"J&D saluhall","shop":"supermarket"}},"geometry":{"type":"Point","coordinates":[17.9361936,59.3866431]}},{"type":"Feature","properties":{"id":27062824,"osm_type":"way","name":"City Gross","category":"grocery","tags":{"addr:city":"Skogås","addr:country":"SE","addr:housenumber":"2","addr:postcode":"142 53","addr:street":"Truckvägen","brand":"City Gross","brand:wikidata":"Q10453555","building":"yes","name":"City Gross","opening_hours":"07:00-21:00","phone":"+46 8-55 62 84 00","shop":"supermarket","website":"https://www.citygross.se/butiker/Lanna/"}},"geometry":{"type":"Point","coordinates":[18.1240133,59.1969684]}},{"type":"Feature","properties":{"id":28082360,"osm_type":"way","name":"Stora Coop Bromma","category":"grocery","tags":{"addr:city":"Bromma","addr:country":"SE","addr:housename":"Stora Coop Bromma Blocks","addr:housenumber":"189","addr:postcode":"168 67","addr:street":"Ulvsundavägen","brand":"Coop","brand:wikidata":"Q106684510","building":"retail","name":"Stora Coop Bromma","opening_hours":"07:00-23:00","payment:cash":"yes","phone":"+46 10-7416900","shop":"supermarket","toilets":"yes","toilets:fee":"no","toilets:handwashing":"yes","website":"https://www.coop.se/butiker-erbjudanden/stora-coop/stora-coop-bromma/","wheelchair":"yes"}},"geometry":{"type":"Point","coordinates":[17.9530154,59.3565785]}},{"type":"Feature","properties":{"id":28082380,"osm_type":"way","name":"Willys Stockholm Bromma","category":"grocery","tags":{"addr:city":"Bromma","addr:housenumber":"189E","addr:postcode":"168 67","addr:street":"Ulvsundavägen","brand":"Willys","brand:wikidata":"Q10720214","building":"retail","name":"Willys Stockholm Bromma","opening_hours":"07:00-22:00","phone":"+46 8-12437250","shop":"supermarket","website":"https://www.willys.se/butik/bromma/willys-stockholm-2351"}},"geometry":{"type":"Point","coordinates":[17.9505295,59.3570495]}},{"type":"Feature","properties":{"id":29894072,"osm_type":"way","name":"Willys","category":"grocery","tags":{"brand":"Willys","brand:wikidata":"Q10720214","brand:wikipedia":"sv:Willys","building":"yes","name":"Willys","opening_hours":"Mo-Sa 8:00-21:00; Su 9:00-21:00","operator":"Willys","shop":"supermarket"}},"geometry":{"type":"Point","coordinates":[18.1292829,59.2011694]}},{"type":"Feature","properties":{"id":40806062,"osm_type":"way","name":"ICA Supermarket Kvarnen","category":"grocery","tags":{"addr:city":"Huddinge","addr:country":"SE","addr:housenumber":"10","addr:postcode":"141 45","addr:street":"Kvarnbergsplan","brand":"ICA Supermarket","brand:wikidata":"Q1663776","brand:wikipedia":"sv:Ica","building":"retail","building:levels":"1","name":"ICA Supermarket Kvarnen","opening_hours":"Mo-Su 08:00-22:00","roof:shape":"flat","shop":"supermarket","website":"https://www.ica.se/butiker/supermarket/huddinge/ica-supermarket-kvarnen-huddinge-1346/start/"}},"geometry":{"type":"Point","coordinates":[17.9953771,59.2408078]}},{"type":"Feature","properties":{"id":43025524,"osm_type":"way","name":"Hemköp Garpes","category":"grocery","tags":{"addr:city":"Bromma","addr:housenumber":"4","addr:postcode":"167 58","addr:street":"Sobelgränd","brand":"Hemköp","brand:wikidata":"Q10521746","building":"yes","name":"Hemköp Garpes","phone":"+46 8 124 379 60","shop":"supermarket"}},"geometry":{"type":"Point","coordinates":[17.9563616,59.3289709]}},{"type":"Feature","properties":{"id":67117217,"osm_type":"way","name":"Hemköp","category":"grocery","tags":{"addr:city":"Sköndal","addr:country":"SE","addr:housenumber":"82","addr:postcode":"128 62","addr:street":"Gråhundsvägen","brand":"Hemköp","brand:wikidata":"Q10521746","brand:wikipedia":"sv:Hemköp","building":"yes","check_date":"2025-04-17","name":"Hemköp","opening_hours":"07:00-22:00","shop":"supermarket","website":"https://www.hemkop.se/butik/4162"}},"geometry":{"type":"Point","coordinates":[18.1216968,59.263193]}},{"type":"Feature","properties":{"id":78194612,"osm_type":"way","name":"Coop Djursholm","category":"grocery","tags":{"addr:city":"Djursholm","addr:country":"SE","addr:housenumber":"13","addr:street":"Vendevägen","brand":"Coop","brand:wikidata":"Q106684510","building":"retail","name":"Coop Djursholm","operator":"Coop","phone":"010-7417100","shop":"supermarket","source":"Yahoo;survey","website":"https://www.coop.se/butiker-erbjudanden/coop/coop-djursholm/"}},"geometry":{"type":"Point","coordinates":[18.0864253,59.397642]}},{"type":"Feature","properties":{"id":80187932,"osm_type":"way","name":"Lidl","category":"grocery","tags":{"addr:city":"Tyresö","addr:housenumber":"186","addr:postcode":"13547","addr:street":"Bollmoravägen","brand":"Lidl","brand:wikidata":"Q151954","brand:wikipedia":"en:Lidl","building":"yes","name":"Lidl","opening_hours":"Mo-Fr 09:00-20:00; Sa 09:00-19:00; Su 10:00-18:00","shop":"supermarket"}},"geometry":{"type":"Point","coordinates":[18.1970788,59.2432832]}},{"type":"Feature","properties":{"id":81889778,"osm_type":"way","name":"Vällkommen in!","category":"grocery","tags":{"addr:city":"Sollentuna","addr:country":"SE","addr:housenumber":"141","addr:postcode":"19251","addr:street":"Rudbecks väg","brand":"Välkommen in!","building":"retail","compressed_air":"yes","contact:phone":"+468356969","contact:website":"https://ploq.se/butiker/sollentuna-edsberg","fuel:diesel":"yes","fuel:octane_95":"yes","fuel:octane_98":"yes","name":"Vällkommen in!","opening_hours":"Mo-Fr 06:00-24:00, Sa,Su 07:00-24:00","operator":"sti1/Vällkommen in!","shop":"convenience"}},"geometry":{"type":"Point","coordinates":[17.964435,59.4436039]}},{"type":"Feature","properties":{"id":88680045,"osm_type":"way","name":"Ica Rösjöhallen","category":"grocery","tags":{"addr:country":"SE","addr:housenumber":"2","addr:street":"Ljungmyrsvägen","brand":"ICA Nära","brand:wikidata":"Q1663776","brand:wikipedia":"sv:Ica","building":"retail","building:levels":"1","name":"Ica Rösjöhallen","opening_hours":"Mo-Su 08:00-22:00","payment:cash":"yes","roof:levels":"0","shop":"supermarket","wheelchair":"yes"}},"geometry":{"type":"Point","coordinates":[18.0327306,59.4440184]}},{"type":"Feature","properties":{"id":98171616,"osm_type":"way","name":"Willys","category":"grocery","tags":{"addr:city":"Lidingö","addr:country":"SE","addr:housenumber":"2","addr:street":"Lerbovägen","brand":"Willys","brand:wikidata":"Q10720214","brand:wikipedia":"sv:Willys","building":"retail","contact:phone":"+46-8 54481560","name":"Willys","opening_hours":"Mo-Sa 8:00-21:00; Su 10:00-21:00","shop":"supermarket"}},"geometry":{"type":"Point","coordinates":[18.1525153,59.3485327]}},{"type":"Feature","properties":{"id":102982374,"osm_type":"way","name":"Maxi ICA Stormarknad Nacka","category":"grocery","tags":{"brand":"Maxi ICA Stormarknad","brand:wikidata":"Q1663776","brand:wikipedia":"sv:Ica","building":"retail","building:levels":"1","check_date:opening_hours":"2021-06-19","internet_access":"no","name":"Maxi ICA Stormarknad Nacka","opening_hours":"Mo-Su,PH 07:00-23:00","roof:colour":"gray","shop":"supermarket","short_name":"ICA Maxi","website":"https://www.ica.se/butiker/maxi/nacka/maxi-ica-stormarknad-nacka-11005/start/","wheelchair":"yes"}},"geometry":{"type":"Point","coordinates":[18.1715981,59.3115038]}},{"type":"Feature","properties":{"id":104415294,"osm_type":"way","name":"Lidl","category":"grocery","tags":{"addr:country":"SE","addr:housenumber":"3","addr:street":"Havsörnsvägen","brand":"Lidl","brand:wikidata":"Q151954","brand:wikipedia":"en:Lidl","building":"retail","building:levels":"1","name":"Lidl","opening_hours":"Mo-Fr 08:00-21:00; Sa 08:00-19:00; Su 09:00-19:00","payment:cash":"yes","shop":"supermarket","wheelchair":"yes"}},"geometry":{"type":"Point","coordinates":[18.0655086,59.2466188]}},{"type":"Feature","properties":{"id":106575656,"osm_type":"way","name":"Coop Gubbängen","category":"grocery","tags":{"addr:city":"Enskede","addr:country":"SE","addr:housenumber":"104","addr:street":"Lingvägen","brand":"Coop","brand:wikidata":"Q106684510","building":"apartments","check_date:opening_hours":"2025-07-21","internet_access":"yes","name":"Coop Gubbängen","opening_hours":"Mo-Fr 07:00-22:00; Sa,Su 08:00-22:00","payment:cash":"yes","phone":"010-7419080","shop":"supermarket","website":"https://www.coop.se/butiker-erbjudanden/coop/coop-gubbangen/"}},"geometry":{"type":"Point","coordinates":[18.0829249,59.2625068]}},{"type":"Feature","properties":{"id":109805407,"osm_type":"way","name":"Lidl","category":"grocery","tags":{"addr:country":"SE","addr:housenumber":"2","addr:postcode":"129 55","addr:street":"Elisabeth Tamms Gata","brand":"Lidl","brand:wikidata":"Q151954","brand:wikipedia":"en:Lidl","building":"retail","name":"Lidl","opening_hours":"Mo-Fr 08:00-21:00; Sa 08:00-20:00; Su 09:00-20:00","roof:colour":"coral","roof:shape":"gabled","shop":"supermarket","website":"https://www.lidl.se/"}},"geometry":{"type":"Point","coordinates":[17.9544506,59.285627]}},{"type":"Feature","properties":{"id":110998686,"osm_type":"way","name":"Coop Mälarhöjden","category":"grocery","tags":{"addr:city":"Hägersten","addr:country":"SE","addr:housenumber":"331","addr:postcode":"129 41","addr:street":"Hägerstensvägen","brand":"Coop","brand:wikidata":"Q106684510","building":"retail","name":"Coop Mälarhöjden","opening_hours":"Mo-Fr 07:00-21:00; Sa-Su 09:00-21:00","operator":"Coop","phone":"+46 10 741 75 30","shop":"supermarket","website":"https://www.coop.se/butiker-erbjudanden/coop/coop-malarhojden/"}},"geometry":{"type":"Point","coordinates":[17.9573872,59.3013291]}},{"type":"Feature","properties":{"id":116755684,"osm_type":"way","name":"Lidl","category":"grocery","tags":{"addr:city":"Enskede","addr:country":"SE","addr:housenumber":"5","addr:postcode":"122 43","addr:street":"Bussens väg","brand":"Lidl","brand:wikidata":"Q151954","brand:wikipedia":"en:Lidl","building":"yes","name":"Lidl","opening_hours":"Mo-Fr 08:00-21:00; Sa 08:00-20:00; Su 09:00-20:00","shop":"supermarket"}},"geometry":{"type":"Point","coordinates":[18.0510495,59.2850981]}},{"type":"Feature","properties":{"id":127510130,"osm_type":"way","name":"Willy's Hemma","category":"grocery","tags":{"addr:city":"Täby","addr:housenumber":"21","addr:postcode":"18734","brand":"Willys","brand:wikidata":"Q10720214","building":"commercial","building:levels":"1","name":"Willy's Hemma","opening_hours":"Mo-Sa 08:00-21:00; Su 09:00-21:00","phone":"+46 8 473 54 80","roof:levels":"0","shop":"supermarket","source":"Bing","source_ref":"https://www.willys.se/axfood/rest/search/store?q=*&sort=display-name-asc","website":"https://www.willys.se/butik/2826"}},"geometry":{"type":"Point","coordinates":[18.0495693,59.4528433]}},{"type":"Feature","properties":{"id":130312696,"osm_type":"way","name":"Coop Tranebergsvägen","category":"grocery","tags":{"addr:city":"Bromma","addr:country":"SE","addr:housenumber":"126","addr:postcode":"16744","addr:street":"Tranebergsvägen","brand":"Coop","brand:wikidata":"Q106684510","building":"yes","check_date":"2025-12-08","check_date:opening_hours":"2025-12-08","contact:phone":"+46107417090","contact:website":"https://www.coop.se/butiker-erbjudanden/coop/coop-tranebergsvagen","name":"Coop Tranebergsvägen","opening_hours":"Mo-Su 08:00-22:00","shop":"supermarket"}},"geometry":{"type":"Point","coordinates":[17.9694879,59.3354191]}},{"type":"Feature","properties":{"id":131890195,"osm_type":"way","name":"ICA Dragonen","category":"grocery","tags":{"addr:city":"Täby","addr:country":"SE","addr:housenumber":"6","addr:postcode":"187 52","addr:street":"Vallatorpsvägen","brand":"ICA Supermarket","brand:wikidata":"Q1663776","brand:wikipedia":"sv:Ica","building":"commercial","building:levels":"1","name":"ICA Dragonen","opening_hours":"Mo-Su 08:00-22:00","phone":"+46851442400","shop":"supermarket","source":"Bing"}},"geometry":{"type":"Point","coordinates":[18.0444498,59.4658741]}},{"type":"Feature","properties":{"id":141531933,"osm_type":"way","name":"","category":"grocery","tags":{"amenity":"marketplace","area":"yes","highway":"pedestrian","surface":"asphalt"}},"geometry":{"type":"Point","coordinates":[18.1046779,59.3264011]}},{"type":"Feature","properties":{"id":154142548,"osm_type":"way","name":"ICA Supermarket","category":"grocery","tags":{"addr:city":"Tyresö","addr:country":"SE","addr:housenumber":"43,45","addr:street":"Vendelsövägen","brand":"ICA Supermarket","brand:wikidata":"Q1663776","brand:wikipedia":"sv:Ica","building":"yes","name":"ICA Supermarket","note":"address information comes from their web site","opening_hours":"Mo-Su,PH 08:00-21:00","shop":"supermarket","source":"Bing","website":"https://www.ica.se/supermarket/trollbacken"}},"geometry":{"type":"Point","coordinates":[18.2011102,59.2249877]}},{"type":"Feature","properties":{"id":154142556,"osm_type":"way","name":"Hemköp Tyresö Trollbäcken C","category":"grocery","tags":{"addr:city":"Tyresö","addr:street":"Trollbäcken Centrum","brand":"Hemköp","brand:wikidata":"Q10521746","building":"yes","name":"Hemköp Tyresö Trollbäcken C","opening_hours":"Mo-Su 07:00-22:00; PH 07:00-19:00","phone":"08-4487360","shop":"supermarket","website":"https://www.hemkop.se/butik/4175"}},"geometry":{"type":"Point","coordinates":[18.2006809,59.2237216]}},{"type":"Feature","properties":{"id":156466651,"osm_type":"way","name":"ICA Nära Järvastaden","category":"grocery","tags":{"addr:city":"Sundbyberg","addr:country":"SE","addr:housenumber":"1","addr:postcode":"17441","addr:street":"Brogatan","brand":"ICA Nära","brand:wikidata":"Q1663776","brand:wikipedia":"sv:Ica","building":"retail","building:levels":"1","check_date":"2025-12-06","check_date:opening_hours":"2025-12-06","contact:phone":"+4684453940","name":"ICA Nära Järvastaden","opening_hours":"Mo-Su 07:00-22:00","payment:cash":"yes","shop":"convenience","source":"photo","website":"https://www.ica.se/butiker/nara/sundbyberg/ica-nara-jarvastaden-14680/start/","wheelchair":"yes"}},"geometry":{"type":"Point","coordinates":[17.9790769,59.3817723]}},{"type":"Feature","properties":{"id":157753140,"osm_type":"way","name":"Lidl","category":"grocery","tags":{"brand":"Lidl","brand:wikidata":"Q151954","brand:wikipedia":"en:Lidl","building":"yes","name":"Lidl","shop":"supermarket"}},"geometry":{"type":"Point","coordinates":[18.1759338,59.1909768]}},{"type":"Feature","properties":{"id":161775576,"osm_type":"way","name":"ICA Nära Skarpnäck","category":"grocery","tags":{"addr:street":"Skarpnäcks Allé","brand":"ICA Nära","brand:wikidata":"Q1663776","brand:wikipedia":"sv:Ica","building":"supermarket","name":"ICA Nära Skarpnäck","opening_hours":"Mo-Su 07:00-22:00","shop":"supermarket"}},"geometry":{"type":"Point","coordinates":[18.1270149,59.267949]}},{"type":"Feature","properties":{"id":170694996,"osm_type":"way","name":"ICA Supermarket Bromma","category":"grocery","tags":{"addr:city":"Bromma","addr:country":"SE","addr:housenumber":"172","addr:postcode":"16859","addr:street":"Spångavägen","brand":"ICA Supermarket","brand:wikidata":"Q1663776","brand:wikipedia":"sv:Ica","building":"retail","check_date:opening_hours":"2024-10-28","name":"ICA Supermarket Bromma","opening_hours":"Mo-Su 07:00-23:00","shop":"supermarket"}},"geometry":{"type":"Point","coordinates":[17.9114325,59.3566441]}},{"type":"Feature","properties":{"id":173698111,"osm_type":"way","name":"Lidl","category":"grocery","tags":{"addr:country":"SE","addr:housenumber":"106","addr:postcode":"124 65","addr:street":"Rågsvedsvägen","brand":"Lidl","brand:wikidata":"Q151954","brand:wikipedia":"en:Lidl","building":"retail","building:colour":"white","building:levels":"1","check_date:opening_hours":"2024-02-06","name":"Lidl","opening_hours":"Mo-Fr 08:00-21:00; Sa 08:00-20:00; Su 09:00-20:00","phone":"+46 20 1908070","roof:colour":"firebrick","roof:shape":"gabled","shop":"supermarket","website":"https://www.lidl.se/","wheelchair":"yes"}},"geometry":{"type":"Point","coordinates":[18.0153256,59.2578392]}},{"type":"Feature","properties":{"id":196935609,"osm_type":"way","name":"Lidl","category":"grocery","tags":{"addr:city":"Sollentuna","addr:country":"SE","addr:housenumber":"21","addr:postcode":"191 63","addr:street":"Tistelvägen","brand":"Lidl","brand:wikidata":"Q151954","brand:wikipedia":"en:Lidl","building":"retail","name":"Lidl","opening_hours":"Mo-Fr 08:00-20:00; Sa 08:00-19:00; Su 09:00-19:00","shop":"supermarket","website":"http://lidl.se"}},"geometry":{"type":"Point","coordinates":[17.9366545,59.4302677]}},{"type":"Feature","properties":{"id":221720705,"osm_type":"way","name":"Kärrtorps Livs & Tobak","category":"grocery","tags":{"building":"yes","building:levels":"1","check_date":"2024-05-04","name":"Kärrtorps Livs & Tobak","opening_hours":"Mo-Th,Su 10:00-21:00; Fr-Sa 10:00-22:00","shop":"convenience"}},"geometry":{"type":"Point","coordinates":[18.1064814,59.2874293]}},{"type":"Feature","properties":{"id":231374288,"osm_type":"way","name":"ICA Kvantum","category":"grocery","tags":{"addr:city":"Lidingö","addr:country":"SE","addr:housenumber":"3","addr:postcode":"18139","addr:street":"Agavägen","building":"store","building:colour":"grey","contact:phone":"+46 868446600","name":"ICA Kvantum","opening_hours":"07:00-22:00","ref":"13762","roof:colour":"grey","roof:shape":"gabled","shop":"supermarket"}},"geometry":{"type":"Point","coordinates":[18.1468257,59.3494319]}},{"type":"Feature","properties":{"id":255532987,"osm_type":"way","name":"Coop Farmarstigen","category":"grocery","tags":{"addr:city":"Tyresö","addr:country":"SE","addr:housenumber":"1","addr:street":"Kyndelgränd","brand":"Coop","brand:wikidata":"Q106684510","building":"yes","name":"Coop Farmarstigen","opening_hours":"Mo-Fr 07:00-22:00; Sa,Su 08:00-22:00","phone":"010-7417551","shop":"supermarket","website":"https://www.coop.se/butiker-erbjudanden/coop/coop-farmarstigen/"}},"geometry":{"type":"Point","coordinates":[18.2274571,59.2329262]}},{"type":"Feature","properties":{"id":261303915,"osm_type":"way","name":"Stora Coop Sundby Park","category":"grocery","tags":{"addr:city":"Sundbyberg","addr:country":"SE","addr:housenumber":"8","addr:street":"Östra Madenvägen","brand":"Coop","brand:wikidata":"Q106684510","building":"retail","name":"Stora Coop Sundby Park","opening_hours":"Mo-Su 07:00-22:00","phone":"010-7411650","shop":"supermarket","source":"GPS","website":"https://www.coop.se/butiker-erbjudanden/stora-coop/stora-coop-sundby-park/","wheelchair":"yes"}},"geometry":{"type":"Point","coordinates":[17.9653239,59.3788923]}},{"type":"Feature","properties":{"id":273732181,"osm_type":"way","name":"Lidl","category":"grocery","tags":{"addr:city":"Danderyd","addr:country":"SE","addr:housenumber":"1","addr:postcode":"182 78","addr:street":"Stockholmsvägen","brand":"Lidl","brand:wikidata":"Q151954","brand:wikipedia":"en:Lidl","building":"retail","check_date":"2026-03-23","check_date:opening_hours":"2026-03-23","name":"Lidl","opening_hours":"Mo-Fr 08:00-21:00; Sa 08:00-20:00; Su 09:00-20:00","shop":"supermarket","website":"https://www.lidl.se/s/sv-SE/butiker/stocksund/stockholmsvaegen-1/"}},"geometry":{"type":"Point","coordinates":[18.0453837,59.3850155]}},{"type":"Feature","properties":{"id":327862964,"osm_type":"way","name":"Ica Bagarmossen","category":"grocery","tags":{"addr:city":"Bagarmossen","addr:country":"SE","addr:housenumber":"49","addr:postcode":"128 45","addr:street":"Lillåvägen","brand":"ICA Supermarket","brand:wikidata":"Q1663776","brand:wikipedia":"sv:Ica","building":"retail","name":"Ica Bagarmossen","opening_hours":"Mo-Fr 07:00-22:00; Sa,Su,PH 08:00-22:00","shop":"supermarket"}},"geometry":{"type":"Point","coordinates":[18.1335403,59.2775261]}},{"type":"Feature","properties":{"id":332309113,"osm_type":"way","name":"Direkten","category":"grocery","tags":{"brand":"Direkten","brand:wikidata":"Q105693281","building":"retail","contact:phone":"+468376571","contact:website":"https://direkten.se","name":"Direkten","opening_hours":"Mo-Fr 06:00-21:00; Sa, Su 10:00-21:00","shop":"convenience"}},"geometry":{"type":"Point","coordinates":[17.9491606,59.4291667]}},{"type":"Feature","properties":{"id":660508561,"osm_type":"way","name":"Hemköp Djurgårdsstaden","category":"grocery","tags":{"brand":"Hemköp","brand:wikidata":"Q10521746","brand:wikipedia":"sv:Hemköp","building":"supermarket","check_date":"2025-11-11","name":"Hemköp Djurgårdsstaden","opening_hours":"Mo-Fr 07:00-22:00; Sa,Su 08:00-22:00","shop":"supermarket","source":"Bing","wheelchair":"limited"}},"geometry":{"type":"Point","coordinates":[18.0901196,59.3525263]}},{"type":"Feature","properties":{"id":689720633,"osm_type":"way","name":"ICA Nära Riksten","category":"grocery","tags":{"brand":"ICA Nära","brand:wikidata":"Q1663776","brand:wikipedia":"sv:Ica","building":"retail","check_date:opening_hours":"2022-04-08","name":"ICA Nära Riksten","opening_hours":"Mo-Fr 07:00-22:00; Sa-Su 08:00-22:00","shop":"supermarket"}},"geometry":{"type":"Point","coordinates":[17.9171939,59.1884153]}},{"type":"Feature","properties":{"id":742272074,"osm_type":"way","name":"Lidl","category":"grocery","tags":{"addr:city":"Sollentuna","addr:country":"SE","addr:housenumber":"29","addr:postcode":"19273","addr:street":"Djupdalsvägen","brand":"Lidl","brand:wikidata":"Q151954","brand:wikipedia":"en:Lidl","building":"retail","check_date":"2026-03-26","contact:website":"https://www.lidl.se/s/sv-SE/butiker/sollentuna/djupdalsvaegen-29/","internet_access":"no","name":"Lidl","opening_hours":"Mo-Fr 08:00-21:00; Sa 08:00-20:00; Su 09:00-20:00","payment:cash":"yes","payment:credit_cards":"yes","payment:debit_cards":"yes","shop":"supermarket","wheelchair":"yes"}},"geometry":{"type":"Point","coordinates":[17.954723,59.4452267]}},{"type":"Feature","properties":{"id":754371092,"osm_type":"way","name":"Hötorget","category":"grocery","tags":{"amenity":"marketplace","check_date":"2024-08-05","check_date:opening_hours":"2024-08-05","name":"Hötorget","opening_hours":"Mo-Fr 07:30-19:00; Sa,Su 07:30-17:00","wheelchair":"yes"}},"geometry":{"type":"Point","coordinates":[18.0621726,59.3347815]}},{"type":"Feature","properties":{"id":760073438,"osm_type":"way","name":"Odenplan","category":"grocery","tags":{"amenity":"marketplace","check_date":"2020-01-02","check_date:opening_hours":"2023-12-11","name":"Odenplan","opening_hours:signed":"no","payment:cash":"yes","wheelchair":"limited"}},"geometry":{"type":"Point","coordinates":[18.048988,59.3426964]}},{"type":"Feature","properties":{"id":760073439,"osm_type":"way","name":"Spelbomskans Torg","category":"grocery","tags":{"amenity":"marketplace","check_date":"2025-04-26","check_date:opening_hours":"2025-04-26","name":"Spelbomskans Torg","opening_hours:signed":"no","payment:cash":"yes","wheelchair":"no"}},"geometry":{"type":"Point","coordinates":[18.0537843,59.3433473]}},{"type":"Feature","properties":{"id":819993806,"osm_type":"way","name":"Willys","category":"grocery","tags":{"addr:city":"Sköndal","addr:country":"SE","addr:housenumber":"7","addr:postcode":"128 69","addr:street":"Sköndalsvägen","brand":"Willys","brand:wikidata":"Q10720214","brand:wikipedia":"sv:Willys","building":"yes","name":"Willys","opening_hours":"Mo-Su 07:00-21:00","shop":"supermarket","website":"https://www.willys.se/butik/skondal/willys-stockholm-2295"}},"geometry":{"type":"Point","coordinates":[18.1063781,59.2603883]}},{"type":"Feature","properties":{"id":960214998,"osm_type":"way","name":"Willys","category":"grocery","tags":{"addr:city":"Tyresö","addr:country":"SE","addr:housenumber":"1","addr:postcode":"13539","addr:street":"Bollmora gårdsväg","brand":"Willys","brand:wikidata":"Q10720214","brand:wikipedia":"sv:Willys","building":"retail","check_date":"2025-04-17","name":"Willys","opening_hours":"Mo-Su 08:00-21:00","shop":"supermarket"}},"geometry":{"type":"Point","coordinates":[18.2155869,59.2482146]}},{"type":"Feature","properties":{"id":1196379716,"osm_type":"way","name":"Cubegreens","category":"grocery","tags":{"building":"yes","email":"info@cubegreens.se","name":"Cubegreens","opening_hours":"Mo-Fr 10:00-19:00; Sa 11:00-18:00; Su 12:00-17:00","shop":"greengrocer","website":"https://cubegreens.se/"}},"geometry":{"type":"Point","coordinates":[18.0730271,59.3124049]}},{"type":"Feature","properties":{"id":1311862210,"osm_type":"way","name":"Direkten","category":"grocery","tags":{"brand":"Direkten","brand:wikidata":"Q105693281","indoor":"room","level":"0","name":"Direkten","shop":"convenience"}},"geometry":{"type":"Point","coordinates":[17.9440698,59.4024951]}},{"type":"Feature","properties":{"id":1311862220,"osm_type":"way","name":"Shami House","category":"grocery","tags":{"contact:facebook":"Shamihouse.kista","indoor":"room","level":"0","name":"Shami House","opening_hours":"Mo-Su 09:00-21:00","shop":"convenience"}},"geometry":{"type":"Point","coordinates":[17.9437771,59.4023046]}},{"type":"Feature","properties":{"id":1311862239,"osm_type":"way","name":"Lidl","category":"grocery","tags":{"addr:city":"Kista","addr:country":"SE","addr:housenumber":"55F","addr:street":"Danmarksgatan","brand":"Lidl","brand:wikidata":"Q151954","brand:wikipedia":"en:Lidl","indoor":"room","level":"0","name":"Lidl","opening_hours":"Mo-Fr 08:00-21:00; Sa, Su 09:00-21:00","payment:american_express":"yes","payment:contactless":"yes","payment:credit_cards":"yes","payment:debit_cards":"yes","payment:mastercard":"yes","payment:visa":"yes","shop":"supermarket","website":"https://www.lidl.se"}},"geometry":{"type":"Point","coordinates":[17.9467324,59.4023915]}},{"type":"Feature","properties":{"id":1311862240,"osm_type":"way","name":"ICA Kvantum Kista Galleria","category":"grocery","tags":{"addr:city":"Kista","addr:country":"SE","addr:housenumber":"55","addr:street":"Hanstavägen","brand":"ICA Kvantum","brand:wikidata":"Q1663776","brand:wikipedia":"sv:Ica","check_date:opening_hours":"2026-01-14","indoor":"room","layer":"-1","level":"0","name":"ICA Kvantum Kista Galleria","opening_hours":"Mo-Su 07:00-22:00","payment:american_express":"yes","payment:contactless":"yes","payment:credit_cards":"yes","payment:debit_cards":"yes","payment:mastercard":"yes","payment:visa":"yes","phone":"+46 08 122 00 500","shop":"supermarket","website":"https://www.ica.se/butiker/kvantum/stockholm/ica-kvantum-kista-16718/erbjudanden/","wheelchair":"yes"}},"geometry":{"type":"Point","coordinates":[17.9462957,59.402207]}}]}